panel,config_id,molecule_id,method,esp_nrmse,esp_rmse_mEh_per_e,dipole_mse_D2
1,prospective__pros_azaaryl_sulfoxide__cluster_3water__compressed,pros_azaaryl_sulfoxide,published_glider,0.31991524218204664,0.6735557489162735,0.0008682108075543175
1,prospective__pros_azaaryl_sulfoxide__cluster_3water__compressed,pros_azaaryl_sulfoxide,matched_full,0.31991524218204664,0.6735557489162735,0.0008682108075543175
1,prospective__pros_azaaryl_sulfoxide__cluster_3water__compressed,pros_azaaryl_sulfoxide,without_global,0.3779102756688495,0.7956596160130442,0.010884709441298006
1,prospective__pros_azaaryl_sulfoxide__cluster_3water__cooperative,pros_azaaryl_sulfoxide,published_glider,0.2618382227413819,0.5799443013805082,0.001486463702122998
1,prospective__pros_azaaryl_sulfoxide__cluster_3water__cooperative,pros_azaaryl_sulfoxide,matched_full,0.2618382227413819,0.5799443013805082,0.001486463702122998
1,prospective__pros_azaaryl_sulfoxide__cluster_3water__cooperative,pros_azaaryl_sulfoxide,without_global,0.34791172731314696,0.7705881193594754,0.02307829444285189
1,prospective__pros_azaaryl_sulfoxide__cluster_3water__equilibrium,pros_azaaryl_sulfoxide,published_glider,0.34385200356875206,0.985470202260487,0.0009245562903566996
1,prospective__pros_azaaryl_sulfoxide__cluster_3water__equilibrium,pros_azaaryl_sulfoxide,matched_full,0.34385200356875206,0.985470202260487,0.0009245562903566996
1,prospective__pros_azaaryl_sulfoxide__cluster_3water__equilibrium,pros_azaaryl_sulfoxide,without_global,0.36967379229927216,1.0594747248425556,0.010471047451172931
1,prospective__pros_azaaryl_sulfoxide__cluster_3water__orientation,pros_azaaryl_sulfoxide,published_glider,0.33684976150844764,1.052863119830052,0.005055635840283689
1,prospective__pros_azaaryl_sulfoxide__cluster_3water__orientation,pros_azaaryl_sulfoxide,matched_full,0.33684976150844764,1.052863119830052,0.005055635840283689
1,prospective__pros_azaaryl_sulfoxide__cluster_3water__orientation,pros_azaaryl_sulfoxide,without_global,0.390287360052816,1.21988855119061,0.038484249515269596
1,prospective__pros_cyano_cyclic_acetal__cluster_3water__compressed,pros_cyano_cyclic_acetal,published_glider,0.5543578090722845,1.7828694424816873,0.005296049731528386
1,prospective__pros_cyano_cyclic_acetal__cluster_3water__compressed,pros_cyano_cyclic_acetal,matched_full,0.5543578090722845,1.7828694424816873,0.005296049731528386
1,prospective__pros_cyano_cyclic_acetal__cluster_3water__compressed,pros_cyano_cyclic_acetal,without_global,0.6612719348713485,2.1267158260580024,0.03964282731217523
1,prospective__pros_cyano_cyclic_acetal__cluster_3water__cooperative,pros_cyano_cyclic_acetal,published_glider,0.2490730667009128,0.48461389827482154,0.004311509848877639
1,prospective__pros_cyano_cyclic_acetal__cluster_3water__cooperative,pros_cyano_cyclic_acetal,matched_full,0.2490730667009128,0.48461389827482154,0.004311509848877639
1,prospective__pros_cyano_cyclic_acetal__cluster_3water__cooperative,pros_cyano_cyclic_acetal,without_global,0.24157968907522775,0.47003426110036484,0.000555277601572074
1,prospective__pros_cyano_cyclic_acetal__cluster_3water__equilibrium,pros_cyano_cyclic_acetal,published_glider,0.2739202070696427,1.1720212633603524,0.005507843231411955
1,prospective__pros_cyano_cyclic_acetal__cluster_3water__equilibrium,pros_cyano_cyclic_acetal,matched_full,0.2739202070696427,1.1720212633603524,0.005507843231411955
1,prospective__pros_cyano_cyclic_acetal__cluster_3water__equilibrium,pros_cyano_cyclic_acetal,without_global,0.2676974336382947,1.1453959082737908,0.016070410491251047
1,prospective__pros_cyano_cyclic_acetal__cluster_3water__orientation,pros_cyano_cyclic_acetal,published_glider,0.5226589936860696,1.8097815491568185,0.098905576158948
1,prospective__pros_cyano_cyclic_acetal__cluster_3water__orientation,pros_cyano_cyclic_acetal,matched_full,0.5226589936860696,1.8097815491568185,0.098905576158948
1,prospective__pros_cyano_cyclic_acetal__cluster_3water__orientation,pros_cyano_cyclic_acetal,without_global,0.5289696478037678,1.8316330919854882,0.08250243061931692
1,prospective__pros_halogen_oxazinanone__cluster_3water__compressed,pros_halogen_oxazinanone,published_glider,0.14555037107347193,0.4885703173385001,0.002991344197248079
1,prospective__pros_halogen_oxazinanone__cluster_3water__compressed,pros_halogen_oxazinanone,matched_full,0.14555037107347193,0.4885703173385001,0.002991344197248079
1,prospective__pros_halogen_oxazinanone__cluster_3water__compressed,pros_halogen_oxazinanone,without_global,0.1762003165202484,0.5914532812423178,0.0012616735691148545
1,prospective__pros_halogen_oxazinanone__cluster_3water__cooperative,pros_halogen_oxazinanone,published_glider,0.1355411105398666,0.3331308461585443,0.000622659458101407
1,prospective__pros_halogen_oxazinanone__cluster_3water__cooperative,pros_halogen_oxazinanone,matched_full,0.1355411105398666,0.3331308461585443,0.000622659458101407
1,prospective__pros_halogen_oxazinanone__cluster_3water__cooperative,pros_halogen_oxazinanone,without_global,0.22702063917476942,0.5579678174578646,0.0012062971483006615
1,prospective__pros_halogen_oxazinanone__cluster_3water__equilibrium,pros_halogen_oxazinanone,published_glider,0.2754131019946909,1.3570188674627353,0.023063445839399926
1,prospective__pros_halogen_oxazinanone__cluster_3water__equilibrium,pros_halogen_oxazinanone,matched_full,0.2754131019946909,1.3570188674627353,0.023063445839399926
1,prospective__pros_halogen_oxazinanone__cluster_3water__equilibrium,pros_halogen_oxazinanone,without_global,0.3256686381954976,1.6046385715546116,0.0399041465974382
1,prospective__pros_halogen_oxazinanone__cluster_3water__orientation,pros_halogen_oxazinanone,published_glider,0.423993851175289,1.9357138236083014,0.051339920005783725
1,prospective__pros_halogen_oxazinanone__cluster_3water__orientation,pros_halogen_oxazinanone,matched_full,0.423993851175289,1.9357138236083014,0.051339920005783725
1,prospective__pros_halogen_oxazinanone__cluster_3water__orientation,pros_halogen_oxazinanone,without_global,0.37811393624623685,1.7262523295136079,0.027094100816422825
1,prospective__pros_heteroaryl_amide__cluster_3water__compressed,pros_heteroaryl_amide,published_glider,0.18057108627270957,0.9223839445790409,0.001400451825839997
1,prospective__pros_heteroaryl_amide__cluster_3water__compressed,pros_heteroaryl_amide,matched_full,0.18057108627270957,0.9223839445790409,0.001400451825839997
1,prospective__pros_heteroaryl_amide__cluster_3water__compressed,pros_heteroaryl_amide,without_global,0.17115753938304176,0.8742981480553488,0.0027810179790886784
1,prospective__pros_heteroaryl_amide__cluster_3water__cooperative,pros_heteroaryl_amide,published_glider,0.22068778808299863,0.49602289951344186,0.0007877011776033547
1,prospective__pros_heteroaryl_amide__cluster_3water__cooperative,pros_heteroaryl_amide,matched_full,0.22068778808299863,0.49602289951344186,0.0007877011776033547
1,prospective__pros_heteroaryl_amide__cluster_3water__cooperative,pros_heteroaryl_amide,without_global,0.24719232231037436,0.5555950943861901,0.0006926745165948379
1,prospective__pros_heteroaryl_amide__cluster_3water__equilibrium,pros_heteroaryl_amide,published_glider,0.35674833864802846,0.8065105496332742,0.0027811275118728566
1,prospective__pros_heteroaryl_amide__cluster_3water__equilibrium,pros_heteroaryl_amide,matched_full,0.35674833864802846,0.8065105496332742,0.0027811275118728566
1,prospective__pros_heteroaryl_amide__cluster_3water__equilibrium,pros_heteroaryl_amide,without_global,0.3350310290429657,0.7574136445922787,0.000486011310788119
1,prospective__pros_heteroaryl_amide__cluster_3water__orientation,pros_heteroaryl_amide,published_glider,0.6602372723271307,1.026771069429684,0.01014435593663421
1,prospective__pros_heteroaryl_amide__cluster_3water__orientation,pros_heteroaryl_amide,matched_full,0.6602372723271307,1.026771069429684,0.01014435593663421
1,prospective__pros_heteroaryl_amide__cluster_3water__orientation,pros_heteroaryl_amide,without_global,0.5767780925141273,0.896979137192537,0.0047939588551603
1,prospective__pros_isoxazole_thioether__cluster_3water__compressed,pros_isoxazole_thioether,published_glider,0.3123275279521251,1.451412669515633,0.013109433005916188
1,prospective__pros_isoxazole_thioether__cluster_3water__compressed,pros_isoxazole_thioether,matched_full,0.3123275279521251,1.451412669515633,0.013109433005916188
1,prospective__pros_isoxazole_thioether__cluster_3water__compressed,pros_isoxazole_thioether,without_global,0.2814297270226134,1.3078279524613639,0.03939803773727173
1,prospective__pros_isoxazole_thioether__cluster_3water__cooperative,pros_isoxazole_thioether,published_glider,0.35954479968833514,0.835759692128168,0.004617200176447257
1,prospective__pros_isoxazole_thioether__cluster_3water__cooperative,pros_isoxazole_thioether,matched_full,0.35954479968833514,0.835759692128168,0.004617200176447257
1,prospective__pros_isoxazole_thioether__cluster_3water__cooperative,pros_isoxazole_thioether,without_global,0.2824652620714741,0.6565887774496897,0.002510375803195558
1,prospective__pros_isoxazole_thioether__cluster_3water__equilibrium,pros_isoxazole_thioether,published_glider,0.3179381340761594,1.0749339205153474,0.0194097907359135
1,prospective__pros_isoxazole_thioether__cluster_3water__equilibrium,pros_isoxazole_thioether,matched_full,0.3179381340761594,1.0749339205153474,0.0194097907359135
1,prospective__pros_isoxazole_thioether__cluster_3water__equilibrium,pros_isoxazole_thioether,without_global,0.27986095807362177,0.9461967742101605,0.011050423157354163
1,prospective__pros_isoxazole_thioether__cluster_3water__orientation,pros_isoxazole_thioether,published_glider,0.4494348942955567,1.116354388400024,0.004792525791709352
1,prospective__pros_isoxazole_thioether__cluster_3water__orientation,pros_isoxazole_thioether,matched_full,0.4494348942955567,1.116354388400024,0.004792525791709352
1,prospective__pros_isoxazole_thioether__cluster_3water__orientation,pros_isoxazole_thioether,without_global,0.44105561388874487,1.0955410368500949,0.0086444184350733
1,prospective__pros_polyfunctional_oxane__cluster_3water__compressed,pros_polyfunctional_oxane,published_glider,0.22065712982517488,0.5876475580268516,0.0015743626535473934
1,prospective__pros_polyfunctional_oxane__cluster_3water__compressed,pros_polyfunctional_oxane,matched_full,0.22065712982517488,0.5876475580268516,0.0015743626535473934
1,prospective__pros_polyfunctional_oxane__cluster_3water__compressed,pros_polyfunctional_oxane,without_global,0.22614392296692945,0.6022598236432184,0.0026711022406403066
1,prospective__pros_polyfunctional_oxane__cluster_3water__cooperative,pros_polyfunctional_oxane,published_glider,0.14590761010191872,0.4071671588009774,0.0006125118891492301
1,prospective__pros_polyfunctional_oxane__cluster_3water__cooperative,pros_polyfunctional_oxane,matched_full,0.14590761010191872,0.4071671588009774,0.0006125118891492301
1,prospective__pros_polyfunctional_oxane__cluster_3water__cooperative,pros_polyfunctional_oxane,without_global,0.15821177490195656,0.4415029403243054,0.0038526181459893217
1,prospective__pros_polyfunctional_oxane__cluster_3water__equilibrium,pros_polyfunctional_oxane,published_glider,0.3065461931629517,0.8456519844313334,0.018163886182603468
1,prospective__pros_polyfunctional_oxane__cluster_3water__equilibrium,pros_polyfunctional_oxane,matched_full,0.3065461931629517,0.8456519844313334,0.018163886182603468
1,prospective__pros_polyfunctional_oxane__cluster_3water__equilibrium,pros_polyfunctional_oxane,without_global,0.22460801401298705,0.6196136732590123,0.0040757097711046734
1,prospective__pros_polyfunctional_oxane__cluster_3water__orientation,pros_polyfunctional_oxane,published_glider,0.2796417040799072,0.6964751956240909,0.003716848034943524
1,prospective__pros_polyfunctional_oxane__cluster_3water__orientation,pros_polyfunctional_oxane,matched_full,0.2796417040799072,0.6964751956240909,0.003716848034943524
1,prospective__pros_polyfunctional_oxane__cluster_3water__orientation,pros_polyfunctional_oxane,without_global,0.3179465390731904,0.7918771584074108,0.004762702479382129
1,prospective__pros_sulfonyl_piperidinol__cluster_3water__compressed,pros_sulfonyl_piperidinol,published_glider,0.2573126188001643,0.8370244475997927,0.005590497464401406
1,prospective__pros_sulfonyl_piperidinol__cluster_3water__compressed,pros_sulfonyl_piperidinol,matched_full,0.2573126188001643,0.8370244475997927,0.005590497464401406
1,prospective__pros_sulfonyl_piperidinol__cluster_3water__compressed,pros_sulfonyl_piperidinol,without_global,0.23516893359871363,0.7649922015327524,0.009263786644248111
1,prospective__pros_sulfonyl_piperidinol__cluster_3water__cooperative,pros_sulfonyl_piperidinol,published_glider,0.2908672201766705,0.6896595411599497,0.002737771129570133
1,prospective__pros_sulfonyl_piperidinol__cluster_3water__cooperative,pros_sulfonyl_piperidinol,matched_full,0.2908672201766705,0.6896595411599497,0.002737771129570133
1,prospective__pros_sulfonyl_piperidinol__cluster_3water__cooperative,pros_sulfonyl_piperidinol,without_global,0.2585391280750495,0.6130081496699133,0.0016780095986318258
1,prospective__pros_sulfonyl_piperidinol__cluster_3water__equilibrium,pros_sulfonyl_piperidinol,published_glider,0.24647419910219298,0.9948417327885395,0.007623316986666981
1,prospective__pros_sulfonyl_piperidinol__cluster_3water__equilibrium,pros_sulfonyl_piperidinol,matched_full,0.24647419910219298,0.9948417327885395,0.007623316986666981
1,prospective__pros_sulfonyl_piperidinol__cluster_3water__equilibrium,pros_sulfonyl_piperidinol,without_global,0.2511130997613019,1.013565688426705,0.008397525960595209
1,prospective__pros_sulfonyl_piperidinol__cluster_3water__orientation,pros_sulfonyl_piperidinol,published_glider,0.5050122586192379,1.2401887339276276,0.015114371102695388
1,prospective__pros_sulfonyl_piperidinol__cluster_3water__orientation,pros_sulfonyl_piperidinol,matched_full,0.5050122586192379,1.2401887339276276,0.015114371102695388
1,prospective__pros_sulfonyl_piperidinol__cluster_3water__orientation,pros_sulfonyl_piperidinol,without_global,0.44710116488177126,1.0979730058995616,0.007213060200777757
1,prospective__prospective_diverse_01__cluster_3water__compressed,prospective_diverse_01,published_glider,0.25451232749775426,0.6402755431976204,0.00011215991345631816
1,prospective__prospective_diverse_01__cluster_3water__compressed,prospective_diverse_01,matched_full,0.25451232749775426,0.6402755431976204,0.00011215991345631816
1,prospective__prospective_diverse_01__cluster_3water__compressed,prospective_diverse_01,without_global,0.30460620334275257,0.7662964863985484,0.003738513262648197
1,prospective__prospective_diverse_01__cluster_3water__cooperative,prospective_diverse_01,published_glider,0.32487879840077133,0.6319912359081002,0.0012908509778362164
1,prospective__prospective_diverse_01__cluster_3water__cooperative,prospective_diverse_01,matched_full,0.32487879840077133,0.6319912359081002,0.0012908509778362164
1,prospective__prospective_diverse_01__cluster_3water__cooperative,prospective_diverse_01,without_global,0.25590779887905535,0.49782099320800655,0.0008883106820672804
1,prospective__prospective_diverse_01__cluster_3water__equilibrium,prospective_diverse_01,published_glider,0.18843910515962667,0.7561877153065388,0.002662017975305959
1,prospective__prospective_diverse_01__cluster_3water__equilibrium,prospective_diverse_01,matched_full,0.18843910515962667,0.7561877153065388,0.002662017975305959
1,prospective__prospective_diverse_01__cluster_3water__equilibrium,prospective_diverse_01,without_global,0.17382460128067484,0.6975411393253931,0.005191962344562417
1,prospective__prospective_diverse_01__cluster_3water__orientation,prospective_diverse_01,published_glider,0.2792635651885941,0.8778382847378579,0.0012308252250912562
1,prospective__prospective_diverse_01__cluster_3water__orientation,prospective_diverse_01,matched_full,0.2792635651885941,0.8778382847378579,0.0012308252250912562
1,prospective__prospective_diverse_01__cluster_3water__orientation,prospective_diverse_01,without_global,0.3567007740874263,1.1212547382545606,0.01544037942092043
1,prospective__prospective_diverse_02__cluster_3water__compressed,prospective_diverse_02,published_glider,0.28385396529905366,1.2803216929399674,0.005477837076698067
1,prospective__prospective_diverse_02__cluster_3water__compressed,prospective_diverse_02,matched_full,0.28385396529905366,1.2803216929399674,0.005477837076698067
1,prospective__prospective_diverse_02__cluster_3water__compressed,prospective_diverse_02,without_global,0.27882685006112745,1.2576469183063101,0.015203571692390663
1,prospective__prospective_diverse_02__cluster_3water__cooperative,prospective_diverse_02,published_glider,0.9035953167002326,4.382601519757853,0.1575739225552352
1,prospective__prospective_diverse_02__cluster_3water__cooperative,prospective_diverse_02,matched_full,0.9035953167002326,4.382601519757853,0.1575739225552352
1,prospective__prospective_diverse_02__cluster_3water__cooperative,prospective_diverse_02,without_global,0.9358912105558428,4.539242474926162,0.24810520510324405
1,prospective__prospective_diverse_02__cluster_3water__equilibrium,prospective_diverse_02,published_glider,0.7578740691223992,6.491112484220738,0.5706801081951824
1,prospective__prospective_diverse_02__cluster_3water__equilibrium,prospective_diverse_02,matched_full,0.7578740691223992,6.491112484220738,0.5706801081951824
1,prospective__prospective_diverse_02__cluster_3water__equilibrium,prospective_diverse_02,without_global,0.7519462969324516,6.4403417326757735,0.6544867480752432
1,prospective__prospective_diverse_02__cluster_3water__orientation,prospective_diverse_02,published_glider,1.0314708238456807,6.711242899240616,0.6420550881568023
1,prospective__prospective_diverse_02__cluster_3water__orientation,prospective_diverse_02,matched_full,1.0314708238456807,6.711242899240616,0.6420550881568023
1,prospective__prospective_diverse_02__cluster_3water__orientation,prospective_diverse_02,without_global,1.0477036686982872,6.816861557793996,0.8910084995886548
1,prospective__prospective_diverse_03__cluster_3water__compressed,prospective_diverse_03,published_glider,0.17303487543703833,0.4472016731708907,0.0003755335192783197
1,prospective__prospective_diverse_03__cluster_3water__compressed,prospective_diverse_03,matched_full,0.17303487543703833,0.4472016731708907,0.0003755335192783197
1,prospective__prospective_diverse_03__cluster_3water__compressed,prospective_diverse_03,without_global,0.17565463843823237,0.4539723452361962,0.00034346781756886555
1,prospective__prospective_diverse_03__cluster_3water__cooperative,prospective_diverse_03,published_glider,0.12829490502378618,0.4373143845918544,0.0005601566646403169
1,prospective__prospective_diverse_03__cluster_3water__cooperative,prospective_diverse_03,matched_full,0.12829490502378618,0.4373143845918544,0.0005601566646403169
1,prospective__prospective_diverse_03__cluster_3water__cooperative,prospective_diverse_03,without_global,0.15786461760604595,0.5381076363431337,0.0004803404190477898
1,prospective__prospective_diverse_03__cluster_3water__equilibrium,prospective_diverse_03,published_glider,0.23654278130484632,0.46521759171731875,0.0014017124054131814
1,prospective__prospective_diverse_03__cluster_3water__equilibrium,prospective_diverse_03,matched_full,0.23654278130484632,0.46521759171731875,0.0014017124054131814
1,prospective__prospective_diverse_03__cluster_3water__equilibrium,prospective_diverse_03,without_global,0.19209009687495743,0.3777908240021326,0.00046557700543168966
1,prospective__prospective_diverse_03__cluster_3water__orientation,prospective_diverse_03,published_glider,0.3345598424260277,0.5543550336203702,0.0007168438712932884
1,prospective__prospective_diverse_03__cluster_3water__orientation,prospective_diverse_03,matched_full,0.3345598424260277,0.5543550336203702,0.0007168438712932884
1,prospective__prospective_diverse_03__cluster_3water__orientation,prospective_diverse_03,without_global,0.4115201773637907,0.6818758644304564,0.0012869945130562213
1,prospective__prospective_diverse_04__cluster_3water__compressed,prospective_diverse_04,published_glider,0.18233142491757823,0.5171737382680207,0.0010218523671996678
1,prospective__prospective_diverse_04__cluster_3water__compressed,prospective_diverse_04,matched_full,0.18233142491757823,0.5171737382680207,0.0010218523671996678
1,prospective__prospective_diverse_04__cluster_3water__compressed,prospective_diverse_04,without_global,0.18232090214690308,0.517143890968525,0.0027313615915219042
1,prospective__prospective_diverse_04__cluster_3water__cooperative,prospective_diverse_04,published_glider,0.19766026422593302,0.522458864711319,0.0016418515706600626
1,prospective__prospective_diverse_04__cluster_3water__cooperative,prospective_diverse_04,matched_full,0.19766026422593302,0.522458864711319,0.0016418515706600626
1,prospective__prospective_diverse_04__cluster_3water__cooperative,prospective_diverse_04,without_global,0.19739541058558616,0.5217587992085626,0.0023739100674280557
1,prospective__prospective_diverse_04__cluster_3water__equilibrium,prospective_diverse_04,published_glider,0.2793754654685522,1.0904774756702742,0.004884758533930209
1,prospective__prospective_diverse_04__cluster_3water__equilibrium,prospective_diverse_04,matched_full,0.2793754654685522,1.0904774756702742,0.004884758533930209
1,prospective__prospective_diverse_04__cluster_3water__equilibrium,prospective_diverse_04,without_global,0.31904672148147295,1.245325042692972,0.0016212502946216713
1,prospective__prospective_diverse_04__cluster_3water__orientation,prospective_diverse_04,published_glider,0.2976401385052485,1.375333797422621,0.008037696086142314
1,prospective__prospective_diverse_04__cluster_3water__orientation,prospective_diverse_04,matched_full,0.2976401385052485,1.375333797422621,0.008037696086142314
1,prospective__prospective_diverse_04__cluster_3water__orientation,prospective_diverse_04,without_global,0.3087957386311092,1.4268815287221672,0.005718402568330565
1,prospective__prospective_diverse_05__cluster_3water__compressed,prospective_diverse_05,published_glider,0.14852648595014636,0.40192016160957633,8.504768845520338e-05
1,prospective__prospective_diverse_05__cluster_3water__compressed,prospective_diverse_05,matched_full,0.14852648595014636,0.40192016160957633,8.504768845520338e-05
1,prospective__prospective_diverse_05__cluster_3water__compressed,prospective_diverse_05,without_global,0.14657439623201002,0.39663770838266094,0.00039084230499050846
1,prospective__prospective_diverse_05__cluster_3water__cooperative,prospective_diverse_05,published_glider,0.13911455417171634,0.35642784144914585,0.00017474413693884558
1,prospective__prospective_diverse_05__cluster_3water__cooperative,prospective_diverse_05,matched_full,0.13911455417171634,0.35642784144914585,0.00017474413693884558
1,prospective__prospective_diverse_05__cluster_3water__cooperative,prospective_diverse_05,without_global,0.14192241887604518,0.3636219209011767,0.00021598544132741518
1,prospective__prospective_diverse_05__cluster_3water__equilibrium,prospective_diverse_05,published_glider,0.19030479412253418,1.1089539469358227,0.005303823737060648
1,prospective__prospective_diverse_05__cluster_3water__equilibrium,prospective_diverse_05,matched_full,0.19030479412253418,1.1089539469358227,0.005303823737060648
1,prospective__prospective_diverse_05__cluster_3water__equilibrium,prospective_diverse_05,without_global,0.22722928222049085,1.3241222352788289,0.0052932913484333875
1,prospective__prospective_diverse_05__cluster_3water__orientation,prospective_diverse_05,published_glider,0.16253356164153182,1.0663439008983524,0.0035075331273322894
1,prospective__prospective_diverse_05__cluster_3water__orientation,prospective_diverse_05,matched_full,0.16253356164153182,1.0663439008983524,0.0035075331273322894
1,prospective__prospective_diverse_05__cluster_3water__orientation,prospective_diverse_05,without_global,0.19215394121204715,1.2606761408265903,0.0011622097183245919
2,nextgen_prospective__nextgen_prospective_001__cluster_3water__compressed,nextgen_prospective_001,published_glider,0.519302405187538,1.8518127616214455,0.019266402985364795
2,nextgen_prospective__nextgen_prospective_001__cluster_3water__compressed,nextgen_prospective_001,matched_full,0.519302405187538,1.8518127616214455,0.019266402985364795
2,nextgen_prospective__nextgen_prospective_001__cluster_3water__compressed,nextgen_prospective_001,without_global,0.5857993106231897,2.0889382146599385,0.025709547067041743
2,nextgen_prospective__nextgen_prospective_001__cluster_3water__cooperative,nextgen_prospective_001,published_glider,0.16932738005225254,0.5452191493453357,0.0015008495898645266
2,nextgen_prospective__nextgen_prospective_001__cluster_3water__cooperative,nextgen_prospective_001,matched_full,0.16932738005225254,0.5452191493453357,0.0015008495898645266
2,nextgen_prospective__nextgen_prospective_001__cluster_3water__cooperative,nextgen_prospective_001,without_global,0.1768674688655445,0.5694975667371521,0.0013386991323986826
2,nextgen_prospective__nextgen_prospective_001__cluster_3water__equilibrium,nextgen_prospective_001,published_glider,0.32219409228805745,1.254829703409571,0.0012099174872666875
2,nextgen_prospective__nextgen_prospective_001__cluster_3water__equilibrium,nextgen_prospective_001,matched_full,0.32219409228805745,1.254829703409571,0.0012099174872666875
2,nextgen_prospective__nextgen_prospective_001__cluster_3water__equilibrium,nextgen_prospective_001,without_global,0.40405571478001434,1.5736511775797728,0.0036821074145432452
2,nextgen_prospective__nextgen_prospective_001__cluster_3water__orientation,nextgen_prospective_001,published_glider,0.5739096544592308,1.258630800527499,0.01926464330509294
2,nextgen_prospective__nextgen_prospective_001__cluster_3water__orientation,nextgen_prospective_001,matched_full,0.5739096544592308,1.258630800527499,0.01926464330509294
2,nextgen_prospective__nextgen_prospective_001__cluster_3water__orientation,nextgen_prospective_001,without_global,0.6221474518517683,1.3644202345893122,0.015297198243380161
2,nextgen_prospective__nextgen_prospective_002__cluster_3water__compressed,nextgen_prospective_002,published_glider,0.1973569888293573,0.6338488717849804,0.0021463006487376277
2,nextgen_prospective__nextgen_prospective_002__cluster_3water__compressed,nextgen_prospective_002,matched_full,0.1973569888293573,0.6338488717849804,0.0021463006487376277
2,nextgen_prospective__nextgen_prospective_002__cluster_3water__compressed,nextgen_prospective_002,without_global,0.2595622079629111,0.8336325642744932,0.006547086123493762
2,nextgen_prospective__nextgen_prospective_002__cluster_3water__cooperative,nextgen_prospective_002,published_glider,0.17650355642152768,0.4972159302255155,0.0011329266953078912
2,nextgen_prospective__nextgen_prospective_002__cluster_3water__cooperative,nextgen_prospective_002,matched_full,0.17650355642152768,0.4972159302255155,0.0011329266953078912
2,nextgen_prospective__nextgen_prospective_002__cluster_3water__cooperative,nextgen_prospective_002,without_global,0.20881447939348607,0.5882367909246589,0.004318747007408509
2,nextgen_prospective__nextgen_prospective_002__cluster_3water__equilibrium,nextgen_prospective_002,published_glider,0.48049753766882614,1.8794064389853686,0.054897029923177354
2,nextgen_prospective__nextgen_prospective_002__cluster_3water__equilibrium,nextgen_prospective_002,matched_full,0.48049753766882614,1.8794064389853686,0.054897029923177354
2,nextgen_prospective__nextgen_prospective_002__cluster_3water__equilibrium,nextgen_prospective_002,without_global,0.4630885036536485,1.8113131647026794,0.059509161577580745
2,nextgen_prospective__nextgen_prospective_002__cluster_3water__orientation,nextgen_prospective_002,published_glider,0.6568914992833537,1.767945220387131,0.09057679983487484
2,nextgen_prospective__nextgen_prospective_002__cluster_3water__orientation,nextgen_prospective_002,matched_full,0.6568914992833537,1.767945220387131,0.09057679983487484
2,nextgen_prospective__nextgen_prospective_002__cluster_3water__orientation,nextgen_prospective_002,without_global,0.6429320689987592,1.7303750766451271,0.06930901755265566
2,nextgen_prospective__nextgen_prospective_003__cluster_3water__compressed,nextgen_prospective_003,published_glider,1.2161288750245887,2.483229696737658,0.08869784678829494
2,nextgen_prospective__nextgen_prospective_003__cluster_3water__compressed,nextgen_prospective_003,matched_full,1.2161288750245887,2.483229696737658,0.08869784678829494
2,nextgen_prospective__nextgen_prospective_003__cluster_3water__compressed,nextgen_prospective_003,without_global,1.2779638264756292,2.6094913051025204,0.11565820319759608
2,nextgen_prospective__nextgen_prospective_003__cluster_3water__cooperative,nextgen_prospective_003,published_glider,0.14754986186386937,0.43744619075445834,0.0007588165295813225
2,nextgen_prospective__nextgen_prospective_003__cluster_3water__cooperative,nextgen_prospective_003,matched_full,0.14754986186386937,0.43744619075445834,0.0007588165295813225
2,nextgen_prospective__nextgen_prospective_003__cluster_3water__cooperative,nextgen_prospective_003,without_global,0.16010743434262145,0.47467606123052314,0.0015669503074968616
2,nextgen_prospective__nextgen_prospective_003__cluster_3water__equilibrium,nextgen_prospective_003,published_glider,0.3370182331317659,1.1129769495265496,0.014584835773868382
2,nextgen_prospective__nextgen_prospective_003__cluster_3water__equilibrium,nextgen_prospective_003,matched_full,0.3370182331317659,1.1129769495265496,0.014584835773868382
2,nextgen_prospective__nextgen_prospective_003__cluster_3water__equilibrium,nextgen_prospective_003,without_global,0.36200310692306287,1.1954875851029678,0.019165798392582763
2,nextgen_prospective__nextgen_prospective_003__cluster_3water__orientation,nextgen_prospective_003,published_glider,0.32090146767567534,1.1194177441882425,0.03260276156610633
2,nextgen_prospective__nextgen_prospective_003__cluster_3water__orientation,nextgen_prospective_003,matched_full,0.32090146767567534,1.1194177441882425,0.03260276156610633
2,nextgen_prospective__nextgen_prospective_003__cluster_3water__orientation,nextgen_prospective_003,without_global,0.3958103682716245,1.3807264665574634,0.024343874474668143
2,nextgen_prospective__nextgen_prospective_004__cluster_3water__compressed,nextgen_prospective_004,published_glider,0.9812921826442157,5.159383492882623,0.08821125130811869
2,nextgen_prospective__nextgen_prospective_004__cluster_3water__compressed,nextgen_prospective_004,matched_full,0.9812921826442157,5.159383492882623,0.08821125130811869
2,nextgen_prospective__nextgen_prospective_004__cluster_3water__compressed,nextgen_prospective_004,without_global,0.9385373465600892,4.934589492242629,0.09162029548506723
2,nextgen_prospective__nextgen_prospective_004__cluster_3water__cooperative,nextgen_prospective_004,published_glider,1.0472220951410594,7.780171285421491,0.09423722655793626
2,nextgen_prospective__nextgen_prospective_004__cluster_3water__cooperative,nextgen_prospective_004,matched_full,1.0472220951410594,7.780171285421491,0.09423722655793626
2,nextgen_prospective__nextgen_prospective_004__cluster_3water__cooperative,nextgen_prospective_004,without_global,1.0466717851472027,7.77608284417092,0.10992332017351547
2,nextgen_prospective__nextgen_prospective_004__cluster_3water__equilibrium,nextgen_prospective_004,published_glider,0.7574126466295937,5.106092366327798,0.23820686658393408
2,nextgen_prospective__nextgen_prospective_004__cluster_3water__equilibrium,nextgen_prospective_004,matched_full,0.7574126466295937,5.106092366327798,0.23820686658393408
2,nextgen_prospective__nextgen_prospective_004__cluster_3water__equilibrium,nextgen_prospective_004,without_global,0.7878923568428361,5.311571131886132,0.29282534530285353
2,nextgen_prospective__nextgen_prospective_004__cluster_3water__orientation,nextgen_prospective_004,published_glider,0.8522858716555556,13.314036515777667,0.201496296268069
2,nextgen_prospective__nextgen_prospective_004__cluster_3water__orientation,nextgen_prospective_004,matched_full,0.8522858716555556,13.314036515777667,0.201496296268069
2,nextgen_prospective__nextgen_prospective_004__cluster_3water__orientation,nextgen_prospective_004,without_global,0.8643370036950371,13.502294021112636,0.2570360138698528
2,nextgen_prospective__nextgen_prospective_005__cluster_3water__compressed,nextgen_prospective_005,published_glider,0.23521005658790606,0.735535773512844,0.001328124188831115
2,nextgen_prospective__nextgen_prospective_005__cluster_3water__compressed,nextgen_prospective_005,matched_full,0.23521005658790606,0.735535773512844,0.001328124188831115
2,nextgen_prospective__nextgen_prospective_005__cluster_3water__compressed,nextgen_prospective_005,without_global,0.21861509409198712,0.6836409321403175,0.0015392329297529495
2,nextgen_prospective__nextgen_prospective_005__cluster_3water__cooperative,nextgen_prospective_005,published_glider,0.24297190453083298,0.5298145283837392,0.00013674062847791215
2,nextgen_prospective__nextgen_prospective_005__cluster_3water__cooperative,nextgen_prospective_005,matched_full,0.24297190453083298,0.5298145283837392,0.00013674062847791215
2,nextgen_prospective__nextgen_prospective_005__cluster_3water__cooperative,nextgen_prospective_005,without_global,0.23277147926015204,0.5075719011362189,0.00019430369932718207
2,nextgen_prospective__nextgen_prospective_005__cluster_3water__equilibrium,nextgen_prospective_005,published_glider,0.34570946594052976,0.7407474047547054,0.0023979304836807477
2,nextgen_prospective__nextgen_prospective_005__cluster_3water__equilibrium,nextgen_prospective_005,matched_full,0.34570946594052976,0.7407474047547054,0.0023979304836807477
2,nextgen_prospective__nextgen_prospective_005__cluster_3water__equilibrium,nextgen_prospective_005,without_global,0.4256064897418946,0.9119417712944601,0.006332428718174316
2,nextgen_prospective__nextgen_prospective_005__cluster_3water__orientation,nextgen_prospective_005,published_glider,0.5276456929423669,0.929636612832193,0.0009554470262311553
2,nextgen_prospective__nextgen_prospective_005__cluster_3water__orientation,nextgen_prospective_005,matched_full,0.5276456929423669,0.929636612832193,0.0009554470262311553
2,nextgen_prospective__nextgen_prospective_005__cluster_3water__orientation,nextgen_prospective_005,without_global,0.5508565072277453,0.9705307640817004,0.00029599628284914095
2,nextgen_prospective__nextgen_prospective_006__cluster_3water__compressed,nextgen_prospective_006,published_glider,0.2819450177310828,0.6322526539718901,0.0037193139988301073
2,nextgen_prospective__nextgen_prospective_006__cluster_3water__compressed,nextgen_prospective_006,matched_full,0.2819450177310828,0.6322526539718901,0.0037193139988301073
2,nextgen_prospective__nextgen_prospective_006__cluster_3water__compressed,nextgen_prospective_006,without_global,0.22731045466944355,0.5097363996599847,0.0002584592998007387
2,nextgen_prospective__nextgen_prospective_006__cluster_3water__cooperative,nextgen_prospective_006,published_glider,0.18678685645660323,0.6125288233044902,0.0006220749594868322
2,nextgen_prospective__nextgen_prospective_006__cluster_3water__cooperative,nextgen_prospective_006,matched_full,0.18678685645660323,0.6125288233044902,0.0006220749594868322
2,nextgen_prospective__nextgen_prospective_006__cluster_3water__cooperative,nextgen_prospective_006,without_global,0.2193941669893293,0.7194577471625517,0.0013586615184087549
2,nextgen_prospective__nextgen_prospective_006__cluster_3water__equilibrium,nextgen_prospective_006,published_glider,0.32608769701466217,0.8550934494441813,0.002521914803671045
2,nextgen_prospective__nextgen_prospective_006__cluster_3water__equilibrium,nextgen_prospective_006,matched_full,0.32608769701466217,0.8550934494441813,0.002521914803671045
2,nextgen_prospective__nextgen_prospective_006__cluster_3water__equilibrium,nextgen_prospective_006,without_global,0.31025667829528997,0.8135800758060624,0.0002393385416353558
2,nextgen_prospective__nextgen_prospective_006__cluster_3water__orientation,nextgen_prospective_006,published_glider,0.48574036416080024,0.8968960098345493,0.0031774827488648817
2,nextgen_prospective__nextgen_prospective_006__cluster_3water__orientation,nextgen_prospective_006,matched_full,0.48574036416080024,0.8968960098345493,0.0031774827488648817
2,nextgen_prospective__nextgen_prospective_006__cluster_3water__orientation,nextgen_prospective_006,without_global,0.48807119868380316,0.9011997826677534,0.0001858700738987005
2,nextgen_prospective__nextgen_prospective_007__cluster_3water__compressed,nextgen_prospective_007,published_glider,0.3482929101168978,0.6895432915145416,0.002210196166659312
2,nextgen_prospective__nextgen_prospective_007__cluster_3water__compressed,nextgen_prospective_007,matched_full,0.3482929101168978,0.6895432915145416,0.002210196166659312
2,nextgen_prospective__nextgen_prospective_007__cluster_3water__compressed,nextgen_prospective_007,without_global,0.40070782603791105,0.7933132868225223,0.0003639455978228587
2,nextgen_prospective__nextgen_prospective_007__cluster_3water__cooperative,nextgen_prospective_007,published_glider,0.17843205582165103,0.3964981262033906,0.005102977212394677
2,nextgen_prospective__nextgen_prospective_007__cluster_3water__cooperative,nextgen_prospective_007,matched_full,0.17843205582165103,0.3964981262033906,0.005102977212394677
2,nextgen_prospective__nextgen_prospective_007__cluster_3water__cooperative,nextgen_prospective_007,without_global,0.1563050993333902,0.3473292885425804,0.00024237292005708684
2,nextgen_prospective__nextgen_prospective_007__cluster_3water__equilibrium,nextgen_prospective_007,published_glider,0.2412196885108905,0.6362018196309076,0.002151177806765799
2,nextgen_prospective__nextgen_prospective_007__cluster_3water__equilibrium,nextgen_prospective_007,matched_full,0.2412196885108905,0.6362018196309076,0.002151177806765799
2,nextgen_prospective__nextgen_prospective_007__cluster_3water__equilibrium,nextgen_prospective_007,without_global,0.32050716673684526,0.8453175772736384,0.0022374226454647994
2,nextgen_prospective__nextgen_prospective_007__cluster_3water__orientation,nextgen_prospective_007,published_glider,0.35337134689133604,0.729961070890872,0.003442272065665143
2,nextgen_prospective__nextgen_prospective_007__cluster_3water__orientation,nextgen_prospective_007,matched_full,0.35337134689133604,0.729961070890872,0.003442272065665143
2,nextgen_prospective__nextgen_prospective_007__cluster_3water__orientation,nextgen_prospective_007,without_global,0.38245051800113394,0.790030069327393,0.0020073145294587343
2,nextgen_prospective__nextgen_prospective_008__cluster_3water__compressed,nextgen_prospective_008,published_glider,0.17102709417474005,1.0134400455348878,0.00020071784653209694
2,nextgen_prospective__nextgen_prospective_008__cluster_3water__compressed,nextgen_prospective_008,matched_full,0.17102709417474005,1.0134400455348878,0.00020071784653209694
2,nextgen_prospective__nextgen_prospective_008__cluster_3water__compressed,nextgen_prospective_008,without_global,0.22259805404984898,1.3190294971729393,0.015883062888512177
2,nextgen_prospective__nextgen_prospective_008__cluster_3water__cooperative,nextgen_prospective_008,published_glider,0.18265626365198984,0.3615267493005923,0.0004036241683197403
2,nextgen_prospective__nextgen_prospective_008__cluster_3water__cooperative,nextgen_prospective_008,matched_full,0.18265626365198984,0.3615267493005923,0.0004036241683197403
2,nextgen_prospective__nextgen_prospective_008__cluster_3water__cooperative,nextgen_prospective_008,without_global,0.22277792501100388,0.4409385007382524,0.0012047715670659212
2,nextgen_prospective__nextgen_prospective_008__cluster_3water__equilibrium,nextgen_prospective_008,published_glider,0.353979054466693,1.0703099813883217,0.0007704814034308175
2,nextgen_prospective__nextgen_prospective_008__cluster_3water__equilibrium,nextgen_prospective_008,matched_full,0.353979054466693,1.0703099813883217,0.0007704814034308175
2,nextgen_prospective__nextgen_prospective_008__cluster_3water__equilibrium,nextgen_prospective_008,without_global,0.3731341750115095,1.128228427282534,0.004522498424977134
2,nextgen_prospective__nextgen_prospective_008__cluster_3water__orientation,nextgen_prospective_008,published_glider,0.3350804623363956,1.0734902870266418,0.0014544580757944682
2,nextgen_prospective__nextgen_prospective_008__cluster_3water__orientation,nextgen_prospective_008,matched_full,0.3350804623363956,1.0734902870266418,0.0014544580757944682
2,nextgen_prospective__nextgen_prospective_008__cluster_3water__orientation,nextgen_prospective_008,without_global,0.3276977198310537,1.0498383488747038,0.001026429382711009
2,nextgen_prospective__nextgen_prospective_009__cluster_3water__compressed,nextgen_prospective_009,published_glider,0.20016486919982127,0.5512822876904384,0.0022146754386797285
2,nextgen_prospective__nextgen_prospective_009__cluster_3water__compressed,nextgen_prospective_009,matched_full,0.20016486919982127,0.5512822876904384,0.0022146754386797285
2,nextgen_prospective__nextgen_prospective_009__cluster_3water__compressed,nextgen_prospective_009,without_global,0.26683491039391666,0.7349009865001966,0.007118128863714754
2,nextgen_prospective__nextgen_prospective_009__cluster_3water__cooperative,nextgen_prospective_009,published_glider,0.21477702417868227,0.47971230271504545,2.9191167278871892e-05
2,nextgen_prospective__nextgen_prospective_009__cluster_3water__cooperative,nextgen_prospective_009,matched_full,0.21477702417868227,0.47971230271504545,2.9191167278871892e-05
2,nextgen_prospective__nextgen_prospective_009__cluster_3water__cooperative,nextgen_prospective_009,without_global,0.18947242459446592,0.4231935582997782,0.0004591140192417978
2,nextgen_prospective__nextgen_prospective_009__cluster_3water__equilibrium,nextgen_prospective_009,published_glider,0.2276366342720395,0.8460528442299288,0.008184005484594307
2,nextgen_prospective__nextgen_prospective_009__cluster_3water__equilibrium,nextgen_prospective_009,matched_full,0.2276366342720395,0.8460528442299288,0.008184005484594307
2,nextgen_prospective__nextgen_prospective_009__cluster_3water__equilibrium,nextgen_prospective_009,without_global,0.2607533005244048,0.9691369416724486,0.0013804132339182826
2,nextgen_prospective__nextgen_prospective_009__cluster_3water__orientation,nextgen_prospective_009,published_glider,0.33392698812129457,1.2795409870689696,0.002894316750241689
2,nextgen_prospective__nextgen_prospective_009__cluster_3water__orientation,nextgen_prospective_009,matched_full,0.33392698812129457,1.2795409870689696,0.002894316750241689
2,nextgen_prospective__nextgen_prospective_009__cluster_3water__orientation,nextgen_prospective_009,without_global,0.3686554738302716,1.4126135522230445,0.0031555268606804714
2,nextgen_prospective__nextgen_prospective_010__cluster_3water__compressed,nextgen_prospective_010,published_glider,0.12954823312347083,0.5249977837547565,0.0019421153707606328
2,nextgen_prospective__nextgen_prospective_010__cluster_3water__compressed,nextgen_prospective_010,matched_full,0.12954823312347083,0.5249977837547565,0.0019421153707606328
2,nextgen_prospective__nextgen_prospective_010__cluster_3water__compressed,nextgen_prospective_010,without_global,0.13600767565941405,0.551174852587716,0.0014041951907576863
2,nextgen_prospective__nextgen_prospective_010__cluster_3water__cooperative,nextgen_prospective_010,published_glider,0.13908765680989457,0.4351274695634974,0.0008908255035527504
2,nextgen_prospective__nextgen_prospective_010__cluster_3water__cooperative,nextgen_prospective_010,matched_full,0.13908765680989457,0.4351274695634974,0.0008908255035527504
2,nextgen_prospective__nextgen_prospective_010__cluster_3water__cooperative,nextgen_prospective_010,without_global,0.17061806078348352,0.5337684648179849,0.0015182074598395377
2,nextgen_prospective__nextgen_prospective_010__cluster_3water__equilibrium,nextgen_prospective_010,published_glider,0.2035358088481845,0.6047114688960495,0.0016743382251084439
2,nextgen_prospective__nextgen_prospective_010__cluster_3water__equilibrium,nextgen_prospective_010,matched_full,0.2035358088481845,0.6047114688960495,0.0016743382251084439
2,nextgen_prospective__nextgen_prospective_010__cluster_3water__equilibrium,nextgen_prospective_010,without_global,0.23567989078830998,0.7002125756365681,0.005680464442277534
2,nextgen_prospective__nextgen_prospective_010__cluster_3water__orientation,nextgen_prospective_010,published_glider,0.15293404290158763,0.5946396345065524,0.005435478441373435
2,nextgen_prospective__nextgen_prospective_010__cluster_3water__orientation,nextgen_prospective_010,matched_full,0.15293404290158763,0.5946396345065524,0.005435478441373435
2,nextgen_prospective__nextgen_prospective_010__cluster_3water__orientation,nextgen_prospective_010,without_global,0.17146745186169968,0.6667014156581386,0.005544770632201656
2,nextgen_prospective__nextgen_prospective_011__cluster_3water__compressed,nextgen_prospective_011,published_glider,0.2611642556412021,0.5456059470412313,0.001249514352731586
2,nextgen_prospective__nextgen_prospective_011__cluster_3water__compressed,nextgen_prospective_011,matched_full,0.2611642556412021,0.5456059470412313,0.001249514352731586
2,nextgen_prospective__nextgen_prospective_011__cluster_3water__compressed,nextgen_prospective_011,without_global,0.2980334970912377,0.622630566465701,0.001769278243065761
2,nextgen_prospective__nextgen_prospective_011__cluster_3water__cooperative,nextgen_prospective_011,published_glider,0.24803403665097182,0.5511469284051054,0.0006827811343191168
2,nextgen_prospective__nextgen_prospective_011__cluster_3water__cooperative,nextgen_prospective_011,matched_full,0.24803403665097182,0.5511469284051054,0.0006827811343191168
2,nextgen_prospective__nextgen_prospective_011__cluster_3water__cooperative,nextgen_prospective_011,without_global,0.254739812081112,0.5660475750292496,0.0013360362165152097
2,nextgen_prospective__nextgen_prospective_011__cluster_3water__equilibrium,nextgen_prospective_011,published_glider,0.21497933465567065,0.8004554405847484,0.005981493752686139
2,nextgen_prospective__nextgen_prospective_011__cluster_3water__equilibrium,nextgen_prospective_011,matched_full,0.21497933465567065,0.8004554405847484,0.005981493752686139
2,nextgen_prospective__nextgen_prospective_011__cluster_3water__equilibrium,nextgen_prospective_011,without_global,0.23840505255724564,0.8876789096402873,0.0038488491470163905
2,nextgen_prospective__nextgen_prospective_011__cluster_3water__orientation,nextgen_prospective_011,published_glider,0.17773343634812042,0.8589460201578745,0.0019197624403527026
2,nextgen_prospective__nextgen_prospective_011__cluster_3water__orientation,nextgen_prospective_011,matched_full,0.17773343634812042,0.8589460201578745,0.0019197624403527026
2,nextgen_prospective__nextgen_prospective_011__cluster_3water__orientation,nextgen_prospective_011,without_global,0.2029574549103318,0.9808480707881411,0.0044879918663532905
2,nextgen_prospective__nextgen_prospective_012__cluster_3water__compressed,nextgen_prospective_012,published_glider,0.22829141268803751,0.5278135354041099,0.00042903122992324854
2,nextgen_prospective__nextgen_prospective_012__cluster_3water__compressed,nextgen_prospective_012,matched_full,0.22829141268803751,0.5278135354041099,0.00042903122992324854
2,nextgen_prospective__nextgen_prospective_012__cluster_3water__compressed,nextgen_prospective_012,without_global,0.23086312950169366,0.5337593873636356,0.0008307069743518693
2,nextgen_prospective__nextgen_prospective_012__cluster_3water__cooperative,nextgen_prospective_012,published_glider,0.22564389271109836,0.4403291397454601,0.0005533010538788476
2,nextgen_prospective__nextgen_prospective_012__cluster_3water__cooperative,nextgen_prospective_012,matched_full,0.22564389271109836,0.4403291397454601,0.0005533010538788476
2,nextgen_prospective__nextgen_prospective_012__cluster_3water__cooperative,nextgen_prospective_012,without_global,0.2271362418166131,0.4432413603685662,0.0005158680464654854
2,nextgen_prospective__nextgen_prospective_012__cluster_3water__equilibrium,nextgen_prospective_012,published_glider,0.37180134493482336,0.657512734193701,0.0025908026259118112
2,nextgen_prospective__nextgen_prospective_012__cluster_3water__equilibrium,nextgen_prospective_012,matched_full,0.37180134493482336,0.657512734193701,0.0025908026259118112
2,nextgen_prospective__nextgen_prospective_012__cluster_3water__equilibrium,nextgen_prospective_012,without_global,0.38827131730772946,0.6866390854415766,0.0006720667669765881
2,nextgen_prospective__nextgen_prospective_012__cluster_3water__orientation,nextgen_prospective_012,published_glider,0.29703032992638384,0.6777235666961475,0.000721867316784832
2,nextgen_prospective__nextgen_prospective_012__cluster_3water__orientation,nextgen_prospective_012,matched_full,0.29703032992638384,0.6777235666961475,0.000721867316784832
2,nextgen_prospective__nextgen_prospective_012__cluster_3water__orientation,nextgen_prospective_012,without_global,0.3855863958433397,0.8797788007885481,0.0030707677332814445
2,nextgen_prospective__nextgen_prospective_013__cluster_3water__compressed,nextgen_prospective_013,published_glider,0.17220603992003786,0.44161244078893225,0.0011122865949053935
2,nextgen_prospective__nextgen_prospective_013__cluster_3water__compressed,nextgen_prospective_013,matched_full,0.17220603992003786,0.44161244078893225,0.0011122865949053935
2,nextgen_prospective__nextgen_prospective_013__cluster_3water__compressed,nextgen_prospective_013,without_global,0.1979957203906335,0.5077485864495304,0.0015219366195821217
2,nextgen_prospective__nextgen_prospective_013__cluster_3water__cooperative,nextgen_prospective_013,published_glider,0.22321968526301075,0.4067177777780091,0.0005594413806164431
2,nextgen_prospective__nextgen_prospective_013__cluster_3water__cooperative,nextgen_prospective_013,matched_full,0.22321968526301075,0.4067177777780091,0.0005594413806164431
2,nextgen_prospective__nextgen_prospective_013__cluster_3water__cooperative,nextgen_prospective_013,without_global,0.2550210311655695,0.4646614699779093,0.0007673670120738916
2,nextgen_prospective__nextgen_prospective_013__cluster_3water__equilibrium,nextgen_prospective_013,published_glider,0.48337821322302793,0.9505048653780103,0.005122045221472671
2,nextgen_prospective__nextgen_prospective_013__cluster_3water__equilibrium,nextgen_prospective_013,matched_full,0.48337821322302793,0.9505048653780103,0.005122045221472671
2,nextgen_prospective__nextgen_prospective_013__cluster_3water__equilibrium,nextgen_prospective_013,without_global,0.5844866295345587,1.1493223524012275,0.00620847052902879
2,nextgen_prospective__nextgen_prospective_013__cluster_3water__orientation,nextgen_prospective_013,published_glider,0.3712828877939582,0.5727961976737335,0.0048055643430681225
2,nextgen_prospective__nextgen_prospective_013__cluster_3water__orientation,nextgen_prospective_013,matched_full,0.3712828877939582,0.5727961976737335,0.0048055643430681225
2,nextgen_prospective__nextgen_prospective_013__cluster_3water__orientation,nextgen_prospective_013,without_global,0.4508166603963653,0.6954968230755366,0.006871853941700871
2,nextgen_prospective__nextgen_prospective_014__cluster_3water__compressed,nextgen_prospective_014,published_glider,0.25535495613940695,0.4778468121298483,0.002885035946321918
2,nextgen_prospective__nextgen_prospective_014__cluster_3water__compressed,nextgen_prospective_014,matched_full,0.25535495613940695,0.4778468121298483,0.002885035946321918
2,nextgen_prospective__nextgen_prospective_014__cluster_3water__compressed,nextgen_prospective_014,without_global,0.26306045479878076,0.4922661444424839,0.002382781655094713
2,nextgen_prospective__nextgen_prospective_014__cluster_3water__cooperative,nextgen_prospective_014,published_glider,0.2099292965180094,0.3842057626024946,0.001736595727482869
2,nextgen_prospective__nextgen_prospective_014__cluster_3water__cooperative,nextgen_prospective_014,matched_full,0.2099292965180094,0.3842057626024946,0.001736595727482869
2,nextgen_prospective__nextgen_prospective_014__cluster_3water__cooperative,nextgen_prospective_014,without_global,0.19732945699246685,0.36114594658884536,0.0032127338633595234
2,nextgen_prospective__nextgen_prospective_014__cluster_3water__equilibrium,nextgen_prospective_014,published_glider,0.371703948790472,0.8341656609305116,0.006146463528792684
2,nextgen_prospective__nextgen_prospective_014__cluster_3water__equilibrium,nextgen_prospective_014,matched_full,0.371703948790472,0.8341656609305116,0.006146463528792684
2,nextgen_prospective__nextgen_prospective_014__cluster_3water__equilibrium,nextgen_prospective_014,without_global,0.3981452644226484,0.8935043835939604,0.009518844890610504
2,nextgen_prospective__nextgen_prospective_014__cluster_3water__orientation,nextgen_prospective_014,published_glider,0.3209525071867825,0.6815956796309504,0.0003062483869357502
2,nextgen_prospective__nextgen_prospective_014__cluster_3water__orientation,nextgen_prospective_014,matched_full,0.3209525071867825,0.6815956796309504,0.0003062483869357502
2,nextgen_prospective__nextgen_prospective_014__cluster_3water__orientation,nextgen_prospective_014,without_global,0.34944272554136796,0.7420993657134736,0.0003401799212939538
2,nextgen_prospective__nextgen_prospective_015__cluster_3water__compressed,nextgen_prospective_015,published_glider,0.25820942417397474,0.7910444509615691,0.0052830894778282365
2,nextgen_prospective__nextgen_prospective_015__cluster_3water__compressed,nextgen_prospective_015,matched_full,0.25820942417397474,0.7910444509615691,0.0052830894778282365
2,nextgen_prospective__nextgen_prospective_015__cluster_3water__compressed,nextgen_prospective_015,without_global,0.282562011969478,0.865650478622309,0.009636084246242432
2,nextgen_prospective__nextgen_prospective_015__cluster_3water__cooperative,nextgen_prospective_015,published_glider,0.2665215864382778,0.6632772744611828,0.003138569894489947
2,nextgen_prospective__nextgen_prospective_015__cluster_3water__cooperative,nextgen_prospective_015,matched_full,0.2665215864382778,0.6632772744611828,0.003138569894489947
2,nextgen_prospective__nextgen_prospective_015__cluster_3water__cooperative,nextgen_prospective_015,without_global,0.301016882030335,0.7491237754812089,0.010841338420934316
2,nextgen_prospective__nextgen_prospective_015__cluster_3water__equilibrium,nextgen_prospective_015,published_glider,0.2360171724473581,1.0352370487210831,0.0035843870568672796
2,nextgen_prospective__nextgen_prospective_015__cluster_3water__equilibrium,nextgen_prospective_015,matched_full,0.2360171724473581,1.0352370487210831,0.0035843870568672796
2,nextgen_prospective__nextgen_prospective_015__cluster_3water__equilibrium,nextgen_prospective_015,without_global,0.3136258295304687,1.3756502325619582,0.005694104485422677
2,nextgen_prospective__nextgen_prospective_015__cluster_3water__orientation,nextgen_prospective_015,published_glider,0.33238778732102814,1.1473995364893306,0.01237606150621691
2,nextgen_prospective__nextgen_prospective_015__cluster_3water__orientation,nextgen_prospective_015,matched_full,0.33238778732102814,1.1473995364893306,0.01237606150621691
2,nextgen_prospective__nextgen_prospective_015__cluster_3water__orientation,nextgen_prospective_015,without_global,0.3708371733026075,1.2801264576832025,0.008772676070821788
2,nextgen_prospective__nextgen_prospective_016__cluster_3water__compressed,nextgen_prospective_016,published_glider,0.279972582224765,0.5429225441253301,0.0023314613068821915
2,nextgen_prospective__nextgen_prospective_016__cluster_3water__compressed,nextgen_prospective_016,matched_full,0.279972582224765,0.5429225441253301,0.0023314613068821915
2,nextgen_prospective__nextgen_prospective_016__cluster_3water__compressed,nextgen_prospective_016,without_global,0.3098150015399385,0.6007929330352044,0.006429763996174019
2,nextgen_prospective__nextgen_prospective_016__cluster_3water__cooperative,nextgen_prospective_016,published_glider,0.30519909122157757,0.8433220050266569,0.0003624505435387404
2,nextgen_prospective__nextgen_prospective_016__cluster_3water__cooperative,nextgen_prospective_016,matched_full,0.30519909122157757,0.8433220050266569,0.0003624505435387404
2,nextgen_prospective__nextgen_prospective_016__cluster_3water__cooperative,nextgen_prospective_016,without_global,0.32846416083969876,0.9076077310388436,0.003724591895330609
2,nextgen_prospective__nextgen_prospective_016__cluster_3water__equilibrium,nextgen_prospective_016,published_glider,0.3407369636950776,0.9402238247196193,0.005371407429571024
2,nextgen_prospective__nextgen_prospective_016__cluster_3water__equilibrium,nextgen_prospective_016,matched_full,0.3407369636950776,0.9402238247196193,0.005371407429571024
2,nextgen_prospective__nextgen_prospective_016__cluster_3water__equilibrium,nextgen_prospective_016,without_global,0.34702807497606186,0.9575834109711335,0.004139457389235958
2,nextgen_prospective__nextgen_prospective_016__cluster_3water__orientation,nextgen_prospective_016,published_glider,0.2817660143707396,0.9117752085381716,0.004205797858757235
2,nextgen_prospective__nextgen_prospective_016__cluster_3water__orientation,nextgen_prospective_016,matched_full,0.2817660143707396,0.9117752085381716,0.004205797858757235
2,nextgen_prospective__nextgen_prospective_016__cluster_3water__orientation,nextgen_prospective_016,without_global,0.2742780455492925,0.887544662675678,0.0030250304777479533
2,nextgen_prospective__nextgen_prospective_017__cluster_3water__compressed,nextgen_prospective_017,published_glider,0.1306106537989848,0.35725410523334944,0.0012699315325705833
2,nextgen_prospective__nextgen_prospective_017__cluster_3water__compressed,nextgen_prospective_017,matched_full,0.1306106537989848,0.35725410523334944,0.0012699315325705833
2,nextgen_prospective__nextgen_prospective_017__cluster_3water__compressed,nextgen_prospective_017,without_global,0.12762910497633087,0.3490987938106984,0.0004069533501158369
2,nextgen_prospective__nextgen_prospective_017__cluster_3water__cooperative,nextgen_prospective_017,published_glider,0.302638438404483,0.8075582192220279,0.00014369691516969132
2,nextgen_prospective__nextgen_prospective_017__cluster_3water__cooperative,nextgen_prospective_017,matched_full,0.302638438404483,0.8075582192220279,0.00014369691516969132
2,nextgen_prospective__nextgen_prospective_017__cluster_3water__cooperative,nextgen_prospective_017,without_global,0.30107039960720716,0.8033740758413159,0.0005681213537615588
2,nextgen_prospective__nextgen_prospective_017__cluster_3water__equilibrium,nextgen_prospective_017,published_glider,0.3632410156976997,1.1652985993634555,0.0011509218428930482
2,nextgen_prospective__nextgen_prospective_017__cluster_3water__equilibrium,nextgen_prospective_017,matched_full,0.3632410156976997,1.1652985993634555,0.0011509218428930482
2,nextgen_prospective__nextgen_prospective_017__cluster_3water__equilibrium,nextgen_prospective_017,without_global,0.36754022003164616,1.1790907003989135,0.0015092986727604362
2,nextgen_prospective__nextgen_prospective_017__cluster_3water__orientation,nextgen_prospective_017,published_glider,0.5324824100019195,1.482606911042126,0.0067223270147273835
2,nextgen_prospective__nextgen_prospective_017__cluster_3water__orientation,nextgen_prospective_017,matched_full,0.5324824100019195,1.482606911042126,0.0067223270147273835
2,nextgen_prospective__nextgen_prospective_017__cluster_3water__orientation,nextgen_prospective_017,without_global,0.4898874728587512,1.3640085367152845,0.001442583903660547
2,nextgen_prospective__nextgen_prospective_018__cluster_3water__compressed,nextgen_prospective_018,published_glider,0.3905192670792102,2.0332137200391194,0.0012161782698601234
2,nextgen_prospective__nextgen_prospective_018__cluster_3water__compressed,nextgen_prospective_018,matched_full,0.3905192670792102,2.0332137200391194,0.0012161782698601234
2,nextgen_prospective__nextgen_prospective_018__cluster_3water__compressed,nextgen_prospective_018,without_global,0.3957562523276949,2.060479750569444,0.051364641885239724
2,nextgen_prospective__nextgen_prospective_018__cluster_3water__cooperative,nextgen_prospective_018,published_glider,0.321338350634609,0.8454485935684242,0.004506255017917785
2,nextgen_prospective__nextgen_prospective_018__cluster_3water__cooperative,nextgen_prospective_018,matched_full,0.321338350634609,0.8454485935684242,0.004506255017917785
2,nextgen_prospective__nextgen_prospective_018__cluster_3water__cooperative,nextgen_prospective_018,without_global,0.2790374191533159,0.7341538696213294,0.00478536579449327
2,nextgen_prospective__nextgen_prospective_018__cluster_3water__equilibrium,nextgen_prospective_018,published_glider,0.29400329548752063,1.2871871113651647,0.002969474534765626
2,nextgen_prospective__nextgen_prospective_018__cluster_3water__equilibrium,nextgen_prospective_018,matched_full,0.29400329548752063,1.2871871113651647,0.002969474534765626
2,nextgen_prospective__nextgen_prospective_018__cluster_3water__equilibrium,nextgen_prospective_018,without_global,0.3071478045652038,1.3447355910240752,0.022648317385661684
2,nextgen_prospective__nextgen_prospective_018__cluster_3water__orientation,nextgen_prospective_018,published_glider,0.28960170939294566,1.227448450097904,0.002966415594161659
2,nextgen_prospective__nextgen_prospective_018__cluster_3water__orientation,nextgen_prospective_018,matched_full,0.28960170939294566,1.227448450097904,0.002966415594161659
2,nextgen_prospective__nextgen_prospective_018__cluster_3water__orientation,nextgen_prospective_018,without_global,0.29057149924976877,1.2315588093191026,0.017882071253058306
2,nextgen_prospective__nextgen_prospective_019__cluster_3water__compressed,nextgen_prospective_019,published_glider,0.4492153005065933,2.363069944134865,0.003673182591371798
2,nextgen_prospective__nextgen_prospective_019__cluster_3water__compressed,nextgen_prospective_019,matched_full,0.4492153005065933,2.363069944134865,0.003673182591371798
2,nextgen_prospective__nextgen_prospective_019__cluster_3water__compressed,nextgen_prospective_019,without_global,0.6133266068527135,3.22636755461671,0.0036145114029227762
2,nextgen_prospective__nextgen_prospective_019__cluster_3water__cooperative,nextgen_prospective_019,published_glider,0.523220921709963,1.2545802706521858,0.008228828985090473
2,nextgen_prospective__nextgen_prospective_019__cluster_3water__cooperative,nextgen_prospective_019,matched_full,0.523220921709963,1.2545802706521858,0.008228828985090473
2,nextgen_prospective__nextgen_prospective_019__cluster_3water__cooperative,nextgen_prospective_019,without_global,0.5255951650646357,1.2602732365618143,0.012083054755629147
2,nextgen_prospective__nextgen_prospective_019__cluster_3water__equilibrium,nextgen_prospective_019,published_glider,0.2210022966108172,1.0474696490936082,0.0016350125361607147
2,nextgen_prospective__nextgen_prospective_019__cluster_3water__equilibrium,nextgen_prospective_019,matched_full,0.2210022966108172,1.0474696490936082,0.0016350125361607147
2,nextgen_prospective__nextgen_prospective_019__cluster_3water__equilibrium,nextgen_prospective_019,without_global,0.24795635212431844,1.1752219643561768,0.007395617683334418
2,nextgen_prospective__nextgen_prospective_019__cluster_3water__orientation,nextgen_prospective_019,published_glider,0.18554721528128149,0.9103482790469214,0.002566335914362808
2,nextgen_prospective__nextgen_prospective_019__cluster_3water__orientation,nextgen_prospective_019,matched_full,0.18554721528128149,0.9103482790469214,0.002566335914362808
2,nextgen_prospective__nextgen_prospective_019__cluster_3water__orientation,nextgen_prospective_019,without_global,0.19534023640561682,0.9583956718018812,0.003731292732791301
2,nextgen_prospective__nextgen_prospective_020__cluster_3water__compressed,nextgen_prospective_020,published_glider,0.21926527891417413,0.47022855685945275,0.00260566989072104
2,nextgen_prospective__nextgen_prospective_020__cluster_3water__compressed,nextgen_prospective_020,matched_full,0.21926527891417413,0.47022855685945275,0.00260566989072104
2,nextgen_prospective__nextgen_prospective_020__cluster_3water__compressed,nextgen_prospective_020,without_global,0.2805822066512895,0.6017266699381087,0.006002834052420295
2,nextgen_prospective__nextgen_prospective_020__cluster_3water__cooperative,nextgen_prospective_020,published_glider,0.5398709942256589,1.417026878234645,0.017098006590537104
2,nextgen_prospective__nextgen_prospective_020__cluster_3water__cooperative,nextgen_prospective_020,matched_full,0.5398709942256589,1.417026878234645,0.017098006590537104
2,nextgen_prospective__nextgen_prospective_020__cluster_3water__cooperative,nextgen_prospective_020,without_global,0.5029714722683895,1.32017482475017,0.02947256481481224
2,nextgen_prospective__nextgen_prospective_020__cluster_3water__equilibrium,nextgen_prospective_020,published_glider,0.31181060437836167,0.5735439695244432,0.0007603857639386208
2,nextgen_prospective__nextgen_prospective_020__cluster_3water__equilibrium,nextgen_prospective_020,matched_full,0.31181060437836167,0.5735439695244432,0.0007603857639386208
2,nextgen_prospective__nextgen_prospective_020__cluster_3water__equilibrium,nextgen_prospective_020,without_global,0.3587447709472487,0.6598746068480433,0.001068125165759304
2,nextgen_prospective__nextgen_prospective_020__cluster_3water__orientation,nextgen_prospective_020,published_glider,0.26964936391842526,0.5866363770435994,0.0011366497868898944
2,nextgen_prospective__nextgen_prospective_020__cluster_3water__orientation,nextgen_prospective_020,matched_full,0.26964936391842526,0.5866363770435994,0.0011366497868898944
2,nextgen_prospective__nextgen_prospective_020__cluster_3water__orientation,nextgen_prospective_020,without_global,0.32205187730612217,0.700640801734314,0.003171441698594887
2,nextgen_prospective__nextgen_prospective_021__cluster_3water__compressed,nextgen_prospective_021,published_glider,0.34982195572323627,1.1865783055926789,0.003538295856793933
2,nextgen_prospective__nextgen_prospective_021__cluster_3water__compressed,nextgen_prospective_021,matched_full,0.34982195572323627,1.1865783055926789,0.003538295856793933
2,nextgen_prospective__nextgen_prospective_021__cluster_3water__compressed,nextgen_prospective_021,without_global,0.42751138479538,1.450096902989748,0.02138179978503578
2,nextgen_prospective__nextgen_prospective_021__cluster_3water__cooperative,nextgen_prospective_021,published_glider,0.4552991583723953,1.033248432004803,0.0023373988221352658
2,nextgen_prospective__nextgen_prospective_021__cluster_3water__cooperative,nextgen_prospective_021,matched_full,0.4552991583723953,1.033248432004803,0.0023373988221352658
2,nextgen_prospective__nextgen_prospective_021__cluster_3water__cooperative,nextgen_prospective_021,without_global,0.4549395524714737,1.032432348279555,0.006337225933371633
2,nextgen_prospective__nextgen_prospective_021__cluster_3water__equilibrium,nextgen_prospective_021,published_glider,0.24085980160976184,1.1045232548064545,0.008047532520481968
2,nextgen_prospective__nextgen_prospective_021__cluster_3water__equilibrium,nextgen_prospective_021,matched_full,0.24085980160976184,1.1045232548064545,0.008047532520481968
2,nextgen_prospective__nextgen_prospective_021__cluster_3water__equilibrium,nextgen_prospective_021,without_global,0.23365460692539436,1.0714820207312659,0.0021537729134603035
2,nextgen_prospective__nextgen_prospective_021__cluster_3water__orientation,nextgen_prospective_021,published_glider,0.4256309547349494,1.0374016083396553,0.005249713732135258
2,nextgen_prospective__nextgen_prospective_021__cluster_3water__orientation,nextgen_prospective_021,matched_full,0.4256309547349494,1.0374016083396553,0.005249713732135258
2,nextgen_prospective__nextgen_prospective_021__cluster_3water__orientation,nextgen_prospective_021,without_global,0.42261760147784405,1.0300570825699935,0.004460655362263946
2,nextgen_prospective__nextgen_prospective_022__cluster_3water__compressed,nextgen_prospective_022,published_glider,0.7792008088908078,2.6153291733996094,0.019511801967278038
2,nextgen_prospective__nextgen_prospective_022__cluster_3water__compressed,nextgen_prospective_022,matched_full,0.7792008088908078,2.6153291733996094,0.019511801967278038
2,nextgen_prospective__nextgen_prospective_022__cluster_3water__compressed,nextgen_prospective_022,without_global,0.7382697997527177,2.4779473058834345,0.018677325549271557
2,nextgen_prospective__nextgen_prospective_022__cluster_3water__cooperative,nextgen_prospective_022,published_glider,0.2566347793786154,0.751252210314975,0.0016957765087567108
2,nextgen_prospective__nextgen_prospective_022__cluster_3water__cooperative,nextgen_prospective_022,matched_full,0.2566347793786154,0.751252210314975,0.0016957765087567108
2,nextgen_prospective__nextgen_prospective_022__cluster_3water__cooperative,nextgen_prospective_022,without_global,0.25774239989905195,0.754494570396422,0.014434103585788524
2,nextgen_prospective__nextgen_prospective_022__cluster_3water__equilibrium,nextgen_prospective_022,published_glider,0.839292824809889,1.801802112822192,0.01691048091589611
2,nextgen_prospective__nextgen_prospective_022__cluster_3water__equilibrium,nextgen_prospective_022,matched_full,0.839292824809889,1.801802112822192,0.01691048091589611
2,nextgen_prospective__nextgen_prospective_022__cluster_3water__equilibrium,nextgen_prospective_022,without_global,0.8470246810748266,1.8184009380979327,0.004901184596810629
2,nextgen_prospective__nextgen_prospective_022__cluster_3water__orientation,nextgen_prospective_022,published_glider,0.5624153564134602,1.830727935099559,0.005959056508051335
2,nextgen_prospective__nextgen_prospective_022__cluster_3water__orientation,nextgen_prospective_022,matched_full,0.5624153564134602,1.830727935099559,0.005959056508051335
2,nextgen_prospective__nextgen_prospective_022__cluster_3water__orientation,nextgen_prospective_022,without_global,0.6480981469756012,2.1096354657184047,9.191404328258807e-05
2,nextgen_prospective__nextgen_prospective_023__cluster_3water__compressed,nextgen_prospective_023,published_glider,0.1709032953930017,0.43447620807719256,0.0007236121214654199
2,nextgen_prospective__nextgen_prospective_023__cluster_3water__compressed,nextgen_prospective_023,matched_full,0.1709032953930017,0.43447620807719256,0.0007236121214654199
2,nextgen_prospective__nextgen_prospective_023__cluster_3water__compressed,nextgen_prospective_023,without_global,0.19121115025704968,0.486103531910966,0.001702190562658781
2,nextgen_prospective__nextgen_prospective_023__cluster_3water__cooperative,nextgen_prospective_023,published_glider,0.23868034878629477,0.6370697324821161,0.0023227358656278244
2,nextgen_prospective__nextgen_prospective_023__cluster_3water__cooperative,nextgen_prospective_023,matched_full,0.23868034878629477,0.6370697324821161,0.0023227358656278244
2,nextgen_prospective__nextgen_prospective_023__cluster_3water__cooperative,nextgen_prospective_023,without_global,0.23795915200453738,0.6351447619382171,0.002877819233783979
2,nextgen_prospective__nextgen_prospective_023__cluster_3water__equilibrium,nextgen_prospective_023,published_glider,0.35451620139148865,0.5090236759430707,0.000721895288324827
2,nextgen_prospective__nextgen_prospective_023__cluster_3water__equilibrium,nextgen_prospective_023,matched_full,0.35451620139148865,0.5090236759430707,0.000721895288324827
2,nextgen_prospective__nextgen_prospective_023__cluster_3water__equilibrium,nextgen_prospective_023,without_global,0.3197182184979346,0.45905981787859634,0.0010991390484252038
2,nextgen_prospective__nextgen_prospective_023__cluster_3water__orientation,nextgen_prospective_023,published_glider,0.27781590965695047,0.5190770915315436,0.0008371099843585113
2,nextgen_prospective__nextgen_prospective_023__cluster_3water__orientation,nextgen_prospective_023,matched_full,0.27781590965695047,0.5190770915315436,0.0008371099843585113
2,nextgen_prospective__nextgen_prospective_023__cluster_3water__orientation,nextgen_prospective_023,without_global,0.2607890454335943,0.487263740129618,0.0016145957466064088
2,nextgen_prospective__nextgen_prospective_024__cluster_3water__compressed,nextgen_prospective_024,published_glider,0.20467325898639094,0.6524736293076803,0.0033900469261164672
2,nextgen_prospective__nextgen_prospective_024__cluster_3water__compressed,nextgen_prospective_024,matched_full,0.20467325898639094,0.6524736293076803,0.0033900469261164672
2,nextgen_prospective__nextgen_prospective_024__cluster_3water__compressed,nextgen_prospective_024,without_global,0.1646397625905019,0.5248516780246429,0.0009800322390219572
2,nextgen_prospective__nextgen_prospective_024__cluster_3water__cooperative,nextgen_prospective_024,published_glider,0.21776857422745077,0.7007368695553345,0.000840180539998324
2,nextgen_prospective__nextgen_prospective_024__cluster_3water__cooperative,nextgen_prospective_024,matched_full,0.21776857422745077,0.7007368695553345,0.000840180539998324
2,nextgen_prospective__nextgen_prospective_024__cluster_3water__cooperative,nextgen_prospective_024,without_global,0.2455819591327493,0.7902349265611176,0.00047469616079559676
2,nextgen_prospective__nextgen_prospective_024__cluster_3water__equilibrium,nextgen_prospective_024,published_glider,0.12090050352070737,0.7858510738336424,0.005806030984192326
2,nextgen_prospective__nextgen_prospective_024__cluster_3water__equilibrium,nextgen_prospective_024,matched_full,0.12090050352070737,0.7858510738336424,0.005806030984192326
2,nextgen_prospective__nextgen_prospective_024__cluster_3water__equilibrium,nextgen_prospective_024,without_global,0.13605920551210926,0.8843823610571652,0.0021894766994555843
2,nextgen_prospective__nextgen_prospective_024__cluster_3water__orientation,nextgen_prospective_024,published_glider,0.12315403554391044,0.7846259367697697,0.0032574945639358677
2,nextgen_prospective__nextgen_prospective_024__cluster_3water__orientation,nextgen_prospective_024,matched_full,0.12315403554391044,0.7846259367697697,0.0032574945639358677
2,nextgen_prospective__nextgen_prospective_024__cluster_3water__orientation,nextgen_prospective_024,without_global,0.1451010153667551,0.9244522082087342,0.003105410206895576
3,canonical_p3__mobley_1278715__cluster_3water__compressed,mobley_1278715,published_glider,1.0554570683647073,2.0354436310095276,0.0158952580127994
3,canonical_p3__mobley_1278715__cluster_3water__compressed,mobley_1278715,matched_full,1.0554570683647073,2.0354436310095276,0.0158952580127994
3,canonical_p3__mobley_1278715__cluster_3water__compressed,mobley_1278715,without_global,0.9466006781441426,1.8255146317064757,0.018803764901023562
3,canonical_p3__mobley_1278715__cluster_3water__cooperative,mobley_1278715,published_glider,0.9251342002476788,1.3214938526092428,0.020747881011168354
3,canonical_p3__mobley_1278715__cluster_3water__cooperative,mobley_1278715,matched_full,0.9251342002476788,1.3214938526092428,0.020747881011168354
3,canonical_p3__mobley_1278715__cluster_3water__cooperative,mobley_1278715,without_global,0.8333998149169967,1.1904572675873846,0.026289528066289387
3,canonical_p3__mobley_1278715__cluster_3water__equilibrium,mobley_1278715,published_glider,0.2561140012516327,1.3840235698718926,0.006923264009194643
3,canonical_p3__mobley_1278715__cluster_3water__equilibrium,mobley_1278715,matched_full,0.2561140012516327,1.3840235698718926,0.006923264009194643
3,canonical_p3__mobley_1278715__cluster_3water__equilibrium,mobley_1278715,without_global,0.2527828951304892,1.366022486905415,0.006134910462470055
3,canonical_p3__mobley_1278715__cluster_3water__orientation,mobley_1278715,published_glider,0.6369550137744924,1.799269564306988,0.05793097734683686
3,canonical_p3__mobley_1278715__cluster_3water__orientation,mobley_1278715,matched_full,0.6369550137744924,1.799269564306988,0.05793097734683686
3,canonical_p3__mobley_1278715__cluster_3water__orientation,mobley_1278715,without_global,0.5825988070708146,1.645724233415327,0.04107224218960956
3,canonical_p3__mobley_1352110__cluster_3water__compressed,mobley_1352110,published_glider,0.17746686993357236,0.402890186648472,0.006851502437505896
3,canonical_p3__mobley_1352110__cluster_3water__compressed,mobley_1352110,matched_full,0.17746686993357236,0.402890186648472,0.006851502437505896
3,canonical_p3__mobley_1352110__cluster_3water__compressed,mobley_1352110,without_global,0.1877590086226542,0.4262556839889518,0.0015819795832226681
3,canonical_p3__mobley_1352110__cluster_3water__cooperative,mobley_1352110,published_glider,0.21485177130872865,0.35499107411757747,0.00014876639254771739
3,canonical_p3__mobley_1352110__cluster_3water__cooperative,mobley_1352110,matched_full,0.21485177130872865,0.35499107411757747,0.00014876639254771739
3,canonical_p3__mobley_1352110__cluster_3water__cooperative,mobley_1352110,without_global,0.2506599275746869,0.41415547279854925,0.000940991986061387
3,canonical_p3__mobley_1352110__cluster_3water__equilibrium,mobley_1352110,published_glider,0.2974976149705558,0.535707348673435,0.0071376367750019465
3,canonical_p3__mobley_1352110__cluster_3water__equilibrium,mobley_1352110,matched_full,0.2974976149705558,0.535707348673435,0.0071376367750019465
3,canonical_p3__mobley_1352110__cluster_3water__equilibrium,mobley_1352110,without_global,0.3020909828278881,0.5439786785682201,0.003040327099673376
3,canonical_p3__mobley_1352110__cluster_3water__orientation,mobley_1352110,published_glider,0.29768508969953283,0.5213271283794163,0.0038530701753956994
3,canonical_p3__mobley_1352110__cluster_3water__orientation,mobley_1352110,matched_full,0.29768508969953283,0.5213271283794163,0.0038530701753956994
3,canonical_p3__mobley_1352110__cluster_3water__orientation,mobley_1352110,without_global,0.2678649284363555,0.46910395840192537,0.0007669939528125259
3,canonical_p3__mobley_1723043__cluster_3water__compressed,mobley_1723043,published_glider,0.2656975337388028,0.8755660015512227,0.006684335387857142
3,canonical_p3__mobley_1723043__cluster_3water__compressed,mobley_1723043,matched_full,0.2656975337388028,0.8755660015512227,0.006684335387857142
3,canonical_p3__mobley_1723043__cluster_3water__compressed,mobley_1723043,without_global,0.22237990434246424,0.7328193112318654,0.006050829068812334
3,canonical_p3__mobley_1723043__cluster_3water__cooperative,mobley_1723043,published_glider,0.3187647838800384,0.7068112436701294,0.001772638120827331
3,canonical_p3__mobley_1723043__cluster_3water__cooperative,mobley_1723043,matched_full,0.3187647838800384,0.7068112436701294,0.001772638120827331
3,canonical_p3__mobley_1723043__cluster_3water__cooperative,mobley_1723043,without_global,0.2048768341782819,0.45428245931723354,0.0002271069390748313
3,canonical_p3__mobley_1723043__cluster_3water__equilibrium,mobley_1723043,published_glider,0.6881160336526484,0.9490863488763095,0.0011032098770436746
3,canonical_p3__mobley_1723043__cluster_3water__equilibrium,mobley_1723043,matched_full,0.6881160336526484,0.9490863488763095,0.0011032098770436746
3,canonical_p3__mobley_1723043__cluster_3water__equilibrium,mobley_1723043,without_global,0.3482912962585632,0.4803819393028388,0.0027196588270424348
3,canonical_p3__mobley_1723043__cluster_3water__orientation,mobley_1723043,published_glider,0.49838139618615573,0.8058740203714104,0.0007759450419606914
3,canonical_p3__mobley_1723043__cluster_3water__orientation,mobley_1723043,matched_full,0.49838139618615573,0.8058740203714104,0.0007759450419606914
3,canonical_p3__mobley_1723043__cluster_3water__orientation,mobley_1723043,without_global,0.23408066372447833,0.3785043482971278,0.0005379781919800069
3,canonical_p3__mobley_172879__cluster_3water__compressed,mobley_172879,published_glider,0.20458532780650704,0.6768074817857824,0.011006759563645593
3,canonical_p3__mobley_172879__cluster_3water__compressed,mobley_172879,matched_full,0.20458532780650704,0.6768074817857824,0.011006759563645593
3,canonical_p3__mobley_172879__cluster_3water__compressed,mobley_172879,without_global,0.24174093212742762,0.7997253433171574,0.012002043734808369
3,canonical_p3__mobley_172879__cluster_3water__cooperative,mobley_172879,published_glider,0.2171185746791528,0.6176532689531814,0.006021786506475679
3,canonical_p3__mobley_172879__cluster_3water__cooperative,mobley_172879,matched_full,0.2171185746791528,0.6176532689531814,0.006021786506475679
3,canonical_p3__mobley_172879__cluster_3water__cooperative,mobley_172879,without_global,0.2405056863227231,0.6841843153151543,0.00839512056456172
3,canonical_p3__mobley_172879__cluster_3water__equilibrium,mobley_172879,published_glider,0.2877243764868148,0.8469822726442965,0.009258821595663378
3,canonical_p3__mobley_172879__cluster_3water__equilibrium,mobley_172879,matched_full,0.2877243764868148,0.8469822726442965,0.009258821595663378
3,canonical_p3__mobley_172879__cluster_3water__equilibrium,mobley_172879,without_global,0.2958934406357916,0.8710297746417314,0.0057488095654613025
3,canonical_p3__mobley_172879__cluster_3water__orientation,mobley_172879,published_glider,0.43281885531571257,0.9271415188472493,0.012967149369409152
3,canonical_p3__mobley_172879__cluster_3water__orientation,mobley_172879,matched_full,0.43281885531571257,0.9271415188472493,0.012967149369409152
3,canonical_p3__mobley_172879__cluster_3water__orientation,mobley_172879,without_global,0.47577997434380215,1.0191685566204218,0.007246967090848538
3,canonical_p3__mobley_2261979__cluster_3water__compressed,mobley_2261979,published_glider,0.18599979397381497,0.5646305897582182,0.009625396655594858
3,canonical_p3__mobley_2261979__cluster_3water__compressed,mobley_2261979,matched_full,0.18599979397381497,0.5646305897582182,0.009625396655594858
3,canonical_p3__mobley_2261979__cluster_3water__compressed,mobley_2261979,without_global,0.24331276701050428,0.7386128134754041,0.009130691603443753
3,canonical_p3__mobley_2261979__cluster_3water__cooperative,mobley_2261979,published_glider,0.10250060715089837,0.295998637542329,0.00021317372398827787
3,canonical_p3__mobley_2261979__cluster_3water__cooperative,mobley_2261979,matched_full,0.10250060715089837,0.295998637542329,0.00021317372398827787
3,canonical_p3__mobley_2261979__cluster_3water__cooperative,mobley_2261979,without_global,0.1897051086875159,0.5478255716442554,0.0003799534548436891
3,canonical_p3__mobley_2261979__cluster_3water__equilibrium,mobley_2261979,published_glider,0.14214273974282077,0.819976722342653,0.008453466066551256
3,canonical_p3__mobley_2261979__cluster_3water__equilibrium,mobley_2261979,matched_full,0.14214273974282077,0.819976722342653,0.008453466066551256
3,canonical_p3__mobley_2261979__cluster_3water__equilibrium,mobley_2261979,without_global,0.1183855631924513,0.6829290490310684,0.003055572806002807
3,canonical_p3__mobley_2261979__cluster_3water__orientation,mobley_2261979,published_glider,0.36598170327490165,0.6880303735404932,0.007127532724049951
3,canonical_p3__mobley_2261979__cluster_3water__orientation,mobley_2261979,matched_full,0.36598170327490165,0.6880303735404932,0.007127532724049951
3,canonical_p3__mobley_2261979__cluster_3water__orientation,mobley_2261979,without_global,0.37298017456847155,0.7011872083637645,0.00416709782625338
3,canonical_p3__mobley_2689721__cluster_3water__compressed,mobley_2689721,published_glider,0.15994663292841102,0.4369791499188041,0.0005683623271090564
3,canonical_p3__mobley_2689721__cluster_3water__compressed,mobley_2689721,matched_full,0.15994663292841102,0.4369791499188041,0.0005683623271090564
3,canonical_p3__mobley_2689721__cluster_3water__compressed,mobley_2689721,without_global,0.14508600071305672,0.39637944291760696,0.0002552612995235718
3,canonical_p3__mobley_2689721__cluster_3water__cooperative,mobley_2689721,published_glider,0.10441784068613894,0.24014255964538228,0.0001560463917938608
3,canonical_p3__mobley_2689721__cluster_3water__cooperative,mobley_2689721,matched_full,0.10441784068613894,0.24014255964538228,0.0001560463917938608
3,canonical_p3__mobley_2689721__cluster_3water__cooperative,mobley_2689721,without_global,0.1219517490365257,0.2804674466970675,0.0002490572952744293
3,canonical_p3__mobley_2689721__cluster_3water__equilibrium,mobley_2689721,published_glider,0.21603522648061432,0.5644976756006065,0.001108788008223794
3,canonical_p3__mobley_2689721__cluster_3water__equilibrium,mobley_2689721,matched_full,0.21603522648061432,0.5644976756006065,0.001108788008223794
3,canonical_p3__mobley_2689721__cluster_3water__equilibrium,mobley_2689721,without_global,0.17865307425104973,0.4668185221296293,0.0015817354748442394
3,canonical_p3__mobley_2689721__cluster_3water__orientation,mobley_2689721,published_glider,0.23811662882044096,0.40931502334835884,0.0009655906331483922
3,canonical_p3__mobley_2689721__cluster_3water__orientation,mobley_2689721,matched_full,0.23811662882044096,0.40931502334835884,0.0009655906331483922
3,canonical_p3__mobley_2689721__cluster_3water__orientation,mobley_2689721,without_global,0.25997618230841935,0.44689091080586046,0.00017376952008176967
3,canonical_p3__mobley_2727678__cluster_3water__compressed,mobley_2727678,published_glider,0.3753269245794763,1.1694270166106917,0.04616802384834435
3,canonical_p3__mobley_2727678__cluster_3water__compressed,mobley_2727678,matched_full,0.3753269245794763,1.1694270166106917,0.04616802384834435
3,canonical_p3__mobley_2727678__cluster_3water__compressed,mobley_2727678,without_global,0.4743464568314428,1.477947691798979,0.0829328060412486
3,canonical_p3__mobley_2727678__cluster_3water__cooperative,mobley_2727678,published_glider,0.2797303339877465,1.0009117099220195,0.026832167294763426
3,canonical_p3__mobley_2727678__cluster_3water__cooperative,mobley_2727678,matched_full,0.2797303339877465,1.0009117099220195,0.026832167294763426
3,canonical_p3__mobley_2727678__cluster_3water__cooperative,mobley_2727678,without_global,0.272445964516159,0.9748472835168741,0.021815289529264422
3,canonical_p3__mobley_2727678__cluster_3water__equilibrium,mobley_2727678,published_glider,0.9834699103718396,5.630785746965127,0.678673320399456
3,canonical_p3__mobley_2727678__cluster_3water__equilibrium,mobley_2727678,matched_full,0.9834699103718396,5.630785746965127,0.678673320399456
3,canonical_p3__mobley_2727678__cluster_3water__equilibrium,mobley_2727678,without_global,0.9482775729904009,5.429294567987551,0.5700250426772612
3,canonical_p3__mobley_2727678__cluster_3water__orientation,mobley_2727678,published_glider,1.0325704417541022,9.314398844761266,0.2787160408686955
3,canonical_p3__mobley_2727678__cluster_3water__orientation,mobley_2727678,matched_full,1.0325704417541022,9.314398844761266,0.2787160408686955
3,canonical_p3__mobley_2727678__cluster_3water__orientation,mobley_2727678,without_global,1.025484144060832,9.250476229529607,0.3462702371045237
3,canonical_p3__mobley_3047364__cluster_3water__compressed,mobley_3047364,published_glider,0.23797910811988432,0.4530186194459758,0.003250142928131953
3,canonical_p3__mobley_3047364__cluster_3water__compressed,mobley_3047364,matched_full,0.23797910811988432,0.4530186194459758,0.003250142928131953
3,canonical_p3__mobley_3047364__cluster_3water__compressed,mobley_3047364,without_global,0.25487810529440347,0.4851876633192118,0.0032232977036737256
3,canonical_p3__mobley_3047364__cluster_3water__cooperative,mobley_3047364,published_glider,8.40573291135712,13.172194920607643,2.5630034459605677
3,canonical_p3__mobley_3047364__cluster_3water__cooperative,mobley_3047364,matched_full,8.40573291135712,13.172194920607643,2.5630034459605677
3,canonical_p3__mobley_3047364__cluster_3water__cooperative,mobley_3047364,without_global,8.423909061763073,13.200677837990137,2.5537694497227683
3,canonical_p3__mobley_3047364__cluster_3water__equilibrium,mobley_3047364,published_glider,0.27395241894488365,0.5029503890098662,0.005838899714784236
3,canonical_p3__mobley_3047364__cluster_3water__equilibrium,mobley_3047364,matched_full,0.27395241894488365,0.5029503890098662,0.005838899714784236
3,canonical_p3__mobley_3047364__cluster_3water__equilibrium,mobley_3047364,without_global,0.4288338603458269,0.7872978735220778,0.014095642314295798
3,canonical_p3__mobley_3047364__cluster_3water__orientation,mobley_3047364,published_glider,0.31394604374104923,0.63607010009733,0.0009377906901972084
3,canonical_p3__mobley_3047364__cluster_3water__orientation,mobley_3047364,matched_full,0.31394604374104923,0.63607010009733,0.0009377906901972084
3,canonical_p3__mobley_3047364__cluster_3water__orientation,mobley_3047364,without_global,0.34602188279240015,0.7010573250133642,0.007020967361791488
3,canonical_p3__mobley_3709920__cluster_3water__compressed,mobley_3709920,published_glider,0.1464570126496949,0.26567362937667927,0.0003064687603230777
3,canonical_p3__mobley_3709920__cluster_3water__compressed,mobley_3709920,matched_full,0.1464570126496949,0.26567362937667927,0.0003064687603230777
3,canonical_p3__mobley_3709920__cluster_3water__compressed,mobley_3709920,without_global,0.15669939910584796,0.2842533609583503,5.691061909217527e-05
3,canonical_p3__mobley_3709920__cluster_3water__cooperative,mobley_3709920,published_glider,0.1883126237799322,0.2895853407986527,0.0002638287811025535
3,canonical_p3__mobley_3709920__cluster_3water__cooperative,mobley_3709920,matched_full,0.1883126237799322,0.2895853407986527,0.0002638287811025535
3,canonical_p3__mobley_3709920__cluster_3water__cooperative,mobley_3709920,without_global,0.18449015193297927,0.28370718037438547,9.77102248111566e-06
3,canonical_p3__mobley_3709920__cluster_3water__equilibrium,mobley_3709920,published_glider,0.2567969396036173,0.4974711923598892,0.006415241015994695
3,canonical_p3__mobley_3709920__cluster_3water__equilibrium,mobley_3709920,matched_full,0.2567969396036173,0.4974711923598892,0.006415241015994695
3,canonical_p3__mobley_3709920__cluster_3water__equilibrium,mobley_3709920,without_global,0.2421282767595012,0.46905482101741364,0.0024774023036472008
3,canonical_p3__mobley_3709920__cluster_3water__orientation,mobley_3709920,published_glider,0.4186101261486181,0.5384910454386386,0.0013753804484107769
3,canonical_p3__mobley_3709920__cluster_3water__orientation,mobley_3709920,matched_full,0.4186101261486181,0.5384910454386386,0.0013753804484107769
3,canonical_p3__mobley_3709920__cluster_3water__orientation,mobley_3709920,without_global,0.44542719636345635,0.5729879466685499,0.00020819460871883237
3,canonical_p3__mobley_3777264__cluster_3water__compressed,mobley_3777264,published_glider,0.20950128460565787,0.9620404357247798,0.011942463098164826
3,canonical_p3__mobley_3777264__cluster_3water__compressed,mobley_3777264,matched_full,0.20950128460565787,0.9620404357247798,0.011942463098164826
3,canonical_p3__mobley_3777264__cluster_3water__compressed,mobley_3777264,without_global,0.2510687758604679,1.1529204461936196,0.0088485992473202
3,canonical_p3__mobley_3777264__cluster_3water__cooperative,mobley_3777264,published_glider,0.19793075534521706,0.6407977485306572,0.003051730732115144
3,canonical_p3__mobley_3777264__cluster_3water__cooperative,mobley_3777264,matched_full,0.19793075534521706,0.6407977485306572,0.003051730732115144
3,canonical_p3__mobley_3777264__cluster_3water__cooperative,mobley_3777264,without_global,0.20113113747943048,0.6511589360200134,0.0058018811864434935
3,canonical_p3__mobley_3777264__cluster_3water__equilibrium,mobley_3777264,published_glider,0.1926471780988889,1.1287893106348272,0.011116888862966447
3,canonical_p3__mobley_3777264__cluster_3water__equilibrium,mobley_3777264,matched_full,0.1926471780988889,1.1287893106348272,0.011116888862966447
3,canonical_p3__mobley_3777264__cluster_3water__equilibrium,mobley_3777264,without_global,0.1730479836468087,1.013950560268054,0.002876123798773141
3,canonical_p3__mobley_3777264__cluster_3water__orientation,mobley_3777264,published_glider,0.3173234089078395,0.883095624647287,0.0017511735019425242
3,canonical_p3__mobley_3777264__cluster_3water__orientation,mobley_3777264,matched_full,0.3173234089078395,0.883095624647287,0.0017511735019425242
3,canonical_p3__mobley_3777264__cluster_3water__orientation,mobley_3777264,without_global,0.3009065777765664,0.8374083814889633,0.0006471412271750507
3,canonical_p3__mobley_4479135__cluster_3water__compressed,mobley_4479135,published_glider,0.23700537841130426,0.7134639477844036,0.006417490183222988
3,canonical_p3__mobley_4479135__cluster_3water__compressed,mobley_4479135,matched_full,0.23700537841130426,0.7134639477844036,0.006417490183222988
3,canonical_p3__mobley_4479135__cluster_3water__compressed,mobley_4479135,without_global,0.25288895663752564,0.7612787294665133,0.004198470301752732
3,canonical_p3__mobley_4479135__cluster_3water__cooperative,mobley_4479135,published_glider,0.24637064633696926,0.5583316490413818,0.003133854407372709
3,canonical_p3__mobley_4479135__cluster_3water__cooperative,mobley_4479135,matched_full,0.24637064633696926,0.5583316490413818,0.003133854407372709
3,canonical_p3__mobley_4479135__cluster_3water__cooperative,mobley_4479135,without_global,0.3318626475727877,0.7520758744169832,0.002640221891481873
3,canonical_p3__mobley_4479135__cluster_3water__equilibrium,mobley_4479135,published_glider,0.42207226999013014,0.8691436216701113,0.010891087163153542
3,canonical_p3__mobley_4479135__cluster_3water__equilibrium,mobley_4479135,matched_full,0.42207226999013014,0.8691436216701113,0.010891087163153542
3,canonical_p3__mobley_4479135__cluster_3water__equilibrium,mobley_4479135,without_global,0.4716955736069765,0.9713293867425002,0.006027034687785895
3,canonical_p3__mobley_4479135__cluster_3water__orientation,mobley_4479135,published_glider,0.4341444566900268,0.868789319809012,0.009763577283317193
3,canonical_p3__mobley_4479135__cluster_3water__orientation,mobley_4479135,matched_full,0.4341444566900268,0.868789319809012,0.009763577283317193
3,canonical_p3__mobley_4479135__cluster_3water__orientation,mobley_4479135,without_global,0.5093362978175627,1.019259670176795,0.007945956380075857
3,canonical_p3__mobley_4934872__cluster_3water__compressed,mobley_4934872,published_glider,0.1775443619105732,0.41067070269062395,0.0015762965656578507
3,canonical_p3__mobley_4934872__cluster_3water__compressed,mobley_4934872,matched_full,0.1775443619105732,0.41067070269062395,0.0015762965656578507
3,canonical_p3__mobley_4934872__cluster_3water__compressed,mobley_4934872,without_global,0.22152527461859572,0.5124011780062864,0.0028671885885212024
3,canonical_p3__mobley_4934872__cluster_3water__cooperative,mobley_4934872,published_glider,0.2394629569071374,0.45359248446274114,0.00034772539306918105
3,canonical_p3__mobley_4934872__cluster_3water__cooperative,mobley_4934872,matched_full,0.2394629569071374,0.45359248446274114,0.00034772539306918105
3,canonical_p3__mobley_4934872__cluster_3water__cooperative,mobley_4934872,without_global,0.2764444715039623,0.5236431399036743,0.001301388588302684
3,canonical_p3__mobley_4934872__cluster_3water__equilibrium,mobley_4934872,published_glider,0.22806866450775257,0.6100281490070536,0.004558145853738858
3,canonical_p3__mobley_4934872__cluster_3water__equilibrium,mobley_4934872,matched_full,0.22806866450775257,0.6100281490070536,0.004558145853738858
3,canonical_p3__mobley_4934872__cluster_3water__equilibrium,mobley_4934872,without_global,0.217270040653418,0.5811444593695445,0.0011387184562999936
3,canonical_p3__mobley_4934872__cluster_3water__orientation,mobley_4934872,published_glider,0.2782054811827102,0.6716228928215074,0.0037152532305578245
3,canonical_p3__mobley_4934872__cluster_3water__orientation,mobley_4934872,matched_full,0.2782054811827102,0.6716228928215074,0.0037152532305578245
3,canonical_p3__mobley_4934872__cluster_3water__orientation,mobley_4934872,without_global,0.2932678041611776,0.7079852279142743,0.0028285818500187877
3,canonical_p3__mobley_5200358__cluster_3water__compressed,mobley_5200358,published_glider,0.27483656688338814,1.3594937022876727,0.004305718430899354
3,canonical_p3__mobley_5200358__cluster_3water__compressed,mobley_5200358,matched_full,0.27483656688338814,1.3594937022876727,0.004305718430899354
3,canonical_p3__mobley_5200358__cluster_3water__compressed,mobley_5200358,without_global,0.2338610925126718,1.1568063379862745,0.029949326071891425
3,canonical_p3__mobley_5200358__cluster_3water__cooperative,mobley_5200358,published_glider,0.3409962066759921,0.6630157918593819,0.009407555875762268
3,canonical_p3__mobley_5200358__cluster_3water__cooperative,mobley_5200358,matched_full,0.3409962066759921,0.6630157918593819,0.009407555875762268
3,canonical_p3__mobley_5200358__cluster_3water__cooperative,mobley_5200358,without_global,0.4585629570564917,0.8916066400089814,0.021927878286860502
3,canonical_p3__mobley_5200358__cluster_3water__equilibrium,mobley_5200358,published_glider,0.4814573983586546,1.1944468304329119,0.009951365260726196
3,canonical_p3__mobley_5200358__cluster_3water__equilibrium,mobley_5200358,matched_full,0.4814573983586546,1.1944468304329119,0.009951365260726196
3,canonical_p3__mobley_5200358__cluster_3water__equilibrium,mobley_5200358,without_global,0.5274397857762905,1.3085244561874942,0.016045443101420195
3,canonical_p3__mobley_5200358__cluster_3water__orientation,mobley_5200358,published_glider,0.38986474958366607,0.9600028604044831,0.012739252914458708
3,canonical_p3__mobley_5200358__cluster_3water__orientation,mobley_5200358,matched_full,0.38986474958366607,0.9600028604044831,0.012739252914458708
3,canonical_p3__mobley_5200358__cluster_3water__orientation,mobley_5200358,without_global,0.4751714357915309,1.170062022866934,0.006990947936930731
3,canonical_p3__mobley_6239320__cluster_3water__compressed,mobley_6239320,published_glider,0.2821808017043073,1.251353183641951,0.005394074108580085
3,canonical_p3__mobley_6239320__cluster_3water__compressed,mobley_6239320,matched_full,0.2821808017043073,1.251353183641951,0.005394074108580085
3,canonical_p3__mobley_6239320__cluster_3water__compressed,mobley_6239320,without_global,0.2873453718172259,1.274255880118499,0.011126959161219111
3,canonical_p3__mobley_6239320__cluster_3water__cooperative,mobley_6239320,published_glider,0.22703586716092752,0.7056657953673123,0.005854038237251569
3,canonical_p3__mobley_6239320__cluster_3water__cooperative,mobley_6239320,matched_full,0.22703586716092752,0.7056657953673123,0.005854038237251569
3,canonical_p3__mobley_6239320__cluster_3water__cooperative,mobley_6239320,without_global,0.2465677233352605,0.7663741010399618,0.011719227026225035
3,canonical_p3__mobley_6239320__cluster_3water__equilibrium,mobley_6239320,published_glider,0.3617174315289606,1.1653514788374975,0.00348444633734167
3,canonical_p3__mobley_6239320__cluster_3water__equilibrium,mobley_6239320,matched_full,0.3617174315289606,1.1653514788374975,0.00348444633734167
3,canonical_p3__mobley_6239320__cluster_3water__equilibrium,mobley_6239320,without_global,0.3477738432695782,1.1204291726890545,0.004202066342594227
3,canonical_p3__mobley_6239320__cluster_3water__orientation,mobley_6239320,published_glider,0.26157752816465873,0.8152720727885499,0.001660541905249637
3,canonical_p3__mobley_6239320__cluster_3water__orientation,mobley_6239320,matched_full,0.26157752816465873,0.8152720727885499,0.001660541905249637
3,canonical_p3__mobley_6239320__cluster_3water__orientation,mobley_6239320,without_global,0.2850576918116354,0.8884539008308846,0.0010319040147959058
3,canonical_p3__mobley_7578802__cluster_3water__compressed,mobley_7578802,published_glider,0.47430454142433853,3.216229473964268,0.01720088343743657
3,canonical_p3__mobley_7578802__cluster_3water__compressed,mobley_7578802,matched_full,0.47430454142433853,3.216229473964268,0.01720088343743657
3,canonical_p3__mobley_7578802__cluster_3water__compressed,mobley_7578802,without_global,0.38206511635447366,2.5907596931345567,0.07053215060772725
3,canonical_p3__mobley_7578802__cluster_3water__cooperative,mobley_7578802,published_glider,0.8434033958389449,1.2234478218688585,0.012562919500966432
3,canonical_p3__mobley_7578802__cluster_3water__cooperative,mobley_7578802,matched_full,0.8434033958389449,1.2234478218688585,0.012562919500966432
3,canonical_p3__mobley_7578802__cluster_3water__cooperative,mobley_7578802,without_global,0.8521253898000806,1.2361000172083028,0.0160964127539996
3,canonical_p3__mobley_7578802__cluster_3water__equilibrium,mobley_7578802,published_glider,0.18445425124120898,1.2496257244438014,0.006666776081962987
3,canonical_p3__mobley_7578802__cluster_3water__equilibrium,mobley_7578802,matched_full,0.18445425124120898,1.2496257244438014,0.006666776081962987
3,canonical_p3__mobley_7578802__cluster_3water__equilibrium,mobley_7578802,without_global,0.1886679638811151,1.2781724436156732,0.008523331409560476
3,canonical_p3__mobley_7578802__cluster_3water__orientation,mobley_7578802,published_glider,0.15132089229481696,1.3162567547771027,0.017077805631410373
3,canonical_p3__mobley_7578802__cluster_3water__orientation,mobley_7578802,matched_full,0.15132089229481696,1.3162567547771027,0.017077805631410373
3,canonical_p3__mobley_7578802__cluster_3water__orientation,mobley_7578802,without_global,0.18579173514309333,1.6160995527795425,0.028536194249580215
3,canonical_p3__mobley_8337722__cluster_3water__compressed,mobley_8337722,published_glider,0.1655896321828363,0.3492787971864243,0.0011597191105996404
3,canonical_p3__mobley_8337722__cluster_3water__compressed,mobley_8337722,matched_full,0.1655896321828363,0.3492787971864243,0.0011597191105996404
3,canonical_p3__mobley_8337722__cluster_3water__compressed,mobley_8337722,without_global,0.17299240383531003,0.3648934896314613,0.0012156424976179124
3,canonical_p3__mobley_8337722__cluster_3water__cooperative,mobley_8337722,published_glider,0.1619551403139141,0.36293550462398855,0.0021023387293923794
3,canonical_p3__mobley_8337722__cluster_3water__cooperative,mobley_8337722,matched_full,0.1619551403139141,0.36293550462398855,0.0021023387293923794
3,canonical_p3__mobley_8337722__cluster_3water__cooperative,mobley_8337722,without_global,0.1563341021047882,0.3503389650205799,0.0018213744732283016
3,canonical_p3__mobley_8337722__cluster_3water__equilibrium,mobley_8337722,published_glider,0.20515341379237578,0.5600980252988625,0.000228980042515193
3,canonical_p3__mobley_8337722__cluster_3water__equilibrium,mobley_8337722,matched_full,0.20515341379237578,0.5600980252988625,0.000228980042515193
3,canonical_p3__mobley_8337722__cluster_3water__equilibrium,mobley_8337722,without_global,0.24441694852733542,0.6672930646831962,0.0008258432386448446
3,canonical_p3__mobley_8337722__cluster_3water__orientation,mobley_8337722,published_glider,0.1872474522614281,0.540359890541527,0.0011174552241971583
3,canonical_p3__mobley_8337722__cluster_3water__orientation,mobley_8337722,matched_full,0.1872474522614281,0.540359890541527,0.0011174552241971583
3,canonical_p3__mobley_8337722__cluster_3water__orientation,mobley_8337722,without_global,0.19498110026661297,0.5626777012198474,0.00017588639233618802
3,canonical_p3__mobley_9007496__cluster_3water__compressed,mobley_9007496,published_glider,0.2666158337564206,1.2306462057890695,0.011705598600833094
3,canonical_p3__mobley_9007496__cluster_3water__compressed,mobley_9007496,matched_full,0.2666158337564206,1.2306462057890695,0.011705598600833094
3,canonical_p3__mobley_9007496__cluster_3water__compressed,mobley_9007496,without_global,0.2726386772682976,1.25844646585436,0.02120092609265804
3,canonical_p3__mobley_9007496__cluster_3water__cooperative,mobley_9007496,published_glider,0.22231022712806867,0.5391211622784018,0.004856716408175224
3,canonical_p3__mobley_9007496__cluster_3water__cooperative,mobley_9007496,matched_full,0.22231022712806867,0.5391211622784018,0.004856716408175224
3,canonical_p3__mobley_9007496__cluster_3water__cooperative,mobley_9007496,without_global,0.3230476007858555,0.783417840271416,0.009597172147998814
3,canonical_p3__mobley_9007496__cluster_3water__equilibrium,mobley_9007496,published_glider,0.19382290754080744,1.0407035538357736,0.025890632357025187
3,canonical_p3__mobley_9007496__cluster_3water__equilibrium,mobley_9007496,matched_full,0.19382290754080744,1.0407035538357736,0.025890632357025187
3,canonical_p3__mobley_9007496__cluster_3water__equilibrium,mobley_9007496,without_global,0.19744983270390182,1.0601777942886674,0.010628366620661397
3,canonical_p3__mobley_9007496__cluster_3water__orientation,mobley_9007496,published_glider,0.21190905622817735,0.8450230985866645,0.0050257867597176325
3,canonical_p3__mobley_9007496__cluster_3water__orientation,mobley_9007496,matched_full,0.21190905622817735,0.8450230985866645,0.0050257867597176325
3,canonical_p3__mobley_9007496__cluster_3water__orientation,mobley_9007496,without_global,0.21734689601191934,0.8667074017753288,0.002410999863341608
3,canonical_p3__mobley_9460824__cluster_3water__compressed,mobley_9460824,published_glider,0.3338247064803021,0.6529973109225914,0.007725875141948027
3,canonical_p3__mobley_9460824__cluster_3water__compressed,mobley_9460824,matched_full,0.3338247064803021,0.6529973109225914,0.007725875141948027
3,canonical_p3__mobley_9460824__cluster_3water__compressed,mobley_9460824,without_global,0.3159025868450883,0.6179397022416169,0.010464195298418575
3,canonical_p3__mobley_9460824__cluster_3water__cooperative,mobley_9460824,published_glider,0.3202926590388738,0.6129167880692035,0.004371199793206553
3,canonical_p3__mobley_9460824__cluster_3water__cooperative,mobley_9460824,matched_full,0.3202926590388738,0.6129167880692035,0.004371199793206553
3,canonical_p3__mobley_9460824__cluster_3water__cooperative,mobley_9460824,without_global,0.2977128607557982,0.5697077508079609,0.008573909721818129
3,canonical_p3__mobley_9460824__cluster_3water__equilibrium,mobley_9460824,published_glider,0.41888168274822063,0.7331166922993836,0.004481849909679862
3,canonical_p3__mobley_9460824__cluster_3water__equilibrium,mobley_9460824,matched_full,0.41888168274822063,0.7331166922993836,0.004481849909679862
3,canonical_p3__mobley_9460824__cluster_3water__equilibrium,mobley_9460824,without_global,0.3319372614000664,0.5809486476752993,0.0038536131714196294
3,canonical_p3__mobley_9460824__cluster_3water__orientation,mobley_9460824,published_glider,0.3576955560559833,0.8635996133905313,0.0135673767313315
3,canonical_p3__mobley_9460824__cluster_3water__orientation,mobley_9460824,matched_full,0.3576955560559833,0.8635996133905313,0.0135673767313315
3,canonical_p3__mobley_9460824__cluster_3water__orientation,mobley_9460824,without_global,0.2907003302743315,0.7018501868055652,0.00590046304090831
3,canonical_p3__mobley_9534740__cluster_3water__compressed,mobley_9534740,published_glider,0.23361879895211693,0.6675661182635576,0.0033902509398774238
3,canonical_p3__mobley_9534740__cluster_3water__compressed,mobley_9534740,matched_full,0.23361879895211693,0.6675661182635576,0.0033902509398774238
3,canonical_p3__mobley_9534740__cluster_3water__compressed,mobley_9534740,without_global,0.2924883564074746,0.8357859795531514,0.003139146245641188
3,canonical_p3__mobley_9534740__cluster_3water__cooperative,mobley_9534740,published_glider,0.22747275601192843,0.6548345946646824,0.001281705104512967
3,canonical_p3__mobley_9534740__cluster_3water__cooperative,mobley_9534740,matched_full,0.22747275601192843,0.6548345946646824,0.001281705104512967
3,canonical_p3__mobley_9534740__cluster_3water__cooperative,mobley_9534740,without_global,0.2889823747469162,0.8319047060858177,0.0024841776337481054
3,canonical_p3__mobley_9534740__cluster_3water__equilibrium,mobley_9534740,published_glider,0.2301985953053078,0.9075424579250817,0.0036027950344366434
3,canonical_p3__mobley_9534740__cluster_3water__equilibrium,mobley_9534740,matched_full,0.2301985953053078,0.9075424579250817,0.0036027950344366434
3,canonical_p3__mobley_9534740__cluster_3water__equilibrium,mobley_9534740,without_global,0.24801712611842203,0.9777908155629731,0.0033958123671269376
3,canonical_p3__mobley_9534740__cluster_3water__orientation,mobley_9534740,published_glider,0.27816363430912283,1.172628630282823,0.007342028750661616
3,canonical_p3__mobley_9534740__cluster_3water__orientation,mobley_9534740,matched_full,0.27816363430912283,1.172628630282823,0.007342028750661616
3,canonical_p3__mobley_9534740__cluster_3water__orientation,mobley_9534740,without_global,0.304258638279009,1.282634917907132,0.004956528401439662
3,canonical_p3__mobley_9741965__cluster_3water__compressed,mobley_9741965,published_glider,0.3198028434473336,1.1769304277090589,0.00753869859746668
3,canonical_p3__mobley_9741965__cluster_3water__compressed,mobley_9741965,matched_full,0.3198028434473336,1.1769304277090589,0.00753869859746668
3,canonical_p3__mobley_9741965__cluster_3water__compressed,mobley_9741965,without_global,0.3589730514846623,1.3210836478677097,0.014145707244102886
3,canonical_p3__mobley_9741965__cluster_3water__cooperative,mobley_9741965,published_glider,0.3060467573743794,0.7152856933936973,0.002006179768703801
3,canonical_p3__mobley_9741965__cluster_3water__cooperative,mobley_9741965,matched_full,0.3060467573743794,0.7152856933936973,0.002006179768703801
3,canonical_p3__mobley_9741965__cluster_3water__cooperative,mobley_9741965,without_global,0.33640454327422165,0.7862372372805133,0.0023013575881478295
3,canonical_p3__mobley_9741965__cluster_3water__equilibrium,mobley_9741965,published_glider,0.3691927953804033,1.2484564754298768,0.012678902963695544
3,canonical_p3__mobley_9741965__cluster_3water__equilibrium,mobley_9741965,matched_full,0.3691927953804033,1.2484564754298768,0.012678902963695544
3,canonical_p3__mobley_9741965__cluster_3water__equilibrium,mobley_9741965,without_global,0.3531778784615137,1.1943006875027098,0.009718365019575742
3,canonical_p3__mobley_9741965__cluster_3water__orientation,mobley_9741965,published_glider,0.46085216565244125,1.4790107887976902,0.007429232392863421
3,canonical_p3__mobley_9741965__cluster_3water__orientation,mobley_9741965,matched_full,0.46085216565244125,1.4790107887976902,0.007429232392863421
3,canonical_p3__mobley_9741965__cluster_3water__orientation,mobley_9741965,without_global,0.4519046384386328,1.4502955298305358,0.015620931286071107
