configuration,environment,probe_index,projected_x_A,projected_y_A,qm_response_esp_hartree_per_e,induced_dipole_norm_D
nextgen_prospective__nextgen_prospective_022__cluster_3water__equilibrium,equilibrium,0,-2.407186151217661,-0.28868712581459394,0.002107087575778266,0.46380673013941087
nextgen_prospective__nextgen_prospective_022__cluster_3water__equilibrium,equilibrium,1,-1.118743386256447,0.4534284016679824,0.0032544503791256396,0.46380673013941087
nextgen_prospective__nextgen_prospective_022__cluster_3water__equilibrium,equilibrium,2,-1.784854071968721,-1.539819867115814,0.002139160571771548,0.46380673013941087
nextgen_prospective__nextgen_prospective_022__cluster_3water__equilibrium,equilibrium,3,-2.5723550749070228,0.8738729025061116,0.0018901273509395189,0.46380673013941087
nextgen_prospective__nextgen_prospective_022__cluster_3water__equilibrium,equilibrium,4,-0.08941387655901256,-0.4755734704987225,0.0031284255229295788,0.46380673013941087
nextgen_prospective__nextgen_prospective_022__cluster_3water__equilibrium,equilibrium,5,-2.9266838915495477,-1.2759721589756974,0.0017383772087002924,0.46380673013941087
nextgen_prospective__nextgen_prospective_022__cluster_3water__equilibrium,equilibrium,6,-0.5240979261591445,-1.962706927214033,0.0020873372002743196,0.46380673013941087
nextgen_prospective__nextgen_prospective_022__cluster_3water__equilibrium,equilibrium,7,-2.0437668078460365,-2.22402979631013,0.001911267670763106,0.46380673013941087
nextgen_prospective__nextgen_prospective_022__cluster_3water__equilibrium,equilibrium,8,-1.9129957125521813,1.769363580580592,0.0006980312255464582,0.46380673013941087
nextgen_prospective__nextgen_prospective_022__cluster_3water__equilibrium,equilibrium,9,-3.0755032590408855,-0.8139647347612591,0.0013822414994892895,0.46380673013941087
nextgen_prospective__nextgen_prospective_022__cluster_3water__equilibrium,equilibrium,10,-2.4928377610627495,1.0209394761360646,0.00039336545566825976,0.46380673013941087
nextgen_prospective__nextgen_prospective_022__cluster_3water__equilibrium,equilibrium,11,-2.0717940037758766,-1.7002420665859486,0.001644219968285121,0.46380673013941087
nextgen_prospective__nextgen_prospective_022__cluster_3water__equilibrium,equilibrium,12,-2.1877378819968833,-0.10463923603546756,0.0008780128050949187,0.46380673013941087
nextgen_prospective__nextgen_prospective_022__cluster_3water__equilibrium,equilibrium,13,-0.7476945824084179,-1.510496544880399,0.0015726005417100453,0.46380673013941087
nextgen_prospective__nextgen_prospective_022__cluster_3water__equilibrium,equilibrium,14,-0.9890367805541466,0.6044578789636748,0.00011919459633125129,0.46380673013941087
nextgen_prospective__nextgen_prospective_022__cluster_3water__equilibrium,equilibrium,15,0.11816699958770799,-0.40630258892146337,0.0014604471487840165,0.46380673013941087
nextgen_prospective__nextgen_prospective_022__cluster_3water__equilibrium,equilibrium,16,-2.7706423432397824,-0.29791567920740075,0.0016070298864487853,0.46380673013941087
nextgen_prospective__nextgen_prospective_022__cluster_3water__equilibrium,equilibrium,17,-1.114073074003936,0.6562328561273401,0.002653333497601107,0.46380673013941087
nextgen_prospective__nextgen_prospective_022__cluster_3water__equilibrium,equilibrium,18,-1.970501098491145,-1.906514918023255,0.0016133088976628684,0.46380673013941087
nextgen_prospective__nextgen_prospective_022__cluster_3water__equilibrium,equilibrium,19,-2.9830023879832477,1.1968043572049347,0.0013931211422186784,0.46380673013941087
nextgen_prospective__nextgen_prospective_022__cluster_3water__equilibrium,equilibrium,20,0.20935058132133721,-0.538198122372709,0.0025556603760299446,0.46380673013941087
nextgen_prospective__nextgen_prospective_022__cluster_3water__equilibrium,equilibrium,21,-3.4385680093807798,-1.5672821504145338,0.0012979060791453723,0.46380673013941087
nextgen_prospective__nextgen_prospective_022__cluster_3water__equilibrium,equilibrium,22,-0.3495289110216898,-2.4502268524352506,0.0015013160676735637,0.46380673013941087
nextgen_prospective__nextgen_prospective_022__cluster_3water__equilibrium,equilibrium,23,-3.811292518162481,0.5301854798840628,0.0008912306448798368,0.46380673013941087
nextgen_prospective__nextgen_prospective_022__cluster_3water__equilibrium,equilibrium,24,0.8972993763296995,0.8743121744446269,0.0055662701392962255,0.46380673013941087
nextgen_prospective__nextgen_prospective_022__cluster_3water__equilibrium,equilibrium,25,-2.303388901761979,-2.7862133984159474,0.001368219977474272,0.46380673013941087
nextgen_prospective__nextgen_prospective_022__cluster_3water__equilibrium,equilibrium,26,-2.135254636384165,2.3481495147292675,-0.0002556723681790274,0.46380673013941087
nextgen_prospective__nextgen_prospective_022__cluster_3water__equilibrium,equilibrium,27,-3.6299071961553575,-0.9732726049959701,0.0009691188814764384,0.46380673013941087
nextgen_prospective__nextgen_prospective_022__cluster_3water__equilibrium,equilibrium,28,-0.5070753481300813,-2.951999199944206,0.001231979670900163,0.46380673013941087
nextgen_prospective__nextgen_prospective_022__cluster_3water__equilibrium,equilibrium,29,-2.880765841612039,1.3858899518720176,-3.2752153336979006e-05,0.46380673013941087
nextgen_prospective__nextgen_prospective_022__cluster_3water__equilibrium,equilibrium,30,-2.3394238679574886,-2.112772031627714,0.0011287721588351118,0.46380673013941087
nextgen_prospective__nextgen_prospective_022__cluster_3water__equilibrium,equilibrium,31,-2.488494568527354,-0.06128267806280966,0.0004783386948155055,0.46380673013941087
nextgen_prospective__nextgen_prospective_022__cluster_3water__equilibrium,equilibrium,32,-0.6370103261993274,-1.8688135037205793,0.0010380993289538232,0.46380673013941087
nextgen_prospective__nextgen_prospective_022__cluster_3water__equilibrium,equilibrium,33,-0.9473074381009782,0.8504136126503732,-0.0003914220717038397,0.46380673013941087
nextgen_prospective__nextgen_prospective_022__cluster_3water__equilibrium,equilibrium,34,0.4762402792242635,-0.44913556034480434,0.0009753625893305085,0.46380673013941087
nextgen_prospective__nextgen_prospective_022__cluster_3water__equilibrium,equilibrium,35,-1.3952027895747614,0.4315121408059106,0.003066906232260358,0.46380673013941087
nextgen_prospective__nextgen_prospective_022__cluster_3water__equilibrium,equilibrium,36,0.017927984898828075,1.2454452999803491,0.004395544277345564,0.46380673013941087
nextgen_prospective__nextgen_prospective_022__cluster_3water__equilibrium,equilibrium,37,-0.712645025237214,-0.9406979625567178,0.00280470352412987,0.46380673013941087
nextgen_prospective__nextgen_prospective_022__cluster_3water__equilibrium,equilibrium,38,-1.5763558026534163,1.7065779783189423,0.0030019612056544354,0.46380673013941087
nextgen_prospective__nextgen_prospective_022__cluster_3water__equilibrium,equilibrium,39,1.1468700277927888,0.22654002082976948,0.00349015185219681,0.46380673013941087
nextgen_prospective__nextgen_prospective_022__cluster_3water__equilibrium,equilibrium,40,0.6701197798442569,-1.40450957685799,0.0017802845247234522,0.46380673013941087
nextgen_prospective__nextgen_prospective_022__cluster_3water__equilibrium,equilibrium,41,1.7337224048966964,1.4314771199069234,0.0058176459329599695,0.46380673013941087
nextgen_prospective__nextgen_prospective_022__cluster_3water__equilibrium,equilibrium,42,-1.4891432648887295,1.8678768010098585,-0.001903537505958841,0.46380673013941087
nextgen_prospective__nextgen_prospective_022__cluster_3water__equilibrium,equilibrium,43,-1.0273533375418364,-1.116644891007833,0.0020588235727796445,0.46380673013941087
nextgen_prospective__nextgen_prospective_022__cluster_3water__equilibrium,equilibrium,44,-1.1545175910745538,0.6333711166926943,5.0802855817266845e-05,0.46380673013941087
nextgen_prospective__nextgen_prospective_022__cluster_3water__equilibrium,equilibrium,45,1.80694539036406,1.457474200357561,-0.00033278772495570763,0.46380673013941087
nextgen_prospective__nextgen_prospective_022__cluster_3water__equilibrium,equilibrium,46,0.4248847375063437,-0.9085368994598115,0.0013512327161375737,0.46380673013941087
nextgen_prospective__nextgen_prospective_022__cluster_3water__equilibrium,equilibrium,47,0.16018684276586737,1.4110905331433665,-0.0016903139614758977,0.46380673013941087
nextgen_prospective__nextgen_prospective_022__cluster_3water__equilibrium,equilibrium,48,1.3745393758246756,0.3025145361080537,0.0009830609299150694,0.46380673013941087
nextgen_prospective__nextgen_prospective_022__cluster_3water__equilibrium,equilibrium,49,-1.7938321614699915,0.42139050160089664,0.0022183987250099513,0.46380673013941087
nextgen_prospective__nextgen_prospective_022__cluster_3water__equilibrium,equilibrium,50,0.02305026285319478,1.467875991968032,0.00312469950427241,0.46380673013941087
nextgen_prospective__nextgen_prospective_022__cluster_3water__equilibrium,equilibrium,51,-0.9162578930360019,-1.3428796312939113,0.002070522401105279,0.46380673013941087
nextgen_prospective__nextgen_prospective_022__cluster_3water__equilibrium,equilibrium,52,-2.026743178285405,2.0607608641176522,0.0018153604599886464,0.46380673013941087
nextgen_prospective__nextgen_prospective_022__cluster_3water__equilibrium,equilibrium,53,1.4745471751454302,0.15785491877442953,0.0025462519413919082,0.46380673013941087
nextgen_prospective__nextgen_prospective_022__cluster_3water__equilibrium,equilibrium,54,-2.5263957953020526,-0.9708178861746687,0.0021849233689192893,0.46380673013941087
nextgen_prospective__nextgen_prospective_022__cluster_3water__equilibrium,equilibrium,55,0.8615825706401747,-1.9392088496812614,0.0011233322908776877,0.46380673013941087
nextgen_prospective__nextgen_prospective_022__cluster_3water__equilibrium,equilibrium,56,-2.9351904178368216,1.3296304825399214,0.0008870319515201786,0.46380673013941087
nextgen_prospective__nextgen_prospective_022__cluster_3water__equilibrium,equilibrium,57,2.2290716599933114,1.707059760445056,0.004333006124229044,0.46380673013941087
nextgen_prospective__nextgen_prospective_022__cluster_3water__equilibrium,equilibrium,58,2.508520145287184,-0.9493355388633747,-0.0030071946630689794,0.46380673013941087
nextgen_prospective__nextgen_prospective_022__cluster_3water__equilibrium,equilibrium,59,-2.736251677570944,-0.3193235460381796,0.0013393036967190852,0.46380673013941087
nextgen_prospective__nextgen_prospective_022__cluster_3water__equilibrium,equilibrium,60,0.6887897041341973,-2.4895398114652774,0.0005840698440944259,0.46380673013941087
nextgen_prospective__nextgen_prospective_022__cluster_3water__equilibrium,equilibrium,61,-1.9146127725879503,2.268145064720259,-0.0017920466468202,0.46380673013941087
nextgen_prospective__nextgen_prospective_022__cluster_3water__equilibrium,equilibrium,62,-1.3208828659990877,-1.5690971107310596,0.00143638207097041,0.46380673013941087
nextgen_prospective__nextgen_prospective_022__cluster_3water__equilibrium,equilibrium,63,2.187303825128428,-1.374877900324633,-0.0016301040925474908,0.46380673013941087
nextgen_prospective__nextgen_prospective_022__cluster_3water__equilibrium,equilibrium,64,-1.4843797633982958,0.68092347059819,-0.00014083016950072746,0.46380673013941087
nextgen_prospective__nextgen_prospective_022__cluster_3water__equilibrium,equilibrium,65,2.3232154984513502,1.740484578167304,-0.0002534987656508392,0.46380673013941087
nextgen_prospective__nextgen_prospective_022__cluster_3water__equilibrium,equilibrium,66,0.5462803733485724,-1.3015296930264606,0.000791557289157474,0.46380673013941087
nextgen_prospective__nextgen_prospective_022__cluster_3water__equilibrium,equilibrium,67,0.20595450868224552,1.6808484346061972,-0.0017162940334167764,0.46380673013941087
nextgen_prospective__nextgen_prospective_022__cluster_3water__equilibrium,equilibrium,68,1.7672649083292846,0.2555364384179378,0.0004908820188092022,0.46380673013941087
nextgen_prospective__nextgen_prospective_022__cluster_3water__equilibrium,equilibrium,69,-0.13700732395320475,-0.2886877403133642,0.003472073651189067,0.46380673013941087
nextgen_prospective__nextgen_prospective_022__cluster_3water__equilibrium,equilibrium,70,1.151435441008009,0.45342778716921206,0.0038404119122397162,0.46380673013941087
nextgen_prospective__nextgen_prospective_022__cluster_3water__equilibrium,equilibrium,71,0.48532475529573543,-1.5398204816145844,0.0018107965266169757,0.46380673013941087
nextgen_prospective__nextgen_prospective_022__cluster_3water__equilibrium,equilibrium,72,2.180764950705443,-0.47557408499749293,0.0011464922614896622,0.46380673013941087
nextgen_prospective__nextgen_prospective_022__cluster_3water__equilibrium,equilibrium,73,1.7460809011053118,-1.962707541712803,-0.0005546067442319114,0.46380673013941087
nextgen_prospective__nextgen_prospective_022__cluster_3water__equilibrium,equilibrium,74,2.7158362357119477,0.623045034749324,0.0015959460080869903,0.46380673013941087
nextgen_prospective__nextgen_prospective_022__cluster_3water__equilibrium,equilibrium,75,0.22641201941841999,-2.2240304108089006,0.0013344841794071804,0.46380673013941087
nextgen_prospective__nextgen_prospective_022__cluster_3water__equilibrium,equilibrium,76,2.3102801867271334,1.5602502401458422,0.0033909281159125726,0.46380673013941087
nextgen_prospective__nextgen_prospective_022__cluster_3water__equilibrium,equilibrium,77,0.19838482348857972,-1.7002426810847189,0.001442405713234507,0.46380673013941087
nextgen_prospective__nextgen_prospective_022__cluster_3water__equilibrium,equilibrium,78,2.686216561967896,-1.562512064554671,-0.0033144725444165246,0.46380673013941087
nextgen_prospective__nextgen_prospective_022__cluster_3water__equilibrium,equilibrium,79,0.08244094526757273,-0.1046398505342379,0.0011597523960213962,0.46380673013941087
nextgen_prospective__nextgen_prospective_022__cluster_3water__equilibrium,equilibrium,80,2.7825983695204264,0.6467482551601993,-0.0014100115544719571,0.46380673013941087
nextgen_prospective__nextgen_prospective_022__cluster_3water__equilibrium,equilibrium,81,1.522484244856038,-1.5104971593791698,0.0002835072610340994,0.46380673013941087
nextgen_prospective__nextgen_prospective_022__cluster_3water__equilibrium,equilibrium,82,1.2811420467103098,0.6044572644649044,0.0005927088262387414,0.46380673013941087
nextgen_prospective__nextgen_prospective_022__cluster_3water__equilibrium,equilibrium,83,2.3883458268521642,-0.4063032034202338,-0.0006888599231960058,0.46380673013941087
nextgen_prospective__nextgen_prospective_022__cluster_3water__equilibrium,equilibrium,84,-0.5004635159753261,-0.29791629370617106,0.002895342691922931,0.46380673013941087
nextgen_prospective__nextgen_prospective_022__cluster_3water__equilibrium,equilibrium,85,1.15610575326052,0.6562322416285697,0.0031843379329608013,0.46380673013941087
nextgen_prospective__nextgen_prospective_022__cluster_3water__equilibrium,equilibrium,86,0.2996777287733111,-1.9065155325220255,0.001528392376799026,0.46380673013941087
nextgen_prospective__nextgen_prospective_022__cluster_3water__equilibrium,equilibrium,87,-0.7128235607187916,1.1968037427061646,0.005251036567884171,0.46380673013941087
nextgen_prospective__nextgen_prospective_022__cluster_3water__equilibrium,equilibrium,88,2.479529408585793,-0.5381987368714793,0.0012806617536318399,0.46380673013941087
nextgen_prospective__nextgen_prospective_022__cluster_3water__equilibrium,equilibrium,89,1.9206499162427664,-2.450227466934021,-0.00014149486982351078,0.46380673013941087
nextgen_prospective__nextgen_prospective_022__cluster_3water__equilibrium,equilibrium,90,3.1674782035941558,0.8743115599458565,0.0016096383285955085,0.46380673013941087
nextgen_prospective__nextgen_prospective_022__cluster_3water__equilibrium,equilibrium,91,-0.03321007449752308,-2.7862140129147184,0.0011569384064533672,0.46380673013941087
nextgen_prospective__nextgen_prospective_022__cluster_3water__equilibrium,equilibrium,92,2.6460489977565373,2.0792896811699513,0.0031613760711648453,0.46380673013941087
nextgen_prospective__nextgen_prospective_022__cluster_3water__equilibrium,equilibrium,93,1.763103479134375,-2.9519998144429773,-0.0005218090295708855,0.46380673013941087
nextgen_prospective__nextgen_prospective_022__cluster_3water__equilibrium,equilibrium,94,-0.06924504069303206,-2.1127726461264844,0.001113781353396348,0.46380673013941087
nextgen_prospective__nextgen_prospective_022__cluster_3water__equilibrium,equilibrium,95,1.6144776446161255,2.1639616049772123,-0.003407118647977825,0.46380673013941087
nextgen_prospective__nextgen_prospective_022__cluster_3water__equilibrium,equilibrium,96,3.1293957659232325,-1.9356904248735654,-0.0025469077501139026,0.46380673013941087
nextgen_prospective__nextgen_prospective_022__cluster_3water__equilibrium,equilibrium,97,-0.2183157412628981,-0.06128329256158001,0.0005911610529634181,0.46380673013941087
nextgen_prospective__nextgen_prospective_022__cluster_3water__equilibrium,equilibrium,98,1.633168501065129,-1.8688141182193494,9.384834050241153e-05,0.46380673013941087
nextgen_prospective__nextgen_prospective_022__cluster_3water__equilibrium,equilibrium,99,1.322871389163478,0.8504129981516029,-2.8803326812543162e-05,0.46380673013941087
nextgen_prospective__nextgen_prospective_022__cluster_3water__equilibrium,equilibrium,100,2.7464191064887196,-0.4491361748435747,-0.0008192484728688498,0.46380673013941087
nextgen_prospective__nextgen_prospective_022__cluster_3water__equilibrium,equilibrium,101,-1.4772728952010774,2.0811466971824513,0.002346935338207068,0.46380673013941087
nextgen_prospective__nextgen_prospective_022__cluster_3water__equilibrium,equilibrium,102,0.018983218947428937,2.942958277484798,0.0027258846803785985,0.46380673013941087
nextgen_prospective__nextgen_prospective_022__cluster_3water__equilibrium,equilibrium,103,-0.7545646741377919,0.6282183524455507,0.004031778818225362,0.46380673013941087
nextgen_prospective__nextgen_prospective_022__cluster_3water__equilibrium,equilibrium,104,-1.6690819678725948,3.431216407490367,4.9861344937784935e-05,0.46380673013941087
nextgen_prospective__nextgen_prospective_022__cluster_3water__equilibrium,equilibrium,105,1.2143336173057402,1.8641173936783018,0.004934625497214018,0.46380673013941087
nextgen_prospective__nextgen_prospective_022__cluster_3water__equilibrium,equilibrium,106,0.01291666302725375,4.245228009850528,0.0003067920545118952,0.46380673013941087
nextgen_prospective__nextgen_prospective_022__cluster_3water__equilibrium,equilibrium,107,-2.4172149886796435,2.829109034426354,-0.0005677632507730124,0.46380673013941087
nextgen_prospective__nextgen_prospective_022__cluster_3water__equilibrium,equilibrium,108,1.8357067224745838,3.1399331456423476,0.0058547969283502255,0.46380673013941087
nextgen_prospective__nextgen_prospective_022__cluster_3water__equilibrium,equilibrium,109,-0.9033743212669718,4.471141065899442,-0.002628291569315877,0.46380673013941087
nextgen_prospective__nextgen_prospective_022__cluster_3water__equilibrium,equilibrium,110,-2.2533830849312744,1.4711468932443885,-7.631642540051331e-05,0.46380673013941087
nextgen_prospective__nextgen_prospective_022__cluster_3water__equilibrium,equilibrium,111,-1.5767392808276324,3.602003396221926,-0.0031554242380420483,0.46380673013941087
nextgen_prospective__nextgen_prospective_022__cluster_3water__equilibrium,equilibrium,112,2.511720930221327,2.32221709884389,0.0032993669943248705,0.46380673013941087
nextgen_prospective__nextgen_prospective_022__cluster_3water__equilibrium,equilibrium,113,-1.0877852401073926,0.4419216046737814,0.0006562091715580642,0.46380673013941087
nextgen_prospective__nextgen_prospective_022__cluster_3water__equilibrium,equilibrium,114,0.43299654017184674,4.3047783476061525,-0.0038937674850894055,0.46380673013941087
nextgen_prospective__nextgen_prospective_022__cluster_3water__equilibrium,equilibrium,115,-1.2224297438479166,2.2948797304743396,-0.0025223212683407326,0.46380673013941087
nextgen_prospective__nextgen_prospective_022__cluster_3water__equilibrium,equilibrium,116,0.4498786040612691,0.6622712427834515,0.0002754042646051502,0.46380673013941087
nextgen_prospective__nextgen_prospective_022__cluster_3water__equilibrium,equilibrium,117,0.16961024492429422,3.1183473478926995,-0.0047289895595263864,0.46380673013941087
nextgen_prospective__nextgen_prospective_022__cluster_3water__equilibrium,equilibrium,118,1.4553952799277383,1.9445609980906025,-0.0023460375463306704,0.46380673013941087
nextgen_prospective__nextgen_prospective_022__cluster_3water__equilibrium,equilibrium,119,-1.89935105367838,2.0704296674359655,0.00164227027093089,0.46380673013941087
nextgen_prospective__nextgen_prospective_022__cluster_3water__equilibrium,equilibrium,120,0.024406807369700023,3.1784731278246974,0.00173594976958924,0.46380673013941087
nextgen_prospective__nextgen_prospective_022__cluster_3water__equilibrium,equilibrium,121,-0.9701547694541557,0.2023789384885222,0.0028252839811950814,0.46380673013941087
nextgen_prospective__nextgen_prospective_022__cluster_3water__equilibrium,equilibrium,122,-2.1459627185417594,3.806233580689001,7.470102079842889e-05,0.46380673013941087
nextgen_prospective__nextgen_prospective_022__cluster_3water__equilibrium,equilibrium,123,1.561285890973243,1.7913919915020595,0.0031539131196534065,0.46380673013941087
nextgen_prospective__nextgen_prospective_022__cluster_3water__equilibrium,equilibrium,124,0.016606949758046108,4.852819926580637,-0.0005624467357834284,0.46380673013941087
nextgen_prospective__nextgen_prospective_022__cluster_3water__equilibrium,equilibrium,125,0.9122645450265017,-0.4290284692157312,0.0029167296274170695,0.46380673013941087
nextgen_prospective__nextgen_prospective_022__cluster_3water__equilibrium,equilibrium,126,-3.107848031007965,3.032095529606698,-0.0003280624978430069,0.46380673013941087
nextgen_prospective__nextgen_prospective_022__cluster_3water__equilibrium,equilibrium,127,2.3601941690474706,3.431726529741547,0.0015694789200955128,0.46380673013941087
nextgen_prospective__nextgen_prospective_022__cluster_3water__equilibrium,equilibrium,128,-1.161481458620244,5.143279570072097,-0.0019459264631001005,0.46380673013941087
nextgen_prospective__nextgen_prospective_022__cluster_3water__equilibrium,equilibrium,129,2.6560808005350998,0.6190726834149726,0.0016409601479709934,0.46380673013941087
nextgen_prospective__nextgen_prospective_022__cluster_3water__equilibrium,equilibrium,130,-2.897207011902918,1.2861442052298853,0.00015816200400875502,0.46380673013941087
nextgen_prospective__nextgen_prospective_022__cluster_3water__equilibrium,equilibrium,131,-2.0272364066268076,4.025816851915291,-0.0020551714667025323,0.46380673013941087
nextgen_prospective__nextgen_prospective_022__cluster_3water__equilibrium,equilibrium,132,3.229355293293283,2.380377326714958,0.0010988872107109415,0.46380673013941087
nextgen_prospective__nextgen_prospective_022__cluster_3water__equilibrium,equilibrium,133,-1.3985812114150704,-0.03714545150375239,0.0008742529128911158,0.46380673013941087
nextgen_prospective__nextgen_prospective_022__cluster_3water__equilibrium,equilibrium,134,0.5567096489439515,4.929384646552153,-0.003242862279227765,0.46380673013941087
nextgen_prospective__nextgen_prospective_022__cluster_3water__equilibrium,equilibrium,135,-1.5716955733671725,2.345229281668394,-0.001564895852469661,0.46380673013941087
nextgen_prospective__nextgen_prospective_022__cluster_3water__equilibrium,equilibrium,136,2.459875880355982,3.4671175132121625,-0.0015609069752668958,0.46380673013941087
nextgen_prospective__nextgen_prospective_022__cluster_3water__equilibrium,equilibrium,137,0.578415159658923,0.2461612260658233,0.0003586688404295657,0.46380673013941087
nextgen_prospective__nextgen_prospective_022__cluster_3water__equilibrium,equilibrium,138,0.21807012648281243,3.403973361206284,-0.002823345387714671,0.46380673013941087
nextgen_prospective__nextgen_prospective_022__cluster_3water__equilibrium,equilibrium,139,1.8712223143443834,1.8948194828893035,-0.0007759884163283104,0.46380673013941087
nextgen_prospective__nextgen_prospective_022__cluster_3water__equilibrium,equilibrium,140,-3.009080821948867,0.20322214224254925,0.001665098692934297,0.46380673013941087
nextgen_prospective__nextgen_prospective_022__cluster_3water__equilibrium,equilibrium,141,-2.0115767458498626,0.7777631957774469,0.0025331076079497805,0.46380673013941087
nextgen_prospective__nextgen_prospective_022__cluster_3water__equilibrium,equilibrium,142,-2.52727534124001,-0.7653967542487179,0.002152122419641689,0.46380673013941087
nextgen_prospective__nextgen_prospective_022__cluster_3water__equilibrium,equilibrium,143,-3.1369535370632122,1.10326861578116,0.001251775409039091,0.46380673013941087
nextgen_prospective__nextgen_prospective_022__cluster_3water__equilibrium,equilibrium,144,-3.411272620915489,-0.5611275608499179,0.0014412888010726377,0.46380673013941087
nextgen_prospective__nextgen_prospective_022__cluster_3water__equilibrium,equilibrium,145,-2.015621116463313,1.6459430173546008,0.0020945414001762863,0.46380673013941087
nextgen_prospective__nextgen_prospective_022__cluster_3water__equilibrium,equilibrium,146,-3.635708884267911,0.7018637004051509,0.0009057077261158675,0.46380673013941087
nextgen_prospective__nextgen_prospective_022__cluster_3water__equilibrium,equilibrium,147,-2.7277239109514806,-1.29510766717335,0.0019027515424823171,0.46380673013941087
nextgen_prospective__nextgen_prospective_022__cluster_3water__equilibrium,equilibrium,148,-2.6264817726594636,1.7965517213872095,0.0005250399262157757,0.46380673013941087
nextgen_prospective__nextgen_prospective_022__cluster_3water__equilibrium,equilibrium,149,-3.526487615102331,-0.20344439371615922,0.001056673626285587,0.46380673013941087
nextgen_prospective__nextgen_prospective_022__cluster_3water__equilibrium,equilibrium,150,-3.075391745699904,1.2171266082688657,0.0003909977966776168,0.46380673013941087
nextgen_prospective__nextgen_prospective_022__cluster_3water__equilibrium,equilibrium,151,-2.7494223852197432,-0.8895945860965638,0.0015221630558195365,0.46380673013941087
nextgen_prospective__nextgen_prospective_022__cluster_3water__equilibrium,equilibrium,152,-1.7355678650335844,1.6856432425250167,-0.000747748389453573,0.46380673013941087
nextgen_prospective__nextgen_prospective_022__cluster_3water__equilibrium,equilibrium,153,-2.8391853877134263,0.34571083110380835,0.0007093947180472071,0.46380673013941087
nextgen_prospective__nextgen_prospective_022__cluster_3water__equilibrium,equilibrium,154,-1.9111587285319533,0.8946892427160476,0.0001323066971865572,0.46380673013941087
nextgen_prospective__nextgen_prospective_022__cluster_3water__equilibrium,equilibrium,155,-3.2904662609337354,0.19607745574489235,0.0013919040754477585,0.46380673013941087
nextgen_prospective__nextgen_prospective_022__cluster_3water__equilibrium,equilibrium,156,-2.0079610202350153,0.9347730960040467,0.002295111216592094,0.46380673013941087
nextgen_prospective__nextgen_prospective_022__cluster_3water__equilibrium,equilibrium,157,-2.6710020714509195,-1.049289696886737,0.001802142829876452,0.46380673013941087
nextgen_prospective__nextgen_prospective_022__cluster_3water__equilibrium,equilibrium,158,-3.454874037509322,1.353280064580249,0.0009914059486111348,0.46380673013941087
nextgen_prospective__nextgen_prospective_022__cluster_3water__equilibrium,equilibrium,159,-0.9833749644993204,0.010052338455621444,0.003314179602846856,0.46380673013941087
nextgen_prospective__nextgen_prospective_022__cluster_3water__equilibrium,equilibrium,160,-3.807570002462249,-0.7866578768025656,0.001178864145808145,0.46380673013941087
nextgen_prospective__nextgen_prospective_022__cluster_3water__equilibrium,equilibrium,161,-2.0131609253094513,2.0510042951746734,0.0017498462710712204,0.46380673013941087
nextgen_prospective__nextgen_prospective_022__cluster_3water__equilibrium,equilibrium,162,-4.096130912486792,0.8371880305253805,0.0006755838549314941,0.46380673013941087
nextgen_prospective__nextgen_prospective_022__cluster_3water__equilibrium,equilibrium,163,-2.9287216610799525,-1.7303465849326924,0.0015714365688168641,0.46380673013941087
nextgen_prospective__nextgen_prospective_022__cluster_3water__equilibrium,equilibrium,164,-2.7985531975616444,2.2446440575023128,9.486880341791348e-05,0.46380673013941087
nextgen_prospective__nextgen_prospective_022__cluster_3water__equilibrium,equilibrium,165,-3.9557035664167612,-0.3267795190591615,0.0008193172456358866,0.46380673013941087
nextgen_prospective__nextgen_prospective_022__cluster_3water__equilibrium,equilibrium,166,-3.375723162899354,1.4996689120644422,0.00010576946370566276,0.46380673013941087
nextgen_prospective__nextgen_prospective_022__cluster_3water__equilibrium,equilibrium,167,-2.956619699424863,-1.2089726235482532,0.001210457091172401,0.46380673013941087
nextgen_prospective__nextgen_prospective_022__cluster_3water__equilibrium,equilibrium,168,-1.6530924591855145,2.1020474418223505,-0.001964723731178175,0.46380673013941087
nextgen_prospective__nextgen_prospective_022__cluster_3water__equilibrium,equilibrium,169,-3.072029274059598,0.3792771985665113,0.0004430452133310503,0.46380673013941087
nextgen_prospective__nextgen_prospective_022__cluster_3water__equilibrium,equilibrium,170,-1.638622118708867,-1.0201015051685365,0.001600931421357199,0.46380673013941087
nextgen_prospective__nextgen_prospective_022__cluster_3water__equilibrium,equilibrium,171,-1.878852140826274,1.0851065849251045,-0.00030247374070357935,0.46380673013941087
nextgen_prospective__nextgen_prospective_022__cluster_3water__equilibrium,equilibrium,172,-0.7767506822518935,0.07900399938045076,0.0009810282230029443,0.46380673013941087
nextgen_prospective__nextgen_prospective_022__cluster_3water__equilibrium,equilibrium,173,-2.127684259523021,-1.2896440089443095,0.0022373003441154005,0.46380673013941087
nextgen_prospective__nextgen_prospective_022__cluster_3water__equilibrium,equilibrium,174,-1.1301801834240166,-0.7151029554094118,0.003122340747006014,0.46380673013941087
nextgen_prospective__nextgen_prospective_022__cluster_3water__equilibrium,equilibrium,175,-1.645878778814164,-2.2582629054355765,0.0018127754340921953,0.46380673013941087
nextgen_prospective__nextgen_prospective_022__cluster_3water__equilibrium,equilibrium,176,-0.3332799178518091,-1.4343302112804088,0.0024585976096798134,0.46380673013941087
nextgen_prospective__nextgen_prospective_022__cluster_3water__equilibrium,equilibrium,177,-2.529876058489643,-2.053993712036777,0.001698428577386668,0.46380673013941087
nextgen_prospective__nextgen_prospective_022__cluster_3water__equilibrium,equilibrium,178,-0.6698095046390082,-2.5856593390600042,0.0016089183391700956,0.46380673013941087
nextgen_prospective__nextgen_prospective_022__cluster_3water__equilibrium,equilibrium,179,-1.8463273485256342,-2.787973818360209,0.0015065292106632988,0.46380673013941087
nextgen_prospective__nextgen_prospective_022__cluster_3water__equilibrium,equilibrium,180,0.23439151673582,-2.04219948214038,0.0015298709466073923,0.46380673013941087
nextgen_prospective__nextgen_prospective_022__cluster_3water__equilibrium,equilibrium,181,-2.6450910526764853,-1.696310544903018,0.0016508870442275558,0.46380673013941087
nextgen_prospective__nextgen_prospective_022__cluster_3water__equilibrium,equilibrium,182,-0.7646761764462117,-2.8878018278826003,0.0013905501757855987,0.46380673013941087
nextgen_prospective__nextgen_prospective_022__cluster_3water__equilibrium,equilibrium,183,-1.8680258227938975,-2.382460737283423,0.0015183984510862558,0.46380673013941087
nextgen_prospective__nextgen_prospective_022__cluster_3water__equilibrium,equilibrium,184,0.05803745860944434,-2.275830582550482,0.001357302188915721,0.46380673013941087
nextgen_prospective__nextgen_prospective_022__cluster_3water__equilibrium,equilibrium,185,-1.9577888252875804,-1.1471553200830504,0.0017448023702240079,0.46380673013941087
nextgen_prospective__nextgen_prospective_022__cluster_3water__equilibrium,equilibrium,186,-0.8429165933481234,-2.235560978543643,0.001508986486635333,0.46380673013941087
nextgen_prospective__nextgen_prospective_022__cluster_3water__equilibrium,equilibrium,187,-0.17257214277047733,-1.3807011416722084,0.0018010653069922,0.46380673013941087
nextgen_prospective__nextgen_prospective_022__cluster_3water__equilibrium,equilibrium,188,-2.4090696985078894,-1.2967886954419663,0.0018397140294084124,0.46380673013941087
nextgen_prospective__nextgen_prospective_022__cluster_3water__equilibrium,equilibrium,189,-1.1265644578091694,-0.5580930551828122,0.0027372761230921583,0.46380673013941087
nextgen_prospective__nextgen_prospective_022__cluster_3water__equilibrium,equilibrium,190,-1.7896055090250735,-2.5421558480735955,0.0014749538434237763,0.46380673013941087
nextgen_prospective__nextgen_prospective_022__cluster_3water__equilibrium,equilibrium,191,-2.5734774750834752,-0.13958608660660968,0.0021952728379792674,0.46380673013941087
nextgen_prospective__nextgen_prospective_022__cluster_3water__equilibrium,equilibrium,192,-0.10197840207347397,-1.4828138127312374,0.0021116888309160586,0.46380673013941087
nextgen_prospective__nextgen_prospective_022__cluster_3water__equilibrium,equilibrium,193,-2.9261734400364032,-2.2795240279894244,0.0013556767141338355,0.46380673013941087
nextgen_prospective__nextgen_prospective_022__cluster_3water__equilibrium,equilibrium,194,-0.5346592993713013,-2.963094119876431,0.0012621982533653764,0.46380673013941087
nextgen_prospective__nextgen_prospective_022__cluster_3water__equilibrium,equilibrium,195,-3.214734350060946,-0.6556781206614782,0.0015424843128593047,0.46380673013941087
nextgen_prospective__nextgen_prospective_022__cluster_3water__equilibrium,equilibrium,196,-2.0473250986541065,-3.223212736119551,0.0011818958204590224,0.46380673013941087
nextgen_prospective__nextgen_prospective_022__cluster_3water__equilibrium,equilibrium,197,0.6278848709677637,-2.2643600181226287,0.0009033906756479304,0.46380673013941087
nextgen_prospective__nextgen_prospective_022__cluster_3water__equilibrium,equilibrium,198,-3.074307003990915,-1.8196456702460202,0.0012591519879787683,0.46380673013941087
nextgen_prospective__nextgen_prospective_022__cluster_3water__equilibrium,equilibrium,199,-0.6566307345519913,-3.351563034076913,0.001039737144176378,0.46380673013941087
nextgen_prospective__nextgen_prospective_022__cluster_3water__equilibrium,equilibrium,200,-2.075223136999016,-2.701838774735112,0.0011482231508286311,0.46380673013941087
nextgen_prospective__nextgen_prospective_022__cluster_3water__equilibrium,equilibrium,201,0.401143939090995,-2.5647428615070456,0.0008430955101177418,0.46380673013941087
nextgen_prospective__nextgen_prospective_022__cluster_3water__equilibrium,equilibrium,202,-2.190632711633752,-1.1135889526203475,0.001225931806418945,0.46380673013941087
nextgen_prospective__nextgen_prospective_022__cluster_3water__equilibrium,equilibrium,203,-0.757225556283021,-2.512967656355395,0.0011027948371342688,0.46380673013941087
nextgen_prospective__nextgen_prospective_022__cluster_3water__equilibrium,equilibrium,204,-0.9974555784004278,-0.407759566261754,0.001177921440061791,0.46380673013941087
nextgen_prospective__nextgen_prospective_022__cluster_3water__equilibrium,equilibrium,205,0.10464588017395293,-1.413862151806408,0.0013588446747374583,0.46380673013941087
nextgen_prospective__nextgen_prospective_022__cluster_3water__equilibrium,equilibrium,206,0.15798532499461132,-1.289644295941959,0.002397078398297836,0.46380673013941087
nextgen_prospective__nextgen_prospective_022__cluster_3water__equilibrium,equilibrium,207,1.1554894010936154,-0.715103242407061,0.0022230058693666344,0.46380673013941087
nextgen_prospective__nextgen_prospective_022__cluster_3water__equilibrium,equilibrium,208,0.6397908057034682,-2.2582631924332257,0.0010321330884504043,0.46380673013941087
nextgen_prospective__nextgen_prospective_022__cluster_3water__equilibrium,equilibrium,209,1.9523896666658234,-1.4343304982780585,-0.00041723672306925863,0.46380673013941087
nextgen_prospective__nextgen_prospective_022__cluster_3water__equilibrium,equilibrium,210,-0.2442064739720104,-2.053993999034426,0.0019712607685393735,0.46380673013941087
nextgen_prospective__nextgen_prospective_022__cluster_3water__equilibrium,equilibrium,211,1.615860079878624,-2.5856596260576534,-0.0003177321253264864,0.46380673013941087
nextgen_prospective__nextgen_prospective_022__cluster_3water__equilibrium,equilibrium,212,0.4393422359919982,-2.787974105357858,0.0007824189368461631,0.46380673013941087
nextgen_prospective__nextgen_prospective_022__cluster_3water__equilibrium,equilibrium,213,2.5200611012534524,-2.0421997691380294,-0.002954005919935554,0.46380673013941087
nextgen_prospective__nextgen_prospective_022__cluster_3water__equilibrium,equilibrium,214,1.5209934080714205,-2.887802114880251,-0.0003503949081378188,0.46380673013941087
nextgen_prospective__nextgen_prospective_022__cluster_3water__equilibrium,equilibrium,215,0.4176437617237348,-2.3824610242810715,0.000896358970013722,0.46380673013941087
nextgen_prospective__nextgen_prospective_022__cluster_3water__equilibrium,equilibrium,216,2.343707043127077,-2.2758308695481317,-0.0018573097218110846,0.46380673013941087
nextgen_prospective__nextgen_prospective_022__cluster_3water__equilibrium,equilibrium,217,0.3278807592300521,-1.1471556070806999,0.0016699192748372838,0.46380673013941087
nextgen_prospective__nextgen_prospective_022__cluster_3water__equilibrium,equilibrium,218,1.442752991169509,-2.235561265541292,-5.898456632724702e-05,0.46380673013941087
nextgen_prospective__nextgen_prospective_022__cluster_3water__equilibrium,equilibrium,219,2.113097441747155,-1.3807014286698578,-0.0009557607446728511,0.46380673013941087
nextgen_prospective__nextgen_prospective_022__cluster_3water__equilibrium,equilibrium,220,-0.12340011399025697,-1.296788982439616,0.002367086567638399,0.46380673013941087
nextgen_prospective__nextgen_prospective_022__cluster_3water__equilibrium,equilibrium,221,1.159105126708463,-0.5580933421804615,0.0023729402112984133,0.46380673013941087
nextgen_prospective__nextgen_prospective_022__cluster_3water__equilibrium,equilibrium,222,0.49606407549255915,-2.5421561350712447,0.001042429486194596,0.46380673013941087
nextgen_prospective__nextgen_prospective_022__cluster_3water__equilibrium,equilibrium,223,2.183691182444158,-1.4828140997288868,3.640920778558154e-05,0.46380673013941087
nextgen_prospective__nextgen_prospective_022__cluster_3water__equilibrium,equilibrium,224,-0.640503855518771,-2.2795243149870736,0.001945462007358234,0.46380673013941087
nextgen_prospective__nextgen_prospective_022__cluster_3water__equilibrium,equilibrium,225,1.751010285146331,-2.9630944068740805,-7.09197206631984e-05,0.46380673013941087
nextgen_prospective__nextgen_prospective_022__cluster_3water__equilibrium,equilibrium,226,2.7162967011603096,-0.38925774090256193,-0.0016285255210730654,0.46380673013941087
nextgen_prospective__nextgen_prospective_022__cluster_3water__equilibrium,equilibrium,227,0.2383444858635261,-3.2232130231172,0.0007724949170775375,0.46380673013941087
nextgen_prospective__nextgen_prospective_022__cluster_3water__equilibrium,equilibrium,228,2.9135544554853956,-2.264360305120278,-0.002488662636791261,0.46380673013941087
nextgen_prospective__nextgen_prospective_022__cluster_3water__equilibrium,equilibrium,229,1.629038849965641,-3.351563321074562,-0.00017759623904245458,0.46380673013941087
nextgen_prospective__nextgen_prospective_022__cluster_3water__equilibrium,equilibrium,230,0.21044644751861596,-2.7018390617327612,0.0008212166729433257,0.46380673013941087
nextgen_prospective__nextgen_prospective_022__cluster_3water__equilibrium,equilibrium,231,2.686813523608627,-2.5647431485046956,-0.001512129546402008,0.46380673013941087
nextgen_prospective__nextgen_prospective_022__cluster_3water__equilibrium,equilibrium,232,0.09503687288388096,-1.113589239617997,0.0013575993943231168,0.46380673013941087
nextgen_prospective__nextgen_prospective_022__cluster_3water__equilibrium,equilibrium,233,2.782751175365984,-0.3656637519221515,-0.0030547560587708134,0.46380673013941087
nextgen_prospective__nextgen_prospective_022__cluster_3water__equilibrium,equilibrium,234,1.5284440282346117,-2.5129679433530443,-1.7895299809556064e-05,0.46380673013941087
nextgen_prospective__nextgen_prospective_022__cluster_3water__equilibrium,equilibrium,235,1.2882140061172045,-0.4077598532594034,0.0011626051295179352,0.46380673013941087
nextgen_prospective__nextgen_prospective_022__cluster_3water__equilibrium,equilibrium,236,2.390315464691585,-1.4138624388040575,-0.000982243962017293,0.46380673013941087
nextgen_prospective__nextgen_prospective_022__cluster_3water__equilibrium,equilibrium,237,2.0368871462761176,0.7777624182711219,0.0036946106047155425,0.46380673013941087
nextgen_prospective__nextgen_prospective_022__cluster_3water__equilibrium,equilibrium,238,2.8337874118483257,0.058535162400124664,0.00028732281274379545,0.46380673013941087
nextgen_prospective__nextgen_prospective_022__cluster_3water__equilibrium,equilibrium,239,2.032842775662668,1.645942239848276,0.005620331181081184,0.46380673013941087
nextgen_prospective__nextgen_prospective_022__cluster_3water__equilibrium,equilibrium,240,3.248036148627554,0.9090789970428216,0.000656464294954695,0.46380673013941087
nextgen_prospective__nextgen_prospective_022__cluster_3water__equilibrium,equilibrium,241,2.934057271994149,1.63465722057561,0.0016231173134917398,0.46380673013941087
nextgen_prospective__nextgen_prospective_022__cluster_3water__equilibrium,equilibrium,242,2.402391153253923,-1.3949364542020672,-0.004538786245003479,0.46380673013941087
nextgen_prospective__nextgen_prospective_022__cluster_3water__equilibrium,equilibrium,243,3.698712287125383,0.36393496584384993,-0.0035985527061335176,0.46380673013941087
nextgen_prospective__nextgen_prospective_022__cluster_3water__equilibrium,equilibrium,244,2.3128960270923966,1.6856424650186919,0.0006249169514029873,0.46380673013941087
nextgen_prospective__nextgen_prospective_022__cluster_3water__equilibrium,equilibrium,245,2.3241507363520113,-0.7426956048631089,-0.0011714410194363367,0.46380673013941087
nextgen_prospective__nextgen_prospective_022__cluster_3water__equilibrium,equilibrium,246,2.137305163594028,0.8946884652097227,0.0003598536533644392,0.46380673013941087
nextgen_prospective__nextgen_prospective_022__cluster_3water__equilibrium,equilibrium,247,0.7579976311922456,0.19607667823856736,0.004096513701107973,0.46380673013941087
nextgen_prospective__nextgen_prospective_022__cluster_3water__equilibrium,equilibrium,248,2.0405028718909652,0.9347723184977216,0.0034448822781261157,0.46380673013941087
nextgen_prospective__nextgen_prospective_022__cluster_3water__equilibrium,equilibrium,249,1.3774618206750613,-1.0492904743930618,0.0013182002602918352,0.46380673013941087
nextgen_prospective__nextgen_prospective_022__cluster_3water__equilibrium,equilibrium,250,3.0650889276266606,0.010051560949296432,0.0009320421021739023,0.46380673013941087
nextgen_prospective__nextgen_prospective_022__cluster_3water__equilibrium,equilibrium,251,2.0353029668165292,2.0510035176683483,0.006172517909639019,0.46380673013941087
nextgen_prospective__nextgen_prospective_022__cluster_3water__equilibrium,equilibrium,252,2.632408030328834,-1.4702287461958972,-0.0026712751588826578,0.46380673013941087
nextgen_prospective__nextgen_prospective_022__cluster_3water__equilibrium,equilibrium,253,3.597694446342812,1.1036079197756212,0.0011059755007476468,0.46380673013941087
nextgen_prospective__nextgen_prospective_022__cluster_3water__equilibrium,equilibrium,254,3.1940073192427207,2.0364942071749206,0.0014041105172291068,0.46380673013941087
nextgen_prospective__nextgen_prospective_022__cluster_3water__equilibrium,equilibrium,255,2.5104365951481435,-1.8586976603963792,-0.003492568423791198,0.46380673013941087
nextgen_prospective__nextgen_prospective_022__cluster_3water__equilibrium,equilibrium,256,2.3953714329404665,2.1020466643160254,8.50367108595762e-05,0.46380673013941087
nextgen_prospective__nextgen_prospective_022__cluster_3water__equilibrium,equilibrium,257,0.9764346180663834,0.37927642106018633,0.0009829652193733551,0.46380673013941087
nextgen_prospective__nextgen_prospective_022__cluster_3water__equilibrium,equilibrium,258,2.409841773417114,-1.0201022826748611,-0.0010456427380578504,0.46380673013941087
nextgen_prospective__nextgen_prospective_022__cluster_3water__equilibrium,equilibrium,259,2.1696117512997066,1.0851058074187798,0.00026152400607504234,0.46380673013941087
nextgen_prospective__nextgen_prospective_022__cluster_3water__equilibrium,equilibrium,260,3.031218403157323,-0.779618862762621,0.0013347042668785392,0.46380673013941087
nextgen_prospective__nextgen_prospective_022__cluster_3water__equilibrium,equilibrium,261,4.294723566216062,-0.05186686161841727,0.0022206245425766546,0.46380673013941087
nextgen_prospective__nextgen_prospective_022__cluster_3water__equilibrium,equilibrium,262,3.6415053453885413,-2.006536131651559,0.0011504519408811476,0.46380673013941087
nextgen_prospective__nextgen_prospective_022__cluster_3water__equilibrium,equilibrium,263,2.86924629734582,0.36044000371961904,0.0017884040504396737,0.46380673013941087
nextgen_prospective__nextgen_prospective_022__cluster_3water__equilibrium,equilibrium,264,5.304130569274191,-0.9628880523883472,0.0025424220033287703,0.46380673013941087
nextgen_prospective__nextgen_prospective_022__cluster_3water__equilibrium,equilibrium,265,2.521775457799602,-1.7477951533464124,-0.000728823229549036,0.46380673013941087
nextgen_prospective__nextgen_prospective_022__cluster_3water__equilibrium,equilibrium,266,4.289600696772358,1.0478275790459775,0.0019332801211406903,0.46380673013941087
nextgen_prospective__nextgen_prospective_022__cluster_3water__equilibrium,equilibrium,267,4.877859759343739,-2.4212382809091677,0.0018028186212801778,0.46380673013941087
nextgen_prospective__nextgen_prospective_022__cluster_3water__equilibrium,equilibrium,268,5.828845635861214,0.11446747149240219,0.002540604441716443,0.46380673013941087
nextgen_prospective__nextgen_prospective_022__cluster_3water__equilibrium,equilibrium,269,3.3876038237540134,-2.6775032880227596,-0.0007911316824786851,0.46380673013941087
nextgen_prospective__nextgen_prospective_022__cluster_3water__equilibrium,equilibrium,270,3.515843865590568,1.2385986041539485,0.0010532616851293142,0.46380673013941087
nextgen_prospective__nextgen_prospective_022__cluster_3water__equilibrium,equilibrium,271,6.023181053085189,-1.7328557954776433,0.0026100189721600664,0.46380673013941087
nextgen_prospective__nextgen_prospective_022__cluster_3water__equilibrium,equilibrium,272,5.431139058792235,1.0335332213006005,0.0018606359499284686,0.46380673013941087
nextgen_prospective__nextgen_prospective_022__cluster_3water__equilibrium,equilibrium,273,4.757695308387948,-2.8039521000844565,0.0007088300831723515,0.46380673013941087
nextgen_prospective__nextgen_prospective_022__cluster_3water__equilibrium,equilibrium,274,6.399702077958463,-0.5760483013596285,0.0025954015787523765,0.46380673013941087
nextgen_prospective__nextgen_prospective_022__cluster_3water__equilibrium,equilibrium,275,3.3601190896808792,-2.1638533853254973,-0.0031162322855458058,0.46380673013941087
nextgen_prospective__nextgen_prospective_022__cluster_3water__equilibrium,equilibrium,276,4.644334815250014,1.098114530928504,-7.096147967988742e-05,0.46380673013941087
nextgen_prospective__nextgen_prospective_022__cluster_3water__equilibrium,equilibrium,277,3.2464192865222143,-0.5991331902050262,-0.005064279119827653,0.46380673013941087
nextgen_prospective__nextgen_prospective_022__cluster_3water__equilibrium,equilibrium,278,5.894315599337916,0.13771191989532497,0.0014958580629351736,0.46380673013941087
nextgen_prospective__nextgen_prospective_022__cluster_3water__equilibrium,equilibrium,279,4.658590780312194,-1.977780357588443,-0.0008341119367276661,0.46380673013941087
nextgen_prospective__nextgen_prospective_022__cluster_3water__equilibrium,equilibrium,280,5.507693751043878,-0.8949578975512932,0.0003426941799151706,0.46380673013941087
nextgen_prospective__nextgen_prospective_022__cluster_3water__equilibrium,equilibrium,281,2.674796847109823,-0.7886687989929864,0.0013659032767350254,0.46380673013941087
nextgen_prospective__nextgen_prospective_022__cluster_3water__equilibrium,equilibrium,282,4.299303485328201,0.14701234533527568,0.0016479343726425455,0.46380673013941087
nextgen_prospective__nextgen_prospective_022__cluster_3water__equilibrium,equilibrium,283,3.45945148712139,-2.36613385899305,0.0009750904419418838,0.46380673013941087
nextgen_prospective__nextgen_prospective_022__cluster_3water__equilibrium,equilibrium,284,2.4665469967807465,0.6771211721984653,0.0023370651563157097,0.46380673013941087
nextgen_prospective__nextgen_prospective_022__cluster_3water__equilibrium,equilibrium,285,5.597112489260082,-1.0243006142260627,0.0017596953961200867,0.46380673013941087
nextgen_prospective__nextgen_prospective_022__cluster_3water__equilibrium,equilibrium,286,2.0197987745070387,-2.0334668868864334,7.720335950756052e-05,0.46380673013941087
nextgen_prospective__nextgen_prospective_022__cluster_3water__equilibrium,equilibrium,287,4.2927169389005835,1.5609051976180692,0.0014208198645286885,0.46380673013941087
nextgen_prospective__nextgen_prospective_022__cluster_3water__equilibrium,equilibrium,288,5.049050019349502,-2.899322336609975,0.0012793579251124676,0.46380673013941087
nextgen_prospective__nextgen_prospective_022__cluster_3water__equilibrium,equilibrium,289,6.271746146300541,0.3608707736206151,0.0016966537554474748,0.46380673013941087
nextgen_prospective__nextgen_prospective_022__cluster_3water__equilibrium,equilibrium,290,3.1330066735912814,-3.2288059171845935,-0.0003074594250986884,0.46380673013941087
nextgen_prospective__nextgen_prospective_022__cluster_3water__equilibrium,equilibrium,291,3.2978867273811376,1.806182229899746,0.0018047890843346792,0.46380673013941087
nextgen_prospective__nextgen_prospective_022__cluster_3water__equilibrium,equilibrium,292,6.52160596844565,-2.0142591410551587,0.0017308052181168598,0.46380673013941087
nextgen_prospective__nextgen_prospective_022__cluster_3water__equilibrium,equilibrium,293,5.760409118640424,1.5425267376597278,0.0011237331249693838,0.46380673013941087
nextgen_prospective__nextgen_prospective_022__cluster_3water__equilibrium,equilibrium,294,4.894552868120627,-3.3913829612639184,0.0005216686219595701,0.46380673013941087
nextgen_prospective__nextgen_prospective_022__cluster_3water__equilibrium,equilibrium,295,7.005704428997005,-0.5269352200462818,0.0016809514020659222,0.46380673013941087
nextgen_prospective__nextgen_prospective_022__cluster_3water__equilibrium,equilibrium,296,3.097669158354395,-2.5683988994309708,-0.0017410789585570186,0.46380673013941087
nextgen_prospective__nextgen_prospective_022__cluster_3water__equilibrium,equilibrium,297,4.7488036626575685,1.6255598500384612,0.00013804167933706424,0.46380673013941087
nextgen_prospective__nextgen_prospective_022__cluster_3water__equilibrium,equilibrium,298,6.23440078806841,-2.3947440760087537,0.0011490173462185282,0.46380673013941087
nextgen_prospective__nextgen_prospective_022__cluster_3water__equilibrium,equilibrium,299,2.9514836971503975,-0.5566157914189359,-0.003201406439723442,0.46380673013941087
nextgen_prospective__nextgen_prospective_022__cluster_3water__equilibrium,equilibrium,300,6.355921813627728,0.39075649299580173,0.0010115637452590143,0.46380673013941087
nextgen_prospective__nextgen_prospective_022__cluster_3water__equilibrium,equilibrium,301,4.767132760594657,-2.3291621494833294,-0.0005751240743911978,0.46380673013941087
nextgen_prospective__nextgen_prospective_022__cluster_3water__equilibrium,equilibrium,302,5.858836580106823,-0.9369618437212792,0.0001631408748723473,0.46380673013941087
nextgen_prospective__nextgen_prospective_022__cluster_3water__equilibrium,equilibrium,303,4.596073679006746,-2.1273528161947675,0.0020941062198209792,0.46380673013941087
nextgen_prospective__nextgen_prospective_022__cluster_3water__equilibrium,equilibrium,304,5.9086725399691,-1.3034201220396,0.002767989626944356,0.46380673013941087
nextgen_prospective__nextgen_prospective_022__cluster_3water__equilibrium,equilibrium,305,5.572142953181899,-2.454749249819195,0.0019478188097119542,0.46380673013941087
nextgen_prospective__nextgen_prospective_022__cluster_3water__equilibrium,equilibrium,306,6.322921276748327,-0.4528762873969031,0.0025992054415828747,0.46380673013941087
nextgen_prospective__nextgen_prospective_022__cluster_3water__equilibrium,equilibrium,307,4.395625109295274,-2.657063729119399,0.00026742514229072256,0.46380673013941087
nextgen_prospective__nextgen_prospective_022__cluster_3water__equilibrium,equilibrium,308,6.476343974556728,-1.911289392899571,0.0019796532881919404,0.46380673013941087
nextgen_prospective__nextgen_prospective_022__cluster_3water__equilibrium,equilibrium,309,6.008942400114924,0.2727019361358851,0.0023715822184628976,0.46380673013941087
nextgen_prospective__nextgen_prospective_022__cluster_3water__equilibrium,equilibrium,310,5.477276281374696,-2.756891738641792,0.0011296091606207703,0.46380673013941087
nextgen_prospective__nextgen_prospective_022__cluster_3water__equilibrium,equilibrium,311,6.773597415246156,-0.9980203185958748,0.0019125760536367054,0.46380673013941087
nextgen_prospective__nextgen_prospective_022__cluster_3water__equilibrium,equilibrium,312,4.3739266350270105,-2.2515506480426133,-0.001031249228624631,0.46380673013941087
nextgen_prospective__nextgen_prospective_022__cluster_3water__equilibrium,equilibrium,313,5.38778115521317,0.3236871805789671,0.0010631337443984812,0.46380673013941087
nextgen_prospective__nextgen_prospective_022__cluster_3water__equilibrium,equilibrium,314,6.299989916430353,-2.1449204933096735,0.0013659536699806019,0.46380673013941087
nextgen_prospective__nextgen_prospective_022__cluster_3water__equilibrium,equilibrium,315,4.284163632533328,-1.0162452308422414,-0.0031954662770941056,0.46380673013941087
nextgen_prospective__nextgen_prospective_022__cluster_3water__equilibrium,equilibrium,316,6.374608090019408,-0.4345254070788061,0.001512087816830654,0.46380673013941087
nextgen_prospective__nextgen_prospective_022__cluster_3water__equilibrium,equilibrium,317,5.3990358644727845,-2.104650889302834,0.0003784659257486389,0.46380673013941087
nextgen_prospective__nextgen_prospective_022__cluster_3water__equilibrium,equilibrium,318,5.212190291714801,-0.467266819230002,-0.0006448969275894001,0.46380673013941087
nextgen_prospective__nextgen_prospective_022__cluster_3water__equilibrium,equilibrium,319,6.069380315050432,-1.2497910524313993,0.0009058002581059377,0.46380673013941087
nextgen_prospective__nextgen_prospective_022__cluster_3water__equilibrium,equilibrium,320,5.115388000011739,-0.42718296594200306,0.0028355690084063134,0.46380673013941087
nextgen_prospective__nextgen_prospective_022__cluster_3water__equilibrium,equilibrium,321,4.452346948795837,-2.4112457588327865,0.001537693151262065,0.46380673013941087
nextgen_prospective__nextgen_prospective_022__cluster_3water__equilibrium,equilibrium,322,6.139974055747434,-1.3519037234904285,0.002063540185466728,0.46380673013941087
nextgen_prospective__nextgen_prospective_022__cluster_3water__equilibrium,equilibrium,323,3.315779017784505,-2.148613938748615,-0.0011213892861094976,0.46380673013941087
nextgen_prospective__nextgen_prospective_022__cluster_3water__equilibrium,equilibrium,324,5.110188094937303,0.6890482332286237,0.002640633577037921,0.46380673013941087
nextgen_prospective__nextgen_prospective_022__cluster_3water__equilibrium,equilibrium,325,5.707293158449607,-2.832184030635622,0.0014394149512249044,0.46380673013941087
nextgen_prospective__nextgen_prospective_022__cluster_3water__equilibrium,equilibrium,326,6.672579574463586,-0.25834736466410346,0.0019129656500092018,0.46380673013941087
nextgen_prospective__nextgen_prospective_022__cluster_3water__equilibrium,equilibrium,327,4.194627359166803,-3.0923026468787422,7.30994095086146e-05,0.46380673013941087
nextgen_prospective__nextgen_prospective_022__cluster_3water__equilibrium,equilibrium,328,4.324795822685109,0.8826879955562631,0.0006182046540272879,0.46380673013941087
nextgen_prospective__nextgen_prospective_022__cluster_3water__equilibrium,equilibrium,329,6.869837328788672,-2.1334499288818196,0.001467374062321003,0.46380673013941087
nextgen_prospective__nextgen_prospective_022__cluster_3water__equilibrium,equilibrium,330,6.268892447363495,0.6745389227351958,0.0016705235260547902,0.46380673013941087
nextgen_prospective__nextgen_prospective_022__cluster_3water__equilibrium,equilibrium,331,5.585321723268917,-3.220652944836104,0.0007824949666099812,0.46380673013941087
nextgen_prospective__nextgen_prospective_022__cluster_3water__equilibrium,equilibrium,332,7.252020323960795,-0.9592468333484959,0.0014012509006184892,0.46380673013941087
nextgen_prospective__nextgen_prospective_022__cluster_3water__equilibrium,equilibrium,333,4.166729320821892,-2.5709286854943025,-0.00104451840823927,0.46380673013941087
nextgen_prospective__nextgen_prospective_022__cluster_3water__equilibrium,equilibrium,334,5.47025656106124,0.740091379876301,0.0006182291403229456,0.46380673013941087
nextgen_prospective__nextgen_prospective_022__cluster_3water__equilibrium,equilibrium,335,6.643096396911903,-2.433832772266237,0.0009732735906315959,0.46380673013941087
nextgen_prospective__nextgen_prospective_022__cluster_3water__equilibrium,equilibrium,336,4.051319746187158,-0.9826788633795386,-0.0036868342448226343,0.46380673013941087
nextgen_prospective__nextgen_prospective_022__cluster_3water__equilibrium,equilibrium,337,6.739034048669262,-0.23475337568369314,0.0010830108974602126,0.46380673013941087
nextgen_prospective__nextgen_prospective_022__cluster_3water__equilibrium,equilibrium,338,5.484726901537888,-2.3820575671145856,0.000138602284214695,0.46380673013941087
nextgen_prospective__nextgen_prospective_022__cluster_3water__equilibrium,equilibrium,339,6.346598337994861,-1.282952062565599,0.000591042831985078,0.46380673013941087
nextgen_prospective__nextgen_prospective_022__cluster_3water__equilibrium,equilibrium,340,2.6256395260793792,-1.1355706421168748,-0.00044792205053134637,0.46380673013941087
nextgen_prospective__nextgen_prospective_022__cluster_3water__equilibrium,equilibrium,341,3.1074450067882364,-2.104189538608142,-0.000569716368638673,0.46380673013941087
nextgen_prospective__nextgen_prospective_022__cluster_3water__equilibrium,equilibrium,342,2.4977668109650346,-0.2355241685782638,-2.5888626512760027e-05,0.46380673013941087
nextgen_prospective__nextgen_prospective_022__cluster_3water__equilibrium,equilibrium,343,2.2234477271127573,-1.8999203452093416,-0.0019497997724391425,0.46380673013941087
nextgen_prospective__nextgen_prospective_022__cluster_3water__equilibrium,equilibrium,344,4.083514280963391,-2.4315859722325692,0.00039278748221160953,0.46380673013941087
nextgen_prospective__nextgen_prospective_022__cluster_3water__equilibrium,equilibrium,345,2.9069964370767662,-2.633900451532774,-0.0017195878447902047,0.46380673013941087
nextgen_prospective__nextgen_prospective_022__cluster_3water__equilibrium,equilibrium,346,3.9886476091561884,-2.733728461055166,-0.000886377292597551,0.46380673013941087
nextgen_prospective__nextgen_prospective_022__cluster_3water__equilibrium,equilibrium,347,2.8852979628085027,-2.228387370455988,-0.0024618442219122016,0.46380673013941087
nextgen_prospective__nextgen_prospective_022__cluster_3water__equilibrium,equilibrium,348,4.811361244211844,-2.1217572157230475,5.915293456082438e-05,0.46380673013941087
nextgen_prospective__nextgen_prospective_022__cluster_3water__equilibrium,equilibrium,349,2.7955349603148196,-0.9930819532556154,-0.0033611534300348467,0.46380673013941087
nextgen_prospective__nextgen_prospective_022__cluster_3water__equilibrium,equilibrium,350,3.9104071922542767,-2.0814876117162076,-0.0019944411174455112,0.46380673013941087
nextgen_prospective__nextgen_prospective_022__cluster_3water__equilibrium,equilibrium,351,4.580751642831923,-1.2266277748447738,-0.0019627871473133496,0.46380673013941087
nextgen_prospective__nextgen_prospective_022__cluster_3water__equilibrium,equilibrium,352,2.344254087094511,-1.1427153286145315,0.0005745008194049106,0.46380673013941087
nextgen_prospective__nextgen_prospective_022__cluster_3water__equilibrium,equilibrium,353,3.6267593277932306,-0.40401968835537716,0.0019640390738411284,0.46380673013941087
nextgen_prospective__nextgen_prospective_022__cluster_3water__equilibrium,equilibrium,354,2.963718276577327,-2.38808248124616,0.00010671514156079809,0.46380673013941087
nextgen_prospective__nextgen_prospective_022__cluster_3water__equilibrium,equilibrium,355,2.1798463105189247,0.014487280220825276,0.0018550477243834962,0.46380673013941087
nextgen_prospective__nextgen_prospective_022__cluster_3water__equilibrium,equilibrium,356,1.8271503455659965,-2.12545066116199,-0.0007311443171791332,0.46380673013941087
nextgen_prospective__nextgen_prospective_022__cluster_3water__equilibrium,equilibrium,357,3.6215594227187946,0.7122115108152496,0.0013631418024413477,0.46380673013941087
nextgen_prospective__nextgen_prospective_022__cluster_3water__equilibrium,equilibrium,358,4.2186644862310985,-2.809020753048996,0.0007339383216105055,0.46380673013941087
nextgen_prospective__nextgen_prospective_022__cluster_3water__equilibrium,equilibrium,359,2.705998686948294,-3.0691393692921163,-0.0008730949695063828,0.46380673013941087
nextgen_prospective__nextgen_prospective_022__cluster_3water__equilibrium,equilibrium,360,4.0966930510504085,-3.197489667249478,-0.000341785692310026,0.46380673013941087
nextgen_prospective__nextgen_prospective_022__cluster_3water__equilibrium,equilibrium,361,2.678100648603384,-2.547765407907677,-0.0014359688099698786,0.46380673013941087
nextgen_prospective__nextgen_prospective_022__cluster_3water__equilibrium,equilibrium,362,5.154467724693395,-2.4106694946796114,0.00036496034339839056,0.46380673013941087
nextgen_prospective__nextgen_prospective_022__cluster_3water__equilibrium,equilibrium,363,2.5626910739686486,-0.9595155857929124,-0.001811062991533774,0.46380673013941087
nextgen_prospective__nextgen_prospective_022__cluster_3water__equilibrium,equilibrium,364,5.250405376450753,-0.21159009809706722,-0.0002733010589857088,0.46380673013941087
nextgen_prospective__nextgen_prospective_022__cluster_3water__equilibrium,equilibrium,365,3.9960982293193794,-2.35889428952796,-0.001242287187750435,0.46380673013941087
nextgen_prospective__nextgen_prospective_022__cluster_3water__equilibrium,equilibrium,366,4.857969665776353,-1.259788784978973,-0.0013962135807941145,0.46380673013941087
nextgen_prospective__nextgen_prospective_022__cluster_3water__equilibrium,equilibrium,367,0.9074287790468433,4.307344036379715,0.0007043787657590173,0.46380673013941087
nextgen_prospective__nextgen_prospective_022__cluster_3water__equilibrium,equilibrium,368,2.1709339421055818,5.035096037523918,-0.0023693250204379623,0.46380673013941087
nextgen_prospective__nextgen_prospective_022__cluster_3water__equilibrium,equilibrium,369,1.5177157212780616,3.0804267674907764,0.004998151014675933,0.46380673013941087
nextgen_prospective__nextgen_prospective_022__cluster_3water__equilibrium,equilibrium,370,3.180340945163711,4.124074846753988,-0.0016985134742704133,0.46380673013941087
nextgen_prospective__nextgen_prospective_022__cluster_3water__equilibrium,equilibrium,371,2.165811072661878,6.134790478188313,-0.004652066657686582,0.46380673013941087
nextgen_prospective__nextgen_prospective_022__cluster_3water__equilibrium,equilibrium,372,2.754070135233259,2.6657246182331686,0.0027938625942436346,0.46380673013941087
nextgen_prospective__nextgen_prospective_022__cluster_3water__equilibrium,equilibrium,373,0.1136999001093878,4.93895667671901,-0.0021102242989154973,0.46380673013941087
nextgen_prospective__nextgen_prospective_022__cluster_3water__equilibrium,equilibrium,374,3.705056011750734,5.201430370634738,-0.00416062622332003,0.46380673013941087
nextgen_prospective__nextgen_prospective_022__cluster_3water__equilibrium,equilibrium,375,1.392054241480088,6.325561503296284,-0.00493080457343309,0.46380673013941087
nextgen_prospective__nextgen_prospective_022__cluster_3water__equilibrium,equilibrium,376,3.8993914289747083,3.3541071036646923,-0.0013191653902717704,0.46380673013941087
nextgen_prospective__nextgen_prospective_022__cluster_3water__equilibrium,equilibrium,377,3.3073494346817554,6.120496120442938,-0.005544454909547802,0.46380673013941087
nextgen_prospective__nextgen_prospective_022__cluster_3water__equilibrium,equilibrium,378,2.6339056842774684,2.2830107990578794,0.0027966624352124825,0.46380673013941087
nextgen_prospective__nextgen_prospective_022__cluster_3water__equilibrium,equilibrium,379,0.8234349422955305,5.591623026679716,-0.003707909383847685,0.46380673013941087
nextgen_prospective__nextgen_prospective_022__cluster_3water__equilibrium,equilibrium,380,4.275912453847984,4.510914597782707,-0.003781059391203545,0.46380673013941087
nextgen_prospective__nextgen_prospective_022__cluster_3water__equilibrium,equilibrium,381,2.5205451911395347,6.18507743007084,-0.005348546706923862,0.46380673013941087
nextgen_prospective__nextgen_prospective_022__cluster_3water__equilibrium,equilibrium,382,3.6760096220146323,3.0581743764785627,-0.0008308509208303505,0.46380673013941087
nextgen_prospective__nextgen_prospective_022__cluster_3water__equilibrium,equilibrium,383,1.1226296624117347,4.4878297089373085,-0.0031774368982571133,0.46380673013941087
nextgen_prospective__nextgen_prospective_022__cluster_3water__equilibrium,equilibrium,384,3.7705259752274363,5.22467481903766,-0.004696903168950328,0.46380673013941087
nextgen_prospective__nextgen_prospective_022__cluster_3water__equilibrium,equilibrium,385,2.534801156201713,3.109182541553893,-0.0009528456767418092,0.46380673013941087
nextgen_prospective__nextgen_prospective_022__cluster_3water__equilibrium,equilibrium,386,2.298130097374935,5.183202363646147,-0.0039269735839937425,0.46380673013941087
nextgen_prospective__nextgen_prospective_022__cluster_3water__equilibrium,equilibrium,387,3.3839041269333983,4.192005001591043,-0.0028404543198981003,0.46380673013941087
nextgen_prospective__nextgen_prospective_022__cluster_3water__equilibrium,equilibrium,388,0.5510072229993431,4.298294100149349,0.000619608710099584,0.46380673013941087
nextgen_prospective__nextgen_prospective_022__cluster_3water__equilibrium,equilibrium,389,2.1755138612177216,5.2339752444776115,-0.0014646574527730216,0.46380673013941087
nextgen_prospective__nextgen_prospective_022__cluster_3water__equilibrium,equilibrium,390,1.33566186301091,2.7208290401492854,0.00419420784455804,0.46380673013941087
nextgen_prospective__nextgen_prospective_022__cluster_3water__equilibrium,equilibrium,391,0.3427573726702673,5.7640840713408,-0.0018009314383857777,0.46380673013941087
nextgen_prospective__nextgen_prospective_022__cluster_3water__equilibrium,equilibrium,392,3.4733228651496026,4.062662284916273,-0.0008584289700293013,0.46380673013941087
nextgen_prospective__nextgen_prospective_022__cluster_3water__equilibrium,equilibrium,393,2.168927314790103,6.647868096760405,-0.0031007607476229992,0.46380673013941087
nextgen_prospective__nextgen_prospective_022__cluster_3water__equilibrium,equilibrium,394,2.9252603952390213,2.1876405625323607,0.002517088634389708,0.46380673013941087
nextgen_prospective__nextgen_prospective_022__cluster_3water__equilibrium,equilibrium,395,-0.4695013356345282,5.1103674948713005,-0.002060680802149495,0.46380673013941087
nextgen_prospective__nextgen_prospective_022__cluster_3water__equilibrium,equilibrium,396,4.147956522190061,5.44783367276295,-0.002679935952666135,0.46380673013941087
nextgen_prospective__nextgen_prospective_022__cluster_3water__equilibrium,equilibrium,397,1.174097103270658,6.8931451290420815,-0.003405382635302434,0.46380673013941087
nextgen_prospective__nextgen_prospective_022__cluster_3water__equilibrium,equilibrium,398,4.39781634433517,3.0727037580871768,-0.0005138026195465883,0.46380673013941087
nextgen_prospective__nextgen_prospective_022__cluster_3water__equilibrium,equilibrium,399,3.636619494529945,6.629489636802063,-0.0037060584535248964,0.46380673013941087
nextgen_prospective__nextgen_prospective_022__cluster_3water__equilibrium,equilibrium,400,2.7707632440101477,1.6955799378784173,0.0016679012845397523,0.46380673013941087
nextgen_prospective__nextgen_prospective_022__cluster_3water__equilibrium,equilibrium,401,0.4430151471762267,5.949509944820779,-0.002966675879908287,0.46380673013941087
nextgen_prospective__nextgen_prospective_022__cluster_3water__equilibrium,equilibrium,402,4.8819148048865255,4.560027679096054,-0.0023703586589234327,0.46380673013941087
nextgen_prospective__nextgen_prospective_022__cluster_3water__equilibrium,equilibrium,403,2.6250140385470897,6.712522749180797,-0.0037156013515859954,0.46380673013941087
nextgen_prospective__nextgen_prospective_022__cluster_3water__equilibrium,equilibrium,404,4.11061116395793,2.6922188231335817,-0.0001781962324578501,0.46380673013941087
nextgen_prospective__nextgen_prospective_022__cluster_3water__equilibrium,equilibrium,405,0.827694073039918,4.5303471077234,-0.0031382928019145773,0.46380673013941087
nextgen_prospective__nextgen_prospective_022__cluster_3water__equilibrium,equilibrium,406,4.232132189517249,5.477719392138137,-0.0031181171595853208,0.46380673013941087
nextgen_prospective__nextgen_prospective_022__cluster_3water__equilibrium,equilibrium,407,2.643343136484177,2.7578007496590065,-0.0007277916710073384,0.46380673013941087
nextgen_prospective__nextgen_prospective_022__cluster_3water__equilibrium,equilibrium,408,2.339051775135461,5.424397663777618,-0.0029004507730148177,0.46380673013941087
nextgen_prospective__nextgen_prospective_022__cluster_3water__equilibrium,equilibrium,409,3.7350469559963435,4.150001055421057,-0.0017953277191380401,0.46380673013941087
nextgen_prospective__nextgen_prospective_022__cluster_3water__equilibrium,equilibrium,410,0.5377580462600239,4.955890573409961,-0.0008400913422796918,0.46380673013941087
nextgen_prospective__nextgen_prospective_022__cluster_3water__equilibrium,equilibrium,411,1.5352621223590281,5.53043162694486,-0.0024105863080872147,0.46380673013941087
nextgen_prospective__nextgen_prospective_022__cluster_3water__equilibrium,equilibrium,412,1.0195635269688808,3.9872716769186947,0.002051638142113177,0.46380673013941087
nextgen_prospective__nextgen_prospective_022__cluster_3water__equilibrium,equilibrium,413,0.40988533114567877,5.855937046948572,-0.0021974755368012744,0.46380673013941087
nextgen_prospective__nextgen_prospective_022__cluster_3water__equilibrium,equilibrium,414,2.332162387931236,4.811204371073862,-0.00282617059683421,0.46380673013941087
nextgen_prospective__nextgen_prospective_022__cluster_3water__equilibrium,equilibrium,415,0.135566247293402,4.191540870317494,0.0004083021335983261,0.46380673013941087
nextgen_prospective__nextgen_prospective_022__cluster_3water__equilibrium,equilibrium,416,1.5312177517455778,6.398611448522013,-0.003485077131901715,0.46380673013941087
nextgen_prospective__nextgen_prospective_022__cluster_3water__equilibrium,equilibrium,417,-0.08887001605902009,5.454532131572563,-0.00217837720441727,0.46380673013941087
nextgen_prospective__nextgen_prospective_022__cluster_3water__equilibrium,equilibrium,418,2.746411124710464,5.66174820571656,-0.005128025269896419,0.46380673013941087
nextgen_prospective__nextgen_prospective_022__cluster_3water__equilibrium,equilibrium,419,0.9203570955494276,6.549220152554622,-0.0035026208022936878,0.46380673013941087
nextgen_prospective__nextgen_prospective_022__cluster_3water__equilibrium,equilibrium,420,0.020351253106559466,4.549224037451253,-0.002362147314135754,0.46380673013941087
nextgen_prospective__nextgen_prospective_022__cluster_3water__equilibrium,equilibrium,421,2.4324322480770597,6.387326429249347,-0.005438375626485303,0.46380673013941087
nextgen_prospective__nextgen_prospective_022__cluster_3water__equilibrium,equilibrium,422,0.4714471225089873,5.969795039436278,-0.003339760860617158,0.46380673013941087
nextgen_prospective__nextgen_prospective_022__cluster_3water__equilibrium,equilibrium,423,1.8112710031753063,6.4383116736924295,-0.0050669448666962325,0.46380673013941087
nextgen_prospective__nextgen_prospective_022__cluster_3water__equilibrium,equilibrium,424,0.7076534804954644,5.09837926227122,-0.00330256636557813,0.46380673013941087
nextgen_prospective__nextgen_prospective_022__cluster_3water__equilibrium,equilibrium,425,1.635680139676938,5.64735767388346,-0.004957445748191347,0.46380673013941087
nextgen_prospective__nextgen_prospective_022__cluster_3water__equilibrium,equilibrium,426,0.25637260727515554,4.948745886912305,-0.0004359064581591632,0.46380673013941087
nextgen_prospective__nextgen_prospective_022__cluster_3water__equilibrium,equilibrium,427,1.5388778479738752,5.68744152717146,-0.0016916948475289573,0.46380673013941087
nextgen_prospective__nextgen_prospective_022__cluster_3water__equilibrium,equilibrium,428,0.8758367967579717,3.7033787342806757,0.002368265216586174,0.46380673013941087
nextgen_prospective__nextgen_prospective_022__cluster_3water__equilibrium,equilibrium,429,0.0919648306995694,6.105948495747661,-0.001646903920238696,0.46380673013941087
nextgen_prospective__nextgen_prospective_022__cluster_3water__equilibrium,equilibrium,430,2.563463903709571,4.7627207696230345,-0.0018470349503556527,0.46380673013941087
nextgen_prospective__nextgen_prospective_022__cluster_3water__equilibrium,equilibrium,431,-0.2607311342533584,3.966010554364847,5.606615586062347e-05,0.46380673013941087
nextgen_prospective__nextgen_prospective_022__cluster_3water__equilibrium,equilibrium,432,1.5336779428994396,6.803672726342087,-0.0026326064470270083,0.46380673013941087
nextgen_prospective__nextgen_prospective_022__cluster_3water__equilibrium,equilibrium,433,2.1307830064117432,3.2824404624778403,0.002992184195109715,0.46380673013941087
nextgen_prospective__nextgen_prospective_022__cluster_3water__equilibrium,equilibrium,434,-0.5492920442779011,5.589856461692793,-0.0018309325747312144,0.46380673013941087
nextgen_prospective__nextgen_prospective_022__cluster_3water__equilibrium,equilibrium,435,3.096069422425722,5.856277128449359,-0.00374741830432912,0.46380673013941087
nextgen_prospective__nextgen_prospective_022__cluster_3water__equilibrium,equilibrium,436,0.7482856706472462,6.997312488669725,-0.0027238364060551135,0.46380673013941087
nextgen_prospective__nextgen_prospective_022__cluster_3water__equilibrium,equilibrium,437,-0.4088646982078704,4.425888912108252,-0.0032132741784574037,0.46380673013941087
nextgen_prospective__nextgen_prospective_022__cluster_3water__equilibrium,equilibrium,438,2.692382295325631,6.789163415848658,-0.004111796357044284,0.46380673013941087
nextgen_prospective__nextgen_prospective_022__cluster_3water__equilibrium,equilibrium,439,0.1711157053095372,6.252337343231854,-0.002746048338083451,0.46380673013941087
nextgen_prospective__nextgen_prospective_022__cluster_3water__equilibrium,equilibrium,440,3.67551017192293,5.155377659764967,-0.006353875401217568,0.46380673013941087
nextgen_prospective__nextgen_prospective_022__cluster_3water__equilibrium,equilibrium,441,1.8937464090233762,6.854715872989764,-0.003928707516621888,0.46380673013941087
nextgen_prospective__nextgen_prospective_022__cluster_3water__equilibrium,equilibrium,442,0.47480959414929347,5.131945629733924,-0.0031856776042276103,0.46380673013941087
nextgen_prospective__nextgen_prospective_022__cluster_3water__equilibrium,equilibrium,443,3.162523896631397,5.8798711174297695,-0.0060192020453584405,0.46380673013941087
nextgen_prospective__nextgen_prospective_022__cluster_3water__equilibrium,equilibrium,444,1.6679867273826168,5.837775016092517,-0.0039973755418625245,0.46380673013941087
nextgen_prospective__nextgen_prospective_022__cluster_3water__equilibrium,equilibrium,445,2.7700881859569977,4.831672430547863,-0.005189577314278715,0.46380673013941087
nextgen_prospective__nextgen_prospective_022__cluster_3water__equilibrium,equilibrium,446,0.6979087433588678,3.833312649732969,0.003815135006054682,0.46380673013941087
nextgen_prospective__nextgen_prospective_022__cluster_3water__equilibrium,equilibrium,447,2.1557834982428807,2.5372973196172737,0.006487219877353567,0.46380673013941087
nextgen_prospective__nextgen_prospective_022__cluster_3water__equilibrium,equilibrium,448,0.071280681039824,4.331954207895571,-0.003271235962632346,0.46380673013941087
nextgen_prospective__nextgen_prospective_022__cluster_3water__equilibrium,equilibrium,449,2.0609168264356774,2.235154830794677,0.0004481258329036564,0.46380673013941087
nextgen_prospective__nextgen_prospective_022__cluster_3water__equilibrium,equilibrium,450,0.6315978196078315,4.847217115759285,-0.00326905107941311,0.46380673013941087
nextgen_prospective__nextgen_prospective_022__cluster_3water__equilibrium,equilibrium,451,1.9714217002741505,5.315733750015436,-0.0049283099464050295,0.46380673013941087
nextgen_prospective__nextgen_prospective_022__cluster_3water__equilibrium,equilibrium,452,2.8836304614913333,2.847126076126796,-7.332322756070653e-05,0.46380673013941087
nextgen_prospective__nextgen_prospective_022__cluster_3water__equilibrium,equilibrium,453,0.8678041775943085,3.975801338594228,-0.003914491804458464,0.46380673013941087
nextgen_prospective__nextgen_prospective_022__cluster_3water__equilibrium,equilibrium,454,2.958248635080389,4.557521162357665,-0.004349009631624767,0.46380673013941087
nextgen_prospective__nextgen_prospective_022__cluster_3water__equilibrium,equilibrium,455,1.9826764095337657,2.887395680133636,-0.002209432382152876,0.46380673013941087
nextgen_prospective__nextgen_prospective_022__cluster_3water__equilibrium,equilibrium,456,1.795830836775782,4.524779750206466,-0.0029763907581168425,0.46380673013941087
nextgen_prospective__nextgen_prospective_022__cluster_3water__equilibrium,equilibrium,457,2.6530208601114116,3.74225551700507,-0.0019605390661814326,0.46380673013941087
nextgen_prospective__nextgen_prospective_022__cluster_3water__equilibrium,equilibrium,458,0.4165233043739996,3.8261679632353123,0.0024237263742179493,0.46380673013941087
nextgen_prospective__nextgen_prospective_022__cluster_3water__equilibrium,equilibrium,459,0.25211552779841345,4.983370572070668,-0.0018096636877498185,0.46380673013941087
nextgen_prospective__nextgen_prospective_022__cluster_3water__equilibrium,equilibrium,460,2.2909337035105874,2.159862538800847,0.005457602866753675,0.46380673013941087
nextgen_prospective__nextgen_prospective_022__cluster_3water__equilibrium,equilibrium,461,-0.389141347179057,4.4672785380158,-0.0033742366868732,0.46380673013941087
nextgen_prospective__nextgen_prospective_022__cluster_3water__equilibrium,equilibrium,462,0.9084363677460903,5.874734564992732,-0.004142733634580509,0.46380673013941087
nextgen_prospective__nextgen_prospective_022__cluster_3water__equilibrium,equilibrium,463,3.4534778738496525,2.8585966405546497,8.223599056034203e-05,0.46380673013941087
nextgen_prospective__nextgen_prospective_022__cluster_3water__equilibrium,equilibrium,464,2.1689622683298975,1.7713936246003654,0.0006232169079485317,0.46380673013941087
nextgen_prospective__nextgen_prospective_022__cluster_3water__equilibrium,equilibrium,465,0.3312664024083814,5.129759419554861,-0.003077565233268409,0.46380673013941087
nextgen_prospective__nextgen_prospective_022__cluster_3water__equilibrium,equilibrium,466,3.8356608690217744,4.0327997360879735,-0.0035824655101919234,0.46380673013941087
nextgen_prospective__nextgen_prospective_022__cluster_3water__equilibrium,equilibrium,467,0.7503698658828725,2.4211178839421663,-0.006769975644282056,0.46380673013941087
nextgen_prospective__nextgen_prospective_022__cluster_3water__equilibrium,equilibrium,468,2.0538971061222204,5.73213794931277,-0.0043034019252341515,0.46380673013941087
nextgen_prospective__nextgen_prospective_022__cluster_3water__equilibrium,equilibrium,469,3.2267369419728835,2.5582137971702323,0.00010844776015250801,0.46380673013941087
nextgen_prospective__nextgen_prospective_022__cluster_3water__equilibrium,equilibrium,470,0.6349602912481376,4.009367706056931,-0.003514484708490695,0.46380673013941087
nextgen_prospective__nextgen_prospective_022__cluster_3water__equilibrium,equilibrium,471,3.3226745937302407,4.757293193752776,-0.0036700913858886963,0.46380673013941087
nextgen_prospective__nextgen_prospective_022__cluster_3water__equilibrium,equilibrium,472,2.068367446598868,2.6099890023218832,-0.0016430940201335176,0.46380673013941087
nextgen_prospective__nextgen_prospective_022__cluster_3water__equilibrium,equilibrium,473,1.8281374244814608,4.715197092415524,-0.0026414273917945152,0.46380673013941087
nextgen_prospective__nextgen_prospective_022__cluster_3water__equilibrium,equilibrium,474,2.930238883055842,3.70909450687087,-0.0015610290181298225,0.46380673013941087
nextgen_prospective__nextgen_prospective_022__cluster_3water__equilibrium,equilibrium,475,2.7657497426519657,1.520488727407348,0.00023476561784896433,0.46380673013941087
nextgen_prospective__nextgen_prospective_022__cluster_3water__equilibrium,equilibrium,476,5.200634014580336,0.19716067129938197,0.000665416292156884,0.46380673013941087
nextgen_prospective__nextgen_prospective_022__cluster_3water__equilibrium,equilibrium,477,2.418278903105748,-0.5877464296586836,-0.0013626017058507855,0.46380673013941087
nextgen_prospective__nextgen_prospective_022__cluster_3water__equilibrium,equilibrium,478,4.186104142078504,2.2078763027337063,0.0003202284992953608,0.46380673013941087
nextgen_prospective__nextgen_prospective_022__cluster_3water__equilibrium,equilibrium,479,4.774363204649885,-1.2611895572214382,-0.0013020618329901978,0.46380673013941087
nextgen_prospective__nextgen_prospective_022__cluster_3water__equilibrium,equilibrium,480,2.1339929695260134,1.0120425012644036,0.000284043320943006,0.46380673013941087
nextgen_prospective__nextgen_prospective_022__cluster_3water__equilibrium,equilibrium,481,5.7253490811673595,1.2745161951801312,0.0006468780245949546,0.46380673013941087
nextgen_prospective__nextgen_prospective_022__cluster_3water__equilibrium,equilibrium,482,3.2841072690601587,-1.5174545643350308,-0.0017512119552272054,0.46380673013941087
nextgen_prospective__nextgen_prospective_022__cluster_3water__equilibrium,equilibrium,483,3.4123473108967133,2.398647327841678,0.0008683521655630244,0.46380673013941087
nextgen_prospective__nextgen_prospective_022__cluster_3water__equilibrium,equilibrium,484,5.919684498391334,-0.5728070717899145,0.0001618488979961974,0.46380673013941087
nextgen_prospective__nextgen_prospective_022__cluster_3water__equilibrium,equilibrium,485,2.2723399104690807,-0.13468108462258932,0.00032542914817579316,0.46380673013941087
nextgen_prospective__nextgen_prospective_022__cluster_3water__equilibrium,equilibrium,486,5.327642504098381,2.19358194498833,0.001233389238327831,0.46380673013941087
nextgen_prospective__nextgen_prospective_022__cluster_3water__equilibrium,equilibrium,487,4.654198753694094,-1.6439033763967275,-0.0008185738629493677,0.46380673013941087
nextgen_prospective__nextgen_prospective_022__cluster_3water__equilibrium,equilibrium,488,2.843728011712156,1.6647088512251083,0.0012082149078427307,0.46380673013941087
nextgen_prospective__nextgen_prospective_022__cluster_3water__equilibrium,equilibrium,489,6.296205523264609,0.5840004223281006,0.0008042398031773423,0.46380673013941087
nextgen_prospective__nextgen_prospective_022__cluster_3water__equilibrium,equilibrium,490,3.2566225349870255,-1.0038046616377683,-3.163335315559124e-05,0.46380673013941087
nextgen_prospective__nextgen_prospective_022__cluster_3water__equilibrium,equilibrium,491,5.696302691431258,-0.8687397989760445,0.00020512085224844157,0.46380673013941087
nextgen_prospective__nextgen_prospective_022__cluster_3water__equilibrium,equilibrium,492,3.14292273182836,0.560915533482703,0.001121153498796268,0.46380673013941087
nextgen_prospective__nextgen_prospective_022__cluster_3water__equilibrium,equilibrium,493,5.790819044644061,1.297760643583054,0.0015469047488410048,0.46380673013941087
nextgen_prospective__nextgen_prospective_022__cluster_3water__equilibrium,equilibrium,494,4.555094225618339,-0.8177316339007139,0.00042165683750949867,0.46380673013941087
nextgen_prospective__nextgen_prospective_022__cluster_3water__equilibrium,equilibrium,495,4.31842316679156,1.2562881881915393,0.0018477920952109095,0.46380673013941087
nextgen_prospective__nextgen_prospective_022__cluster_3water__equilibrium,equilibrium,496,5.404197196350024,0.265090826136436,0.0011598240794081782,0.46380673013941087
nextgen_prospective__nextgen_prospective_022__cluster_3water__equilibrium,equilibrium,497,4.1958069306343475,1.3070610690230047,0.00043774587315059676,0.46380673013941087
nextgen_prospective__nextgen_prospective_022__cluster_3water__equilibrium,equilibrium,498,2.3630504420868927,1.8371698958861946,0.0013088406352999016,0.46380673013941087
nextgen_prospective__nextgen_prospective_022__cluster_3water__equilibrium,equilibrium,499,5.493615934566228,0.13574810946166613,0.002380976619584807,0.46380673013941087
nextgen_prospective__nextgen_prospective_022__cluster_3water__equilibrium,equilibrium,500,4.189220384206728,2.7209539213057985,-0.00029162968792029176,0.46380673013941087
nextgen_prospective__nextgen_prospective_022__cluster_3water__equilibrium,equilibrium,501,4.945553464655647,-1.739273612922246,-0.00013978065170761056,0.46380673013941087
nextgen_prospective__nextgen_prospective_022__cluster_3water__equilibrium,equilibrium,502,1.5507917337820971,1.183453319416694,-0.00031841478321137373,0.46380673013941087
nextgen_prospective__nextgen_prospective_022__cluster_3water__equilibrium,equilibrium,503,6.168249591606687,1.5209194973083442,0.0006401676500278342,0.46380673013941087
nextgen_prospective__nextgen_prospective_022__cluster_3water__equilibrium,equilibrium,504,3.0295101188974267,-2.0687571934968645,-0.0011441927601945068,0.46380673013941087
nextgen_prospective__nextgen_prospective_022__cluster_3water__equilibrium,equilibrium,505,3.1943901726872834,2.966230953587475,-0.0003583357972640755,0.46380673013941087
nextgen_prospective__nextgen_prospective_022__cluster_3water__equilibrium,equilibrium,506,6.418109413751796,-0.8542104173674295,0.0006037436464430002,0.46380673013941087
nextgen_prospective__nextgen_prospective_022__cluster_3water__equilibrium,equilibrium,507,1.7286663721374695,-0.29090557672372547,0.000362798739481196,0.46380673013941087
nextgen_prospective__nextgen_prospective_022__cluster_3water__equilibrium,equilibrium,508,5.6569125639465705,2.702575461347456,0.0005020806528288624,0.46380673013941087
nextgen_prospective__nextgen_prospective_022__cluster_3water__equilibrium,equilibrium,509,4.791056313426774,-2.231334237576189,-0.00041138672452323277,0.46380673013941087
nextgen_prospective__nextgen_prospective_022__cluster_3water__equilibrium,equilibrium,510,2.4633082165928517,2.0225957693661725,0.00018625223589019413,0.46380673013941087
nextgen_prospective__nextgen_prospective_022__cluster_3water__equilibrium,equilibrium,511,6.90220787430315,0.6331135036414474,0.000647808629660851,0.46380673013941087
nextgen_prospective__nextgen_prospective_022__cluster_3water__equilibrium,equilibrium,512,2.9941726036605414,-1.4083501757432417,3.748215103049901e-05,0.46380673013941087
nextgen_prospective__nextgen_prospective_022__cluster_3water__equilibrium,equilibrium,513,4.645307107963715,2.78560857372619,0.00088214949448151,0.46380673013941087
nextgen_prospective__nextgen_prospective_022__cluster_3water__equilibrium,equilibrium,514,6.130904233374556,-1.2346953523210251,0.0002516536964245475,0.46380673013941087
nextgen_prospective__nextgen_prospective_022__cluster_3water__equilibrium,equilibrium,515,2.8479871424565433,0.6034329322687932,0.0006004132299155529,0.46380673013941087
nextgen_prospective__nextgen_prospective_022__cluster_3water__equilibrium,equilibrium,516,6.252425258933874,1.5508052166835309,0.0009263587180696753,0.46380673013941087
nextgen_prospective__nextgen_prospective_022__cluster_3water__equilibrium,equilibrium,517,4.6636362059008025,-1.1691134257956002,0.00030556175680818143,0.46380673013941087
nextgen_prospective__nextgen_prospective_022__cluster_3water__equilibrium,equilibrium,518,4.359344844552086,1.4974834883230117,0.0009975343129453584,0.46380673013941087
nextgen_prospective__nextgen_prospective_022__cluster_3water__equilibrium,equilibrium,519,5.755340025412969,0.22308687996645,0.0007474760434771355,0.46380673013941087
nextgen_prospective__nextgen_prospective_022__cluster_3water__equilibrium,equilibrium,520,3.1605071202594166,2.009137246546591,0.0008152550191464769,0.46380673013941087
nextgen_prospective__nextgen_prospective_022__cluster_3water__equilibrium,equilibrium,521,4.281839540859315,2.5518116481200317,0.0008980052158493734,0.46380673013941087
nextgen_prospective__nextgen_prospective_022__cluster_3water__equilibrium,equilibrium,522,2.661751773054717,1.6077323311705816,0.0009447293880411323,0.46380673013941087
nextgen_prospective__nextgen_prospective_022__cluster_3water__equilibrium,equilibrium,523,5.497032913824201,1.8149484053145772,0.0012936529412370668,0.46380673013941087
nextgen_prospective__nextgen_prospective_022__cluster_3water__equilibrium,equilibrium,524,3.670978884663165,2.7024203521526404,0.0008007216054410904,0.46380673013941087
nextgen_prospective__nextgen_prospective_022__cluster_3water__equilibrium,equilibrium,525,2.7709730422202967,0.7024242370492715,0.0012244102312779503,0.46380673013941087
nextgen_prospective__nextgen_prospective_022__cluster_3water__equilibrium,equilibrium,526,5.1830540371907965,2.5405266288473656,0.0011812250656921819,0.46380673013941087
nextgen_prospective__nextgen_prospective_022__cluster_3water__equilibrium,equilibrium,527,3.222068911622725,2.1229952390342963,0.0010189971332508208,0.46380673013941087
nextgen_prospective__nextgen_prospective_022__cluster_3water__equilibrium,equilibrium,528,5.947709052322031,1.2698043741156058,0.0014160592779424164,0.46380673013941087
nextgen_prospective__nextgen_prospective_022__cluster_3water__equilibrium,equilibrium,529,3.548038272102885,0.016274044668866904,0.0010689641585237553,0.46380673013941087
nextgen_prospective__nextgen_prospective_022__cluster_3water__equilibrium,equilibrium,530,4.5618927922890435,2.5915118732904476,0.0011233521810321,0.46380673013941087
nextgen_prospective__nextgen_prospective_022__cluster_3water__equilibrium,equilibrium,531,5.474101553506227,0.1229041994018071,0.0012030203314923327,0.46380673013941087
nextgen_prospective__nextgen_prospective_022__cluster_3water__equilibrium,equilibrium,532,3.458275269609202,1.2515794618692389,0.0012377003856900437,0.46380673013941087
nextgen_prospective__nextgen_prospective_022__cluster_3water__equilibrium,equilibrium,533,5.548719727095282,1.8332992856326742,0.0013684838694296708,0.46380673013941087
nextgen_prospective__nextgen_prospective_022__cluster_3water__equilibrium,equilibrium,534,4.573147501548659,0.16317380340864684,0.0012209271412966238,0.46380673013941087
nextgen_prospective__nextgen_prospective_022__cluster_3water__equilibrium,equilibrium,535,4.386301928790676,1.8005578734814787,0.0012581669746145607,0.46380673013941087
nextgen_prospective__nextgen_prospective_022__cluster_3water__equilibrium,equilibrium,536,5.243491952126305,1.018033640280081,0.001361745304486739,0.46380673013941087
nextgen_prospective__nextgen_prospective_022__cluster_3water__equilibrium,equilibrium,537,3.006994396388893,1.101946086510323,-0.0009859674365619853,0.46380673013941087
nextgen_prospective__nextgen_prospective_022__cluster_3water__equilibrium,equilibrium,538,2.842586619813307,2.25914869534568,0.00010394585674067258,0.46380673013941087
nextgen_prospective__nextgen_prospective_022__cluster_3water__equilibrium,equilibrium,539,2.4898906548603787,0.1192107539628652,-0.0003655921381833238,0.46380673013941087
nextgen_prospective__nextgen_prospective_022__cluster_3water__equilibrium,equilibrium,540,4.284299732013177,2.956872925940104,-4.319261652163675e-05,0.46380673013941087
nextgen_prospective__nextgen_prospective_022__cluster_3water__equilibrium,equilibrium,541,2.201329744835836,1.7430566612908112,-6.646879748384293e-05,0.46380673013941087
nextgen_prospective__nextgen_prospective_022__cluster_3water__equilibrium,equilibrium,542,5.84669121153946,2.009477328047377,0.000784412434730708,0.46380673013941087
nextgen_prospective__nextgen_prospective_022__cluster_3water__equilibrium,equilibrium,543,3.498907459760983,3.1505126882677437,-0.00015033371584483035,0.46380673013941087
nextgen_prospective__nextgen_prospective_022__cluster_3water__equilibrium,equilibrium,544,6.043948965864546,0.1343747638296608,0.000526233855588476,0.46380673013941087
nextgen_prospective__nextgen_prospective_022__cluster_3water__equilibrium,equilibrium,545,2.341757090905867,0.579089111706269,0.0006612818248630248,0.46380673013941087
nextgen_prospective__nextgen_prospective_022__cluster_3water__equilibrium,equilibrium,546,5.443004084439368,2.942363615446676,0.000520138041641971,0.46380673013941087
nextgen_prospective__nextgen_prospective_022__cluster_3water__equilibrium,equilibrium,547,4.75943336034479,-0.9528282521246233,-0.00014195717334297697,0.46380673013941087
nextgen_prospective__nextgen_prospective_022__cluster_3water__equilibrium,equilibrium,548,2.9217374944232746,2.405537542829873,0.0002758837521130708,0.46380673013941087
nextgen_prospective__nextgen_prospective_022__cluster_3water__equilibrium,equilibrium,549,6.426131961036667,1.3085778593629844,0.0009452526217463841,0.46380673013941087
nextgen_prospective__nextgen_prospective_022__cluster_3water__equilibrium,equilibrium,550,3.3408409578977656,-0.30310399278282246,0.000619072587903613,0.46380673013941087
nextgen_prospective__nextgen_prospective_022__cluster_3water__equilibrium,equilibrium,551,4.644368198137114,3.0079160725877814,0.00048507146499598974,0.46380673013941087
nextgen_prospective__nextgen_prospective_022__cluster_3water__equilibrium,equilibrium,552,5.817208033987777,-0.1660080795547566,0.0007730025746592872,0.46380673013941087
nextgen_prospective__nextgen_prospective_022__cluster_3water__equilibrium,equilibrium,553,3.2254313832630306,1.2851458293319418,0.0006962947108943851,0.46380673013941087
nextgen_prospective__nextgen_prospective_022__cluster_3water__equilibrium,equilibrium,554,5.9131456857451345,2.0330713170277877,0.0008522561208184065,0.46380673013941087
nextgen_prospective__nextgen_prospective_022__cluster_3water__equilibrium,equilibrium,555,4.658838538613761,-0.11423287440310544,0.0007782066990684733,0.46380673013941087
nextgen_prospective__nextgen_prospective_022__cluster_3water__equilibrium,equilibrium,556,4.418608516496354,1.9909752156905354,0.0007315425016503063,0.46380673013941087
nextgen_prospective__nextgen_prospective_022__cluster_3water__equilibrium,equilibrium,557,5.520709975070735,0.9848726301458814,0.0008916905092304361,0.46380673013941087
nextgen_prospective__nextgen_prospective_022__cluster_3water__equilibrium,equilibrium,558,3.228835207564128,0.803856614872329,-0.0010049155124640663,0.46380673013941087
nextgen_prospective__nextgen_prospective_022__cluster_3water__equilibrium,equilibrium,559,4.2263392836631315,1.3783976684072268,0.00029777631017502415,0.46380673013941087
nextgen_prospective__nextgen_prospective_022__cluster_3water__equilibrium,equilibrium,560,3.100962492449783,1.7039030884109398,0.0007414939168226553,0.46380673013941087
nextgen_prospective__nextgen_prospective_022__cluster_3water__equilibrium,equilibrium,561,5.023239549235339,0.6591704125362297,0.0011974302141268822,0.46380673013941087
nextgen_prospective__nextgen_prospective_022__cluster_3water__equilibrium,equilibrium,562,4.222294913049682,2.246577489984381,6.0488707126715724e-05,0.46380673013941087
nextgen_prospective__nextgen_prospective_022__cluster_3water__equilibrium,equilibrium,563,2.602207145245084,1.3024981730349305,5.26730146459542e-05,0.46380673013941087
nextgen_prospective__nextgen_prospective_022__cluster_3water__equilibrium,equilibrium,564,5.437488286014568,1.5097142471789264,0.0005514118462945916,0.46380673013941087
nextgen_prospective__nextgen_prospective_022__cluster_3water__equilibrium,equilibrium,565,3.5101921185615153,-0.6944731945435699,-0.004844737206909144,0.46380673013941087
nextgen_prospective__nextgen_prospective_022__cluster_3water__equilibrium,equilibrium,566,3.6114342568535314,2.3971861940169896,0.00033200439924740976,0.46380673013941087
nextgen_prospective__nextgen_prospective_022__cluster_3water__equilibrium,equilibrium,567,5.590910983822968,0.05130114167625854,0.00047053448064326986,0.46380673013941087
nextgen_prospective__nextgen_prospective_022__cluster_3water__equilibrium,equilibrium,568,5.123509409381165,2.2352924707117143,0.000548437810302449,0.46380673013941087
nextgen_prospective__nextgen_prospective_022__cluster_3water__equilibrium,equilibrium,569,3.1625242838130916,1.8177610808986455,0.0013400418186719776,0.46380673013941087
nextgen_prospective__nextgen_prospective_022__cluster_3water__equilibrium,equilibrium,570,5.8881644245123965,0.9645702159799547,0.000695005953313732,0.46380673013941087
nextgen_prospective__nextgen_prospective_022__cluster_3water__equilibrium,equilibrium,571,4.50234816447941,2.2862777151547964,0.001682905309437821,0.46380673013941087
nextgen_prospective__nextgen_prospective_022__cluster_3water__equilibrium,equilibrium,572,5.489175099285649,1.5280651274970234,0.0017093070826974532,0.46380673013941087
nextgen_prospective__nextgen_prospective_022__cluster_3water__equilibrium,equilibrium,573,4.229955009277978,1.5354075686338264,0.0008645128124085133,0.46380673013941087
nextgen_prospective__nextgen_prospective_022__cluster_3water__equilibrium,equilibrium,574,2.7830419920036733,1.9539145372100288,0.0022094996860460014,0.46380673013941087
nextgen_prospective__nextgen_prospective_022__cluster_3water__equilibrium,equilibrium,575,5.254541065013674,0.6106868110854013,0.0022611664896827754,0.46380673013941087
nextgen_prospective__nextgen_prospective_022__cluster_3water__equilibrium,equilibrium,576,4.224755104203544,2.6516387678044526,-0.00025835588545675137,0.46380673013941087
nextgen_prospective__nextgen_prospective_022__cluster_3water__equilibrium,equilibrium,577,2.1417851170262026,1.4378225031551604,0.00018219420103537942,0.46380673013941087
nextgen_prospective__nextgen_prospective_022__cluster_3water__equilibrium,equilibrium,578,5.787146583729826,1.704243169911726,0.0006195322889248622,0.46380673013941087
nextgen_prospective__nextgen_prospective_022__cluster_3water__equilibrium,equilibrium,579,3.309194368433042,-1.1297121123029124,-0.004062532254066831,0.46380673013941087
nextgen_prospective__nextgen_prospective_022__cluster_3water__equilibrium,equilibrium,580,3.43936283195135,2.845278530132093,-0.00027292193732364467,0.46380673013941087
nextgen_prospective__nextgen_prospective_022__cluster_3water__equilibrium,equilibrium,581,5.984404338054913,-0.17085939430598998,0.0010968671378606132,0.46380673013941087
nextgen_prospective__nextgen_prospective_022__cluster_3water__equilibrium,equilibrium,582,2.2822124630962337,0.2738549535706184,0.00013085900056797328,0.46380673013941087
nextgen_prospective__nextgen_prospective_022__cluster_3water__equilibrium,equilibrium,583,5.383459456629734,2.6371294573110253,0.00020540641140520677,0.46380673013941087
nextgen_prospective__nextgen_prospective_022__cluster_3water__equilibrium,equilibrium,584,4.6998887325351575,-1.2580624102602742,-0.0017225570988452787,0.46380673013941087
nextgen_prospective__nextgen_prospective_022__cluster_3water__equilibrium,equilibrium,585,2.8621928666136407,2.1003033846942225,0.0006125348746435222,0.46380673013941087
nextgen_prospective__nextgen_prospective_022__cluster_3water__equilibrium,equilibrium,586,6.366587333227034,1.0033437012273339,0.0007155238689358079,0.46380673013941087
nextgen_prospective__nextgen_prospective_022__cluster_3water__equilibrium,equilibrium,587,4.5848235703274804,2.7026819144521306,0.0009831942639282332,0.46380673013941087
nextgen_prospective__nextgen_prospective_022__cluster_3water__equilibrium,equilibrium,588,5.7576634061781435,-0.4712422376904075,-2.588046937646027e-05,0.46380673013941087
nextgen_prospective__nextgen_prospective_022__cluster_3water__equilibrium,equilibrium,589,5.8536010579355,1.7278371588921364,0.0013190794484985169,0.46380673013941087
nextgen_prospective__nextgen_prospective_022__cluster_3water__cooperative,cooperative,0,-2.407186151217661,-0.28868712581459394,-0.006539621501167936,0.46836897754299534
nextgen_prospective__nextgen_prospective_022__cluster_3water__cooperative,cooperative,1,-1.118743386256447,0.4534284016679824,-0.002307600138064192,0.46836897754299534
nextgen_prospective__nextgen_prospective_022__cluster_3water__cooperative,cooperative,2,-1.784854071968721,-1.539819867115814,-0.008210753962856643,0.46836897754299534
nextgen_prospective__nextgen_prospective_022__cluster_3water__cooperative,cooperative,3,-2.5723550749070228,0.8738729025061116,-0.004120045522005178,0.46836897754299534
nextgen_prospective__nextgen_prospective_022__cluster_3water__cooperative,cooperative,4,-0.08941387655901256,-0.4755734704987225,-0.0017335586789184454,0.46836897754299534
nextgen_prospective__nextgen_prospective_022__cluster_3water__cooperative,cooperative,5,-0.5240979261591445,-1.962706927214033,-0.004821503826505591,0.46836897754299534
nextgen_prospective__nextgen_prospective_022__cluster_3water__cooperative,cooperative,6,-1.9129957125521813,1.769363580580592,-0.0017312767499642057,0.46836897754299534
nextgen_prospective__nextgen_prospective_022__cluster_3water__cooperative,cooperative,7,-2.4928377610627495,1.0209394761360646,-0.004469837359952322,0.46836897754299534
nextgen_prospective__nextgen_prospective_022__cluster_3water__cooperative,cooperative,8,-2.0717940037758766,-1.7002420665859486,-0.008818779133682675,0.46836897754299534
nextgen_prospective__nextgen_prospective_022__cluster_3water__cooperative,cooperative,9,-2.1877378819968833,-0.10463923603546756,-0.006148042298144141,0.46836897754299534
nextgen_prospective__nextgen_prospective_022__cluster_3water__cooperative,cooperative,10,-0.7476945824084179,-1.510496544880399,-0.0041986718525914846,0.46836897754299534
nextgen_prospective__nextgen_prospective_022__cluster_3water__cooperative,cooperative,11,-0.9890367805541466,0.6044578789636748,-0.002148148140852957,0.46836897754299534
nextgen_prospective__nextgen_prospective_022__cluster_3water__cooperative,cooperative,12,0.11816699958770799,-0.40630258892146337,-0.0010485709771765883,0.46836897754299534
nextgen_prospective__nextgen_prospective_022__cluster_3water__cooperative,cooperative,13,-2.7706423432397824,-0.29791567920740075,-0.004210936616840133,0.46836897754299534
nextgen_prospective__nextgen_prospective_022__cluster_3water__cooperative,cooperative,14,-1.114073074003936,0.6562328561273401,-0.0013298209476442224,0.46836897754299534
nextgen_prospective__nextgen_prospective_022__cluster_3water__cooperative,cooperative,15,-1.970501098491145,-1.906514918023255,-0.005379891265048897,0.46836897754299534
nextgen_prospective__nextgen_prospective_022__cluster_3water__cooperative,cooperative,16,-2.9830023879832477,1.1968043572049347,-0.0026287089021357346,0.46836897754299534
nextgen_prospective__nextgen_prospective_022__cluster_3water__cooperative,cooperative,17,0.20935058132133721,-0.538198122372709,-0.0009721080269349258,0.46836897754299534
nextgen_prospective__nextgen_prospective_022__cluster_3water__cooperative,cooperative,18,-0.3495289110216898,-2.4502268524352506,-0.0032966303635051375,0.46836897754299534
nextgen_prospective__nextgen_prospective_022__cluster_3water__cooperative,cooperative,19,-3.811292518162481,0.5301854798840628,-0.004417527219432671,0.46836897754299534
nextgen_prospective__nextgen_prospective_022__cluster_3water__cooperative,cooperative,20,0.8972993763296995,0.8743121744446269,0.001904685545529361,0.46836897754299534
nextgen_prospective__nextgen_prospective_022__cluster_3water__cooperative,cooperative,21,-2.303388901761979,-2.7862133984159474,-0.008506947745858362,0.46836897754299534
nextgen_prospective__nextgen_prospective_022__cluster_3water__cooperative,cooperative,22,-2.135254636384165,2.3481495147292675,-0.0003074014139099468,0.46836897754299534
nextgen_prospective__nextgen_prospective_022__cluster_3water__cooperative,cooperative,23,-0.5070753481300813,-2.951999199944206,-0.003612417175891114,0.46836897754299534
nextgen_prospective__nextgen_prospective_022__cluster_3water__cooperative,cooperative,24,-2.880765841612039,1.3858899518720176,-0.002752631281894846,0.46836897754299534
nextgen_prospective__nextgen_prospective_022__cluster_3water__cooperative,cooperative,25,-2.3394238679574886,-2.112772031627714,-0.0058889986826864416,0.46836897754299534
nextgen_prospective__nextgen_prospective_022__cluster_3water__cooperative,cooperative,26,-2.488494568527354,-0.06128267806280966,-0.0039036485687873324,0.46836897754299534
nextgen_prospective__nextgen_prospective_022__cluster_3water__cooperative,cooperative,27,-0.6370103261993274,-1.8688135037205793,-0.002885883381777976,0.46836897754299534
nextgen_prospective__nextgen_prospective_022__cluster_3water__cooperative,cooperative,28,-0.9473074381009782,0.8504136126503732,-0.0011395207080098224,0.46836897754299534
nextgen_prospective__nextgen_prospective_022__cluster_3water__cooperative,cooperative,29,0.4762402792242635,-0.44913556034480434,-0.000368854697167631,0.46836897754299534
nextgen_prospective__nextgen_prospective_022__cluster_3water__cooperative,cooperative,30,-1.3952027895747614,0.4315121408059106,-0.0030972129592092834,0.46836897754299534
nextgen_prospective__nextgen_prospective_022__cluster_3water__cooperative,cooperative,31,0.017927984898828075,1.2454452999803491,0.001011709275373196,0.46836897754299534
nextgen_prospective__nextgen_prospective_022__cluster_3water__cooperative,cooperative,32,-0.712645025237214,-0.9406979625567178,-0.004530168268210399,0.46836897754299534
nextgen_prospective__nextgen_prospective_022__cluster_3water__cooperative,cooperative,33,-1.5763558026534163,1.7065779783189423,-0.0006382402367224316,0.46836897754299534
nextgen_prospective__nextgen_prospective_022__cluster_3water__cooperative,cooperative,34,1.1468700277927888,0.22654002082976948,0.001153521451165762,0.46836897754299534
nextgen_prospective__nextgen_prospective_022__cluster_3water__cooperative,cooperative,35,0.6701197798442569,-1.40450957685799,-0.0009589571327657254,0.46836897754299534
nextgen_prospective__nextgen_prospective_022__cluster_3water__cooperative,cooperative,36,1.7337224048966964,1.4314771199069234,0.0035424982440466213,0.46836897754299534
nextgen_prospective__nextgen_prospective_022__cluster_3water__cooperative,cooperative,37,-1.4891432648887295,1.8678768010098585,-0.0006247596881245876,0.46836897754299534
nextgen_prospective__nextgen_prospective_022__cluster_3water__cooperative,cooperative,38,-1.0273533375418364,-1.116644891007833,-0.006542680168331483,0.46836897754299534
nextgen_prospective__nextgen_prospective_022__cluster_3water__cooperative,cooperative,39,-1.1545175910745538,0.6333711166926943,-0.002326261601285129,0.46836897754299534
nextgen_prospective__nextgen_prospective_022__cluster_3water__cooperative,cooperative,40,1.80694539036406,1.457474200357561,0.003616226641358411,0.46836897754299534
nextgen_prospective__nextgen_prospective_022__cluster_3water__cooperative,cooperative,41,0.4248847375063437,-0.9085368994598115,-0.0007950977878596888,0.46836897754299534
nextgen_prospective__nextgen_prospective_022__cluster_3water__cooperative,cooperative,42,0.16018684276586737,1.4110905331433665,0.0013078814751517065,0.46836897754299534
nextgen_prospective__nextgen_prospective_022__cluster_3water__cooperative,cooperative,43,1.3745393758246756,0.3025145361080537,0.0016566268480833202,0.46836897754299534
nextgen_prospective__nextgen_prospective_022__cluster_3water__cooperative,cooperative,44,-1.7938321614699915,0.42139050160089664,-0.0026017521961074763,0.46836897754299534
nextgen_prospective__nextgen_prospective_022__cluster_3water__cooperative,cooperative,45,0.02305026285319478,1.467875991968032,0.000912544213136357,0.46836897754299534
nextgen_prospective__nextgen_prospective_022__cluster_3water__cooperative,cooperative,46,-0.9162578930360019,-1.3428796312939113,-0.0038555113642728678,0.46836897754299534
nextgen_prospective__nextgen_prospective_022__cluster_3water__cooperative,cooperative,47,-2.026743178285405,2.0607608641176522,-0.00033139659731729054,0.46836897754299534
nextgen_prospective__nextgen_prospective_022__cluster_3water__cooperative,cooperative,48,1.4745471751454302,0.15785491877442953,0.0009432235085646834,0.46836897754299534
nextgen_prospective__nextgen_prospective_022__cluster_3water__cooperative,cooperative,49,0.8615825706401747,-1.9392088496812614,-0.0008693760955265084,0.46836897754299534
nextgen_prospective__nextgen_prospective_022__cluster_3water__cooperative,cooperative,50,-2.9351904178368216,1.3296304825399214,-0.0034605748084484134,0.46836897754299534
nextgen_prospective__nextgen_prospective_022__cluster_3water__cooperative,cooperative,51,2.2290716599933114,1.707059760445056,0.0029581600125818674,0.46836897754299534
nextgen_prospective__nextgen_prospective_022__cluster_3water__cooperative,cooperative,52,2.508520145287184,-0.9493355388633747,0.002097753411710146,0.46836897754299534
nextgen_prospective__nextgen_prospective_022__cluster_3water__cooperative,cooperative,53,1.6571815632681814,3.0286486675940636,0.005160054575149786,0.46836897754299534
nextgen_prospective__nextgen_prospective_022__cluster_3water__cooperative,cooperative,54,0.6887897041341973,-2.4895398114652774,-0.0011987357208211868,0.46836897754299534
nextgen_prospective__nextgen_prospective_022__cluster_3water__cooperative,cooperative,55,-1.9146127725879503,2.268145064720259,-0.00021530484529730387,0.46836897754299534
nextgen_prospective__nextgen_prospective_022__cluster_3water__cooperative,cooperative,56,-1.3208828659990877,-1.5690971107310596,-0.005388452149109657,0.46836897754299534
nextgen_prospective__nextgen_prospective_022__cluster_3water__cooperative,cooperative,57,2.187303825128428,-1.374877900324633,0.0016542059928252861,0.46836897754299534
nextgen_prospective__nextgen_prospective_022__cluster_3water__cooperative,cooperative,58,-1.4843797633982958,0.68092347059819,-0.0019151858289276902,0.46836897754299534
nextgen_prospective__nextgen_prospective_022__cluster_3water__cooperative,cooperative,59,2.3232154984513502,1.740484578167304,0.0030234897762031476,0.46836897754299534
nextgen_prospective__nextgen_prospective_022__cluster_3water__cooperative,cooperative,60,0.5462803733485724,-1.3015296930264606,-0.0007612194565571606,0.46836897754299534
nextgen_prospective__nextgen_prospective_022__cluster_3water__cooperative,cooperative,61,0.20595450868224552,1.6808484346061972,0.001177873470377122,0.46836897754299534
nextgen_prospective__nextgen_prospective_022__cluster_3water__cooperative,cooperative,62,1.7672649083292846,0.2555364384179378,0.0013311728371763198,0.46836897754299534
nextgen_prospective__nextgen_prospective_022__cluster_3water__cooperative,cooperative,63,-0.13700732395320475,-0.2886877403133642,-0.0016272448723628763,0.46836897754299534
nextgen_prospective__nextgen_prospective_022__cluster_3water__cooperative,cooperative,64,1.151435441008009,0.45342778716921206,0.0013861338602683126,0.46836897754299534
nextgen_prospective__nextgen_prospective_022__cluster_3water__cooperative,cooperative,65,0.48532475529573543,-1.5398204816145844,-0.001430280615931423,0.46836897754299534
nextgen_prospective__nextgen_prospective_022__cluster_3water__cooperative,cooperative,66,2.180764950705443,-0.47557408499749293,0.0015958695675428736,0.46836897754299534
nextgen_prospective__nextgen_prospective_022__cluster_3water__cooperative,cooperative,67,1.7460809011053118,-1.962707541712803,0.00047385146428746694,0.46836897754299534
nextgen_prospective__nextgen_prospective_022__cluster_3water__cooperative,cooperative,68,2.7158362357119477,0.623045034749324,0.0028919303451284684,0.46836897754299534
nextgen_prospective__nextgen_prospective_022__cluster_3water__cooperative,cooperative,69,0.22641201941841999,-2.2240304108089006,-0.002326585852882257,0.46836897754299534
nextgen_prospective__nextgen_prospective_022__cluster_3water__cooperative,cooperative,70,2.9140072203811314,-1.2607385598582888,0.0017198943767198216,0.46836897754299534
nextgen_prospective__nextgen_prospective_022__cluster_3water__cooperative,cooperative,71,2.3102801867271334,1.5602502401458422,0.004104906875832759,0.46836897754299534
nextgen_prospective__nextgen_prospective_022__cluster_3water__cooperative,cooperative,72,3.297959581271643,-0.0810993388826811,0.002720626465694709,0.46836897754299534
nextgen_prospective__nextgen_prospective_022__cluster_3water__cooperative,cooperative,73,0.19838482348857972,-1.7002426810847189,-0.0018727898607235893,0.46836897754299534
nextgen_prospective__nextgen_prospective_022__cluster_3water__cooperative,cooperative,74,2.686216561967896,-1.562512064554671,0.0015073377117853504,0.46836897754299534
nextgen_prospective__nextgen_prospective_022__cluster_3water__cooperative,cooperative,75,0.08244094526757273,-0.1046398505342379,-0.0008119834743602894,0.46836897754299534
nextgen_prospective__nextgen_prospective_022__cluster_3water__cooperative,cooperative,76,2.7825983695204264,0.6467482551601993,0.002991939215351458,0.46836897754299534
nextgen_prospective__nextgen_prospective_022__cluster_3water__cooperative,cooperative,77,1.522484244856038,-1.5104971593791698,0.0005541127256925016,0.46836897754299534
nextgen_prospective__nextgen_prospective_022__cluster_3water__cooperative,cooperative,78,1.2811420467103098,0.6044572644649044,0.001722042113152078,0.46836897754299534
nextgen_prospective__nextgen_prospective_022__cluster_3water__cooperative,cooperative,79,2.3883458268521642,-0.4063032034202338,0.0019027271538496482,0.46836897754299534
nextgen_prospective__nextgen_prospective_022__cluster_3water__cooperative,cooperative,80,-0.5004635159753261,-0.29791629370617106,-0.002122188703318262,0.46836897754299534
nextgen_prospective__nextgen_prospective_022__cluster_3water__cooperative,cooperative,81,1.15610575326052,0.6562322416285697,0.0011236860675767346,0.46836897754299534
nextgen_prospective__nextgen_prospective_022__cluster_3water__cooperative,cooperative,82,0.2996777287733111,-1.9065155325220255,-0.0017100621072021482,0.46836897754299534
nextgen_prospective__nextgen_prospective_022__cluster_3water__cooperative,cooperative,83,-0.7128235607187916,1.1968037427061646,-0.00037166990112957876,0.46836897754299534
nextgen_prospective__nextgen_prospective_022__cluster_3water__cooperative,cooperative,84,2.479529408585793,-0.5381987368714793,0.001091666366426658,0.46836897754299534
nextgen_prospective__nextgen_prospective_022__cluster_3water__cooperative,cooperative,85,1.9206499162427664,-2.450227466934021,4.956746208373275e-05,0.46836897754299534
nextgen_prospective__nextgen_prospective_022__cluster_3water__cooperative,cooperative,86,3.1674782035941558,0.8743115599458565,0.002245247568863462,0.46836897754299534
nextgen_prospective__nextgen_prospective_022__cluster_3water__cooperative,cooperative,87,-0.03321007449752308,-2.7862140129147184,-0.0028035267185333446,0.46836897754299534
nextgen_prospective__nextgen_prospective_022__cluster_3water__cooperative,cooperative,88,3.4222694695973916,-1.5476959188353596,0.001163958989271796,0.46836897754299534
nextgen_prospective__nextgen_prospective_022__cluster_3water__cooperative,cooperative,89,2.6460489977565373,2.0792896811699513,0.003681855534863887,0.46836897754299534
nextgen_prospective__nextgen_prospective_022__cluster_3water__cooperative,cooperative,90,1.763103479134375,-2.9519998144429773,-0.00012609441064759253,0.46836897754299534
nextgen_prospective__nextgen_prospective_022__cluster_3water__cooperative,cooperative,91,3.9159225050280493,-0.031016920438149874,0.0019700094926944356,0.46836897754299534
nextgen_prospective__nextgen_prospective_022__cluster_3water__cooperative,cooperative,92,-0.06924504069303206,-2.1127726461264844,-0.0022823626859427293,0.46836897754299534
nextgen_prospective__nextgen_prospective_022__cluster_3water__cooperative,cooperative,93,1.6144776446161255,2.1639616049772123,0.004176213939053097,0.46836897754299534
nextgen_prospective__nextgen_prospective_022__cluster_3water__cooperative,cooperative,94,3.1293957659232325,-1.9356904248735654,0.0009628844596498709,0.46836897754299534
nextgen_prospective__nextgen_prospective_022__cluster_3water__cooperative,cooperative,95,-0.2183157412628981,-0.06128329256158001,-0.0011556453483261286,0.46836897754299534
nextgen_prospective__nextgen_prospective_022__cluster_3water__cooperative,cooperative,96,3.253315232776485,0.9047871290455535,0.0023043053758806664,0.46836897754299534
nextgen_prospective__nextgen_prospective_022__cluster_3water__cooperative,cooperative,97,1.633168501065129,-1.8688141182193494,0.00012318647420395124,0.46836897754299534
nextgen_prospective__nextgen_prospective_022__cluster_3water__cooperative,cooperative,98,1.322871389163478,0.8504129981516029,0.0014091056882137298,0.46836897754299534
nextgen_prospective__nextgen_prospective_022__cluster_3water__cooperative,cooperative,99,2.7464191064887196,-0.4491361748435747,0.001325744667065365,0.46836897754299534
nextgen_prospective__nextgen_prospective_022__cluster_3water__cooperative,cooperative,100,-1.4772728952010774,2.0811466971824513,0.0004317327644471902,0.46836897754299534
nextgen_prospective__nextgen_prospective_022__cluster_3water__cooperative,cooperative,101,0.018983218947428937,2.942958277484798,0.0026978809215221222,0.46836897754299534
nextgen_prospective__nextgen_prospective_022__cluster_3water__cooperative,cooperative,102,-0.7545646741377919,0.6282183524455507,-0.0013642025501741095,0.46836897754299534
nextgen_prospective__nextgen_prospective_022__cluster_3water__cooperative,cooperative,103,-1.6690819678725948,3.431216407490367,0.0017293905528252829,0.46836897754299534
nextgen_prospective__nextgen_prospective_022__cluster_3water__cooperative,cooperative,104,1.2143336173057402,1.8641173936783018,0.002779607538119677,0.46836897754299534
nextgen_prospective__nextgen_prospective_022__cluster_3water__cooperative,cooperative,105,0.01291666302725375,4.245228009850528,0.0031054500328611123,0.46836897754299534
nextgen_prospective__nextgen_prospective_022__cluster_3water__cooperative,cooperative,106,-2.4172149886796435,2.829109034426354,0.00023878926032283587,0.46836897754299534
nextgen_prospective__nextgen_prospective_022__cluster_3water__cooperative,cooperative,107,1.8357067224745838,3.1399331456423476,0.0037366967223719794,0.46836897754299534
nextgen_prospective__nextgen_prospective_022__cluster_3water__cooperative,cooperative,108,-0.9033743212669718,4.471141065899442,0.0025829392828842224,0.46836897754299534
nextgen_prospective__nextgen_prospective_022__cluster_3water__cooperative,cooperative,109,-2.2533830849312744,1.4711468932443885,-0.002878666771509053,0.46836897754299534
nextgen_prospective__nextgen_prospective_022__cluster_3water__cooperative,cooperative,110,1.3647384075244764,4.228300480941529,0.0035852447458697423,0.46836897754299534
nextgen_prospective__nextgen_prospective_022__cluster_3water__cooperative,cooperative,111,-1.5767392808276324,3.602003396221926,0.0017391382504010622,0.46836897754299534
nextgen_prospective__nextgen_prospective_022__cluster_3water__cooperative,cooperative,112,2.511720930221327,2.32221709884389,0.0038887616231746414,0.46836897754299534
nextgen_prospective__nextgen_prospective_022__cluster_3water__cooperative,cooperative,113,-1.0877852401073926,0.4419216046737814,-0.0033725436165772393,0.46836897754299534
nextgen_prospective__nextgen_prospective_022__cluster_3water__cooperative,cooperative,114,0.43299654017184674,4.3047783476061525,0.003177834577098082,0.46836897754299534
nextgen_prospective__nextgen_prospective_022__cluster_3water__cooperative,cooperative,115,-1.2224297438479166,2.2948797304743396,0.0006978508121102678,0.46836897754299534
nextgen_prospective__nextgen_prospective_022__cluster_3water__cooperative,cooperative,116,1.9132369423812037,3.167459466119493,0.0036638429930024863,0.46836897754299534
nextgen_prospective__nextgen_prospective_022__cluster_3water__cooperative,cooperative,117,0.4498786040612691,0.6622712427834515,0.0006233870107243966,0.46836897754299534
nextgen_prospective__nextgen_prospective_022__cluster_3water__cooperative,cooperative,118,0.16961024492429422,3.1183473478926995,0.0026784126186860657,0.46836897754299534
nextgen_prospective__nextgen_prospective_022__cluster_3water__cooperative,cooperative,119,1.4553952799277383,1.9445609980906025,0.0028867958773366453,0.46836897754299534
nextgen_prospective__nextgen_prospective_022__cluster_3water__cooperative,cooperative,120,-1.89935105367838,2.0704296674359655,-0.00013296750381641687,0.46836897754299534
nextgen_prospective__nextgen_prospective_022__cluster_3water__cooperative,cooperative,121,0.024406807369700023,3.1784731278246974,0.0017005801509137886,0.46836897754299534
nextgen_prospective__nextgen_prospective_022__cluster_3water__cooperative,cooperative,122,-0.9701547694541557,0.2023789384885222,-0.00205481476379088,0.46836897754299534
nextgen_prospective__nextgen_prospective_022__cluster_3water__cooperative,cooperative,123,-2.1459627185417594,3.806233580689001,0.0009863776958596304,0.46836897754299534
nextgen_prospective__nextgen_prospective_022__cluster_3water__cooperative,cooperative,124,1.561285890973243,1.7913919915020595,0.001866286967587616,0.46836897754299534
nextgen_prospective__nextgen_prospective_022__cluster_3water__cooperative,cooperative,125,0.016606949758046108,4.852819926580637,0.002113197225597885,0.46836897754299534
nextgen_prospective__nextgen_prospective_022__cluster_3water__cooperative,cooperative,126,0.9122645450265017,-0.4290284692157312,0.0003649818962481177,0.46836897754299534
nextgen_prospective__nextgen_prospective_022__cluster_3water__cooperative,cooperative,127,-3.107848031007965,3.032095529606698,-0.00019066018920854688,0.46836897754299534
nextgen_prospective__nextgen_prospective_022__cluster_3water__cooperative,cooperative,128,2.3601941690474706,3.431726529741547,0.002609982880787509,0.46836897754299534
nextgen_prospective__nextgen_prospective_022__cluster_3water__cooperative,cooperative,129,-1.161481458620244,5.143279570072097,0.0017472012551571492,0.46836897754299534
nextgen_prospective__nextgen_prospective_022__cluster_3water__cooperative,cooperative,130,2.6560808005350998,0.6190726834149726,0.0030762060763420696,0.46836897754299534
nextgen_prospective__nextgen_prospective_022__cluster_3water__cooperative,cooperative,131,-2.897207011902918,1.2861442052298853,-0.003245627884425506,0.46836897754299534
nextgen_prospective__nextgen_prospective_022__cluster_3water__cooperative,cooperative,132,1.7546634783973325,4.831055960840495,0.0025434334564322647,0.46836897754299534
nextgen_prospective__nextgen_prospective_022__cluster_3water__cooperative,cooperative,133,-2.0272364066268076,4.025816851915291,0.00102213765858572,0.46836897754299534
nextgen_prospective__nextgen_prospective_022__cluster_3water__cooperative,cooperative,134,3.229355293293283,2.380377326714958,0.0028530186189372753,0.46836897754299534
nextgen_prospective__nextgen_prospective_022__cluster_3water__cooperative,cooperative,135,-1.3985812114150704,-0.03714545150375239,-0.004612027937462404,0.46836897754299534
nextgen_prospective__nextgen_prospective_022__cluster_3water__cooperative,cooperative,136,0.5567096489439515,4.929384646552153,0.0022008145763356968,0.46836897754299534
nextgen_prospective__nextgen_prospective_022__cluster_3water__cooperative,cooperative,137,-1.5716955733671725,2.345229281668394,0.000140013628698199,0.46836897754299534
nextgen_prospective__nextgen_prospective_022__cluster_3water__cooperative,cooperative,138,2.459875880355982,3.4671175132121625,0.0025816123428021864,0.46836897754299534
nextgen_prospective__nextgen_prospective_022__cluster_3water__cooperative,cooperative,139,0.578415159658923,0.2461612260658233,0.0002556292041395736,0.46836897754299534
nextgen_prospective__nextgen_prospective_022__cluster_3water__cooperative,cooperative,140,0.21807012648281243,3.403973361206284,0.0017213145944552366,0.46836897754299534
nextgen_prospective__nextgen_prospective_022__cluster_3water__cooperative,cooperative,141,1.8712223143443834,1.8948194828893035,0.0019969827885835123,0.46836897754299534
nextgen_prospective__nextgen_prospective_022__cluster_3water__cooperative,cooperative,142,-3.009080821948867,0.20322214224254925,-0.00549650359953624,0.46836897754299534
nextgen_prospective__nextgen_prospective_022__cluster_3water__cooperative,cooperative,143,-2.0115767458498626,0.7777631957774469,-0.0035355996838970505,0.46836897754299534
nextgen_prospective__nextgen_prospective_022__cluster_3water__cooperative,cooperative,144,-3.1369535370632122,1.10326861578116,-0.003412216620784836,0.46836897754299534
nextgen_prospective__nextgen_prospective_022__cluster_3water__cooperative,cooperative,145,-2.015621116463313,1.6459430173546008,-0.0016211514758710521,0.46836897754299534
nextgen_prospective__nextgen_prospective_022__cluster_3water__cooperative,cooperative,146,-3.635708884267911,0.7018637004051509,-0.004447935373566025,0.46836897754299534
nextgen_prospective__nextgen_prospective_022__cluster_3water__cooperative,cooperative,147,-2.6264817726594636,1.7965517213872095,-0.002087230516623073,0.46836897754299534
nextgen_prospective__nextgen_prospective_022__cluster_3water__cooperative,cooperative,148,-3.075391745699904,1.2171266082688657,-0.0036024635795737225,0.46836897754299534
nextgen_prospective__nextgen_prospective_022__cluster_3water__cooperative,cooperative,149,-1.7355678650335844,1.6856432425250167,-0.0018013678583015391,0.46836897754299534
nextgen_prospective__nextgen_prospective_022__cluster_3water__cooperative,cooperative,150,-2.8391853877134263,0.34571083110380835,-0.005819891147023082,0.46836897754299534
nextgen_prospective__nextgen_prospective_022__cluster_3water__cooperative,cooperative,151,-1.9111587285319533,0.8946892427160476,-0.003910616357682084,0.46836897754299534
nextgen_prospective__nextgen_prospective_022__cluster_3water__cooperative,cooperative,152,-3.2904662609337354,0.19607745574489235,-0.004011255099623412,0.46836897754299534
nextgen_prospective__nextgen_prospective_022__cluster_3water__cooperative,cooperative,153,-2.0079610202350153,0.9347730960040467,-0.002368622416550892,0.46836897754299534
nextgen_prospective__nextgen_prospective_022__cluster_3water__cooperative,cooperative,154,-3.454874037509322,1.353280064580249,-0.002417818928250437,0.46836897754299534
nextgen_prospective__nextgen_prospective_022__cluster_3water__cooperative,cooperative,155,-0.9833749644993204,0.010052338455621444,-0.0033184326530366626,0.46836897754299534
nextgen_prospective__nextgen_prospective_022__cluster_3water__cooperative,cooperative,156,-2.0131609253094513,2.0510042951746734,-0.00046090613413252157,0.46836897754299534
nextgen_prospective__nextgen_prospective_022__cluster_3water__cooperative,cooperative,157,-4.096130912486792,0.8371880305253805,-0.00316857704106166,0.46836897754299534
nextgen_prospective__nextgen_prospective_022__cluster_3water__cooperative,cooperative,158,-2.7985531975616444,2.2446440575023128,-0.0011230281326297664,0.46836897754299534
nextgen_prospective__nextgen_prospective_022__cluster_3water__cooperative,cooperative,159,-3.375723162899354,1.4996689120644422,-0.002506674972964973,0.46836897754299534
nextgen_prospective__nextgen_prospective_022__cluster_3water__cooperative,cooperative,160,-1.6530924591855145,2.1020474418223505,-0.0002889043726774787,0.46836897754299534
nextgen_prospective__nextgen_prospective_022__cluster_3water__cooperative,cooperative,161,-3.072029274059598,0.3792771985665113,-0.004137422361486731,0.46836897754299534
nextgen_prospective__nextgen_prospective_022__cluster_3water__cooperative,cooperative,162,-1.638622118708867,-1.0201015051685365,-0.00750225154406392,0.46836897754299534
nextgen_prospective__nextgen_prospective_022__cluster_3water__cooperative,cooperative,163,-1.878852140826274,1.0851065849251045,-0.0025219228258688275,0.46836897754299534
nextgen_prospective__nextgen_prospective_022__cluster_3water__cooperative,cooperative,164,-0.7767506822518935,0.07900399938045076,-0.0028145311236480453,0.46836897754299534
nextgen_prospective__nextgen_prospective_022__cluster_3water__cooperative,cooperative,165,-1.1301801834240166,-0.7151029554094118,-0.006939477596956678,0.46836897754299534
nextgen_prospective__nextgen_prospective_022__cluster_3water__cooperative,cooperative,166,-1.645878778814164,-2.2582629054355765,-0.007564614273094072,0.46836897754299534
nextgen_prospective__nextgen_prospective_022__cluster_3water__cooperative,cooperative,167,-0.3332799178518091,-1.4343302112804088,-0.0039347569187215825,0.46836897754299534
nextgen_prospective__nextgen_prospective_022__cluster_3water__cooperative,cooperative,168,-0.6698095046390082,-2.5856593390600042,-0.004579925556677633,0.46836897754299534
nextgen_prospective__nextgen_prospective_022__cluster_3water__cooperative,cooperative,169,-1.8463273485256342,-2.787973818360209,-0.007820841883686924,0.46836897754299534
nextgen_prospective__nextgen_prospective_022__cluster_3water__cooperative,cooperative,170,0.23439151673582,-2.04219948214038,-0.0023897639643180035,0.46836897754299534
nextgen_prospective__nextgen_prospective_022__cluster_3water__cooperative,cooperative,171,-0.7646761764462117,-2.8878018278826003,-0.00442379830662043,0.46836897754299534
nextgen_prospective__nextgen_prospective_022__cluster_3water__cooperative,cooperative,172,-1.8680258227938975,-2.382460737283423,-0.007510532174735296,0.46836897754299534
nextgen_prospective__nextgen_prospective_022__cluster_3water__cooperative,cooperative,173,0.05803745860944434,-2.275830582550482,-0.002557397629133984,0.46836897754299534
nextgen_prospective__nextgen_prospective_022__cluster_3water__cooperative,cooperative,174,-1.9577888252875804,-1.1471553200830504,-0.009399983682783386,0.46836897754299534
nextgen_prospective__nextgen_prospective_022__cluster_3water__cooperative,cooperative,175,-0.8429165933481234,-2.235560978543643,-0.004481291382976593,0.46836897754299534
nextgen_prospective__nextgen_prospective_022__cluster_3water__cooperative,cooperative,176,-0.17257214277047733,-1.3807011416722084,-0.0028029379842702262,0.46836897754299534
nextgen_prospective__nextgen_prospective_022__cluster_3water__cooperative,cooperative,177,-2.4090696985078894,-1.2967886954419663,-0.007460318328137205,0.46836897754299534
nextgen_prospective__nextgen_prospective_022__cluster_3water__cooperative,cooperative,178,-1.1265644578091694,-0.5580930551828122,-0.004605912110096533,0.46836897754299534
nextgen_prospective__nextgen_prospective_022__cluster_3water__cooperative,cooperative,179,-1.7896055090250735,-2.5421558480735955,-0.005586554317895676,0.46836897754299534
nextgen_prospective__nextgen_prospective_022__cluster_3water__cooperative,cooperative,180,-2.5734774750834752,-0.13958608660660968,-0.008739453550522747,0.46836897754299534
nextgen_prospective__nextgen_prospective_022__cluster_3water__cooperative,cooperative,181,-0.10197840207347397,-1.4828138127312374,-0.002645547564635642,0.46836897754299534
nextgen_prospective__nextgen_prospective_022__cluster_3water__cooperative,cooperative,182,-0.5346592993713013,-2.963094119876431,-0.0034200344159960316,0.46836897754299534
nextgen_prospective__nextgen_prospective_022__cluster_3water__cooperative,cooperative,183,-2.0473250986541065,-3.223212736119551,-0.005985889941067413,0.46836897754299534
nextgen_prospective__nextgen_prospective_022__cluster_3water__cooperative,cooperative,184,0.6278848709677637,-2.2643600181226287,-0.001408657260239199,0.46836897754299534
nextgen_prospective__nextgen_prospective_022__cluster_3water__cooperative,cooperative,185,-0.6566307345519913,-3.351563034076913,-0.003386645242142272,0.46836897754299534
nextgen_prospective__nextgen_prospective_022__cluster_3water__cooperative,cooperative,186,-2.075223136999016,-2.701838774735112,-0.005687144464001648,0.46836897754299534
nextgen_prospective__nextgen_prospective_022__cluster_3water__cooperative,cooperative,187,0.401143939090995,-2.5647428615070456,-0.0017190956096175825,0.46836897754299534
nextgen_prospective__nextgen_prospective_022__cluster_3water__cooperative,cooperative,188,-2.190632711633752,-1.1135889526203475,-0.006799635671429272,0.46836897754299534
nextgen_prospective__nextgen_prospective_022__cluster_3water__cooperative,cooperative,189,-0.757225556283021,-2.512967656355395,-0.003365888872260303,0.46836897754299534
nextgen_prospective__nextgen_prospective_022__cluster_3water__cooperative,cooperative,190,-0.9974555784004278,-0.407759566261754,-0.0040444166256725644,0.46836897754299534
nextgen_prospective__nextgen_prospective_022__cluster_3water__cooperative,cooperative,191,0.10464588017395293,-1.413862151806408,-0.001801268081413454,0.46836897754299534
nextgen_prospective__nextgen_prospective_022__cluster_3water__cooperative,cooperative,192,0.15798532499461132,-1.289644295941959,-0.0022670072897637006,0.46836897754299534
nextgen_prospective__nextgen_prospective_022__cluster_3water__cooperative,cooperative,193,1.1554894010936154,-0.715103242407061,0.0007071600158874425,0.46836897754299534
nextgen_prospective__nextgen_prospective_022__cluster_3water__cooperative,cooperative,194,0.6397908057034682,-2.2582631924332257,-0.0013937477224943429,0.46836897754299534
nextgen_prospective__nextgen_prospective_022__cluster_3water__cooperative,cooperative,195,1.9523896666658234,-1.4343304982780585,0.0010215667894151181,0.46836897754299534
nextgen_prospective__nextgen_prospective_022__cluster_3water__cooperative,cooperative,196,-0.2442064739720104,-2.053993999034426,-0.004018108294254752,0.46836897754299534
nextgen_prospective__nextgen_prospective_022__cluster_3water__cooperative,cooperative,197,1.615860079878624,-2.5856596260576534,-0.0001146789789254754,0.46836897754299534
nextgen_prospective__nextgen_prospective_022__cluster_3water__cooperative,cooperative,198,0.4393422359919982,-2.787974105357858,-0.001803709129945208,0.46836897754299534
nextgen_prospective__nextgen_prospective_022__cluster_3water__cooperative,cooperative,199,2.5200611012534524,-2.0421997691380294,0.0009905979536393161,0.46836897754299534
nextgen_prospective__nextgen_prospective_022__cluster_3water__cooperative,cooperative,200,1.5209934080714205,-2.887802114880251,-0.0002782505689240544,0.46836897754299534
nextgen_prospective__nextgen_prospective_022__cluster_3water__cooperative,cooperative,201,2.817314541942881,-1.1289306948343332,0.002171696502379472,0.46836897754299534
nextgen_prospective__nextgen_prospective_022__cluster_3water__cooperative,cooperative,202,0.4176437617237348,-2.3824610242810715,-0.001609102636399573,0.46836897754299534
nextgen_prospective__nextgen_prospective_022__cluster_3water__cooperative,cooperative,203,2.343707043127077,-2.2758308695481317,0.0007541063419009841,0.46836897754299534
nextgen_prospective__nextgen_prospective_022__cluster_3water__cooperative,cooperative,204,0.3278807592300521,-1.1471556070806999,-0.0012525797865126087,0.46836897754299534
nextgen_prospective__nextgen_prospective_022__cluster_3water__cooperative,cooperative,205,1.442752991169509,-2.235561265541292,1.162862720205382e-05,0.46836897754299534
nextgen_prospective__nextgen_prospective_022__cluster_3water__cooperative,cooperative,206,2.113097441747155,-1.3807014286698578,0.001385425147891084,0.46836897754299534
nextgen_prospective__nextgen_prospective_022__cluster_3water__cooperative,cooperative,207,-0.12340011399025697,-1.296788982439616,-0.0027830982833472184,0.46836897754299534
nextgen_prospective__nextgen_prospective_022__cluster_3water__cooperative,cooperative,208,1.159105126708463,-0.5580933421804615,0.000515102358626951,0.46836897754299534
nextgen_prospective__nextgen_prospective_022__cluster_3water__cooperative,cooperative,209,0.49606407549255915,-2.5421561350712447,-0.0016051732399584573,0.46836897754299534
nextgen_prospective__nextgen_prospective_022__cluster_3water__cooperative,cooperative,210,2.183691182444158,-1.4828140997288868,0.0007624972855462264,0.46836897754299534
nextgen_prospective__nextgen_prospective_022__cluster_3water__cooperative,cooperative,211,-0.640503855518771,-2.2795243149870736,-0.005332767544368178,0.46836897754299534
nextgen_prospective__nextgen_prospective_022__cluster_3water__cooperative,cooperative,212,1.751010285146331,-2.9630944068740805,-0.0002851782950386017,0.46836897754299534
nextgen_prospective__nextgen_prospective_022__cluster_3water__cooperative,cooperative,213,2.7162967011603096,-0.38925774090256193,0.002404410620917785,0.46836897754299534
nextgen_prospective__nextgen_prospective_022__cluster_3water__cooperative,cooperative,214,0.2383444858635261,-3.2232130231172,-0.0020565239051153483,0.46836897754299534
nextgen_prospective__nextgen_prospective_022__cluster_3water__cooperative,cooperative,215,2.9135544554853956,-2.264360305120278,0.0007426209831813413,0.46836897754299534
nextgen_prospective__nextgen_prospective_022__cluster_3water__cooperative,cooperative,216,1.629038849965641,-3.351563321074562,-0.000443051832485164,0.46836897754299534
nextgen_prospective__nextgen_prospective_022__cluster_3water__cooperative,cooperative,217,3.2957374506575183,-1.0901572095869543,0.0018240902951633942,0.46836897754299534
nextgen_prospective__nextgen_prospective_022__cluster_3water__cooperative,cooperative,218,0.21044644751861596,-2.7018390617327612,-0.0018879300013852074,0.46836897754299534
nextgen_prospective__nextgen_prospective_022__cluster_3water__cooperative,cooperative,219,2.686813523608627,-2.5647431485046956,0.0005196158626423752,0.46836897754299534
nextgen_prospective__nextgen_prospective_022__cluster_3water__cooperative,cooperative,220,0.09503687288388096,-1.113589239617997,-0.0016181775177801505,0.46836897754299534
nextgen_prospective__nextgen_prospective_022__cluster_3water__cooperative,cooperative,221,2.782751175365984,-0.3656637519221515,0.002570602121219512,0.46836897754299534
nextgen_prospective__nextgen_prospective_022__cluster_3water__cooperative,cooperative,222,1.5284440282346117,-2.5129679433530443,-0.00019458246993808714,0.46836897754299534
nextgen_prospective__nextgen_prospective_022__cluster_3water__cooperative,cooperative,223,1.2882140061172045,-0.4077598532594034,0.001021787241059613,0.46836897754299534
nextgen_prospective__nextgen_prospective_022__cluster_3water__cooperative,cooperative,224,2.390315464691585,-1.4138624388040575,0.0010721764715466708,0.46836897754299534
nextgen_prospective__nextgen_prospective_022__cluster_3water__cooperative,cooperative,225,2.0368871462761176,0.7777624182711219,0.0027195631963199407,0.46836897754299534
nextgen_prospective__nextgen_prospective_022__cluster_3water__cooperative,cooperative,226,2.8337874118483257,0.058535162400124664,0.002295136012916199,0.46836897754299534
nextgen_prospective__nextgen_prospective_022__cluster_3water__cooperative,cooperative,227,2.032842775662668,1.645942239848276,0.003993425841382292,0.46836897754299534
nextgen_prospective__nextgen_prospective_022__cluster_3water__cooperative,cooperative,228,2.4972578250611264,-1.0927939653794703,0.0020127748239917587,0.46836897754299534
nextgen_prospective__nextgen_prospective_022__cluster_3water__cooperative,cooperative,229,3.248036148627554,0.9090789970428216,0.0026391454439924633,0.46836897754299534
nextgen_prospective__nextgen_prospective_022__cluster_3water__cooperative,cooperative,230,3.401458846435955,-0.5493341084598463,0.0020975605627338023,0.46836897754299534
nextgen_prospective__nextgen_prospective_022__cluster_3water__cooperative,cooperative,231,2.934057271994149,1.63465722057561,0.0033176685384710414,0.46836897754299534
nextgen_prospective__nextgen_prospective_022__cluster_3water__cooperative,cooperative,232,2.402391153253923,-1.3949364542020672,0.0020461389143007214,0.46836897754299534
nextgen_prospective__nextgen_prospective_022__cluster_3water__cooperative,cooperative,233,3.698712287125383,0.36393496584384993,0.0023385817742913595,0.46836897754299534
nextgen_prospective__nextgen_prospective_022__cluster_3water__cooperative,cooperative,234,2.3128960270923966,1.6856424650186919,0.003780409900666859,0.46836897754299534
nextgen_prospective__nextgen_prospective_022__cluster_3water__cooperative,cooperative,235,3.225104788309579,-0.7829652088699486,0.0020838029194876206,0.46836897754299534
nextgen_prospective__nextgen_prospective_022__cluster_3water__cooperative,cooperative,236,3.2997229618986346,0.9274298773609185,0.0026444177066111685,0.46836897754299534
nextgen_prospective__nextgen_prospective_022__cluster_3water__cooperative,cooperative,237,2.3241507363520113,-0.7426956048631089,0.002179967544463368,0.46836897754299534
nextgen_prospective__nextgen_prospective_022__cluster_3water__cooperative,cooperative,238,2.137305163594028,0.8946884652097227,0.0028275742699150896,0.46836897754299534
nextgen_prospective__nextgen_prospective_022__cluster_3water__cooperative,cooperative,239,2.994495186929657,0.11216423200832522,0.002348810925315137,0.46836897754299534
nextgen_prospective__nextgen_prospective_022__cluster_3water__cooperative,cooperative,240,0.7579976311922456,0.19607667823856736,0.0006887595129430046,0.46836897754299534
nextgen_prospective__nextgen_prospective_022__cluster_3water__cooperative,cooperative,241,2.0405028718909652,0.9347723184977216,0.002228459819962225,0.46836897754299534
nextgen_prospective__nextgen_prospective_022__cluster_3water__cooperative,cooperative,242,1.3774618206750613,-1.0492904743930618,0.0007170830705831577,0.46836897754299534
nextgen_prospective__nextgen_prospective_022__cluster_3water__cooperative,cooperative,243,3.0650889276266606,0.010051560949296432,0.0017404218434857732,0.46836897754299534
nextgen_prospective__nextgen_prospective_022__cluster_3water__cooperative,cooperative,244,2.0353029668165292,2.0510035176683483,0.003933747337146576,0.46836897754299534
nextgen_prospective__nextgen_prospective_022__cluster_3water__cooperative,cooperative,245,2.632408030328834,-1.4702287461958972,0.0013214830176817571,0.46836897754299534
nextgen_prospective__nextgen_prospective_022__cluster_3water__cooperative,cooperative,246,3.597694446342812,1.1036079197756212,0.0021740072603007032,0.46836897754299534
nextgen_prospective__nextgen_prospective_022__cluster_3water__cooperative,cooperative,247,3.794952200667898,-0.7714946444420949,0.0015700829452804932,0.46836897754299534
nextgen_prospective__nextgen_prospective_022__cluster_3water__cooperative,cooperative,248,3.1940073192427207,2.0364942071749206,0.002941996568340377,0.46836897754299534
nextgen_prospective__nextgen_prospective_022__cluster_3water__cooperative,cooperative,249,2.5104365951481435,-1.8586976603963792,0.0013204909764017447,0.46836897754299534
nextgen_prospective__nextgen_prospective_022__cluster_3water__cooperative,cooperative,250,4.1771351958400205,0.40270845109122894,0.001862210427790334,0.46836897754299534
nextgen_prospective__nextgen_prospective_022__cluster_3water__cooperative,cooperative,251,2.3953714329404665,2.1020466643160254,0.0035636669146872357,0.46836897754299534
nextgen_prospective__nextgen_prospective_022__cluster_3water__cooperative,cooperative,252,3.5682112687911296,-1.0718774878265125,0.0015254527802168738,0.46836897754299534
nextgen_prospective__nextgen_prospective_022__cluster_3water__cooperative,cooperative,253,0.9764346180663834,0.37927642106018633,0.0012282258312636962,0.46836897754299534
nextgen_prospective__nextgen_prospective_022__cluster_3water__cooperative,cooperative,254,3.6641489205484867,1.1272019087560317,0.002176198450566824,0.46836897754299534
nextgen_prospective__nextgen_prospective_022__cluster_3water__cooperative,cooperative,255,2.409841773417114,-1.0201022826748611,0.0014527971668387707,0.46836897754299534
nextgen_prospective__nextgen_prospective_022__cluster_3water__cooperative,cooperative,256,2.1696117512997066,1.0851058074187798,0.00234279461674336,0.46836897754299534
nextgen_prospective__nextgen_prospective_022__cluster_3water__cooperative,cooperative,257,3.2717132098740875,0.07900322187412577,0.0018019349861275735,0.46836897754299534
nextgen_prospective__nextgen_prospective_022__cluster_3water__cooperative,cooperative,258,-4.9078166949650734,-1.8470571566540033,-0.0015763921884435206,0.46836897754299534
nextgen_prospective__nextgen_prospective_022__cluster_3water__cooperative,cooperative,259,-3.644311531906335,-1.1193051555097995,-0.0036255755790106647,0.46836897754299534
nextgen_prospective__nextgen_prospective_022__cluster_3water__cooperative,cooperative,260,-4.297529752733855,-3.073974425542941,-0.0021094570334674323,0.46836897754299534
nextgen_prospective__nextgen_prospective_022__cluster_3water__cooperative,cooperative,261,-5.069788800776577,-0.7069982901717632,-0.001553619049747823,0.46836897754299534
nextgen_prospective__nextgen_prospective_022__cluster_3water__cooperative,cooperative,262,-3.649434401350038,-0.01961071484540465,-0.004813396371570633,0.46836897754299534
nextgen_prospective__nextgen_prospective_022__cluster_3water__cooperative,cooperative,263,-3.061175338778657,-3.4886765748005493,-0.003559872287218546,0.46836897754299534
nextgen_prospective__nextgen_prospective_022__cluster_3water__cooperative,cooperative,264,-5.701545573902529,-1.2154445163147076,-0.0009168523963354325,0.46836897754299534
nextgen_prospective__nextgen_prospective_022__cluster_3water__cooperative,cooperative,265,-2.1101894622611823,-0.95297082239898,-0.01236139371431566,0.46836897754299534
nextgen_prospective__nextgen_prospective_022__cluster_3water__cooperative,cooperative,266,-4.551431274368383,-3.7449415819141416,-0.0020058832611780097,0.46836897754299534
nextgen_prospective__nextgen_prospective_022__cluster_3water__cooperative,cooperative,267,-4.423191232531829,0.17116031026256623,-0.0032094407998339847,0.46836897754299534
nextgen_prospective__nextgen_prospective_022__cluster_3water__cooperative,cooperative,268,-1.9158540450372086,-2.8002940893690256,-0.007227672290427201,0.46836897754299534
nextgen_prospective__nextgen_prospective_022__cluster_3water__cooperative,cooperative,269,-3.181339789734449,-3.871390393975839,-0.0031684776088467537,0.46836897754299534
nextgen_prospective__nextgen_prospective_022__cluster_3water__cooperative,cooperative,270,-4.991810531716387,-0.5627781663540027,-0.0018328289857167945,0.46836897754299534
nextgen_prospective__nextgen_prospective_022__cluster_3water__cooperative,cooperative,271,-4.578916008441516,-3.2312916792168793,-0.0019273401193045103,0.46836897754299534
nextgen_prospective__nextgen_prospective_022__cluster_3water__cooperative,cooperative,272,-3.294700282872382,0.03067623703712201,-0.0067700119802527325,0.46836897754299534
nextgen_prospective__nextgen_prospective_022__cluster_3water__cooperative,cooperative,273,-2.139235851997284,-3.096226816555155,-0.005744844165673335,0.46836897754299534
nextgen_prospective__nextgen_prospective_022__cluster_3water__cooperative,cooperative,274,-4.692615811600181,-1.6665714840964083,-0.0018977042638086417,0.46836897754299534
nextgen_prospective__nextgen_prospective_022__cluster_3water__cooperative,cooperative,275,-3.280444317810203,-3.045218651479825,-0.0031881138905598405,0.46836897754299534
nextgen_prospective__nextgen_prospective_022__cluster_3water__cooperative,cooperative,276,-3.517115376636982,-0.9711988293875722,-0.0039999763664244625,0.46836897754299534
nextgen_prospective__nextgen_prospective_022__cluster_3water__cooperative,cooperative,277,-2.4313413470785186,-1.9623961914426753,-0.005989700592313518,0.46836897754299534
nextgen_prospective__nextgen_prospective_022__cluster_3water__cooperative,cooperative,278,-5.264238251012573,-1.8561070928843688,-0.0013655173135047605,0.46836897754299534
nextgen_prospective__nextgen_prospective_022__cluster_3water__cooperative,cooperative,279,-3.6397316127941943,-0.9204259485561065,-0.002812759341324522,0.46836897754299534
nextgen_prospective__nextgen_prospective_022__cluster_3water__cooperative,cooperative,280,-4.479583611001007,-3.433572152884432,-0.0017615919907720823,0.46836897754299534
nextgen_prospective__nextgen_prospective_022__cluster_3water__cooperative,cooperative,281,-5.472488101341649,-0.3903171216929167,-0.0013391638447051157,0.46836897754299534
nextgen_prospective__nextgen_prospective_022__cluster_3water__cooperative,cooperative,282,-2.3419226088623137,-2.0917389081174456,-0.004181472648410622,0.46836897754299534
nextgen_prospective__nextgen_prospective_022__cluster_3water__cooperative,cooperative,283,-3.646318159221814,0.4934669037266871,-0.003431743711308055,0.46836897754299534
nextgen_prospective__nextgen_prospective_022__cluster_3water__cooperative,cooperative,284,-2.889985078772895,-3.966760630501357,-0.002761331198005035,0.46836897754299534
nextgen_prospective__nextgen_prospective_022__cluster_3water__cooperative,cooperative,285,-6.284746809646445,-1.044033698162417,-0.000679085840402216,0.46836897754299534
nextgen_prospective__nextgen_prospective_022__cluster_3water__cooperative,cooperative,286,-1.6672889518218557,-0.7065675202707671,-0.009444131730294902,0.46836897754299534
nextgen_prospective__nextgen_prospective_022__cluster_3water__cooperative,cooperative,287,-4.806028424531115,-4.296244211075975,-0.0016522046875162566,0.46836897754299534
nextgen_prospective__nextgen_prospective_022__cluster_3water__cooperative,cooperative,288,-4.641148370741258,0.7387439360083637,-0.002376462206322927,0.46836897754299534
nextgen_prospective__nextgen_prospective_022__cluster_3water__cooperative,cooperative,289,-1.417429129676746,-3.0816974349465402,-0.005052917072003726,0.46836897754299534
nextgen_prospective__nextgen_prospective_022__cluster_3water__cooperative,cooperative,290,-3.044482230001769,-4.458821255155301,-0.0024908590083123627,0.46836897754299534
nextgen_prospective__nextgen_prospective_022__cluster_3water__cooperative,cooperative,291,-5.372230326835691,-0.20489124821293891,-0.0015209297722797999,0.46836897754299534
nextgen_prospective__nextgen_prospective_022__cluster_3water__cooperative,cooperative,292,-4.841365939768001,-3.6358371933223532,-0.0015793365117713343,0.46836897754299534
nextgen_prospective__nextgen_prospective_022__cluster_3water__cooperative,cooperative,293,-3.1902314354648267,0.5581215561470788,-0.004878459943791658,0.46836897754299534
nextgen_prospective__nextgen_prospective_022__cluster_3water__cooperative,cooperative,294,-1.704634310053987,-3.4621823699001366,-0.004083209474369465,0.46836897754299534
nextgen_prospective__nextgen_prospective_022__cluster_3water__cooperative,cooperative,295,-4.987551400971999,-1.624054085310318,-0.0015861139995436702,0.46836897754299534
nextgen_prospective__nextgen_prospective_022__cluster_3water__cooperative,cooperative,296,-3.1719023375277393,-3.396600443374711,-0.0025077350079190097,0.46836897754299534
nextgen_prospective__nextgen_prospective_022__cluster_3water__cooperative,cooperative,297,-3.4761936988764552,-0.7300035292560997,-0.0031233542915058976,0.46836897754299534
nextgen_prospective__nextgen_prospective_022__cluster_3water__cooperative,cooperative,298,-2.0801985180155733,-2.0044001376126612,-0.004399718889779081,0.46836897754299534
nextgen_prospective__nextgen_prospective_022__cluster_3water__cooperative,cooperative,299,-3.995003348099849,-1.7803123979252997,-0.002672677565430881,0.46836897754299534
nextgen_prospective__nextgen_prospective_022__cluster_3water__cooperative,cooperative,300,-2.997499272000845,-1.205771344390402,-0.0042747600346393355,0.46836897754299534
nextgen_prospective__nextgen_prospective_022__cluster_3water__cooperative,cooperative,301,-3.513197867390992,-2.748931294416567,-0.00302869238881609,0.46836897754299534
nextgen_prospective__nextgen_prospective_022__cluster_3water__cooperative,cooperative,302,-4.1228760632141945,-0.880265924386689,-0.0030584041261079165,0.46836897754299534
nextgen_prospective__nextgen_prospective_022__cluster_3water__cooperative,cooperative,303,-2.2005990064286376,-1.9249986002613992,-0.005078650580455868,0.46836897754299534
nextgen_prospective__nextgen_prospective_022__cluster_3water__cooperative,cooperative,304,-4.397195147066471,-2.5446621010177672,-0.002016078967395085,0.46836897754299534
nextgen_prospective__nextgen_prospective_022__cluster_3water__cooperative,cooperative,305,-3.001543642614295,-0.337591522813248,-0.00602357736401693,0.46836897754299534
nextgen_prospective__nextgen_prospective_022__cluster_3water__cooperative,cooperative,306,-2.5371285932158365,-3.076327728040994,-0.004268376522724715,0.46836897754299534
nextgen_prospective__nextgen_prospective_022__cluster_3water__cooperative,cooperative,307,-1.7863502696494087,-1.0744547656187022,-0.008870223280954992,0.46836897754299534
nextgen_prospective__nextgen_prospective_022__cluster_3water__cooperative,cooperative,308,-3.7136464371024624,-3.278642207341199,-0.002956241047634034,0.46836897754299534
nextgen_prospective__nextgen_prospective_022__cluster_3water__cooperative,cooperative,309,-3.612404298810445,-0.18698281878063955,-0.00626352382840345,0.46836897754299534
nextgen_prospective__nextgen_prospective_022__cluster_3water__cooperative,cooperative,310,-1.6329275718410083,-2.5328678711213706,-0.006499626461017094,0.46836897754299534
nextgen_prospective__nextgen_prospective_022__cluster_3water__cooperative,cooperative,311,-2.6319952650230403,-3.378470216863591,-0.005050847014730131,0.46836897754299534
nextgen_prospective__nextgen_prospective_022__cluster_3water__cooperative,cooperative,312,-1.809281629967384,-2.766498971531473,-0.00785395021092139,0.46836897754299534
nextgen_prospective__nextgen_prospective_022__cluster_3water__cooperative,cooperative,313,-2.0398912313473057,-1.8713695306531986,-0.01181104128691679,0.46836897754299534
nextgen_prospective__nextgen_prospective_022__cluster_3water__cooperative,cooperative,314,-4.276388787084718,-1.7874570844229565,-0.0021119423398481274,0.46836897754299534
nextgen_prospective__nextgen_prospective_022__cluster_3water__cooperative,cooperative,315,-2.993883546385998,-1.0487614441638025,-0.0032633145316589562,0.46836897754299534
nextgen_prospective__nextgen_prospective_022__cluster_3water__cooperative,cooperative,316,-3.6569245976019014,-3.032824237054586,-0.0024006826104012724,0.46836897754299534
nextgen_prospective__nextgen_prospective_022__cluster_3water__cooperative,cooperative,317,-4.440796563660304,-0.6302544755875998,-0.0023336877135138323,0.46836897754299534
nextgen_prospective__nextgen_prospective_022__cluster_3water__cooperative,cooperative,318,-1.9692974906503025,-1.9734822017122278,-0.0038476534349105584,0.46836897754299534
nextgen_prospective__nextgen_prospective_022__cluster_3water__cooperative,cooperative,319,-2.9990834514604336,0.06746975500682423,-0.0044636696062023695,0.46836897754299534
nextgen_prospective__nextgen_prospective_022__cluster_3water__cooperative,cooperative,320,-2.40197838794813,-3.4537625088574213,-0.003288405894957158,0.46836897754299534
nextgen_prospective__nextgen_prospective_022__cluster_3water__cooperative,cooperative,321,-5.082053438637773,-1.1463465096424685,-0.0011172814171702683,0.46836897754299534
nextgen_prospective__nextgen_prospective_022__cluster_3water__cooperative,cooperative,322,-1.4366919719341509,-0.8799258428859029,-0.006544638347206533,0.46836897754299534
nextgen_prospective__nextgen_prospective_022__cluster_3water__cooperative,cooperative,323,-3.9146441872309343,-3.7138811251005417,-0.0023976340303679677,0.46836897754299534
nextgen_prospective__nextgen_prospective_022__cluster_3water__cooperative,cooperative,324,-3.784475723712627,0.26110951733446375,-0.004616079188684452,0.46836897754299534
nextgen_prospective__nextgen_prospective_022__cluster_3water__cooperative,cooperative,325,-1.2394342176090647,-2.755028407103619,-0.004810826503087284,0.46836897754299534
nextgen_prospective__nextgen_prospective_022__cluster_3water__cooperative,cooperative,326,-2.5239498231288198,-3.842231423057903,-0.0038156421425812326,0.46836897754299534
nextgen_prospective__nextgen_prospective_022__cluster_3water__cooperative,cooperative,327,-1.4661751494858333,-3.0554112504880364,-0.005752554979872482,0.46836897754299534
nextgen_prospective__nextgen_prospective_022__cluster_3water__cooperative,cooperative,328,-2.6245446448598493,-3.0036360453363855,-0.005370018881154515,0.46836897754299534
nextgen_prospective__nextgen_prospective_022__cluster_3water__cooperative,cooperative,329,-1.7626732084028756,-1.9045305407873983,-0.00906751510632553,0.46836897754299534
nextgen_prospective__nextgen_prospective_022__cluster_3water__cooperative,cooperative,330,-4.426189261544693,-0.38487104646300446,-0.003213875404829203,0.46836897754299534
nextgen_prospective__nextgen_prospective_022__cluster_3water__cooperative,cooperative,331,-3.3048568409447947,0.15780335511043656,-0.0074628886316281395,0.46836897754299534
nextgen_prospective__nextgen_prospective_022__cluster_3water__cooperative,cooperative,332,-4.924944608749393,-0.7862759618390136,-0.0016706146986269488,0.46836897754299534
nextgen_prospective__nextgen_prospective_022__cluster_3water__cooperative,cooperative,333,-3.915717497140945,0.3084120591430451,-0.00431621038496921,0.46836897754299534
nextgen_prospective__nextgen_prospective_022__cluster_3water__cooperative,cooperative,334,-4.364627470181386,-0.27101305397529885,-0.0027619348848544334,0.46836897754299534
nextgen_prospective__nextgen_prospective_022__cluster_3water__cooperative,cooperative,335,-4.038658109701226,-2.377734248340728,-0.002487490263161529,0.46836897754299534
nextgen_prospective__nextgen_prospective_022__cluster_3water__cooperative,cooperative,336,-3.0248035895150664,0.19750358028085235,-0.005723368087601877,0.46836897754299534
nextgen_prospective__nextgen_prospective_022__cluster_3water__cooperative,cooperative,337,-2.1125948282978833,-2.2711040936077884,-0.007082699207719756,0.46836897754299534
nextgen_prospective__nextgen_prospective_022__cluster_3water__cooperative,cooperative,338,-4.128421112194908,-1.142428831140356,-0.0025806058612394267,0.46836897754299534
nextgen_prospective__nextgen_prospective_022__cluster_3water__cooperative,cooperative,339,-2.037976654708828,-0.5607090073769209,-0.009225898882502914,0.46836897754299534
nextgen_prospective__nextgen_prospective_022__cluster_3water__cooperative,cooperative,340,-3.0135488802554513,-2.2308344896009484,-0.003943675411397507,0.46836897754299534
nextgen_prospective__nextgen_prospective_022__cluster_3water__cooperative,cooperative,341,-3.200394453013434,-0.5934504195281168,-0.004015144978248841,0.46836897754299534
nextgen_prospective__nextgen_prospective_022__cluster_3water__cooperative,cooperative,342,-2.343204429677805,-1.375974652729514,-0.0055854272636377544,0.46836897754299534
nextgen_prospective__nextgen_prospective_022__cluster_3water__cooperative,cooperative,343,-3.2971967447164974,-0.5533665662401178,-0.006317841658806778,0.46836897754299534
nextgen_prospective__nextgen_prospective_022__cluster_3water__cooperative,cooperative,344,-4.744109761990804,-0.13485959766391536,-0.0023693961587358814,0.46836897754299534
nextgen_prospective__nextgen_prospective_022__cluster_3water__cooperative,cooperative,345,-3.3023966497909334,0.5628646329305088,-0.0054701059743029745,0.46836897754299534
nextgen_prospective__nextgen_prospective_022__cluster_3water__cooperative,cooperative,346,-5.385366636968274,-0.650951631718784,-0.0013422654737262896,0.46836897754299534
nextgen_prospective__nextgen_prospective_022__cluster_3water__cooperative,cooperative,347,-4.217957385561434,-3.2184862471768567,-0.002157584565991133,0.46836897754299534
nextgen_prospective__nextgen_prospective_022__cluster_3water__cooperative,cooperative,348,-4.087788922043127,0.7565043952581483,-0.003188058517920922,0.46836897754299534
nextgen_prospective__nextgen_prospective_022__cluster_3water__cooperative,cooperative,349,-2.8272630214593195,-3.3468365451342184,-0.004229566082854852,0.46836897754299534
nextgen_prospective__nextgen_prospective_022__cluster_3water__cooperative,cooperative,350,-4.664958887380836,0.011529249820277815,-0.0021370353451111157,0.46836897754299534
nextgen_prospective__nextgen_prospective_022__cluster_3water__cooperative,cooperative,351,-4.2458554239063435,-2.6971122857924184,-0.0020850561977110438,0.46836897754299534
nextgen_prospective__nextgen_prospective_022__cluster_3water__cooperative,cooperative,352,-2.942328183666996,0.6139077795781863,-0.004212348347045758,0.46836897754299534
nextgen_prospective__nextgen_prospective_022__cluster_3water__cooperative,cooperative,353,-1.7694883478163328,-2.560016372564352,-0.0053871629216502015,0.46836897754299534
nextgen_prospective__nextgen_prospective_022__cluster_3water__cooperative,cooperative,354,-4.361264998541079,-1.1088624636776532,-0.0020654309068812715,0.46836897754299534
nextgen_prospective__nextgen_prospective_022__cluster_3water__cooperative,cooperative,355,-1.6735506960589759,-0.36093697598180785,-0.006901329681451074,0.46836897754299534
nextgen_prospective__nextgen_prospective_022__cluster_3water__cooperative,cooperative,356,-2.927857843190349,-2.508241167412701,-0.0031205381357981565,0.46836897754299534
nextgen_prospective__nextgen_prospective_022__cluster_3water__cooperative,cooperative,357,-3.1680878653077555,-0.40303307731905974,-0.003087677969605185,0.46836897754299534
nextgen_prospective__nextgen_prospective_022__cluster_3water__cooperative,cooperative,358,-2.0659864067333746,-1.4091356628637137,-0.004272520088519638,0.46836897754299534
nextgen_prospective__nextgen_prospective_022__cluster_3water__cooperative,cooperative,359,-7.419506864688698,-2.892952235862294,-0.00030618231415768804,0.46836897754299534
nextgen_prospective__nextgen_prospective_022__cluster_3water__cooperative,cooperative,360,-6.156001701629959,-2.1652002347180903,-0.0008729464752961213,0.46836897754299534
nextgen_prospective__nextgen_prospective_022__cluster_3water__cooperative,cooperative,361,-6.80921992245748,-4.119869504751232,-0.000570083884384065,0.46836897754299534
nextgen_prospective__nextgen_prospective_022__cluster_3water__cooperative,cooperative,362,-7.581478970500202,-1.752893369380054,-0.00017104956143221273,0.46836897754299534
nextgen_prospective__nextgen_prospective_022__cluster_3water__cooperative,cooperative,363,-6.161124571073662,-1.0655057940536954,-0.0008093589713671356,0.46836897754299534
nextgen_prospective__nextgen_prospective_022__cluster_3water__cooperative,cooperative,364,-5.572865508502282,-4.5345716540088405,-0.0010963115471063212,0.46836897754299534
nextgen_prospective__nextgen_prospective_022__cluster_3water__cooperative,cooperative,365,-8.213235743626154,-2.2613395955229985,5.9049755121165504e-05,0.46836897754299534
nextgen_prospective__nextgen_prospective_022__cluster_3water__cooperative,cooperative,366,-6.934881402255454,-0.8747347689457247,-0.00043900425618348393,0.46836897754299534
nextgen_prospective__nextgen_prospective_022__cluster_3water__cooperative,cooperative,367,-4.427544214760832,-3.8461891685773164,-0.002003752829886185,0.46836897754299534
nextgen_prospective__nextgen_prospective_022__cluster_3water__cooperative,cooperative,368,-5.693029959458073,-4.91728547318413,-0.0009522868985989419,0.46836897754299534
nextgen_prospective__nextgen_prospective_022__cluster_3water__cooperative,cooperative,369,-7.503500701440011,-1.6086732455622936,-0.00020068675328621666,0.46836897754299534
nextgen_prospective__nextgen_prospective_022__cluster_3water__cooperative,cooperative,370,-7.0906061781651415,-4.277186758425171,-0.0004694590592007053,0.46836897754299534
nextgen_prospective__nextgen_prospective_022__cluster_3water__cooperative,cooperative,371,-5.806390452596007,-1.015218842171169,-0.001097248861889888,0.46836897754299534
nextgen_prospective__nextgen_prospective_022__cluster_3water__cooperative,cooperative,372,-4.650926021720908,-4.142121895763446,-0.001679235941977275,0.46836897754299534
nextgen_prospective__nextgen_prospective_022__cluster_3water__cooperative,cooperative,373,-7.204305981323807,-2.7124665633046994,-0.00035681801122766643,0.46836897754299534
nextgen_prospective__nextgen_prospective_022__cluster_3water__cooperative,cooperative,374,-5.792134487533828,-4.091113730688115,-0.0009096945463467065,0.46836897754299534
nextgen_prospective__nextgen_prospective_022__cluster_3water__cooperative,cooperative,375,-6.028805546360606,-2.0170939085958626,-0.0009198966115637752,0.46836897754299534
nextgen_prospective__nextgen_prospective_022__cluster_3water__cooperative,cooperative,376,-4.943031516802143,-3.008291270650966,-0.0015865977764026873,0.46836897754299534
nextgen_prospective__nextgen_prospective_022__cluster_3water__cooperative,cooperative,377,-7.775928420736197,-2.9020021720926596,-0.0003677844511278394,0.46836897754299534
nextgen_prospective__nextgen_prospective_022__cluster_3water__cooperative,cooperative,378,-6.1514217825178195,-1.9663210277643974,-0.0009094763541344086,0.46836897754299534
nextgen_prospective__nextgen_prospective_022__cluster_3water__cooperative,cooperative,379,-6.991273780724631,-4.4794672320927225,-0.0005818691310417456,0.46836897754299534
nextgen_prospective__nextgen_prospective_022__cluster_3water__cooperative,cooperative,380,-7.984178271065274,-1.4362122009012075,-0.000279218365372369,0.46836897754299534
nextgen_prospective__nextgen_prospective_022__cluster_3water__cooperative,cooperative,381,-4.853612778585939,-3.1376339873257355,-0.0015643591093312814,0.46836897754299534
nextgen_prospective__nextgen_prospective_022__cluster_3water__cooperative,cooperative,382,-6.158008328945439,-0.5524281754816037,-0.0009280622789287207,0.46836897754299534
nextgen_prospective__nextgen_prospective_022__cluster_3water__cooperative,cooperative,383,-5.40167524849652,-5.012655709709648,-0.0010533480554069108,0.46836897754299534
nextgen_prospective__nextgen_prospective_022__cluster_3water__cooperative,cooperative,384,-8.79643697937007,-2.089928777370708,1.1428829554738229e-05,0.46836897754299534
nextgen_prospective__nextgen_prospective_022__cluster_3water__cooperative,cooperative,385,-7.317718594254739,-5.342139290284267,-0.0005223061420158714,0.46836897754299534
nextgen_prospective__nextgen_prospective_022__cluster_3water__cooperative,cooperative,386,-7.1528385404648835,-0.30715114319992703,-0.0005391082373873424,0.46836897754299534
nextgen_prospective__nextgen_prospective_022__cluster_3water__cooperative,cooperative,387,-3.9291192994003703,-4.1275925141548315,-0.0021622926636664097,0.46836897754299534
nextgen_prospective__nextgen_prospective_022__cluster_3water__cooperative,cooperative,388,-4.690316149205596,-0.5708066354399454,-0.0022111394015578156,0.46836897754299534
nextgen_prospective__nextgen_prospective_022__cluster_3water__cooperative,cooperative,389,-5.556172399725394,-5.504716334363591,-0.0009171058651586961,0.46836897754299534
nextgen_prospective__nextgen_prospective_022__cluster_3water__cooperative,cooperative,390,-7.883920496559315,-1.2507863274212299,-0.00029713978508905114,0.46836897754299534
nextgen_prospective__nextgen_prospective_022__cluster_3water__cooperative,cooperative,391,-7.353056109491626,-4.681732272530644,-0.0004593409073714305,0.46836897754299534
nextgen_prospective__nextgen_prospective_022__cluster_3water__cooperative,cooperative,392,-5.701921605188452,-0.4877735230612121,-0.0012452996060572374,0.46836897754299534
nextgen_prospective__nextgen_prospective_022__cluster_3water__cooperative,cooperative,393,-4.216324479777611,-4.508077449108427,-0.001679402372376071,0.46836897754299534
nextgen_prospective__nextgen_prospective_022__cluster_3water__cooperative,cooperative,394,-7.499241570695623,-2.6699491645186093,-0.00040052865406492444,0.46836897754299534
nextgen_prospective__nextgen_prospective_022__cluster_3water__cooperative,cooperative,395,-4.094803454218292,-1.7225768801038714,-0.0026521561899315316,0.46836897754299534
nextgen_prospective__nextgen_prospective_022__cluster_3water__cooperative,cooperative,396,-5.6835925072513644,-4.442495522583002,-0.0008921399369956617,0.46836897754299534
nextgen_prospective__nextgen_prospective_022__cluster_3water__cooperative,cooperative,397,-5.98788386860008,-1.7758986084643906,-0.0009523214016358139,0.46836897754299534
nextgen_prospective__nextgen_prospective_022__cluster_3water__cooperative,cooperative,398,-4.591888687739198,-3.050295216820952,-0.0016218082044723303,0.46836897754299534
nextgen_prospective__nextgen_prospective_022__cluster_3water__cooperative,cooperative,399,-6.597365712411194,-2.8587012843557735,-0.0006590521164389074,0.46836897754299534
nextgen_prospective__nextgen_prospective_022__cluster_3water__cooperative,cooperative,400,-5.599861636312189,-2.2841602308208753,-0.0011822413551958455,0.46836897754299534
nextgen_prospective__nextgen_prospective_022__cluster_3water__cooperative,cooperative,401,-6.115560231702336,-3.8273201808470407,-0.0008711509634506953,0.46836897754299534
nextgen_prospective__nextgen_prospective_022__cluster_3water__cooperative,cooperative,402,-6.725238427525538,-1.958654810817163,-0.00052317561871007,0.46836897754299534
nextgen_prospective__nextgen_prospective_022__cluster_3water__cooperative,cooperative,403,-4.802961370739981,-3.0033874866918735,-0.0016484329465407122,0.46836897754299534
nextgen_prospective__nextgen_prospective_022__cluster_3water__cooperative,cooperative,404,-6.999557511377816,-3.6230509874482406,-0.0003551410277298217,0.46836897754299534
nextgen_prospective__nextgen_prospective_022__cluster_3water__cooperative,cooperative,405,-5.603906006925639,-1.4159804092437218,-0.0011199883572849956,0.46836897754299534
nextgen_prospective__nextgen_prospective_022__cluster_3water__cooperative,cooperative,406,-5.1394909575271805,-4.154716614471469,-0.0013556777237777595,0.46836897754299534
nextgen_prospective__nextgen_prospective_022__cluster_3water__cooperative,cooperative,407,-4.388712633960753,-2.1528436520491763,-0.0020421917500494935,0.46836897754299534
nextgen_prospective__nextgen_prospective_022__cluster_3water__cooperative,cooperative,408,-6.316008801413806,-4.357031093771672,-0.0006767392903825886,0.46836897754299534
nextgen_prospective__nextgen_prospective_022__cluster_3water__cooperative,cooperative,409,-6.214766663121789,-1.265371705211113,-0.0006998068688846004,0.46836897754299534
nextgen_prospective__nextgen_prospective_022__cluster_3water__cooperative,cooperative,410,-4.235289936152353,-3.6112567575518444,-0.0021154671076777376,0.46836897754299534
nextgen_prospective__nextgen_prospective_022__cluster_3water__cooperative,cooperative,411,-5.234357629334384,-4.456859103294065,-0.0013447196575153697,0.46836897754299534
nextgen_prospective__nextgen_prospective_022__cluster_3water__cooperative,cooperative,412,-5.323852755495911,-1.3762801840733059,-0.0009735659006118169,0.46836897754299534
nextgen_prospective__nextgen_prospective_022__cluster_3water__cooperative,cooperative,413,-4.411643994278728,-3.8448878579619463,-0.002024008640306274,0.46836897754299534
nextgen_prospective__nextgen_prospective_022__cluster_3water__cooperative,cooperative,414,-6.878751151396061,-2.8658459708534307,-0.000615173666526303,0.46836897754299534
nextgen_prospective__nextgen_prospective_022__cluster_3water__cooperative,cooperative,415,-5.596245910697342,-2.1271503305942763,-0.001149842596821049,0.46836897754299534
nextgen_prospective__nextgen_prospective_022__cluster_3water__cooperative,cooperative,416,-6.259286961913245,-4.111213123485059,-0.0008017390850119099,0.46836897754299534
nextgen_prospective__nextgen_prospective_022__cluster_3water__cooperative,cooperative,417,-7.043158927971648,-1.7086433620180737,-0.0005085004122151737,0.46836897754299534
nextgen_prospective__nextgen_prospective_022__cluster_3water__cooperative,cooperative,418,-4.571659854961647,-3.0518710881427014,-0.0016685253164125946,0.46836897754299534
nextgen_prospective__nextgen_prospective_022__cluster_3water__cooperative,cooperative,419,-5.601445815771777,-1.0109191314236496,-0.001187284506461772,0.46836897754299534
nextgen_prospective__nextgen_prospective_022__cluster_3water__cooperative,cooperative,420,-5.004340752259473,-4.532151395287896,-0.0012701348105523813,0.46836897754299534
nextgen_prospective__nextgen_prospective_022__cluster_3water__cooperative,cooperative,421,-7.684415802949118,-2.2247353960729424,4.3527058693371146e-05,0.46836897754299534
nextgen_prospective__nextgen_prospective_022__cluster_3water__cooperative,cooperative,422,-4.039054336245496,-1.9583147293163767,-0.0026723466789313477,0.46836897754299534
nextgen_prospective__nextgen_prospective_022__cluster_3water__cooperative,cooperative,423,-6.517006551542278,-4.792270011531015,-0.0006614769247068608,0.46836897754299534
nextgen_prospective__nextgen_prospective_022__cluster_3water__cooperative,cooperative,424,-6.38683808802397,-0.8172793690960101,-0.0007177974118763863,0.46836897754299534
nextgen_prospective__nextgen_prospective_022__cluster_3water__cooperative,cooperative,425,-3.8417965819204083,-3.833417293534093,-0.0022818958456278793,0.46836897754299534
nextgen_prospective__nextgen_prospective_022__cluster_3water__cooperative,cooperative,426,-5.126312187440163,-4.920620309488377,-0.0012369319362757203,0.46836897754299534
nextgen_prospective__nextgen_prospective_022__cluster_3water__cooperative,cooperative,427,-5.241377349647841,-0.9598759847759721,-0.0011990745913572631,0.46836897754299534
nextgen_prospective__nextgen_prospective_022__cluster_3water__cooperative,cooperative,428,-4.068537513797177,-4.13380013691851,-0.002087995014008026,0.46836897754299534
nextgen_prospective__nextgen_prospective_022__cluster_3water__cooperative,cooperative,429,-5.226907009171193,-4.08202493176686,-0.001354962396084236,0.46836897754299534
nextgen_prospective__nextgen_prospective_022__cluster_3water__cooperative,cooperative,430,-4.365035572714221,-2.9829194272178725,-0.0020717145285207295,0.46836897754299534
nextgen_prospective__nextgen_prospective_022__cluster_3water__cooperative,cooperative,431,-5.644483753893406,-1.0220665366180455,-0.0009611915906129198,0.46836897754299534
nextgen_prospective__nextgen_prospective_022__cluster_3water__cooperative,cooperative,432,-6.255344410089555,-0.8714578325854371,-0.0008100363107326203,0.46836897754299534
nextgen_prospective__nextgen_prospective_022__cluster_3water__cooperative,cooperative,433,-5.2749353763021505,-4.062945230668389,-0.0013416227297669003,0.46836897754299534
nextgen_prospective__nextgen_prospective_022__cluster_3water__cooperative,cooperative,434,-6.704254383129996,-1.4508829457037808,-0.0005766223025829298,0.46836897754299534
nextgen_prospective__nextgen_prospective_022__cluster_3water__cooperative,cooperative,435,-6.378285022649837,-3.5576041400692104,-0.0006092566759940965,0.46836897754299534
nextgen_prospective__nextgen_prospective_022__cluster_3water__cooperative,cooperative,436,-5.3644305024636765,-0.9823663114476299,-0.001434923135693822,0.46836897754299534
nextgen_prospective__nextgen_prospective_022__cluster_3water__cooperative,cooperative,437,-4.452221741246494,-3.4509739853362706,-0.001890232844268258,0.46836897754299534
nextgen_prospective__nextgen_prospective_022__cluster_3water__cooperative,cooperative,438,-6.468048025143519,-2.322298722868838,-0.0006785762634247128,0.46836897754299534
nextgen_prospective__nextgen_prospective_022__cluster_3water__cooperative,cooperative,439,-4.377603567657439,-1.740578899105403,-0.002208226464269103,0.46836897754299534
nextgen_prospective__nextgen_prospective_022__cluster_3water__cooperative,cooperative,440,-5.353175793204062,-3.4107043813294307,-0.0011958037275712208,0.46836897754299534
nextgen_prospective__nextgen_prospective_022__cluster_3water__cooperative,cooperative,441,-5.540021365962045,-1.7733203112565987,-0.0012159792592401075,0.46836897754299534
nextgen_prospective__nextgen_prospective_022__cluster_3water__cooperative,cooperative,442,-4.682831342626415,-2.5558445444579965,-0.0017193735744180927,0.46836897754299534
nextgen_prospective__nextgen_prospective_022__cluster_3water__cooperative,cooperative,443,-7.083736674939415,-1.3147294893923975,-0.00022605891676219514,0.46836897754299534
nextgen_prospective__nextgen_prospective_022__cluster_3water__cooperative,cooperative,444,-5.642023562739544,-0.6170052587979733,-0.0010987172739866935,0.46836897754299534
nextgen_prospective__nextgen_prospective_022__cluster_3water__cooperative,cooperative,445,-5.04491849922724,-4.138237522662219,-0.001607072776949714,0.46836897754299534
nextgen_prospective__nextgen_prospective_022__cluster_3water__cooperative,cooperative,446,-7.724993549916884,-1.830821523447266,-1.437239410684299e-05,0.46836897754299534
nextgen_prospective__nextgen_prospective_022__cluster_3water__cooperative,cooperative,447,-6.557584298510044,-4.398356138905339,-0.0005004192081474734,0.46836897754299534
nextgen_prospective__nextgen_prospective_022__cluster_3water__cooperative,cooperative,448,-6.427415834991736,-0.4233654964703338,-0.0008154817254650837,0.46836897754299534
nextgen_prospective__nextgen_prospective_022__cluster_3water__cooperative,cooperative,449,-3.8823743288881754,-3.4395034209084163,-0.002560430964991145,0.46836897754299534
nextgen_prospective__nextgen_prospective_022__cluster_3water__cooperative,cooperative,450,-4.483319210313352,-0.6315145692914012,-0.0027418632581373004,0.46836897754299534
nextgen_prospective__nextgen_prospective_022__cluster_3water__cooperative,cooperative,451,-5.166889934407929,-4.526706436862701,-0.0012440978115093593,0.46836897754299534
nextgen_prospective__nextgen_prospective_022__cluster_3water__cooperative,cooperative,452,-7.004585800329447,-1.1683406419082043,-0.0005565653408545757,0.46836897754299534
nextgen_prospective__nextgen_prospective_022__cluster_3water__cooperative,cooperative,453,-6.585482336854954,-3.8769821775208997,-0.0005974521876215277,0.46836897754299534
nextgen_prospective__nextgen_prospective_022__cluster_3water__cooperative,cooperative,454,-5.281955096615607,-0.5659621121502958,-0.0015197112629286025,0.46836897754299534
nextgen_prospective__nextgen_prospective_022__cluster_3water__cooperative,cooperative,455,-4.109115260764943,-3.7398862642928337,-0.0019466989483536423,0.46836897754299534
nextgen_prospective__nextgen_prospective_022__cluster_3water__cooperative,cooperative,456,-6.700891911489689,-2.288732355406135,-0.0006381023597588076,0.46836897754299534
nextgen_prospective__nextgen_prospective_022__cluster_3water__cooperative,cooperative,457,-4.013177609007586,-1.54080686771029,-0.002740228468249839,0.46836897754299534
nextgen_prospective__nextgen_prospective_022__cluster_3water__cooperative,cooperative,458,-5.26748475613896,-3.6881110591411828,-0.0011250242704834434,0.46836897754299534
nextgen_prospective__nextgen_prospective_022__cluster_3water__cooperative,cooperative,459,-5.507714778256366,-1.5829029690475418,-0.0011759121041783338,0.46836897754299534
nextgen_prospective__nextgen_prospective_022__cluster_3water__cooperative,cooperative,460,-4.405613319681986,-2.589005554592196,-0.0017545082287711011,0.46836897754299534
nextgen_prospective__nextgen_prospective_022__cluster_3water__cooperative,cooperative,461,-9.85096056972225,-3.961851703845563,-3.8281726690847506e-05,0.46836897754299534
nextgen_prospective__nextgen_prospective_022__cluster_3water__cooperative,cooperative,462,-8.58745540666351,-3.234099702701359,-0.0001941713819704205,0.46836897754299534
nextgen_prospective__nextgen_prospective_022__cluster_3water__cooperative,cooperative,463,-9.24067362749103,-5.1887689727345006,-0.00015781676073012285,0.46836897754299534
nextgen_prospective__nextgen_prospective_022__cluster_3water__cooperative,cooperative,464,-10.012932675533753,-2.821792837363323,3.440945441601784e-05,0.46836897754299534
nextgen_prospective__nextgen_prospective_022__cluster_3water__cooperative,cooperative,465,-10.36040351507997,-4.930027994429355,2.4780062884754983e-05,0.46836897754299534
nextgen_prospective__nextgen_prospective_022__cluster_3water__cooperative,cooperative,466,-8.592578276107215,-2.1344052620369642,-5.957258304167823e-05,0.46836897754299534
nextgen_prospective__nextgen_prospective_022__cluster_3water__cooperative,cooperative,467,-8.004319213535833,-5.603471121992109,-0.0003795225115910128,0.46836897754299534
nextgen_prospective__nextgen_prospective_022__cluster_3water__cooperative,cooperative,468,-10.644689448659703,-3.330239063506267,0.00010301717288085932,0.46836897754299534
nextgen_prospective__nextgen_prospective_022__cluster_3water__cooperative,cooperative,469,-9.494575149125561,-5.859736129105703,-9.543654696253512e-05,0.46836897754299534
nextgen_prospective__nextgen_prospective_022__cluster_3water__cooperative,cooperative,470,-9.366335107289004,-1.9436342369289936,-5.017436876642023e-06,0.46836897754299534
nextgen_prospective__nextgen_prospective_022__cluster_3water__cooperative,cooperative,471,-6.858997919794384,-4.9150886365605855,-0.0005828209800085027,0.46836897754299534
nextgen_prospective__nextgen_prospective_022__cluster_3water__cooperative,cooperative,472,-10.506342507716637,-4.4769626493932595,6.414173101809695e-05,0.46836897754299534
nextgen_prospective__nextgen_prospective_022__cluster_3water__cooperative,cooperative,473,-8.124483664491624,-5.986184941167399,-0.0003238718064899615,0.46836897754299534
nextgen_prospective__nextgen_prospective_022__cluster_3water__cooperative,cooperative,474,-9.93495440647356,-2.6775727135455623,2.2005891428422686e-05,0.46836897754299534
nextgen_prospective__nextgen_prospective_022__cluster_3water__cooperative,cooperative,475,-9.522059883198693,-5.346086226408439,-6.915703931698047e-05,0.46836897754299534
nextgen_prospective__nextgen_prospective_022__cluster_3water__cooperative,cooperative,476,-8.237844157629558,-2.0841183101544374,-0.00013663251842332969,0.46836897754299534
nextgen_prospective__nextgen_prospective_022__cluster_3water__cooperative,cooperative,477,-7.082379726754461,-5.211021363746715,-0.0005315821560825107,0.46836897754299534
nextgen_prospective__nextgen_prospective_022__cluster_3water__cooperative,cooperative,478,-9.635759686357359,-3.781366031287968,-4.4139172837409646e-05,0.46836897754299534
nextgen_prospective__nextgen_prospective_022__cluster_3water__cooperative,cooperative,479,-6.987863373541657,-3.0445209211876163,-0.00022519682236810112,0.46836897754299534
nextgen_prospective__nextgen_prospective_022__cluster_3water__cooperative,cooperative,480,-8.223588192567378,-5.160013198671385,-0.00028185041128203636,0.46836897754299534
nextgen_prospective__nextgen_prospective_022__cluster_3water__cooperative,cooperative,481,-8.460259251394158,-3.0859933765791316,-0.00020849930727839805,0.46836897754299534
nextgen_prospective__nextgen_prospective_022__cluster_3water__cooperative,cooperative,482,-7.374485221835694,-4.0771907386342345,-0.0004333703552386048,0.46836897754299534
nextgen_prospective__nextgen_prospective_022__cluster_3water__cooperative,cooperative,483,-10.207382125769747,-3.9709016400759283,-0.00011459526246282437,0.46836897754299534
nextgen_prospective__nextgen_prospective_022__cluster_3water__cooperative,cooperative,484,-8.582875487551371,-3.0352204957476667,-0.0002707190274375826,0.46836897754299534
nextgen_prospective__nextgen_prospective_022__cluster_3water__cooperative,cooperative,485,-9.422727485758182,-5.548366700075992,-0.00021030445467506986,0.46836897754299534
nextgen_prospective__nextgen_prospective_022__cluster_3water__cooperative,cooperative,486,-10.415631976098824,-2.5051116688844766,-6.115905104331354e-05,0.46836897754299534
nextgen_prospective__nextgen_prospective_022__cluster_3water__cooperative,cooperative,487,-7.28506648361949,-4.206533455309005,-0.0005097829526383713,0.46836897754299534
nextgen_prospective__nextgen_prospective_022__cluster_3water__cooperative,cooperative,488,-10.862380198372533,-5.215699727969375,-5.850300091569949e-05,0.46836897754299534
nextgen_prospective__nextgen_prospective_022__cluster_3water__cooperative,cooperative,489,-8.58946203397899,-1.6213276434648727,-0.00017097275383370913,0.46836897754299534
nextgen_prospective__nextgen_prospective_022__cluster_3water__cooperative,cooperative,490,-7.83312895353007,-6.081555177692917,-0.0004123616264832819,0.46836897754299534
nextgen_prospective__nextgen_prospective_022__cluster_3water__cooperative,cooperative,491,-11.22789068440362,-3.1588282453539773,-1.3239131775311108e-06,0.46836897754299534
nextgen_prospective__nextgen_prospective_022__cluster_3water__cooperative,cooperative,492,-9.74917229928829,-6.411038758267535,-0.000156524938198066,0.46836897754299534
nextgen_prospective__nextgen_prospective_022__cluster_3water__cooperative,cooperative,493,-9.584292245498434,-1.376050611183196,-0.00010338889908823035,0.46836897754299534
nextgen_prospective__nextgen_prospective_022__cluster_3water__cooperative,cooperative,494,-6.360573004433922,-5.196491982138101,-0.0007115060899507419,0.46836897754299534
nextgen_prospective__nextgen_prospective_022__cluster_3water__cooperative,cooperative,495,-11.050016046048249,-4.633187141494396,-2.8594043227858634e-05,0.46836897754299534
nextgen_prospective__nextgen_prospective_022__cluster_3water__cooperative,cooperative,496,-7.987626104758946,-6.573615802346861,-0.0003575467162981738,0.46836897754299534
nextgen_prospective__nextgen_prospective_022__cluster_3water__cooperative,cooperative,497,-10.315374201592865,-2.319685795404499,-6.871856188817027e-05,0.46836897754299534
nextgen_prospective__nextgen_prospective_022__cluster_3water__cooperative,cooperative,498,-9.784509814525178,-5.750631740513913,-0.00013794200845129723,0.46836897754299534
nextgen_prospective__nextgen_prospective_022__cluster_3water__cooperative,cooperative,499,-8.133375310222004,-1.556672991044481,-0.00025229769486179165,0.46836897754299534
nextgen_prospective__nextgen_prospective_022__cluster_3water__cooperative,cooperative,500,-6.647778184811163,-5.576976917091696,-0.0006003123535731625,0.46836897754299534
nextgen_prospective__nextgen_prospective_022__cluster_3water__cooperative,cooperative,501,-9.930695275729173,-3.738848632501878,-0.0001197395050609451,0.46836897754299534
nextgen_prospective__nextgen_prospective_022__cluster_3water__cooperative,cooperative,502,-6.526257159251843,-2.79147634808714,-0.0005021781193246255,0.46836897754299534
nextgen_prospective__nextgen_prospective_022__cluster_3water__cooperative,cooperative,503,-8.115046212284916,-5.511394990566271,-0.0003280053699810104,0.46836897754299534
nextgen_prospective__nextgen_prospective_022__cluster_3water__cooperative,cooperative,504,-8.41933757363363,-2.8447980764476593,-0.00028433126760196714,0.46836897754299534
nextgen_prospective__nextgen_prospective_022__cluster_3water__cooperative,cooperative,505,-7.02334239277275,-4.119194684804222,-0.0005209914591239873,0.46836897754299534
nextgen_prospective__nextgen_prospective_022__cluster_3water__cooperative,cooperative,506,-8.995585675072666,-4.058305474334006,-0.00018191791922150813,0.46836897754299534
nextgen_prospective__nextgen_prospective_022__cluster_3water__cooperative,cooperative,507,-7.998081598973663,-3.4837644207991074,-0.00033386196415596814,0.46836897754299534
nextgen_prospective__nextgen_prospective_022__cluster_3water__cooperative,cooperative,508,-8.51378019436381,-5.026924370825272,-0.00029838691090766645,0.46836897754299534
nextgen_prospective__nextgen_prospective_022__cluster_3water__cooperative,cooperative,509,-9.123458390187013,-3.1582590007953946,-5.830483451951807e-05,0.46836897754299534
nextgen_prospective__nextgen_prospective_022__cluster_3water__cooperative,cooperative,510,-7.201181333401455,-4.202991676670106,-0.0005165753005900164,0.46836897754299534
nextgen_prospective__nextgen_prospective_022__cluster_3water__cooperative,cooperative,511,-9.397777474039287,-4.822655177426472,-4.0520677084154855e-05,0.46836897754299534
nextgen_prospective__nextgen_prospective_022__cluster_3water__cooperative,cooperative,512,-8.00212596958711,-2.615584599221954,-0.000140973994838145,0.46836897754299534
nextgen_prospective__nextgen_prospective_022__cluster_3water__cooperative,cooperative,513,-7.537710920188653,-5.3543208044497,-0.00047647574105136314,0.46836897754299534
nextgen_prospective__nextgen_prospective_022__cluster_3water__cooperative,cooperative,514,-8.71422876407528,-5.5566352837499045,-0.00020295634412814678,0.46836897754299534
nextgen_prospective__nextgen_prospective_022__cluster_3water__cooperative,cooperative,515,-8.612986625783265,-2.4649758951893457,2.780271827429459e-05,0.46836897754299534
nextgen_prospective__nextgen_prospective_022__cluster_3water__cooperative,cooperative,516,-6.633509898813824,-4.810860947530076,-0.0006382807112799149,0.46836897754299534
nextgen_prospective__nextgen_prospective_022__cluster_3water__cooperative,cooperative,517,-7.632577591995856,-5.656463293272298,-0.0004475200599949325,0.46836897754299534
nextgen_prospective__nextgen_prospective_022__cluster_3water__cooperative,cooperative,518,-6.809863956940201,-5.044492047940178,-0.0005881575490476187,0.46836897754299534
nextgen_prospective__nextgen_prospective_022__cluster_3water__cooperative,cooperative,519,-7.040473558320122,-4.149362607061905,-0.00040931748267825085,0.46836897754299534
nextgen_prospective__nextgen_prospective_022__cluster_3water__cooperative,cooperative,520,-9.276971114057535,-4.065450160831662,-0.0002016111810720922,0.46836897754299534
nextgen_prospective__nextgen_prospective_022__cluster_3water__cooperative,cooperative,521,-7.994465873358815,-3.326754520572508,-0.00037689768708037974,0.46836897754299534
nextgen_prospective__nextgen_prospective_022__cluster_3water__cooperative,cooperative,522,-8.657506924574719,-5.31081731346329,-0.00030566128521281044,0.46836897754299534
nextgen_prospective__nextgen_prospective_022__cluster_3water__cooperative,cooperative,523,-9.441378890633121,-2.9082475519963054,-9.677779638694872e-05,0.46836897754299534
nextgen_prospective__nextgen_prospective_022__cluster_3water__cooperative,cooperative,524,-6.969879817623119,-4.251475278120933,-0.0005922021753148599,0.46836897754299534
nextgen_prospective__nextgen_prospective_022__cluster_3water__cooperative,cooperative,525,-9.794074855586048,-5.048185493379121,-7.578987385414848e-05,0.46836897754299534
nextgen_prospective__nextgen_prospective_022__cluster_3water__cooperative,cooperative,526,-7.9996657784332506,-2.2105233214018813,-0.0002156586135706462,0.46836897754299534
nextgen_prospective__nextgen_prospective_022__cluster_3water__cooperative,cooperative,527,-7.402560714920947,-5.731755585266126,-0.0004921557922354935,0.46836897754299534
nextgen_prospective__nextgen_prospective_022__cluster_3water__cooperative,cooperative,528,-10.08263576561059,-3.4243395860511745,0.00016184469012747726,0.46836897754299534
nextgen_prospective__nextgen_prospective_022__cluster_3water__cooperative,cooperative,529,-8.915226514203752,-5.991874201509246,-0.00021584948631336864,0.46836897754299534
nextgen_prospective__nextgen_prospective_022__cluster_3water__cooperative,cooperative,530,-8.785058050685443,-2.0168835590742415,-2.4875681088332158e-05,0.46836897754299534
nextgen_prospective__nextgen_prospective_022__cluster_3water__cooperative,cooperative,531,-6.240016544581881,-5.033021483512324,-0.0007622713923547408,0.46836897754299534
nextgen_prospective__nextgen_prospective_022__cluster_3water__cooperative,cooperative,532,-7.524532150101637,-6.120224499466609,-0.00045096080180861975,0.46836897754299534
nextgen_prospective__nextgen_prospective_022__cluster_3water__cooperative,cooperative,533,-8.94312455254866,-5.4705002401248075,-8.344590460551693e-05,0.46836897754299534
nextgen_prospective__nextgen_prospective_022__cluster_3water__cooperative,cooperative,534,-7.639597312309313,-2.159480174754204,0.00010436822028969672,0.46836897754299534
nextgen_prospective__nextgen_prospective_022__cluster_3water__cooperative,cooperative,535,-6.46675747645865,-5.333404326896742,-0.0006650904368359356,0.46836897754299534
nextgen_prospective__nextgen_prospective_022__cluster_3water__cooperative,cooperative,536,-7.625126971832666,-5.28162912174509,-0.0004177929024682392,0.46836897754299534
nextgen_prospective__nextgen_prospective_022__cluster_3water__cooperative,cooperative,537,-6.763255535375692,-4.182523617196104,-0.00049809249359134,0.46836897754299534
nextgen_prospective__nextgen_prospective_022__cluster_3water__cooperative,cooperative,538,-9.243838940580765,-2.483775333837723,0.0001152905256702752,0.46836897754299534
nextgen_prospective__nextgen_prospective_022__cluster_3water__cooperative,cooperative,539,-8.122506519980865,-1.9411009322642814,2.885826526544122e-05,0.46836897754299534
nextgen_prospective__nextgen_prospective_022__cluster_3water__cooperative,cooperative,540,-9.742594287785463,-2.8851802492137315,0.00016497840610929515,0.46836897754299534
nextgen_prospective__nextgen_prospective_022__cluster_3water__cooperative,cooperative,541,-8.733367176177016,-1.7904922282316729,-8.962739961404509e-05,0.46836897754299534
nextgen_prospective__nextgen_prospective_022__cluster_3water__cooperative,cooperative,542,-9.633373018619885,-3.790488343335042,0.00012329897866059092,0.46836897754299534
nextgen_prospective__nextgen_prospective_022__cluster_3water__cooperative,cooperative,543,-7.221292023649384,-1.9523859515369475,1.1528147743966599e-05,0.46836897754299534
nextgen_prospective__nextgen_prospective_022__cluster_3water__cooperative,cooperative,544,-9.182277149217455,-2.3699173413500167,-9.07716308038431e-05,0.46836897754299534
nextgen_prospective__nextgen_prospective_022__cluster_3water__cooperative,cooperative,545,-8.856307788737295,-4.476638535715446,-9.390991706581531e-05,0.46836897754299534
nextgen_prospective__nextgen_prospective_022__cluster_3water__cooperative,cooperative,546,-7.842453268551138,-1.9014007070938657,-0.000266155503225729,0.46836897754299534
nextgen_prospective__nextgen_prospective_022__cluster_3water__cooperative,cooperative,547,-6.930244507333954,-4.370008380982506,-0.0005141186578518919,0.46836897754299534
nextgen_prospective__nextgen_prospective_022__cluster_3water__cooperative,cooperative,548,-8.946070791230982,-3.2413331185150738,-0.00015042734500436694,0.46836897754299534
nextgen_prospective__nextgen_prospective_022__cluster_3water__cooperative,cooperative,549,-6.855626333744899,-2.659613294751639,-0.0004070585419415629,0.46836897754299534
nextgen_prospective__nextgen_prospective_022__cluster_3water__cooperative,cooperative,550,-7.831198559291523,-4.329738776975667,-0.00035098528666965834,0.46836897754299534
nextgen_prospective__nextgen_prospective_022__cluster_3water__cooperative,cooperative,551,-8.018044132049505,-2.6923547069028353,-0.00031519850743944033,0.46836897754299534
nextgen_prospective__nextgen_prospective_022__cluster_3water__cooperative,cooperative,552,-7.160854108713877,-3.474878940104232,-0.0004672795650102479,0.46836897754299534
nextgen_prospective__nextgen_prospective_022__cluster_3water__cooperative,cooperative,553,-8.114846423752567,-2.652270853614836,-9.188669682069772e-05,0.46836897754299534
nextgen_prospective__nextgen_prospective_022__cluster_3water__cooperative,cooperative,554,-9.561759441026876,-2.2337638850386337,3.6596536998612095e-05,0.46836897754299534
nextgen_prospective__nextgen_prospective_022__cluster_3water__cooperative,cooperative,555,-8.120046328827003,-1.536039654444209,-7.753454125269954e-05,0.46836897754299534
nextgen_prospective__nextgen_prospective_022__cluster_3water__cooperative,cooperative,556,-10.203016316004346,-2.749855919093502,8.027715700675842e-05,0.46836897754299534
nextgen_prospective__nextgen_prospective_022__cluster_3water__cooperative,cooperative,557,-8.905438601079199,-1.3423998921165696,-0.00015226273835144966,0.46836897754299534
nextgen_prospective__nextgen_prospective_022__cluster_3water__cooperative,cooperative,558,-10.062588969934314,-3.9138234686780438,4.424746350117914e-05,0.46836897754299534
nextgen_prospective__nextgen_prospective_022__cluster_3water__cooperative,cooperative,559,-6.9613419764008135,-1.550548964937637,-0.00021726191602411404,0.46836897754299534
nextgen_prospective__nextgen_prospective_022__cluster_3water__cooperative,cooperative,560,-7.644912700495389,-5.445740832508936,-0.0004144049912966352,0.46836897754299534
nextgen_prospective__nextgen_prospective_022__cluster_3water__cooperative,cooperative,561,-9.482608566416905,-2.08737503755444,-0.00013414121626542652,0.46836897754299534
nextgen_prospective__nextgen_prospective_022__cluster_3water__cooperative,cooperative,562,-9.063505102942415,-4.796016573167136,-0.0001387382147814975,0.46836897754299534
nextgen_prospective__nextgen_prospective_022__cluster_3water__cooperative,cooperative,563,-7.759977862703067,-1.4849965077965315,-0.00035925526953572984,0.46836897754299534
nextgen_prospective__nextgen_prospective_022__cluster_3water__cooperative,cooperative,564,-6.587138026852403,-4.658920659939069,-0.0006133289652829887,0.46836897754299534
nextgen_prospective__nextgen_prospective_022__cluster_3water__cooperative,cooperative,565,-9.17891467757715,-3.2077667510523713,-0.00018493214184500673,0.46836897754299534
nextgen_prospective__nextgen_prospective_022__cluster_3water__cooperative,cooperative,566,-6.491200375095047,-2.459841263356526,-0.0006315891012915742,0.46836897754299534
nextgen_prospective__nextgen_prospective_022__cluster_3water__cooperative,cooperative,567,-7.745507522226419,-4.607145454787419,-0.00038324340496709297,0.46836897754299534
nextgen_prospective__nextgen_prospective_022__cluster_3water__cooperative,cooperative,568,-7.985737544343828,-2.5019373646937777,-0.00036459216063366995,0.46836897754299534
nextgen_prospective__nextgen_prospective_022__cluster_3water__cooperative,cooperative,569,-6.883636085769447,-3.508039950238431,-0.0005591271027247657,0.46836897754299534
