config_id,pc1_angstrom,pc2_angstrom,qm_response_esp_mhartree_per_e,glider_response_esp_mhartree_per_e,residual_mhartree_per_e
nextgen_prospective__nextgen_prospective_003__cluster_3water__equilibrium,-4.529777811234443,0.33258940195574827,1.567360644890492,2.7474480987271988,1.1800874538367068
nextgen_prospective__nextgen_prospective_003__cluster_3water__equilibrium,-2.7404607955049864,0.47667894275258804,0.6769750036736966,-0.8293012113368993,-1.5062762150105957
nextgen_prospective__nextgen_prospective_003__cluster_3water__equilibrium,-4.583708957982083,-1.2873791868001139,-1.9490459553619388,-0.40503101063003083,1.544014944731908
nextgen_prospective__nextgen_prospective_003__cluster_3water__equilibrium,-4.337583594875321,1.7777396717252443,3.977430953364003,4.473433868060107,0.49600291469610447
nextgen_prospective__nextgen_prospective_003__cluster_3water__equilibrium,-2.2317395394742015,-0.9802102599959422,-2.944638851111847,-5.18011514985952,-2.235476298747673
nextgen_prospective__nextgen_prospective_003__cluster_3water__equilibrium,-5.969881740672306,-0.28966299671993573,1.1964128453891831,5.648159556092379,4.451746710703196
nextgen_prospective__nextgen_prospective_003__cluster_3water__equilibrium,-2.5222338731554497,1.8580050358941183,2.591732660297996,0.717002953223034,-1.8747297070749622
nextgen_prospective__nextgen_prospective_003__cluster_3water__equilibrium,-3.6898899514841084,-2.254829732578246,-4.816630973449421,-4.882683245096719,-0.06605227164729843
nextgen_prospective__nextgen_prospective_003__cluster_3water__equilibrium,-5.684082533193394,1.7292103220263655,4.878134385539745,7.250669779726802,2.3725353941870564
nextgen_prospective__nextgen_prospective_003__cluster_3water__equilibrium,-5.776456685448628,-1.622080725541708,-2.430606161183846,-0.9318197965686578,1.4987863646151882
nextgen_prospective__nextgen_prospective_003__cluster_3water__equilibrium,-3.6747023181711054,2.65797395023867,4.190364038670236,3.5809241359023813,-0.6094399027678543
nextgen_prospective__nextgen_prospective_003__cluster_3water__equilibrium,-4.577038520390984,-2.344953680801889,-5.462656701836988,-4.1765143832484615,1.2861423185885261
nextgen_prospective__nextgen_prospective_003__cluster_3water__equilibrium,-5.06342441649776,2.326319687504546,5.035717862681199,5.387846902540473,0.3521290398592738
nextgen_prospective__nextgen_prospective_003__cluster_3water__equilibrium,-2.971790171546767,2.1515908950342824,1.7413597350270926,0.17148911590261123,-1.5698706191244813
nextgen_prospective__nextgen_prospective_003__cluster_3water__equilibrium,-3.29742713221979,-1.8944393645466544,-5.8013062072848065,-6.78424189551976,-0.9829356882349538
nextgen_prospective__nextgen_prospective_003__cluster_3water__equilibrium,-5.6246552854174015,1.112067686405048,3.2847144532661687,4.079987510990874,0.7952730577247049
nextgen_prospective__nextgen_prospective_003__cluster_3water__equilibrium,-2.2062597220273092,0.508619310652847,-2.4446189168711996,-4.926743460219766,-2.482124543348567
nextgen_prospective__nextgen_prospective_003__cluster_3water__equilibrium,-4.815948021241971,-1.1139673734835798,-3.1221582050160457,-2.148878216496665,0.9732799885193808
nextgen_prospective__nextgen_prospective_003__cluster_3water__equilibrium,-4.092488671058834,1.3351236923172176,0.9608954769233513,0.6292534503159941,-0.3316420266073572
nextgen_prospective__nextgen_prospective_003__cluster_3water__equilibrium,-3.398326963548641,-0.3184410312898137,-2.815537777982602,-4.03548976905519,-1.2199519910725884
nextgen_prospective__nextgen_prospective_003__cluster_3water__equilibrium,-4.7076770489943005,0.39889801570987954,1.0367263650530312,1.787779408777412,0.7510530437243808
nextgen_prospective__nextgen_prospective_003__cluster_3water__equilibrium,-2.4071266001992844,0.5841559967343881,0.5147497617330465,-0.29054642355001337,-0.8052961852830599
nextgen_prospective__nextgen_prospective_003__cluster_3water__equilibrium,-4.777017094812694,-1.6839187412619436,-1.2695474974102616,-0.32608970860327524,0.9434577888069864
nextgen_prospective__nextgen_prospective_003__cluster_3water__equilibrium,-4.460570199389715,2.2569483625563747,2.640110006400409,2.950794930071842,0.31068492367143286
nextgen_prospective__nextgen_prospective_003__cluster_3water__equilibrium,-1.7530564138739895,-1.2889872639422943,-2.570700872733589,-3.4693096244986057,-0.8986087517650168
nextgen_prospective__nextgen_prospective_003__cluster_3water__equilibrium,-6.559239243985838,-0.40114078258742863,1.0273768855921794,3.873926957232571,2.8465500716403915
nextgen_prospective__nextgen_prospective_003__cluster_3water__equilibrium,-2.1265491286070226,2.3601466879163557,2.2356214265886187,1.307806785274377,-0.9278146413142416
nextgen_prospective__nextgen_prospective_003__cluster_3water__equilibrium,-3.627821229315298,-2.927783728690971,-3.6790363006073967,-3.394705263283444,0.2843310373239527
nextgen_prospective__nextgen_prospective_003__cluster_3water__equilibrium,-6.1917831200843825,2.1945534843721024,3.046056610880754,4.672978335928768,1.626921725048014
nextgen_prospective__nextgen_prospective_003__cluster_3water__equilibrium,-6.310549887269681,-2.114249291072565,-1.1053757876919867,-0.44681816327325186,0.6585576244187349
nextgen_prospective__nextgen_prospective_003__cluster_3water__equilibrium,-3.6082942721985805,3.388678149216494,2.9406264405533733,2.5542952636919014,-0.3863311768614719
nextgen_prospective__nextgen_prospective_003__cluster_3water__equilibrium,-4.768440817909853,-3.0436573764070824,-3.67388190686313,-2.9052575640751854,0.7686243427879447
nextgen_prospective__nextgen_prospective_003__cluster_3water__equilibrium,-5.393794112904281,2.962265525701192,3.196285862723691,3.4059422378354505,0.20965637511175927
nextgen_prospective__nextgen_prospective_003__cluster_3water__equilibrium,-6.71692384702005,-1.0248876850255761,0.7237169364162632,0.9944046341095257,0.2706876976932625
nextgen_prospective__nextgen_prospective_003__cluster_3water__equilibrium,-2.704550083681574,2.737614221096566,1.3509569311405123,0.5956306113183898,-0.7553263198221225
nextgen_prospective__nextgen_prospective_003__cluster_3water__equilibrium,-3.1232261759754607,-2.464424684078925,-4.68302036712176,-4.757175474784468,-0.07415510766270828
nextgen_prospective__nextgen_prospective_003__cluster_3water__equilibrium,-6.1153766586581035,1.401084381430408,2.106388448439578,2.3886143427318367,0.28222589429225886
nextgen_prospective__nextgen_prospective_003__cluster_3water__equilibrium,-1.7202966485851283,0.6252221840347211,-2.139572923663291,-2.9647817392811313,-0.8252088156178403
nextgen_prospective__nextgen_prospective_003__cluster_3water__equilibrium,-5.075610176146837,-1.4609606955692565,-2.0200613460006345,-1.5392568515545033,0.48080449444613116
nextgen_prospective__nextgen_prospective_003__cluster_3water__equilibrium,-4.145448154482803,1.6878706747460543,0.636919163702121,0.3997758496854902,-0.2371433140166308
nextgen_prospective__nextgen_prospective_003__cluster_3water__equilibrium,-3.2529545305411256,-0.43814111274870077,-2.1788399289301985,-2.7099363296060175,-0.531096400675819
nextgen_prospective__nextgen_prospective_003__cluster_3water__equilibrium,-2.6282101696516733,-0.0796779453525808,-0.43837952774872235,-2.3423146939071358,-1.9039351661584134
nextgen_prospective__nextgen_prospective_003__cluster_3water__equilibrium,-0.9839729119543343,0.052728659703974765,-0.45327748662948864,-1.4687317275646092,-1.0154542409351206
nextgen_prospective__nextgen_prospective_003__cluster_3water__equilibrium,-2.677768520717071,-1.5682977296147245,-3.407871796603512,-4.674946020625916,-1.2670742240224042
nextgen_prospective__nextgen_prospective_003__cluster_3water__equilibrium,-2.4515992681324796,1.2482979782193888,1.8433946224689635,-0.34465624022481445,-2.188050862693778
nextgen_prospective__nextgen_prospective_003__cluster_3water__equilibrium,-3.773806972983628,-1.875861305755649,-6.987183068090097,-8.343790991228333,-1.3566079231382364
nextgen_prospective__nextgen_prospective_003__cluster_3water__equilibrium,-3.118588131244993,1.7523985332598284,2.8568939911233215,0.21482211232266715,-2.6420718788006545
nextgen_prospective__nextgen_prospective_003__cluster_3water__equilibrium,-2.891177389658591,-1.4089463335941257,-4.92962369110117,-6.220713209027007,-1.2910895179258368
nextgen_prospective__nextgen_prospective_003__cluster_3water__equilibrium,-2.2263769057065184,0.841569780925526,-1.6334565157580805,-3.2204108567115686,-1.586954340953488
nextgen_prospective__nextgen_prospective_003__cluster_3water__equilibrium,-1.588498579886341,-0.6779221272539084,-4.085310020809807,-4.675071264841739,-0.5897612440319318
nextgen_prospective__nextgen_prospective_003__cluster_3water__equilibrium,-2.7916851448904603,-0.018745705686622517,-0.06013151640260617,-0.8661854922203356,-0.8060539758177294
nextgen_prospective__nextgen_prospective_003__cluster_3water__equilibrium,-0.6776658135653109,0.1514913579575206,-0.025976375585212708,-0.7670637075732323,-0.7410873319880196
nextgen_prospective__nextgen_prospective_003__cluster_3water__equilibrium,-2.8554030248316873,-1.932685428309378,-2.614758170076392,-3.026080520023264,-0.41132234994687167
nextgen_prospective__nextgen_prospective_003__cluster_3water__equilibrium,-2.564613985794356,1.688651910334482,1.9656396764853312,0.9089619175062982,-1.056677758979033
nextgen_prospective__nextgen_prospective_003__cluster_3water__equilibrium,-0.07662834505017488,-1.569775422123755,-3.2650399068026026,-3.6094982528269552,-0.34445834602435266
nextgen_prospective__nextgen_prospective_003__cluster_3water__equilibrium,-4.493120675423226,-0.7539164933111757,-2.073176826751233,0.7642968437240214,2.837473670475254
nextgen_prospective__nextgen_prospective_003__cluster_3water__equilibrium,-0.41983786669674616,1.783482803908518,3.271412668841567,3.052769371749388,-0.218643297092179
nextgen_prospective__nextgen_prospective_003__cluster_3water__equilibrium,-1.7993852024827288,-3.075696497838755,-4.866894691760937,-4.715510905209616,0.151383786551321
nextgen_prospective__nextgen_prospective_003__cluster_3water__equilibrium,-4.264595320602974,-2.328124311919139,-5.519579483208137,-4.536686024576613,0.9828934586315237
nextgen_prospective__nextgen_prospective_003__cluster_3water__equilibrium,-2.847522121731779,-3.182174984929236,-5.477549662158854,-5.0165939384315354,0.4609557237273183
nextgen_prospective__nextgen_prospective_003__cluster_3water__equilibrium,-3.4221710955104427,2.336781195386475,3.0759426785689215,1.9758873007102813,-1.1000553778586402
nextgen_prospective__nextgen_prospective_003__cluster_3water__equilibrium,-4.638020040373582,-1.3270893225786626,-5.679534547392784,-3.9656200075468084,1.7139145398459754
nextgen_prospective__nextgen_prospective_003__cluster_3water__equilibrium,-0.9509738794679553,2.1303448614254683,0.6888235020654498,1.1954506774271785,0.5066271753617286
nextgen_prospective__nextgen_prospective_003__cluster_3water__equilibrium,-1.3357032615758508,-2.6499071054925505,-5.724949154530368,-5.4839193201967005,0.2410298343336672
nextgen_prospective__nextgen_prospective_003__cluster_3water__equilibrium,-4.085246948365307,0.902182306056566,0.43039143212642017,0.13732917757725097,-0.29306225454916923
nextgen_prospective__nextgen_prospective_003__cluster_3water__equilibrium,-0.046524776946896995,0.18922785439566436,-3.223141980682076,-2.786437001433986,0.43670497924808993
nextgen_prospective__nextgen_prospective_003__cluster_3water__equilibrium,-3.1297858563279264,-1.7278050619971796,-3.822106081238008,-4.243568437078853,-0.4214623558408448
nextgen_prospective__nextgen_prospective_003__cluster_3water__equilibrium,-2.2750423769609758,1.165715656670944,-0.9610329552920405,-1.7166059645432612,-0.7555730092512207
nextgen_prospective__nextgen_prospective_003__cluster_3water__equilibrium,-1.454913100906462,-0.7879167967026147,-3.2953886298594526,-3.5312184496752015,-0.2358298198157489
nextgen_prospective__nextgen_prospective_003__cluster_3water__equilibrium,-1.7245038154630152,0.9713167252141982,0.9168865216278022,-0.4578294820132697,-1.3747160036410717
nextgen_prospective__nextgen_prospective_003__cluster_3water__equilibrium,-0.0802665577656767,1.1037233302707536,2.303382445501878,1.58852374755647,-0.7148586979454081
nextgen_prospective__nextgen_prospective_003__cluster_3water__equilibrium,-1.7740621665284138,-0.5173030590479455,-1.9339379909792953,-3.92625372276989,-1.9923157317905948
nextgen_prospective__nextgen_prospective_003__cluster_3water__equilibrium,-1.5478929139438222,2.2992926487861682,2.2552375816768944,1.51872436135507,-0.7365132203218243
nextgen_prospective__nextgen_prospective_003__cluster_3water__equilibrium,0.12026628979876255,2.373050010454863,4.857597689405413,4.8783710369787565,0.020773347573343592
nextgen_prospective__nextgen_prospective_003__cluster_3water__equilibrium,-2.7852162626685395,2.254698111225036,3.1797547062613063,1.3221167336876403,-1.857637972573666
nextgen_prospective__nextgen_prospective_003__cluster_3water__equilibrium,-0.938758767783192,3.1081565803931004,2.827838709476893,3.3470389350849707,0.5192002256080777
nextgen_prospective__nextgen_prospective_003__cluster_3water__equilibrium,-2.214881777056335,2.803393203826608,1.7406715525551952,0.7061147586254863,-1.034556793929709
nextgen_prospective__nextgen_prospective_003__cluster_3water__equilibrium,-0.2928394979121779,2.642831610745824,2.1919173954350057,3.020144184439373,0.8282267890043671
nextgen_prospective__nextgen_prospective_003__cluster_3water__equilibrium,-2.7306074403878955,1.6875940676811223,0.44809158689584905,-1.3405744287915806,-1.7886660156874297
nextgen_prospective__nextgen_prospective_003__cluster_3water__equilibrium,0.41062091515975624,1.1330739386115323,-0.7843810462340173,0.04004732464485091,0.8244283708788682
nextgen_prospective__nextgen_prospective_003__cluster_3water__equilibrium,-1.9874710354699332,-0.35795166302734654,-3.9610878715636844,-5.5532155866249475,-1.5921277150612632
nextgen_prospective__nextgen_prospective_003__cluster_3water__equilibrium,-1.3226705515178607,1.8925644514923052,-0.18841463394281277,-0.3203164629244107,-0.1319018289815979
nextgen_prospective__nextgen_prospective_003__cluster_3water__equilibrium,-0.6847922256976832,0.37307254331287065,-2.7310066941779176,-2.6264901088981127,0.1045165852798049
nextgen_prospective__nextgen_prospective_003__cluster_3water__equilibrium,-1.8879787907018026,1.0322489648801565,0.8663844011471689,-0.0025081758544460465,-0.8688925770016149
nextgen_prospective__nextgen_prospective_003__cluster_3water__equilibrium,0.22604054062334686,1.2024860285242998,1.8149525436021996,1.1148705230128484,-0.7000820205893512
nextgen_prospective__nextgen_prospective_003__cluster_3water__equilibrium,-1.9516966706430297,-0.8816907577425998,-1.858208809442985,-3.056529425513181,-1.198320616070196
nextgen_prospective__nextgen_prospective_003__cluster_3water__equilibrium,-1.6609076316056977,2.739646580901261,2.0562332372668912,1.5532014303081427,-0.5030318069587485
nextgen_prospective__nextgen_prospective_003__cluster_3water__equilibrium,0.8270780091384828,-0.518780751556976,-1.214385820687891,-1.659425368815514,-0.44503954812762303
nextgen_prospective__nextgen_prospective_003__cluster_3water__equilibrium,0.4838684874919113,2.8344774744752965,4.076244059243894,3.8869978021825236,-0.18924625706137066
nextgen_prospective__nextgen_prospective_003__cluster_3water__equilibrium,-3.2517519371089056,2.6823107468940917,3.411077171679544,2.598189454099342,-0.8128877175802018
nextgen_prospective__nextgen_prospective_003__cluster_3water__equilibrium,1.805799672638994,0.7415662580312341,5.288242154144029,3.30382194294427,-1.9844202111997595
nextgen_prospective__nextgen_prospective_003__cluster_3water__equilibrium,-0.8777351579706018,3.779614492967316,2.500399969965983,2.6450930074771226,0.1446930375111397
nextgen_prospective__nextgen_prospective_003__cluster_3water__equilibrium,-2.518464741321786,3.387775865953254,1.8293282361199203,1.3142394116126417,-0.5150888245072787
nextgen_prospective__nextgen_prospective_003__cluster_3water__equilibrium,-0.04726752527929748,3.181339531992247,1.9836748437609408,2.457865676901516,0.4741908331405753
nextgen_prospective__nextgen_prospective_003__cluster_3water__equilibrium,-0.43199690738719326,-1.598912434925772,-6.350420090959652,-5.929897495089976,0.42052259586967633
nextgen_prospective__nextgen_prospective_003__cluster_3water__equilibrium,-3.1815405941766493,1.953176976623345,0.8138942718840525,-0.07412947257879135,-0.8880237444628438
nextgen_prospective__nextgen_prospective_003__cluster_3water__equilibrium,0.8571815772417606,1.240222524962443,-0.49320222841320316,0.06552206982017364,0.5587242982333768
nextgen_prospective__nextgen_prospective_003__cluster_3water__equilibrium,-2.226079502139269,-0.6768103914304007,-3.484546142462186,-4.385989613832022,-0.901443471369836
nextgen_prospective__nextgen_prospective_003__cluster_3water__equilibrium,-1.3713360227723181,2.2167103272377227,0.018904336712921577,-0.08358332240471017,-0.10248765911763175
nextgen_prospective__nextgen_prospective_003__cluster_3water__equilibrium,-0.5512067467178043,0.263077873864164,-2.316006968022144,-2.2085063213491947,0.10750064667294934
nextgen_prospective__nextgen_prospective_003__cluster_3water__equilibrium,-0.3682631014751073,0.6708393890748138,1.1526658797627043,0.3888187880452157,-0.7638470917174887
nextgen_prospective__nextgen_prospective_003__cluster_3water__equilibrium,1.275974156222231,0.8032459941313695,2.761206939266625,1.4958883878311378,-1.2653185514354872
nextgen_prospective__nextgen_prospective_003__cluster_3water__equilibrium,-0.4178214525405059,-0.8177803951873299,-2.285661613103951,-2.665403442762325,-0.3797418296583741
nextgen_prospective__nextgen_prospective_003__cluster_3water__equilibrium,-0.1916521999559142,1.9988153126467838,3.5854586428500923,3.306236248862163,-0.27922239398792925
nextgen_prospective__nextgen_prospective_003__cluster_3water__equilibrium,1.7434477428451147,-0.5355170570429558,-2.173808812785616,-2.8144386307109137,-0.6406298179252978
nextgen_prospective__nextgen_prospective_003__cluster_3water__equilibrium,1.4765070037866705,2.0725726743154778,6.787236716328415,6.179726977107079,-0.607509739221336
nextgen_prospective__nextgen_prospective_003__cluster_3water__equilibrium,2.5046757033455127,0.4447528393034296,0.8558427768763366,-0.943998476950522,-1.7998412538268584
nextgen_prospective__nextgen_prospective_003__cluster_3water__equilibrium,0.4174819462047158,2.8076792442537157,5.5059947316453695,6.27673889132582,0.7707441596804507
nextgen_prospective__nextgen_prospective_003__cluster_3water__equilibrium,2.2886441939091497,-0.29734084825422885,-5.482158531698644,-5.989627624290838,-0.5074690925921939
nextgen_prospective__nextgen_prospective_003__cluster_3water__equilibrium,1.06340121607573,2.3423542746064396,3.755182646842492,4.689770822263879,0.9345881754213874
nextgen_prospective__nextgen_prospective_003__cluster_3water__equilibrium,1.7668616291476642,0.8325966024721481,-0.63740481523622,-0.32089974710512903,0.3165050681310909
nextgen_prospective__nextgen_prospective_003__cluster_3water__equilibrium,-0.6312303214820254,-0.6584289991667309,-4.817424616328836,-4.562370599438296,0.25505401689053997
nextgen_prospective__nextgen_prospective_003__cluster_3water__equilibrium,0.033570162470047224,1.5920871153529206,-0.20963818886077235,0.35116223797925317,0.5608004268400255
nextgen_prospective__nextgen_prospective_003__cluster_3water__equilibrium,0.6714484882902247,0.0725952071734863,-3.2136616754780967,-2.579305943484641,0.6343557319934559
nextgen_prospective__nextgen_prospective_003__cluster_3water__equilibrium,-0.531738076713895,0.7317716287407722,0.781995732348495,0.08336147650395262,-0.6986342558445423
nextgen_prospective__nextgen_prospective_003__cluster_3water__equilibrium,1.5822812546112546,0.902008692384915,1.8009043972475602,0.8321923017087971,-0.9687120955387631
nextgen_prospective__nextgen_prospective_003__cluster_3water__equilibrium,-0.5954559566551216,-1.1821680938819836,-2.251037292708702,-2.7524202041296126,-0.5013829114209107
nextgen_prospective__nextgen_prospective_003__cluster_3water__equilibrium,-0.30466691761778986,2.4391692447618762,2.71917494176499,2.3457214712303083,-0.3734534705346819
nextgen_prospective__nextgen_prospective_003__cluster_3water__equilibrium,2.1833187231263906,-0.8192580876963603,-2.2761520836058757,-3.169738554828186,-0.89358647122231
nextgen_prospective__nextgen_prospective_003__cluster_3water__equilibrium,1.8401092014798193,2.5340001383359123,4.608256060699034,4.381946242664674,-0.2263098180343599
nextgen_prospective__nextgen_prospective_003__cluster_3water__equilibrium,3.1620403866269022,0.4410889218918498,0.12478592801823396,-1.92887400072316,-2.0536599287413937
nextgen_prospective__nextgen_prospective_003__cluster_3water__equilibrium,0.4785055560173066,3.479137156827932,3.8114163094831177,4.325135594580583,0.5137192850974657
nextgen_prospective__nextgen_prospective_003__cluster_3water__equilibrium,-1.1622240273338773,3.08729852981387,1.8541913387983833,2.1498110332651144,0.2956196944667311
nextgen_prospective__nextgen_prospective_003__cluster_3water__equilibrium,2.8842855887801493,-0.5130315335394254,-4.852373464658832,-5.61417660892148,-0.7618031442626476
nextgen_prospective__nextgen_prospective_003__cluster_3water__equilibrium,1.3089731887086102,2.880862195852863,2.4963616292450475,3.179840587220365,0.6834789579753173
nextgen_prospective__nextgen_prospective_003__cluster_3water__equilibrium,0.9242438066007144,-1.8993897710651562,-6.747722148418234,-6.760906966285619,-0.013184817867385235
nextgen_prospective__nextgen_prospective_003__cluster_3water__equilibrium,-1.8252998801887415,1.652699640483961,-0.47777941746929287,-1.1588129189369345,-0.6810335014676416
nextgen_prospective__nextgen_prospective_003__cluster_3water__equilibrium,2.213422291229669,0.9397451888230591,-0.5073789546172769,-0.35733218655745014,0.15004676805982675
nextgen_prospective__nextgen_prospective_003__cluster_3water__equilibrium,-0.869838788151361,-0.9772877275697855,-4.110861840217694,-4.049486749091315,0.06137509112637929
nextgen_prospective__nextgen_prospective_003__cluster_3water__equilibrium,-0.015095308784410434,1.9162329910983384,-0.06896017543178701,0.22363188738452905,0.29259206281631606
nextgen_prospective__nextgen_prospective_003__cluster_3water__equilibrium,0.8050339672701037,-0.037399462275220376,-2.5612449336871457,-2.2013021526873233,0.35994278099982235
nextgen_prospective__nextgen_prospective_003__cluster_3water__equilibrium,0.03380584504865508,-0.660026090154807,-1.4645380199675984,-1.919008228899502,-0.4544702089319037
nextgen_prospective__nextgen_prospective_003__cluster_3water__equilibrium,1.6780431027459934,-0.5276194850982515,-1.3014454793700558,-2.053460621271717,-0.7520151419016612
nextgen_prospective__nextgen_prospective_003__cluster_3water__equilibrium,-0.015752506016743453,-2.148645874416951,-4.23836846629877,-4.714182779638413,-0.47581431333964286
nextgen_prospective__nextgen_prospective_003__cluster_3water__equilibrium,2.1455166893688773,-1.866382536272577,-5.044438280001451,-5.992929739369725,-0.9484914593682738
nextgen_prospective__nextgen_prospective_003__cluster_3water__equilibrium,1.878575950310433,0.741707195085858,4.202934556035487,2.221266630928952,-1.9816679251065348
nextgen_prospective__nextgen_prospective_003__cluster_3water__equilibrium,0.8055946891435576,-3.03765448405091,-6.068852664573132,-7.353908166213453,-1.2850555016403211
nextgen_prospective__nextgen_prospective_003__cluster_3water__equilibrium,2.906744649869275,-0.8861126399261913,-6.367592196777849,-8.86314768364638,-2.495555486868531
nextgen_prospective__nextgen_prospective_003__cluster_3water__equilibrium,2.0516136726142897,-2.7634789255445016,-7.181822241384417,-8.648634929494865,-1.4668126881104477
nextgen_prospective__nextgen_prospective_003__cluster_3water__equilibrium,2.598372991105459,0.39764967394516165,-0.7729958060993525,-2.041126735914436,-1.2681309298150834
nextgen_prospective__nextgen_prospective_003__cluster_3water__equilibrium,2.690713140432912,-1.6282063274838496,-8.2844111411009,-10.043681389611713,-1.7592702485108127
nextgen_prospective__nextgen_prospective_003__cluster_3water__equilibrium,1.4654701625994924,1.011488795376819,1.2549186865404849,1.5366688849325987,0.2817501983921138
nextgen_prospective__nextgen_prospective_003__cluster_3water__equilibrium,1.1662361987377956,-2.7064849566705287,-6.550072998279699,-7.219046707167961,-0.6689737088882621
nextgen_prospective__nextgen_prospective_003__cluster_3water__equilibrium,-0.9722977798762253,0.056251252312117264,-4.02731538223966,-4.318856931362645,-0.2915415491229849
nextgen_prospective__nextgen_prospective_003__cluster_3water__equilibrium,2.1689305756714266,-0.49826887675747294,-4.562986467515628,-4.405837403917325,0.15714906359830305
nextgen_prospective__nextgen_prospective_003__cluster_3water__equilibrium,-0.22916137495826278,-1.9892944783963515,-5.98758990210424,-5.75399244471386,0.2335974573903803
nextgen_prospective__nextgen_prospective_003__cluster_3water__equilibrium,0.43563910899380964,0.2612216361232998,-3.0450027524979717,-2.4174588137692385,0.6275439387287332
nextgen_prospective__nextgen_prospective_003__cluster_3water__equilibrium,1.0735174348139873,-1.2582702720561345,-5.165387234808083,-4.749477039606257,0.4159101952018265
nextgen_prospective__nextgen_prospective_003__cluster_3water__equilibrium,-0.12966913019013251,-0.5990938504888486,-0.9443509341227063,-1.4955415175997921,-0.5511905834770858
nextgen_prospective__nextgen_prospective_003__cluster_3water__equilibrium,1.9843502011350171,-0.4288567868447056,-0.6322721155571642,-1.4544322150428566,-0.8221600994856924
nextgen_prospective__nextgen_prospective_003__cluster_3water__equilibrium,-0.1933870101313593,-2.5130335731116045,-3.3064251609484785,-3.6704513268700683,-0.36402616592158976
nextgen_prospective__nextgen_prospective_003__cluster_3water__equilibrium,0.09740202890597255,1.1083037655322556,2.3901130682300042,1.6289731884215872,-0.761139879808417
nextgen_prospective__nextgen_prospective_003__cluster_3water__equilibrium,2.585387669650153,-2.150123566925981,-3.459161042873138,-4.2881925699565935,-0.8290315270834556
nextgen_prospective__nextgen_prospective_003__cluster_3water__equilibrium,-1.8311046607228978,-1.3342646381134022,-3.879106469992788,-5.086283176452777,-1.2071767064599888
nextgen_prospective__nextgen_prospective_003__cluster_3water__equilibrium,2.242178148003582,1.2031346591062917,3.806770638668411,1.9995534993484734,-1.8072171393199374
nextgen_prospective__nextgen_prospective_003__cluster_3water__equilibrium,0.8626308122175994,-3.656044642640981,-4.6299181335003325,-5.266893208048698,-0.6369750745483653
nextgen_prospective__nextgen_prospective_003__cluster_3water__equilibrium,2.4646552195371125,-3.3035332102755985,-5.090756275888175,-5.826766605134849,-0.7360103292466738
nextgen_prospective__nextgen_prospective_003__cluster_3water__equilibrium,3.167631486168616,0.7607749890682538,0.3078891068168943,-1.4986991194429993,-1.8065882262598936
nextgen_prospective__nextgen_prospective_003__cluster_3water__equilibrium,3.286354535303912,-1.8438970127690462,-5.403723457442666,-6.125088337542342,-0.7213648800996761
nextgen_prospective__nextgen_prospective_003__cluster_3water__equilibrium,1.7110421352323726,1.549996716623242,1.8138443912922853,2.1380268258958366,0.32418243460355134
nextgen_prospective__nextgen_prospective_003__cluster_3water__equilibrium,1.3263127531244767,-3.2302552502947774,-4.895109490087535,-5.2373182296262115,-0.3422087395386768
nextgen_prospective__nextgen_prospective_003__cluster_3water__equilibrium,-1.423230933664979,0.3218341612543399,-2.929156275976119,-3.5901413635381694,-0.6609850875620502
nextgen_prospective__nextgen_prospective_003__cluster_3water__equilibrium,2.615491237753431,-0.391120290406562,-2.8992310083650885,-2.9342306623606365,-0.03499965399554794
nextgen_prospective__nextgen_prospective_003__cluster_3water__equilibrium,-0.46776984162759855,-2.308153206799406,-4.625404189098514,-4.499610555683165,0.12579363341534933
nextgen_prospective__nextgen_prospective_003__cluster_3water__equilibrium,0.3869736377393519,0.5853675118687175,-1.916230599313895,-1.5169541889651612,0.39927641034873385
nextgen_prospective__nextgen_prospective_003__cluster_3water__equilibrium,1.2071029137938658,-1.3682649415048411,-3.6961236139498865,-3.505694213025455,0.1904294009244314
nextgen_prospective__nextgen_prospective_003__cluster_3water__equilibrium,-0.9420194620138785,-1.6407876456203763,-2.9650470307136523,-3.4108312548609496,-0.44578422414729735
nextgen_prospective__nextgen_prospective_003__cluster_3water__equilibrium,0.7022177956834597,-1.5083810405638207,-3.2028382388711307,-3.5948670609773505,-0.3920288221062198
nextgen_prospective__nextgen_prospective_003__cluster_3water__equilibrium,-0.9915778130792774,-3.1294074298825203,-3.9739610182438767,-4.126884696656073,-0.15292367841219612
nextgen_prospective__nextgen_prospective_003__cluster_3water__equilibrium,-0.7654085604946859,-0.31281172204840674,-1.4021691525019087,-2.1814037120605723,-0.7792345595586636
nextgen_prospective__nextgen_prospective_003__cluster_3water__equilibrium,1.1696913823063433,-2.8471440917381456,-4.758312663393216,-5.547055740831483,-0.7887430774382667
nextgen_prospective__nextgen_prospective_003__cluster_3water__equilibrium,-0.17023061791897626,-4.018416039516479,-4.619494668838708,-4.880648864847529,-0.26115419600882017
nextgen_prospective__nextgen_prospective_003__cluster_3water__equilibrium,-2.0876162653458334,-3.436971006023444,-5.412602676277523,-5.004514340326579,0.40808833595094374
nextgen_prospective__nextgen_prospective_003__cluster_3water__equilibrium,1.075788365551756,-3.7442404810100705,-5.570656775680138,-6.4437951284888655,-0.8731383528087271
nextgen_prospective__nextgen_prospective_003__cluster_3water__equilibrium,-0.9854482217793484,-4.101232640586853,-4.9719834938875,-4.885889017276589,0.08609447661091085
nextgen_prospective__nextgen_prospective_003__cluster_3water__equilibrium,1.714887833370378,-2.608967882949419,-7.621213628080881,-9.036896698354239,-1.4156830702733583
nextgen_prospective__nextgen_prospective_003__cluster_3water__equilibrium,-2.3780577140563066,-2.6583882365364078,-6.451737858491402,-6.012310358253484,0.439427500237918
nextgen_prospective__nextgen_prospective_003__cluster_3water__equilibrium,0.19041089167526218,-3.687246512136098,-5.295260765676879,-5.5773213380319895,-0.2820605723551104
nextgen_prospective__nextgen_prospective_003__cluster_3water__equilibrium,1.1931052686088928,-1.479030432223042,-7.240248603016752,-7.089604185021764,0.15064441799498862
nextgen_prospective__nextgen_prospective_003__cluster_3water__equilibrium,-1.2049866820207968,-2.970056033861921,-5.083075633986578,-4.92206052564045,0.16101510834612753
nextgen_prospective__nextgen_prospective_003__cluster_3water__equilibrium,-0.5401861980687243,-0.7195399193422696,-4.780847688965473,-4.466680069264008,0.3141676197014647
nextgen_prospective__nextgen_prospective_003__cluster_3water__equilibrium,0.09769212775145339,-2.239031827521704,-5.322830592631611,-5.19682602032316,0.1260045723084513
nextgen_prospective__nextgen_prospective_003__cluster_3water__equilibrium,-1.1054944372526663,-1.5798554059544179,-2.0382782352030837,-2.4997842396531684,-0.4615060044500847
nextgen_prospective__nextgen_prospective_003__cluster_3water__equilibrium,1.0085248940724831,-1.4096183423102748,-2.0670583912845153,-2.563611962825561,-0.4965535715410456
nextgen_prospective__nextgen_prospective_003__cluster_3water__equilibrium,-1.169212317193893,-3.493795128577174,-3.0386067847505416,-3.1567011611240705,-0.11809437637352893
nextgen_prospective__nextgen_prospective_003__cluster_3water__equilibrium,-0.8784232781565614,0.12754221006668612,-0.23697865327010348,-1.171278089813034,-0.9342994365429305
nextgen_prospective__nextgen_prospective_003__cluster_3water__equilibrium,1.609562362587619,-3.1308851223915504,-3.566915956701333,-4.14601138453611,-0.5790954278347771
nextgen_prospective__nextgen_prospective_003__cluster_3water__equilibrium,-2.806929967785432,-2.3150261935789715,-4.104103874335241,-4.455953120243112,-0.3518492459078715
nextgen_prospective__nextgen_prospective_003__cluster_3water__equilibrium,1.2663528409410478,0.22237310364072221,1.6861810368791197,0.5706036140706133,-1.1155774228085065
nextgen_prospective__nextgen_prospective_003__cluster_3water__equilibrium,-0.11319449484493455,-4.636806198106551,-3.519647715222174,-3.6996624938616036,-0.18001477863942972
nextgen_prospective__nextgen_prospective_003__cluster_3water__equilibrium,2.588284026088131,-1.8705381128033405,-7.105462384755956,-8.887309874877417,-1.7818474901214607
nextgen_prospective__nextgen_prospective_003__cluster_3water__equilibrium,-2.5784046129651794,-3.889234012186934,-4.251324580108129,-3.911976435219588,0.3393481448885409
nextgen_prospective__nextgen_prospective_003__cluster_3water__equilibrium,1.488829912474578,-4.284294765741168,-4.2061906494033074,-4.7030220567545,-0.49683140735119213
nextgen_prospective__nextgen_prospective_003__cluster_3water__equilibrium,-1.1613314140939852,-4.7432846851970325,-3.8490277648723925,-3.7820940319829104,0.06693373288948212
nextgen_prospective__nextgen_prospective_003__cluster_3water__equilibrium,2.310529228241378,-2.8246585682346153,-5.908928831040328,-6.668878575927254,-0.7599497448869261
nextgen_prospective__nextgen_prospective_003__cluster_3water__equilibrium,-2.951829332735788,-2.8881990228464587,-5.101426514860563,-4.883549313959546,0.21787720090101725
nextgen_prospective__nextgen_prospective_003__cluster_3water__equilibrium,0.3504874460619432,-4.211016805760346,-4.048069313173919,-4.202960760651226,-0.15489144747730688
nextgen_prospective__nextgen_prospective_003__cluster_3water__equilibrium,-2.3990562407275133,-0.6589273942112295,-4.162032844702068,-5.95485595072721,-1.7928231060251418
nextgen_prospective__nextgen_prospective_003__cluster_3water__equilibrium,1.6396659306908972,-1.3718818458721311,-5.2640523111739945,-5.084802808182735,0.17924950299125975
nextgen_prospective__nextgen_prospective_003__cluster_3water__equilibrium,-1.4435951486901324,-3.2889147622649757,-3.943875110262063,-3.846751308159718,0.09712380210234484
nextgen_prospective__nextgen_prospective_003__cluster_3water__equilibrium,-0.5888516693231819,-0.3953940435968518,-3.400424779870015,-3.2633216448883835,0.1371031349816314
nextgen_prospective__nextgen_prospective_003__cluster_3water__equilibrium,0.23127760673133213,-2.3490264969704104,-4.019877484860768,-3.941056635600685,0.07882084926008259
nextgen_prospective__nextgen_prospective_003__cluster_3water__equilibrium,-2.2131734275341155,-1.3994237040436672,-2.974870144877073,-4.122494018015654,-1.1476238731385813
nextgen_prospective__nextgen_prospective_003__cluster_3water__equilibrium,-0.714015927868895,-1.278700034727396,-2.961793803670787,-3.406487226215424,-0.44469342254463706
nextgen_prospective__nextgen_prospective_003__cluster_3water__equilibrium,-2.258358982917273,-2.7566946838120923,-4.092978627335597,-4.1115651501308,-0.018586522795202676
nextgen_prospective__nextgen_prospective_003__cluster_3water__equilibrium,-3.4197469900361086,-1.9207703083395107,-4.956382545125759,-6.007333542555516,-1.0509509974297568
nextgen_prospective__nextgen_prospective_003__cluster_3water__equilibrium,-1.5094835990946456,-3.5672613573018785,-4.87051433133967,-4.729033463015851,0.14148086832381956
nextgen_prospective__nextgen_prospective_003__cluster_3water__equilibrium,-3.2576881599838385,-3.0371202973523475,-5.14753124331957,-4.808692039656446,0.3388392036631238
nextgen_prospective__nextgen_prospective_003__cluster_3water__equilibrium,-2.252770237908514,-3.6427706112189844,-5.1361241878971065,-4.709450906838964,0.4266732810581422
nextgen_prospective__nextgen_prospective_003__cluster_3water__equilibrium,-3.522502422043388,-2.327236007525931,-5.983462358040814,-6.275207918202443,-0.2917455601616288
nextgen_prospective__nextgen_prospective_003__cluster_3water__equilibrium,-1.1806633991704873,-3.265312670572708,-5.826248843991078,-5.664762315917178,0.1614865280738993
nextgen_prospective__nextgen_prospective_003__cluster_3water__equilibrium,-2.452937657540423,-2.6114037050874286,-5.206302446772781,-5.06427108248147,0.14203136429131114
nextgen_prospective__nextgen_prospective_003__cluster_3water__equilibrium,-1.8467960398194159,-0.5594625418489227,-4.430876637613768,-5.78914604534197,-1.3582694077282023
nextgen_prospective__nextgen_prospective_003__cluster_3water__equilibrium,-1.2652010956892537,-1.94488163460076,-5.431649626586932,-5.276995414287256,0.15465421229967546
nextgen_prospective__nextgen_prospective_003__cluster_3water__equilibrium,-2.3622241402518336,-1.3438678384658813,-1.9795724268147907,-2.719565191049598,-0.7399927642348074
nextgen_prospective__nextgen_prospective_003__cluster_3water__equilibrium,-0.43473592639654984,-1.1886516922021042,-2.0662107089481907,-2.547037120645681,-0.4808264116974903
nextgen_prospective__nextgen_prospective_003__cluster_3water__equilibrium,-2.4203198543158932,-3.088930526739571,-3.111911527898137,-3.1149669364219497,-0.003055408523812808
nextgen_prospective__nextgen_prospective_003__cluster_3water__equilibrium,-2.155188671664208,0.21287704672983065,-0.22569835740693378,-2.4998791009841037,-2.27418074357717
nextgen_prospective__nextgen_prospective_003__cluster_3water__equilibrium,0.11326882430842711,-2.758041991687973,-4.2279083474094925,-4.73852932017438,-0.5106209727648876
nextgen_prospective__nextgen_prospective_003__cluster_3water__equilibrium,-3.9135330063258253,-2.0141706154176804,-3.9426769294994557,-3.6515659316346167,0.29111099786483896
nextgen_prospective__nextgen_prospective_003__cluster_3water__equilibrium,-1.4574800751153723,-4.131087678369298,-3.8931281111524996,-3.8250871381230014,0.06804097302949819
nextgen_prospective__nextgen_prospective_003__cluster_3water__equilibrium,-3.705171653401478,-3.44947774414847,-4.018608661992662,-3.5827904180391195,0.4358182439535425
nextgen_prospective__nextgen_prospective_003__cluster_3water__equilibrium,-2.413134325018918,-4.228171004834147,-4.048602814109348,-3.7595160366610716,0.28908677744827616
nextgen_prospective__nextgen_prospective_003__cluster_3water__equilibrium,-4.045647133192327,-2.5367693715145068,-4.817440217784963,-4.484505067548768,0.332935150236195
nextgen_prospective__nextgen_prospective_003__cluster_3water__equilibrium,-1.0347112466414543,-3.742867938288934,-4.741371744985123,-4.651341876872,0.09002986811312308
nextgen_prospective__nextgen_prospective_003__cluster_3water__equilibrium,-3.541648137537723,-0.504198180700033,-4.186535807235714,-6.658179315025367,-2.4716435077896532
nextgen_prospective__nextgen_prospective_003__cluster_3water__equilibrium,0.14071619522612122,-1.1542448866261497,-6.106717509540616,-5.4063795144153,0.7003379951253157
nextgen_prospective__nextgen_prospective_003__cluster_3water__equilibrium,-2.670492435974229,-2.90212783980786,-4.0450137049026225,-3.9547624173423124,0.09025128756031009
nextgen_prospective__nextgen_prospective_003__cluster_3water__equilibrium,-1.8911674989043625,-0.26391777278692435,-3.2547240691465085,-4.148532565400726,-0.8938084962542172
nextgen_prospective__nextgen_prospective_003__cluster_3water__equilibrium,-1.1434025707370112,-2.0451708920392866,-4.3377791106054,-4.264426354266546,0.07335275633885363
nextgen_prospective__nextgen_prospective_003__cluster_3water__equilibrium,-1.8907734854128035,1.9398584122933522,2.1158412430701823,0.760840301680581,-1.3550009413896014
nextgen_prospective__nextgen_prospective_003__cluster_3water__equilibrium,-0.730135421155859,2.0333218982156267,3.0272238343496127,2.898649846874418,-0.12857398747519477
nextgen_prospective__nextgen_prospective_003__cluster_3water__equilibrium,-1.766106966693374,2.877253181873566,2.415664998008271,1.8498191313036183,-0.5658458667046529
nextgen_prospective__nextgen_prospective_003__cluster_3water__equilibrium,-2.824894953156283,1.5362352347739894,3.421699990810545,0.17894601178474084,-3.242753979025804
nextgen_prospective__nextgen_prospective_003__cluster_3water__equilibrium,-0.5885828228750783,2.9293172018749982,3.345389120957609,3.7234785325568103,0.37808941159920106
nextgen_prospective__nextgen_prospective_003__cluster_3water__equilibrium,-2.6395116834402326,2.845774684771591,2.687984198364468,1.5501218032481938,-1.1378623951162743
nextgen_prospective__nextgen_prospective_003__cluster_3water__equilibrium,-1.3361299223446936,3.4482159571255186,2.371993713089715,2.426949183162174,0.05495547007245882
nextgen_prospective__nextgen_prospective_003__cluster_3water__equilibrium,-3.140337217141383,2.0845476798503846,3.68806839995095,1.6432376245131066,-2.0448307754378434
nextgen_prospective__nextgen_prospective_003__cluster_3water__equilibrium,-0.08049079407858926,2.6864530693050943,4.285252512082227,5.469437425412306,1.1841849133300792
nextgen_prospective__nextgen_prospective_003__cluster_3water__equilibrium,-2.2369226347727946,3.2330888677844647,1.9583697802829647,1.349372927432779,-0.6089968528501857
nextgen_prospective__nextgen_prospective_003__cluster_3water__equilibrium,-0.8801869083180952,3.1197512726686174,2.094807102113627,2.579755563409887,0.48494846129626
nextgen_prospective__nextgen_prospective_003__cluster_3water__equilibrium,-2.600964279477426,2.4454659481523575,1.4613678943233843,0.14288048947510038,-1.318487404848284
nextgen_prospective__nextgen_prospective_003__cluster_3water__equilibrium,-0.38362661673790627,2.0540399746914706,1.4503089723447715,2.6846705136531006,1.234361541308329
nextgen_prospective__nextgen_prospective_003__cluster_3water__equilibrium,-1.6071264755691654,2.5901509249602515,0.9191433810444849,0.6797723690883272,-0.23937101195615773
nextgen_prospective__nextgen_prospective_003__cluster_3water__equilibrium,-2.0061675855813594,1.9828694049987343,1.9720393185074236,0.9358150600673478,-1.0362242584400758
nextgen_prospective__nextgen_prospective_003__cluster_3water__equilibrium,-0.5139186458224305,2.103036744041659,2.8263497016611794,2.4476254017257526,-0.3787242999354268
nextgen_prospective__nextgen_prospective_003__cluster_3water__equilibrium,-2.051144912598696,0.6318531302062008,0.4234387868455869,-2.4227951361743143,-2.846233923019901
nextgen_prospective__nextgen_prospective_003__cluster_3water__equilibrium,-1.8458820615135214,3.188091251601867,2.2706366781828358,1.8334074005404963,-0.43722927764233943
nextgen_prospective__nextgen_prospective_003__cluster_3water__equilibrium,-0.33192244803285564,3.255030705889422,3.22562783662228,3.354521007993363,0.1288931713710828
nextgen_prospective__nextgen_prospective_003__cluster_3water__equilibrium,-2.9688309830451973,3.1476188981850415,2.76729252624186,2.058309459201382,-0.708983067040478
nextgen_prospective__nextgen_prospective_003__cluster_3water__equilibrium,-1.293054433065218,3.9221862483543757,2.2277858236177117,2.2315363999350626,0.0037505763173508733
nextgen_prospective__nextgen_prospective_003__cluster_3water__equilibrium,-3.6127495263752465,2.168898463286348,4.829552552561456,4.06729900078215,-0.7622535517793061
nextgen_prospective__nextgen_prospective_003__cluster_3water__equilibrium,0.321338731848345,2.942776821156689,4.535442283158719,5.409644228612566,0.874201945453847
nextgen_prospective__nextgen_prospective_003__cluster_3water__equilibrium,-2.4512164919013477,3.645594276344451,1.9065744448711897,1.5088827966104223,-0.3976916482607673
nextgen_prospective__nextgen_prospective_003__cluster_3water__equilibrium,-0.7068419864595913,3.4998745111955047,1.9765461380023552,2.298018911098389,0.32147277309603384
nextgen_prospective__nextgen_prospective_003__cluster_3water__equilibrium,-2.9192700350930165,2.6329362368174567,1.5394737875960018,0.677609790652528,-0.8618639969434738
nextgen_prospective__nextgen_prospective_003__cluster_3water__equilibrium,-0.06840732585649156,2.1296742709391725,1.3342609799948946,2.170874480861114,0.8366135008662194
nextgen_prospective__nextgen_prospective_003__cluster_3water__equilibrium,-2.244826911301924,0.7764745652501057,-1.8312926638892613,-4.095068021017998,-2.263775357128737
nextgen_prospective__nextgen_prospective_003__cluster_3water__equilibrium,-1.6414785729252535,2.8189597784276046,0.8394575263603876,0.665043339615395,-0.17441418674499265
nextgen_prospective__nextgen_prospective_003__cluster_3water__equilibrium,-1.0625637898279492,1.4399251054580342,-0.8733415452657489,-0.8512752936844754,0.02206625158127351
nextgen_prospective__nextgen_prospective_003__cluster_3water__equilibrium,0.5359252979060797,1.405309904470513,5.383207624830799,4.5107018695589165,-0.8725057552718827
nextgen_prospective__nextgen_prospective_003__cluster_3water__equilibrium,1.6965633621630245,1.4987733903927873,6.007656639090975,4.3207940464063,-1.6868625926846743
nextgen_prospective__nextgen_prospective_003__cluster_3water__equilibrium,0.6605918166255097,2.342704674050727,6.308749060628394,6.048163609994633,-0.2605854506337604
nextgen_prospective__nextgen_prospective_003__cluster_3water__equilibrium,2.0265447174262365,0.5537641777991459,2.9881995195024658,1.1271791152323773,-1.8610204042700884
nextgen_prospective__nextgen_prospective_003__cluster_3water__equilibrium,-0.21281290012134932,2.3112261769487517,4.862899031614631,6.346626999853208,1.4837279682385764
nextgen_prospective__nextgen_prospective_003__cluster_3water__equilibrium,1.09056886097419,2.913667449302679,5.1295734451333175,6.644652522221289,1.5150790770879716
nextgen_prospective__nextgen_prospective_003__cluster_3water__equilibrium,0.18977614854608899,2.698540359961625,4.24295319146939,5.286511123122325,1.043557931652935
nextgen_prospective__nextgen_prospective_003__cluster_3water__equilibrium,2.411389271118496,0.7218885604735418,0.6091994128629707,-0.3391230254339414,-0.9483224382969122
nextgen_prospective__nextgen_prospective_003__cluster_3water__equilibrium,-0.174265496158542,1.9109174403295184,1.492481348104313,2.865023780717649,1.372542432613336
nextgen_prospective__nextgen_prospective_003__cluster_3water__equilibrium,2.043072166580977,1.519491466868631,2.1139250047816915,2.131008224145396,0.017083219363704494
nextgen_prospective__nextgen_prospective_003__cluster_3water__equilibrium,0.8195723077497181,2.055602417137412,2.247734640557386,2.9583005330893943,0.7105658925320082
nextgen_prospective__nextgen_prospective_003__cluster_3water__equilibrium,1.2698393612698433,0.9830198937166349,-0.4142843720504885,0.14863486411739582,0.5629192361678843
nextgen_prospective__nextgen_prospective_003__cluster_3water__equilibrium,0.4205311977375237,1.4483208971758954,3.665118733184869,2.8288605338379815,-0.8362581993468874
nextgen_prospective__nextgen_prospective_003__cluster_3water__equilibrium,1.9127801374964526,1.5684882362188197,4.206505974178931,2.802249183228281,-1.40425679095065
nextgen_prospective__nextgen_prospective_003__cluster_3water__equilibrium,0.5808167218053624,2.6535427437790275,4.585554242136247,4.326308869752298,-0.2592453723839494
nextgen_prospective__nextgen_prospective_003__cluster_3water__equilibrium,2.3370418799777255,0.35347639145556603,1.0725692198878534,-0.5714171713423466,-1.6439863912302
nextgen_prospective__nextgen_prospective_003__cluster_3water__equilibrium,-0.5421321997263137,2.6130703903622026,3.7572641550700503,4.705988399282089,0.9487242442120385
nextgen_prospective__nextgen_prospective_003__cluster_3water__equilibrium,1.1336443502536657,3.387637740531537,3.9660541453763187,5.068303487983138,1.102249342606819
nextgen_prospective__nextgen_prospective_003__cluster_3water__equilibrium,-0.02451770858246415,3.1110457685216115,3.1262887873197975,3.8526514546437642,0.7263626673239667
nextgen_prospective__nextgen_prospective_003__cluster_3water__equilibrium,2.8318420204392023,0.5696363120369321,-0.5913751567314662,-1.5900498207867508,-0.9986746640552846
nextgen_prospective__nextgen_prospective_003__cluster_3water__equilibrium,1.7198567968592924,2.965326003372666,2.772718886047798,3.858371083614786,1.0856521975669882
nextgen_prospective__nextgen_prospective_003__cluster_3water__equilibrium,-0.4925712517741328,2.0983877289946165,0.9193089824526268,1.7091693856338517,0.7898604031812249
nextgen_prospective__nextgen_prospective_003__cluster_3water__equilibrium,2.358291457462392,1.595125763116333,1.359130592140545,1.4618222197134867,0.1026916275729417
nextgen_prospective__nextgen_prospective_003__cluster_3water__equilibrium,0.18187187201695923,0.24192605742726636,-3.351922681462227,-2.8687418247378975,0.48318085672432964
nextgen_prospective__nextgen_prospective_003__cluster_3water__equilibrium,0.7852202103936303,2.284411270604766,1.4346187832985358,1.9676028380651063,0.5329840547665705
nextgen_prospective__nextgen_prospective_003__cluster_3water__equilibrium,1.3641349934909344,0.9053765976351946,-0.9616111581944864,-0.48087687388022154,0.48073428431426485
nextgen_prospective__nextgen_prospective_003__cluster_3water__equilibrium,2.4112347189062224,-0.8970146320298382,-3.949532636597919,-5.084055467967098,-1.1345228313691793
nextgen_prospective__nextgen_prospective_003__cluster_3water__equilibrium,1.215614289191349,-2.0412685539018613,-6.167122158274196,-7.303742613123948,-1.1366204548497514
nextgen_prospective__nextgen_prospective_003__cluster_3water__equilibrium,2.7412160741694347,-1.8420238446234796,-6.239274333476708,-7.892045982255198,-1.65277164877849
nextgen_prospective__nextgen_prospective_003__cluster_3water__equilibrium,2.552787317187003,-0.0010193283704670823,-1.5629441676265898,-3.099020685292528,-1.5360765176659381
nextgen_prospective__nextgen_prospective_003__cluster_3water__equilibrium,1.7953887798927382,-2.6688040430552444,-6.919532909297921,-8.401601589569964,-1.482068680272043
nextgen_prospective__nextgen_prospective_003__cluster_3water__equilibrium,2.6749315917544316,-2.4752683546977794,-7.154123758075226,-8.527909015480432,-1.3737852574052063
nextgen_prospective__nextgen_prospective_003__cluster_3water__equilibrium,3.060879345983492,-0.2438834609403704,-4.120592825334057,-5.713918062075975,-1.5933252367419177
nextgen_prospective__nextgen_prospective_003__cluster_3water__equilibrium,1.2199410595207105,-2.727262820281391,-7.9659997321965825,-10.049551725558466,-2.0835519933618833
nextgen_prospective__nextgen_prospective_003__cluster_3water__equilibrium,3.126060627861694,-1.673899461949084,-7.0710051569147225,-8.57553367745699,-1.5045285205422676
nextgen_prospective__nextgen_prospective_003__cluster_3water__equilibrium,2.261183231743986,0.18941474242315248,-2.4704777135804434,-2.779430811509982,-0.3089530979295385
nextgen_prospective__nextgen_prospective_003__cluster_3water__equilibrium,2.049959257253377,-2.435037317845563,-7.22592967647806,-8.29828095741086,-1.0723512809328
nextgen_prospective__nextgen_prospective_003__cluster_3water__equilibrium,2.757743523324175,-0.8762965555539944,-5.705100355967829,-6.343548580714736,-0.6384482247469068
nextgen_prospective__nextgen_prospective_003__cluster_3water__equilibrium,1.0649727346443945,-1.9287852155343794,-7.850807658254411,-8.400481772661749,-0.5496741144073383
nextgen_prospective__nextgen_prospective_003__cluster_3water__equilibrium,1.534243664492916,-0.3401856052852137,-5.208867457590749,-4.403081622464703,0.8057858351260458
nextgen_prospective__nextgen_prospective_003__cluster_3water__equilibrium,1.9845107180130415,-1.412768128705991,-6.558383659062361,-6.751198999474536,-0.1928153404121744
nextgen_prospective__nextgen_prospective_003__cluster_3water__equilibrium,1.1352025544807214,-0.9474671252467302,-2.489199830821409,-2.8885094932702153,-0.39930966244880617
nextgen_prospective__nextgen_prospective_003__cluster_3water__equilibrium,2.6274514942396507,-0.8272997862038057,-2.4841804868378503,-3.6389555888536167,-1.1547751020157664
nextgen_prospective__nextgen_prospective_003__cluster_3water__equilibrium,1.090225227463385,-2.298483400039264,-4.93465162036788,-5.720909068431327,-0.7862574480634468
nextgen_prospective__nextgen_prospective_003__cluster_3water__equilibrium,1.2954880785485605,0.2577547213564018,1.951632894619415,0.7805940674221236,-1.1710388271972914
nextgen_prospective__nextgen_prospective_003__cluster_3water__equilibrium,3.051713236720923,-2.0423116309670593,-4.520536716017709,-5.8141922153345895,-1.2936554993168805
nextgen_prospective__nextgen_prospective_003__cluster_3water__equilibrium,2.8094476920292264,0.3246941756439573,0.12237979646556596,-1.7120139215827408,-1.8343937180483068
nextgen_prospective__nextgen_prospective_003__cluster_3water__equilibrium,1.835649572650885,-3.105314743236471,-5.498966448275411,-6.486924594756338,-0.9879581464809268
nextgen_prospective__nextgen_prospective_003__cluster_3water__equilibrium,2.9664903307587775,-2.856483143919731,-5.373095189376009,-6.071146924945002,-0.6980517355689928
nextgen_prospective__nextgen_prospective_003__cluster_3water__equilibrium,3.4627088719104266,0.012440290911224155,-2.3129570296296365,-4.0049629679108625,-1.692005938281226
nextgen_prospective__nextgen_prospective_003__cluster_3water__equilibrium,1.0957882178868497,-3.1804760282415163,-6.847412008440301,-8.183309651726436,-1.3358976432861347
nextgen_prospective__nextgen_prospective_003__cluster_3water__equilibrium,3.5465133771824,-1.8261517103856937,-5.23312861191183,-6.03442964123526,-0.8013010293234295
nextgen_prospective__nextgen_prospective_003__cluster_3water__equilibrium,2.43452815360249,0.5695379809500397,-0.772622654057642,-1.1987729544917554,-0.4261503004341134
nextgen_prospective__nextgen_prospective_003__cluster_3water__equilibrium,2.1629544721145635,-2.8047575251097383,-5.626267642882432,-6.241219872918814,-0.6149522300363817
nextgen_prospective__nextgen_prospective_003__cluster_3water__equilibrium,3.07296281420559,-0.8006622593062923,-3.969592360095753,-4.404053187397464,-0.4344608273017112
nextgen_prospective__nextgen_prospective_003__cluster_3water__equilibrium,0.8965432287601572,-2.1538619649953588,-6.447525948371613,-6.57908702118933,-0.13156107281771678
nextgen_prospective__nextgen_prospective_003__cluster_3water__equilibrium,1.4998915671368283,-0.11137675181786004,-3.740827897722898,-3.0925939430710296,0.6482339546518685
nextgen_prospective__nextgen_prospective_003__cluster_3water__equilibrium,2.0788063502341325,-1.490411424787431,-4.962425268737913,-4.99957383568372,-0.03714856694580693
nextgen_prospective__nextgen_prospective_003__cluster_3water__equilibrium,-0.509825860829864,-2.7574307811601964,-4.703201458524653,-5.106869428083758,-0.40366796955910544
nextgen_prospective__nextgen_prospective_003__cluster_3water__equilibrium,0.6508122034270806,-2.663967295237922,-5.145283805315426,-6.014036859018483,-0.868753053703057
nextgen_prospective__nextgen_prospective_003__cluster_3water__equilibrium,-0.5448082262877926,-3.8082212171099448,-4.349380435938688,-4.525942385119952,-0.17656194918126378
nextgen_prospective__nextgen_prospective_003__cluster_3water__equilibrium,0.9807935586902928,-3.6089765078315637,-4.799474349755695,-5.504830334309254,-0.7053559845535595
nextgen_prospective__nextgen_prospective_003__cluster_3water__equilibrium,-1.443947328573343,-3.161053958679559,-5.476926033871621,-5.376047426114983,0.1008786077566377
nextgen_prospective__nextgen_prospective_003__cluster_3water__equilibrium,0.03496626441359617,-4.435756706263328,-4.25115186853775,-4.494258927553701,-0.24310705901595053
nextgen_prospective__nextgen_prospective_003__cluster_3water__equilibrium,1.5181309425729266,-2.917021286881173,-6.681323042838638,-8.152211850191573,-1.4708888073529351
nextgen_prospective__nextgen_prospective_003__cluster_3water__equilibrium,-1.3184824278877147,-4.025324917915304,-4.808304880929537,-4.65902998592954,0.1492748949999969
nextgen_prospective__nextgen_prospective_003__cluster_3water__equilibrium,0.9145090762752901,-4.242221017905863,-4.676373441809822,-5.188840279916809,-0.5124668381069863
nextgen_prospective__nextgen_prospective_003__cluster_3water__equilibrium,-0.5404814559584312,-4.494215483489474,-4.457916745993273,-4.506756545482027,-0.0488397994887535
nextgen_prospective__nextgen_prospective_003__cluster_3water__equilibrium,1.3656381123825525,-3.4408521251571678,-5.9351890133121366,-6.8547124438635505,-0.919523430551414
nextgen_prospective__nextgen_prospective_003__cluster_3water__equilibrium,-1.5234999210951075,-3.4757370806303363,-5.730794015683216,-5.45067312848326,0.2801208871999563
nextgen_prospective__nextgen_prospective_003__cluster_3water__equilibrium,0.2895367417742354,-4.2019899810536465,-4.770805248119903,-5.049082571520267,-0.2782773234003644
nextgen_prospective__nextgen_prospective_003__cluster_3water__equilibrium,0.9973210078450335,-2.6432492187620786,-7.2555650890175905,-8.2672439047532,-1.0116788157356087
nextgen_prospective__nextgen_prospective_003__cluster_3water__equilibrium,-0.6954497808347473,-3.695737878742463,-5.16271590249362,-5.160163406688265,0.00255249580535466
nextgen_prospective__nextgen_prospective_003__cluster_3water__equilibrium,0.2240882025338997,-3.1797207919140744,-5.764816052575394,-6.05744825733196,-0.2926322047565657
nextgen_prospective__nextgen_prospective_003__cluster_3water__equilibrium,-0.6252199609984199,-2.7144197884548142,-3.829009974703368,-4.12103238544541,-0.2920224107420424
nextgen_prospective__nextgen_prospective_003__cluster_3water__equilibrium,0.8670289787605093,-2.59425244941189,-4.172870225450875,-4.792791805505839,-0.6199215800549638
nextgen_prospective__nextgen_prospective_003__cluster_3water__equilibrium,-0.6701972880157565,-4.065436063247347,-3.597708127742738,-3.729983995354645,-0.13227586761190713
nextgen_prospective__nextgen_prospective_003__cluster_3water__equilibrium,1.2912907212417817,-3.8092642941751427,-3.9630137556465606,-4.508648663853372,-0.5456349082068117
nextgen_prospective__nextgen_prospective_003__cluster_3water__equilibrium,-1.8262332766686076,-3.2333638738368515,-4.839926993091659,-4.6552436564800725,0.1846833366115863
nextgen_prospective__nextgen_prospective_003__cluster_3water__equilibrium,0.07522705717174327,-4.872267406444555,-3.502936628603681,-3.6882011078823025,-0.18526447927862133
nextgen_prospective__nextgen_prospective_003__cluster_3water__equilibrium,1.9821530719480251,-2.9196075815246414,-6.080798947059929,-7.22506008929774,-1.144261142237811
nextgen_prospective__nextgen_prospective_003__cluster_3water__equilibrium,-1.6649212615013709,-4.344569392854238,-4.120319087696611,-3.9545248693090356,0.16579421838757558
nextgen_prospective__nextgen_prospective_003__cluster_3water__equilibrium,1.206067815279635,-4.623435807127814,-3.8730191256677315,-4.251624531462167,-0.3786054057944357
nextgen_prospective__nextgen_prospective_003__cluster_3water__equilibrium,-0.6646342975922921,-4.9474286914496,-3.718186086097308,-3.739465066356823,-0.021278980259515023
nextgen_prospective__nextgen_prospective_003__cluster_3water__equilibrium,1.786090861703259,-3.5931043735937775,-5.121735961797214,-5.78460113087929,-0.6628651690820764
nextgen_prospective__nextgen_prospective_003__cluster_3water__equilibrium,-1.9285151813394479,-3.6379564592021367,-5.07498022306363,-4.743970437211224,0.33100978585240615
nextgen_prospective__nextgen_prospective_003__cluster_3water__equilibrium,0.40253195663542174,-4.571710188317822,-3.964485667426132,-4.1525353271759595,-0.18804965974982757
nextgen_prospective__nextgen_prospective_003__cluster_3water__equilibrium,1.3125402987264483,-2.567614922514376,-6.4575134866928785,-7.025960713262292,-0.5684472265694138
nextgen_prospective__nextgen_prospective_003__cluster_3water__equilibrium,-0.8638792867189844,-3.920814628203443,-4.358191773850439,-4.312722506694843,0.04546926715559607
nextgen_prospective__nextgen_prospective_003__cluster_3water__equilibrium,-0.26053094834231355,-1.8783294150259435,-6.233465162972518,-5.9504971125483035,0.28296805042421447
nextgen_prospective__nextgen_prospective_003__cluster_3water__equilibrium,0.3183838347549906,-3.257364087995515,-4.85438853676845,-4.987737212192502,-0.1333486754240516
nextgen_prospective__nextgen_prospective_003__cluster_3water__equilibrium,-7.25248684030122,0.6526532857202105,1.4717890261661815,3.632339194425087,2.1605501682589057
nextgen_prospective__nextgen_prospective_003__cluster_3water__equilibrium,-5.782345292242424,0.7710403678884249,2.650984630410136,5.359949912458058,2.708965282047922
nextgen_prospective__nextgen_prospective_003__cluster_3water__equilibrium,-7.296797836547929,-0.6783479331494708,1.08436185894778,3.124723044297891,2.040361185350111
nextgen_prospective__nextgen_prospective_003__cluster_3water__equilibrium,-7.094575916589943,1.8400199938551478,1.890756826694151,3.6705978045005323,1.7798409778063813
nextgen_prospective__nextgen_prospective_003__cluster_3water__equilibrium,-5.3643689089090225,-0.42597130139685396,0.29068736073512014,5.029794441312346,4.7391070805772255
nextgen_prospective__nextgen_prospective_003__cluster_3water__equilibrium,-8.435707366109627,0.14139726086235124,1.4836618414411085,3.033529348886803,1.5498675074456947
nextgen_prospective__nextgen_prospective_003__cluster_3water__equilibrium,-5.603045334420102,1.9059677525236276,4.459880841696684,6.214990161551118,1.7551093198544336
nextgen_prospective__nextgen_prospective_003__cluster_3water__equilibrium,-6.562416814992838,-1.4732262194104224,0.12213872656996472,0.9985090466292659,0.8763703200593012
nextgen_prospective__nextgen_prospective_003__cluster_3water__equilibrium,-8.200888557802632,1.8001472308593127,1.5081120020128402,2.84464338030157,1.3365313782887296
nextgen_prospective__nextgen_prospective_003__cluster_3water__equilibrium,-8.276785158574498,-0.9533459541695919,1.5000894013263988,2.5719863039042075,1.0718969025778087
nextgen_prospective__nextgen_prospective_003__cluster_3water__equilibrium,-6.549938327081614,2.563239509174287,2.7002439465770856,3.864686231194637,1.1644422846175515
nextgen_prospective__nextgen_prospective_003__cluster_3water__equilibrium,-8.83526756715742,0.8359263579591182,1.4578430818934507,2.334215168111798,0.8763720862183475
nextgen_prospective__nextgen_prospective_003__cluster_3water__equilibrium,-7.291317260797405,-1.5472740038968746,1.0184727433428797,0.7634102970475622,-0.2550624462953175
nextgen_prospective__nextgen_prospective_003__cluster_3water__equilibrium,-7.6909424294905415,2.290745196008953,1.7700872010086854,2.4618222616342877,0.6917350606256023
nextgen_prospective__nextgen_prospective_003__cluster_3water__equilibrium,-8.536473983303862,-0.2572013602752995,1.5891096901410329,1.8893628145710082,0.3002531244299753
nextgen_prospective__nextgen_prospective_003__cluster_3water__equilibrium,-5.97241050931459,2.1471842421955465,3.6575678634487296,4.33301870251188,0.6754508390631502
nextgen_prospective__nextgen_prospective_003__cluster_3water__equilibrium,-6.239960877002695,-1.1771217008114934,-0.128767401930574,0.06036698173586151,0.18913438366643553
nextgen_prospective__nextgen_prospective_003__cluster_3water__equilibrium,-5.343434139979684,0.797283264757827,3.8978532888491735,5.480312501027037,1.5824592121778638
nextgen_prospective__nextgen_prospective_003__cluster_3water__equilibrium,-7.487610472307406,-0.535869037883994,1.377695078829344,1.5183729486653585,0.1406778698360145
nextgen_prospective__nextgen_prospective_003__cluster_3water__equilibrium,-6.893200627832612,1.476357135098282,2.1134391762327454,2.1742169458240737,0.0607777695913283
nextgen_prospective__nextgen_prospective_003__cluster_3water__equilibrium,-6.322862360040454,0.11775260543196477,1.4965189538336254,2.230808206847067,0.7342892530134417
nextgen_prospective__nextgen_prospective_003__cluster_3water__equilibrium,-7.398652700514725,0.7071338764803617,1.1583495462064164,2.593523704882597,1.4351741586761806
nextgen_prospective__nextgen_prospective_003__cluster_3water__equilibrium,-5.508470710153414,0.859345839268066,2.1257123736742045,3.755975324192654,1.6302629505184494
nextgen_prospective__nextgen_prospective_003__cluster_3water__equilibrium,-7.455623981403351,-1.0041534049235148,0.6198147535547704,1.9729031817886782,1.3530884282339077
nextgen_prospective__nextgen_prospective_003__cluster_3water__equilibrium,-7.1956243700287965,2.2337482155109956,1.6322567074440464,2.815560119027937,1.1833034115838905
nextgen_prospective__nextgen_prospective_003__cluster_3water__equilibrium,-4.97107250301047,-0.6796691640987216,-0.7674024350881048,2.289535766123945,3.05693820121205
nextgen_prospective__nextgen_prospective_003__cluster_3water__equilibrium,-8.919936233696962,0.04980470166311408,1.0422411925730124,2.100701787796643,1.0584605952236306
nextgen_prospective__nextgen_prospective_003__cluster_3water__equilibrium,-5.277942192953286,2.318538190941899,3.8560567430523385,4.768208598341213,0.9121518552888741
nextgen_prospective__nextgen_prospective_003__cluster_3water__equilibrium,-6.511419810832518,-2.0261397729733104,-0.60715536823297,0.3873525089784695,0.9945078772114395
nextgen_prospective__nextgen_prospective_003__cluster_3water__equilibrium,-8.618026337302252,2.1824832345163503,1.2636479688605817,2.177392152384893,0.9137441835243112
nextgen_prospective__nextgen_prospective_003__cluster_3water__equilibrium,-8.715607681151795,-1.3577222890922418,0.8761602182798534,1.582157152205139,0.7059969339252856
nextgen_prospective__nextgen_prospective_003__cluster_3water__equilibrium,-6.495376040660945,3.163601878064175,2.357546907764352,3.0791683337006717,0.7216214259363198
nextgen_prospective__nextgen_prospective_003__cluster_3water__equilibrium,-5.079021517229189,-1.7109530805054385,-6.0908053021417885,-2.442068960589598,3.6487363415521905
nextgen_prospective__nextgen_prospective_003__cluster_3water__equilibrium,-9.433656492186984,0.9427706836446719,1.0999587278917033,1.7053973797412176,0.6054386518495143
nextgen_prospective__nextgen_prospective_003__cluster_3water__equilibrium,-7.448577526866962,-2.1213440673130344,0.18976107180446178,0.31001267931975934,0.12025160751529756
nextgen_prospective__nextgen_prospective_003__cluster_3water__equilibrium,-7.962381315186711,2.813252046851602,1.502416609203916,1.9815831169760358,0.4791665077721199
nextgen_prospective__nextgen_prospective_003__cluster_3water__equilibrium,-9.049493312946694,-0.4626792397995799,1.0137769050801992,1.2717032701786228,0.2579263650984236
nextgen_prospective__nextgen_prospective_003__cluster_3water__equilibrium,-5.7528402749604854,2.628673677662937,2.999974111688619,3.287317217024926,0.2873431053363067
nextgen_prospective__nextgen_prospective_003__cluster_3water__equilibrium,-6.096833604845191,-1.6454339633461152,-1.2404529165821465,-0.594371117337331,0.6460817992448156
nextgen_prospective__nextgen_prospective_003__cluster_3water__equilibrium,-8.555249136562823,1.530551863450742,1.2260677327633474,1.1406152645117842,-0.08545246825156316
nextgen_prospective__nextgen_prospective_003__cluster_3water__equilibrium,-4.944156371529892,0.8930867066715829,2.168046742134333,2.934526361550604,0.7664796194162711
nextgen_prospective__nextgen_prospective_003__cluster_3water__equilibrium,-7.700954513094107,-0.8209662538679019,0.7143819961679121,0.8300027276384879,0.11562073147057583
nextgen_prospective__nextgen_prospective_003__cluster_3water__equilibrium,-6.936713284483656,1.7661816828235972,1.604354500690075,1.6703627519355844,0.06600825124550935
nextgen_prospective__nextgen_prospective_003__cluster_3water__equilibrium,-6.203421225893739,0.01940443039547409,0.6637312540860307,1.089245857883155,0.42551460379712425
nextgen_prospective__nextgen_prospective_003__cluster_3water__equilibrium,-8.697524901270961,0.31400647720590263,1.6483076545239506,2.8981569766447937,1.249849322120843
nextgen_prospective__nextgen_prospective_003__cluster_3water__equilibrium,-8.512141631554911,1.623545927203504,1.4464055648772955,2.3084444088945135,0.862038844017218
nextgen_prospective__nextgen_prospective_003__cluster_3water__equilibrium,-8.572060000585331,-0.5502644820298414,1.572564067731097,2.3058550143334506,0.7332909466023536
nextgen_prospective__nextgen_prospective_003__cluster_3water__equilibrium,-7.20875987045937,2.225987199557431,2.1489828664646993,3.039750880188209,0.8907680137235099
nextgen_prospective__nextgen_prospective_003__cluster_3water__equilibrium,-9.012967165256061,0.8623189222822978,1.286721158499038,1.5585070496851658,0.27178589118612795
nextgen_prospective__nextgen_prospective_003__cluster_3water__equilibrium,-7.794059028656047,-1.0191550476040132,1.3939537086340437,1.754286359628314,0.36033265099427036
nextgen_prospective__nextgen_prospective_003__cluster_3water__equilibrium,-8.10955258288747,2.0108601102163774,1.5168902483564395,1.691164912236536,0.1742746638800965
nextgen_prospective__nextgen_prospective_003__cluster_3water__equilibrium,-5.8879394603150645,0.03420831072829341,2.284826457338518,5.054972991058587,2.7701465337200695
nextgen_prospective__nextgen_prospective_003__cluster_3water__equilibrium,-8.777077493792726,-0.0006766447448741802,1.210283381555044,1.1957490334404284,-0.014534348114615625
nextgen_prospective__nextgen_prospective_003__cluster_3water__equilibrium,-6.752816856432772,1.8975225151005306,2.372387400732201,2.6968930803475453,0.32450567961534427
nextgen_prospective__nextgen_prospective_003__cluster_3water__equilibrium,-6.964040830923382,-0.7269295451681858,1.1140074373217068,1.5045581126529053,0.39055067533119847
nextgen_prospective__nextgen_prospective_003__cluster_3water__equilibrium,-8.473594227592102,1.2232371905842705,1.2755680784697354,1.0287786301272288,-0.2467894483425066
nextgen_prospective__nextgen_prospective_003__cluster_3water__equilibrium,-6.256256564852584,0.8318112171233834,2.3205744041465692,2.942856577778916,0.622282173632347
nextgen_prospective__nextgen_prospective_003__cluster_3water__equilibrium,-7.949027353532364,-0.22067744285700178,1.1412537238770781,1.0159854396358639,-0.12526828424121428
nextgen_prospective__nextgen_prospective_003__cluster_3water__equilibrium,-7.479756423683842,1.367922167392164,1.5418320323319357,1.3365875624306074,-0.20524446990132827
nextgen_prospective__nextgen_prospective_003__cluster_3water__equilibrium,-7.029489370163716,0.2953396439713869,1.3488620139572305,1.3906894501863125,0.04182743622908203
nextgen_prospective__nextgen_prospective_003__cluster_3water__equilibrium,-7.878797533696036,0.7606406474306475,1.6847117565581549,3.923050230579892,2.238338474021737
nextgen_prospective__nextgen_prospective_003__cluster_3water__equilibrium,-7.923774860713373,-0.5903756273618862,1.7194617303251114,3.5946202363162,1.8751585059910885
nextgen_prospective__nextgen_prospective_003__cluster_3water__equilibrium,-7.718512009628198,1.9658624940337794,1.701121543316475,3.244163107412929,1.543041564096454
nextgen_prospective__nextgen_prospective_003__cluster_3water__equilibrium,-9.079810849366226,0.24169656204861004,1.28275909996578,2.259923061331613,0.9771639613658327
nextgen_prospective__nextgen_prospective_003__cluster_3water__equilibrium,-6.204552396147533,2.032801948321335,3.4932286893627484,5.493551172324429,2.00032248296168
nextgen_prospective__nextgen_prospective_003__cluster_3water__equilibrium,-8.841460931159876,1.9253901406169547,1.2636276155366666,1.993925442901548,0.7302978273648815
nextgen_prospective__nextgen_prospective_003__cluster_3water__equilibrium,-8.918498834198989,-0.8695089569687761,1.105363603095988,1.6820909196118652,0.5767273165158773
nextgen_prospective__nextgen_prospective_003__cluster_3water__equilibrium,-7.1656843811798945,2.6999574907862893,2.0553954305979616,2.771391100137285,0.7159956695393235
nextgen_prospective__nextgen_prospective_003__cluster_3water__equilibrium,-9.485379474489923,0.9466697057182614,1.0315621562995148,1.3655857289861768,0.33402357268666205
nextgen_prospective__nextgen_prospective_003__cluster_3water__equilibrium,-5.551291216266333,1.7205480635886021,5.31377229380503,6.365104158367315,1.0513318645622851
nextgen_prospective__nextgen_prospective_003__cluster_3water__equilibrium,-7.918211870289908,-1.472368255564139,0.7903708372225537,1.0152532621400165,0.2248824249174628
nextgen_prospective__nextgen_prospective_003__cluster_3water__equilibrium,-8.323846440016025,2.4233655187763636,1.3249277540685611,1.5757408398122834,0.2508130857437223
nextgen_prospective__nextgen_prospective_003__cluster_3water__equilibrium,-5.467486710994359,-0.1180439377083153,0.8601091613957834,3.5564716377384222,2.696362476342639
nextgen_prospective__nextgen_prospective_003__cluster_3water__equilibrium,-9.182092754037066,-0.1628960233166743,0.882612951000894,1.0068686658562256,0.1242557148553316
nextgen_prospective__nextgen_prospective_003__cluster_3water__equilibrium,-6.5794719345742685,2.2776457536274175,2.17895575547411,2.438062436475122,0.2591066810010121
nextgen_prospective__nextgen_prospective_003__cluster_3water__equilibrium,-6.851045616062195,-1.096649752432361,0.3471699316812682,0.6599175983396313,0.31274766665836307
nextgen_prospective__nextgen_prospective_003__cluster_3water__equilibrium,-8.791899983207694,1.4107074792493692,1.0275252208966634,1.0058260960806131,-0.021699124816050297
nextgen_prospective__nextgen_prospective_003__cluster_3water__equilibrium,-5.941037273971169,0.9074455133710854,1.8684707888549923,2.307130419049362,0.4386596301943695
nextgen_prospective__nextgen_prospective_003__cluster_3water__equilibrium,-8.1174568594166,-0.4457541923179817,0.7392658671205865,0.7671959351369902,0.027930068016403742
nextgen_prospective__nextgen_prospective_003__cluster_3water__equilibrium,-7.5141085210399305,1.596731020859518,1.2517578735167234,1.2236739150630125,-0.028083958453710922
nextgen_prospective__nextgen_prospective_003__cluster_3water__equilibrium,-6.935193737942627,0.21769634788994693,0.8778977797083698,1.0018895650208681,0.12399178531249833
nextgen_prospective__nextgen_prospective_003__cluster_3water__equilibrium,-6.814638612072255,-0.2809499432529777,1.3798115023604396,4.9138127705108845,3.534001268150445
nextgen_prospective__nextgen_prospective_003__cluster_3water__equilibrium,-5.6540005478153095,-0.18748645733070274,1.420911742995301,6.069732538456973,4.648820795461672
nextgen_prospective__nextgen_prospective_003__cluster_3water__equilibrium,-6.849620977530183,-1.331740379202726,0.48876473377479357,1.9795800788124356,1.490815345037642
nextgen_prospective__nextgen_prospective_003__cluster_3water__equilibrium,-5.324019192552098,-1.1324956699243447,-2.8790040476569523,1.455510337042783,4.334514384699736
nextgen_prospective__nextgen_prospective_003__cluster_3water__equilibrium,-7.7487600798157334,-0.6845731207723404,1.841045507763095,3.9025662914034323,2.0615207836403373
nextgen_prospective__nextgen_prospective_003__cluster_3water__equilibrium,-6.269846486828794,-1.9592758683561091,-1.0482551790791383,-0.3249080781263136,0.7233471009528247
nextgen_prospective__nextgen_prospective_003__cluster_3water__equilibrium,-7.623295179130106,-1.5488440800080852,1.063688177068034,1.530261044889224,0.46657286782119
nextgen_prospective__nextgen_prospective_003__cluster_3water__equilibrium,-5.390303674967101,-1.765740179998644,-4.541170152007279,-1.901650567396335,2.6395195846109436
nextgen_prospective__nextgen_prospective_003__cluster_3water__equilibrium,-6.845294207200823,-2.017734645582255,-0.1453362018470905,-0.34571043361552517,-0.20037423176843466
nextgen_prospective__nextgen_prospective_003__cluster_3water__equilibrium,-7.828312672337497,-0.9992562427231172,1.5996851920467847,2.1362317382870146,0.5365465462402299
nextgen_prospective__nextgen_prospective_003__cluster_3water__equilibrium,-6.015276009468155,-1.7255091431464282,-1.6331252053571887,-1.060596163394232,0.5725290419629567
nextgen_prospective__nextgen_prospective_003__cluster_3water__equilibrium,-7.000262532077138,-1.2192570408352443,0.7193981649247227,0.8422713968120867,0.12287323188736399
nextgen_prospective__nextgen_prospective_003__cluster_3water__equilibrium,-6.080724548708491,-0.7032399540068557,0.19747253924595753,1.241402396067485,1.0439298568215274
nextgen_prospective__nextgen_prospective_003__cluster_3water__equilibrium,-6.93003271224081,-0.2379389505475951,1.1423672453689804,3.5531876891908216,2.4108204438218412
nextgen_prospective__nextgen_prospective_003__cluster_3water__equilibrium,-5.437783772481882,-0.11777161150467058,1.3089576502860467,4.565667743888344,3.2567100936022975
nextgen_prospective__nextgen_prospective_003__cluster_3water__equilibrium,-6.975010039258147,-1.5889552253401291,0.18777654944157618,1.4544484286227273,1.266671879181151
nextgen_prospective__nextgen_prospective_003__cluster_3water__equilibrium,-5.013522030000609,-1.3327834562679235,-3.144302094542084,0.12468284167061502,3.268984936212699
nextgen_prospective__nextgen_prospective_003__cluster_3water__equilibrium,-8.131046027910998,-0.7568830359296326,1.3473940117929573,2.7648217201458696,1.4174277083529123
nextgen_prospective__nextgen_prospective_003__cluster_3water__equilibrium,-5.255787574692307,1.0342223503430923,6.723141696997281,10.851130753480444,4.1279890564831625
nextgen_prospective__nextgen_prospective_003__cluster_3water__equilibrium,-6.229585694070647,-2.3957865685373365,-1.3183881102034611,-0.4132508571422846,0.9051372530611765
nextgen_prospective__nextgen_prospective_003__cluster_3water__equilibrium,-7.9697340127437615,-1.8680885549470196,0.6324629434089069,1.1402465405279902,0.5077835971190834
nextgen_prospective__nextgen_prospective_003__cluster_3water__equilibrium,-5.098744935962756,-2.1469549692205954,-4.8825787617339245,-2.6750145477363008,2.2075642139976237
nextgen_prospective__nextgen_prospective_003__cluster_3water__equilibrium,-8.536614653034698,-0.051909892259981695,1.8669284278094445,2.9769411002495634,1.110012672440119
nextgen_prospective__nextgen_prospective_003__cluster_3water__equilibrium,-6.969447048834683,-2.4709478535423814,-0.5151144695978438,-0.3106847417210437,0.20442972787680008
nextgen_prospective__nextgen_prospective_003__cluster_3water__equilibrium,-8.233327932581838,-1.1614756212949182,1.094567263771662,1.4347765050738663,0.3402092413022044
nextgen_prospective__nextgen_prospective_003__cluster_3water__equilibrium,-5.630707113119042,1.279066155649175,5.145828411459608,6.739954827875392,1.5941264164157847
nextgen_prospective__nextgen_prospective_003__cluster_3water__equilibrium,-5.902280794606968,-2.0952293504106034,-2.024303639581948,-1.2533477042408796,0.7709559353410684
nextgen_prospective__nextgen_prospective_003__cluster_3water__equilibrium,-7.1686920379613746,-1.4443337902962239,0.2728019372777446,0.477841387882048,0.2050394506043034
nextgen_prospective__nextgen_prospective_003__cluster_3water__equilibrium,-6.565343699584704,0.5981514228812752,2.0158912690764197,2.4669448322448733,0.4510535631684536
nextgen_prospective__nextgen_prospective_003__cluster_3water__equilibrium,-5.986428916487401,-0.7808832500882954,-0.33357504350384204,0.4887684717749316,0.8223435152787737
nextgen_prospective__nextgen_prospective_003__cluster_3water__equilibrium,2.1730183021664655,2.6461100747898696,3.5603698705664044,3.1557536962717267,-0.40461617429467767
nextgen_prospective__nextgen_prospective_003__cluster_3water__equilibrium,3.643159850225262,2.764497156958084,3.9491431410256794,4.317641687366607,0.3684985463409278
nextgen_prospective__nextgen_prospective_003__cluster_3water__equilibrium,2.1287073059197557,1.3151088559201882,3.5398269357793666,2.0270036823248314,-1.5128232534545352
nextgen_prospective__nextgen_prospective_003__cluster_3water__equilibrium,2.3309292258777434,3.833476782924807,3.61081361885196,3.824354347405112,0.21354072855315165
nextgen_prospective__nextgen_prospective_003__cluster_3water__equilibrium,4.061136233558663,1.5674854876728053,3.02794266110773,1.5947140722146418,-1.433228588893088
nextgen_prospective__nextgen_prospective_003__cluster_3water__equilibrium,0.9897977763580591,2.1348540499320103,6.356339753665452,5.6031253258244025,-0.7532144278410495
nextgen_prospective__nextgen_prospective_003__cluster_3water__equilibrium,3.822459808047584,3.8994245415932864,4.360111929734067,4.796755007478774,0.4366430777447068
nextgen_prospective__nextgen_prospective_003__cluster_3water__equilibrium,2.8630883274748484,0.5202305696592366,0.8544311725176001,-1.0903974029927572,-1.9448285755103574
nextgen_prospective__nextgen_prospective_003__cluster_3water__equilibrium,1.2246165846650552,3.7936040199289716,3.60719528278608,4.0390114205286825,0.43181613774260263
nextgen_prospective__nextgen_prospective_003__cluster_3water__equilibrium,4.741763586476666,2.443962100876632,4.0949349412979785,3.290014450442867,-0.8049204908551117
nextgen_prospective__nextgen_prospective_003__cluster_3water__equilibrium,2.8755668153860716,4.556696298243946,3.816025529783662,3.853860822918325,0.03783529313466305
nextgen_prospective__nextgen_prospective_003__cluster_3water__equilibrium,3.9771758891663263,0.7653757749120255,0.8892795336548076,-1.3427696200476877,-2.232049153702495
nextgen_prospective__nextgen_prospective_003__cluster_3water__equilibrium,0.5902375753102661,2.829383147028777,5.613421322451462,6.568060977227336,0.9546396547758746
nextgen_prospective__nextgen_prospective_003__cluster_3water__equilibrium,4.466043044523137,3.5917966403380768,4.299647485175306,3.7547420818401536,-0.5449054033351528
nextgen_prospective__nextgen_prospective_003__cluster_3water__equilibrium,2.1341878816702806,0.44618278517278465,0.5244856739583525,-0.41893930732675594,-0.9434249812851085
nextgen_prospective__nextgen_prospective_003__cluster_3water__equilibrium,1.7345627129771441,4.284201985078612,3.1234037954832594,3.5712163284362672,0.4478125329530078
nextgen_prospective__nextgen_prospective_003__cluster_3water__equilibrium,4.548606001568859,1.780443039060373,2.8548101651457714,1.7436580942382929,-1.1111520709074785
nextgen_prospective__nextgen_prospective_003__cluster_3water__equilibrium,3.4530946331530963,4.140641031265205,3.7141172705190684,3.4871030761092925,-0.22701419440977588
nextgen_prospective__nextgen_prospective_003__cluster_3water__equilibrium,3.185544265464991,0.8163350882581656,0.17553722782270853,-0.7528310556605294,-0.928368283483238
nextgen_prospective__nextgen_prospective_003__cluster_3water__equilibrium,1.273443296351278,3.286546286877943,2.7490099509566157,3.520093438958154,0.7710834880015383
nextgen_prospective__nextgen_prospective_003__cluster_3water__equilibrium,4.082071002488002,2.7907400538274856,3.3370487607733423,3.5983693913090775,0.2613206305357352
nextgen_prospective__nextgen_prospective_003__cluster_3water__equilibrium,1.93789467016028,1.4575877511856654,1.434286201335233,1.6089855597989247,0.17469935846369156
nextgen_prospective__nextgen_prospective_003__cluster_3water__equilibrium,2.5323045146350736,3.4698139241679415,2.599936289265248,2.9865237950301715,0.38658750576492373
nextgen_prospective__nextgen_prospective_003__cluster_3water__equilibrium,2.026852441952961,2.700590665550021,2.7202209861991733,2.306409795004839,-0.4138111911943345
nextgen_prospective__nextgen_prospective_003__cluster_3water__equilibrium,3.917034432314271,2.8528026283377246,2.746595297911991,2.5823994103581986,-0.16419588755379255
nextgen_prospective__nextgen_prospective_003__cluster_3water__equilibrium,1.969881161064335,0.9893033841461447,2.2611930107934164,1.0644138097356295,-1.196779201057787
nextgen_prospective__nextgen_prospective_003__cluster_3water__equilibrium,2.2298807724388903,4.227205004580655,2.8131844158796326,2.835295512658782,0.022111096779149353
nextgen_prospective__nextgen_prospective_003__cluster_3water__equilibrium,4.454432639457217,1.3137876249709375,1.8934269798212,0.6817591725339638,-1.2116678072872362
nextgen_prospective__nextgen_prospective_003__cluster_3water__equilibrium,0.505568908770724,2.0432614907327733,4.674995992957509,4.0408541727073,-0.6341418202502087
nextgen_prospective__nextgen_prospective_003__cluster_3water__equilibrium,4.147562949514399,4.311994980011558,3.090743320053768,3.125573362909034,0.03483004285526592
nextgen_prospective__nextgen_prospective_003__cluster_3water__equilibrium,2.9140853316351687,-0.032682983903650945,-1.0429302286567577,-2.7148453767855116,-1.671915148128754
nextgen_prospective__nextgen_prospective_003__cluster_3water__equilibrium,0.8074788051654339,4.175940023586009,2.992826627504108,3.164781836641947,0.17195520913783868
nextgen_prospective__nextgen_prospective_003__cluster_3water__equilibrium,5.329524950351792,2.4406861276615723,2.6957026064451384,1.9653982870384687,-0.7303043194066696
nextgen_prospective__nextgen_prospective_003__cluster_3water__equilibrium,2.9301291018067404,5.157058667133833,2.8634269936347323,2.837149797171536,-0.026277196463196262
nextgen_prospective__nextgen_prospective_003__cluster_3water__equilibrium,4.3464836252384975,0.28250370856422047,-0.4211345595326321,-2.7304676169937734,-2.3093330574611413
nextgen_prospective__nextgen_prospective_003__cluster_3water__equilibrium,-0.008151349719295643,2.936227472714331,4.1986385709140706,5.0361919722650486,0.837553401350978
nextgen_prospective__nextgen_prospective_003__cluster_3water__equilibrium,4.975027110697255,3.91647339268343,2.981930162769153,2.5771906949917978,-0.40473946777735526
nextgen_prospective__nextgen_prospective_003__cluster_3water__equilibrium,1.4631238272809763,4.8067088359212615,2.515514761642912,2.7427284136755405,0.22721365203262867
nextgen_prospective__nextgen_prospective_003__cluster_3water__equilibrium,5.081179484041755,1.5875901910406673,1.7258056203335315,0.852764387290383,-0.8730412330431485
nextgen_prospective__nextgen_prospective_003__cluster_3water__equilibrium,3.672664867507201,4.622130466732597,2.6854152980666512,2.5130529853502415,-0.17236231271640978
nextgen_prospective__nextgen_prospective_003__cluster_3water__equilibrium,3.3286715376224945,0.3480228257235438,-1.1472614540082304,-1.784094063952741,-0.6368326099445105
nextgen_prospective__nextgen_prospective_003__cluster_3water__equilibrium,0.8702560059048631,3.524008652520401,2.1499431633675847,2.610093681473064,0.46015051810547947
nextgen_prospective__nextgen_prospective_003__cluster_3water__equilibrium,4.481348770937795,2.886543495741241,2.1979726560723556,2.0935037482562713,-0.10446890781608431
nextgen_prospective__nextgen_prospective_003__cluster_3water__equilibrium,1.7245506293735793,1.1724905352017576,-0.06496359386032324,0.26266696892175345,0.3276305627820767
nextgen_prospective__nextgen_prospective_003__cluster_3water__equilibrium,2.488791857984029,3.7596384718932567,1.9363241249088503,2.130858104206855,0.19453397929800476
nextgen_prospective__nextgen_prospective_003__cluster_3water__equilibrium,3.2220839165739483,2.012861219465133,1.1360079725153405,1.3112212226910096,0.17521325017566913
nextgen_prospective__nextgen_prospective_003__cluster_3water__equilibrium,2.989266977314364,2.7662751968352612,3.284784599249857,3.1026580533469774,-0.18212654590287958
nextgen_prospective__nextgen_prospective_003__cluster_3water__equilibrium,4.1499050415713095,2.859738682757535,3.071449944537452,3.022375680133389,-0.04907426440406315
nextgen_prospective__nextgen_prospective_003__cluster_3water__equilibrium,2.9542846118564356,1.7154847608855128,3.030096021357842,1.9369927432735166,-1.0931032780843255
nextgen_prospective__nextgen_prospective_003__cluster_3water__equilibrium,3.1139334960337943,3.7036699664154744,3.546313433523629,3.8049034155306405,0.25858998200701144
nextgen_prospective__nextgen_prospective_003__cluster_3water__equilibrium,4.479886396834521,1.9147294701638944,2.74577206068205,1.9408561450086763,-0.8049159156733738
nextgen_prospective__nextgen_prospective_003__cluster_3water__equilibrium,2.055145509570885,2.3626520193158984,4.299317891771182,3.717075847822901,-0.5822420439482805
nextgen_prospective__nextgen_prospective_003__cluster_3water__equilibrium,4.291457639852089,3.755733986416906,3.476583025121549,3.6582478647659857,0.1816648396444367
nextgen_prospective__nextgen_prospective_003__cluster_3water__equilibrium,3.5340591025578245,1.0879492717321297,2.18241932113461,0.2784521466927674,-1.9039671744418425
nextgen_prospective__nextgen_prospective_003__cluster_3water__equilibrium,2.240528779286935,3.672191469313499,4.084631626746216,4.547586385788932,0.46295475904271655
nextgen_prospective__nextgen_prospective_003__cluster_3water__equilibrium,5.0172237807171545,2.6066846911142836,3.1665896256254378,2.6673165003123924,-0.49927312531304535
nextgen_prospective__nextgen_prospective_003__cluster_3water__equilibrium,3.543910540382474,4.274632741667427,4.055296635734784,4.192644411692044,0.13734777595725944
nextgen_prospective__nextgen_prospective_003__cluster_3water__equilibrium,4.413601914419519,1.2814849600895943,2.3866150232638716,0.43596752941268957,-1.9506474938511822
nextgen_prospective__nextgen_prospective_003__cluster_3water__equilibrium,4.799549668648578,3.512869853847003,3.772744052031207,3.464378937334145,-0.3083651146970623
nextgen_prospective__nextgen_prospective_003__cluster_3water__equilibrium,2.6431178279543732,4.059505652326373,4.6838164423137485,5.159450563477361,0.4756341211636128
nextgen_prospective__nextgen_prospective_003__cluster_3water__equilibrium,4.864730950526781,2.0828538528382903,3.3271204080467243,2.0317166657543573,-1.295403742292367
nextgen_prospective__nextgen_prospective_003__cluster_3water__equilibrium,3.9998535544090728,3.9461680572105267,4.608035551407319,4.196759481075791,-0.41127607033152813
nextgen_prospective__nextgen_prospective_003__cluster_3water__equilibrium,4.496413845989262,2.880456759233379,4.3574859850235015,3.605925563499107,-0.7515604215243945
nextgen_prospective__nextgen_prospective_003__cluster_3water__equilibrium,2.8738728771458075,2.8092861895406434,2.606570141487907,2.3019592455225024,-0.3046108959654048
nextgen_prospective__nextgen_prospective_003__cluster_3water__equilibrium,4.366121816904737,2.9294535285835677,2.3385400742736984,2.0963073952954514,-0.24223267897824696
nextgen_prospective__nextgen_prospective_003__cluster_3water__equilibrium,2.8288955501284714,1.45826991474811,2.271783028869656,1.2614900602893984,-1.0102929685802577
nextgen_prospective__nextgen_prospective_003__cluster_3water__equilibrium,3.034158401213647,4.014508036143775,2.836202877124716,2.8725906747869905,0.0363877976622744
nextgen_prospective__nextgen_prospective_003__cluster_3water__equilibrium,4.79038355938601,1.714441683820315,1.9494522427860872,1.1094752713042697,-0.8399769714818175
nextgen_prospective__nextgen_prospective_003__cluster_3water__equilibrium,1.672859561475621,2.290342104158606,4.018015143607556,3.3013755446307367,-0.7166395989768195
nextgen_prospective__nextgen_prospective_003__cluster_3water__equilibrium,4.548118014694312,4.081447490431331,2.687451568249344,2.6460152273191317,-0.04143634093021209
nextgen_prospective__nextgen_prospective_003__cluster_3water__equilibrium,3.574319895315972,0.651438571550903,1.055694585723188,-0.6650985819115649,-1.720793167634753
nextgen_prospective__nextgen_prospective_003__cluster_3water__equilibrium,1.9112094796819705,3.9740356827269494,3.4440892882554586,3.6389816940969744,0.1948924058415158
nextgen_prospective__nextgen_prospective_003__cluster_3water__equilibrium,5.481245910092254,2.6040983964708153,2.3401563265288416,1.785520838302701,-0.5546354882261406
nextgen_prospective__nextgen_prospective_003__cluster_3water__equilibrium,1.8341715766428572,1.1791365851412203,5.990674551574315,3.994935494537503,-1.9957390570368125
nextgen_prospective__nextgen_prospective_003__cluster_3water__equilibrium,3.5869860296619493,4.748603032896286,3.17637498685297,3.161931454744195,-0.014443532108775248
nextgen_prospective__nextgen_prospective_003__cluster_3water__equilibrium,4.705160653423864,0.9002701708676434,1.3075538882052484,-0.5441251180167181,-1.8516790062219666
nextgen_prospective__nextgen_prospective_003__cluster_3water__equilibrium,1.2672909363519211,2.9953152478282568,4.769456328500787,5.7913505571603565,1.0218942286595691
nextgen_prospective__nextgen_prospective_003__cluster_3water__equilibrium,5.201379194575512,3.769193605698598,2.8526096941852153,2.512865437424514,-0.3397442567607012
nextgen_prospective__nextgen_prospective_003__cluster_3water__equilibrium,2.834458540551936,0.5762772865458576,0.49758390043397327,-1.4437080302323944,-1.9412919306663676
nextgen_prospective__nextgen_prospective_003__cluster_3water__equilibrium,2.42882397082582,4.472011060886358,3.729102034487397,3.915783600499179,0.18668156601178199
nextgen_prospective__nextgen_prospective_003__cluster_3water__equilibrium,5.2851836998474875,1.9306016044016805,2.329435992083795,1.2801916825849946,-1.0492443094988002
nextgen_prospective__nextgen_prospective_003__cluster_3water__equilibrium,4.173198476267576,4.326291295737413,3.512881033415294,3.1572981224198844,-0.3555829109954094
nextgen_prospective__nextgen_prospective_003__cluster_3water__equilibrium,3.90162479477965,0.9519957896776354,1.1575024469916428,-0.5913812232224044,-1.7488836702140471
nextgen_prospective__nextgen_prospective_003__cluster_3water__equilibrium,4.811633136870676,2.956091055481081,3.2024867839330895,2.657265979614029,-0.5452208043190603
nextgen_prospective__nextgen_prospective_003__cluster_3water__equilibrium,3.2385618898019146,3.6453765629695134,3.9754723762097655,4.0666917115584145,0.09121933534864901
nextgen_prospective__nextgen_prospective_003__cluster_3water__equilibrium,4.215852507873683,1.4963982019608384,3.2193755371805466,0.8640618443185402,-2.3553136928620066
nextgen_prospective__nextgen_prospective_003__cluster_3water__equilibrium,3.2700252135969867,0.6696180035290736,0.279306455670536,-1.8143614713864902,-2.093667927057026
nextgen_prospective__nextgen_prospective_003__cluster_3water__equilibrium,4.753189891756317,2.1883534229112285,3.49905227871794,2.2984178154377353,-1.2006344632802048
nextgen_prospective__nextgen_prospective_003__cluster_3water__equilibrium,3.279876651421636,3.8563014734643715,5.009632513364615,4.883232284730123,-0.12640022863449207
nextgen_prospective__nextgen_prospective_003__cluster_3water__equilibrium,4.14956802545868,0.8631536918865388,0.8654491719655155,-0.644016011309255,-1.5094651832747705
nextgen_prospective__nextgen_prospective_003__cluster_3water__equilibrium,4.53551577968774,3.094538585643947,3.650423240098455,3.1792692731076864,-0.4711539669907685
nextgen_prospective__nextgen_prospective_003__cluster_3water__equilibrium,2.694577493224959,0.6111592263029274,-0.5084224744553723,-1.2904512446080294,-0.7820287701526571
nextgen_prospective__nextgen_prospective_003__cluster_3water__equilibrium,2.379083938993535,3.6411743841233175,3.316987583056985,3.884313747735047,0.5673261646780619
nextgen_prospective__nextgen_prospective_003__cluster_3water__equilibrium,4.600697061565943,1.6645225846352345,1.897046285903592,1.3226212917708804,-0.5744249941327115
nextgen_prospective__nextgen_prospective_003__cluster_3water__equilibrium,1.7115590280882829,1.629637629162066,2.575339567268742,2.9461581561867893,0.37081858891804753
nextgen_prospective__nextgen_prospective_003__cluster_3water__equilibrium,3.7358196654482345,3.52783678900747,3.2428059286244704,3.2437180146008506,0.0009120859763802613
nextgen_prospective__nextgen_prospective_003__cluster_3water__equilibrium,3.524595690957625,0.9033847287387549,0.2634158835199685,-0.1991233824941135,-0.46253926601408196
nextgen_prospective__nextgen_prospective_003__cluster_3water__equilibrium,2.015042294288904,2.85355146449121,2.2190995089044208,2.8184799033278174,0.5993803944233966
nextgen_prospective__nextgen_prospective_003__cluster_3water__equilibrium,4.2323799570284235,2.4621254910303243,2.1708312158401633,2.22124756203554,0.050416346195376605
nextgen_prospective__nextgen_prospective_003__cluster_3water__equilibrium,2.5396091683486426,1.4096368310499385,0.655585153589211,0.7567190958138096,0.1011339422245986
nextgen_prospective__nextgen_prospective_003__cluster_3water__equilibrium,3.008880098197164,2.9982364412991047,2.17584231885537,2.5429290163255835,0.3670866974702136
nextgen_prospective__nextgen_prospective_003__cluster_3water__equilibrium,3.4591471517172905,1.9256539178783274,1.3298150995106894,1.511098743153661,0.18128364364297167
nextgen_prospective__nextgen_prospective_003__cluster_3water__equilibrium,2.5648616611676336,1.039938646545054,3.0208460843468288,0.9397831321511085,-2.0810629521957202
nextgen_prospective__nextgen_prospective_003__cluster_3water__equilibrium,4.526349670425172,1.296110415617259,2.3228123322276417,0.44110793650529595,-1.8817043957223458
nextgen_prospective__nextgen_prospective_003__cluster_3water__equilibrium,4.284084125733474,3.6631162222282745,4.795809131937112,4.6175956817371215,-0.17821345019999058
nextgen_prospective__nextgen_prospective_003__cluster_3water__equilibrium,3.3102860063551334,0.23310730334784724,-1.2393374415395897,-3.230743293627347,-1.9914058520877571
nextgen_prospective__nextgen_prospective_003__cluster_3water__equilibrium,5.217212021131416,2.1857671282677593,2.6512082347478483,1.6804814496082459,-0.9707267851396024
nextgen_prospective__nextgen_prospective_003__cluster_3water__equilibrium,3.3229521407011116,4.33027176469323,4.048454484487429,3.8165136827880457,-0.23194080169938358
nextgen_prospective__nextgen_prospective_003__cluster_3water__equilibrium,4.441126764463026,0.48193890266458733,-0.026920576392974738,-1.5113437745853686,-1.4844231981923939
nextgen_prospective__nextgen_prospective_003__cluster_3water__equilibrium,1.003257047391083,2.576983979625201,5.07189002739139,6.486393281806297,1.4145032544149068
nextgen_prospective__nextgen_prospective_003__cluster_3water__equilibrium,4.9373453056146746,3.3508623374955424,2.833309366640613,2.3896847244155643,-0.4436246422250485
nextgen_prospective__nextgen_prospective_003__cluster_3water__equilibrium,2.570424651591098,0.1579460183428018,-2.50261784020811,-2.9746985778456003,-0.47208073763749026
nextgen_prospective__nextgen_prospective_003__cluster_3water__equilibrium,2.1647900818649823,4.053679792683305,2.8619658831794403,3.1928374497182594,0.3308715665388191
nextgen_prospective__nextgen_prospective_003__cluster_3water__equilibrium,5.021149810886649,1.5122703361986245,1.2664503163963836,0.6880423617340873,-0.5784079546622963
nextgen_prospective__nextgen_prospective_003__cluster_3water__equilibrium,1.3065437678439429,1.4674182505902653,1.5365316998141587,2.0521083233813795,0.5155766235672208
nextgen_prospective__nextgen_prospective_003__cluster_3water__equilibrium,3.909164587306738,3.907960027534357,2.558559027981744,2.4497027335189485,-0.10885629446279532
nextgen_prospective__nextgen_prospective_003__cluster_3water__equilibrium,3.637590905818812,0.5336645214745797,-0.5293548138243231,-0.9529389877624631,-0.42358417393813996
nextgen_prospective__nextgen_prospective_003__cluster_3water__equilibrium,1.6967365386733135,3.0410217531563095,1.8687730570881023,2.3086448540288407,0.4398717969407384
nextgen_prospective__nextgen_prospective_003__cluster_3water__equilibrium,4.547599247909838,2.537759787278025,1.5847172445981883,1.474848050732785,-0.10986919386540328
nextgen_prospective__nextgen_prospective_003__cluster_3water__equilibrium,2.3711796624644057,1.184560081588959,-0.07485210490099092,0.055203344050524975,0.13005544895151588
nextgen_prospective__nextgen_prospective_003__cluster_3water__equilibrium,2.9745280008410764,3.2270452947664574,1.681247869869562,1.861411758438559,0.1801638885689969
nextgen_prospective__nextgen_prospective_003__cluster_3water__equilibrium,3.553442783938381,1.848010621796887,0.7965702102188388,0.8286283380705536,0.0320581278517148
nextgen_prospective__nextgen_prospective_003__cluster_3water__equilibrium,4.517014459265698,-1.342231447923144,-0.5945531198516818,-1.6736393929749103,-1.0790862731232285
nextgen_prospective__nextgen_prospective_003__cluster_3water__equilibrium,5.987156007324495,-1.2238443657549294,0.2207482492013746,-0.8330628875751431,-1.0538111367765177
nextgen_prospective__nextgen_prospective_003__cluster_3water__equilibrium,4.472703463018989,-2.673232666792825,-1.1116947683307288,-1.6066460833919385,-0.4949513150612097
nextgen_prospective__nextgen_prospective_003__cluster_3water__equilibrium,4.674925382976976,-0.15486473978820636,0.049262404884231614,-1.5164883136449387,-1.5657507185291704
nextgen_prospective__nextgen_prospective_003__cluster_3water__equilibrium,6.405132390657896,-2.420856035040208,0.12088940907828416,-0.5074633783838126,-0.6283527874620968
nextgen_prospective__nextgen_prospective_003__cluster_3water__equilibrium,3.333793933457291,-1.853487472781003,-2.8863222778561237,-4.011636646023545,-1.1253143681674214
nextgen_prospective__nextgen_prospective_003__cluster_3water__equilibrium,6.166455965146817,-0.08891698111972686,0.5476128825288029,-0.8155941989961101,-1.363207081524913
nextgen_prospective__nextgen_prospective_003__cluster_3water__equilibrium,5.2070844845740805,-3.468110953053777,-0.782498668614906,-0.9204193290649082,-0.13792066045000217
nextgen_prospective__nextgen_prospective_003__cluster_3water__equilibrium,3.5686127417642877,-0.19473750278404148,-1.3018900392722799,-3.3116979672290907,-2.009807927956811
nextgen_prospective__nextgen_prospective_003__cluster_3water__equilibrium,7.085759743575899,-1.5443794218363815,0.39757964039655036,-0.37461750889785705,-0.7721971492944074
nextgen_prospective__nextgen_prospective_003__cluster_3water__equilibrium,3.4927161409924214,-2.948230687812946,-3.379037398806073,-3.6904521398927166,-0.3114147410866437
nextgen_prospective__nextgen_prospective_003__cluster_3water__equilibrium,5.219562972485305,0.5683547755309329,0.70149632990546,-1.1091534944139347,-1.8106498243193947
nextgen_prospective__nextgen_prospective_003__cluster_3water__equilibrium,6.32117204626556,-3.2229657478009885,-0.15322573241016713,-0.41873180371667784,-0.2655060713065107
nextgen_prospective__nextgen_prospective_003__cluster_3water__equilibrium,2.9342337324094983,-1.158958375684236,-7.335050781150265,-10.310514710126622,-2.9754639289763567
nextgen_prospective__nextgen_prospective_003__cluster_3water__equilibrium,6.810039201622369,-0.39654488237493635,0.4768296396995275,-0.3205527183174202,-0.7973823580169477
nextgen_prospective__nextgen_prospective_003__cluster_3water__equilibrium,4.478184038769513,-3.542158737540229,-1.8957444275464752,-1.6805422938231072,0.21520213372336805
nextgen_prospective__nextgen_prospective_003__cluster_3water__equilibrium,4.078558870076376,0.2958604623655988,-0.621664456230242,-2.789159650745876,-2.167495194515634
nextgen_prospective__nextgen_prospective_003__cluster_3water__equilibrium,6.892602158668092,-2.207898483652641,0.10700896609483479,-0.2854587065545513,-0.3924676726493861
nextgen_prospective__nextgen_prospective_003__cluster_3water__equilibrium,5.529540422564224,-3.172006434454848,-0.9131428586788282,-0.9136697805416444,-0.0005269218628162209
nextgen_prospective__nextgen_prospective_003__cluster_3water__equilibrium,3.6174394534505105,-0.7017952358350702,-4.148694250495133,-5.633131574372226,-1.484437323877093
nextgen_prospective__nextgen_prospective_003__cluster_3water__equilibrium,6.426067159587234,-1.1976014688855274,-0.06262374789889336,-0.2151461280256565,-0.15252238012676314
nextgen_prospective__nextgen_prospective_003__cluster_3water__equilibrium,4.281890827259513,-2.5307537715273485,-2.731798674789232,-2.671053249186502,0.060745425602729775
nextgen_prospective__nextgen_prospective_003__cluster_3water__equilibrium,4.876300671734307,-0.5185275985450718,-1.1691459692819706,-1.8993300372286055,-0.7301840679466349
nextgen_prospective__nextgen_prospective_003__cluster_3water__equilibrium,5.446638939526466,-1.8771321282113895,-1.0352516408906887,-1.2053364932061228,-0.17008485231543413
nextgen_prospective__nextgen_prospective_003__cluster_3water__equilibrium,4.370848599052194,-1.2877508571629928,-0.4719791379907967,-1.3084942196659086,-0.8365150816751119
nextgen_prospective__nextgen_prospective_003__cluster_3water__equilibrium,6.261030589413504,-1.1355388943752884,0.15834587408392053,-0.6190140636595464,-0.7773599377434669
nextgen_prospective__nextgen_prospective_003__cluster_3water__equilibrium,4.313877318163567,-2.999038138566869,-1.1141622018642217,-1.5808880088645991,-0.46672580700037747
nextgen_prospective__nextgen_prospective_003__cluster_3water__equilibrium,4.573876929538122,0.23886348186764159,0.44677107926904824,-0.7258970830407129,-1.172668162309761
nextgen_prospective__nextgen_prospective_003__cluster_3water__equilibrium,6.79842879655645,-2.6745538977420766,-0.0458333876514061,-0.5446498702030262,-0.49881648255162014
nextgen_prospective__nextgen_prospective_003__cluster_3water__equilibrium,2.8495650658699563,-1.9450800319802404,-2.73506132916701,-3.5936727423406247,-0.8586114131736147
nextgen_prospective__nextgen_prospective_003__cluster_3water__equilibrium,6.491559106613632,0.3236534572985443,0.6167195158304217,-0.3445131362885111,-0.9612326521189328
nextgen_prospective__nextgen_prospective_003__cluster_3water__equilibrium,5.258081488734402,-4.021024506616665,-0.8862586843849662,-1.1044123797738927,-0.21815369538892648
nextgen_prospective__nextgen_prospective_003__cluster_3water__equilibrium,3.151474962264666,0.187598500872996,-0.07245448662462906,-1.7497926537185702,-1.6773381670939411
nextgen_prospective__nextgen_prospective_003__cluster_3water__equilibrium,7.673521107451024,-1.5476553950514407,0.2387754963240063,-0.3354275481886262,-0.5742030445126325
nextgen_prospective__nextgen_prospective_003__cluster_3water__equilibrium,3.053893618415123,-3.3526070227355955,-3.4254783211880024,-3.893757545189389,-0.46827922400138666
nextgen_prospective__nextgen_prospective_003__cluster_3water__equilibrium,5.274125258905974,1.1687171444208204,1.4732807440438478,0.09761403618171738,-1.3756667078621305
nextgen_prospective__nextgen_prospective_003__cluster_3water__equilibrium,6.69047978233773,-3.705837814148793,-0.3400148418255533,-0.5983107545303539,-0.25829591270480057
nextgen_prospective__nextgen_prospective_003__cluster_3water__equilibrium,7.319023267796487,-0.07186813002958303,0.43553051300859735,-0.18640860117783994,-0.6219391141864373
nextgen_prospective__nextgen_prospective_003__cluster_3water__equilibrium,4.320923772699957,-4.116228800956389,-1.9342634718833018,-1.9871361984752545,-0.052872726591952635
nextgen_prospective__nextgen_prospective_003__cluster_3water__equilibrium,3.807119984380209,0.8183673132082483,0.8805948308623357,-1.2545407381565685,-2.135135569018904
nextgen_prospective__nextgen_prospective_003__cluster_3water__equilibrium,7.425175641140988,-2.4007513316723466,-0.06097821359807298,-0.38850434948990503,-0.32752613589183205
nextgen_prospective__nextgen_prospective_003__cluster_3water__equilibrium,2.7200079866202254,-2.4575639734429346,-6.851794340199113,-7.972837928132764,-1.1210435879336504
nextgen_prospective__nextgen_prospective_003__cluster_3water__equilibrium,6.016661024606433,0.6337889440195827,0.5067227791499818,-0.18672817742084363,-0.6934509565708253
nextgen_prospective__nextgen_prospective_003__cluster_3water__equilibrium,5.672667694721726,-3.6403186969894703,-1.0047469583249757,-1.1068041574347236,-0.10205719910974786
nextgen_prospective__nextgen_prospective_003__cluster_3water__equilibrium,3.214252163004095,-0.4643328701926121,-3.8496346524610203,-4.674840059087718,-0.8252054066266981
nextgen_prospective__nextgen_prospective_003__cluster_3water__equilibrium,6.825344928037028,-1.1017980269717715,-0.11670453331147357,-0.37641536995579017,-0.2597108366443166
nextgen_prospective__nextgen_prospective_003__cluster_3water__equilibrium,4.068546786472813,-2.815850987511256,-2.659552269392851,-2.798403169168893,-0.13885089977604226
nextgen_prospective__nextgen_prospective_003__cluster_3water__equilibrium,4.8327880150832625,-0.228703050819757,-0.8262948818082982,-1.3562216619934504,-0.5299267801851522
nextgen_prospective__nextgen_prospective_003__cluster_3water__equilibrium,5.566080073673181,-1.97548030324788,-1.004273672942535,-1.202130794819224,-0.1978571218766889
nextgen_prospective__nextgen_prospective_003__cluster_3water__equilibrium,6.145477032281744,-0.6512452153583637,0.5603670585712095,-1.144799460644119,-1.7051665192153285
nextgen_prospective__nextgen_prospective_003__cluster_3water__equilibrium,5.109505486744231,0.1926860682995757,0.29666354543778084,-1.8358300707517592,-2.13249361618954
nextgen_prospective__nextgen_prospective_003__cluster_3water__equilibrium,6.287029630562527,0.24475008830100753,0.6200504681057595,-0.6200220575671164,-1.240072525672876
nextgen_prospective__nextgen_prospective_003__cluster_3water__equilibrium,4.23610076999737,0.16120757119760057,-0.6679857524618527,-3.170427146640297,-2.5024413941784442
nextgen_prospective__nextgen_prospective_003__cluster_3water__equilibrium,7.012795771427591,-0.9042992070016147,0.43895825322648463,-0.29039881168926707,-0.7293570649157517
nextgen_prospective__nextgen_prospective_003__cluster_3water__equilibrium,5.539482531092911,0.7636488435515281,0.8277278634247764,-0.5211914008647004,-1.348919264289477
nextgen_prospective__nextgen_prospective_003__cluster_3water__equilibrium,6.409173905129954,-2.229498938026305,0.2906564153919433,-0.07860556410377192,-0.36926197949571526
nextgen_prospective__nextgen_prospective_003__cluster_3water__equilibrium,6.7951216593590145,0.0018859557311042283,0.41319596895394994,-0.17257006721060994,-0.5857660361645599
nextgen_prospective__nextgen_prospective_003__cluster_3water__equilibrium,4.63868981866481,0.548521754210474,0.22780339554895335,-1.3183848123948654,-1.5461882079438187
nextgen_prospective__nextgen_prospective_003__cluster_3water__equilibrium,6.860302941237217,-1.4281300452776091,0.10181089236338536,-0.21238430039707096,-0.3141951927604563
nextgen_prospective__nextgen_prospective_003__cluster_3water__equilibrium,5.9954255451195095,0.43518415909462743,0.3590009096581248,-0.2774420351055944,-0.6364429447637192
nextgen_prospective__nextgen_prospective_003__cluster_3water__equilibrium,5.784201570628899,-2.189267901174089,-0.6114150362694915,-0.7275160193492634,-0.1161009830797719
nextgen_prospective__nextgen_prospective_003__cluster_3water__equilibrium,4.274648173960179,-0.23910116542163265,-1.6248757866490493,-2.7157080521711743,-1.090832265522125
nextgen_prospective__nextgen_prospective_003__cluster_3water__equilibrium,6.491985836699698,-0.6305271388825195,-0.03990354243255112,-0.3005930755979568,-0.26068953316540566
nextgen_prospective__nextgen_prospective_003__cluster_3water__equilibrium,4.799215048019916,-1.683015798862905,-1.8575532061477773,-2.1026307862865403,-0.24507758013876302
nextgen_prospective__nextgen_prospective_003__cluster_3water__equilibrium,5.268485977868439,-0.09441618861373886,-0.4192131832980728,-0.9767766713072612,-0.5575634880091884
nextgen_prospective__nextgen_prospective_003__cluster_3water__equilibrium,5.718753031388565,-1.1669987120345164,-0.6637119779702161,-0.9064735565635189,-0.24276157859330283
nextgen_prospective__nextgen_prospective_003__cluster_3water__equilibrium,4.869444867856244,-0.7016977085752556,-0.22536868128586462,-2.0164972680477944,-1.7911285867619298
nextgen_prospective__nextgen_prospective_003__cluster_3water__equilibrium,6.361693807615173,-0.5815303695323311,0.4745803427144146,-0.7683458475179854,-1.2429261902324
nextgen_prospective__nextgen_prospective_003__cluster_3water__equilibrium,5.029730391924083,0.5035241380278767,0.7027664381462628,-0.9416007320261022,-1.644367170172365
nextgen_prospective__nextgen_prospective_003__cluster_3water__equilibrium,6.785955550096445,-1.7965422142955847,0.43515487954692844,-0.39281777884754526,-0.8279726583944738
nextgen_prospective__nextgen_prospective_003__cluster_3water__equilibrium,6.543690005404749,0.570463592315432,0.7165030808677919,-0.26834244181622713,-0.984845522684019
nextgen_prospective__nextgen_prospective_003__cluster_3water__equilibrium,3.9067814703924064,0.46305178461105173,0.18330079255335363,-2.0525053216899267,-2.2358061142432804
nextgen_prospective__nextgen_prospective_003__cluster_3water__equilibrium,7.47681790080269,-0.9068855016450831,0.3434900225238735,-0.27078317078065306,-0.6142731933045266
nextgen_prospective__nextgen_prospective_003__cluster_3water__equilibrium,5.582558020372386,1.2376191347803862,1.3354965857281798,0.1764091865827091,-1.1590873991454707
nextgen_prospective__nextgen_prospective_003__cluster_3water__equilibrium,6.700732644134299,-2.610713727248256,0.04923491129771307,-0.30665958759855555,-0.3558944988962686
nextgen_prospective__nextgen_prospective_003__cluster_3water__equilibrium,3.2628629270623564,-0.5156686502876423,-4.96310767711261,-7.1963825193792434,-2.233274842266633
nextgen_prospective__nextgen_prospective_003__cluster_3water__equilibrium,7.196951185285949,0.2582097075826992,0.4340334351935482,-0.10121514687691087,-0.5352485820704591
nextgen_prospective__nextgen_prospective_003__cluster_3water__equilibrium,4.830030531262373,-2.934706611570042,-1.6378743491944903,-1.1388903880206214,0.4989839611738689
nextgen_prospective__nextgen_prospective_003__cluster_3water__equilibrium,4.424395961536256,0.9610271627704611,1.1197257141049022,-0.3244140837261813,-1.4441397978310835
nextgen_prospective__nextgen_prospective_003__cluster_3water__equilibrium,7.280755690557923,-1.5803822937142187,0.010341743009956161,-0.3123009319368534,-0.32264267494680954
nextgen_prospective__nextgen_prospective_003__cluster_3water__equilibrium,3.566149647515216,-1.625234379322578,-5.13294086342686,-6.047839191813607,-0.9148983283867471
nextgen_prospective__nextgen_prospective_003__cluster_3water__equilibrium,6.168770466978013,0.8153073976215146,0.5313896626351067,-0.03795205989647796,-0.5693417225315847
nextgen_prospective__nextgen_prospective_003__cluster_3water__equilibrium,5.897196785490086,-2.558988108438264,-0.7393206027237476,-0.8898361293850178,-0.15051552666127022
nextgen_prospective__nextgen_prospective_003__cluster_3water__equilibrium,3.956342418344587,-0.05163087675653416,-1.4975644190879933,-2.3078196135364695,-0.8102551944484762
nextgen_prospective__nextgen_prospective_003__cluster_3water__equilibrium,6.8072051275811125,-0.554892842634818,-0.041978180529866904,-0.33427814654911986,-0.29229996601925295
nextgen_prospective__nextgen_prospective_003__cluster_3water__equilibrium,4.630785542135681,-1.9080925483238846,-1.9749733404115233,-2.1976892381759705,-0.22271589776444722
nextgen_prospective__nextgen_prospective_003__cluster_3water__equilibrium,5.234133880512351,0.13439266485361473,-0.27729968158096696,-0.742785368692708,-0.465485687111741
nextgen_prospective__nextgen_prospective_003__cluster_3water__equilibrium,5.8130486636096546,-1.244642008115956,-0.6765413389935304,-0.9238222113146588,-0.2472808723211284
nextgen_prospective__nextgen_prospective_003__cluster_3water__equilibrium,3.711764977705648,-1.4863104571589596,-2.098190376470299,-3.454638262462371,-1.3564478859920719
nextgen_prospective__nextgen_prospective_003__cluster_3water__equilibrium,3.67678261224772,-2.5371008931087085,-2.554842428276416,-3.1231223194891955,-0.5682798912127796
nextgen_prospective__nextgen_prospective_003__cluster_3water__equilibrium,3.836431496425078,-0.5489156875787458,-1.5839406255642174,-3.68639836294228,-2.1024577373780624
nextgen_prospective__nextgen_prospective_003__cluster_3water__equilibrium,2.7776435099621684,-1.8899336346783224,-5.026898207270314,-6.334166033600388,-1.307267826330074
nextgen_prospective__nextgen_prospective_003__cluster_3water__equilibrium,4.256557102949108,-3.1646363822620915,-1.9796027006808714,-1.7395994059868447,0.2400032946940267
nextgen_prospective__nextgen_prospective_003__cluster_3water__equilibrium,2.9630267796782186,-0.5803941846807211,-3.933609705923047,-5.859626388325467,-1.9260166824024205
nextgen_prospective__nextgen_prospective_003__cluster_3water__equilibrium,2.903108410647797,-2.754204593914067,-5.135767240364242,-5.971810798635088,-0.8360435582708465
nextgen_prospective__nextgen_prospective_003__cluster_3water__equilibrium,4.266408540773758,0.02204708767320655,-1.0610386623888246,-3.7758524642230364,-2.714813801834212
nextgen_prospective__nextgen_prospective_003__cluster_3water__equilibrium,3.6811093825770813,-3.2230951594882375,-3.405677741943336,-3.387280700317216,0.018397041626120103
nextgen_prospective__nextgen_prospective_003__cluster_3water__equilibrium,3.365615828345657,-0.1930800016678473,-3.2886913709821997,-5.234815015188976,-1.946123644206776
nextgen_prospective__nextgen_prospective_003__cluster_3water__equilibrium,2.698090917440404,-2.204616756629099,-7.973371706572863,-9.672116262727513,-1.6987445561546508
nextgen_prospective__nextgen_prospective_003__cluster_3water__equilibrium,4.511127580309748,-2.9308696570524106,-2.2202419040215915,-1.858461396409744,0.36178050761184744
nextgen_prospective__nextgen_prospective_003__cluster_3water__equilibrium,3.001574183641026,-0.9807029212999543,-6.859337249833786,-8.440631651907918,-1.581294402074132
nextgen_prospective__nextgen_prospective_003__cluster_3water__equilibrium,3.5261410577007646,-2.4246175547412268,-4.380232405673201,-4.7062986571842735,-0.3260662515110724
nextgen_prospective__nextgen_prospective_003__cluster_3water__equilibrium,3.995411987549286,-0.8360179444920606,-3.0396199412940916,-4.016703348098376,-0.977083406804284
nextgen_prospective__nextgen_prospective_003__cluster_3water__equilibrium,4.445679041069412,-1.908600467912838,-2.5248416255507777,-2.6906287125724164,-0.1657870870216387
nextgen_prospective__nextgen_prospective_003__cluster_3water__equilibrium,3.596370877537092,-1.4432994644535773,-1.5671381150235142,-2.6385161574072917,-1.0713780423837775
nextgen_prospective__nextgen_prospective_003__cluster_3water__equilibrium,5.0886198172960215,-1.3231321254106527,-0.1718348644663692,-1.5434072743811573,-1.3715724099147881
nextgen_prospective__nextgen_prospective_003__cluster_3water__equilibrium,3.5513935505197556,-2.794315739246111,-2.2117690544298796,-2.75650469730152,-0.5447356428716406
nextgen_prospective__nextgen_prospective_003__cluster_3water__equilibrium,3.7566564016049306,-0.23807761785044504,-0.6541781183093676,-2.300145649569315,-1.6459675312599473
nextgen_prospective__nextgen_prospective_003__cluster_3water__equilibrium,2.395357561866904,-1.962243549835615,-4.577090607263745,-5.544795585187017,-0.9677049779232716
nextgen_prospective__nextgen_prospective_003__cluster_3water__equilibrium,5.270616015085596,-0.17113816356288994,0.16336108984926767,-2.183377081456958,-2.346738171306226
nextgen_prospective__nextgen_prospective_003__cluster_3water__equilibrium,4.296817895707256,-3.601147082443318,-1.7501086087166051,-1.8123799555804845,-0.06227134686387936
nextgen_prospective__nextgen_prospective_003__cluster_3water__equilibrium,2.6337074800732543,-0.2785499712672703,-2.346578677661526,-3.820693389293986,-1.4741147116324598
nextgen_prospective__nextgen_prospective_003__cluster_3water__equilibrium,2.5566695770341408,-3.0734490688530003,-4.880969315620209,-5.6592146165432515,-0.7782453009230421
nextgen_prospective__nextgen_prospective_003__cluster_3water__equilibrium,4.309484030053234,0.496017378902065,0.30007016152477917,-1.9320433351252262,-2.2321134966500056
nextgen_prospective__nextgen_prospective_003__cluster_3water__equilibrium,5.427658653815148,-3.352315483126578,-0.6866013344648536,-0.5713621241176915,0.11523921034716211
nextgen_prospective__nextgen_prospective_003__cluster_3water__equilibrium,3.5569565409432204,-3.6763083674483634,-3.0954276005070724,-3.2517566455205786,-0.1563290450135062
nextgen_prospective__nextgen_prospective_003__cluster_3water__equilibrium,3.1513219712171034,0.21942540689213913,-1.7051284371900621,-3.3174518286440464,-1.6123233914539843
nextgen_prospective__nextgen_prospective_003__cluster_3water__equilibrium,6.007681700238771,-2.3219840495925403,-0.12280611316484169,-0.24992851346613984,-0.12712240030129815
nextgen_prospective__nextgen_prospective_003__cluster_3water__equilibrium,2.2930756571960638,-2.3668361352009,-8.1506427853415,-9.849864236505374,-1.699221451163874
nextgen_prospective__nextgen_prospective_003__cluster_3water__equilibrium,4.89569647665886,0.07370564174319266,-0.5102613065535166,-1.7825312177293393,-1.2722699111758227
nextgen_prospective__nextgen_prospective_003__cluster_3water__equilibrium,4.624122795170934,-3.300589864316586,-1.9418581737400409,-1.8883286921808113,0.05352948155922954
nextgen_prospective__nextgen_prospective_003__cluster_3water__equilibrium,2.683268428025435,-0.7932326326348559,-6.519849103043818,-7.497984325501696,-0.9781352224578779
nextgen_prospective__nextgen_prospective_003__cluster_3water__equilibrium,5.5341311372619595,-1.2964945985131395,-0.7825026047010297,-0.9594765665345087,-0.17697396183347902
nextgen_prospective__nextgen_prospective_003__cluster_3water__equilibrium,3.357711551816528,-2.6496943042022063,-3.9815702191603464,-4.3005744132266415,-0.3190041940662951
nextgen_prospective__nextgen_prospective_003__cluster_3water__equilibrium,3.9610598901931984,-0.6072090910247069,-2.323006020683138,-2.989472115233712,-0.6664660945505738
nextgen_prospective__nextgen_prospective_003__cluster_3water__equilibrium,4.539974673290502,-1.986243763994278,-2.106173910598752,-2.3181333782683193,-0.2119594676695673
