config_id,probe_index,projected_x_A,projected_y_A,nearest_atom_distance_A,qm_response_esp_hartree_per_e
nextgen_prospective__nextgen_prospective_003__cluster_3water__equilibrium,0,3.8905691341351103,-1.301003073037767,2.59,0.001567360644890492
nextgen_prospective__nextgen_prospective_003__cluster_3water__equilibrium,1,2.375871871001441,-0.3170384806885408,2.59,0.0006769750036736966
nextgen_prospective__nextgen_prospective_003__cluster_3water__equilibrium,2,3.1425127695732336,-2.7347560919628786,2.59,-0.0019490459553619388
nextgen_prospective__nextgen_prospective_003__cluster_3water__equilibrium,3,4.375951029006278,0.08384881388231158,2.59,0.003977430953364003
nextgen_prospective__nextgen_prospective_003__cluster_3water__equilibrium,4,1.1997260428480214,-1.3325130326233674,1.916133917904237,-0.002944638851111847
nextgen_prospective__nextgen_prospective_003__cluster_3water__equilibrium,5,4.801096667586628,-2.4925059163740855,1.5470161167984524,0.0011964128453891831
nextgen_prospective__nextgen_prospective_003__cluster_3water__equilibrium,6,2.784807746644118,1.039719470065728,1.811851556562677,0.002591732660297996
nextgen_prospective__nextgen_prospective_003__cluster_3water__equilibrium,7,1.8382573825072104,-3.121590762999126,2.4220941184327054,-0.004816630973449421
nextgen_prospective__nextgen_prospective_003__cluster_3water__equilibrium,8,5.477760439296476,-0.5589686301073687,1.8390826163673417,0.004878134385539745
nextgen_prospective__nextgen_prospective_003__cluster_3water__equilibrium,9,3.9381081588244804,-3.532632086936192,1.423868092750427,-0.002430606161183846
nextgen_prospective__nextgen_prospective_003__cluster_3water__equilibrium,10,4.120673367071768,1.2347657468118105,2.4102188759450827,0.004190364038670236
nextgen_prospective__nextgen_prospective_003__cluster_3water__equilibrium,11,2.4819977743707757,-3.5594200423611357,2.5899999999999994,-0.005462656701836988
nextgen_prospective__nextgen_prospective_003__cluster_3water__equilibrium,12,5.12460049271103,0.32306381449515653,2.59,0.005035717862681199
nextgen_prospective__nextgen_prospective_003__cluster_3water__equilibrium,13,3.1691947587212392,1.1859901079820157,1.8798099348153923,0.0017413597350270926
nextgen_prospective__nextgen_prospective_003__cluster_3water__equilibrium,14,1.5148260826529125,-2.5168452183954506,2.1463036447884303,-0.0058013062072848065
nextgen_prospective__nextgen_prospective_003__cluster_3water__equilibrium,15,4.980866781080673,-0.9714900400049511,2.1080889230223243,0.0032847144532661687
nextgen_prospective__nextgen_prospective_003__cluster_3water__equilibrium,16,1.6787464584155165,0.12889155624603604,1.960996244938113,-0.0024446189168711996
nextgen_prospective__nextgen_prospective_003__cluster_3water__equilibrium,17,3.1861043467778822,-2.5283650676360505,2.59,-0.0031221582050160457
nextgen_prospective__nextgen_prospective_003__cluster_3water__equilibrium,18,3.706555664175643,-0.024565875459967218,2.59,0.0009608954769233513
nextgen_prospective__nextgen_prospective_003__cluster_3water__equilibrium,19,2.2969018566445825,-1.140499781558204,2.59,-0.002815537777982602
nextgen_prospective__nextgen_prospective_003__cluster_3water__equilibrium,20,4.119795816569845,-1.3551162709092983,3.3300000000000005,0.0010367263650530312
nextgen_prospective__nextgen_prospective_003__cluster_3water__equilibrium,21,2.1723279068265553,-0.09001893788886431,3.202686248197698,0.0005147497617330465
nextgen_prospective__nextgen_prospective_003__cluster_3water__equilibrium,22,3.1580090621331456,-3.1985130095272996,3.33,-0.0012695474974102616
nextgen_prospective__nextgen_prospective_003__cluster_3water__equilibrium,23,4.743858252832774,0.4254075837022316,3.33,0.002640110006400409
nextgen_prospective__nextgen_prospective_003__cluster_3water__equilibrium,24,0.6601404134864441,-1.3956290760907846,2.290065621206781,-0.002570700872733589
nextgen_prospective__nextgen_prospective_003__cluster_3water__equilibrium,25,5.290474073864654,-2.8870484980559943,1.9154649254812197,0.0010273768855921794
nextgen_prospective__nextgen_prospective_003__cluster_3water__equilibrium,26,2.698102604081426,1.6543841416523384,2.0462480810024197,0.0022356214265886187
nextgen_prospective__nextgen_prospective_003__cluster_3water__equilibrium,27,1.4811092787625444,-3.6958718722881883,2.7889401390966886,-0.0036790363006073967
nextgen_prospective__nextgen_prospective_003__cluster_3water__equilibrium,28,6.160470351777317,-0.40107198714164344,2.1156162711359654,0.003046056610880754
nextgen_prospective__nextgen_prospective_003__cluster_3water__equilibrium,29,4.180917419741892,-4.224353574492987,1.78846759963098,-0.0011053757876919867
nextgen_prospective__nextgen_prospective_003__cluster_3water__equilibrium,30,4.415644116059831,1.9051579260401585,2.726773581818762,0.0029406264405533733
nextgen_prospective__nextgen_prospective_003__cluster_3water__equilibrium,31,2.3087754968728436,-4.258795231467915,3.1684381579626857,-0.00367388190686313
nextgen_prospective__nextgen_prospective_003__cluster_3water__equilibrium,32,5.706407563310313,0.7329697273473179,2.9997625555075738,0.003196285862723691
nextgen_prospective__nextgen_prospective_003__cluster_3water__equilibrium,33,4.938157372704177,-3.379402377498056,1.577432008866579,0.0007237169364162632
nextgen_prospective__nextgen_prospective_003__cluster_3water__equilibrium,34,3.1923144767520104,1.842446390401851,2.123603151490782,0.0013509569311405123
nextgen_prospective__nextgen_prospective_003__cluster_3water__equilibrium,35,1.0652690360927324,-2.918341886369177,2.4815900562233066,-0.00468302036712176
nextgen_prospective__nextgen_prospective_003__cluster_3water__equilibrium,36,5.521607076928424,-0.9314566570099634,2.147502453147729,0.002106388448439578
nextgen_prospective__nextgen_prospective_003__cluster_3water__equilibrium,37,1.2760238049303665,0.48331968102702033,2.3327597561055766,-0.002139572923663291
nextgen_prospective__nextgen_prospective_003__cluster_3water__equilibrium,38,3.21405537568198,-2.933153121107092,3.217108875079458,-0.0020200613460006345
nextgen_prospective__nextgen_prospective_003__cluster_3water__equilibrium,39,3.883207069479101,0.28601726883358736,3.33,0.000636919163702121
nextgen_prospective__nextgen_prospective_003__cluster_3water__equilibrium,40,2.0707950312248804,-1.1487548961498601,3.320270779688232,-0.0021788399289301985
nextgen_prospective__nextgen_prospective_003__cluster_3water__equilibrium,41,2.0063753111897187,-0.7489030266713839,2.38,-0.00043837952774872235
nextgen_prospective__nextgen_prospective_003__cluster_3water__equilibrium,42,0.6144913396614818,0.1552806527846619,2.285137163756966,-0.00045327748662948864
nextgen_prospective__nextgen_prospective_003__cluster_3water__equilibrium,43,1.3189721653761017,-2.066405800818784,2.165190101519473,-0.003407871796603512
nextgen_prospective__nextgen_prospective_003__cluster_3water__equilibrium,44,2.4524019172875478,0.5236635721200398,2.1332333548441054,0.0018433946224689635
nextgen_prospective__nextgen_prospective_003__cluster_3water__equilibrium,45,2.050059820363735,-2.7995891475510177,2.0080630223301688,-0.006987183068090097
nextgen_prospective__nextgen_prospective_003__cluster_3water__equilibrium,46,3.1403500731243477,0.7434827618723837,1.718838583950945,0.0028568939911233215
nextgen_prospective__nextgen_prospective_003__cluster_3water__equilibrium,47,1.3590292903749686,-1.876749183869807,2.2652882905434124,-0.00492962369110117
nextgen_prospective__nextgen_prospective_003__cluster_3water__equilibrium,48,1.8372818523080459,0.42403926299470246,2.2847044965473695,-0.0016334565157580805
nextgen_prospective__nextgen_prospective_003__cluster_3water__equilibrium,49,0.5419242994416661,-0.6014135155820557,2.38,-0.004085310020809807
nextgen_prospective__nextgen_prospective_003__cluster_3water__equilibrium,50,2.217016046400015,-0.7986286679587369,3.0450011479150225,-6.0131516402606167e-05
nextgen_prospective__nextgen_prospective_003__cluster_3water__equilibrium,51,0.4274509401494247,0.36389320562760785,2.8712810714969903,-2.5976375585212708e-05
nextgen_prospective__nextgen_prospective_003__cluster_3water__equilibrium,52,1.3332120017825075,-2.492560806148251,2.754395534227848,-0.0026147581700763922
nextgen_prospective__nextgen_prospective_003__cluster_3water__equilibrium,53,2.7904788256686532,0.8375283876302364,2.568946255987895,0.0019656396764853312
nextgen_prospective__nextgen_prospective_003__cluster_3water__equilibrium,54,-0.9621267564333802,-0.835856651098481,2.1004683397339288,-0.0032650399068026026
nextgen_prospective__nextgen_prospective_003__cluster_3water__equilibrium,55,3.292774444995245,-2.2063501739854305,1.9613699879190127,-0.002073176826751233
nextgen_prospective__nextgen_prospective_003__cluster_3water__equilibrium,56,0.9105952565457923,1.966858197638443,1.91925017568884,0.003271412668841567
nextgen_prospective__nextgen_prospective_003__cluster_3water__equilibrium,57,-0.2077229342877745,-2.9495932746312308,1.9500919529201861,-0.004866894691760937
nextgen_prospective__nextgen_prospective_003__cluster_3water__equilibrium,58,2.273181843909464,-3.4352251090896946,2.497475982132387,-0.005519579483208137
nextgen_prospective__nextgen_prospective_003__cluster_3water__equilibrium,59,0.5528352120838519,-3.4668741992828713,2.0562786989394164,-0.005477549662158854
nextgen_prospective__nextgen_prospective_003__cluster_3water__equilibrium,60,3.674983597458824,1.1201530601689647,2.132399314193523,0.0030759426785689215
nextgen_prospective__nextgen_prospective_003__cluster_3water__equilibrium,61,2.9690239628477797,-2.6587834686078655,2.1305526579258403,-0.005679534547392784
nextgen_prospective__nextgen_prospective_003__cluster_3water__equilibrium,62,1.3647358962971399,2.1396721559488054,1.585311915518293,0.0006888235020654498
nextgen_prospective__nextgen_prospective_003__cluster_3water__equilibrium,63,-0.5898464005248991,-2.2351062605434904,2.1102601625384625,-0.005724949154530368
nextgen_prospective__nextgen_prospective_003__cluster_3water__equilibrium,64,3.5051669342970886,-0.4093198335647535,2.23682746533913,0.00043039143212642017
nextgen_prospective__nextgen_prospective_003__cluster_3water__equilibrium,65,-0.3961798561876137,0.8907449094962585,2.125446098973545,-0.003223141980682076
nextgen_prospective__nextgen_prospective_003__cluster_3water__equilibrium,66,1.3847140196381933,-2.2487165843567096,2.856026437573137,-0.003822106081238008
nextgen_prospective__nextgen_prospective_003__cluster_3water__equilibrium,67,1.9996101706950076,0.7094399901833743,2.8125299725397843,-0.0009610329552920405
nextgen_prospective__nextgen_prospective_003__cluster_3water__equilibrium,68,0.33415045986680436,-0.6089992965581722,3.0600000000000005,-0.0032953886298594526
nextgen_prospective__nextgen_prospective_003__cluster_3water__equilibrium,69,1.7092091873847282,0.6068009166021624,2.38,0.0009168865216278022
nextgen_prospective__nextgen_prospective_003__cluster_3water__equilibrium,70,0.3173252158564913,1.5109845960582082,2.300309787607705,0.002303382445501878
nextgen_prospective__nextgen_prospective_003__cluster_3water__equilibrium,71,1.0218060415711112,-0.7107018575452378,1.875323059731444,-0.0019339379909792953
nextgen_prospective__nextgen_prospective_003__cluster_3water__equilibrium,72,2.1552357934825572,1.8793675153935858,1.8272923885459886,0.0022552375816768944
nextgen_prospective__nextgen_prospective_003__cluster_3water__equilibrium,73,0.6931041286092217,2.757735145399969,1.93397042281877,0.004857597689405413
nextgen_prospective__nextgen_prospective_003__cluster_3water__equilibrium,74,3.167709305641119,1.2886704047003663,1.6224453392488036,0.0031797547062613063
nextgen_prospective__nextgen_prospective_003__cluster_3water__equilibrium,75,1.920656320353548,2.936966859166639,1.4580044610971017,0.002827838709476893
nextgen_prospective__nextgen_prospective_003__cluster_3water__equilibrium,76,2.843183949319357,2.09918670514593,1.3891985372705171,0.0017406715525551952
nextgen_prospective__nextgen_prospective_003__cluster_3water__equilibrium,77,1.046324626193603,2.8921460018635843,1.8883613305146119,0.0021919173954350057
nextgen_prospective__nextgen_prospective_003__cluster_3water__equilibrium,78,2.711104322415785,0.9095966766863717,1.9789665727398271,0.00044809158689584905
nextgen_prospective__nextgen_prospective_003__cluster_3water__equilibrium,79,-0.3232765146278719,1.920758143511603,1.6948443936662774,-0.0007843810462340173
nextgen_prospective__nextgen_prospective_003__cluster_3water__equilibrium,80,1.0618631665699776,-0.5210452405962607,2.0018171660712776,-0.003961087871563684
nextgen_prospective__nextgen_prospective_003__cluster_3water__equilibrium,81,1.5401157285030556,1.7797432062682488,2.1104524152615567,-0.00018841463394281277
nextgen_prospective__nextgen_prospective_003__cluster_3water__equilibrium,82,0.2447581756366755,0.7542904276914905,2.38,-0.0027310066941779176
nextgen_prospective__nextgen_prospective_003__cluster_3water__equilibrium,83,1.9198499225950245,0.5570752753148094,3.06,0.0008663844011471689
nextgen_prospective__nextgen_prospective_003__cluster_3water__equilibrium,84,0.13028481634443417,1.7195971489011543,2.886220034555366,0.0018149525436021996
nextgen_prospective__nextgen_prospective_003__cluster_3water__equilibrium,85,1.036045877977517,-1.136856862874705,2.460100097596315,-0.001858208809442985
nextgen_prospective__nextgen_prospective_003__cluster_3water__equilibrium,86,2.493312701863662,2.1932323309037827,2.4572103119214717,0.0020562332372668912
nextgen_prospective__nextgen_prospective_003__cluster_3water__equilibrium,87,-1.2592928802383707,0.5198472921750654,2.1067810690723134,-0.001214385820687891
nextgen_prospective__nextgen_prospective_003__cluster_3water__equilibrium,88,0.6134291327408017,3.3225621409119888,2.3584292708062518,0.004076244059243894
nextgen_prospective__nextgen_prospective_003__cluster_3water__equilibrium,89,3.795064360353242,1.4337646171553573,2.2647976973546693,0.003411077171679544
nextgen_prospective__nextgen_prospective_003__cluster_3water__equilibrium,90,-1.5865850021075811,2.1384284812501786,1.3721924207085447,0.005288242154144029
nextgen_prospective__nextgen_prospective_003__cluster_3water__equilibrium,91,2.1917105221263644,3.5530029157548504,2.116135069857344,0.002500399969965983
nextgen_prospective__nextgen_prospective_003__cluster_3water__equilibrium,92,3.3778174736538333,2.4758570034425103,2.055760323145689,0.0018293282361199203
nextgen_prospective__nextgen_prospective_003__cluster_3water__equilibrium,93,1.0675697724921493,3.495376099222353,2.515874655950997,0.001983674843760941
nextgen_prospective__nextgen_prospective_003__cluster_3water__equilibrium,94,-0.8870125243298898,-0.8794023172699443,1.7963111440112236,-0.006350420090959652
nextgen_prospective__nextgen_prospective_003__cluster_3water__equilibrium,95,3.208000810492098,0.9463841097087927,2.6038701587155155,0.0008138942718840525
nextgen_prospective__nextgen_prospective_003__cluster_3water__equilibrium,96,-0.6933459799926044,2.2464488527698045,2.1086767577053678,-0.0004932022284132032
nextgen_prospective__nextgen_prospective_003__cluster_3water__equilibrium,97,1.087547895833203,-0.8930126410831631,2.5850826437053924,-0.003484546142462186
nextgen_prospective__nextgen_prospective_003__cluster_3water__equilibrium,98,1.7024440468900166,2.0651439334569206,2.7333988505600133,1.8904336712921577e-05
nextgen_prospective__nextgen_prospective_003__cluster_3water__equilibrium,99,0.03698433606181378,0.7467046467153741,2.970655979128049,-0.002316006968022144
nextgen_prospective__nextgen_prospective_003__cluster_3water__equilibrium,100,0.37056757075746044,0.9893193475639979,2.3442988806699976,0.0011526658797627043
nextgen_prospective__nextgen_prospective_003__cluster_3water__equilibrium,101,-1.0213164007707762,1.8935030270200437,2.225893964849153,0.002761206939266625
nextgen_prospective__nextgen_prospective_003__cluster_3water__equilibrium,102,-0.31683557505615645,-0.3281834265834022,2.1251354379013287,-0.002285661613103951
nextgen_prospective__nextgen_prospective_003__cluster_3water__equilibrium,103,0.8165941768552898,2.261885946355422,2.1165972225356624,0.0035854586428500923
nextgen_prospective__nextgen_prospective_003__cluster_3water__equilibrium,104,-2.1020990536685136,0.9603642495664194,1.722004153349628,-0.002173808812785616
nextgen_prospective__nextgen_prospective_003__cluster_3water__equilibrium,105,-0.6455374880180461,3.140253576361804,1.5916449357385598,0.006787236716328415
nextgen_prospective__nextgen_prospective_003__cluster_3water__equilibrium,106,-2.356659592900122,2.219260729958174,1.8836764194494837,0.0008558427768763366
nextgen_prospective__nextgen_prospective_003__cluster_3water__equilibrium,107,0.5820147037262805,3.3194852901284744,1.678886276718042,0.0055059947316453695
nextgen_prospective__nextgen_prospective_003__cluster_3water__equilibrium,108,-2.6057594813742235,1.5219646134437668,1.309231416705834,-0.005482158531698644
nextgen_prospective__nextgen_prospective_003__cluster_3water__equilibrium,109,-0.29231699043366466,3.27466443282542,1.562399856698924,0.003755182646842492
nextgen_prospective__nextgen_prospective_003__cluster_3water__equilibrium,110,-1.6619181312551394,2.303276574473439,1.935561351005345,-0.00063740481523622
nextgen_prospective__nextgen_prospective_003__cluster_3water__equilibrium,111,-0.27677845005728985,-0.13852680963442504,2.2859781042095104,-0.004817424616328836
nextgen_prospective__nextgen_prospective_003__cluster_3water__equilibrium,112,0.2014741118757878,2.1622616372300842,2.2469862158001024,-0.00020963818886077235
nextgen_prospective__nextgen_prospective_003__cluster_3water__equilibrium,113,-1.0938834409905922,1.1368088586533263,2.38,-0.0032136616754780967
nextgen_prospective__nextgen_prospective_003__cluster_3water__equilibrium,114,0.5812083059677567,0.9395937062766448,2.9313739275442305,0.000781995732348495
nextgen_prospective__nextgen_prospective_003__cluster_3water__equilibrium,115,-1.2083568002828335,2.1021155798629896,2.8484680201049857,0.0018009043972475602
nextgen_prospective__nextgen_prospective_003__cluster_3water__equilibrium,116,-0.30259573864975065,-0.7543384319128694,2.503125970482283,-0.002251037292708702
nextgen_prospective__nextgen_prospective_003__cluster_3water__equilibrium,117,1.1546710852363946,2.5757507618656184,2.552226766592607,0.00271917494176499
nextgen_prospective__nextgen_prospective_003__cluster_3water__equilibrium,118,-2.5979344968656384,0.9023657231369009,2.1353353702973115,-0.0022761520836058757
nextgen_prospective__nextgen_prospective_003__cluster_3water__equilibrium,119,-0.725212483886466,3.7050805718738244,1.6168278837540515,0.004608256060699034
nextgen_prospective__nextgen_prospective_003__cluster_3water__equilibrium,120,-2.925226618734849,2.5209469122120143,2.160488296596979,0.00012478592801823396
nextgen_prospective__nextgen_prospective_003__cluster_3water__equilibrium,121,0.8530689054990966,3.935521346716687,2.316798502784402,0.0038114163094831177
nextgen_prospective__nextgen_prospective_003__cluster_3water__equilibrium,122,2.039175857026565,2.8583754344043464,1.5969548961227966,0.0018541913387983833
nextgen_prospective__nextgen_prospective_003__cluster_3water__equilibrium,123,-3.2454979039158363,1.6244233338363476,1.7178349076890391,-0.004852373464658832
nextgen_prospective__nextgen_prospective_003__cluster_3water__equilibrium,124,-0.2710718441351184,3.8778945301841876,2.1274511111925545,0.0024963616292450475
nextgen_prospective__nextgen_prospective_003__cluster_3water__equilibrium,125,-2.225654140957157,-0.4968838863081087,2.0194284981004054,-0.006747722148418234
nextgen_prospective__nextgen_prospective_003__cluster_3water__equilibrium,126,1.8693591938648302,1.3289025406706285,2.0949446657180864,-0.00047777941746929287
nextgen_prospective__nextgen_prospective_003__cluster_3water__equilibrium,127,-2.031987596619872,2.6289672837316402,2.2415482093757193,-0.0005073789546172769
nextgen_prospective__nextgen_prospective_003__cluster_3water__equilibrium,128,-0.2510937207940651,-0.5104942101213277,2.7298403305871815,-0.004110861840217694
nextgen_prospective__nextgen_prospective_003__cluster_3water__equilibrium,129,0.36380243026274917,2.4476623644187567,2.8696808790256947,-6.896017543178701e-05
nextgen_prospective__nextgen_prospective_003__cluster_3water__equilibrium,130,-1.301657280565454,1.1292230776772096,3.0600000000000005,-0.0025612449336871457
nextgen_prospective__nextgen_prospective_003__cluster_3water__equilibrium,131,-0.6166164760161406,0.01019331733720398,2.38,-0.0014645380199675984
nextgen_prospective__nextgen_prospective_003__cluster_3water__equilibrium,132,-2.0085004475443773,0.9143769967932497,2.253258718067443,-0.0013014454793700558
nextgen_prospective__nextgen_prospective_003__cluster_3water__equilibrium,133,-1.3040196218297573,-1.307309456810196,1.8927269368234192,-0.00423836846629877
nextgen_prospective__nextgen_prospective_003__cluster_3water__equilibrium,134,-3.0892831004421146,-0.01876178066037472,1.8159013733366962,-0.005044438280001451
nextgen_prospective__nextgen_prospective_003__cluster_3water__equilibrium,135,-1.632721534791647,2.16112754613501,1.635197780339626,0.004202934556035487
nextgen_prospective__nextgen_prospective_003__cluster_3water__equilibrium,136,-2.5025245721066436,-1.6627791545191797,1.291529606003329,-0.006068852664573132
nextgen_prospective__nextgen_prospective_003__cluster_3water__equilibrium,137,-3.343843639673723,1.2401346997313802,1.4477398795996834,-0.006367592196777849
nextgen_prospective__nextgen_prospective_003__cluster_3water__equilibrium,138,-3.519559670108994,-0.7943075295742323,1.6741504768310314,-0.007181822241384417
nextgen_prospective__nextgen_prospective_003__cluster_3water__equilibrium,139,-2.5141393255918048,2.257963145288545,1.8173315448270706,-0.0007729958060993525
nextgen_prospective__nextgen_prospective_003__cluster_3water__equilibrium,140,-3.592943528147824,0.5428385832169726,1.3931738715866089,-0.0082844111411009
nextgen_prospective__nextgen_prospective_003__cluster_3water__equilibrium,141,-1.2795010372072653,2.2955384025986256,1.2731946840443926,0.0012549186865404849
nextgen_prospective__nextgen_prospective_003__cluster_3water__equilibrium,142,-2.799731712513296,-1.1070670324509375,1.9578479763102261,-0.006550072998279699
nextgen_prospective__nextgen_prospective_003__cluster_3water__equilibrium,143,0.3852786590149164,0.3129890774214133,1.7850200952853075,-0.00402731538223966
nextgen_prospective__nextgen_prospective_003__cluster_3water__equilibrium,144,-2.6491021780287407,1.3241505442466448,1.8742746265317534,-0.004562986467515628
nextgen_prospective__nextgen_prospective_003__cluster_3water__equilibrium,145,-1.263962496830891,-1.117652839861219,2.0136196858040027,-0.00598758990210424
nextgen_prospective__nextgen_prospective_003__cluster_3water__equilibrium,146,-0.7857099348978132,1.1831356070032903,2.1259759363795894,-0.0030450027524979717
nextgen_prospective__nextgen_prospective_003__cluster_3water__equilibrium,147,-2.081067487764193,0.15768282842653206,2.3075861176127876,-0.005165387234808083
nextgen_prospective__nextgen_prospective_003__cluster_3water__equilibrium,148,-0.4059757408058443,-0.03953232395014905,3.06,-0.0009443509341227063
nextgen_prospective__nextgen_prospective_003__cluster_3water__equilibrium,149,-2.1955408470564346,1.1229895496361957,2.8762044487706695,-0.0006322721155571642
nextgen_prospective__nextgen_prospective_003__cluster_3water__equilibrium,150,-1.2897797854233517,-1.7334644621396635,2.426892005645029,-0.0033064251609484785
nextgen_prospective__nextgen_prospective_003__cluster_3water__equilibrium,151,0.16748703846279367,1.5966247316388242,2.3510237501884217,0.0023901130682300042
nextgen_prospective__nextgen_prospective_003__cluster_3water__equilibrium,152,-3.585118543639239,-0.07676030708989305,2.2902379525075407,-0.003459161042873138
nextgen_prospective__nextgen_prospective_003__cluster_3water__equilibrium,153,0.6697826577893857,-1.447253829976843,1.65298378907315,-0.003879106469992788
nextgen_prospective__nextgen_prospective_003__cluster_3water__equilibrium,154,-1.7123965306600666,2.72595454164703,1.899225090812151,0.003806770638668411
nextgen_prospective__nextgen_prospective_003__cluster_3water__equilibrium,155,-2.830714721493634,-2.190496930622642,1.701948046410044,-0.0046299181335003325
nextgen_prospective__nextgen_prospective_003__cluster_3water__equilibrium,156,-4.138331276068085,-1.0738905556934246,2.3126456381826612,-0.005090756275888175
nextgen_prospective__nextgen_prospective_003__cluster_3water__equilibrium,157,-2.845647975974556,2.8504574548444324,1.460773435886159,0.0003078891068168943
nextgen_prospective__nextgen_prospective_003__cluster_3water__equilibrium,158,-4.232681950689438,0.6452973036095535,1.675134757110352,-0.005403723457442666
nextgen_prospective__nextgen_prospective_003__cluster_3water__equilibrium,159,-1.258255890908719,2.8987684999573937,1.684880235192354,0.0018138443912922853
nextgen_prospective__nextgen_prospective_003__cluster_3water__equilibrium,160,-3.212838187730758,-1.4760099165349025,2.383349079557203,-0.004895109490087535
nextgen_prospective__nextgen_prospective_003__cluster_3water__equilibrium,161,0.8821751470912291,0.3497765104438344,2.1284286416123086,-0.002929156275976119
nextgen_prospective__nextgen_prospective_003__cluster_3water__equilibrium,162,-3.019171643393473,1.6498412535048466,2.502268654753167,-0.0028992310083650885
nextgen_prospective__nextgen_prospective_003__cluster_3water__equilibrium,163,-1.238277767567666,-1.4896202403481218,2.5971980640843246,-0.004625404189098514
nextgen_prospective__nextgen_prospective_003__cluster_3water__equilibrium,164,-0.6233816165108519,1.4685363341919622,2.709167581380839,-0.001916230599313895
nextgen_prospective__nextgen_prospective_003__cluster_3water__equilibrium,165,-2.2888413273390547,0.15009704745041566,2.931062064332123,-0.0036961236139498865
nextgen_prospective__nextgen_prospective_003__cluster_3water__equilibrium,166,-0.2224751453433229,-1.3181174305357881,2.3338217581790817,-0.0029650470307136523
nextgen_prospective__nextgen_prospective_003__cluster_3water__equilibrium,167,-1.6143591168715596,-0.4139337510797424,2.2645941614582377,-0.0032028382388711307
nextgen_prospective__nextgen_prospective_003__cluster_3water__equilibrium,168,-0.9098782911569399,-2.635620204683188,2.1277949659611366,-0.003973961018243877
nextgen_prospective__nextgen_prospective_003__cluster_3water__equilibrium,169,0.22355146075450644,-0.04555083174436457,2.0737805291879297,-0.0014021691525019087
nextgen_prospective__nextgen_prospective_003__cluster_3water__equilibrium,170,-2.6951417697692968,-1.347072528533367,1.993229861405126,-0.004758312663393216
nextgen_prospective__nextgen_prospective_003__cluster_3water__equilibrium,171,-2.1083832414338257,-2.9910899023921718,1.4829284747299103,-0.004619494668838708
nextgen_prospective__nextgen_prospective_003__cluster_3water__equilibrium,172,-0.17879063616930713,-3.3688035514154215,1.920295656384952,-0.0054126026762775226
nextgen_prospective__nextgen_prospective_003__cluster_3water__equilibrium,173,-3.1254183394361763,-2.122618277447225,1.448648078419252,-0.005570656775680138
nextgen_prospective__nextgen_prospective_003__cluster_3water__equilibrium,174,-1.5168380164781166,-3.3934195104545593,1.5563750184686913,-0.0049719834938875
nextgen_prospective__nextgen_prospective_003__cluster_3water__equilibrium,175,-3.1988021974750063,-0.7854721646560193,1.635504319723213,-0.007621213628080881
nextgen_prospective__nextgen_prospective_003__cluster_3water__equilibrium,176,0.3624199007827157,-2.7649044977073327,1.6664953698060068,-0.006451737858491402
nextgen_prospective__nextgen_prospective_003__cluster_3water__equilibrium,177,-2.405590381840478,-2.4353777803239294,1.6289902894346027,-0.005295260765676879
nextgen_prospective__nextgen_prospective_003__cluster_3water__equilibrium,178,-2.254960847355923,-0.004160203626347378,1.7074000216772334,-0.007240248603016752
nextgen_prospective__nextgen_prospective_003__cluster_3water__equilibrium,179,-0.8698211661580733,-2.4459635877342114,2.211395423046029,-0.005083075633986578
nextgen_prospective__nextgen_prospective_003__cluster_3water__equilibrium,180,-0.39156860422499556,-0.1451751408697018,2.319121403073442,-0.004780847688965473
nextgen_prospective__nextgen_prospective_003__cluster_3water__equilibrium,181,-1.6869261570913756,-1.17062791944646,2.38,-0.005322830592631611
nextgen_prospective__nextgen_prospective_003__cluster_3water__equilibrium,182,-0.011834410133026663,-1.3678430718231411,2.926256542303575,-0.0020382782352030837
nextgen_prospective__nextgen_prospective_003__cluster_3water__equilibrium,183,-1.801399516383617,-0.20532119823679648,2.850603113680219,-0.0020670583912845153
nextgen_prospective__nextgen_prospective_003__cluster_3water__equilibrium,184,-0.895638454750534,-3.0617752100126556,2.750380913979528,-0.0030386067847505416
nextgen_prospective__nextgen_prospective_003__cluster_3water__equilibrium,185,0.5616283691356112,0.26831398376583215,2.3420766469169565,-0.00023697865327010348
nextgen_prospective__nextgen_prospective_003__cluster_3water__equilibrium,186,-3.1909772129664216,-1.405071054962885,2.61755750306404,-0.003566915956701333
nextgen_prospective__nextgen_prospective_003__cluster_3water__equilibrium,187,1.0639239884622036,-2.7755645778498343,2.1585667189431113,-0.004104103874335241
nextgen_prospective__nextgen_prospective_003__cluster_3water__equilibrium,188,-1.3182551999872492,1.3976437937740385,1.9326392525966392,0.0016861810368791197
nextgen_prospective__nextgen_prospective_003__cluster_3water__equilibrium,189,-2.436573390820816,-3.5188076784956346,2.1379648266462956,-0.003519647715222174
nextgen_prospective__nextgen_prospective_003__cluster_3water__equilibrium,190,-3.5182693348356326,0.21351013411222827,1.505899461294732,-0.007105462384755956
nextgen_prospective__nextgen_prospective_003__cluster_3water__equilibrium,191,0.044331387376422254,-4.004439512954098,2.5102118334187495,-0.004251324580108129
nextgen_prospective__nextgen_prospective_003__cluster_3water__equilibrium,192,-3.744189945395267,-2.4022013035664167,2.107530536817377,-0.0042061906494033074
nextgen_prospective__nextgen_prospective_003__cluster_3water__equilibrium,193,-1.6760152444491898,-4.0360886031472765,2.2040641756399166,-0.0038490277648723925
nextgen_prospective__nextgen_prospective_003__cluster_3water__equilibrium,194,-3.83854062001662,-0.6830134442634384,2.048827699488917,-0.005908928831040328
nextgen_prospective__nextgen_prospective_003__cluster_3water__equilibrium,195,0.7401735063147374,-3.2279978724722698,2.2651138989758217,-0.005101426514860563
nextgen_prospective__nextgen_prospective_003__cluster_3water__equilibrium,196,-2.8186968570579407,-2.804320664407895,2.2705269280500935,-0.004048069313173919
nextgen_prospective__nextgen_prospective_003__cluster_3water__equilibrium,197,1.276316477764047,-0.9785342374291578,2.1211661855715085,-0.004162032844702068
nextgen_prospective__nextgen_prospective_003__cluster_3water__equilibrium,198,-2.6250303127206553,0.32153050563185415,2.1228999264167765,-0.0052640523111739945
nextgen_prospective__nextgen_prospective_003__cluster_3water__equilibrium,199,-0.8441364368948485,-2.8179309882211143,2.833901674445484,-0.003943875110262063
nextgen_prospective__nextgen_prospective_003__cluster_3water__equilibrium,200,-0.22924028583803424,0.14022558631897006,2.8716306045765183,-0.003400424779870015
nextgen_prospective__nextgen_prospective_003__cluster_3water__equilibrium,201,-1.8946999966662372,-1.1782137004225763,3.019503095219148,-0.004019877484860768
nextgen_prospective__nextgen_prospective_003__cluster_3water__equilibrium,202,1.001450903877643,-1.7042281769538434,2.17,-0.002974870144877073
nextgen_prospective__nextgen_prospective_003__cluster_3water__equilibrium,203,-0.2676197760451614,-0.8798254103909782,2.11146307017571,-0.002961793803670787
nextgen_prospective__nextgen_prospective_003__cluster_3water__equilibrium,204,0.3747009768122862,-2.905480706323532,2.1700000000000004,-0.004092978627335597
nextgen_prospective__nextgen_prospective_003__cluster_3water__equilibrium,205,1.7643253237964822,-2.702514342992381,2.17,-0.004956382545125759
nextgen_prospective__nextgen_prospective_003__cluster_3water__equilibrium,206,-0.7180535366754627,-3.2295854307052525,1.8375043399744149,-0.00487051433133967
nextgen_prospective__nextgen_prospective_003__cluster_3water__equilibrium,207,1.0412808975363042,-3.573971404814686,2.17,-0.00514753124331957
nextgen_prospective__nextgen_prospective_003__cluster_3water__equilibrium,208,-0.17870347862761005,-3.5964153674680173,2.17,-0.0051361241878971065
nextgen_prospective__nextgen_prospective_003__cluster_3water__equilibrium,209,1.5347375635807958,-3.0233575617278987,2.17,-0.005983462358040814
nextgen_prospective__nextgen_prospective_003__cluster_3water__equilibrium,210,-0.9890365176344692,-2.722906731172443,1.6387323425507556,-0.0058262488439910776
nextgen_prospective__nextgen_prospective_003__cluster_3water__equilibrium,211,0.41122364960537044,-2.7325584967524055,2.17,-0.005206302446772781
nextgen_prospective__nextgen_prospective_003__cluster_3water__equilibrium,212,0.8472774560737647,-0.6347807951994704,1.9474653142458733,-0.004430876637613768
nextgen_prospective__nextgen_prospective_003__cluster_3water__equilibrium,213,-0.3337838421279346,-1.5697524462547503,2.17,-0.005431649626586932
nextgen_prospective__nextgen_prospective_003__cluster_3water__equilibrium,214,1.1935056918635012,-1.7495662616570182,2.79,-0.0019795724268147907
nextgen_prospective__nextgen_prospective_003__cluster_3water__equilibrium,215,-0.43815661089439006,-0.6896198475047628,2.634599783635158,-0.0020662107089481907
nextgen_prospective__nextgen_prospective_003__cluster_3water__equilibrium,216,0.38768435706518567,-3.2940337994180457,2.79,-0.003111911527898137
nextgen_prospective__nextgen_prospective_003__cluster_3water__equilibrium,217,1.7163688141378475,-0.25777600509060156,2.1218479977670723,-0.00022569835740693378
nextgen_prospective__nextgen_prospective_003__cluster_3water__equilibrium,218,-1.7051245107198885,-1.7835094227550201,1.9013429121491234,-0.0042279083474094925
nextgen_prospective__nextgen_prospective_003__cluster_3water__equilibrium,219,2.174344231759152,-3.0330770465637094,2.5873331569213494,-0.003942676929499456
nextgen_prospective__nextgen_prospective_003__cluster_3water__equilibrium,220,-1.0172857317047774,-3.710739873623115,2.2036989278230816,-0.0038931281111524996
nextgen_prospective__nextgen_prospective_003__cluster_3water__equilibrium,221,1.244715683710352,-4.1535218403352445,2.79,-0.004018608661992662
nextgen_prospective__nextgen_prospective_003__cluster_3water__equilibrium,222,-0.32383565707182405,-4.182378363746671,2.698953926919138,-0.004048602814109348
nextgen_prospective__nextgen_prospective_003__cluster_3water__equilibrium,223,1.879159968624698,-3.445589756366518,2.79,-0.004817440217784963
nextgen_prospective__nextgen_prospective_003__cluster_3water__equilibrium,224,-1.3656924215092143,-3.0592958313666463,1.9919558289456514,-0.004741371744985123
nextgen_prospective__nextgen_prospective_003__cluster_3water__equilibrium,225,2.3679962072990683,-1.3946082067683863,2.050318594934638,-0.004186535807235714
nextgen_prospective__nextgen_prospective_003__cluster_3water__equilibrium,226,-1.1891141016722777,-0.20925505868334596,1.9684922564639507,-0.006106717509540616
nextgen_prospective__nextgen_prospective_003__cluster_3water__equilibrium,227,0.4346420792277225,-3.0717052442551696,2.7899999999999996,-0.0040450137049026225
nextgen_prospective__nextgen_prospective_003__cluster_3water__equilibrium,228,0.9952826875442297,-0.3745624851156817,2.4666640307182965,-0.0032547240691465085
nextgen_prospective__nextgen_prospective_003__cluster_3water__equilibrium,229,-0.5232246958579555,-1.5766688936153268,2.7265493806014183,-0.0043377791106054
nextgen_prospective__nextgen_prospective_003__cluster_3water__equilibrium,230,2.277601768246071,1.4057295503147786,1.68,0.0021158412430701823
nextgen_prospective__nextgen_prospective_003__cluster_3water__equilibrium,231,1.2950954354026103,2.0439768534602223,1.6799999999999997,0.0030272238343496127
nextgen_prospective__nextgen_prospective_003__cluster_3water__equilibrium,232,2.5924440784327745,2.3040118553440188,1.68,0.002415664998008271
nextgen_prospective__nextgen_prospective_003__cluster_3water__equilibrium,233,2.8682142223767855,0.6328628411236527,1.68,0.003421699990810545
nextgen_prospective__nextgen_prospective_003__cluster_3water__equilibrium,234,1.5603511385221844,2.9240360647602888,1.6800000000000002,0.003345389120957609
nextgen_prospective__nextgen_prospective_003__cluster_3water__equilibrium,235,3.3071312634858767,1.887049188972334,1.6800000000000002,0.002687984198364468
nextgen_prospective__nextgen_prospective_003__cluster_3water__equilibrium,236,2.426858567988768,3.050552568595586,1.6800000000000002,0.002371993713089715
nextgen_prospective__nextgen_prospective_003__cluster_3water__equilibrium,237,3.3466390361961804,1.0055978692207257,1.68,0.00368806839995095
nextgen_prospective__nextgen_prospective_003__cluster_3water__equilibrium,238,0.9381738744279552,2.992390605339254,1.6799999999999997,0.004285252512082227
nextgen_prospective__nextgen_prospective_003__cluster_3water__equilibrium,239,3.0780545413763973,2.4591783422280264,1.68,0.0019583697802829647
nextgen_prospective__nextgen_prospective_003__cluster_3water__equilibrium,240,1.8096832544641006,3.0189143163816645,1.6799999999999997,0.002094807102113627
nextgen_prospective__nextgen_prospective_003__cluster_3water__equilibrium,241,2.984821863562112,1.6194677339036323,1.6800000000000002,0.0014613678943233843
nextgen_prospective__nextgen_prospective_003__cluster_3water__equilibrium,242,0.8429059785901184,2.333228769309678,1.68,0.0014503089723447715
nextgen_prospective__nextgen_prospective_003__cluster_3water__equilibrium,243,2.158241679623714,2.2336888136084867,1.68,0.0009191433810444849
nextgen_prospective__nextgen_prospective_003__cluster_3water__equilibrium,244,2.426289346041574,1.3706290976413529,2.16,0.0019720393185074236
nextgen_prospective__nextgen_prospective_003__cluster_3water__equilibrium,245,1.1630669180999813,2.191232773114067,2.16,0.0028263497016611794
nextgen_prospective__nextgen_prospective_003__cluster_3water__equilibrium,246,1.80242766748804,0.17491229421346025,1.9177334216928892,0.0004234387868455869
nextgen_prospective__nextgen_prospective_003__cluster_3water__equilibrium,247,2.8310866019959073,2.525563489821805,2.16,0.0022706366781828358
nextgen_prospective__nextgen_prospective_003__cluster_3water__equilibrium,248,1.5041099649680059,3.322737473357009,2.16,0.00322562783662228
nextgen_prospective__nextgen_prospective_003__cluster_3water__equilibrium,249,3.7499701256356106,1.9894686330582103,2.16,0.00276729252624186
nextgen_prospective__nextgen_prospective_003__cluster_3water__equilibrium,250,2.6181909457107557,3.485401549716676,2.16,0.0022277858236177117
nextgen_prospective__nextgen_prospective_003__cluster_3water__equilibrium,251,3.8007658334060013,0.8561740790918563,2.101688904483877,0.004829552552561456
nextgen_prospective__nextgen_prospective_003__cluster_3water__equilibrium,252,0.7041677682754252,3.410621882672822,1.7999786817115293,0.004535442283158719
nextgen_prospective__nextgen_prospective_003__cluster_3water__equilibrium,253,3.455442911494851,2.725063258672671,2.1599999999999997,0.0019065744448711897
nextgen_prospective__nextgen_prospective_003__cluster_3water__equilibrium,254,1.824679828321898,3.444723796870207,2.16,0.0019765461380023552
nextgen_prospective__nextgen_prospective_003__cluster_3water__equilibrium,255,3.3355723257336267,1.6454353336841647,2.16,0.0015394737875960018
nextgen_prospective__nextgen_prospective_003__cluster_3water__equilibrium,256,0.5816804736267778,2.563128093491938,1.9540330393328542,0.0013342609799948946
nextgen_prospective__nextgen_prospective_003__cluster_3water__equilibrium,257,1.8387820330332296,0.34703762724278386,2.0499877563559945,-0.0018312926638892613
nextgen_prospective__nextgen_prospective_003__cluster_3water__equilibrium,258,2.272826374955687,2.4351481504475485,2.16,0.0008394575263603876
nextgen_prospective__nextgen_prospective_003__cluster_3water__equilibrium,259,1.0972077555475437,1.5044851245123398,2.1600000000000006,-0.0008733415452657489
nextgen_prospective__nextgen_prospective_003__cluster_3water__equilibrium,260,-0.11613799762578823,2.0928824268709723,1.68,0.005383207624830799
nextgen_prospective__nextgen_prospective_003__cluster_3water__equilibrium,261,-1.0986443304692497,2.731129730016416,1.6799999999999997,0.006007656639090975
nextgen_prospective__nextgen_prospective_003__cluster_3water__equilibrium,262,0.1987043125609149,2.991164731900212,1.6799999999999997,0.006308749060628394
nextgen_prospective__nextgen_prospective_003__cluster_3water__equilibrium,263,-1.8615497325147112,2.072443534166799,1.68,0.0029881995195024658
nextgen_prospective__nextgen_prospective_003__cluster_3water__equilibrium,264,0.913391497614017,2.5742020655285276,1.4480785583762177,0.0048628990316146314
nextgen_prospective__nextgen_prospective_003__cluster_3water__equilibrium,265,0.033118802116908264,3.737705445151779,1.6585910090289482,0.0051295734451333175
nextgen_prospective__nextgen_prospective_003__cluster_3water__equilibrium,266,0.684314775504538,3.14633121878422,1.68,0.00424295319146939
nextgen_prospective__nextgen_prospective_003__cluster_3water__equilibrium,267,-2.217074740306977,2.4688673204331617,1.6410010649699878,0.0006091994128629707
nextgen_prospective__nextgen_prospective_003__cluster_3water__equilibrium,268,0.591082097690252,2.306620610459826,1.68,0.001492481348104313
nextgen_prospective__nextgen_prospective_003__cluster_3water__equilibrium,269,-1.550833787281741,3.0203816458658714,1.437180427517423,0.0021139250047816915
nextgen_prospective__nextgen_prospective_003__cluster_3water__equilibrium,270,-0.2354980862481454,2.9208416901646803,1.6799999999999997,0.002247734640557386
nextgen_prospective__nextgen_prospective_003__cluster_3water__equilibrium,271,-1.1498681235655899,2.196992669992851,1.68,-0.0004142843720504885
nextgen_prospective__nextgen_prospective_003__cluster_3water__equilibrium,272,0.032549580169715014,2.057781974197546,2.16,0.003665118733184869
nextgen_prospective__nextgen_prospective_003__cluster_3water__equilibrium,273,-1.2306728477718778,2.8783856496702604,2.051565914093966,0.004206505974178931
nextgen_prospective__nextgen_prospective_003__cluster_3water__equilibrium,274,0.4373468361240477,3.2127163663779976,2.1599999999999997,0.004585554242136247
nextgen_prospective__nextgen_prospective_003__cluster_3water__equilibrium,275,-2.211551221830329,2.0315033978636095,2.16,0.0010725692198878534
nextgen_prospective__nextgen_prospective_003__cluster_3water__equilibrium,276,1.3562303597637506,2.676621509614404,1.4002879967080495,0.0037572641550700503
nextgen_prospective__nextgen_prospective_003__cluster_3water__equilibrium,277,0.22445117983889626,4.172554426272869,1.8105249855280203,0.003966054145376319
nextgen_prospective__nextgen_prospective_003__cluster_3water__equilibrium,278,1.0617031456229915,3.412216135228865,2.0932678782940353,0.0031262887873197975
nextgen_prospective__nextgen_prospective_003__cluster_3water__equilibrium,279,-2.6686548032775277,2.5411911230632187,1.6666287744878467,-0.0005913751567314662
nextgen_prospective__nextgen_prospective_003__cluster_3water__equilibrium,280,-0.5690599375499615,4.131876673426401,1.674445860344429,0.002772718886047798
nextgen_prospective__nextgen_prospective_003__cluster_3water__equilibrium,281,0.941832559861767,2.3325882102403583,1.8633040559459606,0.0009193089824526268
nextgen_prospective__nextgen_prospective_003__cluster_3water__equilibrium,282,-1.8120592922450813,3.2502809700481317,1.4039224682354783,0.001359130592140545
nextgen_prospective__nextgen_prospective_003__cluster_3water__equilibrium,283,-0.5549577328386297,1.0341905037989776,1.8207204167989937,-0.003351922681462227
nextgen_prospective__nextgen_prospective_003__cluster_3water__equilibrium,284,-0.12091339091617266,3.1223010270037426,2.16,0.0014346187832985358
nextgen_prospective__nextgen_prospective_003__cluster_3water__equilibrium,285,-1.296532010324316,2.1916380010685335,2.1600000000000006,-0.0009616111581944864
nextgen_prospective__nextgen_prospective_003__cluster_3water__equilibrium,286,-2.8677031504762245,0.9641824907439501,1.68,-0.003949532636597919
nextgen_prospective__nextgen_prospective_003__cluster_3water__equilibrium,287,-2.370422567618845,-0.6040667706231884,1.68,-0.006167122158274196
nextgen_prospective__nextgen_prospective_003__cluster_3water__equilibrium,288,-3.6306085525216854,0.3054962948943329,1.5438174059406264,-0.006239274333476708
nextgen_prospective__nextgen_prospective_003__cluster_3water__equilibrium,289,-2.6024474473566492,1.8442417020440165,1.68,-0.0015629441676265898
nextgen_prospective__nextgen_prospective_003__cluster_3water__equilibrium,290,-3.216426061931941,-0.8549865572412944,1.68,-0.006919532909297921
nextgen_prospective__nextgen_prospective_003__cluster_3water__equilibrium,291,-3.9343331899336005,-0.2419477631625079,1.68,-0.007154123758075226
nextgen_prospective__nextgen_prospective_003__cluster_3water__equilibrium,292,-3.2246247114508786,1.912596242622982,1.68,-0.004120592825334057
nextgen_prospective__nextgen_prospective_003__cluster_3water__equilibrium,293,-2.7988647266690876,-1.1389839276382738,1.420945146932037,-0.007965999732196583
nextgen_prospective__nextgen_prospective_003__cluster_3water__equilibrium,294,-3.9861335603139505,0.7019200811606956,1.4148589789169594,-0.0070710051569147225
nextgen_prospective__nextgen_prospective_003__cluster_3water__equilibrium,295,-2.3531153314147333,1.939119953665392,1.6799999999999997,-0.0024704777135804434
nextgen_prospective__nextgen_prospective_003__cluster_3water__equilibrium,296,-3.4262193375131074,-0.4627191769578291,1.68,-0.00722592967647806
nextgen_prospective__nextgen_prospective_003__cluster_3water__equilibrium,297,-3.3198926072887156,1.2534344065934055,1.68,-0.005705100355967829
nextgen_prospective__nextgen_prospective_003__cluster_3water__equilibrium,298,-2.3421469499725864,-0.47019151160038064,1.68,-0.00785080765825441
nextgen_prospective__nextgen_prospective_003__cluster_3water__equilibrium,299,-2.0045569062551194,1.153894450892214,1.6799999999999997,-0.005208867457590749
nextgen_prospective__nextgen_prospective_003__cluster_3water__equilibrium,300,-2.918926943572565,0.4300454307203847,1.68,-0.006558383659062361
nextgen_prospective__nextgen_prospective_003__cluster_3water__equilibrium,301,-1.7365092398372592,0.2908347349250804,2.0858505558733906,-0.002489199830821409
nextgen_prospective__nextgen_prospective_003__cluster_3water__equilibrium,302,-2.999731667778853,1.1114384103977943,2.16,-0.0024841804868378503
nextgen_prospective__nextgen_prospective_003__cluster_3water__equilibrium,303,-2.360370918390794,-0.9048820685028124,2.087758126829997,-0.00493465162036788
nextgen_prospective__nextgen_prospective_003__cluster_3water__equilibrium,304,-1.3317119838829268,1.445769127105532,1.878685556720097,0.001951632894619415
nextgen_prospective__nextgen_prospective_003__cluster_3water__equilibrium,305,-3.9806100418373025,0.26455615859114345,1.5015094013620787,-0.004520536716017709
nextgen_prospective__nextgen_prospective_003__cluster_3water__equilibrium,306,-2.6586886209108282,2.242943110640737,2.16,0.00012237979646556596
nextgen_prospective__nextgen_prospective_003__cluster_3water__equilibrium,307,-3.448089696793346,-1.2274932227260917,2.088827817146783,-0.005498966448275411
nextgen_prospective__nextgen_prospective_003__cluster_3water__equilibrium,308,-4.371113147081194,-0.43930048748193773,1.7145041389494868,-0.005373095189376009
nextgen_prospective__nextgen_prospective_003__cluster_3water__equilibrium,309,-3.458630817603409,2.33082751995655,1.8911408923119175,-0.0023129570296296365
nextgen_prospective__nextgen_prospective_003__cluster_3water__equilibrium,310,-2.911225122883963,-1.5926326989507797,1.3601639083130623,-0.006847412008440301
nextgen_prospective__nextgen_prospective_003__cluster_3water__equilibrium,311,-4.437713623284502,0.7742438837907528,1.328145705360954,-0.00523312861191183
nextgen_prospective__nextgen_prospective_003__cluster_3water__equilibrium,312,-2.3381187575569355,2.364929434153934,1.8421435159025792,-0.000772622654057642
nextgen_prospective__nextgen_prospective_003__cluster_3water__equilibrium,313,-3.717823908254845,-0.7231494480759223,2.16,-0.005626267642882432
nextgen_prospective__nextgen_prospective_003__cluster_3water__equilibrium,314,-3.5811181122520557,1.4833337307756653,2.16,-0.003969592360095753
nextgen_prospective__nextgen_prospective_003__cluster_3water__equilibrium,315,-2.324016552845604,-0.7327567354734887,2.16,-0.006447525948371613
nextgen_prospective__nextgen_prospective_003__cluster_3water__equilibrium,316,-1.8899722109231467,1.3553537877312765,2.1599999999999997,-0.003740827897722898
nextgen_prospective__nextgen_prospective_003__cluster_3water__equilibrium,317,-3.0655908303312907,0.42469076179606724,2.1600000000000006,-0.004962425268737913
nextgen_prospective__nextgen_prospective_003__cluster_3water__equilibrium,318,-1.1730233371834151,-2.068293588056946,1.68,-0.004703201458524653
nextgen_prospective__nextgen_prospective_003__cluster_3water__equilibrium,319,-2.155529670026876,-1.4300462849115019,1.6799999999999997,-0.005145283805315426
nextgen_prospective__nextgen_prospective_003__cluster_3water__equilibrium,320,-1.658249087169497,-2.9982955462786407,1.68,-0.004349380435938688
nextgen_prospective__nextgen_prospective_003__cluster_3water__equilibrium,321,-2.918435072072338,-2.0887324807611196,1.68,-0.004799474349755695
nextgen_prospective__nextgen_prospective_003__cluster_3water__equilibrium,322,-0.5824108830527005,-2.841160297248072,1.68,-0.005476926033871621
nextgen_prospective__nextgen_prospective_003__cluster_3water__equilibrium,323,-2.504252581482593,-3.2492153328967466,1.6799999999999997,-0.00425115186853775
nextgen_prospective__nextgen_prospective_003__cluster_3water__equilibrium,324,-3.0981248644711195,-1.2000996710728216,1.6800000000000002,-0.006681323042838638
nextgen_prospective__nextgen_prospective_003__cluster_3water__equilibrium,325,-1.1421872130605801,-3.515836732207276,1.6800000000000002,-0.004808304880929537
nextgen_prospective__nextgen_prospective_003__cluster_3water__equilibrium,326,-3.2221597094842527,-2.63617653881796,1.6800000000000002,-0.004676373441809822
nextgen_prospective__nextgen_prospective_003__cluster_3water__equilibrium,327,-2.08669124621974,-3.5332127032937257,1.6799999999999997,-0.004457916745993273
nextgen_prospective__nextgen_prospective_003__cluster_3water__equilibrium,328,-3.2739600798646036,-1.6923086944947565,1.68,-0.0059351890133121366
nextgen_prospective__nextgen_prospective_003__cluster_3water__equilibrium,329,-0.7601562458003288,-3.08955504723686,1.68,-0.005730794015683216
nextgen_prospective__nextgen_prospective_003__cluster_3water__equilibrium,330,-2.71404585706376,-2.8569479526132815,1.68,-0.004770805248119903
nextgen_prospective__nextgen_prospective_003__cluster_3water__equilibrium,331,-2.607719126839368,-1.140794369062047,1.6800000000000002,-0.0072555650890175905
nextgen_prospective__nextgen_prospective_003__cluster_3water__equilibrium,332,-1.6299734695232386,-2.8644202872558333,1.68,-0.00516271590249362
nextgen_prospective__nextgen_prospective_003__cluster_3water__equilibrium,333,-2.2067534631232166,-1.9641833449350672,1.68,-0.005764816052575394
nextgen_prospective__nextgen_prospective_003__cluster_3water__equilibrium,334,-1.0243357593879117,-2.1033940407303717,2.16,-0.003829009974703368
nextgen_prospective__nextgen_prospective_003__cluster_3water__equilibrium,335,-2.287558187329505,-1.282790365257658,2.16,-0.004172870225450875
nextgen_prospective__nextgen_prospective_003__cluster_3water__equilibrium,336,-1.6481974379414461,-3.2991108441582644,2.16,-0.003597708127742738
nextgen_prospective__nextgen_prospective_003__cluster_3water__equilibrium,337,-3.268436561387955,-2.1296726170643083,2.16,-0.0039630137556465606
nextgen_prospective__nextgen_prospective_003__cluster_3water__equilibrium,338,-0.2649768897912786,-3.0970798096903907,2.0147544858319995,-0.004839926993091659
nextgen_prospective__nextgen_prospective_003__cluster_3water__equilibrium,339,-2.7359162163439983,-3.621721998381544,2.16,-0.003502936628603681
nextgen_prospective__nextgen_prospective_003__cluster_3water__equilibrium,340,-3.4994662944721036,-0.9871447188936402,1.9349222734376557,-0.006080798947059929
nextgen_prospective__nextgen_prospective_003__cluster_3water__equilibrium,341,-0.9846893140871241,-3.9645209403522252,2.1600000000000006,-0.004120319087696611
nextgen_prospective__nextgen_prospective_003__cluster_3water__equilibrium,342,-3.658939666631846,-2.8335292631373896,2.16,-0.0038730191256677315
nextgen_prospective__nextgen_prospective_003__cluster_3water__equilibrium,343,-2.199051642434615,-3.986861474606232,2.16,-0.003718186086097308
nextgen_prospective__nextgen_prospective_003__cluster_3water__equilibrium,344,-3.7255401428351544,-1.6199848918646993,2.1600000000000006,-0.005121735961797214
nextgen_prospective__nextgen_prospective_003__cluster_3water__equilibrium,345,-0.493506641895372,-3.4164444882474037,2.16,-0.00507498022306363
nextgen_prospective__nextgen_prospective_003__cluster_3water__equilibrium,346,-3.005650427805498,-3.1173782237313743,2.16,-0.003964485667426132
nextgen_prospective__nextgen_prospective_003__cluster_3water__equilibrium,347,-2.8689446318027083,-0.9108950448797867,2.068071221326473,-0.0064575134866928785
nextgen_prospective__nextgen_prospective_003__cluster_3water__equilibrium,348,-1.6118430723962562,-3.126985511128941,2.16,-0.004358191773850439
nextgen_prospective__nextgen_prospective_003__cluster_3water__equilibrium,349,-1.1777987304737993,-1.0388749879241757,1.9069564991270183,-0.006233465162972518
nextgen_prospective__nextgen_prospective_003__cluster_3water__equilibrium,350,-2.353417349881943,-1.969538013859385,2.1600000000000006,-0.00485438853676845
nextgen_prospective__nextgen_prospective_003__cluster_3water__equilibrium,351,6.414337576875843,-2.2984532219649223,2.1279999999999997,0.0014717890261661815
nextgen_prospective__nextgen_prospective_003__cluster_3water__equilibrium,352,5.169829555274126,-1.4900066379806933,2.1279999999999997,0.002650984630410136
nextgen_prospective__nextgen_prospective_003__cluster_3water__equilibrium,353,5.799718293560138,-3.476455702379068,2.024238365998964,0.00108436185894778
nextgen_prospective__nextgen_prospective_003__cluster_3water__equilibrium,354,6.813137836445667,-1.160628968927885,2.1279999999999992,0.001890756826694151
nextgen_prospective__nextgen_prospective_003__cluster_3water__equilibrium,355,4.203482712683208,-2.3243424860568753,1.7905961952609053,0.00029068736073512014
nextgen_prospective__nextgen_prospective_003__cluster_3water__equilibrium,356,7.162446685441415,-3.2774177202736814,2.128,0.0014836618414411085
nextgen_prospective__nextgen_prospective_003__cluster_3water__equilibrium,357,5.5058201125589195,-0.37526497033394274,2.1279999999999997,0.004459880841696684
nextgen_prospective__nextgen_prospective_003__cluster_3water__equilibrium,358,4.728113867430218,-3.794287432095336,1.4257910885613554,0.00012213872656996472
nextgen_prospective__nextgen_prospective_003__cluster_3water__equilibrium,359,7.718408270846263,-1.6887816796653519,2.1171792490640984,0.0015081120020128402
nextgen_prospective__nextgen_prospective_003__cluster_3water__equilibrium,360,6.453396667431433,-4.132007871222005,2.0017295240543365,0.0015000894013263988
nextgen_prospective__nextgen_prospective_003__cluster_3water__equilibrium,361,6.6033961898832585,-0.21501073214256694,2.1279999999999997,0.0027002439465770856
nextgen_prospective__nextgen_prospective_003__cluster_3water__equilibrium,362,7.768451449612646,-2.805286684684056,1.6453218698888536,0.0014578430818934507
nextgen_prospective__nextgen_prospective_003__cluster_3water__equilibrium,363,5.257024892096498,-4.154017434598177,1.4613364077385775,0.0010184727433428797
nextgen_prospective__nextgen_prospective_003__cluster_3water__equilibrium,364,7.428244422840923,-0.964084752208142,1.7657365203578244,0.0017700872010086854
nextgen_prospective__nextgen_prospective_003__cluster_3water__equilibrium,365,6.937302559294419,-3.5920510702594792,1.4462648806519591,0.0015891096901410329
nextgen_prospective__nextgen_prospective_003__cluster_3water__equilibrium,366,5.821640792752015,-0.25508585161353353,2.127526675443054,0.0036575678634487296
nextgen_prospective__nextgen_prospective_003__cluster_3water__equilibrium,367,4.4623757183607395,-3.2974154170696135,1.3950191479351255,-0.000128767401930574
nextgen_prospective__nextgen_prospective_003__cluster_3water__equilibrium,368,4.597056243311636,-1.1236208779047165,2.1279999999999992,0.0038978532888491735
nextgen_prospective__nextgen_prospective_003__cluster_3water__equilibrium,369,5.835534075912065,-3.3068803742835122,1.4956506869721273,0.001377695078829344
nextgen_prospective__nextgen_prospective_003__cluster_3water__equilibrium,370,6.263148131287524,-1.249704821792892,1.5321634957138845,0.0021134391762327454
nextgen_prospective__nextgen_prospective_003__cluster_3water__equilibrium,371,5.104946084018761,-2.1665802473438758,1.74902396423805,0.0014965189538336254
nextgen_prospective__nextgen_prospective_003__cluster_3water__equilibrium,372,6.602675175416813,-2.342913795351261,2.7360000000000007,0.0011583495462064164
nextgen_prospective__nextgen_prospective_003__cluster_3water__equilibrium,373,5.002593433357463,-1.3034824730858239,2.7359999999999998,0.0021257123736742045
nextgen_prospective__nextgen_prospective_003__cluster_3water__equilibrium,374,5.812450382582336,-3.857488413026592,2.5826293623840364,0.0006198147535547704
nextgen_prospective__nextgen_prospective_003__cluster_3water__equilibrium,375,7.115418366292302,-0.8799968985893559,2.736,0.0016322567074440464
nextgen_prospective__nextgen_prospective_003__cluster_3water__equilibrium,376,3.7601474928834246,-2.376199992040915,2.2983293693077016,-0.0007674024350881048
nextgen_prospective__nextgen_prospective_003__cluster_3water__equilibrium,377,7.564529743572548,-3.6015824360339517,2.7359999999999998,0.0010422411925730124
nextgen_prospective__nextgen_prospective_003__cluster_3water__equilibrium,378,5.4345812927236254,0.12975681388856977,2.736,0.0038560567430523385
nextgen_prospective__nextgen_prospective_003__cluster_3water__equilibrium,379,4.434673263272437,-4.266129208376079,2.003848951988098,-0.00060715536823297
nextgen_prospective__nextgen_prospective_003__cluster_3water__equilibrium,380,8.279337496235925,-1.5590503838232421,2.676724653480349,0.0012636479688605817
nextgen_prospective__nextgen_prospective_003__cluster_3water__equilibrium,381,6.652894006131144,-4.700341201538942,2.5599732724591098,0.0008761602182798534
nextgen_prospective__nextgen_prospective_003__cluster_3water__equilibrium,382,6.845750534997776,0.3357979772774815,2.736,0.002357546907764352
nextgen_prospective__nextgen_prospective_003__cluster_3water__equilibrium,383,3.2655102262411635,-3.267751743733484,1.852216722124077,-0.0060908053021417885
nextgen_prospective__nextgen_prospective_003__cluster_3water__equilibrium,384,8.34367872607842,-2.99455681884729,2.209580077740981,0.0010999587278917033
nextgen_prospective__nextgen_prospective_003__cluster_3water__equilibrium,385,5.114701723557656,-4.728639211594017,2.0365057318827273,0.00018976107180446178
nextgen_prospective__nextgen_prospective_003__cluster_3water__equilibrium,386,7.906269691657631,-0.6272971913782578,2.3260138027402184,0.001502416609203916
nextgen_prospective__nextgen_prospective_003__cluster_3water__equilibrium,387,7.275058724240697,-4.006111028872835,2.0226252843026598,0.0010137769050801992
nextgen_prospective__nextgen_prospective_003__cluster_3water__equilibrium,388,5.84063645297189,0.2842728236719534,2.687252450587877,0.002999974111688619
nextgen_prospective__nextgen_prospective_003__cluster_3water__equilibrium,389,4.093009928754538,-3.627293760485864,1.9758057347627138,-0.0012404529165821465
nextgen_prospective__nextgen_prospective_003__cluster_3water__equilibrium,390,7.754433616360079,-1.9948258963636998,1.8457827627637606,0.0012260677327633474
nextgen_prospective__nextgen_prospective_003__cluster_3water__equilibrium,391,4.266170603691404,-0.8324150672738535,2.2905636505535614,0.002168046742134333
nextgen_prospective__nextgen_prospective_003__cluster_3water__equilibrium,392,5.858499245606244,-3.639462991189449,2.0682874605679955,0.0007143819961679121
nextgen_prospective__nextgen_prospective_003__cluster_3water__equilibrium,393,6.408288745374689,-0.9945229951300796,2.102368634870868,0.001604354500690075
nextgen_prospective__nextgen_prospective_003__cluster_3water__equilibrium,394,4.919171827457708,-2.1733628279813444,2.3097221783195585,0.0006637312540860307
nextgen_prospective__nextgen_prospective_003__cluster_3water__equilibrium,395,7.417124169399895,-3.211095445376569,1.6800000000000002,0.0016483076545239506
nextgen_prospective__nextgen_prospective_003__cluster_3water__equilibrium,396,7.8560412105089865,-1.9569090975278876,1.68,0.0014464055648772955
nextgen_prospective__nextgen_prospective_003__cluster_3water__equilibrium,397,6.857347839392015,-3.8857718803357724,1.6799999999999997,0.001572564067731097
nextgen_prospective__nextgen_prospective_003__cluster_3water__equilibrium,398,6.975768515011878,-0.7934057179046361,1.68,0.0021489828664646993
nextgen_prospective__nextgen_prospective_003__cluster_3water__equilibrium,399,7.89554898321929,-2.838360417279496,1.68,0.001286721158499038
nextgen_prospective__nextgen_prospective_003__cluster_3water__equilibrium,400,5.912843806232857,-3.9031478514222226,1.68,0.0013939537086340437
nextgen_prospective__nextgen_prospective_003__cluster_3water__equilibrium,401,7.626964488399507,-1.3847799442721955,1.68,0.0015168902483564395
nextgen_prospective__nextgen_prospective_003__cluster_3water__equilibrium,402,4.725574972587992,-2.0622438426232534,1.422959829357134,0.002284826457338518
nextgen_prospective__nextgen_prospective_003__cluster_3water__equilibrium,403,7.239378806652267,-3.4594901953653565,1.6799999999999997,0.001210283381555044
nextgen_prospective__nextgen_prospective_003__cluster_3water__equilibrium,404,6.358593201487211,-0.825043970118557,1.6799999999999997,0.002372387400732201
nextgen_prospective__nextgen_prospective_003__cluster_3water__equilibrium,405,5.285489195388835,-3.226883100741778,1.6800000000000002,0.0011140074373217068
nextgen_prospective__nextgen_prospective_003__cluster_3water__equilibrium,406,7.533731810585222,-2.2244905525965897,1.68,0.0012755680784697354
nextgen_prospective__nextgen_prospective_003__cluster_3water__equilibrium,407,5.391815925613229,-1.510729517190544,1.6799999999999997,0.0023205744041465692
nextgen_prospective__nextgen_prospective_003__cluster_3water__equilibrium,408,6.369561582929357,-3.2343554353843302,1.68,0.0011412537238770781
nextgen_prospective__nextgen_prospective_003__cluster_3water__equilibrium,409,6.707151626646824,-1.610269472891735,1.6799999999999997,0.0015418320323319357
nextgen_prospective__nextgen_prospective_003__cluster_3water__equilibrium,410,5.79278158932938,-2.3341184930635643,1.68,0.0013488620139572305
nextgen_prospective__nextgen_prospective_003__cluster_3water__equilibrium,411,6.975199293064684,-2.4733291888588687,1.8019022440976449,0.0016847117565581549
nextgen_prospective__nextgen_prospective_003__cluster_3water__equilibrium,412,6.351337614511149,-3.669045992286761,1.8786939463306154,0.0017194617303251114
nextgen_prospective__nextgen_prospective_003__cluster_3water__equilibrium,413,7.379996549019017,-1.318394796678417,1.999472427973587,0.001701121543316475
nextgen_prospective__nextgen_prospective_003__cluster_3water__equilibrium,414,7.734558162661318,-3.467014957818888,2.1600000000000006,0.00128275909996578
nextgen_prospective__nextgen_prospective_003__cluster_3water__equilibrium,415,6.053019911991115,-0.5212208131432124,1.6995265270870004,0.0034932286893627484
nextgen_prospective__nextgen_prospective_003__cluster_3water__equilibrium,416,8.29888007265872,-1.8544896534420114,2.16,0.0012636276155366666
nextgen_prospective__nextgen_prospective_003__cluster_3water__equilibrium,417,7.014845738365472,-4.334456088480721,2.1599999999999997,0.001105363603095988
nextgen_prospective__nextgen_prospective_003__cluster_3water__equilibrium,418,7.167100892733865,-0.35855673678354544,2.16,0.0020553954305979616
nextgen_prospective__nextgen_prospective_003__cluster_3water__equilibrium,419,8.34967578042911,-2.9877842074083656,2.16,0.0010315621562995148
nextgen_prospective__nextgen_prospective_003__cluster_3water__equilibrium,420,5.253077715298535,-0.43333640382739946,1.9892011021788485,0.00531377229380503
nextgen_prospective__nextgen_prospective_003__cluster_3water__equilibrium,421,5.80048341001798,-4.356796622734729,2.120836759971185,0.0007903708372225537
nextgen_prospective__nextgen_prospective_003__cluster_3water__equilibrium,422,8.00435285851796,-1.11889502782755,2.1599999999999997,0.0013249277540685611
nextgen_prospective__nextgen_prospective_003__cluster_3water__equilibrium,423,4.273994909617442,-1.9899200399931964,1.7278037960764103,0.0008601091613957834
nextgen_prospective__nextgen_prospective_003__cluster_3water__equilibrium,424,7.506028410557224,-3.786379636375901,2.16,0.000882612951000894
nextgen_prospective__nextgen_prospective_003__cluster_3water__equilibrium,425,6.373589775345008,-0.3992344896300152,2.1599999999999997,0.00217895575547411
nextgen_prospective__nextgen_prospective_003__cluster_3water__equilibrium,426,4.993884624647097,-3.4873133718598712,2.068397173868785,0.0003471699316812682
nextgen_prospective__nextgen_prospective_003__cluster_3water__equilibrium,427,7.884482272756737,-2.198522952816057,2.1600000000000006,0.0010275252208966634
nextgen_prospective__nextgen_prospective_003__cluster_3water__equilibrium,428,5.130590420649887,-1.280830193008284,2.16,0.0018684707888549923
nextgen_prospective__nextgen_prospective_003__cluster_3water__equilibrium,429,6.387691980056339,-3.496920659257438,2.16,0.0007392658671205865
nextgen_prospective__nextgen_prospective_003__cluster_3water__equilibrium,430,6.821736321978796,-1.4088101360526726,2.16,0.0012517578735167234
nextgen_prospective__nextgen_prospective_003__cluster_3water__equilibrium,431,5.646117702570654,-2.339473161987882,2.16,0.0008778977797083698
nextgen_prospective__nextgen_prospective_003__cluster_3water__equilibrium,432,5.555212592920098,-2.891240003506319,1.68,0.0013798115023604396
nextgen_prospective__nextgen_prospective_003__cluster_3water__equilibrium,433,4.572706260076638,-2.2529927003608754,1.6799999999999997,0.001420911742995301
nextgen_prospective__nextgen_prospective_003__cluster_3water__equilibrium,434,5.069986842934016,-3.8212419617280133,1.68,0.0004887647337747936
nextgen_prospective__nextgen_prospective_003__cluster_3water__equilibrium,435,3.8098008580311755,-2.9116788962104927,1.6800000000000002,-0.0028790040476569523
nextgen_prospective__nextgen_prospective_003__cluster_3water__equilibrium,436,6.1458250470508125,-3.664106712697445,1.6800000000000002,0.001841045507763095
nextgen_prospective__nextgen_prospective_003__cluster_3water__equilibrium,437,4.22398334862092,-4.072161748346119,1.6799999999999997,-0.0010482551790791383
nextgen_prospective__nextgen_prospective_003__cluster_3water__equilibrium,438,5.586048717042933,-4.338783147656649,1.6800000000000002,0.001063688177068034
nextgen_prospective__nextgen_prospective_003__cluster_3water__equilibrium,439,3.5060762206192613,-3.459122954267333,1.6800000000000002,-0.004541170152007279
nextgen_prospective__nextgen_prospective_003__cluster_3water__equilibrium,440,4.641544683883773,-4.356159118743099,1.6799999999999997,-0.0001453362018470905
nextgen_prospective__nextgen_prospective_003__cluster_3water__equilibrium,441,5.968079684303184,-3.9125014626862327,1.63659051663529,0.0015996851920467847
nextgen_prospective__nextgen_prospective_003__cluster_3water__equilibrium,442,4.014190073039753,-3.679894368062654,1.6800000000000002,-0.0016331252053571887
nextgen_prospective__nextgen_prospective_003__cluster_3water__equilibrium,443,5.098262460580275,-3.687366702705206,1.68,0.0007193981649247227
nextgen_prospective__nextgen_prospective_003__cluster_3water__equilibrium,444,4.521482466980297,-2.78712976038444,1.68,0.00019747253924595753
nextgen_prospective__nextgen_prospective_003__cluster_3water__equilibrium,445,5.703900170715602,-2.926340456179745,2.1207939332306025,0.0011423672453689804
nextgen_prospective__nextgen_prospective_003__cluster_3water__equilibrium,446,4.4406777427740085,-2.105736780707031,2.16,0.0013089576502860467
nextgen_prospective__nextgen_prospective_003__cluster_3water__equilibrium,447,5.080038492162067,-4.1220572596076375,2.1599999999999997,0.00018777654944157618
nextgen_prospective__nextgen_prospective_003__cluster_3water__equilibrium,448,3.4597993687155584,-2.9526190325136814,2.1599999999999997,-0.003144302094542084
nextgen_prospective__nextgen_prospective_003__cluster_3water__equilibrium,449,6.463259040312236,-3.9200262251397637,2.1600000000000006,0.0013473940117929573
nextgen_prospective__nextgen_prospective_003__cluster_3water__equilibrium,450,4.7817207896420335,-0.9742320804640885,1.8759942203747642,0.006723141696997281
nextgen_prospective__nextgen_prospective_003__cluster_3water__equilibrium,451,3.992319713759515,-4.444668413830917,2.16,-0.0013183881102034611
nextgen_prospective__nextgen_prospective_003__cluster_3water__equilibrium,452,5.743546616016389,-4.787467355801597,2.16,0.0006324629434089069
nextgen_prospective__nextgen_prospective_003__cluster_3water__equilibrium,453,3.0692962634716676,-3.656475678586763,2.16,-0.0048825787617339245
nextgen_prospective__nextgen_prospective_003__cluster_3water__equilibrium,454,7.078376658080028,-3.4407954747292413,1.4511484199468268,0.0018669284278094445
nextgen_prospective__nextgen_prospective_003__cluster_3water__equilibrium,455,4.5291842876688975,-4.8098078900556045,2.16,-0.0005151144695978438
nextgen_prospective__nextgen_prospective_003__cluster_3water__equilibrium,456,6.2347292882081415,-4.239390903696776,1.955931137143809,0.001094567263771662
nextgen_prospective__nextgen_prospective_003__cluster_3water__equilibrium,457,5.102290652995926,-0.852245756950891,1.8004635253293853,0.0051458284114596076
nextgen_prospective__nextgen_prospective_003__cluster_3water__equilibrium,458,3.7225855022980148,-3.940324639180747,2.16,-0.002024303639581948
nextgen_prospective__nextgen_prospective_003__cluster_3water__equilibrium,459,5.116392857707257,-3.9499319265783135,2.16,0.0002728019372777446
nextgen_prospective__nextgen_prospective_003__cluster_3water__equilibrium,460,5.550437199629714,-1.8618214033735485,1.4934011867897348,0.0020158912690764197
nextgen_prospective__nextgen_prospective_003__cluster_3water__equilibrium,461,4.374818580221571,-2.792484429308758,2.16,-0.00033357504350384204
nextgen_prospective__nextgen_prospective_003__cluster_3water__equilibrium,462,-0.9245303166581333,3.9348593257229565,1.882683684341184,0.0035603698705664044
nextgen_prospective__nextgen_prospective_003__cluster_3water__equilibrium,463,-2.169038338259851,4.743305909707185,1.2846546923413493,0.003949143141025679
nextgen_prospective__nextgen_prospective_003__cluster_3water__equilibrium,464,-1.5391495999738376,2.756856845308811,2.1138018037923367,0.0035398269357793666
nextgen_prospective__nextgen_prospective_003__cluster_3water__equilibrium,465,-0.5257300570883092,5.072683578759994,1.8791650928591905,0.00361081361885196
nextgen_prospective__nextgen_prospective_003__cluster_3water__equilibrium,466,-3.135385180850768,3.9089700616310044,1.4440691732819035,0.00302794266110773
nextgen_prospective__nextgen_prospective_003__cluster_3water__equilibrium,467,-0.17642120809256182,2.955894827414198,1.7121788736976606,0.006356339753665452
nextgen_prospective__nextgen_prospective_003__cluster_3water__equilibrium,468,-1.8330477809750565,5.858047577353936,1.4259135590198464,0.004360111929734067
nextgen_prospective__nextgen_prospective_003__cluster_3water__equilibrium,469,-2.6107540261037587,2.439025115592543,2.1279999999999997,0.0008544311725176001
nextgen_prospective__nextgen_prospective_003__cluster_3water__equilibrium,470,0.3795403773122866,4.544530868022528,2.1279999999999997,0.00360719528278608
nextgen_prospective__nextgen_prospective_003__cluster_3water__equilibrium,471,-3.362992251222559,5.034571620569514,1.361802359581116,0.0040949349412979785
nextgen_prospective__nextgen_prospective_003__cluster_3water__equilibrium,472,-0.7354717036507176,6.018301815545311,2.0384574967121885,0.003816025529783662
nextgen_prospective__nextgen_prospective_003__cluster_3water__equilibrium,473,-3.5201030549058605,3.2155409214256725,1.8662043214601611,0.0008892795336548076
nextgen_prospective__nextgen_prospective_003__cluster_3water__equilibrium,474,0.4295835560786713,3.4280258630038234,1.6223807367203984,0.005613421322451462
nextgen_prospective__nextgen_prospective_003__cluster_3water__equilibrium,475,-2.6211389821610798,5.944629995420627,1.694091708929744,0.004299647485175306
nextgen_prospective__nextgen_prospective_003__cluster_3water__equilibrium,476,-2.081843001437478,2.0792951130897026,1.4579153915271255,0.0005244856739583525
nextgen_prospective__nextgen_prospective_003__cluster_3water__equilibrium,477,0.08937652930694659,5.269227795479737,2.128,0.0031234037954832594
nextgen_prospective__nextgen_prospective_003__cluster_3water__equilibrium,478,-3.5857168573876383,4.411106857568396,1.4798574125555946,0.0028548101651457714
nextgen_prospective__nextgen_prospective_003__cluster_3water__equilibrium,479,-1.5172271007819624,5.978226696074345,1.9846571534119073,0.0037141172705190684
nextgen_prospective__nextgen_prospective_003__cluster_3water__equilibrium,480,-2.8764921751732366,2.9358971306182657,1.4548011804909227,0.00017553722782270853
nextgen_prospective__nextgen_prospective_003__cluster_3water__equilibrium,481,-0.02871819592448232,4.205594358268837,2.1279999999999997,0.0027490099509566157
nextgen_prospective__nextgen_prospective_003__cluster_3water__equilibrium,482,-2.74181165022234,5.109691669783162,1.3567102986795416,0.0033370487607733423
nextgen_prospective__nextgen_prospective_003__cluster_3water__equilibrium,483,-1.50333381762191,2.926432173404367,1.6756686139119041,0.001434286201335233
nextgen_prospective__nextgen_prospective_003__cluster_3water__equilibrium,484,-1.0757197622464523,4.983607725894987,1.7585101242158554,0.0025999362892652478
nextgen_prospective__nextgen_prospective_003__cluster_3water__equilibrium,485,-0.7361927181171624,3.8903987523366177,2.4410897157956213,0.0027202209861991733
nextgen_prospective__nextgen_prospective_003__cluster_3water__equilibrium,486,-2.3362744601765137,4.929830074602055,1.8771175247997882,0.002746595297911991
nextgen_prospective__nextgen_prospective_003__cluster_3water__equilibrium,487,-1.5264175109516396,2.375824134661287,2.64181566708935,0.0022611930107934164
nextgen_prospective__nextgen_prospective_003__cluster_3water__equilibrium,488,-0.22344952724167416,5.353315649098524,2.4376014359074367,0.0028131844158796326
nextgen_prospective__nextgen_prospective_003__cluster_3water__equilibrium,489,-3.5787204006505506,3.8571125556469643,2.020607203695721,0.0018934269798212
nextgen_prospective__nextgen_prospective_003__cluster_3water__equilibrium,490,0.22566185003857267,2.6317301116539267,2.033944524643573,0.004674995992957509
nextgen_prospective__nextgen_prospective_003__cluster_3water__equilibrium,491,-1.9042866008103496,6.363069361576448,2.003960992154979,0.003090743320053768
nextgen_prospective__nextgen_prospective_003__cluster_3water__equilibrium,492,-2.904194630261539,1.9671833393117997,2.165790519716566,-0.0010429302286567577
nextgen_prospective__nextgen_prospective_003__cluster_3water__equilibrium,493,0.9404696027019491,4.674262163864636,2.736,0.002992826627504108
nextgen_prospective__nextgen_prospective_003__cluster_3water__equilibrium,494,-3.8713580625571398,5.304314559996477,1.9457831073311855,0.0026957026064451384
nextgen_prospective__nextgen_prospective_003__cluster_3water__equilibrium,495,-0.4931173585361995,6.569110524965359,2.5969689199829165,0.0028634269936347323
nextgen_prospective__nextgen_prospective_003__cluster_3water__equilibrium,496,-4.073357667292813,2.9655608039543946,1.5925068974901122,-0.0004211345595326321
nextgen_prospective__nextgen_prospective_003__cluster_3water__equilibrium,497,1.004810832544444,3.2387557288405886,1.8713896231695422,0.0041986385709140706
nextgen_prospective__nextgen_prospective_003__cluster_3water__equilibrium,498,-2.917546716620951,6.474389613376479,2.2564660350317096,0.002981930162769153
nextgen_prospective__nextgen_prospective_003__cluster_3water__equilibrium,499,0.567401798123655,5.606015356309621,2.7360000000000007,0.002515514761642912
nextgen_prospective__nextgen_prospective_003__cluster_3water__equilibrium,500,-4.15771827048367,4.502717007566469,2.0536293306752413,0.0017258056203335315
nextgen_prospective__nextgen_prospective_003__cluster_3water__equilibrium,501,-1.498231440562086,6.517585371359832,2.542825438941812,0.0026854152980666512
nextgen_prospective__nextgen_prospective_003__cluster_3water__equilibrium,502,-3.245857964779438,2.606018787202014,2.030480963924764,-0.0011472614540082304
nextgen_prospective__nextgen_prospective_003__cluster_3water__equilibrium,503,0.41556572282610355,4.2384866513241795,2.7352027935881575,0.0021499431633675847
nextgen_prospective__nextgen_prospective_003__cluster_3water__equilibrium,504,-3.0726972898425715,5.400897480414025,1.941204259955807,0.0021979726560723556
nextgen_prospective__nextgen_prospective_003__cluster_3water__equilibrium,505,-1.4803686479277325,2.59384955649843,2.146440253201494,-6.496359386032324e-05
nextgen_prospective__nextgen_prospective_003__cluster_3water__equilibrium,506,-0.9305791481592864,5.2387895525578,2.318964456511101,0.0019363241249088503
nextgen_prospective__nextgen_prospective_003__cluster_3water__equilibrium,507,-2.4196960660762685,4.059949719706534,1.8500011609181104,0.0011360079725153405
nextgen_prospective__nextgen_prospective_003__cluster_3water__equilibrium,508,-1.5726740656116562,4.420161751345195,1.6800000000000002,0.003284784599249857
nextgen_prospective__nextgen_prospective_003__cluster_3water__equilibrium,509,-2.5551803984551174,5.05840905449064,1.6799999999999997,0.003071449944537452
nextgen_prospective__nextgen_prospective_003__cluster_3water__equilibrium,510,-2.0578998155977386,3.490159793123502,1.68,0.003030096021357842
nextgen_prospective__nextgen_prospective_003__cluster_3water__equilibrium,511,-1.2578317554249532,5.318444056374435,1.6799999999999997,0.003546313433523629
nextgen_prospective__nextgen_prospective_003__cluster_3water__equilibrium,512,-3.318085800500579,4.399722858641023,1.68,0.00274577206068205
nextgen_prospective__nextgen_prospective_003__cluster_3water__equilibrium,513,-0.982061611480942,3.64729504215407,1.68,0.004299317891771182
nextgen_prospective__nextgen_prospective_003__cluster_3water__equilibrium,514,-2.289924695335543,5.938468265790706,1.6799999999999995,0.003476583025121549
nextgen_prospective__nextgen_prospective_003__cluster_3water__equilibrium,515,-2.903903309910835,3.239240006505396,1.68,0.00218241932113461
nextgen_prospective__nextgen_prospective_003__cluster_3water__equilibrium,516,-0.5431445703718512,4.901481390002751,1.68,0.004084631626746216
nextgen_prospective__nextgen_prospective_003__cluster_3water__equilibrium,517,-3.497775592899362,5.28835566832932,1.6800000000000002,0.0031665896256254378
nextgen_prospective__nextgen_prospective_003__cluster_3water__equilibrium,518,-1.42341726586896,6.064984769626002,1.6799999999999997,0.004055296635734784
nextgen_prospective__nextgen_prospective_003__cluster_3water__equilibrium,519,-3.621810437912494,3.8522788005841817,1.6800000000000002,0.0023866150232638716
nextgen_prospective__nextgen_prospective_003__cluster_3water__equilibrium,520,-2.9121019594297723,6.006822806369672,1.68,0.0037727440520312072
nextgen_prospective__nextgen_prospective_003__cluster_3water__equilibrium,521,-0.77222129248133,5.473610543258443,1.6175924374654262,0.0046838164423137485
nextgen_prospective__nextgen_prospective_003__cluster_3water__equilibrium,522,-3.6736108082928447,4.796146644907387,1.6799999999999997,0.0033271204080467243
nextgen_prospective__nextgen_prospective_003__cluster_3water__equilibrium,523,-2.0405925793936266,6.033346517412083,1.68,0.004608035551407319
nextgen_prospective__nextgen_prospective_003__cluster_3water__equilibrium,524,-3.0073698552676094,5.347660970340095,1.540408341779742,0.0043574859850235015
nextgen_prospective__nextgen_prospective_003__cluster_3water__equilibrium,525,-1.423986487816153,4.38506129867177,2.16,0.0026065701414879072
nextgen_prospective__nextgen_prospective_003__cluster_3water__equilibrium,526,-2.6872089157577457,5.205664974144485,2.16,0.0023385400742736984
nextgen_prospective__nextgen_prospective_003__cluster_3water__equilibrium,527,-2.0478481663696875,3.1893444952438776,2.16,0.002271783028869656
nextgen_prospective__nextgen_prospective_003__cluster_3water__equilibrium,528,-1.0191892318618203,5.539995690852223,2.1599999999999997,0.002836202877124716
nextgen_prospective__nextgen_prospective_003__cluster_3water__equilibrium,529,-3.6680872898161967,4.358782722337834,2.16,0.0019494522427860872
nextgen_prospective__nextgen_prospective_003__cluster_3water__equilibrium,530,-0.6646276182195201,3.391375529711751,2.148645422061615,0.004018015143607556
nextgen_prospective__nextgen_prospective_003__cluster_3water__equilibrium,531,-2.346165868889722,6.337169674387426,2.16,0.002687451568249344
nextgen_prospective__nextgen_prospective_003__cluster_3water__equilibrium,532,-3.1355669447722394,2.866733341020598,2.16,0.001055694585723188
nextgen_prospective__nextgen_prospective_003__cluster_3water__equilibrium,533,-0.10030570822211761,5.003900834088627,2.16,0.0034440892882554586
nextgen_prospective__nextgen_prospective_003__cluster_3water__equilibrium,534,-3.899117022900346,5.5013106205085025,2.160000000000001,0.0023401563265288416
nextgen_prospective__nextgen_prospective_003__cluster_3water__equilibrium,535,-1.3843400425153654,2.523934399049918,1.5460199804528791,0.005990674551574315
nextgen_prospective__nextgen_prospective_003__cluster_3water__equilibrium,536,-1.2320848881469717,6.499833750747094,2.16,0.00317637498685297
nextgen_prospective__nextgen_prospective_003__cluster_3water__equilibrium,537,-4.058590395060088,3.654926076264752,2.106484261052719,0.0013075538882052484
nextgen_prospective__nextgen_prospective_003__cluster_3water__equilibrium,538,-0.04951000045172683,3.870606280122274,1.6222649029187668,0.004769456328500787
nextgen_prospective__nextgen_prospective_003__cluster_3water__equilibrium,539,-3.146108065582302,6.425054083703239,2.1599999999999997,0.0028526096941852153
nextgen_prospective__nextgen_prospective_003__cluster_3water__equilibrium,540,-2.5987023708628563,2.5015938647959106,1.8939547943627102,0.0004975839004339733
nextgen_prospective__nextgen_prospective_003__cluster_3water__equilibrium,541,-0.3948329223628764,5.73949545970309,2.0345088543882603,0.003729102034487397
nextgen_prospective__nextgen_prospective_003__cluster_3water__equilibrium,542,-4.125190871263396,4.868470447537443,2.16,0.002329435992083795
nextgen_prospective__nextgen_prospective_003__cluster_3water__equilibrium,543,-2.0255960055358297,6.459155997900625,2.16,0.003512881033415294
nextgen_prospective__nextgen_prospective_003__cluster_3water__equilibrium,544,-3.4053011562337394,3.371077115670768,1.47325756375041,0.0011575024469916428
nextgen_prospective__nextgen_prospective_003__cluster_3water__equilibrium,545,-3.26859536023095,5.577560294522356,1.852779007924298,0.0032024867839330895
nextgen_prospective__nextgen_prospective_003__cluster_3water__equilibrium,546,-1.5774494589020407,5.449580351477967,1.5237343862898804,0.0039754723762097655
nextgen_prospective__nextgen_prospective_003__cluster_3water__equilibrium,547,-3.3685105769407584,3.9627310303155006,1.4346538455101367,0.0032193755371805466
nextgen_prospective__nextgen_prospective_003__cluster_3water__equilibrium,548,-2.9543280863510137,2.8022481781798736,1.6800000000000002,0.000279306455670536
nextgen_prospective__nextgen_prospective_003__cluster_3water__equilibrium,549,-3.5482003693395407,4.851363840003798,1.6800000000000004,0.00349905227871794
nextgen_prospective__nextgen_prospective_003__cluster_3water__equilibrium,550,-1.473842042309139,5.627992941300482,1.6321000395059517,0.005009632513364615
nextgen_prospective__nextgen_prospective_003__cluster_3water__equilibrium,551,-3.672235214352673,3.41528697225866,1.6800000000000002,0.0008654491719655155
nextgen_prospective__nextgen_prospective_003__cluster_3water__equilibrium,552,-2.9625267358699516,5.569830978044149,1.6799999999999997,0.003650423240098455
nextgen_prospective__nextgen_prospective_003__cluster_3water__equilibrium,553,-2.53676675108816,2.518250807782894,1.68,-0.0005084224744553723
nextgen_prospective__nextgen_prospective_003__cluster_3water__equilibrium,554,-0.8226460689215089,5.036618714932922,1.6800000000000002,0.003316987583056985
nextgen_prospective__nextgen_prospective_003__cluster_3water__equilibrium,555,-3.7240355847330235,4.359154816581864,1.6799999999999997,0.001897046285903592
nextgen_prospective__nextgen_prospective_003__cluster_3water__equilibrium,556,-1.210231750668749,2.96190846383976,1.5462674981491804,0.002575339567268742
nextgen_prospective__nextgen_prospective_003__cluster_3water__equilibrium,557,-2.0910173558338054,5.596354689086559,1.6799999999999997,0.0032428059286244704
nextgen_prospective__nextgen_prospective_003__cluster_3water__equilibrium,558,-3.1641213619321795,3.1945155584633387,1.68,0.0002634158835199685
nextgen_prospective__nextgen_prospective_003__cluster_3water__equilibrium,559,-0.9158787467357951,4.196908106608527,1.68,0.0022190995089044208
nextgen_prospective__nextgen_prospective_003__cluster_3water__equilibrium,560,-3.0577946317077878,4.910669142014575,1.6800000000000002,0.0021708312158401633
nextgen_prospective__nextgen_prospective_003__cluster_3water__equilibrium,561,-2.0800489743916586,3.1870432238207873,1.68,0.000655585153589211
nextgen_prospective__nextgen_prospective_003__cluster_3water__equilibrium,562,-1.7424589306741924,4.811129186313382,1.6799999999999997,0.00217584231885537
nextgen_prospective__nextgen_prospective_003__cluster_3water__equilibrium,563,-2.6568289679916375,4.087280166141553,1.6800000000000002,0.0013298150995106894
nextgen_prospective__nextgen_prospective_003__cluster_3water__equilibrium,564,-2.0982729428098668,2.752352666918356,1.6960936758502128,0.0030208460843468288
nextgen_prospective__nextgen_prospective_003__cluster_3water__equilibrium,565,-3.7185120662563755,3.9217908940123114,1.7401927043760868,0.0023228123322276417
nextgen_prospective__nextgen_prospective_003__cluster_3water__equilibrium,566,-2.396590645329901,5.900177846061904,1.4171850799251333,0.004795809131937112
nextgen_prospective__nextgen_prospective_003__cluster_3water__equilibrium,567,-3.1859917212124187,2.4297415126950765,2.0373015212990935,-0.0012393374415395897
nextgen_prospective__nextgen_prospective_003__cluster_3water__equilibrium,568,-3.9495417993405244,5.06431879218298,2.069642058175979,0.0026512082347478483
nextgen_prospective__nextgen_prospective_003__cluster_3water__equilibrium,569,-1.2825096645871508,6.062841922421573,2.049351506898978,0.004048454484487429
nextgen_prospective__nextgen_prospective_003__cluster_3water__equilibrium,570,-4.109015171500267,3.21793424793923,1.76523716549142,-2.6920576392974738e-05
nextgen_prospective__nextgen_prospective_003__cluster_3water__equilibrium,571,-0.09993477689190586,3.4336144517967515,1.4675168768552858,0.00507189002739139
nextgen_prospective__nextgen_prospective_003__cluster_3water__equilibrium,572,-3.1965328420224814,5.988062255377718,2.16,0.002833309366640613
nextgen_prospective__nextgen_prospective_003__cluster_3water__equilibrium,573,-2.649127147303035,2.0646020364703888,1.8741737197698023,-0.00250261784020811
nextgen_prospective__nextgen_prospective_003__cluster_3water__equilibrium,574,-0.44525769880305544,5.302503631377568,2.153184349646896,0.0028619658831794403
nextgen_prospective__nextgen_prospective_003__cluster_3water__equilibrium,575,-4.175615647703574,4.43147861921192,2.16,0.0012664503163963836
nextgen_prospective__nextgen_prospective_003__cluster_3water__equilibrium,576,-0.9435821467637926,2.6350190228292165,1.5457817453155285,0.0015365316998141587
nextgen_prospective__nextgen_prospective_003__cluster_3water__equilibrium,577,-2.076020781976008,6.0221641695751025,2.1599999999999997,0.002558559027981744
nextgen_prospective__nextgen_prospective_003__cluster_3water__equilibrium,578,-3.4557259326739183,2.934085287345246,2.16,-0.0005293548138243231
nextgen_prospective__nextgen_prospective_003__cluster_3water__equilibrium,579,-0.5651282845642802,4.22287570638906,2.16,0.0018687730570881023
nextgen_prospective__nextgen_prospective_003__cluster_3water__equilibrium,580,-3.3190201366711283,5.140568466196832,2.1599999999999997,0.0015847172445981883
nextgen_prospective__nextgen_prospective_003__cluster_3water__equilibrium,581,-2.061918577264677,2.9244779999476793,2.16,-7.485210490099092e-05
nextgen_prospective__nextgen_prospective_003__cluster_3water__equilibrium,582,-1.62787423534222,5.012588523152444,2.16,0.001681247869869562
nextgen_prospective__nextgen_prospective_003__cluster_3water__equilibrium,583,-2.8034928547503633,4.081925497217235,2.1600000000000006,0.0007965702102188388
nextgen_prospective__nextgen_prospective_003__cluster_3water__equilibrium,584,-4.855326853590395,1.5223426060352072,2.1279999999999997,-0.0005945531198516818
nextgen_prospective__nextgen_prospective_003__cluster_3water__equilibrium,585,-6.099834875192111,2.3307891900194364,2.1279999999999997,0.0002207482492013746
nextgen_prospective__nextgen_prospective_003__cluster_3water__equilibrium,586,-5.469946136906098,0.34434012562106153,2.1279999999999997,-0.0011116947683307288
nextgen_prospective__nextgen_prospective_003__cluster_3water__equilibrium,587,-4.45652659402057,2.6601668590722447,2.1279999999999997,4.9262404884231614e-05
nextgen_prospective__nextgen_prospective_003__cluster_3water__equilibrium,588,-7.066181717783029,1.4964533419432546,2.1279999999999997,0.00012088940907828416
nextgen_prospective__nextgen_prospective_003__cluster_3water__equilibrium,589,-4.107217745024822,0.5433781077264479,1.7181511248761308,-0.0028863222778561237
nextgen_prospective__nextgen_prospective_003__cluster_3water__equilibrium,590,-5.763844317907318,3.4455308576661867,2.025991783420903,0.0005476128825288029
nextgen_prospective__nextgen_prospective_003__cluster_3water__equilibrium,591,-6.541550563036019,0.026508395904793786,2.1279999999999997,-0.000782498668614906
nextgen_prospective__nextgen_prospective_003__cluster_3water__equilibrium,592,-3.5512561596199737,2.1320141483347776,1.86404489997584,-0.0013018900392722799
nextgen_prospective__nextgen_prospective_003__cluster_3water__equilibrium,593,-7.29378878815482,2.6220549008817646,2.1279999999999997,0.00039757964039655036
nextgen_prospective__nextgen_prospective_003__cluster_3water__equilibrium,594,-4.816267763034804,-0.3112120432218767,1.6015138912388107,-0.003379037398806073
nextgen_prospective__nextgen_prospective_003__cluster_3water__equilibrium,595,-4.666268240582979,3.605785095857563,1.7229085120453058,0.00070149632990546
nextgen_prospective__nextgen_prospective_003__cluster_3water__equilibrium,596,-7.450899591838121,0.803024201737923,2.128,-0.00015322573241016713
nextgen_prospective__nextgen_prospective_003__cluster_3water__equilibrium,597,-3.5012129808535892,1.0155091433160734,1.2934964958639033,-0.007335050781150265
nextgen_prospective__nextgen_prospective_003__cluster_3water__equilibrium,598,-6.55193551909334,3.532113275732877,1.5497180405752615,0.0004768296396995275
nextgen_prospective__nextgen_prospective_003__cluster_3water__equilibrium,599,-6.012639538369739,-0.3332216065980468,1.9465666961047103,-0.0018957444275464752
nextgen_prospective__nextgen_prospective_003__cluster_3water__equilibrium,600,-3.8414200076253144,2.8567110757919876,1.7727479579039447,-0.000621664456230242
nextgen_prospective__nextgen_prospective_003__cluster_3water__equilibrium,601,-7.516513394319898,1.9985901378806474,2.002347964486188,0.00010700896609483479
nextgen_prospective__nextgen_prospective_003__cluster_3water__equilibrium,602,-6.807288712105497,0.5233804109305161,2.1279999999999997,-0.0009131428586788282
nextgen_prospective__nextgen_prospective_003__cluster_3water__equilibrium,603,-3.959514732856743,1.7930776385810885,1.5204627704105198,-0.004148694250495133
nextgen_prospective__nextgen_prospective_003__cluster_3water__equilibrium,604,-6.672608187154601,2.697174950095413,1.4407499142729974,-6.262374789889336e-05
nextgen_prospective__nextgen_prospective_003__cluster_3water__equilibrium,605,-5.434130354554171,0.5139154537166173,1.7171049417202735,-0.002731798674789232
nextgen_prospective__nextgen_prospective_003__cluster_3water__equilibrium,606,-5.006516299178713,2.5710910062072374,1.400782935716851,-0.0011691459692819706
nextgen_prospective__nextgen_prospective_003__cluster_3water__equilibrium,607,-6.164718346447477,1.6542155806562535,1.7451536015031663,-0.0010352516408906887
nextgen_prospective__nextgen_prospective_003__cluster_3water__equilibrium,608,-4.666989255049423,1.477882032648868,2.7360000000000007,-0.0004719791379907967
nextgen_prospective__nextgen_prospective_003__cluster_3water__equilibrium,609,-6.267070997108775,2.5173133549143056,2.7359999999999998,0.00015834587408392053
nextgen_prospective__nextgen_prospective_003__cluster_3water__equilibrium,610,-5.4572140478839,-0.036692585026462665,2.736,-0.0011141622018642217
nextgen_prospective__nextgen_prospective_003__cluster_3water__equilibrium,611,-4.154246064173935,2.9407989294107737,2.736,0.00044677107926904824
nextgen_prospective__nextgen_prospective_003__cluster_3water__equilibrium,612,-7.509516937582813,1.4445958359592148,2.7360000000000007,-4.58333876514061e-05
nextgen_prospective__nextgen_prospective_003__cluster_3water__equilibrium,613,-3.7051346868936883,0.2192133919661773,2.2797350065016335,-0.00273506132916701
nextgen_prospective__nextgen_prospective_003__cluster_3water__equilibrium,614,-5.835083137742611,3.9505526418886996,2.5843964939839927,0.0006167195158304217
nextgen_prospective__nextgen_prospective_003__cluster_3water__equilibrium,615,-6.8349911671938,-0.4453333803759498,2.7360000000000007,-0.0008862586843849662
nextgen_prospective__nextgen_prospective_003__cluster_3water__equilibrium,616,-2.9903269342303114,2.261745444176887,2.422629115238191,-7.245448662462906e-05
nextgen_prospective__nextgen_prospective_003__cluster_3water__equilibrium,617,-7.802154599489399,2.891797840308728,2.7163439978068675,0.0002387754963240063
nextgen_prospective__nextgen_prospective_003__cluster_3water__equilibrium,618,-4.616770424335092,-0.8795453735388118,2.1678024752645877,-0.0034254783211880024
nextgen_prospective__nextgen_prospective_003__cluster_3water__equilibrium,619,-4.42391389546846,4.156593805277611,2.28434660793596,0.0014732807440438478
nextgen_prospective__nextgen_prospective_003__cluster_3water__equilibrium,620,-8.004154204225072,0.5530440842666452,2.7359999999999998,-0.0003400148418255533
nextgen_prospective__nextgen_prospective_003__cluster_3water__equilibrium,621,-6.848343253553211,4.0618728936887285,2.1188469356156907,0.00043553051300859735
nextgen_prospective__nextgen_prospective_003__cluster_3water__equilibrium,622,-6.154962706908581,-0.9078433835938876,2.5046827409394896,-0.0019342634718833018
nextgen_prospective__nextgen_prospective_003__cluster_3water__equilibrium,623,-3.363394738808606,3.193498636621872,1.6283744535100748,0.0008805948308623357
nextgen_prospective__nextgen_prospective_003__cluster_3water__equilibrium,624,-8.088514807415931,2.0902002878787203,2.5605950381657667,-6.097821359807298e-05
nextgen_prospective__nextgen_prospective_003__cluster_3water__equilibrium,625,-3.9946057062255393,-0.18531520087270573,1.758394672895857,-0.006851794340199113
nextgen_prospective__nextgen_prospective_003__cluster_3water__equilibrium,626,-5.429027977494346,4.105068651672083,1.8072887551687482,0.0005067227791499818
nextgen_prospective__nextgen_prospective_003__cluster_3water__equilibrium,627,-7.176654501711699,0.19350206751426477,2.7359999999999998,-0.0010047469583249757
nextgen_prospective__nextgen_prospective_003__cluster_3water__equilibrium,628,-3.5152308141061575,1.8259699316364297,2.013639209375136,-0.0038496346524610203
nextgen_prospective__nextgen_prospective_003__cluster_3water__equilibrium,629,-7.003493826774832,2.988380760726276,2.017558466057251,-0.00011670453331147357
nextgen_prospective__nextgen_prospective_003__cluster_3water__equilibrium,630,-5.411165184859993,0.18133283681068071,2.278721343704675,-0.002659552269392851
nextgen_prospective__nextgen_prospective_003__cluster_3water__equilibrium,631,-4.861375685091547,2.82627283287005,1.9810418545147925,-0.0008262948818082982
nextgen_prospective__nextgen_prospective_003__cluster_3water__equilibrium,632,-6.3504926030085285,1.6474330000187847,2.305955090132981,-0.001004273672942535
nextgen_prospective__nextgen_prospective_003__cluster_3water__equilibrium,633,-6.0250744291065494,2.949166207617544,1.6644743177237378,0.0005603670585712095
nextgen_prospective__nextgen_prospective_003__cluster_3water__equilibrium,634,-4.727725786076386,3.20920120950134,1.6799999999999997,0.00029666354543778084
nextgen_prospective__nextgen_prospective_003__cluster_3water__equilibrium,635,-5.7598187259869755,3.8292254189176105,1.68,0.0006200504681057595
nextgen_prospective__nextgen_prospective_003__cluster_3water__equilibrium,636,-4.013038601023283,2.7922385431296557,1.68,-0.0006679857524618527
nextgen_prospective__nextgen_prospective_003__cluster_3water__equilibrium,637,-6.967669623550793,3.1791128214562243,1.68,0.00043895825322648463
nextgen_prospective__nextgen_prospective_003__cluster_3water__equilibrium,638,-4.893311296520392,3.955741922752907,1.68,0.0008277278634247764
nextgen_prospective__nextgen_prospective_003__cluster_3water__equilibrium,639,-7.091704468563926,1.743035953711086,1.654149943126335,0.0002906564153919433
nextgen_prospective__nextgen_prospective_003__cluster_3water__equilibrium,640,-6.381995990081204,3.897579959496576,1.68,0.00041319596895394994
nextgen_prospective__nextgen_prospective_003__cluster_3water__equilibrium,641,-4.242115323132762,3.3643676963853477,1.6799999999999997,0.00022780339554895335
nextgen_prospective__nextgen_prospective_003__cluster_3water__equilibrium,642,-7.143504838944276,2.6869037980342894,1.6800000000000002,0.00010181089236338536
nextgen_prospective__nextgen_prospective_003__cluster_3water__equilibrium,643,-5.510486610045058,3.9241036705389862,1.68,0.0003590009096581248
nextgen_prospective__nextgen_prospective_003__cluster_3water__equilibrium,644,-6.583590616143434,1.522264539915765,1.6800000000000002,-0.0006114150362694915
nextgen_prospective__nextgen_prospective_003__cluster_3water__equilibrium,645,-4.3353480009470475,2.5246570880609536,1.68,-0.0016248757866490493
nextgen_prospective__nextgen_prospective_003__cluster_3water__equilibrium,646,-6.477263885919041,3.238418123466999,1.6799999999999997,-3.990354243255112e-05
nextgen_prospective__nextgen_prospective_003__cluster_3water__equilibrium,647,-5.499518228602912,1.514792205273213,1.68,-0.0018575532061477773
nextgen_prospective__nextgen_prospective_003__cluster_3water__equilibrium,648,-5.161928184885446,3.138878167765808,1.6799999999999997,-0.0004192131832980728
nextgen_prospective__nextgen_prospective_003__cluster_3water__equilibrium,649,-6.07629822220289,2.4150291475939785,1.68,-0.0006637119779702161
nextgen_prospective__nextgen_prospective_003__cluster_3water__equilibrium,650,-4.8938805184675855,2.275818451798674,1.6973602620111445,-0.00022536868128586462
nextgen_prospective__nextgen_prospective_003__cluster_3water__equilibrium,651,-6.157102946409179,3.096422127271388,2.0825605495458603,0.0004745803427144146
nextgen_prospective__nextgen_prospective_003__cluster_3water__equilibrium,652,-4.489083262513252,3.4307528439791257,2.1599999999999997,0.0007027664381462628
nextgen_prospective__nextgen_prospective_003__cluster_3water__equilibrium,653,-7.137981320467628,2.249539875464737,1.9336618376791916,0.00043515487954692844
nextgen_prospective__nextgen_prospective_003__cluster_3water__equilibrium,654,-5.8160598995411545,4.227926827514331,2.16,0.0007165030808677919
nextgen_prospective__nextgen_prospective_003__cluster_3water__equilibrium,655,-3.570199738873549,2.8946579872155316,2.1560750164815454,0.00018330079255335363
nextgen_prospective__nextgen_prospective_003__cluster_3water__equilibrium,656,-7.369011053551777,3.392067773635406,2.1600000000000006,0.0003434900225238735
nextgen_prospective__nextgen_prospective_003__cluster_3water__equilibrium,657,-4.701978918798404,4.390590903873997,2.16,0.0013354965857281798
nextgen_prospective__nextgen_prospective_003__cluster_3water__equilibrium,658,-7.52848442571152,1.545683229391656,2.071957136123093,4.923491129771307e-05
nextgen_prospective__nextgen_prospective_003__cluster_3water__equilibrium,659,-3.5194040311031585,1.7613634332491774,1.4631605660840885,-0.00496310767711261
nextgen_prospective__nextgen_prospective_003__cluster_3water__equilibrium,660,-6.616002096233734,4.315811236830144,2.1599999999999997,0.0004340334351935482
nextgen_prospective__nextgen_prospective_003__cluster_3water__equilibrium,661,-6.068596401514289,0.39235101792281424,1.6783329194502286,-0.0016378743491944903
nextgen_prospective__nextgen_prospective_003__cluster_3water__equilibrium,662,-3.864726953014308,3.630252612829993,1.7918510175170692,0.0011197257141049022
nextgen_prospective__nextgen_prospective_003__cluster_3water__equilibrium,663,-7.595084901914827,2.7592276006643464,2.1599999999999997,1.0341743009956161e-05
nextgen_prospective__nextgen_prospective_003__cluster_3water__equilibrium,664,-4.363051400975045,0.9627680042816421,1.3642867553552407,-0.00513294086342686
nextgen_prospective__nextgen_prospective_003__cluster_3water__equilibrium,665,-5.495490036187261,4.349913151027528,2.1599999999999997,0.0005313896626351067
nextgen_prospective__nextgen_prospective_003__cluster_3water__equilibrium,666,-6.875195186885171,1.2618342687976718,2.16,-0.0007393206027237476
nextgen_prospective__nextgen_prospective_003__cluster_3water__equilibrium,667,-3.9845975387755335,2.550624687841486,2.16,-0.0014975644190879933
nextgen_prospective__nextgen_prospective_003__cluster_3water__equilibrium,668,-6.738489390882382,3.468317447649259,2.16,-4.1978180529866904e-05
nextgen_prospective__nextgen_prospective_003__cluster_3water__equilibrium,669,-5.481387831475931,1.2522269814001055,2.16,-0.0019749733404115233
nextgen_prospective__nextgen_prospective_003__cluster_3water__equilibrium,670,-5.047343489553473,3.3403375046048702,2.16,-0.00027729968158096696
nextgen_prospective__nextgen_prospective_003__cluster_3water__equilibrium,671,-6.222962108961616,2.409674478669661,2.16,-0.0006765413389935304
nextgen_prospective__nextgen_prospective_003__cluster_3water__equilibrium,672,-4.257894769327747,1.04127629046444,1.68,-0.002098190376470299
nextgen_prospective__nextgen_prospective_003__cluster_3water__equilibrium,673,-4.743120519313828,0.11127433224274572,1.68,-0.002554842428276416
nextgen_prospective__nextgen_prospective_003__cluster_3water__equilibrium,674,-3.9430524591410423,1.93955859549368,1.68,-0.0015839406255642174
nextgen_prospective__nextgen_prospective_003__cluster_3water__equilibrium,675,-3.667282315197031,0.26840958127331405,1.6800000000000002,-0.005026898207270314
nextgen_prospective__nextgen_prospective_003__cluster_3water__equilibrium,676,-5.589124013626924,-0.1396454543753603,1.68,-0.0019796027006808714
nextgen_prospective__nextgen_prospective_003__cluster_3water__equilibrium,677,-3.2283652740879405,1.5225959291219955,1.68,-0.003933609705923047
nextgen_prospective__nextgen_prospective_003__cluster_3water__equilibrium,678,-4.227058645204911,-0.40626685368588966,1.68,-0.005135767240364242
nextgen_prospective__nextgen_prospective_003__cluster_3water__equilibrium,679,-4.108637969585049,2.6860993087452467,1.5563010831341566,-0.0010610386623888246
nextgen_prospective__nextgen_prospective_003__cluster_3water__equilibrium,680,-5.1715626783640705,-0.4236428247723398,1.68,-0.003405677741943336
nextgen_prospective__nextgen_prospective_003__cluster_3water__equilibrium,681,-3.4574419961974194,2.0947250823776877,1.6799999999999997,-0.0032886913709821997
nextgen_prospective__nextgen_prospective_003__cluster_3water__equilibrium,682,-3.8450276779446595,0.020014831284526313,1.5200946847037324,-0.007973371706572863
nextgen_prospective__nextgen_prospective_003__cluster_3water__equilibrium,683,-5.798917289208091,0.2526219259081049,1.6800000000000002,-0.0022202419040215915
nextgen_prospective__nextgen_prospective_003__cluster_3water__equilibrium,684,-3.5506746740117054,1.2550144740532934,1.51428448867037,-0.006859337249833786
nextgen_prospective__nextgen_prospective_003__cluster_3water__equilibrium,685,-4.714844901667568,0.2451495912655531,1.68,-0.004380232405673201
nextgen_prospective__nextgen_prospective_003__cluster_3water__equilibrium,686,-4.377254857950103,1.8692355537581482,1.68,-0.0030396199412940916
nextgen_prospective__nextgen_prospective_003__cluster_3water__equilibrium,687,-5.291624895267547,1.1453865335863187,1.68,-0.0025248416255507777
nextgen_prospective__nextgen_prospective_003__cluster_3water__equilibrium,688,-4.109207191532243,1.0061758377910142,2.16,-0.0015671381150235142
nextgen_prospective__nextgen_prospective_003__cluster_3water__equilibrium,689,-5.372429619473835,1.826779513263728,1.64902546993978,-0.0001718348644663692
nextgen_prospective__nextgen_prospective_003__cluster_3water__equilibrium,690,-4.733068870085777,-0.18954096563687833,2.16,-0.0022117690544298796
nextgen_prospective__nextgen_prospective_003__cluster_3water__equilibrium,691,-3.70440993557791,2.1611102299714657,2.1599999999999997,-0.0006541781183093676
nextgen_prospective__nextgen_prospective_003__cluster_3water__equilibrium,692,-3.349848321935609,0.012490068830995182,1.9988364550151505,-0.004577090607263745
nextgen_prospective__nextgen_prospective_003__cluster_3water__equilibrium,693,-5.031386572605811,2.9582842135066705,1.607703211517282,0.00016336108984926767
nextgen_prospective__nextgen_prospective_003__cluster_3water__equilibrium,694,-5.820787648488329,-0.5121521198601576,2.16,-0.0017501086087166051
nextgen_prospective__nextgen_prospective_003__cluster_3water__equilibrium,695,-2.7855264119382066,1.6250153732078718,1.7661213814488068,-0.002346578677661526
nextgen_prospective__nextgen_prospective_003__cluster_3water__equilibrium,696,-4.069560746231455,-0.8549510618308381,2.16,-0.004880969315620209
nextgen_prospective__nextgen_prospective_003__cluster_3water__equilibrium,697,-3.9173055918630615,3.120948289866338,1.869777189688901,0.00030007016152477917
nextgen_prospective__nextgen_prospective_003__cluster_3water__equilibrium,698,-6.7438110987761775,0.27604061538399616,1.876911441525895,-0.0006866013344648536
nextgen_prospective__nextgen_prospective_003__cluster_3water__equilibrium,699,-5.283923074578946,-0.8772915960848455,2.16,-0.0030954276005070724
nextgen_prospective__nextgen_prospective_003__cluster_3water__equilibrium,700,-3.0800536260789655,2.360609998822333,2.020967519901127,-0.0017051284371900621
nextgen_prospective__nextgen_prospective_003__cluster_3water__equilibrium,701,-6.810411574979485,1.489584986656687,1.6154334354592004,-0.0001228061131648417
nextgen_prospective__nextgen_prospective_003__cluster_3water__equilibrium,702,-3.5783780740397026,-0.30687460972601777,1.4700609503819226,-0.0081506427853415
nextgen_prospective__nextgen_prospective_003__cluster_3water__equilibrium,703,-4.710816709251919,3.080270537019868,1.301435230807242,-0.0005102613065535166
nextgen_prospective__nextgen_prospective_003__cluster_3water__equilibrium,704,-6.0905218599498285,-0.007808345209988243,2.16,-0.0019418581737400409
nextgen_prospective__nextgen_prospective_003__cluster_3water__equilibrium,705,-3.1999242118401905,1.2809820738338262,1.4623308861605118,-0.006519849103043818
nextgen_prospective__nextgen_prospective_003__cluster_3water__equilibrium,706,-5.953816063947039,2.1986748336415993,1.3159838200853105,-0.0007825026047010297
nextgen_prospective__nextgen_prospective_003__cluster_3water__equilibrium,707,-4.696714504540588,-0.017415632607554632,2.16,-0.003981570219160346
nextgen_prospective__nextgen_prospective_003__cluster_3water__equilibrium,708,-4.26267016261813,2.0706948905972107,2.1227810564951515,-0.0023230060206831382
nextgen_prospective__nextgen_prospective_003__cluster_3water__equilibrium,709,-5.438288782026274,1.140031864662001,2.16,-0.002106173910598752
