dataset,config_id,probe_index,projected_x_A,projected_y_A,qm_hartree_per_e,glider_hartree_per_e,mace_polar_l_hartree_per_e
prospective_2,nextgen_prospective__nextgen_prospective_003__cluster_3water__equilibrium,0,3.8905691341351103,-1.301003073037767,0.001567360644890492,0.0027474480987271987,0.0026722958378748614
prospective_2,nextgen_prospective__nextgen_prospective_003__cluster_3water__equilibrium,1,2.375871871001441,-0.3170384806885408,0.0006769750036736966,-0.0008293012113368993,0.0005748517707980783
prospective_2,nextgen_prospective__nextgen_prospective_003__cluster_3water__equilibrium,2,3.1425127695732336,-2.7347560919628786,-0.0019490459553619388,-0.00040503101063003085,0.0003370409830925898
prospective_2,nextgen_prospective__nextgen_prospective_003__cluster_3water__equilibrium,3,4.375951029006278,0.08384881388231158,0.003977430953364003,0.004473433868060107,0.0037930626295571636
prospective_2,nextgen_prospective__nextgen_prospective_003__cluster_3water__equilibrium,4,1.1997260428480214,-1.3325130326233674,-0.002944638851111847,-0.0051801151498595205,-0.002734635646352047
prospective_2,nextgen_prospective__nextgen_prospective_003__cluster_3water__equilibrium,5,4.801096667586628,-2.4925059163740855,0.0011964128453891831,0.0056481595560923786,0.003729858218639635
prospective_2,nextgen_prospective__nextgen_prospective_003__cluster_3water__equilibrium,6,2.784807746644118,1.039719470065728,0.002591732660297996,0.0007170029532230339,0.0019734519111630528
prospective_2,nextgen_prospective__nextgen_prospective_003__cluster_3water__equilibrium,7,1.8382573825072104,-3.121590762999126,-0.004816630973449421,-0.004882683245096719,-0.003084768763165411
prospective_2,nextgen_prospective__nextgen_prospective_003__cluster_3water__equilibrium,8,5.477760439296476,-0.5589686301073687,0.004878134385539745,0.007250669779726802,0.005247993973624453
prospective_2,nextgen_prospective__nextgen_prospective_003__cluster_3water__equilibrium,9,3.9381081588244804,-3.532632086936192,-0.002430606161183846,-0.0009318197965686578,0.0005419193390078646
prospective_2,nextgen_prospective__nextgen_prospective_003__cluster_3water__equilibrium,10,4.120673367071768,1.2347657468118105,0.004190364038670236,0.0035809241359023814,0.003280320956875378
prospective_2,nextgen_prospective__nextgen_prospective_003__cluster_3water__equilibrium,11,2.4819977743707757,-3.5594200423611357,-0.005462656701836988,-0.004176514383248462,-0.002817117079437613
prospective_2,nextgen_prospective__nextgen_prospective_003__cluster_3water__equilibrium,12,5.12460049271103,0.32306381449515653,0.005035717862681199,0.005387846902540473,0.004011833050816523
prospective_2,nextgen_prospective__nextgen_prospective_003__cluster_3water__equilibrium,13,3.1691947587212392,1.1859901079820157,0.0017413597350270926,0.00017148911590261122,0.0013425538368390278
prospective_2,nextgen_prospective__nextgen_prospective_003__cluster_3water__equilibrium,14,1.5148260826529125,-2.5168452183954506,-0.0058013062072848065,-0.006784241895519761,-0.004506664308514869
prospective_2,nextgen_prospective__nextgen_prospective_003__cluster_3water__equilibrium,15,4.980866781080673,-0.9714900400049511,0.0032847144532661687,0.004079987510990874,0.0029103614019345115
prospective_2,nextgen_prospective__nextgen_prospective_003__cluster_3water__equilibrium,16,1.6787464584155165,0.12889155624603604,-0.0024446189168711996,-0.004926743460219767,-0.002108599417475672
prospective_2,nextgen_prospective__nextgen_prospective_003__cluster_3water__equilibrium,17,3.1861043467778822,-2.5283650676360505,-0.0031221582050160457,-0.0021488782164966647,-0.0013392027695294537
prospective_2,nextgen_prospective__nextgen_prospective_003__cluster_3water__equilibrium,18,3.706555664175643,-0.024565875459967218,0.0009608954769233513,0.0006292534503159941,0.0009091267146470762
prospective_2,nextgen_prospective__nextgen_prospective_003__cluster_3water__equilibrium,19,2.2969018566445825,-1.140499781558204,-0.002815537777982602,-0.00403548976905519,-0.002253096814785989
prospective_2,nextgen_prospective__nextgen_prospective_003__cluster_3water__equilibrium,20,4.119795816569845,-1.3551162709092983,0.0010367263650530312,0.0017877794087774119,0.0022174958804320154
prospective_2,nextgen_prospective__nextgen_prospective_003__cluster_3water__equilibrium,21,2.1723279068265553,-0.09001893788886431,0.0005147497617330465,-0.00029054642355001335,0.0006299560008897415
prospective_2,nextgen_prospective__nextgen_prospective_003__cluster_3water__equilibrium,22,3.1580090621331456,-3.1985130095272996,-0.0012695474974102616,-0.00032608970860327523,0.00014488344322104415
prospective_2,nextgen_prospective__nextgen_prospective_003__cluster_3water__equilibrium,23,4.743858252832774,0.4254075837022316,0.002640110006400409,0.002950794930071842,0.0032035973102021308
prospective_2,nextgen_prospective__nextgen_prospective_003__cluster_3water__equilibrium,24,0.6601404134864441,-1.3956290760907846,-0.002570700872733589,-0.003469309624498606,-0.0025053304610275252
prospective_2,nextgen_prospective__nextgen_prospective_003__cluster_3water__equilibrium,25,5.290474073864654,-2.8870484980559943,0.0010273768855921794,0.003873926957232571,0.0030699365623987154
prospective_2,nextgen_prospective__nextgen_prospective_003__cluster_3water__equilibrium,26,2.698102604081426,1.6543841416523384,0.0022356214265886187,0.001307806785274377,0.0021826926502652695
prospective_2,nextgen_prospective__nextgen_prospective_003__cluster_3water__equilibrium,27,1.4811092787625444,-3.6958718722881883,-0.0036790363006073967,-0.003394705263283444,-0.0029148819355680885
prospective_2,nextgen_prospective__nextgen_prospective_003__cluster_3water__equilibrium,28,6.160470351777317,-0.40107198714164344,0.003046056610880754,0.004672978335928768,0.0042901983745494
prospective_2,nextgen_prospective__nextgen_prospective_003__cluster_3water__equilibrium,29,4.180917419741892,-4.224353574492987,-0.0011053757876919867,-0.00044681816327325183,5.8260882074363476e-05
prospective_2,nextgen_prospective__nextgen_prospective_003__cluster_3water__equilibrium,30,4.415644116059831,1.9051579260401585,0.0029406264405533733,0.0025542952636919015,0.00291107910028317
prospective_2,nextgen_prospective__nextgen_prospective_003__cluster_3water__equilibrium,31,2.3087754968728436,-4.258795231467915,-0.00367388190686313,-0.0029052575640751855,-0.002718318170611814
prospective_2,nextgen_prospective__nextgen_prospective_003__cluster_3water__equilibrium,32,5.706407563310313,0.7329697273473179,0.003196285862723691,0.0034059422378354505,0.00325358274305833
prospective_2,nextgen_prospective__nextgen_prospective_003__cluster_3water__equilibrium,33,4.938157372704177,-3.379402377498056,0.0007237169364162632,0.0009944046341095257,0.0007270217727509599
prospective_2,nextgen_prospective__nextgen_prospective_003__cluster_3water__equilibrium,34,3.1923144767520104,1.842446390401851,0.0013509569311405123,0.0005956306113183898,0.00144311370822913
prospective_2,nextgen_prospective__nextgen_prospective_003__cluster_3water__equilibrium,35,1.0652690360927324,-2.918341886369177,-0.00468302036712176,-0.004757175474784468,-0.004207794304457237
prospective_2,nextgen_prospective__nextgen_prospective_003__cluster_3water__equilibrium,36,5.521607076928424,-0.9314566570099634,0.002106388448439578,0.0023886143427318367,0.0021962550445357503
prospective_2,nextgen_prospective__nextgen_prospective_003__cluster_3water__equilibrium,37,1.2760238049303665,0.48331968102702033,-0.002139572923663291,-0.002964781739281131,-0.001654161889963813
prospective_2,nextgen_prospective__nextgen_prospective_003__cluster_3water__equilibrium,38,3.21405537568198,-2.933153121107092,-0.0020200613460006345,-0.0015392568515545033,-0.0013648225128695894
prospective_2,nextgen_prospective__nextgen_prospective_003__cluster_3water__equilibrium,39,3.883207069479101,0.28601726883358736,0.000636919163702121,0.0003997758496854902,0.0007368155515827869
prospective_2,nextgen_prospective__nextgen_prospective_003__cluster_3water__equilibrium,40,2.0707950312248804,-1.1487548961498601,-0.0021788399289301985,-0.0027099363296060174,-0.002015987657512957
prospective_2,nextgen_prospective__nextgen_prospective_003__cluster_3water__equilibrium,41,2.0063753111897187,-0.7489030266713839,-0.00043837952774872235,-0.0023423146939071356,-0.0004430077386900262
prospective_2,nextgen_prospective__nextgen_prospective_003__cluster_3water__equilibrium,42,0.6144913396614818,0.1552806527846619,-0.00045327748662948864,-0.0014687317275646093,-0.0006875527155444729
prospective_2,nextgen_prospective__nextgen_prospective_003__cluster_3water__equilibrium,43,1.3189721653761017,-2.066405800818784,-0.003407871796603512,-0.004674946020625916,-0.0028533507460826663
prospective_2,nextgen_prospective__nextgen_prospective_003__cluster_3water__equilibrium,44,2.4524019172875478,0.5236635721200398,0.0018433946224689635,-0.0003446562402248145,0.001232609959284911
prospective_2,nextgen_prospective__nextgen_prospective_003__cluster_3water__equilibrium,45,2.050059820363735,-2.7995891475510177,-0.006987183068090097,-0.008343790991228334,-0.0035004495779746027
prospective_2,nextgen_prospective__nextgen_prospective_003__cluster_3water__equilibrium,46,3.1403500731243477,0.7434827618723837,0.0028568939911233215,0.00021482211232266716,0.001449575213901155
prospective_2,nextgen_prospective__nextgen_prospective_003__cluster_3water__equilibrium,47,1.3590292903749686,-1.876749183869807,-0.00492962369110117,-0.006220713209027008,-0.004258471663386221
prospective_2,nextgen_prospective__nextgen_prospective_003__cluster_3water__equilibrium,48,1.8372818523080459,0.42403926299470246,-0.0016334565157580805,-0.0032204108567115684,-0.0013858518628446523
prospective_2,nextgen_prospective__nextgen_prospective_003__cluster_3water__equilibrium,49,0.5419242994416661,-0.6014135155820557,-0.004085310020809807,-0.004675071264841739,-0.0036064899788418128
prospective_2,nextgen_prospective__nextgen_prospective_003__cluster_3water__equilibrium,50,2.217016046400015,-0.7986286679587369,-6.0131516402606167e-05,-0.0008661854922203356,0.00018152243299134622
prospective_2,nextgen_prospective__nextgen_prospective_003__cluster_3water__equilibrium,51,0.4274509401494247,0.36389320562760785,-2.5976375585212708e-05,-0.0007670637075732323,-0.00012905551659495403
prospective_2,nextgen_prospective__nextgen_prospective_003__cluster_3water__equilibrium,52,1.3332120017825075,-2.492560806148251,-0.0026147581700763922,-0.003026080520023264,-0.0021870791916893543
prospective_2,nextgen_prospective__nextgen_prospective_003__cluster_3water__equilibrium,53,2.7904788256686532,0.8375283876302364,0.0019656396764853312,0.0009089619175062982,0.001822289989107215
prospective_2,nextgen_prospective__nextgen_prospective_003__cluster_3water__equilibrium,54,-0.9621267564333802,-0.835856651098481,-0.0032650399068026026,-0.003609498252826955,-0.002857173298133949
prospective_2,nextgen_prospective__nextgen_prospective_003__cluster_3water__equilibrium,55,3.292774444995245,-2.2063501739854305,-0.002073176826751233,0.0007642968437240215,0.001095604452318983
prospective_2,nextgen_prospective__nextgen_prospective_003__cluster_3water__equilibrium,56,0.9105952565457923,1.966858197638443,0.003271412668841567,0.0030527693717493877,0.002418397958100266
prospective_2,nextgen_prospective__nextgen_prospective_003__cluster_3water__equilibrium,57,-0.2077229342877745,-2.9495932746312308,-0.004866894691760937,-0.004715510905209616,-0.004358315048174034
prospective_2,nextgen_prospective__nextgen_prospective_003__cluster_3water__equilibrium,58,2.273181843909464,-3.4352251090896946,-0.005519579483208137,-0.004536686024576613,-0.0027926252648576948
prospective_2,nextgen_prospective__nextgen_prospective_003__cluster_3water__equilibrium,59,0.5528352120838519,-3.4668741992828713,-0.005477549662158854,-0.005016593938431535,-0.004740628461878635
prospective_2,nextgen_prospective__nextgen_prospective_003__cluster_3water__equilibrium,60,3.674983597458824,1.1201530601689647,0.0030759426785689215,0.0019758873007102813,0.0022156807038769552
prospective_2,nextgen_prospective__nextgen_prospective_003__cluster_3water__equilibrium,61,2.9690239628477797,-2.6587834686078655,-0.005679534547392784,-0.003965620007546808,-0.0018291373753958995
prospective_2,nextgen_prospective__nextgen_prospective_003__cluster_3water__equilibrium,62,1.3647358962971399,2.1396721559488054,0.0006888235020654498,0.0011954506774271784,0.0014416034530581575
prospective_2,nextgen_prospective__nextgen_prospective_003__cluster_3water__equilibrium,63,-0.5898464005248991,-2.2351062605434904,-0.005724949154530368,-0.0054839193201967,-0.004971429224044522
prospective_2,nextgen_prospective__nextgen_prospective_003__cluster_3water__equilibrium,64,3.5051669342970886,-0.4093198335647535,0.00043039143212642017,0.00013732917757725097,0.0005574569581447068
prospective_2,nextgen_prospective__nextgen_prospective_003__cluster_3water__equilibrium,65,-0.3961798561876137,0.8907449094962585,-0.003223141980682076,-0.0027864370014339863,-0.0016061077421608344
prospective_2,nextgen_prospective__nextgen_prospective_003__cluster_3water__equilibrium,66,1.3847140196381933,-2.2487165843567096,-0.003822106081238008,-0.004243568437078853,-0.0035285946347530235
prospective_2,nextgen_prospective__nextgen_prospective_003__cluster_3water__equilibrium,67,1.9996101706950076,0.7094399901833743,-0.0009610329552920405,-0.0017166059645432612,-0.000761531117128882
prospective_2,nextgen_prospective__nextgen_prospective_003__cluster_3water__equilibrium,68,0.33415045986680436,-0.6089992965581722,-0.0032953886298594526,-0.0035312184496752016,-0.0029697675753271864
prospective_2,nextgen_prospective__nextgen_prospective_003__cluster_3water__equilibrium,69,1.7092091873847282,0.6068009166021624,0.0009168865216278022,-0.00045782948201326967,0.0006906329717235387
prospective_2,nextgen_prospective__nextgen_prospective_003__cluster_3water__equilibrium,70,0.3173252158564913,1.5109845960582082,0.002303382445501878,0.00158852374755647,0.0015278302211186611
prospective_2,nextgen_prospective__nextgen_prospective_003__cluster_3water__equilibrium,71,1.0218060415711112,-0.7107018575452378,-0.0019339379909792953,-0.00392625372276989,-0.0020876157364330553
prospective_2,nextgen_prospective__nextgen_prospective_003__cluster_3water__equilibrium,72,2.1552357934825572,1.8793675153935858,0.0022552375816768944,0.0015187243613550702,0.0021974035523816137
prospective_2,nextgen_prospective__nextgen_prospective_003__cluster_3water__equilibrium,73,0.6931041286092217,2.757735145399969,0.004857597689405413,0.004878371036978756,0.0034945337054011418
prospective_2,nextgen_prospective__nextgen_prospective_003__cluster_3water__equilibrium,74,3.167709305641119,1.2886704047003663,0.0031797547062613063,0.0013221167336876403,0.0024013515323637806
prospective_2,nextgen_prospective__nextgen_prospective_003__cluster_3water__equilibrium,75,1.920656320353548,2.936966859166639,0.002827838709476893,0.003347038935084971,0.003030400674718561
prospective_2,nextgen_prospective__nextgen_prospective_003__cluster_3water__equilibrium,76,2.843183949319357,2.09918670514593,0.0017406715525551952,0.0007061147586254863,0.0019279328340270861
prospective_2,nextgen_prospective__nextgen_prospective_003__cluster_3water__equilibrium,77,1.046324626193603,2.8921460018635843,0.0021919173954350057,0.003020144184439373,0.002670072715026621
prospective_2,nextgen_prospective__nextgen_prospective_003__cluster_3water__equilibrium,78,2.711104322415785,0.9095966766863717,0.00044809158689584905,-0.0013405744287915806,0.00031524307579734707
prospective_2,nextgen_prospective__nextgen_prospective_003__cluster_3water__equilibrium,79,-0.3232765146278719,1.920758143511603,-0.0007843810462340173,4.004732464485091e-05,0.0006885350149055814
prospective_2,nextgen_prospective__nextgen_prospective_003__cluster_3water__equilibrium,80,1.0618631665699776,-0.5210452405962607,-0.003961087871563684,-0.005553215586624948,-0.003530193224517908
prospective_2,nextgen_prospective__nextgen_prospective_003__cluster_3water__equilibrium,81,1.5401157285030556,1.7797432062682488,-0.00018841463394281277,-0.0003203164629244107,0.000495372865046431
prospective_2,nextgen_prospective__nextgen_prospective_003__cluster_3water__equilibrium,82,0.2447581756366755,0.7542904276914905,-0.0027310066941779176,-0.0026264901088981127,-0.0016107676655193845
prospective_2,nextgen_prospective__nextgen_prospective_003__cluster_3water__equilibrium,83,1.9198499225950245,0.5570752753148094,0.0008663844011471689,-2.5081758544460465e-06,0.0008815353820195843
prospective_2,nextgen_prospective__nextgen_prospective_003__cluster_3water__equilibrium,84,0.13028481634443417,1.7195971489011543,0.0018149525436021996,0.0011148705230128483,0.0015012294365420262
prospective_2,nextgen_prospective__nextgen_prospective_003__cluster_3water__equilibrium,85,1.036045877977517,-1.136856862874705,-0.001858208809442985,-0.003056529425513181,-0.0018524570150798467
prospective_2,nextgen_prospective__nextgen_prospective_003__cluster_3water__equilibrium,86,2.493312701863662,2.1932323309037827,0.0020562332372668912,0.0015532014303081428,0.0022206509395533212
prospective_2,nextgen_prospective__nextgen_prospective_003__cluster_3water__equilibrium,87,-1.2592928802383707,0.5198472921750654,-0.001214385820687891,-0.0016594253688155141,-0.0010392192810572856
prospective_2,nextgen_prospective__nextgen_prospective_003__cluster_3water__equilibrium,88,0.6134291327408017,3.3225621409119888,0.004076244059243894,0.0038869978021825236,0.003513085087586399
prospective_2,nextgen_prospective__nextgen_prospective_003__cluster_3water__equilibrium,89,3.795064360353242,1.4337646171553573,0.003411077171679544,0.002598189454099342,0.0029501550491665934
prospective_2,nextgen_prospective__nextgen_prospective_003__cluster_3water__equilibrium,90,-1.5865850021075811,2.1384284812501786,0.005288242154144029,0.0033038219429442697,0.0014337426515085854
prospective_2,nextgen_prospective__nextgen_prospective_003__cluster_3water__equilibrium,91,2.1917105221263644,3.5530029157548504,0.002500399969965983,0.0026450930074771225,0.0029509239932527394
prospective_2,nextgen_prospective__nextgen_prospective_003__cluster_3water__equilibrium,92,3.3778174736538333,2.4758570034425103,0.0018293282361199203,0.0013142394116126418,0.0020465978728421977
prospective_2,nextgen_prospective__nextgen_prospective_003__cluster_3water__equilibrium,93,1.0675697724921493,3.495376099222353,0.001983674843760941,0.0024578656769015162,0.002653776615724374
prospective_2,nextgen_prospective__nextgen_prospective_003__cluster_3water__equilibrium,94,-0.8870125243298898,-0.8794023172699443,-0.006350420090959652,-0.005929897495089976,-0.004679069443115778
prospective_2,nextgen_prospective__nextgen_prospective_003__cluster_3water__equilibrium,95,3.208000810492098,0.9463841097087927,0.0008138942718840525,-7.412947257879135e-05,0.0007290910920849172
prospective_2,nextgen_prospective__nextgen_prospective_003__cluster_3water__equilibrium,96,-0.6933459799926044,2.2464488527698045,-0.0004932022284132032,6.552206982017364e-05,0.000664837476088192
prospective_2,nextgen_prospective__nextgen_prospective_003__cluster_3water__equilibrium,97,1.087547895833203,-0.8930126410831631,-0.003484546142462186,-0.004385989613832022,-0.0032902998421422223
prospective_2,nextgen_prospective__nextgen_prospective_003__cluster_3water__equilibrium,98,1.7024440468900166,2.0651439334569206,1.8904336712921577e-05,-8.358332240471016e-05,0.0005632384268145
prospective_2,nextgen_prospective__nextgen_prospective_003__cluster_3water__equilibrium,99,0.03698433606181378,0.7467046467153741,-0.002316006968022144,-0.0022085063213491945,-0.001515090242233977
prospective_2,nextgen_prospective__nextgen_prospective_003__cluster_3water__equilibrium,100,0.37056757075746044,0.9893193475639979,0.0011526658797627043,0.0003888187880452157,0.0006784477852405056
prospective_2,nextgen_prospective__nextgen_prospective_003__cluster_3water__equilibrium,101,-1.0213164007707762,1.8935030270200437,0.002761206939266625,0.0014958883878311378,0.0014643042349884738
prospective_2,nextgen_prospective__nextgen_prospective_003__cluster_3water__equilibrium,102,-0.31683557505615645,-0.3281834265834022,-0.002285661613103951,-0.002665403442762325,-0.0022297574306409376
prospective_2,nextgen_prospective__nextgen_prospective_003__cluster_3water__equilibrium,103,0.8165941768552898,2.261885946355422,0.0035854586428500923,0.0033062362488621632,0.0027546094781237965
prospective_2,nextgen_prospective__nextgen_prospective_003__cluster_3water__equilibrium,104,-2.1020990536685136,0.9603642495664194,-0.002173808812785616,-0.002814438630710914,-0.0011769900286865806
prospective_2,nextgen_prospective__nextgen_prospective_003__cluster_3water__equilibrium,105,-0.6455374880180461,3.140253576361804,0.006787236716328415,0.006179726977107079,0.0035950189058548444
prospective_2,nextgen_prospective__nextgen_prospective_003__cluster_3water__equilibrium,106,-2.356659592900122,2.219260729958174,0.0008558427768763366,-0.000943998476950522,0.0003961221125182439
prospective_2,nextgen_prospective__nextgen_prospective_003__cluster_3water__equilibrium,107,0.5820147037262805,3.3194852901284744,0.0055059947316453695,0.00627673889132582,0.004019454957847459
prospective_2,nextgen_prospective__nextgen_prospective_003__cluster_3water__equilibrium,108,-2.6057594813742235,1.5219646134437668,-0.005482158531698644,-0.005989627624290838,-0.0017978320905850994
prospective_2,nextgen_prospective__nextgen_prospective_003__cluster_3water__equilibrium,109,-0.29231699043366466,3.27466443282542,0.003755182646842492,0.00468977082226388,0.003054984818519946
prospective_2,nextgen_prospective__nextgen_prospective_003__cluster_3water__equilibrium,110,-1.6619181312551394,2.303276574473439,-0.00063740481523622,-0.00032089974710512904,0.0003100096148690611
prospective_2,nextgen_prospective__nextgen_prospective_003__cluster_3water__equilibrium,111,-0.27677845005728985,-0.13852680963442504,-0.004817424616328836,-0.004562370599438296,-0.0034703332968214545
prospective_2,nextgen_prospective__nextgen_prospective_003__cluster_3water__equilibrium,112,0.2014741118757878,2.1622616372300842,-0.00020963818886077235,0.0003511622379792532,0.0008967488833196043
prospective_2,nextgen_prospective__nextgen_prospective_003__cluster_3water__equilibrium,113,-1.0938834409905922,1.1368088586533263,-0.0032136616754780967,-0.0025793059434846407,-0.0014724199723026297
prospective_2,nextgen_prospective__nextgen_prospective_003__cluster_3water__equilibrium,114,0.5812083059677567,0.9395937062766448,0.000781995732348495,8.336147650395262e-05,0.0006745224778305199
prospective_2,nextgen_prospective__nextgen_prospective_003__cluster_3water__equilibrium,115,-1.2083568002828335,2.1021155798629896,0.0018009043972475602,0.0008321923017087971,0.0013189146371488122
prospective_2,nextgen_prospective__nextgen_prospective_003__cluster_3water__equilibrium,116,-0.30259573864975065,-0.7543384319128694,-0.002251037292708702,-0.0027524202041296127,-0.002185073572431166
prospective_2,nextgen_prospective__nextgen_prospective_003__cluster_3water__equilibrium,117,1.1546710852363946,2.5757507618656184,0.00271917494176499,0.002345721471230308,0.002617196627354633
prospective_2,nextgen_prospective__nextgen_prospective_003__cluster_3water__equilibrium,118,-2.5979344968656384,0.9023657231369009,-0.0022761520836058757,-0.0031697385548281856,-0.0012371715677492222
prospective_2,nextgen_prospective__nextgen_prospective_003__cluster_3water__equilibrium,119,-0.725212483886466,3.7050805718738244,0.004608256060699034,0.004381946242664674,0.0034487105295553876
prospective_2,nextgen_prospective__nextgen_prospective_003__cluster_3water__equilibrium,120,-2.925226618734849,2.5209469122120143,0.00012478592801823396,-0.00192887400072316,0.0001548747840860699
prospective_2,nextgen_prospective__nextgen_prospective_003__cluster_3water__equilibrium,121,0.8530689054990966,3.935521346716687,0.0038114163094831177,0.0043251355945805835,0.0038072561872534486
prospective_2,nextgen_prospective__nextgen_prospective_003__cluster_3water__equilibrium,122,2.039175857026565,2.8583754344043464,0.0018541913387983833,0.0021498110332651144,0.0023933415251401607
prospective_2,nextgen_prospective__nextgen_prospective_003__cluster_3water__equilibrium,123,-3.2454979039158363,1.6244233338363476,-0.004852373464658832,-0.00561417660892148,-0.002013762780210359
prospective_2,nextgen_prospective__nextgen_prospective_003__cluster_3water__equilibrium,124,-0.2710718441351184,3.8778945301841876,0.0024963616292450475,0.003179840587220365,0.0028698348948639867
prospective_2,nextgen_prospective__nextgen_prospective_003__cluster_3water__equilibrium,125,-2.225654140957157,-0.4968838863081087,-0.006747722148418234,-0.006760906966285619,-0.004318566321985304
prospective_2,nextgen_prospective__nextgen_prospective_003__cluster_3water__equilibrium,126,1.8693591938648302,1.3289025406706285,-0.00047777941746929287,-0.0011588129189369345,-2.3493854207710452e-05
prospective_2,nextgen_prospective__nextgen_prospective_003__cluster_3water__equilibrium,127,-2.031987596619872,2.6289672837316402,-0.0005073789546172769,-0.0003573321865574501,0.00017659568061686865
prospective_2,nextgen_prospective__nextgen_prospective_003__cluster_3water__equilibrium,128,-0.2510937207940651,-0.5104942101213277,-0.004110861840217694,-0.004049486749091315,-0.0033967402706529216
prospective_2,nextgen_prospective__nextgen_prospective_003__cluster_3water__equilibrium,129,0.36380243026274917,2.4476623644187567,-6.896017543178701e-05,0.00022363188738452905,0.0008047117905777104
prospective_2,nextgen_prospective__nextgen_prospective_003__cluster_3water__equilibrium,130,-1.301657280565454,1.1292230776772096,-0.0025612449336871457,-0.0022013021526873233,-0.0014518247762866218
prospective_2,nextgen_prospective__nextgen_prospective_003__cluster_3water__equilibrium,131,-0.6166164760161406,0.01019331733720398,-0.0014645380199675984,-0.001919008228899502,-0.0014108093241927467
prospective_2,nextgen_prospective__nextgen_prospective_003__cluster_3water__equilibrium,132,-2.0085004475443773,0.9143769967932497,-0.0013014454793700558,-0.0020534606212717172,-0.0008348735917055625
prospective_2,nextgen_prospective__nextgen_prospective_003__cluster_3water__equilibrium,133,-1.3040196218297573,-1.307309456810196,-0.00423836846629877,-0.004714182779638413,-0.0036014197771545354
prospective_2,nextgen_prospective__nextgen_prospective_003__cluster_3water__equilibrium,134,-3.0892831004421146,-0.01876178066037472,-0.005044438280001451,-0.0059929297393697244,-0.0027684219036311413
prospective_2,nextgen_prospective__nextgen_prospective_003__cluster_3water__equilibrium,135,-1.632721534791647,2.16112754613501,0.004202934556035487,0.0022212666309289523,0.00142374864611201
prospective_2,nextgen_prospective__nextgen_prospective_003__cluster_3water__equilibrium,136,-2.5025245721066436,-1.6627791545191797,-0.006068852664573132,-0.007353908166213454,-0.004523017307846574
prospective_2,nextgen_prospective__nextgen_prospective_003__cluster_3water__equilibrium,137,-3.343843639673723,1.2401346997313802,-0.006367592196777849,-0.00886314768364638,-0.002020805209792133
prospective_2,nextgen_prospective__nextgen_prospective_003__cluster_3water__equilibrium,138,-3.519559670108994,-0.7943075295742323,-0.007181822241384417,-0.008648634929494865,-0.004239223075637701
prospective_2,nextgen_prospective__nextgen_prospective_003__cluster_3water__equilibrium,139,-2.5141393255918048,2.257963145288545,-0.0007729958060993525,-0.002041126735914436,-0.00011891272515188341
prospective_2,nextgen_prospective__nextgen_prospective_003__cluster_3water__equilibrium,140,-3.592943528147824,0.5428385832169726,-0.0082844111411009,-0.010043681389611713,-0.003416713590621836
prospective_2,nextgen_prospective__nextgen_prospective_003__cluster_3water__equilibrium,141,-1.2795010372072653,2.2955384025986256,0.0012549186865404849,0.0015366688849325987,0.0010939303325873302
prospective_2,nextgen_prospective__nextgen_prospective_003__cluster_3water__equilibrium,142,-2.799731712513296,-1.1070670324509375,-0.006550072998279699,-0.007219046707167961,-0.004655645688914251
prospective_2,nextgen_prospective__nextgen_prospective_003__cluster_3water__equilibrium,143,0.3852786590149164,0.3129890774214133,-0.00402731538223966,-0.004318856931362645,-0.002610506751071511
prospective_2,nextgen_prospective__nextgen_prospective_003__cluster_3water__equilibrium,144,-2.6491021780287407,1.3241505442466448,-0.004562986467515628,-0.004405837403917325,-0.0021341725034890596
prospective_2,nextgen_prospective__nextgen_prospective_003__cluster_3water__equilibrium,145,-1.263962496830891,-1.117652839861219,-0.00598758990210424,-0.00575399244471386,-0.004579552217784853
prospective_2,nextgen_prospective__nextgen_prospective_003__cluster_3water__equilibrium,146,-0.7857099348978132,1.1831356070032903,-0.0030450027524979717,-0.0024174588137692386,-0.001226980918195539
prospective_2,nextgen_prospective__nextgen_prospective_003__cluster_3water__equilibrium,147,-2.081067487764193,0.15768282842653206,-0.005165387234808083,-0.004749477039606257,-0.003249755557052132
prospective_2,nextgen_prospective__nextgen_prospective_003__cluster_3water__equilibrium,148,-0.4059757408058443,-0.03953232395014905,-0.0009443509341227063,-0.0014955415175997922,-0.000917083908218877
prospective_2,nextgen_prospective__nextgen_prospective_003__cluster_3water__equilibrium,149,-2.1955408470564346,1.1229895496361957,-0.0006322721155571642,-0.0014544322150428566,-0.00039728676495502527
prospective_2,nextgen_prospective__nextgen_prospective_003__cluster_3water__equilibrium,150,-1.2897797854233517,-1.7334644621396635,-0.0033064251609484785,-0.0036704513268700683,-0.0030444621474364428
prospective_2,nextgen_prospective__nextgen_prospective_003__cluster_3water__equilibrium,151,0.16748703846279367,1.5966247316388242,0.0023901130682300042,0.0016289731884215873,0.0015946350616405946
prospective_2,nextgen_prospective__nextgen_prospective_003__cluster_3water__equilibrium,152,-3.585118543639239,-0.07676030708989305,-0.003459161042873138,-0.004288192569956594,-0.002159408987657446
prospective_2,nextgen_prospective__nextgen_prospective_003__cluster_3water__equilibrium,153,0.6697826577893857,-1.447253829976843,-0.003879106469992788,-0.0050862831764527765,-0.0035291529552956484
prospective_2,nextgen_prospective__nextgen_prospective_003__cluster_3water__equilibrium,154,-1.7123965306600666,2.72595454164703,0.003806770638668411,0.0019995534993484734,0.0020071984544424415
prospective_2,nextgen_prospective__nextgen_prospective_003__cluster_3water__equilibrium,155,-2.830714721493634,-2.190496930622642,-0.0046299181335003325,-0.005266893208048698,-0.003882754158149521
prospective_2,nextgen_prospective__nextgen_prospective_003__cluster_3water__equilibrium,156,-4.138331276068085,-1.0738905556934246,-0.005090756275888175,-0.005826766605134849,-0.003525819485734121
prospective_2,nextgen_prospective__nextgen_prospective_003__cluster_3water__equilibrium,157,-2.845647975974556,2.8504574548444324,0.0003078891068168943,-0.0014986991194429994,0.0002838211666008486
prospective_2,nextgen_prospective__nextgen_prospective_003__cluster_3water__equilibrium,158,-4.232681950689438,0.6452973036095535,-0.005403723457442666,-0.006125088337542342,-0.002843531178686051
prospective_2,nextgen_prospective__nextgen_prospective_003__cluster_3water__equilibrium,159,-1.258255890908719,2.8987684999573937,0.0018138443912922853,0.0021380268258958364,0.0017207002746864198
prospective_2,nextgen_prospective__nextgen_prospective_003__cluster_3water__equilibrium,160,-3.212838187730758,-1.4760099165349025,-0.004895109490087535,-0.005237318229626212,-0.003990367530395119
prospective_2,nextgen_prospective__nextgen_prospective_003__cluster_3water__equilibrium,161,0.8821751470912291,0.3497765104438344,-0.002929156275976119,-0.0035901413635381694,-0.002169942364212388
prospective_2,nextgen_prospective__nextgen_prospective_003__cluster_3water__equilibrium,162,-3.019171643393473,1.6498412535048466,-0.0028992310083650885,-0.0029342306623606363,-0.0016773597520328798
prospective_2,nextgen_prospective__nextgen_prospective_003__cluster_3water__equilibrium,163,-1.238277767567666,-1.4896202403481218,-0.004625404189098514,-0.004499610555683165,-0.0039857565220627455
prospective_2,nextgen_prospective__nextgen_prospective_003__cluster_3water__equilibrium,164,-0.6233816165108519,1.4685363341919622,-0.001916230599313895,-0.0015169541889651613,-0.0007351746775873063
prospective_2,nextgen_prospective__nextgen_prospective_003__cluster_3water__equilibrium,165,-2.2888413273390547,0.15009704745041566,-0.0036961236139498865,-0.003505694213025455,-0.0026850345541970665
prospective_2,nextgen_prospective__nextgen_prospective_003__cluster_3water__equilibrium,166,-0.2224751453433229,-1.3181174305357881,-0.0029650470307136523,-0.0034108312548609496,-0.002846027798087484
prospective_2,nextgen_prospective__nextgen_prospective_003__cluster_3water__equilibrium,167,-1.6143591168715596,-0.4139337510797424,-0.0032028382388711307,-0.0035948670609773506,-0.002463238440096555
prospective_2,nextgen_prospective__nextgen_prospective_003__cluster_3water__equilibrium,168,-0.9098782911569399,-2.635620204683188,-0.003973961018243877,-0.004126884696656073,-0.0037348719767933167
prospective_2,nextgen_prospective__nextgen_prospective_003__cluster_3water__equilibrium,169,0.22355146075450644,-0.04555083174436457,-0.0014021691525019087,-0.002181403712060572,-0.001598748244386561
prospective_2,nextgen_prospective__nextgen_prospective_003__cluster_3water__equilibrium,170,-2.6951417697692968,-1.347072528533367,-0.004758312663393216,-0.0055470557408314825,-0.003666098770442942
prospective_2,nextgen_prospective__nextgen_prospective_003__cluster_3water__equilibrium,171,-2.1083832414338257,-2.9910899023921718,-0.004619494668838708,-0.004880648864847528,-0.004095468813689446
prospective_2,nextgen_prospective__nextgen_prospective_003__cluster_3water__equilibrium,172,-0.17879063616930713,-3.3688035514154215,-0.0054126026762775226,-0.005004514340326579,-0.004776220287908757
prospective_2,nextgen_prospective__nextgen_prospective_003__cluster_3water__equilibrium,173,-3.1254183394361763,-2.122618277447225,-0.005570656775680138,-0.006443795128488866,-0.004399696537945466
prospective_2,nextgen_prospective__nextgen_prospective_003__cluster_3water__equilibrium,174,-1.5168380164781166,-3.3934195104545593,-0.0049719834938875,-0.004885889017276589,-0.004514541809098951
prospective_2,nextgen_prospective__nextgen_prospective_003__cluster_3water__equilibrium,175,-3.1988021974750063,-0.7854721646560193,-0.007621213628080881,-0.009036896698354238,-0.004640838639529537
prospective_2,nextgen_prospective__nextgen_prospective_003__cluster_3water__equilibrium,176,0.3624199007827157,-2.7649044977073327,-0.006451737858491402,-0.006012310358253484,-0.005308945927249069
prospective_2,nextgen_prospective__nextgen_prospective_003__cluster_3water__equilibrium,177,-2.405590381840478,-2.4353777803239294,-0.005295260765676879,-0.005577321338031989,-0.004493206516776245
prospective_2,nextgen_prospective__nextgen_prospective_003__cluster_3water__equilibrium,178,-2.254960847355923,-0.004160203626347378,-0.007240248603016752,-0.007089604185021764,-0.003975139173451534
prospective_2,nextgen_prospective__nextgen_prospective_003__cluster_3water__equilibrium,179,-0.8698211661580733,-2.4459635877342114,-0.005083075633986578,-0.00492206052564045,-0.004583272309729023
prospective_2,nextgen_prospective__nextgen_prospective_003__cluster_3water__equilibrium,180,-0.39156860422499556,-0.1451751408697018,-0.004780847688965473,-0.004466680069264008,-0.0034354730313389424
prospective_2,nextgen_prospective__nextgen_prospective_003__cluster_3water__equilibrium,181,-1.6869261570913756,-1.17062791944646,-0.005322830592631611,-0.00519682602032316,-0.004209939096529775
prospective_2,nextgen_prospective__nextgen_prospective_003__cluster_3water__equilibrium,182,-0.011834410133026663,-1.3678430718231411,-0.0020382782352030837,-0.0024997842396531685,-0.001988312129774073
prospective_2,nextgen_prospective__nextgen_prospective_003__cluster_3water__equilibrium,183,-1.801399516383617,-0.20532119823679648,-0.0020670583912845153,-0.002563611962825561,-0.0016588467839689196
prospective_2,nextgen_prospective__nextgen_prospective_003__cluster_3water__equilibrium,184,-0.895638454750534,-3.0617752100126556,-0.0030386067847505416,-0.0031567011611240703,-0.0029536665834311417
prospective_2,nextgen_prospective__nextgen_prospective_003__cluster_3water__equilibrium,185,0.5616283691356112,0.26831398376583215,-0.00023697865327010348,-0.001171278089813034,-0.00047178221348825097
prospective_2,nextgen_prospective__nextgen_prospective_003__cluster_3water__equilibrium,186,-3.1909772129664216,-1.405071054962885,-0.003566915956701333,-0.00414601138453611,-0.0028883992539270576
prospective_2,nextgen_prospective__nextgen_prospective_003__cluster_3water__equilibrium,187,1.0639239884622036,-2.7755645778498343,-0.004104103874335241,-0.004455953120243113,-0.0034447147545712676
prospective_2,nextgen_prospective__nextgen_prospective_003__cluster_3water__equilibrium,188,-1.3182551999872492,1.3976437937740385,0.0016861810368791197,0.0005706036140706133,0.00040355247202048086
prospective_2,nextgen_prospective__nextgen_prospective_003__cluster_3water__equilibrium,189,-2.436573390820816,-3.5188076784956346,-0.003519647715222174,-0.003699662493861604,-0.003330411689122962
prospective_2,nextgen_prospective__nextgen_prospective_003__cluster_3water__equilibrium,190,-3.5182693348356326,0.21351013411222827,-0.007105462384755956,-0.008887309874877417,-0.00301014137357051
prospective_2,nextgen_prospective__nextgen_prospective_003__cluster_3water__equilibrium,191,0.044331387376422254,-4.004439512954098,-0.004251324580108129,-0.003911976435219588,-0.00398273243134874
prospective_2,nextgen_prospective__nextgen_prospective_003__cluster_3water__equilibrium,192,-3.744189945395267,-2.4022013035664167,-0.0042061906494033074,-0.0047030220567545,-0.0036099293655281134
prospective_2,nextgen_prospective__nextgen_prospective_003__cluster_3water__equilibrium,193,-1.6760152444491898,-4.0360886031472765,-0.0038490277648723925,-0.0037820940319829104,-0.0037281279328905464
prospective_2,nextgen_prospective__nextgen_prospective_003__cluster_3water__equilibrium,194,-3.83854062001662,-0.6830134442634384,-0.005908928831040328,-0.006668878575927253,-0.003904623036296687
prospective_2,nextgen_prospective__nextgen_prospective_003__cluster_3water__equilibrium,195,0.7401735063147374,-3.2279978724722698,-0.005101426514860563,-0.004883549313959546,-0.004538303580580928
prospective_2,nextgen_prospective__nextgen_prospective_003__cluster_3water__equilibrium,196,-2.8186968570579407,-2.804320664407895,-0.004048069313173919,-0.0042029607606512255,-0.003704087272905908
prospective_2,nextgen_prospective__nextgen_prospective_003__cluster_3water__equilibrium,197,1.276316477764047,-0.9785342374291578,-0.004162032844702068,-0.00595485595072721,-0.003778280119707043
prospective_2,nextgen_prospective__nextgen_prospective_003__cluster_3water__equilibrium,198,-2.6250303127206553,0.32153050563185415,-0.0052640523111739945,-0.0050848028081827345,-0.0032183869722949283
prospective_2,nextgen_prospective__nextgen_prospective_003__cluster_3water__equilibrium,199,-0.8441364368948485,-2.8179309882211143,-0.003943875110262063,-0.003846751308159718,-0.0037706195072468363
prospective_2,nextgen_prospective__nextgen_prospective_003__cluster_3water__equilibrium,200,-0.22924028583803424,0.14022558631897006,-0.003400424779870015,-0.0032633216448883836,-0.002527704519378735
prospective_2,nextgen_prospective__nextgen_prospective_003__cluster_3water__equilibrium,201,-1.8946999966662372,-1.1782137004225763,-0.004019877484860768,-0.003941056635600685,-0.003406678483835873
prospective_2,nextgen_prospective__nextgen_prospective_003__cluster_3water__equilibrium,202,1.001450903877643,-1.7042281769538434,-0.002974870144877073,-0.004122494018015654,-0.002737927310908677
prospective_2,nextgen_prospective__nextgen_prospective_003__cluster_3water__equilibrium,203,-0.2676197760451614,-0.8798254103909782,-0.002961793803670787,-0.003406487226215424,-0.002835246592561142
prospective_2,nextgen_prospective__nextgen_prospective_003__cluster_3water__equilibrium,204,0.3747009768122862,-2.905480706323532,-0.004092978627335597,-0.0041115651501308,-0.0036961869895704314
prospective_2,nextgen_prospective__nextgen_prospective_003__cluster_3water__equilibrium,205,1.7643253237964822,-2.702514342992381,-0.004956382545125759,-0.006007333542555516,-0.0032149558497846942
prospective_2,nextgen_prospective__nextgen_prospective_003__cluster_3water__equilibrium,206,-0.7180535366754627,-3.2295854307052525,-0.00487051433133967,-0.004729033463015851,-0.004464705844834705
prospective_2,nextgen_prospective__nextgen_prospective_003__cluster_3water__equilibrium,207,1.0412808975363042,-3.573971404814686,-0.00514753124331957,-0.0048086920396564455,-0.004240475655302228
prospective_2,nextgen_prospective__nextgen_prospective_003__cluster_3water__equilibrium,208,-0.17870347862761005,-3.5964153674680173,-0.0051361241878971065,-0.004709450906838965,-0.0046664007859678995
prospective_2,nextgen_prospective__nextgen_prospective_003__cluster_3water__equilibrium,209,1.5347375635807958,-3.0233575617278987,-0.005983462358040814,-0.0062752079182024426,-0.004476455326544793
prospective_2,nextgen_prospective__nextgen_prospective_003__cluster_3water__equilibrium,210,-0.9890365176344692,-2.722906731172443,-0.0058262488439910776,-0.005664762315917178,-0.0050739817198968504
prospective_2,nextgen_prospective__nextgen_prospective_003__cluster_3water__equilibrium,211,0.41122364960537044,-2.7325584967524055,-0.005206302446772781,-0.00506427108248147,-0.004685019457509546
prospective_2,nextgen_prospective__nextgen_prospective_003__cluster_3water__equilibrium,212,0.8472774560737647,-0.6347807951994704,-0.004430876637613768,-0.00578914604534197,-0.0038977192139110794
prospective_2,nextgen_prospective__nextgen_prospective_003__cluster_3water__equilibrium,213,-0.3337838421279346,-1.5697524462547503,-0.005431649626586932,-0.005276995414287256,-0.004687689463610352
prospective_2,nextgen_prospective__nextgen_prospective_003__cluster_3water__equilibrium,214,1.1935056918635012,-1.7495662616570182,-0.0019795724268147907,-0.002719565191049598,-0.0017921758405761742
prospective_2,nextgen_prospective__nextgen_prospective_003__cluster_3water__equilibrium,215,-0.43815661089439006,-0.6896198475047628,-0.0020662107089481907,-0.002547037120645681,-0.0019817499053069775
prospective_2,nextgen_prospective__nextgen_prospective_003__cluster_3water__equilibrium,216,0.38768435706518567,-3.2940337994180457,-0.003111911527898137,-0.00311496693642195,-0.0029096283719688017
prospective_2,nextgen_prospective__nextgen_prospective_003__cluster_3water__equilibrium,217,1.7163688141378475,-0.25777600509060156,-0.00022569835740693378,-0.002499879100984104,-0.0005042369881426061
prospective_2,nextgen_prospective__nextgen_prospective_003__cluster_3water__equilibrium,218,-1.7051245107198885,-1.7835094227550201,-0.0042279083474094925,-0.00473852932017438,-0.0036789023249958817
prospective_2,nextgen_prospective__nextgen_prospective_003__cluster_3water__equilibrium,219,2.174344231759152,-3.0330770465637094,-0.003942676929499456,-0.0036515659316346165,-0.0020891846745105525
prospective_2,nextgen_prospective__nextgen_prospective_003__cluster_3water__equilibrium,220,-1.0172857317047774,-3.710739873623115,-0.0038931281111524996,-0.0038250871381230013,-0.0037557216035771944
prospective_2,nextgen_prospective__nextgen_prospective_003__cluster_3water__equilibrium,221,1.244715683710352,-4.1535218403352445,-0.004018608661992662,-0.0035827904180391196,-0.003442036898900961
prospective_2,nextgen_prospective__nextgen_prospective_003__cluster_3water__equilibrium,222,-0.32383565707182405,-4.182378363746671,-0.004048602814109348,-0.0037595160366610714,-0.003916472280108939
prospective_2,nextgen_prospective__nextgen_prospective_003__cluster_3water__equilibrium,223,1.879159968624698,-3.445589756366518,-0.004817440217784963,-0.0044845050675487675,-0.0036218275387828822
prospective_2,nextgen_prospective__nextgen_prospective_003__cluster_3water__equilibrium,224,-1.3656924215092143,-3.0592958313666463,-0.004741371744985123,-0.004651341876872,-0.004380679659604076
prospective_2,nextgen_prospective__nextgen_prospective_003__cluster_3water__equilibrium,225,2.3679962072990683,-1.3946082067683863,-0.004186535807235714,-0.006658179315025367,-0.0026243941913707872
prospective_2,nextgen_prospective__nextgen_prospective_003__cluster_3water__equilibrium,226,-1.1891141016722777,-0.20925505868334596,-0.006106717509540616,-0.0054063795144153,-0.00385323991691816
prospective_2,nextgen_prospective__nextgen_prospective_003__cluster_3water__equilibrium,227,0.4346420792277225,-3.0717052442551696,-0.0040450137049026225,-0.003954762417342312,-0.0038796944284427435
prospective_2,nextgen_prospective__nextgen_prospective_003__cluster_3water__equilibrium,228,0.9952826875442297,-0.3745624851156817,-0.0032547240691465085,-0.004148532565400725,-0.002948866355328624
prospective_2,nextgen_prospective__nextgen_prospective_003__cluster_3water__equilibrium,229,-0.5232246958579555,-1.5766688936153268,-0.0043377791106054,-0.004264426354266546,-0.003918265359383071
prospective_2,nextgen_prospective__nextgen_prospective_003__cluster_3water__equilibrium,230,2.277601768246071,1.4057295503147786,0.0021158412430701823,0.0007608403016805811,0.0018549460204165774
prospective_2,nextgen_prospective__nextgen_prospective_003__cluster_3water__equilibrium,231,1.2950954354026103,2.0439768534602223,0.0030272238343496127,0.002898649846874418,0.002492491462365818
prospective_2,nextgen_prospective__nextgen_prospective_003__cluster_3water__equilibrium,232,2.5924440784327745,2.3040118553440188,0.002415664998008271,0.0018498191313036183,0.0025131774789505378
prospective_2,nextgen_prospective__nextgen_prospective_003__cluster_3water__equilibrium,233,2.8682142223767855,0.6328628411236527,0.003421699990810545,0.00017894601178474086,0.0017433820888339956
prospective_2,nextgen_prospective__nextgen_prospective_003__cluster_3water__equilibrium,234,1.5603511385221844,2.9240360647602888,0.003345389120957609,0.0037234785325568104,0.003263294668874645
prospective_2,nextgen_prospective__nextgen_prospective_003__cluster_3water__equilibrium,235,3.3071312634858767,1.887049188972334,0.002687984198364468,0.0015501218032481939,0.002514868112700222
prospective_2,nextgen_prospective__nextgen_prospective_003__cluster_3water__equilibrium,236,2.426858567988768,3.050552568595586,0.002371993713089715,0.002426949183162174,0.002750346737218609
prospective_2,nextgen_prospective__nextgen_prospective_003__cluster_3water__equilibrium,237,3.3466390361961804,1.0055978692207257,0.00368806839995095,0.0016432376245131067,0.002229574314985706
prospective_2,nextgen_prospective__nextgen_prospective_003__cluster_3water__equilibrium,238,0.9381738744279552,2.992390605339254,0.004285252512082227,0.005469437425412307,0.003569397850390838
prospective_2,nextgen_prospective__nextgen_prospective_003__cluster_3water__equilibrium,239,3.0780545413763973,2.4591783422280264,0.0019583697802829647,0.001349372927432779,0.0021975753474300364
prospective_2,nextgen_prospective__nextgen_prospective_003__cluster_3water__equilibrium,240,1.8096832544641006,3.0189143163816645,0.002094807102113627,0.0025797555634098873,0.002634789475574554
prospective_2,nextgen_prospective__nextgen_prospective_003__cluster_3water__equilibrium,241,2.984821863562112,1.6194677339036323,0.0014613678943233843,0.00014288048947510039,0.0014326473434347036
prospective_2,nextgen_prospective__nextgen_prospective_003__cluster_3water__equilibrium,242,0.8429059785901184,2.333228769309678,0.0014503089723447715,0.0026846705136531006,0.00204015732437139
prospective_2,nextgen_prospective__nextgen_prospective_003__cluster_3water__equilibrium,243,2.158241679623714,2.2336888136084867,0.0009191433810444849,0.0006797723690883272,0.0014521036216892
prospective_2,nextgen_prospective__nextgen_prospective_003__cluster_3water__equilibrium,244,2.426289346041574,1.3706290976413529,0.0019720393185074236,0.0009358150600673478,0.0018697335256871474
prospective_2,nextgen_prospective__nextgen_prospective_003__cluster_3water__equilibrium,245,1.1630669180999813,2.191232773114067,0.0028263497016611794,0.0024476254017257526,0.0024960315891871423
prospective_2,nextgen_prospective__nextgen_prospective_003__cluster_3water__equilibrium,246,1.80242766748804,0.17491229421346025,0.0004234387868455869,-0.002422795136174314,-8.170953319707825e-05
prospective_2,nextgen_prospective__nextgen_prospective_003__cluster_3water__equilibrium,247,2.8310866019959073,2.525563489821805,0.0022706366781828358,0.0018334074005404964,0.0024812416622170884
prospective_2,nextgen_prospective__nextgen_prospective_003__cluster_3water__equilibrium,248,1.5041099649680059,3.322737473357009,0.00322562783662228,0.003354521007993363,0.0033269910748875914
prospective_2,nextgen_prospective__nextgen_prospective_003__cluster_3water__equilibrium,249,3.7499701256356106,1.9894686330582103,0.00276729252624186,0.002058309459201382,0.0026961492316164358
prospective_2,nextgen_prospective__nextgen_prospective_003__cluster_3water__equilibrium,250,2.6181909457107557,3.485401549716676,0.0022277858236177117,0.0022315363999350626,0.002681810221150671
prospective_2,nextgen_prospective__nextgen_prospective_003__cluster_3water__equilibrium,251,3.8007658334060013,0.8561740790918563,0.004829552552561456,0.004067299000782149,0.002922071139289501
prospective_2,nextgen_prospective__nextgen_prospective_003__cluster_3water__equilibrium,252,0.7041677682754252,3.410621882672822,0.004535442283158719,0.005409644228612566,0.003836453832655097
prospective_2,nextgen_prospective__nextgen_prospective_003__cluster_3water__equilibrium,253,3.455442911494851,2.725063258672671,0.0019065744448711897,0.0015088827966104224,0.002171469005520648
prospective_2,nextgen_prospective__nextgen_prospective_003__cluster_3water__equilibrium,254,1.824679828321898,3.444723796870207,0.0019765461380023552,0.002298018911098389,0.002611993822529667
prospective_2,nextgen_prospective__nextgen_prospective_003__cluster_3water__equilibrium,255,3.3355723257336267,1.6454353336841647,0.0015394737875960018,0.0006776097906525281,0.0015028774666285302
prospective_2,nextgen_prospective__nextgen_prospective_003__cluster_3water__equilibrium,256,0.5816804736267778,2.563128093491938,0.0013342609799948946,0.002170874480861114,0.002051208738487183
prospective_2,nextgen_prospective__nextgen_prospective_003__cluster_3water__equilibrium,257,1.8387820330332296,0.34703762724278386,-0.0018312926638892613,-0.004095068021017998,-0.0015632358233731354
prospective_2,nextgen_prospective__nextgen_prospective_003__cluster_3water__equilibrium,258,2.272826374955687,2.4351481504475485,0.0008394575263603876,0.000665043339615395,0.00135219566786082
prospective_2,nextgen_prospective__nextgen_prospective_003__cluster_3water__equilibrium,259,1.0972077555475437,1.5044851245123398,-0.0008733415452657489,-0.0008512752936844754,6.811628057873246e-06
prospective_2,nextgen_prospective__nextgen_prospective_003__cluster_3water__equilibrium,260,-0.11613799762578823,2.0928824268709723,0.005383207624830799,0.004510701869558917,0.002578040806424295
prospective_2,nextgen_prospective__nextgen_prospective_003__cluster_3water__equilibrium,261,-1.0986443304692497,2.731129730016416,0.006007656639090975,0.0043207940464063,0.0027666263462778006
prospective_2,nextgen_prospective__nextgen_prospective_003__cluster_3water__equilibrium,262,0.1987043125609149,2.991164731900212,0.006308749060628394,0.006048163609994633,0.0037858432743256357
prospective_2,nextgen_prospective__nextgen_prospective_003__cluster_3water__equilibrium,263,-1.8615497325147112,2.072443534166799,0.0029881995195024658,0.0011271791152323773,0.0009491609950958561
prospective_2,nextgen_prospective__nextgen_prospective_003__cluster_3water__equilibrium,264,0.913391497614017,2.5742020655285276,0.0048628990316146314,0.006346626999853208,0.0034108387383530434
prospective_2,nextgen_prospective__nextgen_prospective_003__cluster_3water__equilibrium,265,0.033118802116908264,3.737705445151779,0.0051295734451333175,0.006644652522221289,0.004131519202870683
prospective_2,nextgen_prospective__nextgen_prospective_003__cluster_3water__equilibrium,266,0.684314775504538,3.14633121878422,0.00424295319146939,0.005286511123122325,0.0035537492873250307
prospective_2,nextgen_prospective__nextgen_prospective_003__cluster_3water__equilibrium,267,-2.217074740306977,2.4688673204331617,0.0006091994128629707,-0.0003391230254339414,0.0004960958887893594
prospective_2,nextgen_prospective__nextgen_prospective_003__cluster_3water__equilibrium,268,0.591082097690252,2.306620610459826,0.001492481348104313,0.002865023780717649,0.002049567271447163
prospective_2,nextgen_prospective__nextgen_prospective_003__cluster_3water__equilibrium,269,-1.550833787281741,3.0203816458658714,0.0021139250047816915,0.002131008224145396,0.0017529565811063613
prospective_2,nextgen_prospective__nextgen_prospective_003__cluster_3water__equilibrium,270,-0.2354980862481454,2.9208416901646803,0.002247734640557386,0.0029583005330893943,0.0023753147003579083
prospective_2,nextgen_prospective__nextgen_prospective_003__cluster_3water__equilibrium,271,-1.1498681235655899,2.196992669992851,-0.0004142843720504885,0.00014863486411739583,0.0006529095346191486
prospective_2,nextgen_prospective__nextgen_prospective_003__cluster_3water__equilibrium,272,0.032549580169715014,2.057781974197546,0.003665118733184869,0.0028288605338379815,0.0023140387890681832
prospective_2,nextgen_prospective__nextgen_prospective_003__cluster_3water__equilibrium,273,-1.2306728477718778,2.8783856496702604,0.004206505974178931,0.0028022491832282812,0.0025152740424826854
prospective_2,nextgen_prospective__nextgen_prospective_003__cluster_3water__equilibrium,274,0.4373468361240477,3.2127163663779976,0.004585554242136247,0.004326308869752298,0.0035999894222161735
prospective_2,nextgen_prospective__nextgen_prospective_003__cluster_3water__equilibrium,275,-2.211551221830329,2.0315033978636095,0.0010725692198878534,-0.0005714171713423466,0.000478927547963015
prospective_2,nextgen_prospective__nextgen_prospective_003__cluster_3water__equilibrium,276,1.3562303597637506,2.676621509614404,0.0037572641550700503,0.004705988399282089,0.0032648652817547437
prospective_2,nextgen_prospective__nextgen_prospective_003__cluster_3water__equilibrium,277,0.22445117983889626,4.172554426272869,0.003966054145376319,0.005068303487983138,0.003943609513150819
prospective_2,nextgen_prospective__nextgen_prospective_003__cluster_3water__equilibrium,278,1.0617031456229915,3.412216135228865,0.0031262887873197975,0.0038526514546437644,0.0033507455969223345
prospective_2,nextgen_prospective__nextgen_prospective_003__cluster_3water__equilibrium,279,-2.6686548032775277,2.5411911230632187,-0.0005913751567314662,-0.001590049820786751,-6.870579786529034e-05
prospective_2,nextgen_prospective__nextgen_prospective_003__cluster_3water__equilibrium,280,-0.5690599375499615,4.131876673426401,0.002772718886047798,0.0038583710836147863,0.0031593813022386527
prospective_2,nextgen_prospective__nextgen_prospective_003__cluster_3water__equilibrium,281,0.941832559861767,2.3325882102403583,0.0009193089824526268,0.0017091693856338516,0.001723888737085868
prospective_2,nextgen_prospective__nextgen_prospective_003__cluster_3water__equilibrium,282,-1.8120592922450813,3.2502809700481317,0.001359130592140545,0.0014618222197134868,0.0014080222522216276
prospective_2,nextgen_prospective__nextgen_prospective_003__cluster_3water__equilibrium,283,-0.5549577328386297,1.0341905037989776,-0.003351922681462227,-0.0028687418247378975,-0.0013804476889411664
prospective_2,nextgen_prospective__nextgen_prospective_003__cluster_3water__equilibrium,284,-0.12091339091617266,3.1223010270037426,0.0014346187832985358,0.001967602838065106,0.0020846662098282986
prospective_2,nextgen_prospective__nextgen_prospective_003__cluster_3water__equilibrium,285,-1.296532010324316,2.1916380010685335,-0.0009616111581944864,-0.00048087687388022153,0.00021695950873025965
prospective_2,nextgen_prospective__nextgen_prospective_003__cluster_3water__equilibrium,286,-2.8677031504762245,0.9641824907439501,-0.003949532636597919,-0.005084055467967098,-0.001688210818859588
prospective_2,nextgen_prospective__nextgen_prospective_003__cluster_3water__equilibrium,287,-2.370422567618845,-0.6040667706231884,-0.006167122158274196,-0.007303742613123948,-0.003809070272549106
prospective_2,nextgen_prospective__nextgen_prospective_003__cluster_3water__equilibrium,288,-3.6306085525216854,0.3054962948943329,-0.006239274333476708,-0.007892045982255198,-0.002724921191884111
prospective_2,nextgen_prospective__nextgen_prospective_003__cluster_3water__equilibrium,289,-2.6024474473566492,1.8442417020440165,-0.0015629441676265898,-0.003099020685292528,-0.0004891958071458331
prospective_2,nextgen_prospective__nextgen_prospective_003__cluster_3water__equilibrium,290,-3.216426061931941,-0.8549865572412944,-0.006919532909297921,-0.008401601589569964,-0.004196864522824753
prospective_2,nextgen_prospective__nextgen_prospective_003__cluster_3water__equilibrium,291,-3.9343331899336005,-0.2419477631625079,-0.007154123758075226,-0.008527909015480431,-0.003589086967288134
prospective_2,nextgen_prospective__nextgen_prospective_003__cluster_3water__equilibrium,292,-3.2246247114508786,1.912596242622982,-0.004120592825334057,-0.005713918062075975,-0.0014124604707225204
prospective_2,nextgen_prospective__nextgen_prospective_003__cluster_3water__equilibrium,293,-2.7988647266690876,-1.1389839276382738,-0.007965999732196583,-0.010049551725558466,-0.005090126413031893
prospective_2,nextgen_prospective__nextgen_prospective_003__cluster_3water__equilibrium,294,-3.9861335603139505,0.7019200811606956,-0.0070710051569147225,-0.00857553367745699,-0.0030015268433778754
prospective_2,nextgen_prospective__nextgen_prospective_003__cluster_3water__equilibrium,295,-2.3531153314147333,1.939119953665392,-0.0024704777135804434,-0.002779430811509982,-0.0007462679707253406
prospective_2,nextgen_prospective__nextgen_prospective_003__cluster_3water__equilibrium,296,-3.4262193375131074,-0.4627191769578291,-0.00722592967647806,-0.00829828095741086,-0.004240140507700468
prospective_2,nextgen_prospective__nextgen_prospective_003__cluster_3water__equilibrium,297,-3.3198926072887156,1.2534344065934055,-0.005705100355967829,-0.006343548580714736,-0.0025394220495954453
prospective_2,nextgen_prospective__nextgen_prospective_003__cluster_3water__equilibrium,298,-2.3421469499725864,-0.47019151160038064,-0.00785080765825441,-0.008400481772661748,-0.0046043076964709115
prospective_2,nextgen_prospective__nextgen_prospective_003__cluster_3water__equilibrium,299,-2.0045569062551194,1.153894450892214,-0.005208867457590749,-0.004403081622464704,-0.002092122507515975
prospective_2,nextgen_prospective__nextgen_prospective_003__cluster_3water__equilibrium,300,-2.918926943572565,0.4300454307203847,-0.006558383659062361,-0.006751198999474535,-0.0034463685088503586
prospective_2,nextgen_prospective__nextgen_prospective_003__cluster_3water__equilibrium,301,-1.7365092398372592,0.2908347349250804,-0.002489199830821409,-0.0028885094932702155,-0.0017081775398032255
prospective_2,nextgen_prospective__nextgen_prospective_003__cluster_3water__equilibrium,302,-2.999731667778853,1.1114384103977943,-0.0024841804868378503,-0.0036389555888536166,-0.0012127493757343566
prospective_2,nextgen_prospective__nextgen_prospective_003__cluster_3water__equilibrium,303,-2.360370918390794,-0.9048820685028124,-0.00493465162036788,-0.005720909068431327,-0.0035406515096554955
prospective_2,nextgen_prospective__nextgen_prospective_003__cluster_3water__equilibrium,304,-1.3317119838829268,1.445769127105532,0.001951632894619415,0.0007805940674221236,0.000471944430109059
prospective_2,nextgen_prospective__nextgen_prospective_003__cluster_3water__equilibrium,305,-3.9806100418373025,0.26455615859114345,-0.004520536716017709,-0.00581419221533459,-0.002260336018660821
prospective_2,nextgen_prospective__nextgen_prospective_003__cluster_3water__equilibrium,306,-2.6586886209108282,2.242943110640737,0.00012237979646556596,-0.0017120139215827408,0.0001680772289505705
prospective_2,nextgen_prospective__nextgen_prospective_003__cluster_3water__equilibrium,307,-3.448089696793346,-1.2274932227260917,-0.005498966448275411,-0.006486924594756338,-0.003878223130417185
prospective_2,nextgen_prospective__nextgen_prospective_003__cluster_3water__equilibrium,308,-4.371113147081194,-0.43930048748193773,-0.005373095189376009,-0.006071146924945002,-0.0031431192150265528
prospective_2,nextgen_prospective__nextgen_prospective_003__cluster_3water__equilibrium,309,-3.458630817603409,2.33082751995655,-0.0023129570296296365,-0.0040049629679108625,-0.0009947398811222113
prospective_2,nextgen_prospective__nextgen_prospective_003__cluster_3water__equilibrium,310,-2.911225122883963,-1.5926326989507797,-0.006847412008440301,-0.008183309651726436,-0.004923181172987302
prospective_2,nextgen_prospective__nextgen_prospective_003__cluster_3water__equilibrium,311,-4.437713623284502,0.7742438837907528,-0.00523312861191183,-0.00603442964123526,-0.002594238692585389
prospective_2,nextgen_prospective__nextgen_prospective_003__cluster_3water__equilibrium,312,-2.3381187575569355,2.364929434153934,-0.000772622654057642,-0.0011987729544917555,-5.27992985897535e-05
prospective_2,nextgen_prospective__nextgen_prospective_003__cluster_3water__equilibrium,313,-3.717823908254845,-0.7231494480759223,-0.005626267642882432,-0.006241219872918814,-0.0039043382874594276
prospective_2,nextgen_prospective__nextgen_prospective_003__cluster_3water__equilibrium,314,-3.5811181122520557,1.4833337307756653,-0.003969592360095753,-0.004404053187397464,-0.0021669655792071526
prospective_2,nextgen_prospective__nextgen_prospective_003__cluster_3water__equilibrium,315,-2.324016552845604,-0.7327567354734887,-0.006447525948371613,-0.00657908702118933,-0.004402404693373233
prospective_2,nextgen_prospective__nextgen_prospective_003__cluster_3water__equilibrium,316,-1.8899722109231467,1.3553537877312765,-0.003740827897722898,-0.0030925939430710295,-0.00159597459885973
prospective_2,nextgen_prospective__nextgen_prospective_003__cluster_3water__equilibrium,317,-3.0655908303312907,0.42469076179606724,-0.004962425268737913,-0.00499957383568372,-0.003094660969611703
prospective_2,nextgen_prospective__nextgen_prospective_003__cluster_3water__equilibrium,318,-1.1730233371834151,-2.068293588056946,-0.004703201458524653,-0.0051068694280837585,-0.004173334568583196
prospective_2,nextgen_prospective__nextgen_prospective_003__cluster_3water__equilibrium,319,-2.155529670026876,-1.4300462849115019,-0.005145283805315426,-0.006014036859018483,-0.004002695566944573
prospective_2,nextgen_prospective__nextgen_prospective_003__cluster_3water__equilibrium,320,-1.658249087169497,-2.9982955462786407,-0.004349380435938688,-0.004525942385119951,-0.003997680457293555
prospective_2,nextgen_prospective__nextgen_prospective_003__cluster_3water__equilibrium,321,-2.918435072072338,-2.0887324807611196,-0.004799474349755695,-0.005504830334309254,-0.003951042845238027
prospective_2,nextgen_prospective__nextgen_prospective_003__cluster_3water__equilibrium,322,-0.5824108830527005,-2.841160297248072,-0.005476926033871621,-0.005376047426114983,-0.004807595478792481
prospective_2,nextgen_prospective__nextgen_prospective_003__cluster_3water__equilibrium,323,-2.504252581482593,-3.2492153328967466,-0.00425115186853775,-0.004494258927553701,-0.0038354185399002974
prospective_2,nextgen_prospective__nextgen_prospective_003__cluster_3water__equilibrium,324,-3.0981248644711195,-1.2000996710728216,-0.006681323042838638,-0.008152211850191573,-0.0044724214302268315
prospective_2,nextgen_prospective__nextgen_prospective_003__cluster_3water__equilibrium,325,-1.1421872130605801,-3.515836732207276,-0.004808304880929537,-0.00465902998592954,-0.004451907143545695
prospective_2,nextgen_prospective__nextgen_prospective_003__cluster_3water__equilibrium,326,-3.2221597094842527,-2.63617653881796,-0.004676373441809822,-0.005188840279916809,-0.003987420710846678
prospective_2,nextgen_prospective__nextgen_prospective_003__cluster_3water__equilibrium,327,-2.08669124621974,-3.5332127032937257,-0.004457916745993273,-0.0045067565454820265,-0.004085386213354083
prospective_2,nextgen_prospective__nextgen_prospective_003__cluster_3water__equilibrium,328,-3.2739600798646036,-1.6923086944947565,-0.0059351890133121366,-0.006854712443863551,-0.004524482267810305
prospective_2,nextgen_prospective__nextgen_prospective_003__cluster_3water__equilibrium,329,-0.7601562458003288,-3.08955504723686,-0.005730794015683216,-0.005450673128483259,-0.005064455268219108
prospective_2,nextgen_prospective__nextgen_prospective_003__cluster_3water__equilibrium,330,-2.71404585706376,-2.8569479526132815,-0.004770805248119903,-0.005049082571520267,-0.00417313612146048
prospective_2,nextgen_prospective__nextgen_prospective_003__cluster_3water__equilibrium,331,-2.607719126839368,-1.140794369062047,-0.0072555650890175905,-0.0082672439047532,-0.004953063592604598
prospective_2,nextgen_prospective__nextgen_prospective_003__cluster_3water__equilibrium,332,-1.6299734695232386,-2.8644202872558333,-0.00516271590249362,-0.005160163406688265,-0.0045951657392847055
prospective_2,nextgen_prospective__nextgen_prospective_003__cluster_3water__equilibrium,333,-2.2067534631232166,-1.9641833449350672,-0.005764816052575394,-0.00605744825733196,-0.004694064920338863
prospective_2,nextgen_prospective__nextgen_prospective_003__cluster_3water__equilibrium,334,-1.0243357593879117,-2.1033940407303717,-0.003829009974703368,-0.00412103238544541,-0.0035540837315941867
prospective_2,nextgen_prospective__nextgen_prospective_003__cluster_3water__equilibrium,335,-2.287558187329505,-1.282790365257658,-0.004172870225450875,-0.004792791805505839,-0.003353920783756116
prospective_2,nextgen_prospective__nextgen_prospective_003__cluster_3water__equilibrium,336,-1.6481974379414461,-3.2991108441582644,-0.003597708127742738,-0.003729983995354645,-0.003446104655310391
prospective_2,nextgen_prospective__nextgen_prospective_003__cluster_3water__equilibrium,337,-3.268436561387955,-2.1296726170643083,-0.0039630137556465606,-0.004508648663853372,-0.0033823814118107767
prospective_2,nextgen_prospective__nextgen_prospective_003__cluster_3water__equilibrium,338,-0.2649768897912786,-3.0970798096903907,-0.004839926993091659,-0.0046552436564800724,-0.004367580815518341
prospective_2,nextgen_prospective__nextgen_prospective_003__cluster_3water__equilibrium,339,-2.7359162163439983,-3.621721998381544,-0.003502936628603681,-0.0036882011078823024,-0.003301073977592961
prospective_2,nextgen_prospective__nextgen_prospective_003__cluster_3water__equilibrium,340,-3.4994662944721036,-0.9871447188936402,-0.006080798947059929,-0.0072250600892977395,-0.003949464322322968
prospective_2,nextgen_prospective__nextgen_prospective_003__cluster_3water__equilibrium,341,-0.9846893140871241,-3.9645209403522252,-0.004120319087696611,-0.003954524869309035,-0.003971354257067779
prospective_2,nextgen_prospective__nextgen_prospective_003__cluster_3water__equilibrium,342,-3.658939666631846,-2.8335292631373896,-0.0038730191256677315,-0.0042516245314621675,-0.0034517973391217007
prospective_2,nextgen_prospective__nextgen_prospective_003__cluster_3water__equilibrium,343,-2.199051642434615,-3.986861474606232,-0.003718186086097308,-0.0037394650663568232,-0.0035667647340830765
prospective_2,nextgen_prospective__nextgen_prospective_003__cluster_3water__equilibrium,344,-3.7255401428351544,-1.6199848918646993,-0.005121735961797214,-0.00578460113087929,-0.004032473829222567
prospective_2,nextgen_prospective__nextgen_prospective_003__cluster_3water__equilibrium,345,-0.493506641895372,-3.4164444882474037,-0.00507498022306363,-0.004743970437211224,-0.004671053347269551
prospective_2,nextgen_prospective__nextgen_prospective_003__cluster_3water__equilibrium,346,-3.005650427805498,-3.1173782237313743,-0.003964485667426132,-0.00415253532717596,-0.0036443579570944093
prospective_2,nextgen_prospective__nextgen_prospective_003__cluster_3water__equilibrium,347,-2.8689446318027083,-0.9108950448797867,-0.0064575134866928785,-0.0070259607132622925,-0.004494236492165385
prospective_2,nextgen_prospective__nextgen_prospective_003__cluster_3water__equilibrium,348,-1.6118430723962562,-3.126985511128941,-0.004358191773850439,-0.004312722506694844,-0.004082061820246324
prospective_2,nextgen_prospective__nextgen_prospective_003__cluster_3water__equilibrium,349,-1.1777987304737993,-1.0388749879241757,-0.006233465162972518,-0.005950497112548303,-0.004660475860927343
prospective_2,nextgen_prospective__nextgen_prospective_003__cluster_3water__equilibrium,350,-2.353417349881943,-1.969538013859385,-0.00485438853676845,-0.004987737212192502,-0.004165944855003918
prospective_2,nextgen_prospective__nextgen_prospective_003__cluster_3water__equilibrium,351,6.414337576875843,-2.2984532219649223,0.0014717890261661815,0.003632339194425087,0.0030892380373843493
prospective_2,nextgen_prospective__nextgen_prospective_003__cluster_3water__equilibrium,352,5.169829555274126,-1.4900066379806933,0.002650984630410136,0.005359949912458058,0.004378501138930494
prospective_2,nextgen_prospective__nextgen_prospective_003__cluster_3water__equilibrium,353,5.799718293560138,-3.476455702379068,0.00108436185894778,0.003124723044297891,0.0023123059394760566
prospective_2,nextgen_prospective__nextgen_prospective_003__cluster_3water__equilibrium,354,6.813137836445667,-1.160628968927885,0.001890756826694151,0.0036705978045005324,0.003363940732044093
prospective_2,nextgen_prospective__nextgen_prospective_003__cluster_3water__equilibrium,355,4.203482712683208,-2.3243424860568753,0.00029068736073512014,0.005029794441312346,0.003156761118875738
prospective_2,nextgen_prospective__nextgen_prospective_003__cluster_3water__equilibrium,356,7.162446685441415,-3.2774177202736814,0.0014836618414411085,0.003033529348886803,0.0019794720147332787
prospective_2,nextgen_prospective__nextgen_prospective_003__cluster_3water__equilibrium,357,5.5058201125589195,-0.37526497033394274,0.004459880841696684,0.006214990161551117,0.004948918682472367
prospective_2,nextgen_prospective__nextgen_prospective_003__cluster_3water__equilibrium,358,4.728113867430218,-3.794287432095336,0.00012213872656996472,0.0009985090466292658,0.0014071921548031447
prospective_2,nextgen_prospective__nextgen_prospective_003__cluster_3water__equilibrium,359,7.718408270846263,-1.6887816796653519,0.0015081120020128402,0.0028446433803015697,0.0022708682856286662
prospective_2,nextgen_prospective__nextgen_prospective_003__cluster_3water__equilibrium,360,6.453396667431433,-4.132007871222005,0.0015000894013263988,0.0025719863039042074,0.0012727666338296132
prospective_2,nextgen_prospective__nextgen_prospective_003__cluster_3water__equilibrium,361,6.6033961898832585,-0.21501073214256694,0.0027002439465770856,0.003864686231194637,0.003670603257204957
prospective_2,nextgen_prospective__nextgen_prospective_003__cluster_3water__equilibrium,362,7.768451449612646,-2.805286684684056,0.0014578430818934507,0.002334215168111798,0.001526445957737529
prospective_2,nextgen_prospective__nextgen_prospective_003__cluster_3water__equilibrium,363,5.257024892096498,-4.154017434598177,0.0010184727433428797,0.0007634102970475623,0.0006396498155653574
prospective_2,nextgen_prospective__nextgen_prospective_003__cluster_3water__equilibrium,364,7.428244422840923,-0.964084752208142,0.0017700872010086854,0.002461822261634288,0.00229351003297263
prospective_2,nextgen_prospective__nextgen_prospective_003__cluster_3water__equilibrium,365,6.937302559294419,-3.5920510702594792,0.0015891096901410329,0.0018893628145710082,0.0010406769641930754
prospective_2,nextgen_prospective__nextgen_prospective_003__cluster_3water__equilibrium,366,5.821640792752015,-0.25508585161353353,0.0036575678634487296,0.0043330187025118795,0.003740953859082176
prospective_2,nextgen_prospective__nextgen_prospective_003__cluster_3water__equilibrium,367,4.4623757183607395,-3.2974154170696135,-0.000128767401930574,6.036698173586151e-05,0.0006087400718100733
prospective_2,nextgen_prospective__nextgen_prospective_003__cluster_3water__equilibrium,368,4.597056243311636,-1.1236208779047165,0.0038978532888491735,0.005480312501027037,0.002954181766038573
prospective_2,nextgen_prospective__nextgen_prospective_003__cluster_3water__equilibrium,369,5.835534075912065,-3.3068803742835122,0.001377695078829344,0.0015183729486653585,0.000931047459056803
prospective_2,nextgen_prospective__nextgen_prospective_003__cluster_3water__equilibrium,370,6.263148131287524,-1.249704821792892,0.0021134391762327454,0.0021742169458240737,0.0022630830269602534
prospective_2,nextgen_prospective__nextgen_prospective_003__cluster_3water__equilibrium,371,5.104946084018761,-2.1665802473438758,0.0014965189538336254,0.002230808206847067,0.0016874938539822922
prospective_2,nextgen_prospective__nextgen_prospective_003__cluster_3water__equilibrium,372,6.602675175416813,-2.342913795351261,0.0011583495462064164,0.002593523704882597,0.0024683724696548835
prospective_2,nextgen_prospective__nextgen_prospective_003__cluster_3water__equilibrium,373,5.002593433357463,-1.3034824730858239,0.0021257123736742045,0.003755975324192654,0.0036471654658821137
prospective_2,nextgen_prospective__nextgen_prospective_003__cluster_3water__equilibrium,374,5.812450382582336,-3.857488413026592,0.0006198147535547704,0.001972903181788678,0.0016610048085885557
prospective_2,nextgen_prospective__nextgen_prospective_003__cluster_3water__equilibrium,375,7.115418366292302,-0.8799968985893559,0.0016322567074440464,0.0028155601190279368,0.002750208658357205
prospective_2,nextgen_prospective__nextgen_prospective_003__cluster_3water__equilibrium,376,3.7601474928834246,-2.376199992040915,-0.0007674024350881048,0.002289535766123945,0.0020065693719771073
prospective_2,nextgen_prospective__nextgen_prospective_003__cluster_3water__equilibrium,377,7.564529743572548,-3.6015824360339517,0.0010422411925730124,0.002100701787796643,0.001477433696899619
prospective_2,nextgen_prospective__nextgen_prospective_003__cluster_3water__equilibrium,378,5.4345812927236254,0.12975681388856977,0.0038560567430523385,0.004768208598341213,0.004324029771451164
prospective_2,nextgen_prospective__nextgen_prospective_003__cluster_3water__equilibrium,379,4.434673263272437,-4.266129208376079,-0.00060715536823297,0.0003873525089784695,0.0004968297770846421
prospective_2,nextgen_prospective__nextgen_prospective_003__cluster_3water__equilibrium,380,8.279337496235925,-1.5590503838232421,0.0012636479688605817,0.002177392152384893,0.0017583486420966656
prospective_2,nextgen_prospective__nextgen_prospective_003__cluster_3water__equilibrium,381,6.652894006131144,-4.700341201538942,0.0008761602182798534,0.001582157152205139,0.0007388099338999141
prospective_2,nextgen_prospective__nextgen_prospective_003__cluster_3water__equilibrium,382,6.845750534997776,0.3357979772774815,0.002357546907764352,0.003079168333700672,0.0030590448810821273
prospective_2,nextgen_prospective__nextgen_prospective_003__cluster_3water__equilibrium,383,3.2655102262411635,-3.267751743733484,-0.0060908053021417885,-0.002442068960589598,-0.0007805535691151771
prospective_2,nextgen_prospective__nextgen_prospective_003__cluster_3water__equilibrium,384,8.34367872607842,-2.99455681884729,0.0010999587278917033,0.0017053973797412176,0.001075082549741731
prospective_2,nextgen_prospective__nextgen_prospective_003__cluster_3water__equilibrium,385,5.114701723557656,-4.728639211594017,0.00018976107180446178,0.0003100126793197593,-0.0001105375247153285
prospective_2,nextgen_prospective__nextgen_prospective_003__cluster_3water__equilibrium,386,7.906269691657631,-0.6272971913782578,0.001502416609203916,0.001981583116976036,0.0017563352986794969
prospective_2,nextgen_prospective__nextgen_prospective_003__cluster_3water__equilibrium,387,7.275058724240697,-4.006111028872835,0.0010137769050801992,0.0012717032701786229,0.000559215588676501
prospective_2,nextgen_prospective__nextgen_prospective_003__cluster_3water__equilibrium,388,5.84063645297189,0.2842728236719534,0.002999974111688619,0.003287317217024926,0.0031013692242554914
prospective_2,nextgen_prospective__nextgen_prospective_003__cluster_3water__equilibrium,389,4.093009928754538,-3.627293760485864,-0.0012404529165821465,-0.0005943711173373309,-0.0004514892765152094
prospective_2,nextgen_prospective__nextgen_prospective_003__cluster_3water__equilibrium,390,7.754433616360079,-1.9948258963636998,0.0012260677327633474,0.0011406152645117842,0.0010181769806106658
prospective_2,nextgen_prospective__nextgen_prospective_003__cluster_3water__equilibrium,391,4.266170603691404,-0.8324150672738535,0.002168046742134333,0.002934526361550604,0.0019320724849621884
prospective_2,nextgen_prospective__nextgen_prospective_003__cluster_3water__equilibrium,392,5.858499245606244,-3.639462991189449,0.0007143819961679121,0.0008300027276384879,0.0003148884414291408
prospective_2,nextgen_prospective__nextgen_prospective_003__cluster_3water__equilibrium,393,6.408288745374689,-0.9945229951300796,0.001604354500690075,0.0016703627519355844,0.001649582310583069
prospective_2,nextgen_prospective__nextgen_prospective_003__cluster_3water__equilibrium,394,4.919171827457708,-2.1733628279813444,0.0006637312540860307,0.001089245857883155,0.0008936237354779328
prospective_2,nextgen_prospective__nextgen_prospective_003__cluster_3water__equilibrium,395,7.417124169399895,-3.211095445376569,0.0016483076545239506,0.0028981569766447935,0.0016619020914119642
prospective_2,nextgen_prospective__nextgen_prospective_003__cluster_3water__equilibrium,396,7.8560412105089865,-1.9569090975278876,0.0014464055648772955,0.0023084444088945135,0.0017946010599110842
prospective_2,nextgen_prospective__nextgen_prospective_003__cluster_3water__equilibrium,397,6.857347839392015,-3.8857718803357724,0.001572564067731097,0.0023058550143334505,0.0010825828251183937
prospective_2,nextgen_prospective__nextgen_prospective_003__cluster_3water__equilibrium,398,6.975768515011878,-0.7934057179046361,0.0021489828664646993,0.003039750880188209,0.0029135108528738195
prospective_2,nextgen_prospective__nextgen_prospective_003__cluster_3water__equilibrium,399,7.89554898321929,-2.838360417279496,0.001286721158499038,0.001558507049685166,0.0011050471025449888
prospective_2,nextgen_prospective__nextgen_prospective_003__cluster_3water__equilibrium,400,5.912843806232857,-3.9031478514222226,0.0013939537086340437,0.001754286359628314,0.0007738808883790512
prospective_2,nextgen_prospective__nextgen_prospective_003__cluster_3water__equilibrium,401,7.626964488399507,-1.3847799442721955,0.0015168902483564395,0.001691164912236536,0.0016368338402377755
prospective_2,nextgen_prospective__nextgen_prospective_003__cluster_3water__equilibrium,402,4.725574972587992,-2.0622438426232534,0.002284826457338518,0.005054972991058587,0.0026599194873931763
prospective_2,nextgen_prospective__nextgen_prospective_003__cluster_3water__equilibrium,403,7.239378806652267,-3.4594901953653565,0.001210283381555044,0.0011957490334404285,0.0007364388459351652
prospective_2,nextgen_prospective__nextgen_prospective_003__cluster_3water__equilibrium,404,6.358593201487211,-0.825043970118557,0.002372387400732201,0.002696893080347545,0.002668309667540401
prospective_2,nextgen_prospective__nextgen_prospective_003__cluster_3water__equilibrium,405,5.285489195388835,-3.226883100741778,0.0011140074373217068,0.0015045581126529053,0.0009302409920716426
prospective_2,nextgen_prospective__nextgen_prospective_003__cluster_3water__equilibrium,406,7.533731810585222,-2.2244905525965897,0.0012755680784697354,0.0010287786301272288,0.0010163726144626995
prospective_2,nextgen_prospective__nextgen_prospective_003__cluster_3water__equilibrium,407,5.391815925613229,-1.510729517190544,0.0023205744041465692,0.002942856577778916,0.002419074491711177
prospective_2,nextgen_prospective__nextgen_prospective_003__cluster_3water__equilibrium,408,6.369561582929357,-3.2343554353843302,0.0011412537238770781,0.0010159854396358638,0.0006874433773537479
prospective_2,nextgen_prospective__nextgen_prospective_003__cluster_3water__equilibrium,409,6.707151626646824,-1.610269472891735,0.0015418320323319357,0.0013365875624306075,0.001455912786380216
prospective_2,nextgen_prospective__nextgen_prospective_003__cluster_3water__equilibrium,410,5.79278158932938,-2.3341184930635643,0.0013488620139572305,0.0013906894501863126,0.0012404523857956523
prospective_2,nextgen_prospective__nextgen_prospective_003__cluster_3water__equilibrium,411,6.975199293064684,-2.4733291888588687,0.0016847117565581549,0.003923050230579892,0.002781820918502537
prospective_2,nextgen_prospective__nextgen_prospective_003__cluster_3water__equilibrium,412,6.351337614511149,-3.669045992286761,0.0017194617303251114,0.0035946202363162,0.0020222413070194747
prospective_2,nextgen_prospective__nextgen_prospective_003__cluster_3water__equilibrium,413,7.379996549019017,-1.318394796678417,0.001701121543316475,0.0032441631074129292,0.0027722253969089655
prospective_2,nextgen_prospective__nextgen_prospective_003__cluster_3water__equilibrium,414,7.734558162661318,-3.467014957818888,0.00128275909996578,0.002259923061331613,0.0013584035285108915
prospective_2,nextgen_prospective__nextgen_prospective_003__cluster_3water__equilibrium,415,6.053019911991115,-0.5212208131432124,0.0034932286893627484,0.005493551172324428,0.0046637139077599764
prospective_2,nextgen_prospective__nextgen_prospective_003__cluster_3water__equilibrium,416,8.29888007265872,-1.8544896534420114,0.0012636276155366666,0.001993925442901548,0.001501380198965549
prospective_2,nextgen_prospective__nextgen_prospective_003__cluster_3water__equilibrium,417,7.014845738365472,-4.334456088480721,0.001105363603095988,0.0016820909196118652,0.0007257709678008685
prospective_2,nextgen_prospective__nextgen_prospective_003__cluster_3water__equilibrium,418,7.167100892733865,-0.35855673678354544,0.0020553954305979616,0.002771391100137285,0.0026482480235625033
prospective_2,nextgen_prospective__nextgen_prospective_003__cluster_3water__equilibrium,419,8.34967578042911,-2.9877842074083656,0.0010315621562995148,0.0013655857289861769,0.0008416989661777939
prospective_2,nextgen_prospective__nextgen_prospective_003__cluster_3water__equilibrium,420,5.253077715298535,-0.43333640382739946,0.00531377229380503,0.006365104158367316,0.004261549527964123
prospective_2,nextgen_prospective__nextgen_prospective_003__cluster_3water__equilibrium,421,5.80048341001798,-4.356796622734729,0.0007903708372225537,0.0010152532621400165,0.000251598803267594
prospective_2,nextgen_prospective__nextgen_prospective_003__cluster_3water__equilibrium,422,8.00435285851796,-1.11889502782755,0.0013249277540685611,0.0015757408398122835,0.0013515033295009807
prospective_2,nextgen_prospective__nextgen_prospective_003__cluster_3water__equilibrium,423,4.273994909617442,-1.9899200399931964,0.0008601091613957834,0.0035564716377384223,0.0018391160758643877
prospective_2,nextgen_prospective__nextgen_prospective_003__cluster_3water__equilibrium,424,7.506028410557224,-3.786379636375901,0.000882612951000894,0.0010068686658562256,0.0004485975585934647
prospective_2,nextgen_prospective__nextgen_prospective_003__cluster_3water__equilibrium,425,6.373589775345008,-0.3992344896300152,0.00217895575547411,0.002438062436475122,0.0023931738776779227
prospective_2,nextgen_prospective__nextgen_prospective_003__cluster_3water__equilibrium,426,4.993884624647097,-3.4873133718598712,0.0003471699316812682,0.0006599175983396313,0.00028347531272392476
prospective_2,nextgen_prospective__nextgen_prospective_003__cluster_3water__equilibrium,427,7.884482272756737,-2.198522952816057,0.0010275252208966634,0.0010058260960806131,0.000746474140729921
prospective_2,nextgen_prospective__nextgen_prospective_003__cluster_3water__equilibrium,428,5.130590420649887,-1.280830193008284,0.0018684707888549923,0.0023071304190493617,0.001978887455366201
prospective_2,nextgen_prospective__nextgen_prospective_003__cluster_3water__equilibrium,429,6.387691980056339,-3.496920659257438,0.0007392658671205865,0.0007671959351369902,0.00032165304528639885
prospective_2,nextgen_prospective__nextgen_prospective_003__cluster_3water__equilibrium,430,6.821736321978796,-1.4088101360526726,0.0012517578735167234,0.0012236739150630126,0.0011413684178412933
prospective_2,nextgen_prospective__nextgen_prospective_003__cluster_3water__equilibrium,431,5.646117702570654,-2.339473161987882,0.0008778977797083698,0.0010018895650208681,0.0008088767939827071
prospective_2,nextgen_prospective__nextgen_prospective_003__cluster_3water__equilibrium,432,5.555212592920098,-2.891240003506319,0.0013798115023604396,0.004913812770510884,0.0032817725075259844
prospective_2,nextgen_prospective__nextgen_prospective_003__cluster_3water__equilibrium,433,4.572706260076638,-2.2529927003608754,0.001420911742995301,0.006069732538456973,0.0038337457638341387
prospective_2,nextgen_prospective__nextgen_prospective_003__cluster_3water__equilibrium,434,5.069986842934016,-3.8212419617280133,0.0004887647337747936,0.0019795800788124356,0.0016722686147214315
prospective_2,nextgen_prospective__nextgen_prospective_003__cluster_3water__equilibrium,435,3.8098008580311755,-2.9116788962104927,-0.0028790040476569523,0.0014555103370427831,0.001461586135686419
prospective_2,nextgen_prospective__nextgen_prospective_003__cluster_3water__equilibrium,436,6.1458250470508125,-3.664106712697445,0.001841045507763095,0.0039025662914034323,0.0020837106320664525
prospective_2,nextgen_prospective__nextgen_prospective_003__cluster_3water__equilibrium,437,4.22398334862092,-4.072161748346119,-0.0010482551790791383,-0.00032490807812631363,0.0003295919411696965
prospective_2,nextgen_prospective__nextgen_prospective_003__cluster_3water__equilibrium,438,5.586048717042933,-4.338783147656649,0.001063688177068034,0.001530261044889224,0.0008661113061363372
prospective_2,nextgen_prospective__nextgen_prospective_003__cluster_3water__equilibrium,439,3.5060762206192613,-3.459122954267333,-0.004541170152007279,-0.0019016505673963352,-0.0004766307433273683
prospective_2,nextgen_prospective__nextgen_prospective_003__cluster_3water__equilibrium,440,4.641544683883773,-4.356159118743099,-0.0001453362018470905,-0.00034571043361552515,-4.819837699945379e-05
prospective_2,nextgen_prospective__nextgen_prospective_003__cluster_3water__equilibrium,441,5.968079684303184,-3.9125014626862327,0.0015996851920467847,0.0021362317382870146,0.000944872834868046
prospective_2,nextgen_prospective__nextgen_prospective_003__cluster_3water__equilibrium,442,4.014190073039753,-3.679894368062654,-0.0016331252053571887,-0.001060596163394232,-0.00035833342260599703
prospective_2,nextgen_prospective__nextgen_prospective_003__cluster_3water__equilibrium,443,5.098262460580275,-3.687366702705206,0.0007193981649247227,0.0008422713968120868,0.0004940460683543657
prospective_2,nextgen_prospective__nextgen_prospective_003__cluster_3water__equilibrium,444,4.521482466980297,-2.78712976038444,0.00019747253924595753,0.001241402396067485,0.0009366648064260531
prospective_2,nextgen_prospective__nextgen_prospective_003__cluster_3water__equilibrium,445,5.703900170715602,-2.926340456179745,0.0011423672453689804,0.003553187689190822,0.0028947817662406724
prospective_2,nextgen_prospective__nextgen_prospective_003__cluster_3water__equilibrium,446,4.4406777427740085,-2.105736780707031,0.0013089576502860467,0.004565667743888344,0.0034733705708672896
prospective_2,nextgen_prospective__nextgen_prospective_003__cluster_3water__equilibrium,447,5.080038492162067,-4.1220572596076375,0.00018777654944157618,0.0014544484286227273,0.0012305562592520654
prospective_2,nextgen_prospective__nextgen_prospective_003__cluster_3water__equilibrium,448,3.4597993687155584,-2.9526190325136814,-0.003144302094542084,0.00012468284167061502,0.0006629016173930033
prospective_2,nextgen_prospective__nextgen_prospective_003__cluster_3water__equilibrium,449,6.463259040312236,-3.9200262251397637,0.0013473940117929573,0.00276482172014587,0.0016780627829667677
prospective_2,nextgen_prospective__nextgen_prospective_003__cluster_3water__equilibrium,450,4.7817207896420335,-0.9742320804640885,0.006723141696997281,0.010851130753480443,0.00533068796822131
prospective_2,nextgen_prospective__nextgen_prospective_003__cluster_3water__equilibrium,451,3.992319713759515,-4.444668413830917,-0.0013183881102034611,-0.0004132508571422846,-0.00025002775131029506
prospective_2,nextgen_prospective__nextgen_prospective_003__cluster_3water__equilibrium,452,5.743546616016389,-4.787467355801597,0.0006324629434089069,0.0011402465405279903,0.00045262278773845814
prospective_2,nextgen_prospective__nextgen_prospective_003__cluster_3water__equilibrium,453,3.0692962634716676,-3.656475678586763,-0.0048825787617339245,-0.0026750145477363006,-0.0015116135761106915
prospective_2,nextgen_prospective__nextgen_prospective_003__cluster_3water__equilibrium,454,7.078376658080028,-3.4407954747292413,0.0018669284278094445,0.0029769411002495633,0.0015283431001396723
prospective_2,nextgen_prospective__nextgen_prospective_003__cluster_3water__equilibrium,455,4.5291842876688975,-4.8098078900556045,-0.0005151144695978438,-0.0003106847417210437,-0.0005440574808262091
prospective_2,nextgen_prospective__nextgen_prospective_003__cluster_3water__equilibrium,456,6.2347292882081415,-4.239390903696776,0.001094567263771662,0.0014347765050738664,0.0005133906733123918
prospective_2,nextgen_prospective__nextgen_prospective_003__cluster_3water__equilibrium,457,5.102290652995926,-0.852245756950891,0.0051458284114596076,0.006739954827875393,0.004062926343549929
prospective_2,nextgen_prospective__nextgen_prospective_003__cluster_3water__equilibrium,458,3.7225855022980148,-3.940324639180747,-0.002024303639581948,-0.0012533477042408795,-0.0010557498887695956
prospective_2,nextgen_prospective__nextgen_prospective_003__cluster_3water__equilibrium,459,5.116392857707257,-3.9499319265783135,0.0002728019372777446,0.000477841387882048,1.6405956479104784e-05
prospective_2,nextgen_prospective__nextgen_prospective_003__cluster_3water__equilibrium,460,5.550437199629714,-1.8618214033735485,0.0020158912690764197,0.0024669448322448733,0.00210899576386857
prospective_2,nextgen_prospective__nextgen_prospective_003__cluster_3water__equilibrium,461,4.374818580221571,-2.792484429308758,-0.00033357504350384204,0.0004887684717749316,0.00033711789725567563
prospective_2,nextgen_prospective__nextgen_prospective_003__cluster_3water__equilibrium,462,-0.9245303166581333,3.9348593257229565,0.0035603698705664044,0.0031557536962717268,0.002806762399298662
prospective_2,nextgen_prospective__nextgen_prospective_003__cluster_3water__equilibrium,463,-2.169038338259851,4.743305909707185,0.003949143141025679,0.004317641687366607,0.0021110411165671944
prospective_2,nextgen_prospective__nextgen_prospective_003__cluster_3water__equilibrium,464,-1.5391495999738376,2.756856845308811,0.0035398269357793666,0.0020270036823248315,0.002088693928707029
prospective_2,nextgen_prospective__nextgen_prospective_003__cluster_3water__equilibrium,465,-0.5257300570883092,5.072683578759994,0.00361081361885196,0.003824354347405112,0.0029106604053649246
prospective_2,nextgen_prospective__nextgen_prospective_003__cluster_3water__equilibrium,466,-3.135385180850768,3.9089700616310044,0.00302794266110773,0.0015947140722146417,0.0011485158677382523
prospective_2,nextgen_prospective__nextgen_prospective_003__cluster_3water__equilibrium,467,-0.17642120809256182,2.955894827414198,0.006356339753665452,0.005603125325824403,0.003578308734329814
prospective_2,nextgen_prospective__nextgen_prospective_003__cluster_3water__equilibrium,468,-1.8330477809750565,5.858047577353936,0.004360111929734067,0.004796755007478774,0.0022741107205962157
prospective_2,nextgen_prospective__nextgen_prospective_003__cluster_3water__equilibrium,469,-2.6107540261037587,2.439025115592543,0.0008544311725176001,-0.0010903974029927571,0.0005011527540133165
prospective_2,nextgen_prospective__nextgen_prospective_003__cluster_3water__equilibrium,470,0.3795403773122866,4.544530868022528,0.00360719528278608,0.0040390114205286825,0.0035712489140205146
prospective_2,nextgen_prospective__nextgen_prospective_003__cluster_3water__equilibrium,471,-3.362992251222559,5.034571620569514,0.0040949349412979785,0.003290014450442867,0.0012837077657913767
prospective_2,nextgen_prospective__nextgen_prospective_003__cluster_3water__equilibrium,472,-0.7354717036507176,6.018301815545311,0.003816025529783662,0.0038538608229183252,0.002566941331714502
prospective_2,nextgen_prospective__nextgen_prospective_003__cluster_3water__equilibrium,473,-3.5201030549058605,3.2155409214256725,0.0008892795336548076,-0.0013427696200476878,6.363873343152458e-05
prospective_2,nextgen_prospective__nextgen_prospective_003__cluster_3water__equilibrium,474,0.4295835560786713,3.4280258630038234,0.005613421322451462,0.006568060977227336,0.004058888583402652
prospective_2,nextgen_prospective__nextgen_prospective_003__cluster_3water__equilibrium,475,-2.6211389821610798,5.944629995420627,0.004299647485175306,0.0037547420818401537,0.0017418922317520655
prospective_2,nextgen_prospective__nextgen_prospective_003__cluster_3water__equilibrium,476,-2.081843001437478,2.0792951130897026,0.0005244856739583525,-0.00041893930732675596,0.00016968386348044818
prospective_2,nextgen_prospective__nextgen_prospective_003__cluster_3water__equilibrium,477,0.08937652930694659,5.269227795479737,0.0031234037954832594,0.0035712163284362672,0.0030274767581808058
prospective_2,nextgen_prospective__nextgen_prospective_003__cluster_3water__equilibrium,478,-3.5857168573876383,4.411106857568396,0.0028548101651457714,0.0017436580942382929,0.0006406468707793734
prospective_2,nextgen_prospective__nextgen_prospective_003__cluster_3water__equilibrium,479,-1.5172271007819624,5.978226696074345,0.0037141172705190684,0.0034871030761092926,0.0020955342956440184
prospective_2,nextgen_prospective__nextgen_prospective_003__cluster_3water__equilibrium,480,-2.8764921751732366,2.9358971306182657,0.00017553722782270853,-0.0007528310556605294,0.0001219558902152002
prospective_2,nextgen_prospective__nextgen_prospective_003__cluster_3water__equilibrium,481,-0.02871819592448232,4.205594358268837,0.0027490099509566157,0.003520093438958154,0.00316075055556392
prospective_2,nextgen_prospective__nextgen_prospective_003__cluster_3water__equilibrium,482,-2.74181165022234,5.109691669783162,0.0033370487607733423,0.0035983693913090777,0.0013505183886895187
prospective_2,nextgen_prospective__nextgen_prospective_003__cluster_3water__equilibrium,483,-1.50333381762191,2.926432173404367,0.001434286201335233,0.0016089855597989247,0.0014792040687591802
prospective_2,nextgen_prospective__nextgen_prospective_003__cluster_3water__equilibrium,484,-1.0757197622464523,4.983607725894987,0.0025999362892652478,0.0029865237950301715,0.0022555564079863952
prospective_2,nextgen_prospective__nextgen_prospective_003__cluster_3water__equilibrium,485,-0.7361927181171624,3.8903987523366177,0.0027202209861991733,0.0023064097950048386,0.0023915157455124472
prospective_2,nextgen_prospective__nextgen_prospective_003__cluster_3water__equilibrium,486,-2.3362744601765137,4.929830074602055,0.002746595297911991,0.002582399410358199,0.001777743356336895
prospective_2,nextgen_prospective__nextgen_prospective_003__cluster_3water__equilibrium,487,-1.5264175109516396,2.375824134661287,0.0022611930107934164,0.0010644138097356294,0.0015021862577415236
prospective_2,nextgen_prospective__nextgen_prospective_003__cluster_3water__equilibrium,488,-0.22344952724167416,5.353315649098524,0.0028131844158796326,0.002835295512658782,0.002533171353240372
prospective_2,nextgen_prospective__nextgen_prospective_003__cluster_3water__equilibrium,489,-3.5787204006505506,3.8571125556469643,0.0018934269798212,0.0006817591725339638,0.0007286875764127463
prospective_2,nextgen_prospective__nextgen_prospective_003__cluster_3water__equilibrium,490,0.22566185003857267,2.6317301116539267,0.004674995992957509,0.004040854172707301,0.0031446585653531166
prospective_2,nextgen_prospective__nextgen_prospective_003__cluster_3water__equilibrium,491,-1.9042866008103496,6.363069361576448,0.003090743320053768,0.003125573362909034,0.001971944228685956
prospective_2,nextgen_prospective__nextgen_prospective_003__cluster_3water__equilibrium,492,-2.904194630261539,1.9671833393117997,-0.0010429302286567577,-0.0027148453767855117,-0.0003557170291800279
prospective_2,nextgen_prospective__nextgen_prospective_003__cluster_3water__equilibrium,493,0.9404696027019491,4.674262163864636,0.002992826627504108,0.003164781836641947,0.0031999883757736595
prospective_2,nextgen_prospective__nextgen_prospective_003__cluster_3water__equilibrium,494,-3.8713580625571398,5.304314559996477,0.0026957026064451384,0.0019653982870384687,0.0009537111718475635
prospective_2,nextgen_prospective__nextgen_prospective_003__cluster_3water__equilibrium,495,-0.4931173585361995,6.569110524965359,0.0028634269936347323,0.002837149797171536,0.0022091764597518427
prospective_2,nextgen_prospective__nextgen_prospective_003__cluster_3water__equilibrium,496,-4.073357667292813,2.9655608039543946,-0.0004211345595326321,-0.0027304676169937732,-0.000565562665172878
prospective_2,nextgen_prospective__nextgen_prospective_003__cluster_3water__equilibrium,497,1.004810832544444,3.2387557288405886,0.0041986385709140706,0.005036191972265049,0.003718051374463151
prospective_2,nextgen_prospective__nextgen_prospective_003__cluster_3water__equilibrium,498,-2.917546716620951,6.474389613376479,0.002981930162769153,0.0025771906949917977,0.0014471770882223294
prospective_2,nextgen_prospective__nextgen_prospective_003__cluster_3water__equilibrium,499,0.567401798123655,5.606015356309621,0.002515514761642912,0.0027427284136755407,0.002630492261231617
prospective_2,nextgen_prospective__nextgen_prospective_003__cluster_3water__equilibrium,500,-4.15771827048367,4.502717007566469,0.0017258056203335315,0.0008527643872903829,0.00022381524341203417
prospective_2,nextgen_prospective__nextgen_prospective_003__cluster_3water__equilibrium,501,-1.498231440562086,6.517585371359832,0.0026854152980666512,0.0025130529853502415,0.0017565826660825663
prospective_2,nextgen_prospective__nextgen_prospective_003__cluster_3water__equilibrium,502,-3.245857964779438,2.606018787202014,-0.0011472614540082304,-0.0017840940639527408,-0.0006839150593953371
prospective_2,nextgen_prospective__nextgen_prospective_003__cluster_3water__equilibrium,503,0.41556572282610355,4.2384866513241795,0.0021499431633675847,0.002610093681473064,0.0027306879619990597
prospective_2,nextgen_prospective__nextgen_prospective_003__cluster_3water__equilibrium,504,-3.0726972898425715,5.400897480414025,0.0021979726560723556,0.002093503748256271,0.001013784815617528
prospective_2,nextgen_prospective__nextgen_prospective_003__cluster_3water__equilibrium,505,-1.4803686479277325,2.59384955649843,-6.496359386032324e-05,0.0002626669689217534,0.000704155066229422
prospective_2,nextgen_prospective__nextgen_prospective_003__cluster_3water__equilibrium,506,-0.9305791481592864,5.2387895525578,0.0019363241249088503,0.002130858104206855,0.0018597270458863568
prospective_2,nextgen_prospective__nextgen_prospective_003__cluster_3water__equilibrium,507,-2.4196960660762685,4.059949719706534,0.0011360079725153405,0.0013112212226910095,0.0008775645007619317
prospective_2,nextgen_prospective__nextgen_prospective_003__cluster_3water__equilibrium,508,-1.5726740656116562,4.420161751345195,0.003284784599249857,0.0031026580533469773,0.002313382085204047
prospective_2,nextgen_prospective__nextgen_prospective_003__cluster_3water__equilibrium,509,-2.5551803984551174,5.05840905449064,0.003071449944537452,0.003022375680133389,0.0017604537615565504
prospective_2,nextgen_prospective__nextgen_prospective_003__cluster_3water__equilibrium,510,-2.0578998155977386,3.490159793123502,0.003030096021357842,0.0019369927432735165,0.0019076952461735644
prospective_2,nextgen_prospective__nextgen_prospective_003__cluster_3water__equilibrium,511,-1.2578317554249532,5.318444056374435,0.003546313433523629,0.0038049034155306404,0.0024741165565222083
prospective_2,nextgen_prospective__nextgen_prospective_003__cluster_3water__equilibrium,512,-3.318085800500579,4.399722858641023,0.00274577206068205,0.0019408561450086764,0.0011626719487157749
prospective_2,nextgen_prospective__nextgen_prospective_003__cluster_3water__equilibrium,513,-0.982061611480942,3.64729504215407,0.004299317891771182,0.003717075847822901,0.0031142163284800157
prospective_2,nextgen_prospective__nextgen_prospective_003__cluster_3water__equilibrium,514,-2.289924695335543,5.938468265790706,0.003476583025121549,0.0036582478647659857,0.0019503940013683618
prospective_2,nextgen_prospective__nextgen_prospective_003__cluster_3water__equilibrium,515,-2.903903309910835,3.239240006505396,0.00218241932113461,0.0002784521466927674,0.0009941575027949021
prospective_2,nextgen_prospective__nextgen_prospective_003__cluster_3water__equilibrium,516,-0.5431445703718512,4.901481390002751,0.004084631626746216,0.004547586385788932,0.0031797883283744125
prospective_2,nextgen_prospective__nextgen_prospective_003__cluster_3water__equilibrium,517,-3.497775592899362,5.28835566832932,0.0031665896256254378,0.0026673165003123925,0.0012465280987659787
prospective_2,nextgen_prospective__nextgen_prospective_003__cluster_3water__equilibrium,518,-1.42341726586896,6.064984769626002,0.004055296635734784,0.004192644411692044,0.0023591585545365383
prospective_2,nextgen_prospective__nextgen_prospective_003__cluster_3water__equilibrium,519,-3.621810437912494,3.8522788005841817,0.0023866150232638716,0.00043596752941268957,0.0005669695649384955
prospective_2,nextgen_prospective__nextgen_prospective_003__cluster_3water__equilibrium,520,-2.9121019594297723,6.006822806369672,0.0037727440520312072,0.003464378937334145,0.001632349019119418
prospective_2,nextgen_prospective__nextgen_prospective_003__cluster_3water__equilibrium,521,-0.77222129248133,5.473610543258443,0.0046838164423137485,0.0051594505634773614,0.002953737907128367
prospective_2,nextgen_prospective__nextgen_prospective_003__cluster_3water__equilibrium,522,-3.6736108082928447,4.796146644907387,0.0033271204080467243,0.0020317166657543573,0.0008716525500090733
prospective_2,nextgen_prospective__nextgen_prospective_003__cluster_3water__equilibrium,523,-2.0405925793936266,6.033346517412083,0.004608035551407319,0.004196759481075791,0.002060617860065026
prospective_2,nextgen_prospective__nextgen_prospective_003__cluster_3water__equilibrium,524,-3.0073698552676094,5.347660970340095,0.0043574859850235015,0.003605925563499107,0.0014347689059373897
prospective_2,nextgen_prospective__nextgen_prospective_003__cluster_3water__equilibrium,525,-1.423986487816153,4.38506129867177,0.0026065701414879072,0.0023019592455225026,0.0020865248659595282
prospective_2,nextgen_prospective__nextgen_prospective_003__cluster_3water__equilibrium,526,-2.6872089157577457,5.205664974144485,0.0023385400742736984,0.0020963073952954513,0.001532113883519068
prospective_2,nextgen_prospective__nextgen_prospective_003__cluster_3water__equilibrium,527,-2.0478481663696875,3.1893444952438776,0.002271783028869656,0.0012614900602893984,0.0015875244338063972
prospective_2,nextgen_prospective__nextgen_prospective_003__cluster_3water__equilibrium,528,-1.0191892318618203,5.539995690852223,0.002836202877124716,0.0028725906747869906,0.0022689711529908915
prospective_2,nextgen_prospective__nextgen_prospective_003__cluster_3water__equilibrium,529,-3.6680872898161967,4.358782722337834,0.0019494522427860872,0.0011094752713042698,0.0008581221130078819
prospective_2,nextgen_prospective__nextgen_prospective_003__cluster_3water__equilibrium,530,-0.6646276182195201,3.391375529711751,0.004018015143607556,0.003301375544630737,0.003018747637725585
prospective_2,nextgen_prospective__nextgen_prospective_003__cluster_3water__equilibrium,531,-2.346165868889722,6.337169674387426,0.002687451568249344,0.0026460152273191317,0.0017453924067999654
prospective_2,nextgen_prospective__nextgen_prospective_003__cluster_3water__equilibrium,532,-3.1355669447722394,2.866733341020598,0.001055694585723188,-0.0006650985819115649,0.0004849498030746915
prospective_2,nextgen_prospective__nextgen_prospective_003__cluster_3water__equilibrium,533,-0.10030570822211761,5.003900834088627,0.0034440892882554586,0.0036389816940969742,0.0030585804047659464
prospective_2,nextgen_prospective__nextgen_prospective_003__cluster_3water__equilibrium,534,-3.899117022900346,5.5013106205085025,0.0023401563265288416,0.001785520838302701,0.0009930224881030012
prospective_2,nextgen_prospective__nextgen_prospective_003__cluster_3water__equilibrium,535,-1.3843400425153654,2.523934399049918,0.005990674551574315,0.003994935494537503,0.0022844088211588895
prospective_2,nextgen_prospective__nextgen_prospective_003__cluster_3water__equilibrium,536,-1.2320848881469717,6.499833750747094,0.00317637498685297,0.0031619314547441948,0.0021513582541351703
prospective_2,nextgen_prospective__nextgen_prospective_003__cluster_3water__equilibrium,537,-4.058590395060088,3.654926076264752,0.0013075538882052484,-0.0005441251180167182,8.064882221106111e-05
prospective_2,nextgen_prospective__nextgen_prospective_003__cluster_3water__equilibrium,538,-0.04951000045172683,3.870606280122274,0.004769456328500787,0.005791350557160357,0.004061546476036948
prospective_2,nextgen_prospective__nextgen_prospective_003__cluster_3water__equilibrium,539,-3.146108065582302,6.425054083703239,0.0028526096941852153,0.002512865437424514,0.0014168943598496632
prospective_2,nextgen_prospective__nextgen_prospective_003__cluster_3water__equilibrium,540,-2.5987023708628563,2.5015938647959106,0.0004975839004339733,-0.0014437080302323944,0.0004041338689203196
prospective_2,nextgen_prospective__nextgen_prospective_003__cluster_3water__equilibrium,541,-0.3948329223628764,5.73949545970309,0.003729102034487397,0.003915783600499179,0.0027940373107119875
prospective_2,nextgen_prospective__nextgen_prospective_003__cluster_3water__equilibrium,542,-4.125190871263396,4.868470447537443,0.002329435992083795,0.0012801916825849946,0.0005235226751569393
prospective_2,nextgen_prospective__nextgen_prospective_003__cluster_3water__equilibrium,543,-2.0255960055358297,6.459155997900625,0.003512881033415294,0.0031572981224198843,0.0018460917247020907
prospective_2,nextgen_prospective__nextgen_prospective_003__cluster_3water__equilibrium,544,-3.4053011562337394,3.371077115670768,0.0011575024469916428,-0.0005913812232224044,0.00014435566468058987
prospective_2,nextgen_prospective__nextgen_prospective_003__cluster_3water__equilibrium,545,-3.26859536023095,5.577560294522356,0.0032024867839330895,0.002657265979614029,0.0011743723649634144
prospective_2,nextgen_prospective__nextgen_prospective_003__cluster_3water__equilibrium,546,-1.5774494589020407,5.449580351477967,0.0039754723762097655,0.0040666917115584145,0.0022068642425716054
prospective_2,nextgen_prospective__nextgen_prospective_003__cluster_3water__equilibrium,547,-3.3685105769407584,3.9627310303155006,0.0032193755371805466,0.0008640618443185402,0.0008173024563441154
prospective_2,nextgen_prospective__nextgen_prospective_003__cluster_3water__equilibrium,548,-2.9543280863510137,2.8022481781798736,0.000279306455670536,-0.0018143614713864902,0.0002237446560215779
prospective_2,nextgen_prospective__nextgen_prospective_003__cluster_3water__equilibrium,549,-3.5482003693395407,4.851363840003798,0.00349905227871794,0.002298417815437735,0.0009299623928827872
prospective_2,nextgen_prospective__nextgen_prospective_003__cluster_3water__equilibrium,550,-1.473842042309139,5.627992941300482,0.005009632513364615,0.004883232284730123,0.0024441772462938435
prospective_2,nextgen_prospective__nextgen_prospective_003__cluster_3water__equilibrium,551,-3.672235214352673,3.41528697225866,0.0008654491719655155,-0.000644016011309255,-8.916642040217909e-05
prospective_2,nextgen_prospective__nextgen_prospective_003__cluster_3water__equilibrium,552,-2.9625267358699516,5.569830978044149,0.003650423240098455,0.0031792692731076864,0.0013771815723412693
prospective_2,nextgen_prospective__nextgen_prospective_003__cluster_3water__equilibrium,553,-2.53676675108816,2.518250807782894,-0.0005084224744553723,-0.0012904512446080293,8.63770796356671e-06
prospective_2,nextgen_prospective__nextgen_prospective_003__cluster_3water__equilibrium,554,-0.8226460689215089,5.036618714932922,0.003316987583056985,0.003884313747735047,0.002756736943256617
prospective_2,nextgen_prospective__nextgen_prospective_003__cluster_3water__equilibrium,555,-3.7240355847330235,4.359154816581864,0.001897046285903592,0.0013226212917708804,0.00039389723562263223
prospective_2,nextgen_prospective__nextgen_prospective_003__cluster_3water__equilibrium,556,-1.210231750668749,2.96190846383976,0.002575339567268742,0.002946158156186789,0.0020106166671928823
prospective_2,nextgen_prospective__nextgen_prospective_003__cluster_3water__equilibrium,557,-2.0910173558338054,5.596354689086559,0.0032428059286244704,0.0032437180146008505,0.001719944859036857
prospective_2,nextgen_prospective__nextgen_prospective_003__cluster_3water__equilibrium,558,-3.1641213619321795,3.1945155584633387,0.0002634158835199685,-0.00019912338249411347,-2.2447689752385237e-05
prospective_2,nextgen_prospective__nextgen_prospective_003__cluster_3water__equilibrium,559,-0.9158787467357951,4.196908106608527,0.0022190995089044208,0.0028184799033278175,0.0024506141905789518
prospective_2,nextgen_prospective__nextgen_prospective_003__cluster_3water__equilibrium,560,-3.0577946317077878,4.910669142014575,0.0021708312158401633,0.00222124756203554,0.0009368973769786063
prospective_2,nextgen_prospective__nextgen_prospective_003__cluster_3water__equilibrium,561,-2.0800489743916586,3.1870432238207873,0.000655585153589211,0.0007567190958138096,0.000849686966229048
prospective_2,nextgen_prospective__nextgen_prospective_003__cluster_3water__equilibrium,562,-1.7424589306741924,4.811129186313382,0.00217584231885537,0.0025429290163255834,0.0016750101333266243
prospective_2,nextgen_prospective__nextgen_prospective_003__cluster_3water__equilibrium,563,-2.6568289679916375,4.087280166141553,0.0013298150995106894,0.001511098743153661,0.0008166021741939409
prospective_2,nextgen_prospective__nextgen_prospective_003__cluster_3water__equilibrium,564,-2.0982729428098668,2.752352666918356,0.0030208460843468288,0.0009397831321511085,0.0015925203275800317
prospective_2,nextgen_prospective__nextgen_prospective_003__cluster_3water__equilibrium,565,-3.7185120662563755,3.9217908940123114,0.0023228123322276417,0.00044110793650529594,0.0005037215075334761
prospective_2,nextgen_prospective__nextgen_prospective_003__cluster_3water__equilibrium,566,-2.396590645329901,5.900177846061904,0.004795809131937112,0.004617595681737121,0.0019703181681774056
prospective_2,nextgen_prospective__nextgen_prospective_003__cluster_3water__equilibrium,567,-3.1859917212124187,2.4297415126950765,-0.0012393374415395897,-0.0032307432936273467,-0.0004392817463813078
prospective_2,nextgen_prospective__nextgen_prospective_003__cluster_3water__equilibrium,568,-3.9495417993405244,5.06431879218298,0.0026512082347478483,0.0016804814496082458,0.0007077349680189259
prospective_2,nextgen_prospective__nextgen_prospective_003__cluster_3water__equilibrium,569,-1.2825096645871508,6.062841922421573,0.004048454484487429,0.003816513682788046,0.0022948142253490654
prospective_2,nextgen_prospective__nextgen_prospective_003__cluster_3water__equilibrium,570,-4.109015171500267,3.21793424793923,-2.6920576392974738e-05,-0.0015113437745853686,-0.0005501805282115041
prospective_2,nextgen_prospective__nextgen_prospective_003__cluster_3water__equilibrium,571,-0.09993477689190586,3.4336144517967515,0.00507189002739139,0.006486393281806297,0.0036496795779431025
prospective_2,nextgen_prospective__nextgen_prospective_003__cluster_3water__equilibrium,572,-3.1965328420224814,5.988062255377718,0.002833309366640613,0.0023896847244155644,0.0012067607341502346
prospective_2,nextgen_prospective__nextgen_prospective_003__cluster_3water__equilibrium,573,-2.649127147303035,2.0646020364703888,-0.00250261784020811,-0.0029746985778456004,-0.0008827565680811733
prospective_2,nextgen_prospective__nextgen_prospective_003__cluster_3water__equilibrium,574,-0.44525769880305544,5.302503631377568,0.0028619658831794403,0.0031928374497182596,0.0026159516139564534
prospective_2,nextgen_prospective__nextgen_prospective_003__cluster_3water__equilibrium,575,-4.175615647703574,4.43147861921192,0.0012664503163963836,0.0006880423617340873,0.00012239055149272952
prospective_2,nextgen_prospective__nextgen_prospective_003__cluster_3water__equilibrium,576,-0.9435821467637926,2.6350190228292165,0.0015365316998141587,0.0020521083233813794,0.0016400396545517462
prospective_2,nextgen_prospective__nextgen_prospective_003__cluster_3water__equilibrium,577,-2.076020781976008,6.0221641695751025,0.002558559027981744,0.0024497027335189485,0.0015360557872519118
prospective_2,nextgen_prospective__nextgen_prospective_003__cluster_3water__equilibrium,578,-3.4557259326739183,2.934085287345246,-0.0005293548138243231,-0.0009529389877624631,-0.0005057374802526092
prospective_2,nextgen_prospective__nextgen_prospective_003__cluster_3water__equilibrium,579,-0.5651282845642802,4.22287570638906,0.0018687730570881023,0.0023086448540288406,0.0022807635676279662
prospective_2,nextgen_prospective__nextgen_prospective_003__cluster_3water__equilibrium,580,-3.3190201366711283,5.140568466196832,0.0015847172445981883,0.0014748480507327851,0.000731257114976427
prospective_2,nextgen_prospective__nextgen_prospective_003__cluster_3water__equilibrium,581,-2.061918577264677,2.9244779999476793,-7.485210490099092e-05,5.5203344050524974e-05,0.00040918340824388415
prospective_2,nextgen_prospective__nextgen_prospective_003__cluster_3water__equilibrium,582,-1.62787423534222,5.012588523152444,0.001681247869869562,0.001861411758438559,0.0014638255820201209
prospective_2,nextgen_prospective__nextgen_prospective_003__cluster_3water__equilibrium,583,-2.8034928547503633,4.081925497217235,0.0007965702102188388,0.0008286283380705536,0.0005476241205040094
prospective_2,nextgen_prospective__nextgen_prospective_003__cluster_3water__equilibrium,584,-4.855326853590395,1.5223426060352072,-0.0005945531198516818,-0.0016736393929749102,-0.0006477923956247801
prospective_2,nextgen_prospective__nextgen_prospective_003__cluster_3water__equilibrium,585,-6.099834875192111,2.3307891900194364,0.0002207482492013746,-0.0008330628875751431,-0.0006268982311661735
prospective_2,nextgen_prospective__nextgen_prospective_003__cluster_3water__equilibrium,586,-5.469946136906098,0.34434012562106153,-0.0011116947683307288,-0.0016066460833919385,-0.000940158992885772
prospective_2,nextgen_prospective__nextgen_prospective_003__cluster_3water__equilibrium,587,-4.45652659402057,2.6601668590722447,4.9262404884231614e-05,-0.0015164883136449387,-0.0003233227787849489
prospective_2,nextgen_prospective__nextgen_prospective_003__cluster_3water__equilibrium,588,-7.066181717783029,1.4964533419432546,0.00012088940907828416,-0.0005074633783838127,-0.0007501075757166039
prospective_2,nextgen_prospective__nextgen_prospective_003__cluster_3water__equilibrium,589,-4.107217745024822,0.5433781077264479,-0.0028863222778561237,-0.004011636646023545,-0.001591589962524799
prospective_2,nextgen_prospective__nextgen_prospective_003__cluster_3water__equilibrium,590,-5.763844317907318,3.4455308576661867,0.0005476128825288029,-0.0008155941989961101,-0.0005463989539888605
prospective_2,nextgen_prospective__nextgen_prospective_003__cluster_3water__equilibrium,591,-6.541550563036019,0.026508395904793786,-0.000782498668614906,-0.0009204193290649081,-0.000893409734743549
prospective_2,nextgen_prospective__nextgen_prospective_003__cluster_3water__equilibrium,592,-3.5512561596199737,2.1320141483347776,-0.0013018900392722799,-0.003311697967229091,-0.0005736460804226468
prospective_2,nextgen_prospective__nextgen_prospective_003__cluster_3water__equilibrium,593,-7.29378878815482,2.6220549008817646,0.00039757964039655036,-0.00037461750889785706,-0.0008073103754500095
prospective_2,nextgen_prospective__nextgen_prospective_003__cluster_3water__equilibrium,594,-4.816267763034804,-0.3112120432218767,-0.003379037398806073,-0.0036904521398927167,-0.0020568087717257816
prospective_2,nextgen_prospective__nextgen_prospective_003__cluster_3water__equilibrium,595,-4.666268240582979,3.605785095857563,0.00070149632990546,-0.0011091534944139348,-0.00030668840281196337
prospective_2,nextgen_prospective__nextgen_prospective_003__cluster_3water__equilibrium,596,-7.450899591838121,0.803024201737923,-0.00015322573241016713,-0.00041873180371667783,-0.0008165137434807716
prospective_2,nextgen_prospective__nextgen_prospective_003__cluster_3water__equilibrium,597,-3.5012129808535892,1.0155091433160734,-0.007335050781150265,-0.010310514710126622,-0.0023595703480539876
prospective_2,nextgen_prospective__nextgen_prospective_003__cluster_3water__equilibrium,598,-6.55193551909334,3.532113275732877,0.0004768296396995275,-0.00032055271831742024,-0.0007703089003391759
prospective_2,nextgen_prospective__nextgen_prospective_003__cluster_3water__equilibrium,599,-6.012639538369739,-0.3332216065980468,-0.0018957444275464752,-0.0016805422938231073,-0.001417529047803302
prospective_2,nextgen_prospective__nextgen_prospective_003__cluster_3water__equilibrium,600,-3.8414200076253144,2.8567110757919876,-0.000621664456230242,-0.002789159650745876,-0.0005638113455407618
prospective_2,nextgen_prospective__nextgen_prospective_003__cluster_3water__equilibrium,601,-7.516513394319898,1.9985901378806474,0.00010700896609483479,-0.0002854587065545513,-0.00084929180079896
prospective_2,nextgen_prospective__nextgen_prospective_003__cluster_3water__equilibrium,602,-6.807288712105497,0.5233804109305161,-0.0009131428586788282,-0.0009136697805416444,-0.0010557837121230745
prospective_2,nextgen_prospective__nextgen_prospective_003__cluster_3water__equilibrium,603,-3.959514732856743,1.7930776385810885,-0.004148694250495133,-0.0056331315743722256,-0.0018856358948696013
prospective_2,nextgen_prospective__nextgen_prospective_003__cluster_3water__equilibrium,604,-6.672608187154601,2.697174950095413,-6.262374789889336e-05,-0.0002151461280256565,-0.0009073791102170182
prospective_2,nextgen_prospective__nextgen_prospective_003__cluster_3water__equilibrium,605,-5.434130354554171,0.5139154537166173,-0.002731798674789232,-0.0026710532491865022,-0.0018718225545344496
prospective_2,nextgen_prospective__nextgen_prospective_003__cluster_3water__equilibrium,606,-5.006516299178713,2.5710910062072374,-0.0011691459692819706,-0.0018993300372286055,-0.0011881615917359388
prospective_2,nextgen_prospective__nextgen_prospective_003__cluster_3water__equilibrium,607,-6.164718346447477,1.6542155806562535,-0.0010352516408906887,-0.0012053364932061229,-0.0011794219988811774
prospective_2,nextgen_prospective__nextgen_prospective_003__cluster_3water__equilibrium,608,-4.666989255049423,1.477882032648868,-0.0004719791379907967,-0.0013084942196659086,-0.0005101584084806737
prospective_2,nextgen_prospective__nextgen_prospective_003__cluster_3water__equilibrium,609,-6.267070997108775,2.5173133549143056,0.00015834587408392053,-0.0006190140636595464,-0.0005055427687731243
prospective_2,nextgen_prospective__nextgen_prospective_003__cluster_3water__equilibrium,610,-5.4572140478839,-0.036692585026462665,-0.0011141622018642217,-0.001580888008864599,-0.0009133322482166284
prospective_2,nextgen_prospective__nextgen_prospective_003__cluster_3water__equilibrium,611,-4.154246064173935,2.9407989294107737,0.00044677107926904824,-0.0007258970830407128,7.960823739927843e-06
prospective_2,nextgen_prospective__nextgen_prospective_003__cluster_3water__equilibrium,612,-7.509516937582813,1.4445958359592148,-4.58333876514061e-05,-0.0005446498702030262,-0.0006778938411852246
prospective_2,nextgen_prospective__nextgen_prospective_003__cluster_3water__equilibrium,613,-3.7051346868936883,0.2192133919661773,-0.00273506132916701,-0.0035936727423406247,-0.0017022608264518646
prospective_2,nextgen_prospective__nextgen_prospective_003__cluster_3water__equilibrium,614,-5.835083137742611,3.9505526418886996,0.0006167195158304217,-0.0003445131362885111,-0.0003427250937478815
prospective_2,nextgen_prospective__nextgen_prospective_003__cluster_3water__equilibrium,615,-6.8349911671938,-0.4453333803759498,-0.0008862586843849662,-0.0011044123797738928,-0.0008698395624252224
prospective_2,nextgen_prospective__nextgen_prospective_003__cluster_3water__equilibrium,616,-2.9903269342303114,2.261745444176887,-7.245448662462906e-05,-0.0017497926537185702,3.0332663012725932e-05
prospective_2,nextgen_prospective__nextgen_prospective_003__cluster_3water__equilibrium,617,-7.802154599489399,2.891797840308728,0.0002387754963240063,-0.0003354275481886262,-0.0007054633160689261
prospective_2,nextgen_prospective__nextgen_prospective_003__cluster_3water__equilibrium,618,-4.616770424335092,-0.8795453735388118,-0.0034254783211880024,-0.003893757545189389,-0.0023617622743003688
prospective_2,nextgen_prospective__nextgen_prospective_003__cluster_3water__equilibrium,619,-4.42391389546846,4.156593805277611,0.0014732807440438478,9.761403618171738e-05,0.00013043810208982637
prospective_2,nextgen_prospective__nextgen_prospective_003__cluster_3water__equilibrium,620,-8.004154204225072,0.5530440842666452,-0.0003400148418255533,-0.0005983107545303539,-0.0007639215660776259
prospective_2,nextgen_prospective__nextgen_prospective_003__cluster_3water__equilibrium,621,-6.848343253553211,4.0618728936887285,0.00043553051300859735,-0.00018640860117783995,-0.0006141324164451621
prospective_2,nextgen_prospective__nextgen_prospective_003__cluster_3water__equilibrium,622,-6.154962706908581,-0.9078433835938876,-0.0019342634718833018,-0.0019871361984752545,-0.0014795552625262822
prospective_2,nextgen_prospective__nextgen_prospective_003__cluster_3water__equilibrium,623,-3.363394738808606,3.193498636621872,0.0008805948308623357,-0.0012545407381565686,0.00012207224364102755
prospective_2,nextgen_prospective__nextgen_prospective_003__cluster_3water__equilibrium,624,-8.088514807415931,2.0902002878787203,-6.097821359807298e-05,-0.000388504349489905,-0.000761484895192034
prospective_2,nextgen_prospective__nextgen_prospective_003__cluster_3water__equilibrium,625,-3.9946057062255393,-0.18531520087270573,-0.006851794340199113,-0.007972837928132763,-0.0036187817463014336
prospective_2,nextgen_prospective__nextgen_prospective_003__cluster_3water__equilibrium,626,-5.429027977494346,4.105068651672083,0.0005067227791499818,-0.00018672817742084363,-0.0004935988165201423
prospective_2,nextgen_prospective__nextgen_prospective_003__cluster_3water__equilibrium,627,-7.176654501711699,0.19350206751426477,-0.0010047469583249757,-0.0011068041574347235,-0.0010177545841825683
prospective_2,nextgen_prospective__nextgen_prospective_003__cluster_3water__equilibrium,628,-3.5152308141061575,1.8259699316364297,-0.0038496346524610203,-0.004674840059087719,-0.001812088047373539
prospective_2,nextgen_prospective__nextgen_prospective_003__cluster_3water__equilibrium,629,-7.003493826774832,2.988380760726276,-0.00011670453331147357,-0.0003764153699557902,-0.0007808573024094935
prospective_2,nextgen_prospective__nextgen_prospective_003__cluster_3water__equilibrium,630,-5.411165184859993,0.18133283681068071,-0.002659552269392851,-0.002798403169168893,-0.0019789462827916574
prospective_2,nextgen_prospective__nextgen_prospective_003__cluster_3water__equilibrium,631,-4.861375685091547,2.82627283287005,-0.0008262948818082982,-0.0013562216619934504,-0.001002078093262272
prospective_2,nextgen_prospective__nextgen_prospective_003__cluster_3water__equilibrium,632,-6.3504926030085285,1.6474330000187847,-0.001004273672942535,-0.001202130794819224,-0.0010977251081359394
prospective_2,nextgen_prospective__nextgen_prospective_003__cluster_3water__equilibrium,633,-6.0250744291065494,2.949166207617544,0.0005603670585712095,-0.001144799460644119,-0.0007479818849886352
prospective_2,nextgen_prospective__nextgen_prospective_003__cluster_3water__equilibrium,634,-4.727725786076386,3.20920120950134,0.00029666354543778084,-0.0018358300707517592,-0.00044251584053705737
prospective_2,nextgen_prospective__nextgen_prospective_003__cluster_3water__equilibrium,635,-5.7598187259869755,3.8292254189176105,0.0006200504681057595,-0.0006200220575671164,-0.0005686964829240279
prospective_2,nextgen_prospective__nextgen_prospective_003__cluster_3water__equilibrium,636,-4.013038601023283,2.7922385431296557,-0.0006679857524618527,-0.003170427146640297,-0.0005579201567252651
prospective_2,nextgen_prospective__nextgen_prospective_003__cluster_3water__equilibrium,637,-6.967669623550793,3.1791128214562243,0.00043895825322648463,-0.00029039881168926705,-0.0008208695209553184
prospective_2,nextgen_prospective__nextgen_prospective_003__cluster_3water__equilibrium,638,-4.893311296520392,3.955741922752907,0.0008277278634247764,-0.0005211914008647004,-0.0003469623466935089
prospective_2,nextgen_prospective__nextgen_prospective_003__cluster_3water__equilibrium,639,-7.091704468563926,1.743035953711086,0.0002906564153919433,-7.860556410377192e-05,-0.0009072208292730355
prospective_2,nextgen_prospective__nextgen_prospective_003__cluster_3water__equilibrium,640,-6.381995990081204,3.897579959496576,0.00041319596895394994,-0.00017257006721060994,-0.0006739133894307914
prospective_2,nextgen_prospective__nextgen_prospective_003__cluster_3water__equilibrium,641,-4.242115323132762,3.3643676963853477,0.00022780339554895335,-0.0013183848123948653,-0.0004916168929082303
prospective_2,nextgen_prospective__nextgen_prospective_003__cluster_3water__equilibrium,642,-7.143504838944276,2.6869037980342894,0.00010181089236338536,-0.00021238430039707097,-0.0008550031863818265
prospective_2,nextgen_prospective__nextgen_prospective_003__cluster_3water__equilibrium,643,-5.510486610045058,3.9241036705389862,0.0003590009096581248,-0.0002774420351055944,-0.0005870713494558943
prospective_2,nextgen_prospective__nextgen_prospective_003__cluster_3water__equilibrium,644,-6.583590616143434,1.522264539915765,-0.0006114150362694915,-0.0007275160193492634,-0.0010565857176777663
prospective_2,nextgen_prospective__nextgen_prospective_003__cluster_3water__equilibrium,645,-4.3353480009470475,2.5246570880609536,-0.0016248757866490493,-0.0027157080521711743,-0.0012242576458428899
prospective_2,nextgen_prospective__nextgen_prospective_003__cluster_3water__equilibrium,646,-6.477263885919041,3.238418123466999,-3.990354243255112e-05,-0.00030059307559795675,-0.0008044038523924329
prospective_2,nextgen_prospective__nextgen_prospective_003__cluster_3water__equilibrium,647,-5.499518228602912,1.514792205273213,-0.0018575532061477773,-0.0021026307862865405,-0.0014964770093565615
prospective_2,nextgen_prospective__nextgen_prospective_003__cluster_3water__equilibrium,648,-5.161928184885446,3.138878167765808,-0.0004192131832980728,-0.0009767766713072612,-0.0008777177144376235
prospective_2,nextgen_prospective__nextgen_prospective_003__cluster_3water__equilibrium,649,-6.07629822220289,2.4150291475939785,-0.0006637119779702161,-0.0009064735565635189,-0.0010287754282840226
prospective_2,nextgen_prospective__nextgen_prospective_003__cluster_3water__equilibrium,650,-4.8938805184675855,2.275818451798674,-0.00022536868128586462,-0.0020164972680477944,-0.0005998012350996503
prospective_2,nextgen_prospective__nextgen_prospective_003__cluster_3water__equilibrium,651,-6.157102946409179,3.096422127271388,0.0004745803427144146,-0.0007683458475179854,-0.0006418786719138337
prospective_2,nextgen_prospective__nextgen_prospective_003__cluster_3water__equilibrium,652,-4.489083262513252,3.4307528439791257,0.0007027664381462628,-0.0009416007320261022,-0.0001401845065449623
prospective_2,nextgen_prospective__nextgen_prospective_003__cluster_3water__equilibrium,653,-7.137981320467628,2.249539875464737,0.00043515487954692844,-0.00039281777884754527,-0.0008179634206736666
prospective_2,nextgen_prospective__nextgen_prospective_003__cluster_3water__equilibrium,654,-5.8160598995411545,4.227926827514331,0.0007165030808677919,-0.00026834244181622713,-0.0003918893487937522
prospective_2,nextgen_prospective__nextgen_prospective_003__cluster_3water__equilibrium,655,-3.570199738873549,2.8946579872155316,0.00018330079255335363,-0.002052505321689927,-0.0001065321935731024
prospective_2,nextgen_prospective__nextgen_prospective_003__cluster_3water__equilibrium,656,-7.369011053551777,3.392067773635406,0.0003434900225238735,-0.00027078317078065305,-0.0007356789887590379
prospective_2,nextgen_prospective__nextgen_prospective_003__cluster_3water__equilibrium,657,-4.701978918798404,4.390590903873997,0.0013354965857281798,0.0001764091865827091,-2.3017936333293357e-05
prospective_2,nextgen_prospective__nextgen_prospective_003__cluster_3water__equilibrium,658,-7.52848442571152,1.545683229391656,4.923491129771307e-05,-0.00030665958759855557,-0.0008456892034315797
prospective_2,nextgen_prospective__nextgen_prospective_003__cluster_3water__equilibrium,659,-3.5194040311031585,1.7613634332491774,-0.00496310767711261,-0.007196382519379243,-0.0016968866448967765
prospective_2,nextgen_prospective__nextgen_prospective_003__cluster_3water__equilibrium,660,-6.616002096233734,4.315811236830144,0.0004340334351935482,-0.00010121514687691087,-0.0005398187529401904
prospective_2,nextgen_prospective__nextgen_prospective_003__cluster_3water__equilibrium,661,-6.068596401514289,0.39235101792281424,-0.0016378743491944903,-0.0011388903880206213,-0.0013634383480101246
prospective_2,nextgen_prospective__nextgen_prospective_003__cluster_3water__equilibrium,662,-3.864726953014308,3.630252612829993,0.0011197257141049022,-0.0003244140837261813,-7.000952756710906e-05
prospective_2,nextgen_prospective__nextgen_prospective_003__cluster_3water__equilibrium,663,-7.595084901914827,2.7592276006643464,1.0341743009956161e-05,-0.0003123009319368534,-0.0007722825439049002
prospective_2,nextgen_prospective__nextgen_prospective_003__cluster_3water__equilibrium,664,-4.363051400975045,0.9627680042816421,-0.00513294086342686,-0.006047839191813608,-0.0025156111604851244
prospective_2,nextgen_prospective__nextgen_prospective_003__cluster_3water__equilibrium,665,-5.495490036187261,4.349913151027528,0.0005313896626351067,-3.795205989647796e-05,-0.00039396840400172126
prospective_2,nextgen_prospective__nextgen_prospective_003__cluster_3water__equilibrium,666,-6.875195186885171,1.2618342687976718,-0.0007393206027237476,-0.0008898361293850178,-0.0010096061669696054
prospective_2,nextgen_prospective__nextgen_prospective_003__cluster_3water__equilibrium,667,-3.9845975387755335,2.550624687841486,-0.0014975644190879933,-0.0023078196135364695,-0.0011223859057259782
prospective_2,nextgen_prospective__nextgen_prospective_003__cluster_3water__equilibrium,668,-6.738489390882382,3.468317447649259,-4.1978180529866904e-05,-0.00033427814654911987,-0.0006949778827414848
prospective_2,nextgen_prospective__nextgen_prospective_003__cluster_3water__equilibrium,669,-5.481387831475931,1.2522269814001055,-0.0019749733404115233,-0.0021976892381759703,-0.0015757194823091617
prospective_2,nextgen_prospective__nextgen_prospective_003__cluster_3water__equilibrium,670,-5.047343489553473,3.3403375046048702,-0.00027729968158096696,-0.0007427853686927079,-0.0007290966152875061
prospective_2,nextgen_prospective__nextgen_prospective_003__cluster_3water__equilibrium,671,-6.222962108961616,2.409674478669661,-0.0006765413389935304,-0.0009238222113146588,-0.000957779529531778
prospective_2,nextgen_prospective__nextgen_prospective_003__cluster_3water__equilibrium,672,-4.257894769327747,1.04127629046444,-0.002098190376470299,-0.003454638262462371,-0.00117380853114934
prospective_2,nextgen_prospective__nextgen_prospective_003__cluster_3water__equilibrium,673,-4.743120519313828,0.11127433224274572,-0.002554842428276416,-0.0031231223194891954,-0.0015655512968667778
prospective_2,nextgen_prospective__nextgen_prospective_003__cluster_3water__equilibrium,674,-3.9430524591410423,1.93955859549368,-0.0015839406255642174,-0.00368639836294228,-0.0007842415479017563
prospective_2,nextgen_prospective__nextgen_prospective_003__cluster_3water__equilibrium,675,-3.667282315197031,0.26840958127331405,-0.005026898207270314,-0.006334166033600388,-0.0024512498731235222
prospective_2,nextgen_prospective__nextgen_prospective_003__cluster_3water__equilibrium,676,-5.589124013626924,-0.1396454543753603,-0.0019796027006808714,-0.0017395994059868447,-0.0013886991568083373
prospective_2,nextgen_prospective__nextgen_prospective_003__cluster_3water__equilibrium,677,-3.2283652740879405,1.5225959291219955,-0.003933609705923047,-0.005859626388325467,-0.001368801621077498
prospective_2,nextgen_prospective__nextgen_prospective_003__cluster_3water__equilibrium,678,-4.227058645204911,-0.40626685368588966,-0.005135767240364242,-0.005971810798635089,-0.0029332563664697924
prospective_2,nextgen_prospective__nextgen_prospective_003__cluster_3water__equilibrium,679,-4.108637969585049,2.6860993087452467,-0.0010610386623888246,-0.0037758524642230364,-0.0007040470176309425
prospective_2,nextgen_prospective__nextgen_prospective_003__cluster_3water__equilibrium,680,-5.1715626783640705,-0.4236428247723398,-0.003405677741943336,-0.003387280700317216,-0.0021963242459512033
prospective_2,nextgen_prospective__nextgen_prospective_003__cluster_3water__equilibrium,681,-3.4574419961974194,2.0947250823776877,-0.0032886913709821997,-0.005234815015188975,-0.0012270816259729834
prospective_2,nextgen_prospective__nextgen_prospective_003__cluster_3water__equilibrium,682,-3.8450276779446595,0.020014831284526313,-0.007973371706572863,-0.009672116262727513,-0.003633787979167721
prospective_2,nextgen_prospective__nextgen_prospective_003__cluster_3water__equilibrium,683,-5.798917289208091,0.2526219259081049,-0.0022202419040215915,-0.001858461396409744,-0.001608171715726446
prospective_2,nextgen_prospective__nextgen_prospective_003__cluster_3water__equilibrium,684,-3.5506746740117054,1.2550144740532934,-0.006859337249833786,-0.008440631651907917,-0.002571758733993392
prospective_2,nextgen_prospective__nextgen_prospective_003__cluster_3water__equilibrium,685,-4.714844901667568,0.2451495912655531,-0.004380232405673201,-0.004706298657184273,-0.002634262960581239
prospective_2,nextgen_prospective__nextgen_prospective_003__cluster_3water__equilibrium,686,-4.377254857950103,1.8692355537581482,-0.0030396199412940916,-0.004016703348098376,-0.001765127205246747
prospective_2,nextgen_prospective__nextgen_prospective_003__cluster_3water__equilibrium,687,-5.291624895267547,1.1453865335863187,-0.0025248416255507777,-0.0026906287125724165,-0.0017523942973916879
prospective_2,nextgen_prospective__nextgen_prospective_003__cluster_3water__equilibrium,688,-4.109207191532243,1.0061758377910142,-0.0015671381150235142,-0.0026385161574072917,-0.0009829169973502954
prospective_2,nextgen_prospective__nextgen_prospective_003__cluster_3water__equilibrium,689,-5.372429619473835,1.826779513263728,-0.0001718348644663692,-0.0015434072743811572,-0.0006992179117984254
prospective_2,nextgen_prospective__nextgen_prospective_003__cluster_3water__equilibrium,690,-4.733068870085777,-0.18954096563687833,-0.0022117690544298796,-0.0027565046973015202,-0.0014881590184198492
prospective_2,nextgen_prospective__nextgen_prospective_003__cluster_3water__equilibrium,691,-3.70440993557791,2.1611102299714657,-0.0006541781183093676,-0.002300145649569315,-0.0003945651644686772
prospective_2,nextgen_prospective__nextgen_prospective_003__cluster_3water__equilibrium,692,-3.349848321935609,0.012490068830995182,-0.004577090607263745,-0.005544795585187017,-0.002556399266942053
prospective_2,nextgen_prospective__nextgen_prospective_003__cluster_3water__equilibrium,693,-5.031386572605811,2.9582842135066705,0.00016336108984926767,-0.002183377081456958,-0.0005938343713240313
prospective_2,nextgen_prospective__nextgen_prospective_003__cluster_3water__equilibrium,694,-5.820787648488329,-0.5121521198601576,-0.0017501086087166051,-0.0018123799555804846,-0.0012946963392628241
prospective_2,nextgen_prospective__nextgen_prospective_003__cluster_3water__equilibrium,695,-2.7855264119382066,1.6250153732078718,-0.002346578677661526,-0.003820693389293986,-0.0008413926603094235
prospective_2,nextgen_prospective__nextgen_prospective_003__cluster_3water__equilibrium,696,-4.069560746231455,-0.8549510618308381,-0.004880969315620209,-0.005659214616543251,-0.0031963649315410866
prospective_2,nextgen_prospective__nextgen_prospective_003__cluster_3water__equilibrium,697,-3.9173055918630615,3.120948289866338,0.00030007016152477917,-0.0019320433351252262,-0.0002390645517874705
prospective_2,nextgen_prospective__nextgen_prospective_003__cluster_3water__equilibrium,698,-6.7438110987761775,0.27604061538399616,-0.0006866013344648536,-0.0005713621241176914,-0.000967384153341408
prospective_2,nextgen_prospective__nextgen_prospective_003__cluster_3water__equilibrium,699,-5.283923074578946,-0.8772915960848455,-0.0030954276005070724,-0.0032517566455205786,-0.002211396578847808
prospective_2,nextgen_prospective__nextgen_prospective_003__cluster_3water__equilibrium,700,-3.0800536260789655,2.360609998822333,-0.0017051284371900621,-0.0033174518286440465,-0.0005993012415195282
prospective_2,nextgen_prospective__nextgen_prospective_003__cluster_3water__equilibrium,701,-6.810411574979485,1.489584986656687,-0.0001228061131648417,-0.00024992851346613984,-0.0009761012051602516
prospective_2,nextgen_prospective__nextgen_prospective_003__cluster_3water__equilibrium,702,-3.5783780740397026,-0.30687460972601777,-0.0081506427853415,-0.009849864236505374,-0.0041238258429770825
prospective_2,nextgen_prospective__nextgen_prospective_003__cluster_3water__equilibrium,703,-4.710816709251919,3.080270537019868,-0.0005102613065535166,-0.0017825312177293393,-0.0008790623094376562
prospective_2,nextgen_prospective__nextgen_prospective_003__cluster_3water__equilibrium,704,-6.0905218599498285,-0.007808345209988243,-0.0019418581737400409,-0.0018883286921808112,-0.0015099427443969874
prospective_2,nextgen_prospective__nextgen_prospective_003__cluster_3water__equilibrium,705,-3.1999242118401905,1.2809820738338262,-0.006519849103043818,-0.007497984325501696,-0.0025220293577979187
prospective_2,nextgen_prospective__nextgen_prospective_003__cluster_3water__equilibrium,706,-5.953816063947039,2.1986748336415993,-0.0007825026047010297,-0.0009594765665345088,-0.001132776295123485
prospective_2,nextgen_prospective__nextgen_prospective_003__cluster_3water__equilibrium,707,-4.696714504540588,-0.017415632607554632,-0.003981570219160346,-0.004300574413226642,-0.002706180530268072
prospective_2,nextgen_prospective__nextgen_prospective_003__cluster_3water__equilibrium,708,-4.26267016261813,2.0706948905972107,-0.0023230060206831382,-0.002989472115233712,-0.001571804109568927
prospective_2,nextgen_prospective__nextgen_prospective_003__cluster_3water__equilibrium,709,-5.438288782026274,1.140031864662001,-0.002106173910598752,-0.0023181333782683194,-0.0016397058524833896
prospective_3_canonical,canonical_p3__mobley_3047364__cluster_3water__cooperative,0,6.676042756548764,0.795235096287517,-0.0029397586175599066,-0.005310079229827382,-0.012132949301812416
prospective_3_canonical,canonical_p3__mobley_3047364__cluster_3water__cooperative,1,6.799605080698494,-0.5506994582430744,-0.003965789253461693,-0.004542748642934879,-0.01299539491511224
prospective_3_canonical,canonical_p3__mobley_3047364__cluster_3water__cooperative,2,6.162016225046953,1.4155741276118396,-0.001748612138444905,-0.004629105263965406,-0.010460105096224137
prospective_3_canonical,canonical_p3__mobley_3047364__cluster_3water__cooperative,3,4.608912637575989,-0.3390112278420705,-0.0005160983589482804,-0.0013551875655697094,-0.0070072023039489855
prospective_3_canonical,canonical_p3__mobley_3047364__cluster_3water__cooperative,4,5.849310384056829,-1.7285317709002972,-0.0024962675964643743,-0.002507888997853951,-0.00988183131854161
prospective_3_canonical,canonical_p3__mobley_3047364__cluster_3water__cooperative,5,7.042634276188465,0.6147245433448052,-0.004029530078749399,-0.00778555307642078,-0.014564996498563548
prospective_3_canonical,canonical_p3__mobley_3047364__cluster_3water__cooperative,6,4.347509865397932,-2.0039805043821617,-0.00010771749581772738,-0.0005885161892424981,-0.006902286502228864
prospective_3_canonical,canonical_p3__mobley_3047364__cluster_3water__cooperative,7,6.162042885435348,-2.881472563906007,-0.0029834330777540607,-0.0045703455560557205,-0.011839469749752715
prospective_3_canonical,canonical_p3__mobley_3047364__cluster_3water__cooperative,8,5.967162570058927,0.08740669232385145,-0.0021609619532845237,-0.005064242417235372,-0.010802053023882392
prospective_3_canonical,canonical_p3__mobley_3047364__cluster_3water__cooperative,9,7.112354170324557,-2.361320960893376,-0.00460453754686263,-0.009461306221537052,-0.017537258577172567
prospective_3_canonical,canonical_p3__mobley_3047364__cluster_3water__cooperative,10,4.708209405082905,-3.0626987186612364,-0.0005719306255391743,-0.0021358548037982645,-0.008019449720644662
prospective_3_canonical,canonical_p3__mobley_3047364__cluster_3water__cooperative,11,6.306770702110177,-1.4137360187330876,-0.003054295461538903,-0.0059164851583064434,-0.012623607900178007
prospective_3_canonical,canonical_p3__mobley_3047364__cluster_3water__cooperative,12,5.755461361785214,-3.074699997650349,-0.0019521333368390792,-0.0046571877055238825,-0.011047028164883742
prospective_3_canonical,canonical_p3__mobley_3047364__cluster_3water__cooperative,13,4.777957884311527,-1.4717646970187404,-0.000475031736077991,-0.00254758999379715,-0.008325980150000765
prospective_3_canonical,canonical_p3__mobley_3047364__cluster_3water__cooperative,14,4.315816934526908,-2.634997886992619,-5.939443567593017e-05,-0.0017919047011108863,-0.007523972098194633
prospective_3_canonical,canonical_p3__mobley_3047364__cluster_3water__cooperative,15,7.03049423041455,1.265533756882259,-0.002100657863620903,-0.004330127915283075,-0.01112476109261511
prospective_3_canonical,canonical_p3__mobley_3047364__cluster_3water__cooperative,16,4.940556400469615,1.4785372158344803,-0.0002675812342758377,-0.000747507815905578,-0.006405092411224674
prospective_3_canonical,canonical_p3__mobley_3047364__cluster_3water__cooperative,17,7.189360075749917,-0.4649535275142167,-0.002696491891484243,-0.003175217635797931,-0.011983853792117626
prospective_3_canonical,canonical_p3__mobley_3047364__cluster_3water__cooperative,18,6.369602975626509,2.0631125114421023,-0.0012964963613053548,-0.0038735673505805087,-0.00935499407527048
prospective_3_canonical,canonical_p3__mobley_3047364__cluster_3water__cooperative,19,4.372755506020982,-0.1927829455700687,-0.00036049431016138556,-0.0007951401510448132,-0.005798912123111092
prospective_3_canonical,canonical_p3__mobley_3047364__cluster_3water__cooperative,20,4.110519835914416,1.904173732398717,0.0008566147315760553,0.00037048858934845793,-0.005462248962925879
prospective_3_canonical,canonical_p3__mobley_3047364__cluster_3water__cooperative,21,5.967552608639206,-1.9793093580735028,-0.001739960060130219,-0.0017393704426407564,-0.008553616300106696
prospective_3_canonical,canonical_p3__mobley_3047364__cluster_3water__cooperative,22,7.5018261842370215,1.0334487602416296,-0.00272982707263969,-0.007102718916509883,-0.014152422884558763
prospective_3_canonical,canonical_p3__mobley_3047364__cluster_3water__cooperative,23,2.9114516007871627,0.045179145364783846,0.0005859157628096412,0.0004644052720288415,-0.0045529695064930745
prospective_3_canonical,canonical_p3__mobley_3047364__cluster_3water__cooperative,24,4.896353015059978,1.6361477414129977,-0.00011872905102539022,-0.0012706177623439132,-0.006877776240513668
prospective_3_canonical,canonical_p3__mobley_3047364__cluster_3water__cooperative,25,4.036666227506338,-2.333457729693042,-0.00026887406880105047,-0.0006811619918990311,-0.005716581324952702
prospective_3_canonical,canonical_p3__mobley_3047364__cluster_3water__cooperative,26,6.369637253268729,-3.4616618062237,-0.0020760519028133473,-0.003520663299664793,-0.01078090681080749
prospective_3_canonical,canonical_p3__mobley_3047364__cluster_3water__cooperative,27,6.1190768477847595,0.35546866607183153,-0.001525563988357792,-0.004466743944857961,-0.00980385197040101
prospective_3_canonical,canonical_p3__mobley_3047364__cluster_3water__cooperative,28,7.591466048126286,-2.792895459493175,-0.0031588537714482,-0.009504047780168681,-0.01833779208869216
prospective_3_canonical,canonical_p3__mobley_3047364__cluster_3water__cooperative,29,3.5914395785490663,0.01408624224089211,0.0002576969055192446,-0.0010156202830063834,-0.00564569124418145
prospective_3_canonical,canonical_p3__mobley_3047364__cluster_3water__cooperative,30,4.500422778529874,-3.694666862337567,-0.0005621128499249117,-0.0017166190417162838,-0.006855819594182199
prospective_3_canonical,canonical_p3__mobley_3047364__cluster_3water__cooperative,31,6.555715874707797,-1.5745719624299475,-0.002093929575838427,-0.005526204331539931,-0.011869210397938562
prospective_3_canonical,canonical_p3__mobley_3047364__cluster_3water__cooperative,32,5.846889580004271,-3.7100970781807123,-0.0014643327897259084,-0.004128210983435096,-0.01006830733641992
prospective_3_canonical,canonical_p3__mobley_3047364__cluster_3water__cooperative,33,4.590099394680959,-1.6491802630829295,-0.0004889960660481307,-0.002598643938840502,-0.0072540663310639904
prospective_3_canonical,canonical_p3__mobley_3047364__cluster_3water__cooperative,34,3.995918173529307,-3.144765793049345,-0.00020317585458018428,-0.0016973415088944728,-0.006433669898357707
prospective_3_canonical,canonical_p3__mobley_3047364__cluster_3water__cooperative,35,5.466187721724499,1.7128088331896725,-0.0007229412952902692,-0.002161185169626667,-0.007719571767342942
prospective_3_canonical,canonical_p3__mobley_3047364__cluster_3water__cooperative,36,3.840680520656217,1.8784781901525116,0.0007706089012511352,0.0011918200708615125,-0.004714096166584456
prospective_3_canonical,canonical_p3__mobley_3047364__cluster_3water__cooperative,37,5.589750045874229,0.3668742786590804,-0.0016622688302772026,-0.003010152412858137,-0.009086320873653748
prospective_3_canonical,canonical_p3__mobley_3047364__cluster_3water__cooperative,38,4.952161190222689,2.333147864513996,-8.264638866517515e-05,-0.0014948995973408075,-0.006376736947117978
prospective_3_canonical,canonical_p3__mobley_3047364__cluster_3water__cooperative,39,3.3990576027517245,0.5785625090600852,0.0005327037905047405,0.0005512139274482932,-0.004639764272445884
prospective_3_canonical,canonical_p3__mobley_3047364__cluster_3water__cooperative,40,3.1950965260021738,2.209528814146918,0.0007007271822272454,0.00047439576943813404,-0.004064932705898862
prospective_3_canonical,canonical_p3__mobley_3047364__cluster_3water__cooperative,41,4.639455349232565,-0.8109580339981419,-0.00049338726042647,-0.0012870148621971086,-0.0072940654492435406
prospective_3_canonical,canonical_p3__mobley_3047364__cluster_3water__cooperative,42,5.8327792413642,1.5322982802469611,-0.0012757058444186065,-0.003853235630338443,-0.009259537628471934
prospective_3_canonical,canonical_p3__mobley_3047364__cluster_3water__cooperative,43,3.806300109782055,2.0010641544913588,0.0007292455201439729,0.00038758980201375384,-0.004929095925844404
prospective_3_canonical,canonical_p3__mobley_3047364__cluster_3water__cooperative,44,3.1376548305736685,-1.086406767480006,2.2988992826267207e-05,-0.0005783113796949305,-0.004985658814060431
prospective_3_canonical,canonical_p3__mobley_3047364__cluster_3water__cooperative,45,4.757307535234663,1.0049804292260072,-0.00021797943028190048,-0.001503674906552802,-0.007022769813486736
prospective_3_canonical,canonical_p3__mobley_3047364__cluster_3water__cooperative,46,2.7913674369402344,0.7394607662463873,0.0006381128242007872,0.0001383188585668887,-0.004400249893417996
prospective_3_canonical,canonical_p3__mobley_3047364__cluster_3water__cooperative,47,5.096915667285915,-0.4961622818309322,-0.001057569905301925,-0.0035475906564120096,-0.008949525791116839
prospective_3_canonical,canonical_p3__mobley_3047364__cluster_3water__cooperative,48,3.568102849487263,-0.5541909601165845,5.755906455773285e-05,-0.001468839543514307,-0.005812120451938052
prospective_3_canonical,canonical_p3__mobley_3047364__cluster_3water__cooperative,49,5.820639195590285,2.183107493784415,-0.0007563035414568375,-0.002152377864825987,-0.00728878227499725
prospective_3_canonical,canonical_p3__mobley_3047364__cluster_3water__cooperative,50,3.730701365645351,2.3961109527366373,0.00041407192707620943,0.0001339684200358114,-0.004114258554825114
prospective_3_canonical,canonical_p3__mobley_3047364__cluster_3water__cooperative,51,5.979505040925653,0.45262020938793857,-0.0016231137131859086,-0.0025569043391847164,-0.008780852262219908
prospective_3_canonical,canonical_p3__mobley_3047364__cluster_3water__cooperative,52,5.159747940802244,2.980686248344258,-0.00019110875605443667,-0.001629019613477539,-0.005879279327948122
prospective_3_canonical,canonical_p3__mobley_3047364__cluster_3water__cooperative,53,3.1629004711967177,0.7247907913320877,0.00031704214918271134,9.144069610133925e-05,-0.004013032575752567
prospective_3_canonical,canonical_p3__mobley_3047364__cluster_3water__cooperative,54,7.145211585638669,0.643670768906879,-0.004297965682045213,-0.0076458788365549365,-0.014656651175472496
prospective_3_canonical,canonical_p3__mobley_3047364__cluster_3water__cooperative,55,2.900664801090152,2.8217474693008726,0.0006020076683286302,6.313474628238209e-05,-0.0034966239850212338
prospective_3_canonical,canonical_p3__mobley_3047364__cluster_3water__cooperative,56,4.757697573814941,-1.0617356211713462,-0.0006963087788540712,-0.0010907716171165542,-0.00667278958850668
prospective_3_canonical,canonical_p3__mobley_3047364__cluster_3water__cooperative,57,6.291971149412757,1.9510224971437853,-0.0012247000441250044,-0.003955955635621078,-0.009163080854355698
prospective_3_canonical,canonical_p3__mobley_3047364__cluster_3water__cooperative,58,3.686497980235713,2.553721478315153,0.00042703919196096507,-0.0005110046017689652,-0.004388851753585563
prospective_3_canonical,canonical_p3__mobley_3047364__cluster_3water__cooperative,59,2.8268111926820736,-1.4158839927908868,0.00013840983413726526,-0.00031270844128245576,-0.004321389699881327
prospective_3_canonical,canonical_p3__mobley_3047364__cluster_3water__cooperative,60,6.957221877880799,0.02694538099485988,-0.004501390348384149,-0.007852716092351716,-0.015014157613176518
prospective_3_canonical,canonical_p3__mobley_3047364__cluster_3water__cooperative,61,4.909221812960496,1.2730424029739873,-0.0003436952405966309,-0.002157175215794694,-0.006589520140395359
prospective_3_canonical,canonical_p3__mobley_3047364__cluster_3water__cooperative,62,2.3815845437248013,0.9316599791430478,0.0005578942086419403,-0.00044688151252689814,-0.0038628089293423584
prospective_3_canonical,canonical_p3__mobley_3047364__cluster_3water__cooperative,63,3.2905677437056102,-2.777093125435412,2.9344528816199755e-05,0.00010389426970656849,-0.005385391436248037
prospective_3_canonical,canonical_p3__mobley_3047364__cluster_3water__cooperative,64,5.3458608398835334,-0.6569982255277917,-0.0011031728279427,-0.0036304316234204827,-0.008740467273329078
prospective_3_canonical,canonical_p3__mobley_3047364__cluster_3water__cooperative,65,4.637034545180007,-2.7925233412785566,-0.00028281249750872206,-0.002201992188655939,-0.008166651377896707
prospective_3_canonical,canonical_p3__mobley_3047364__cluster_3water__cooperative,66,3.380244359856695,-0.7316065261807735,4.653019637124167e-05,-0.001513853449938902,-0.005272786643612091
prospective_3_canonical,canonical_p3__mobley_3047364__cluster_3water__cooperative,67,2.7860631387050425,-2.227192056147189,0.00019042214475284425,-0.000650828773806852,-0.004891496919426421
prospective_3_canonical,canonical_p3__mobley_3047364__cluster_3water__cooperative,68,2.6671740715191614,0.9350258752682972,0.0007236304337723265,0.0011260127212631929,-0.003973341239087353
prospective_3_canonical,canonical_p3__mobley_3047364__cluster_3water__cooperative,69,4.2619139327473485,-0.44320122050512545,-0.00013666632682163282,-0.0014123098167898743,-0.006927728419156534
prospective_3_canonical,canonical_p3__mobley_3047364__cluster_3water__cooperative,70,2.2645178816650655,-0.2501913633747974,0.00052662260566394,0.0001144547526216905,-0.0037783794546885005
prospective_3_canonical,canonical_p3__mobley_3047364__cluster_3water__cooperative,71,3.3954687681623024,-1.5171071526337694,-2.787924603975256e-05,-0.0006122653576928366,-0.005244565466095029
prospective_3_canonical,canonical_p3__mobley_3047364__cluster_3water__cooperative,72,2.026180059973308,-1.7682515861025279,0.0004251344914594224,-1.6162664899014114e-05,-0.0037416396848814646
prospective_3_canonical,canonical_p3__mobley_3047364__cluster_3water__cooperative,73,3.6806072253015394,-2.5683178756683858,-3.0714625429251186e-05,-0.0005826541898499441,-0.0060467992792302815
prospective_3_canonical,canonical_p3__mobley_3047364__cluster_3water__cooperative,74,3.5029222318700977,0.13860144618824885,0.0004445541615161197,-0.0005621223538468739,-0.005561409644907688
prospective_3_canonical,canonical_p3__mobley_3047364__cluster_3water__cooperative,75,2.3550531696860775,-2.7335534873569785,0.00036898957306918945,0.0008483591969532532,-0.004201900995477975
prospective_3_canonical,canonical_p3__mobley_3047364__cluster_3water__cooperative,76,3.812564940505061,-1.230087496246019,-0.00010907355539968577,-0.0018644461567270214,-0.006441686692929121
prospective_3_canonical,canonical_p3__mobley_3047364__cluster_3water__cooperative,77,3.3099005419734766,-2.7444958299646993,4.137683819926963e-05,-0.00028237449887916937,-0.005589358074813929
prospective_3_canonical,canonical_p3__mobley_3047364__cluster_3water__cooperative,78,2.4186473713357026,-1.2829959970358789,0.0003639761450942025,-0.0008456282262344841,-0.004413357172279309
prospective_3_canonical,canonical_p3__mobley_3047364__cluster_3water__cooperative,79,1.997283564179139,-2.3435909643650037,0.00046818856946928555,3.2963008690894795e-07,-0.003979806809050293
prospective_3_canonical,canonical_p3__mobley_3047364__cluster_3water__cooperative,80,2.5668989595974887,1.4069851588008813,0.0006727141845950246,0.0005796459428091006,-0.0035792399467314624
prospective_3_canonical,canonical_p3__mobley_3047364__cluster_3water__cooperative,81,4.617278781176588,-0.36502110719351877,-0.000523674410234598,-0.001378330314427237,-0.007053399976250199
prospective_3_canonical,canonical_p3__mobley_3047364__cluster_3water__cooperative,82,3.8698531898875976,1.9399802812666542,0.0009402771965689727,0.0005596889188454644,-0.005097701614303027
prospective_3_canonical,canonical_p3__mobley_3047364__cluster_3water__cooperative,83,2.049198144070794,-0.11686557659738361,0.00047683511338680873,3.045612955331631e-05,-0.0033901735407939394
prospective_3_canonical,canonical_p3__mobley_3047364__cluster_3water__cooperative,84,3.503277855281527,-1.7457573056446327,-8.820629288130988e-05,-0.000506195808496097,-0.004972981742167719
prospective_3_canonical,canonical_p3__mobley_3047364__cluster_3water__cooperative,85,2.526595872900467,1.5506888732989412,0.0006195243915072535,-4.645939207993666e-05,-0.003805731162672884
prospective_3_canonical,canonical_p3__mobley_3047364__cluster_3water__cooperative,86,1.7427638018956777,-2.068657291533037,0.00040262869858964656,-2.3353391192486653e-05,-0.003351113291903316
prospective_3_canonical,canonical_p3__mobley_3047364__cluster_3water__cooperative,87,3.869884443031975,-3.097313949546283,-0.00018601656343308903,-0.0008760451560908445,-0.005956057779424615
prospective_3_canonical,canonical_p3__mobley_3047364__cluster_3water__cooperative,88,3.641432308620121,0.3830108928408189,0.00025004389364702284,-0.00099728808292512,-0.00541196209681255
prospective_3_canonical,canonical_p3__mobley_3047364__cluster_3water__cooperative,89,1.336821857258165,0.0717504475831976,0.0007505586429603639,-0.0004921180213863655,-0.003286183029120487
prospective_3_canonical,canonical_p3__mobley_3047364__cluster_3water__cooperative,90,2.165600657240667,-3.309759736003045,0.00028093599509348977,8.844229181693899e-05,-0.0038543156929484543
prospective_3_canonical,canonical_p3__mobley_3047364__cluster_3water__cooperative,91,4.039544362579361,-1.376732033146097,-0.00021297160445232777,-0.002075097381931704,-0.006476268494406976
prospective_3_canonical,canonical_p3__mobley_3047364__cluster_3water__cooperative,92,3.393261564467322,-3.323828462212971,-5.029924642219186e-05,-0.0009668850315988116,-0.005443973026812432
prospective_3_canonical,canonical_p3__mobley_3047364__cluster_3water__cooperative,93,2.2473646307901856,-1.444757248447345,0.0003276558363449755,-0.0009429259011555356,-0.004124165102907661
prospective_3_canonical,canonical_p3__mobley_3047364__cluster_3water__cooperative,94,1.7056111644460321,-2.808379349299077,0.0004480360500420666,-0.0002817261825782913,-0.003633109200224475
prospective_3_canonical,canonical_p3__mobley_3047364__cluster_3water__cooperative,95,3.0228898122126706,1.515114155493856,0.0009278555251268639,0.001465777726830888,-0.004106266083800124
prospective_3_canonical,canonical_p3__mobley_3047364__cluster_3water__cooperative,96,3.1464521363624005,0.169179600963264,0.0005605017708045779,0.0004326259293691003,-0.004674783627647025
prospective_3_canonical,canonical_p3__mobley_3047364__cluster_3water__cooperative,97,0.9557596932398961,0.3808678313642688,0.0008292978749029345,-9.774681285865968e-05,-0.00269900220158264
prospective_3_canonical,canonical_p3__mobley_3047364__cluster_3water__cooperative,98,2.1961574397207366,-1.0086527116939585,0.0004123447158150828,-8.316406491648272e-05,-0.003759639926491855
prospective_3_canonical,canonical_p3__mobley_3047364__cluster_3water__cooperative,99,0.6943569210618398,-1.2841014451758228,0.0008809037539654341,9.447739555768571e-05,-0.0026989732206503473
prospective_3_canonical,canonical_p3__mobley_3047364__cluster_3water__cooperative,100,2.3140096257228344,0.8072857515301907,0.0005618074050370847,-0.000422007948704666,-0.00385615358536988
prospective_3_canonical,canonical_p3__mobley_3047364__cluster_3water__cooperative,101,0.3480695274284059,0.541766088550571,0.0012320978114701564,-0.0005588436202230977,-0.0025905178416230595
prospective_3_canonical,canonical_p3__mobley_3047364__cluster_3water__cooperative,102,2.6536177577740854,-0.6938569595267485,0.0003466837496683972,-0.0009043383497776481,-0.004586937216652333
prospective_3_canonical,canonical_p3__mobley_3047364__cluster_3water__cooperative,103,2.102308417449121,-2.3548209384440097,0.0004699424964902388,0.00023240818709955354,-0.004090558221307169
prospective_3_canonical,canonical_p3__mobley_3047364__cluster_3water__cooperative,104,1.124804939975434,-0.7518856378124008,0.0007479627865496496,-0.0004824094706834626,-0.003204203216981512
prospective_3_canonical,canonical_p3__mobley_3047364__cluster_3water__cooperative,105,3.3773412860784564,1.9854128160885978,0.0007676689045126306,0.0009000676985134505,-0.004128802188045885
prospective_3_canonical,canonical_p3__mobley_3047364__cluster_3water__cooperative,106,1.287403456133522,2.1984162750408203,0.000879235012841928,-0.0002311768001349103,-0.0025327373782507386
prospective_3_canonical,canonical_p3__mobley_3047364__cluster_3water__cooperative,107,3.5362071314138235,0.2549255316921226,0.00028516983141702035,5.449718265020478e-05,-0.004837759315385059
prospective_3_canonical,canonical_p3__mobley_3047364__cluster_3water__cooperative,108,2.7164500312904156,2.782991570648442,0.0006291637728490507,3.384832869029493e-05,-0.0033916120957135005
prospective_3_canonical,canonical_p3__mobley_3047364__cluster_3water__cooperative,109,0.7196025616848891,0.5270961136362713,0.0007639616382582037,-6.670378489271223e-05,-0.0024508985207259124
prospective_3_canonical,canonical_p3__mobley_3047364__cluster_3water__cooperative,110,2.314399664303113,-1.2594302988671633,0.00026374232108139495,-0.00013882701116858234,-0.0036435637374997907
prospective_3_canonical,canonical_p3__mobley_3047364__cluster_3water__cooperative,111,1.2432000707238844,2.356026800619337,0.0009345481794040822,-0.0006356744294261807,-0.0026943891791164475
prospective_3_canonical,canonical_p3__mobley_3047364__cluster_3water__cooperative,112,0.383513283170245,-1.6135786704867037,0.0007890789670774723,0.00011288281657248044,-0.0024420623130747723
prospective_3_canonical,canonical_p3__mobley_3047364__cluster_3water__cooperative,113,2.716484308932636,-2.7417827470173615,0.0001595526428002092,1.840745073461306e-05,-0.0044340935759238
prospective_3_canonical,canonical_p3__mobley_3047364__cluster_3water__cooperative,114,2.4659239034486666,1.075347725278171,0.0004765694022881295,-0.0007260849446991554,-0.0038126823767236297
prospective_3_canonical,canonical_p3__mobley_3047364__cluster_3water__cooperative,115,3.938313103790192,-2.0730164002868365,3.6891571959074554e-05,-0.001612205420537844,-0.006992483979927134
prospective_3_canonical,canonical_p3__mobley_3047364__cluster_3water__cooperative,116,-0.061713365787027075,0.7339653014472313,0.0011957785610394733,-0.00045417331756631297,-0.0023403944944453657
prospective_3_canonical,canonical_p3__mobley_3047364__cluster_3water__cooperative,117,0.8472698341937817,-2.9747878031312287,0.0007092233205856502,0.00020963031996317112,-0.002831984425403039
prospective_3_canonical,canonical_p3__mobley_3047364__cluster_3water__cooperative,118,2.9025629303717038,-0.8546929032236081,0.0001788934679038956,-0.00125132735097569,-0.004707802145651956
prospective_3_canonical,canonical_p3__mobley_3047364__cluster_3water__cooperative,119,2.1937366356681784,-2.990218018974373,0.0003140817672711016,-0.0002473368507772435,-0.004069066757107808
prospective_3_canonical,canonical_p3__mobley_3047364__cluster_3water__cooperative,120,0.9369464503448662,-0.92930120387659,0.000667826150998474,-0.0005811078245810785,-0.0030393526638322135
prospective_3_canonical,canonical_p3__mobley_3047364__cluster_3water__cooperative,121,0.34276522919321417,-2.4248867338430053,0.0009373274308925872,-5.350555224941305e-05,-0.0026446091591791824
prospective_3_canonical,canonical_p3__mobley_3047364__cluster_3water__cooperative,122,1.9933652516976388,-0.6879446204655333,0.0006037848161974946,6.858254546738326e-05,-0.0036908554244817634
prospective_3_canonical,canonical_p3__mobley_3047364__cluster_3water__cooperative,123,-0.004030799384645345,-0.49493476333520514,0.0011257590487168123,3.339653042018151e-05,-0.0022580929126773475
prospective_3_canonical,canonical_p3__mobley_3047364__cluster_3water__cooperative,124,1.1269200871125917,-1.761850552594177,0.0006313200278349473,6.662143524264737e-05,-0.0029521580826046756
prospective_3_canonical,canonical_p3__mobley_3047364__cluster_3water__cooperative,125,-0.24236862107640283,-2.0129949860629357,0.0010634288924882274,0.0003094070511410889,-0.0021402209386037936
prospective_3_canonical,canonical_p3__mobley_3047364__cluster_3water__cooperative,126,1.4120585442518285,-2.8130612756287943,0.0005370525846541963,0.00018907914720494277,-0.0032397944885341544
prospective_3_canonical,canonical_p3__mobley_3047364__cluster_3water__cooperative,127,1.2343735508203868,-0.10614195377215918,0.0007800869795142606,-0.0004673158506344558,-0.003241100164986129
prospective_3_canonical,canonical_p3__mobley_3047364__cluster_3water__cooperative,128,0.08650448863636684,-2.978296887317386,0.0009487814874074019,0.0004997690449939936,-0.0023631969436455525
prospective_3_canonical,canonical_p3__mobley_3047364__cluster_3water__cooperative,129,1.5440162594553506,-1.4748308962064274,0.0005767205500675221,-0.0005312363843121522,-0.0035650046545157386
prospective_3_canonical,canonical_p3__mobley_3047364__cluster_3water__cooperative,130,1.0413518609237657,-2.989239229925107,0.0006544870808820047,-2.8414261717184643e-05,-0.0030644161813165485
prospective_3_canonical,canonical_p3__mobley_3047364__cluster_3water__cooperative,131,0.1500986902859922,-1.5277393969962867,0.0010217148877824656,-0.00018252144024086844,-0.002566853001556158
prospective_3_canonical,canonical_p3__mobley_3047364__cluster_3water__cooperative,132,-0.27126511687057175,-2.5883343643254113,0.0011053126341855624,0.00025798813860215234,-0.0022453197096908998
prospective_3_canonical,canonical_p3__mobley_3047364__cluster_3water__cooperative,133,0.298350278547778,1.1622417588404734,0.0012190018736977226,-0.0005975226472142006,-0.002292004224739759
prospective_3_canonical,canonical_p3__mobley_3047364__cluster_3water__cooperative,134,2.348730100126877,-0.6097645071539268,0.00042085670097602446,-3.904475129864614e-05,-0.0038497494596159802
prospective_3_canonical,canonical_p3__mobley_3047364__cluster_3water__cooperative,135,-0.2193505369789167,-0.36160897655779123,0.0009616091836079921,2.0841583499579775e-05,-0.0020921555219525993
prospective_3_canonical,canonical_p3__mobley_3047364__cluster_3water__cooperative,136,1.2347291742318167,-1.9905007056050406,0.0004868628026035715,2.0497766986397642e-05,-0.0029078749573888795
prospective_3_canonical,canonical_p3__mobley_3047364__cluster_3water__cooperative,137,-1.5517158623391638,-0.14464354070542637,0.001421323558174814,-9.912530988706933e-05,-0.0014958636461392463
prospective_3_canonical,canonical_p3__mobley_3047364__cluster_3water__cooperative,138,-0.5257848791540333,-2.313400691493445,0.0009006059205569628,0.00022737610431963144,-0.001970861168399441
prospective_3_canonical,canonical_p3__mobley_3047364__cluster_3water__cooperative,139,1.6013357619822643,-3.3420573495066916,0.00037782170631683876,2.6116419442045948e-05,-0.0032823520549917
prospective_3_canonical,canonical_p3__mobley_3047364__cluster_3water__cooperative,140,1.3728836275704106,0.1382674928804113,0.000685488927661515,-0.0006091657001490668,-0.003259811368058577
prospective_3_canonical,canonical_p3__mobley_3047364__cluster_3water__cooperative,141,2.7153561337641534,-2.7322997980759194,0.0002180552526609425,-0.00012471253403119288,-0.004725202196924265
prospective_3_canonical,canonical_p3__mobley_3047364__cluster_3water__cooperative,142,-0.931726823791546,-0.17299295237721046,0.0013573836652274185,5.1205822293464516e-05,-0.0019587848247082534
prospective_3_canonical,canonical_p3__mobley_3047364__cluster_3water__cooperative,143,-0.102948023809044,-3.554503135963453,0.0007805115497461212,0.00040106180441002197,-0.002236972990419992
prospective_3_canonical,canonical_p3__mobley_3047364__cluster_3water__cooperative,144,1.7709956815296501,-1.6214754331065049,0.0004322594753414233,-0.0007716330704706724,-0.003693973448044176
prospective_3_canonical,canonical_p3__mobley_3047364__cluster_3water__cooperative,145,1.1247128834176117,-3.568571862173379,0.0004907138080174622,-0.00021329094599395725,-0.003075836209837007
prospective_3_canonical,canonical_p3__mobley_3047364__cluster_3water__cooperative,146,-0.0211840502595253,-1.689500648407753,0.0008502847655991186,-0.0003194998967404901,-0.002475877319628655
prospective_3_canonical,canonical_p3__mobley_3047364__cluster_3water__cooperative,147,-0.562937516603679,-3.0531227492594843,0.0009545987580379389,0.00015876770099299952,-0.0021037576286835756
prospective_3_canonical,canonical_p3__mobley_3047364__cluster_3water__cooperative,148,0.9133580204259688,-0.1032643998706575,0.0008639609940588322,-5.8442690738084915e-05,-0.0027885400469337975
prospective_3_canonical,canonical_p3__mobley_3047364__cluster_3water__cooperative,149,-1.2773344226965362,0.10842383053034699,0.0012016992021421924,-0.00011881640093576858,-0.001613962322904677
prospective_3_canonical,canonical_p3__mobley_3047364__cluster_3water__cooperative,150,-0.03693667621569552,-1.2810967125278798,0.0009922859972317788,0.0001490570987216313,-0.002234005601120751
prospective_3_canonical,canonical_p3__mobley_3047364__cluster_3water__cooperative,151,-1.5387371948745927,-1.5565454460097443,0.0012340286131686806,-1.6463627335985007e-05,-0.0015033215982932515
prospective_3_canonical,canonical_p3__mobley_3047364__cluster_3water__cooperative,152,0.27579582516282286,-2.434037505533589,0.0010253997960181227,0.0003704621273825343,-0.0024671828090767657
prospective_3_canonical,canonical_p3__mobley_3047364__cluster_3water__cooperative,153,0.08091550978640238,0.5348417506962687,0.0011718236599396192,-0.0004447133927697926,-0.0024385247363949395
prospective_3_canonical,canonical_p3__mobley_3047364__cluster_3water__cooperative,154,-1.885024588508026,0.2693220877166487,0.0015078444209193353,0.0002585364334494097,-0.0015026809549427889
prospective_3_canonical,canonical_p3__mobley_3047364__cluster_3water__cooperative,155,0.42052364183765323,-0.9663009603606704,0.0009620452596716955,-0.00031559379251637037,-0.0027344938472162942
prospective_3_canonical,canonical_p3__mobley_3047364__cluster_3water__cooperative,156,-0.13078569848731114,-2.627264939277932,0.0010942404161427,0.0003094213566319416,-0.0023160434600840015
prospective_3_canonical,canonical_p3__mobley_3047364__cluster_3water__cooperative,157,-1.108289175960998,-1.0243296386463228,0.0012037347273843313,-4.8094002588896807e-05,-0.0019019779941122138
prospective_3_canonical,canonical_p3__mobley_3047364__cluster_3water__cooperative,158,-0.9456906598029101,1.9259722742068983,0.0014009584565657374,-0.0005416416047350468,-0.0016117174212865741
prospective_3_canonical,canonical_p3__mobley_3047364__cluster_3water__cooperative,159,1.3031130154773916,-0.01751846914179933,0.0006721551089314826,3.858461683728821e-06,-0.0029200077309964423
prospective_3_canonical,canonical_p3__mobley_3047364__cluster_3water__cooperative,160,-1.5134915542515432,0.25465211280234945,0.0010311836033209953,8.011052912542137e-05,-0.0015041286144477422
prospective_3_canonical,canonical_p3__mobley_3047364__cluster_3water__cooperative,161,0.08130554836668047,-1.531874299701085,0.0007505018869975455,0.0001040922842272784,-0.0022347351697383855
prospective_3_canonical,canonical_p3__mobley_3047364__cluster_3water__cooperative,162,2.0831119211431273,-1.7540691517385751,0.0005537794097003612,0.0002850469884800392,-0.003976999364662529
prospective_3_canonical,canonical_p3__mobley_3047364__cluster_3water__cooperative,163,-0.9898940452125472,2.083582799785415,0.001531910546808124,-0.0007994717821171529,-0.0016964248285514301
prospective_3_canonical,canonical_p3__mobley_3047364__cluster_3water__cooperative,164,-1.8495808327661871,-1.8860226713206252,0.0010383744280486606,-5.997849399348379e-05,-0.0013915416319275793
prospective_3_canonical,canonical_p3__mobley_3047364__cluster_3water__cooperative,165,0.48339019299620406,-3.0142267478512834,0.000728655342697504,0.00022809725705200666,-0.002547294748034405
prospective_3_canonical,canonical_p3__mobley_3047364__cluster_3water__cooperative,166,0.23282978751223482,0.802903724444249,0.0009482887613636581,-0.0005330450216921523,-0.0024788564140577358
prospective_3_canonical,canonical_p3__mobley_3047364__cluster_3water__cooperative,167,1.7052189878537596,-2.345460401120758,0.0005210980404217747,-0.00012738063553124164,-0.003692215546919187
prospective_3_canonical,canonical_p3__mobley_3047364__cluster_3water__cooperative,168,-2.294807481723459,0.4615213006133092,0.0012986297231782906,0.00023438494530496497,-0.0014011021371397269
prospective_3_canonical,canonical_p3__mobley_3047364__cluster_3water__cooperative,169,0.6694688144352716,-1.12713690405753,0.0007110662582792138,-0.0005196567453676499,-0.00287421765886874
prospective_3_canonical,canonical_p3__mobley_3047364__cluster_3water__cooperative,170,-0.0393574802682537,-3.262662019808295,0.0008253750980378172,0.0001043193067909136,-0.002370669899924428
prospective_3_canonical,canonical_p3__mobley_3047364__cluster_3water__cooperative,171,-1.2961476655915658,-1.2017452047105115,0.0009890846214890558,-0.0001853739953011629,-0.0018655660837590573
prospective_3_canonical,canonical_p3__mobley_3047364__cluster_3water__cooperative,172,-1.8903288867432182,-2.6973307346769273,0.0011777474310787905,-0.000161082477238076,-0.0014944475452522282
prospective_3_canonical,canonical_p3__mobley_3047364__cluster_3water__cooperative,173,-0.26468796844449577,-0.9981948625709685,0.0012628729582275788,0.00024927155923628566,-0.0021415125491214618
prospective_3_canonical,canonical_p3__mobley_3047364__cluster_3water__cooperative,174,-1.131133133029543,-2.0721007946996126,0.0010768252406261336,0.00019445075025571962,-0.0016920712280743446
prospective_3_canonical,canonical_p3__mobley_3047364__cluster_3water__cooperative,175,-1.8907746748814789,0.49180178892316717,0.0017512907323202764,0.00039146999374744634,-0.0014410400862096646
prospective_3_canonical,canonical_p3__mobley_3047364__cluster_3water__cooperative,176,-0.8459946758903057,-3.12331151773423,0.0010314394571286911,0.0009465045427000901,-0.0018506342961189103
prospective_3_canonical,canonical_p3__mobley_3047364__cluster_3water__cooperative,177,-1.0236796693217478,-0.4163921958775946,0.0013547018640387432,0.0001041267067583212,-0.001916874397313099
prospective_3_canonical,canonical_p3__mobley_3047364__cluster_3water__cooperative,178,0.02046561327338603,-2.6490556443991844,0.0010664120246475228,0.00028205330119164844,-0.002402548583688951
prospective_3_canonical,canonical_p3__mobley_3047364__cluster_3water__cooperative,179,-2.171548731505768,-3.2885471294228217,0.0011253890737399352,0.00043494333583713374,-0.001302071044779361
prospective_3_canonical,canonical_p3__mobley_3047364__cluster_3water__cooperative,180,-0.7140369606867836,-1.7850811383118625,0.0011164879650475967,-0.00010138450082206962,-0.0020818809144839893
prospective_3_canonical,canonical_p3__mobley_3047364__cluster_3water__cooperative,181,-1.216701359218369,-3.299489472030542,0.001052272032946,0.0006351212472143065,-0.0017545605407698148
prospective_3_canonical,canonical_p3__mobley_3047364__cluster_3water__cooperative,182,-2.1079545298561424,-1.8379896391017225,0.001184250131306186,-0.0003063619386312029,-0.0014600283742525258
prospective_3_canonical,canonical_p3__mobley_3047364__cluster_3water__cooperative,183,0.09067687998474255,-0.9200147492593624,0.0009924368005080897,9.151326871584264e-05,-0.0022992587511944306
prospective_3_canonical,canonical_p3__mobley_3047364__cluster_3water__cooperative,184,-2.716500985747626,1.2400718700730184,0.0017464655104839633,0.00030079332176958466,-0.0010307496767055725
prospective_3_canonical,canonical_p3__mobley_3047364__cluster_3water__cooperative,185,-1.0233240459103181,-2.300750947710476,0.0008661923277291095,0.0001657633950450843,-0.001734424249224004
prospective_3_canonical,canonical_p3__mobley_3047364__cluster_3water__cooperative,186,0.8018523527976191,-2.503340371627011,0.0008217094263263114,0.00024269627032709983,-0.0028168896753497283
prospective_3_canonical,canonical_p3__mobley_3047364__cluster_3water__cooperative,187,-2.0000060282913785,0.9956952312330978,0.001642861277139529,0.0002112168716840972,-0.001409602695828998
prospective_3_canonical,canonical_p3__mobley_3047364__cluster_3water__cooperative,188,-0.65671745815987,-3.652307591612127,0.0007923445852431321,0.00042428858735958945,-0.0019381698901935855
prospective_3_canonical,canonical_p3__mobley_3047364__cluster_3water__cooperative,189,-0.8851695925717241,-0.17198274922502432,0.001153150604983555,-0.00013916714428189263,-0.0020078178922741715
prospective_3_canonical,canonical_p3__mobley_3047364__cluster_3water__cooperative,190,0.45730291362201947,-3.0425500401813546,0.0007907800217581418,1.5601565928795866e-05,-0.002672085546195703
prospective_3_canonical,canonical_p3__mobley_3047364__cluster_3water__cooperative,191,-3.1897800439336805,-0.4832431944826461,0.001239027467209386,0.00044474517795222964,-0.001108332740208054
prospective_3_canonical,canonical_p3__mobley_3047364__cluster_3water__cooperative,192,-2.3610012439511787,-3.8647533780688876,0.0009280325493810082,0.00021342409137221647,-0.0012862240773192093
prospective_3_canonical,canonical_p3__mobley_3047364__cluster_3water__cooperative,193,-0.48705753861248424,-1.9317256752119405,0.0008850270849212194,-0.00026205496433676003,-0.0022281106820565303
prospective_3_canonical,canonical_p3__mobley_3047364__cluster_3water__cooperative,194,-1.1333403367245225,-3.8788221042788145,0.0008173389091605809,0.00019551118601467322,-0.0018240284876169385
prospective_3_canonical,canonical_p3__mobley_3047364__cluster_3water__cooperative,195,-2.2792372704016595,-1.9997508905131887,0.0009965342536750743,-0.00020492992892219642,-0.0014698824154940784
prospective_3_canonical,canonical_p3__mobley_3047364__cluster_3water__cooperative,196,-2.820990736745813,-3.36337299136492,0.0010064231499824494,-0.00010402871465129153,-0.0011884122960660766
prospective_3_canonical,canonical_p3__mobley_3047364__cluster_3water__cooperative,197,-1.5247346629806422,-0.5449043847681123,0.0011870194230094722,-0.00016345082009950658,-0.0015127377212901141
prospective_3_canonical,canonical_p3__mobley_3047364__cluster_3water__cooperative,198,-3.9193881828526984,1.2977501507197244,0.001463318846910422,0.0008890594902291609,-0.0007600110705659508
prospective_3_canonical,canonical_p3__mobley_3047364__cluster_3water__cooperative,199,-3.308184599072817,1.0892854910641652,0.0014729796562078512,0.0011129379256588235,-0.0009871052146908387
prospective_3_canonical,canonical_p3__mobley_3047364__cluster_3water__cooperative,200,-5.019724683981453,0.13370276842164563,0.0013348750488293426,0.0009930296880889251,-0.0006068542742208154
prospective_3_canonical,canonical_p3__mobley_3047364__cluster_3water__cooperative,201,-2.1622968582437885,-2.8756774904310443,0.0012044106241255736,0.0002780921973554697,-0.0012735963959682346
prospective_3_canonical,canonical_p3__mobley_3047364__cluster_3water__cooperative,202,-2.3571771736202085,0.09320176579881378,0.0013247463348564636,0.0002835118051773265,-0.0013684752748781112
prospective_3_canonical,canonical_p3__mobley_3047364__cluster_3water__cooperative,203,-5.018417450308356,-1.7138530337259346,0.001375791516128766,0.0008603717791736383,-0.0005251249069148189
prospective_3_canonical,canonical_p3__mobley_3047364__cluster_3water__cooperative,204,-4.323117271914637,-0.1723178971808057,0.001257356806583898,0.0008606406613186123,-0.000819536547837341
prospective_3_canonical,canonical_p3__mobley_3047364__cluster_3water__cooperative,205,-2.017569041568958,-1.407940945258125,0.0012222095246432474,-0.00016746342197052243,-0.0015040008294588078
prospective_3_canonical,canonical_p3__mobley_3047364__cluster_3water__cooperative,206,-1.293845513264587,1.2713288303572212,0.001671674094667619,-0.0005049394780656247,-0.0015496350299609785
prospective_3_canonical,canonical_p3__mobley_3047364__cluster_3water__cooperative,207,-3.383783343209521,1.4843322893094433,0.0013064906409676613,0.0008143418892965113,-0.000879651191380308
prospective_3_canonical,canonical_p3__mobley_3047364__cluster_3water__cooperative,208,-1.1349796679292192,-0.45915845403925426,0.001056087498933378,1.495936666152985e-05,-0.0016807119043387372
prospective_3_canonical,canonical_p3__mobley_3047364__cluster_3water__cooperative,209,-4.213819907764719,1.9099688058736795,0.0013446196189814685,0.0007350740721883616,-0.0007299755421592373
prospective_3_canonical,canonical_p3__mobley_3047364__cluster_3water__cooperative,210,-0.3549807622634841,-2.1957091366360295,0.001213806914090787,0.0005387282903150244,-0.0020978957972635926
prospective_3_canonical,canonical_p3__mobley_3047364__cluster_3water__cooperative,211,-3.4279867286191585,1.6419428148879602,0.0013400207580882562,0.000662661679065959,-0.0009929966558038304
prospective_3_canonical,canonical_p3__mobley_3047364__cluster_3water__cooperative,212,-4.2876735161727995,-2.3276626562180804,0.0011176759721316376,0.0006557991747373107,-0.0007345288118706981
prospective_3_canonical,canonical_p3__mobley_3047364__cluster_3water__cooperative,213,-5.628538266358833,0.4133364572047209,0.0011445031780136228,0.0007893321021050195,-0.0006048738456725276
prospective_3_canonical,canonical_p3__mobley_3047364__cluster_3water__cooperative,214,-1.9547024904104076,-3.455866732748738,0.000957210824089616,0.00032638911000809975,-0.0013954063855328982
prospective_3_canonical,canonical_p3__mobley_3047364__cluster_3water__cooperative,215,-2.205262895894376,0.36126373954679414,0.0011560305138254012,9.134705741632054e-05,-0.0014782332220248733
prospective_3_canonical,canonical_p3__mobley_3047364__cluster_3water__cooperative,216,-5.626857537350566,-1.96209243127074,0.0011768901733673065,0.0008009208440992554,-0.0005216284101962342
prospective_3_canonical,canonical_p3__mobley_3047364__cluster_3water__cooperative,217,-0.7328736955528512,-2.7871003860182135,0.0011280436413676487,0.00041581217858769264,-0.0019937985504241912
prospective_3_canonical,canonical_p3__mobley_3047364__cluster_3water__cooperative,218,-4.73290016513007,0.019881315715854164,0.0010731411977000782,0.0005956503433038494,-0.0008375356004191487
prospective_3_canonical,canonical_p3__mobley_3047364__cluster_3water__cooperative,219,-1.7686238689713394,-1.5687768889549847,0.0010012194146908904,-0.0001745651639095464,-0.0016700021304771199
prospective_3_canonical,canonical_p3__mobley_3047364__cluster_3water__cooperative,220,-2.477450163674865,-3.7043020047057498,0.0009444261990363412,-1.7622508967645063e-06,-0.0012992334859764747
prospective_3_canonical,canonical_p3__mobley_3047364__cluster_3water__cooperative,221,-3.7342403489981764,-1.643385189607967,0.0010270487965362562,0.0003617385734633363,-0.0010695205762780778
prospective_3_canonical,canonical_p3__mobley_3047364__cluster_3water__cooperative,222,-2.08055901236732,1.0413294533312198,0.001133272088253312,0.00036481340101476953,-0.0012752280783109799
prospective_3_canonical,canonical_p3__mobley_3047364__cluster_3water__cooperative,223,-3.7060662134356024,1.2069988102940592,0.001096457066010137,0.0008112623493249874,-0.0008639527753608574
prospective_3_canonical,canonical_p3__mobley_3047364__cluster_3water__cooperative,224,-1.9569966882175895,-0.30460510119937223,0.0009091399027238989,0.000274841325619049,-0.0013502850760460845
prospective_3_canonical,canonical_p3__mobley_3047364__cluster_3water__cooperative,225,-2.594585543869129,1.661668484655543,0.0015044242602966218,0.0003120878574279424,-0.0010535338340872539
prospective_3_canonical,canonical_p3__mobley_3047364__cluster_3water__cooperative,226,-4.147689131340094,-0.09291687079836752,0.0009810238865102239,0.0007115190476699017,-0.000806901332267648
prospective_3_canonical,canonical_p3__mobley_3047364__cluster_3water__cooperative,227,-1.0503360423296875,-0.15601022157352962,0.0012483179820361734,-2.423285053715699e-05,-0.0017252415300207265
prospective_3_canonical,canonical_p3__mobley_3047364__cluster_3water__cooperative,228,-4.351650208089646,1.5380494342884652,0.001264890172304911,0.0008166684911062258,-0.0007081429257442141
prospective_3_canonical,canonical_p3__mobley_3047364__cluster_3water__cooperative,229,-2.9072913848592536,-1.4824374138565946,0.0008923648306857768,0.00044028989593245145,-0.0010856455276906127
prospective_3_canonical,canonical_p3__mobley_3047364__cluster_3water__cooperative,230,-5.284258835410843,0.09216475548429504,0.0011531603913182975,0.0010156611945386072,-0.0006096474135809491
prospective_3_canonical,canonical_p3__mobley_3047364__cluster_3water__cooperative,231,-1.3503308726997956,-1.655255632107975,0.001039380911710408,6.705115100883179e-05,-0.0015939432179402672
prospective_3_canonical,canonical_p3__mobley_3047364__cluster_3water__cooperative,232,-3.7404466243097643,1.3295847746329057,0.0014968979025677953,0.0008509694786046093,-0.0007892449315229258
prospective_3_canonical,canonical_p3__mobley_3047364__cluster_3water__cooperative,233,-4.409091903518151,-1.7578861473384588,0.0009880484138268253,0.0006836790040163034,-0.0007599153668522924
prospective_3_canonical,canonical_p3__mobley_3047364__cluster_3water__cooperative,234,-5.451986709218399,0.37400205199038605,0.0012929086254030997,0.0010872497744749228,-0.000555288373049123
prospective_3_canonical,canonical_p3__mobley_3047364__cluster_3water__cooperative,235,-2.594558883480736,-2.6353782068623035,0.0009649733500105562,0.00012049542434075912,-0.0011656371401181725
prospective_3_canonical,canonical_p3__mobley_3047364__cluster_3water__cooperative,236,-5.450679475545303,-1.473553750157194,0.0011344536764205104,0.0008235500351001812,-0.0005611920049290058
prospective_3_canonical,canonical_p3__mobley_3047364__cluster_3water__cooperative,237,-4.755379297151585,0.0679813863879346,0.0014158142003785068,0.001083468501175639,-0.0006175052618598836
prospective_3_canonical,canonical_p3__mobley_3047364__cluster_3water__cooperative,238,-4.0483923638331785,-2.816604361617534,0.0010598040515577,0.0004302829717168945,-0.0007915456230861069
prospective_3_canonical,canonical_p3__mobley_3047364__cluster_3water__cooperative,239,-5.397237467773463,-1.3295277635658769,0.0013479025618587936,0.000975237797110411,-0.0005023389852826788
prospective_3_canonical,canonical_p3__mobley_3047364__cluster_3water__cooperative,240,-1.7261075385015343,1.5116281139259615,0.0010590318378009833,0.0001890637482179415,-0.0013686558190524004
prospective_3_canonical,canonical_p3__mobley_3047364__cluster_3water__cooperative,241,-3.816045368446469,1.7246315728781836,0.0009524333375428018,0.0005895305847076781,-0.0008733777141548644
prospective_3_canonical,canonical_p3__mobley_3047364__cluster_3water__cooperative,242,-1.5672416931661663,-0.21885917047051384,0.0007747669304749571,0.0002241638783313576,-0.0014654133561177118
prospective_3_canonical,canonical_p3__mobley_3047364__cluster_3water__cooperative,243,-4.3838462628951005,0.05331141147363516,0.000806995220822726,0.0005420451199300232,-0.0008145291516985875
prospective_3_canonical,canonical_p3__mobley_3047364__cluster_3water__cooperative,244,-0.40153514845314936,-0.027808610951573276,0.0011718380130982808,-5.130655468232339e-05,-0.00202594260256637
prospective_3_canonical,canonical_p3__mobley_3047364__cluster_3water__cooperative,245,-4.646081933001668,2.1502680894424198,0.0011369614656565608,0.0006908993637329545,-0.0006985534430511925
prospective_3_canonical,canonical_p3__mobley_3047364__cluster_3water__cooperative,246,-2.7890491602768783,-1.7332150010297998,0.0007217847164369129,0.00034454586480547693,-0.001136756154508573
prospective_3_canonical,canonical_p3__mobley_3047364__cluster_3water__cooperative,247,-5.845150168128921,0.29127350240848715,0.0009289452836418466,0.0007042947873145704,-0.0006110143604667274
prospective_3_canonical,canonical_p3__mobley_3047364__cluster_3water__cooperative,248,-0.7872427875004313,-1.9554098530672894,0.0008906140259474782,0.00015794773219309378,-0.0018383730085678824
prospective_3_canonical,canonical_p3__mobley_3047364__cluster_3water__cooperative,249,-3.860248753856106,1.8822420984567008,0.0014318792200531671,0.0007432065771390151,-0.0007884121813226323
prospective_3_canonical,canonical_p3__mobley_3047364__cluster_3water__cooperative,250,-4.719935541409746,-2.0873633726493397,0.0007943568125098333,0.0005012711580989468,-0.0007721321727041765
prospective_3_canonical,canonical_p3__mobley_3047364__cluster_3water__cooperative,251,-6.06080029159578,0.6536357407734611,0.0010680410359312775,0.0007733197022194824,-0.0005628702489186646
prospective_3_canonical,canonical_p3__mobley_3047364__cluster_3water__cooperative,252,-2.386964515647354,-3.215567449179998,0.0007907365976504988,0.00019705690841132005,-0.0012646798229471725
prospective_3_canonical,canonical_p3__mobley_3047364__cluster_3water__cooperative,253,-6.059119562587513,-1.7217931477019996,0.0009236909771251911,0.000628967840369521,-0.0005685569237258725
prospective_3_canonical,canonical_p3__mobley_3047364__cluster_3water__cooperative,254,-5.165162190367018,0.26018059928459447,0.0012381457547232522,0.0008958556334299126,-0.0006408175219666684
prospective_3_canonical,canonical_p3__mobley_3047364__cluster_3water__cooperative,255,-4.25617899038621,-3.448572505293865,0.0008772177649694068,0.00036054297681233555,-0.000827345328972472
prospective_3_canonical,canonical_p3__mobley_3047364__cluster_3water__cooperative,256,-5.990408409738006,-1.5366168792274488,0.0011789711450014284,0.0009124112018255363,-0.0005094015170752019
prospective_3_canonical,canonical_p3__mobley_3047364__cluster_3water__cooperative,257,-4.786369642472623,0.21421647992689397,0.0013718734380625541,0.0010661510414705596,-0.000639611171476582
prospective_3_canonical,canonical_p3__mobley_3047364__cluster_3water__cooperative,258,-3.3420108192422315,-2.8062703682181653,0.0011154428810455919,0.0001233382808239951,-0.0009162423917530318
prospective_3_canonical,canonical_p3__mobley_3047364__cluster_3water__cooperative,259,-2.148686927110597,-0.4630140539730624,0.0014677063307662053,0.00016354194419834062,-0.001385117507073925
prospective_3_canonical,canonical_p3__mobley_3047364__cluster_3water__cooperative,260,-5.71897826979382,-1.2316681988772753,0.0012593578470857514,0.000944706529504984,-0.0005003535626972261
prospective_3_canonical,canonical_p3__mobley_3047364__cluster_3water__cooperative,261,-4.175166058692742,0.005751820271334918,0.0012234791812040235,0.0007908034531811819,-0.0008758186535345058
prospective_3_canonical,canonical_p3__mobley_3047364__cluster_3water__cooperative,262,-4.843811337901128,-3.0817191017000294,0.0010500872122299887,0.0005413763219733938,-0.0006669009923246372
prospective_3_canonical,canonical_p3__mobley_3047364__cluster_3water__cooperative,263,-1.6312696938576754,-1.9595184776444488,0.0013208522891048347,-0.0002349589693675155,-0.0016178907487649555
prospective_3_canonical,canonical_p3__mobley_3047364__cluster_3water__cooperative,264,-5.886706143601377,-0.9498309023711844,0.0011831349764209742,0.0009846042834731807,-0.0005827689940716323
prospective_3_canonical,canonical_p3__mobley_3047364__cluster_3water__cooperative,265,-3.0292783178637133,-3.959211161223875,0.0009452841420465319,5.975761497835423e-05,-0.001096588400266297
prospective_3_canonical,canonical_p3__mobley_3047364__cluster_3water__cooperative,266,-3.2241586332401333,-0.9903319049940165,0.0010548348076724334,0.00019041599769087603,-0.0011868521371554421
prospective_3_canonical,canonical_p3__mobley_3047364__cluster_3water__cooperative,267,-5.885398909928281,-2.7973867045187646,0.0010531648584160003,0.0007227200902847092,-0.000574668684250929
prospective_3_canonical,canonical_p3__mobley_3047364__cluster_3water__cooperative,268,-2.078967032974503,-3.4390595582112446,0.0009562736448855969,-2.590935975718407e-05,-0.0014547122741289343
prospective_3_canonical,canonical_p3__mobley_3047364__cluster_3water__cooperative,269,-5.190098731534562,-1.2558515679736355,0.0010337154534871829,0.000604642323814291,-0.0007747246952009795
prospective_3_canonical,canonical_p3__mobley_3047364__cluster_3water__cooperative,270,-4.4831117982161555,-4.140437315979104,0.0009411016453019228,0.0004067216884545793,-0.000825843854333153
prospective_3_canonical,canonical_p3__mobley_3047364__cluster_3water__cooperative,271,-2.8845505011888823,-2.4914746160509553,0.0009324023513583857,-6.113724186741331e-05,-0.001300088922167931
prospective_3_canonical,canonical_p3__mobley_3047364__cluster_3water__cooperative,272,-5.831956902156442,-2.653360717927447,0.0010107657431731587,0.0006696924447361506,-0.0006554399223623727
prospective_3_canonical,canonical_p3__mobley_3047364__cluster_3water__cooperative,273,-3.4358598415138464,-4.152438594968217,0.0008598284820855451,0.00010661261834384939,-0.0010961821538771547
prospective_3_canonical,canonical_p3__mobley_3047364__cluster_3water__cooperative,274,-4.413363318987534,-2.5495032943366076,0.0009390628341188201,0.0004148305465208056,-0.0009515047685868917
prospective_3_canonical,canonical_p3__mobley_3047364__cluster_3water__cooperative,275,-4.875504268772152,-3.7127364843104864,0.000902779551594568,0.00038901622404124037,-0.0008235829303511592
prospective_3_canonical,canonical_p3__mobley_3047364__cluster_3water__cooperative,276,-5.080801367384645,0.826435135080849,0.0012302180860326306,0.0008573688665492916,-0.0006511099354482674
prospective_3_canonical,canonical_p3__mobley_3047364__cluster_3water__cooperative,277,-3.2237685946598553,-3.0570479553913703,0.0009656420264734233,0.0002331186492599867,-0.0010037211216636774
prospective_3_canonical,canonical_p3__mobley_3047364__cluster_3water__cooperative,278,-1.689495019062039,-0.044289837076238125,0.0014507041474085547,0.0002010960660322175,-0.001599754391256724
prospective_3_canonical,canonical_p3__mobley_3047364__cluster_3water__cooperative,279,-6.279869602511899,-1.0325594519530839,0.0010698367438370937,0.0007791117308775558,-0.0005108401240931454
prospective_3_canonical,canonical_p3__mobley_3047364__cluster_3water__cooperative,280,-4.294968188239083,0.5584091440951298,0.0010975404010490353,0.0005756333442614554,-0.0009196211661676888
prospective_3_canonical,canonical_p3__mobley_3047364__cluster_3water__cooperative,281,-5.154654975792723,-3.4111963270109102,0.0008724090824927533,0.0004405151925883421,-0.0006958848794325356
prospective_3_canonical,canonical_p3__mobley_3047364__cluster_3water__cooperative,282,-1.0242442905939977,-1.9683669532251638,0.0011220864367849082,-0.0001326896843669588,-0.0019293231564917837
prospective_3_canonical,canonical_p3__mobley_3047364__cluster_3water__cooperative,283,-6.495519725978757,-0.6701972135881094,0.0009681177164529986,0.0006581276674266509,-0.0005985485381063032
prospective_3_canonical,canonical_p3__mobley_3047364__cluster_3water__cooperative,284,-2.821683950030332,-4.539400403541569,0.0007693994329311948,0.00013958982286989188,-0.0012059899443481758
prospective_3_canonical,canonical_p3__mobley_3047364__cluster_3water__cooperative,285,-3.072244355514301,-0.7222699312460366,0.0009243280043831348,7.159086317689868e-05,-0.001299925738785122
prospective_3_canonical,canonical_p3__mobley_3047364__cluster_3water__cooperative,286,-6.49383899697049,-3.0456261020635695,0.0008510634707746823,0.0005214821834884259,-0.0005899603526344748
prospective_3_canonical,canonical_p3__mobley_3047364__cluster_3water__cooperative,287,-1.599855155172776,-3.8706340568110438,0.0007896332626873281,-3.079359246694257e-05,-0.0016744105223238362
prospective_3_canonical,canonical_p3__mobley_3047364__cluster_3water__cooperative,288,-5.599881624749995,-1.0636523550769754,0.0008609334543333569,0.00039981403756103807,-0.0008044658968631475
prospective_3_canonical,canonical_p3__mobley_3047364__cluster_3water__cooperative,289,-4.690898424769186,-4.772405459655435,0.0007450519508461761,0.0002609900829898295,-0.0008655215164724576
prospective_3_canonical,canonical_p3__mobley_3047364__cluster_3water__cooperative,290,-2.635605328591264,-2.652310559747815,0.0007707449642524455,-0.00012514433836772134,-0.0014397995833763733
prospective_3_canonical,canonical_p3__mobley_3047364__cluster_3water__cooperative,291,-6.425127844120983,-2.860449833589019,0.0008089214494616526,0.00044292490800496736,-0.0006727269132891116
prospective_3_canonical,canonical_p3__mobley_3047364__cluster_3water__cooperative,292,-3.3444316232947897,-4.78783567549858,0.0006884814049934462,3.4599044770815e-05,-0.0011828632179195586
prospective_3_canonical,canonical_p3__mobley_3047364__cluster_3water__cooperative,293,-4.601221808618101,-2.7269188604007972,0.0007580855606712511,0.00018544700575628362,-0.0010021019120896929
prospective_3_canonical,canonical_p3__mobley_3047364__cluster_3water__cooperative,294,-5.1954030297697535,-4.222504390367212,0.0007223505011471065,0.0002353554773506871,-0.0008561742316579043
prospective_3_canonical,canonical_p3__mobley_3047364__cluster_3water__cooperative,295,0.5811709010659127,1.1756199917558003,0.0011755177325940558,-0.0006141871045795366,-0.0024423394375167576
prospective_3_canonical,canonical_p3__mobley_3047364__cluster_3water__cooperative,296,-1.4162251500163714,1.368629848886128,0.001427050649008832,-0.00024902475179745673,-0.0014898877593321593
prospective_3_canonical,canonical_p3__mobley_3047364__cluster_3water__cooperative,297,-0.28527426351913426,0.1017140596271563,0.0012511826271939253,-0.0001178543417407386,-0.0020928774647300235
prospective_3_canonical,canonical_p3__mobley_3047364__cluster_3water__cooperative,298,-2.45250929196323,1.5373807434379674,0.0016580698709967034,1.852961204423288e-05,-0.0010922032318410628
prospective_3_canonical,canonical_p3__mobley_3047364__cluster_3water__cooperative,299,-2.6054376474936496,1.7943500431935213,0.0017768012996084437,6.598958403726047e-05,-0.0010557864623335336
prospective_3_canonical,canonical_p3__mobley_3047364__cluster_3water__cooperative,300,-0.17782079981133891,1.7574226584491741,0.0013007634149517777,-0.0007351075085514761,-0.002127634073784653
prospective_3_canonical,canonical_p3__mobley_3047364__cluster_3water__cooperative,301,-1.9702955953150827,1.5153312010265796,0.001617725021289429,3.0112381208964405e-05,-0.0013880409857539768
prospective_3_canonical,canonical_p3__mobley_3047364__cluster_3water__cooperative,302,0.13182190882362482,0.38873371601490625,0.0012014897101570998,-0.00041892777413438706,-0.0024823574572337063
prospective_3_canonical,canonical_p3__mobley_3047364__cluster_3water__cooperative,303,-1.2620956603457336,0.3358252152250467,0.0014416909448369264,4.810523481957687e-05,-0.0017848285485901677
prospective_3_canonical,canonical_p3__mobley_3047364__cluster_3water__cooperative,304,0.9365357494951512,1.2538001050674066,0.0009142290291452859,-0.00025592965135136066,-0.0025454833465859052
prospective_3_canonical,canonical_p3__mobley_3047364__cluster_3water__cooperative,305,-1.6315448876106422,1.5019556356635422,0.001197748811264665,6.36259213080723e-05,-0.0014006247540407806
prospective_3_canonical,canonical_p3__mobley_3047364__cluster_3water__cooperative,306,-0.17746517639990933,-0.12693609338370748,0.0009988613107632105,-2.092188968129188e-05,-0.002110853911231693
prospective_3_canonical,canonical_p3__mobley_3047364__cluster_3water__cooperative,307,-2.9639102129708896,1.718921071515907,0.0014819571281010635,0.0005072002053247347,-0.0009489953102959964
prospective_3_canonical,canonical_p3__mobley_3047364__cluster_3water__cooperative,308,-3.1605323843671433,2.049310171201619,0.001610562451462405,0.0005341749894581319,-0.0009135663167673854
prospective_3_canonical,canonical_p3__mobley_3047364__cluster_3water__cooperative,309,-0.039310723061315445,2.0018321051017445,0.0010778559947002275,-0.0006185025858763183,-0.0021637538830031923
prospective_3_canonical,canonical_p3__mobley_3047364__cluster_3water__cooperative,310,-2.3439211744232717,1.6905716598441227,0.001385154618778861,0.00023473489997331566,-0.0013019396638350791
prospective_3_canonical,canonical_p3__mobley_3047364__cluster_3water__cooperative,311,0.3588013308979241,0.2420891791148283,0.0009476605582727782,-0.00048199413486621896,-0.002615773715484092
prospective_3_canonical,canonical_p3__mobley_3047364__cluster_3water__cooperative,312,-1.433378400891251,0.17406396381358036,0.0011886661194921988,-6.0824444811170765e-05,-0.001760169706999866
prospective_3_canonical,canonical_p3__mobley_3047364__cluster_3water__cooperative,313,1.7972711820141094,1.9490303287513058,0.0007721548960657465,-5.378129172173843e-05,-0.002873692379477999
prospective_3_canonical,canonical_p3__mobley_3047364__cluster_3water__cooperative,314,-0.3934212611083957,2.1607185591523104,0.0012075437087746277,-0.0004751408083744099,-0.0017897202338967451
prospective_3_canonical,canonical_p3__mobley_3047364__cluster_3water__cooperative,315,0.8469764853724449,0.7711980160940834,0.0009125291228890831,-0.00020966071323238008,-0.0025920082619077483
prospective_3_canonical,canonical_p3__mobley_3047364__cluster_3water__cooperative,316,2.0403003775040798,3.1144543303391865,0.0006925144828349161,1.0797105576059937e-05,-0.0028820608229909164
prospective_3_canonical,canonical_p3__mobley_3047364__cluster_3water__cooperative,317,-0.6548240332864522,0.495749282612219,0.0014277987320943097,-0.00024015878482038343,-0.0018954029528446498
prospective_3_canonical,canonical_p3__mobley_3047364__cluster_3water__cooperative,318,0.9648286713745429,2.5871364793182323,0.000923274974227617,-0.0006078482119199762,-0.002499048216764173
prospective_3_canonical,canonical_p3__mobley_3047364__cluster_3water__cooperative,319,-1.0011114269198853,2.321616816338612,0.0014791185982458988,-0.0008224782695051691,-0.0016569151880975565
prospective_3_canonical,canonical_p3__mobley_3047364__cluster_3water__cooperative,320,1.304436803425794,1.0859937682612932,0.0008275544606128893,-0.0006471431240545006,-0.0030525921275053295
prospective_3_canonical,canonical_p3__mobley_3047364__cluster_3water__cooperative,321,-0.22437601437285754,1.0279650899756407,0.0012484226778508578,-0.00048439500944088485,-0.0022220863147282555
prospective_3_canonical,canonical_p3__mobley_3047364__cluster_3water__cooperative,322,2.028160331730165,3.7652635438766398,0.0006939237434966383,0.00015995097474470976,-0.0025199800092302626
prospective_3_canonical,canonical_p3__mobley_3047364__cluster_3water__cooperative,323,-0.061777498214769855,3.9782670028288614,0.0013312583368405573,-0.00022019759544244426,-0.001573436879679048
prospective_3_canonical,canonical_p3__mobley_3047364__cluster_3water__cooperative,324,2.1870261770655324,2.034776259480164,0.0006073719485135687,6.560233262762412e-05,-0.0029829609065313996
prospective_3_canonical,canonical_p3__mobley_3047364__cluster_3water__cooperative,325,-0.6295783926634028,2.3069468414243124,0.0010430129406582278,-0.00015306872508105744,-0.0016594568228349034
prospective_3_canonical,canonical_p3__mobley_3047364__cluster_3water__cooperative,326,3.3527327217785494,2.2258268189991046,0.0007495056532444977,0.0005971331746527597,-0.0041609283323941725
prospective_3_canonical,canonical_p3__mobley_3047364__cluster_3water__cooperative,327,0.9652187099548206,0.5204204289208778,0.0007278107280819235,-5.64297456368939e-05,-0.0025897366452667984
prospective_3_canonical,canonical_p3__mobley_3047364__cluster_3water__cooperative,328,2.499492285552637,3.5331785472360107,0.0005887794332453122,-0.0002331478776728064,-0.0030328830735587365
prospective_3_canonical,canonical_p3__mobley_3047364__cluster_3water__cooperative,329,-0.9656676711780469,0.16627205730133798,0.001173736182055407,-6.919754788417022e-05,-0.0017463187885534413
prospective_3_canonical,canonical_p3__mobley_3047364__cluster_3water__cooperative,330,3.1647430140206785,1.609101431087085,0.0007712196879174904,0.0004744195980311668,-0.004390610957439726
prospective_3_canonical,canonical_p3__mobley_3047364__cluster_3water__cooperative,331,1.116742949100375,2.855198453066212,0.0007795456776096277,-0.0006045618341955158,-0.0025154385091986186
prospective_3_canonical,canonical_p3__mobley_3047364__cluster_3water__cooperative,332,-1.4108943201353188,2.5138160292352727,0.0013261505458106448,-0.00022195288574969584,-0.001523099491181976
prospective_3_canonical,canonical_p3__mobley_3047364__cluster_3water__cooperative,333,1.5533819760234122,0.9251578245644333,0.0006409574934911344,-0.0006987587655555819,-0.003200935478021925
prospective_3_canonical,canonical_p3__mobley_3047364__cluster_3water__cooperative,334,-0.41223450400342526,0.8505495239114513,0.001046136261885211,-0.00040251441714954546,-0.0021614817527166623
prospective_3_canonical,canonical_p3__mobley_3047364__cluster_3water__cooperative,335,1.5782752923851844,5.165111571876688,0.0008395944173167358,0.00012879953257291884,-0.001995549100235712
prospective_3_canonical,canonical_p3__mobley_3047364__cluster_3water__cooperative,336,-0.14284997933417332,5.340526185131459,0.0011772782623689082,-2.4300720691091435e-05,-0.0013579606731837152
prospective_3_canonical,canonical_p3__mobley_3047364__cluster_3water__cooperative,337,1.7091059885437219,3.740004396491355,0.0007390158854094775,6.267702472794107e-05,-0.002339467661939111
prospective_3_canonical,canonical_p3__mobley_3047364__cluster_3water__cooperative,338,1.0340119060891508,5.821941134455383,0.0009745258870776929,5.381140206721279e-05,-0.0017113414897363354
prospective_3_canonical,canonical_p3__mobley_3047364__cluster_3water__cooperative,339,-0.6104507159389301,3.9641448757394775,0.001207685417169424,-0.00015945512406425675,-0.0014108698322635722
prospective_3_canonical,canonical_p3__mobley_3047364__cluster_3water__cooperative,340,2.6690996136015004,3.8973401513893062,0.0005584334705199812,5.586342432998073e-05,-0.0029138518359353585
prospective_3_canonical,canonical_p3__mobley_3047364__cluster_3water__cooperative,341,-0.8264095030855141,5.691050375243183,0.001368876537299002,-0.00011776975286943367,-0.0011257777111300128
prospective_3_canonical,canonical_p3__mobley_3047364__cluster_3water__cooperative,342,0.702911603864313,2.4928878301484136,0.000944826287756495,-0.0002712378980087105,-0.002172486982927324
prospective_3_canonical,canonical_p3__mobley_3047364__cluster_3water__cooperative,343,1.9664310190625147,4.973982751113816,0.0007517579491296278,-6.611866350488579e-05,-0.002315675434707369
prospective_3_canonical,canonical_p3__mobley_3047364__cluster_3water__cooperative,344,-0.17925276731858086,5.470323088549062,0.001198034415854643,-0.00019822571185078706,-0.0014215184141352921
prospective_3_canonical,canonical_p3__mobley_3047364__cluster_3water__cooperative,345,-0.8872301217745193,2.2012362299911454,0.0013906181374048199,-0.0006367565693660697,-0.0015937453337382407
prospective_3_canonical,canonical_p3__mobley_3047364__cluster_3water__cooperative,346,2.5142845601538424,3.389448655461761,0.0005927800336227307,-0.000210866932610374,-0.003088116541952049
prospective_3_canonical,canonical_p3__mobley_3047364__cluster_3water__cooperative,347,0.8276962713959459,4.415646202973983,0.000969962282867165,-0.0003268141605473772,-0.002014550858607162
prospective_3_canonical,canonical_p3__mobley_3047364__cluster_3water__cooperative,348,-1.2538873620922724,4.13450773628968,0.001395160322811062,-0.0002569046461109544,-0.001292370572117005
prospective_3_canonical,canonical_p3__mobley_3047364__cluster_3water__cooperative,349,1.187281352391388,2.82620097950193,0.0008390365236321529,-0.0005537027854230154,-0.002550804186119825
prospective_3_canonical,canonical_p3__mobley_3047364__cluster_3water__cooperative,350,-0.43146163116012504,2.764758849552415,0.0011980758812581982,-0.0006300219722313142,-0.0018493598168428929
prospective_3_canonical,canonical_p3__mobley_3047364__cluster_3water__cooperative,351,1.9535768529489574,5.6630748595652385,0.0006090658905479884,-0.00010545975093276776,-0.002042560141719901
prospective_3_canonical,canonical_p3__mobley_3047364__cluster_3water__cooperative,352,-0.2592984964045024,5.8886079337499435,0.0009052081245091159,-1.2679467842873063e-05,-0.001312980081645582
prospective_3_canonical,canonical_p3__mobley_3047364__cluster_3water__cooperative,353,2.1217877480099347,3.8307942054983823,0.0005549435628839916,-6.852468708234575e-05,-0.002457215473300584
prospective_3_canonical,canonical_p3__mobley_3047364__cluster_3water__cooperative,354,1.2538096419969142,6.507570011452132,0.0007211141520722109,-0.00015380315367362926,-0.001718637402434491
prospective_3_canonical,canonical_p3__mobley_3047364__cluster_3water__cooperative,355,-0.8604994434677615,4.118974821674539,0.0009737910646676617,2.312202609754295e-05,-0.0013491847874645703
prospective_3_canonical,canonical_p3__mobley_3047364__cluster_3water__cooperative,356,3.356065265941365,4.033083033224319,0.00038972240782508827,-0.0003170708175618679,-0.003295374416534965
prospective_3_canonical,canonical_p3__mobley_3047364__cluster_3water__cooperative,357,-1.1381607412276549,6.339281892465017,0.001097094489964645,2.8621506750511476e-05,-0.0010732319026995885
prospective_3_canonical,canonical_p3__mobley_3047364__cluster_3water__cooperative,358,0.8281092534221227,2.227358620200314,0.000777964228947603,-0.00013115746187117782,-0.002218123485356987
prospective_3_canonical,canonical_p3__mobley_3047364__cluster_3water__cooperative,359,2.4526342158198107,5.41733780429869,0.0005374831352111809,-0.0004129259067309703,-0.0024499065970875504
prospective_3_canonical,canonical_p3__mobley_3047364__cluster_3water__cooperative,360,-2.407762401950629,4.370934682664382,0.0014212940582902789,0.0007279820323015684,-0.0008902902232533172
prospective_3_canonical,canonical_p3__mobley_3047364__cluster_3water__cooperative,361,2.947668942244243,1.9920934827488543,0.0007413953253634364,0.0007480582965837493,-0.003816938361495867
prospective_3_canonical,canonical_p3__mobley_3047364__cluster_3water__cooperative,362,-0.3061020809558833,6.055489666715432,0.0009251317746430399,-0.0002131241110142055,-0.0013964701694954154
prospective_3_canonical,canonical_p3__mobley_3047364__cluster_3water__cooperative,363,-1.2163586795420906,1.8523779914266831,0.0012316420440028342,-0.00014841910396932661,-0.001514822136761119
prospective_3_canonical,canonical_p3__mobley_3047364__cluster_3water__cooperative,364,3.15701734008009,3.3800796813174747,0.00043750020843602577,-0.00056050056479603,-0.003533972919181151
prospective_3_canonical,canonical_p3__mobley_3047364__cluster_3water__cooperative,365,0.9885466831056509,4.699476528118903,0.0007297413388691609,-0.00047292861221739154,-0.0020647103003629303
prospective_3_canonical,canonical_p3__mobley_3047364__cluster_3water__cooperative,366,-1.6877751313792015,4.338012785239084,0.001165032371715391,7.5572857204432315e-06,-0.0012379584839776214
prospective_3_canonical,canonical_p3__mobley_3047364__cluster_3water__cooperative,367,1.4508703586712193,2.6559040979405486,0.0006677867157152129,-0.0006702062417679683,-0.002723259784792717
prospective_3_canonical,canonical_p3__mobley_3047364__cluster_3water__cooperative,368,-0.6303706201807263,2.576907073719745,0.0010150015477721208,-0.0004404822039100674,-0.0018474361049886756
prospective_3_canonical,canonical_p3__mobley_3047364__cluster_3water__cooperative,369,-0.29659988302882945,5.225332439961274,0.0013749251923003136,-7.911461818483413e-05,-0.0013002778463663501
prospective_3_canonical,canonical_p3__mobley_3047364__cluster_3water__cooperative,370,-1.9221070840971122,5.3910017969241135,0.0012339538114660709,0.00025904717558127715,-0.0009410120155325016
prospective_3_canonical,canonical_p3__mobley_3047364__cluster_3water__cooperative,371,-0.17303755887909955,3.879397885430683,0.001376912109307904,-0.00030894801299246845,-0.0015498556936936125
prospective_3_canonical,canonical_p3__mobley_3047364__cluster_3water__cooperative,372,-0.8106264145306397,5.8456714712855975,0.0012947057632317627,-8.399625939631267e-05,-0.0011351311491850824
prospective_3_canonical,canonical_p3__mobley_3047364__cluster_3water__cooperative,373,-2.3637300020016037,4.091086115831687,0.0012524485878273595,0.0006152141952780849,-0.00096013848166907
prospective_3_canonical,canonical_p3__mobley_3047364__cluster_3water__cooperative,374,-2.5676910787511558,5.72205242091852,0.0013337819087229086,0.0006550505164301209,-0.0008288610135987546
prospective_3_canonical,canonical_p3__mobley_3047364__cluster_3water__cooperative,375,-1.123332255520764,2.7015655727734607,0.0013069869523241184,-0.0002946163170732016,-0.001433004444250746
prospective_3_canonical,canonical_p3__mobley_3047364__cluster_3water__cooperative,376,0.06999163661087093,5.044821887018563,0.0014926100447572033,-8.245078588960025e-05,-0.0014972427970551083
prospective_3_canonical,canonical_p3__mobley_3047364__cluster_3water__cooperative,377,-3.5002997060723535,4.27616774211435,0.0013039996339737625,0.0007520502352417614,-0.0007445368648400809
prospective_3_canonical,canonical_p3__mobley_3047364__cluster_3water__cooperative,378,-1.9564874949712743,5.513587761262961,0.0012502032831798182,0.00017737488634141904,-0.0009981144165894123
prospective_3_canonical,canonical_p3__mobley_3047364__cluster_3water__cooperative,379,-2.625132774179661,2.426116839291596,0.0014557950661471253,0.0008225561049897048,-0.0010075469664435589
prospective_3_canonical,canonical_p3__mobley_3047364__cluster_3water__cooperative,380,-3.66802757987991,4.558005038620442,0.00129821203221836,0.000645341246959839,-0.0007380247758627982
prospective_3_canonical,canonical_p3__mobley_3047364__cluster_3water__cooperative,381,-1.0054800695186663,4.51750403599761,0.0012293280074300306,-0.00026551758453770573,-0.0013584386124587753
prospective_3_canonical,canonical_p3__mobley_3047364__cluster_3water__cooperative,382,-3.6667203462068136,2.7104492364728605,0.0014545311666338545,0.0007383231317632712,-0.0007682173418621094
prospective_3_canonical,canonical_p3__mobley_3047364__cluster_3water__cooperative,383,-2.9714201678130947,4.25198437301799,0.0012790064393406464,0.0005906522106744898,-0.0009294421114874203
prospective_3_canonical,canonical_p3__mobley_3047364__cluster_3water__cooperative,384,-2.2644332344946885,1.3673986250125214,0.0018858054979309369,-0.0002037588595056082,-0.0011623263272205865
prospective_3_canonical,canonical_p3__mobley_3047364__cluster_3water__cooperative,385,-0.6658719374674149,3.01636132494067,0.001285428401207156,-0.0006376527585269083,-0.0016994690688945696
prospective_3_canonical,canonical_p3__mobley_3047364__cluster_3water__cooperative,386,-3.6132783384349745,2.8544752230641777,0.001428870374230895,0.0007597875334208232,-0.0008323346664880978
prospective_3_canonical,canonical_p3__mobley_3047364__cluster_3water__cooperative,387,-2.1946847552660667,2.958332646655018,0.0013464334462709449,0.0005760930997227749,-0.0012329798651023074
prospective_3_canonical,canonical_p3__mobley_3047364__cluster_3water__cooperative,388,-2.656825705050685,1.7950994566811391,0.001638055716372877,0.00041573252907651,-0.0011031581191410184
prospective_3_canonical,canonical_p3__mobley_3047364__cluster_3water__cooperative,389,0.057851590836956346,5.695631100556017,0.001053211186574421,-6.7089685888588216e-06,-0.0013895479060330816
prospective_3_canonical,canonical_p3__mobley_3047364__cluster_3water__cooperative,390,-2.0320862391079784,5.908634559508239,0.0009730832297565328,0.00019019464063400863,-0.0009574465486979257
prospective_3_canonical,canonical_p3__mobley_3047364__cluster_3water__cooperative,391,0.21671743617232342,3.9651438161595416,0.0010530935937007602,-9.486360584738869e-05,-0.001684513244480618
prospective_3_canonical,canonical_p3__mobley_3047364__cluster_3water__cooperative,392,-0.6030396639510844,6.493209855115861,0.001000933058709963,-5.8093112923527247e-05,-0.0011955520335754349
prospective_3_canonical,canonical_p3__mobley_3047364__cluster_3water__cooperative,393,-2.599887133556612,4.237314398103689,0.0010146049639736532,0.00040474633582420475,-0.0009632470971947182
prospective_3_canonical,canonical_p3__mobley_3047364__cluster_3water__cooperative,394,-2.862122803663177,6.334271076072474,0.0010146625227371864,0.0003160713543667367,-0.0008380399789245454
prospective_3_canonical,canonical_p3__mobley_3047364__cluster_3water__cooperative,395,-1.0050900309383883,2.4507879856002552,0.0010959656660980421,-8.561042365336707e-05,-0.0015134506355883837
prospective_3_canonical,canonical_p3__mobley_3047364__cluster_3water__cooperative,396,0.5291835446594289,5.463546103915387,0.0011149219452974979,-9.840587141873427e-05,-0.0016451177102459924
prospective_3_canonical,canonical_p3__mobley_3047364__cluster_3water__cooperative,397,-4.061191038790431,4.475276489038542,0.001057597962846879,0.0005407015433486054,-0.0007305546192922204
prospective_3_canonical,canonical_p3__mobley_3047364__cluster_3water__cooperative,398,-2.0762896245176163,6.066245085086756,0.0009774690103780959,5.437145302363388e-05,-0.001029632802939308
prospective_3_canonical,canonical_p3__mobley_3047364__cluster_3water__cooperative,399,-2.9359764120712555,2.096639613980715,0.0012546310019299067,0.0006305594261216121,-0.0009809393583588974
prospective_3_canonical,canonical_p3__mobley_3047364__cluster_3water__cooperative,400,-4.27684116225729,4.837638727403515,0.0010450072876325711,0.0004506790007752224,-0.000731722423208707
prospective_3_canonical,canonical_p3__mobley_3047364__cluster_3water__cooperative,401,-0.8535657917928337,4.78556600974559,0.0009771303585905944,-0.00026399532356709076,-0.001450503825023117
prospective_3_canonical,canonical_p3__mobley_3047364__cluster_3water__cooperative,402,-4.275160433249024,2.4622098389280556,0.001269937223271289,0.0006901233460411976,-0.0007166544106180638
prospective_3_canonical,canonical_p3__mobley_3047364__cluster_3water__cooperative,403,-3.381203061028528,4.444183585914651,0.0010289253170716606,0.00031982278441067404,-0.0009413897381122949
prospective_3_canonical,canonical_p3__mobley_3047364__cluster_3water__cooperative,404,-0.41692676486979646,2.8555253812438104,0.0010500893597868988,-0.0005020567965004156,-0.001869827130507109
prospective_3_canonical,canonical_p3__mobley_3047364__cluster_3water__cooperative,405,-4.206449280399516,2.6473861074026064,0.001216952112249703,0.0006119226016411827,-0.0008057455301133869
prospective_3_canonical,canonical_p3__mobley_3047364__cluster_3water__cooperative,406,-2.3825432448966346,2.780917080590829,0.0011116020021226802,0.00018147635262933174,-0.0012793844303795668
prospective_3_canonical,canonical_p3__mobley_3047364__cluster_3water__cooperative,407,-2.976724466048286,1.285331550624413,0.001487791526284088,0.0007352148472306609,-0.0010800158988116476
prospective_3_canonical,canonical_p3__mobley_3047364__cluster_3water__cooperative,408,2.806371149857604,2.6876955684260393,0.0006261730810732669,0.00017335659114048286,-0.0033815427421248993
prospective_3_canonical,canonical_p3__mobley_3047364__cluster_3water__cooperative,409,2.9190309159941235,1.4605199451775583,0.0007697449235875009,0.000937151704818653,-0.0038849611025017806
prospective_3_canonical,canonical_p3__mobley_3047364__cluster_3water__cooperative,410,2.337699900547131,3.2532988028688044,0.0006315443670350529,0.0002404074577624069,-0.0029596890227669803
prospective_3_canonical,canonical_p3__mobley_3047364__cluster_3water__cooperative,411,0.9216348649118395,1.6535298023078864,0.0009837638798515513,-0.00037012566503850773,-0.0024790489413773972
prospective_3_canonical,canonical_p3__mobley_3047364__cluster_3water__cooperative,412,2.0525857514090764,0.3866140130489144,0.0005934162814600352,0.0002628171610445971,-0.0034724680053820726
prospective_3_canonical,canonical_p3__mobley_3047364__cluster_3water__cooperative,413,3.1406163589408607,2.523112417213567,0.0005987503771101021,-6.220301897577753e-05,-0.0039028503942051037
prospective_3_canonical,canonical_p3__mobley_3047364__cluster_3water__cooperative,414,0.683297043220082,0.1354695795801556,0.0010246027169353855,-0.00020769568404849914,-0.0026571962252852936
prospective_3_canonical,canonical_p3__mobley_3047364__cluster_3water__cooperative,415,2.1600392151168717,2.042322611870932,0.0006760051903980102,-0.0004977723141906669,-0.0033292707879376635
prospective_3_canonical,canonical_p3__mobley_3047364__cluster_3water__cooperative,416,2.4696819237518355,0.6736336694366644,0.0005541491517051522,-0.00029355575446213847,-0.004059930914659166
prospective_3_canonical,canonical_p3__mobley_3047364__cluster_3water__cooperative,417,1.0757643545824769,0.6207251686468047,0.0008970226031530526,-0.00059454105432763,-0.0030156988388421227
prospective_3_canonical,canonical_p3__mobley_3047364__cluster_3water__cooperative,418,3.1295474936764087,3.116497288380068,0.0004960886517000329,-1.9772277097656384e-05,-0.0034059990488509236
prospective_3_canonical,canonical_p3__mobley_3047364__cluster_3water__cooperative,419,1.224015942844263,3.3107063244835646,0.0008945810796310294,5.708205758021362e-05,-0.002235884910224415
prospective_3_canonical,canonical_p3__mobley_3047364__cluster_3water__cooperative,420,3.2743957644233617,1.5387000584891641,0.0005953288567421833,0.0006134828791184297,-0.004035313831393789
prospective_3_canonical,canonical_p3__mobley_3047364__cluster_3water__cooperative,421,2.526970173134372,3.8437014469493382,0.0005877837473207137,0.00015632146530992553,-0.0028799030148265606
prospective_3_canonical,canonical_p3__mobley_3047364__cluster_3water__cooperative,422,0.7063151273175681,1.7868555890852997,0.0008766869050000903,-0.00021511903526940838,-0.0022853637045600673
prospective_3_canonical,canonical_p3__mobley_3047364__cluster_3water__cooperative,423,2.160394838528301,0.15796386003805085,0.0004953665914233518,8.618851841938474e-05,-0.0034471211396829033
prospective_3_canonical,canonical_p3__mobley_3047364__cluster_3water__cooperative,424,3.5592913339263106,2.904890379678318,0.00043902541082463387,-0.00045726868167562636,-0.004093200349524727
prospective_3_canonical,canonical_p3__mobley_3047364__cluster_3water__cooperative,425,-0.626050198042679,2.003821024937665,0.0015377376129974696,-0.0011379244002109538,-0.0017391857149297054
prospective_3_canonical,canonical_p3__mobley_3047364__cluster_3water__cooperative,426,0.39988078514245157,-0.16493612585035355,0.0009915423059345674,-6.446833379229115e-05,-0.002454830572545961
prospective_3_canonical,canonical_p3__mobley_3047364__cluster_3water__cooperative,427,2.2985492918668955,2.2867320585235027,0.0005667992442679459,-0.0006478082795931931,-0.00331886272511466
prospective_3_canonical,canonical_p3__mobley_3047364__cluster_3water__cooperative,428,-0.006061159495061155,1.9754716132658812,0.001223227039787833,-0.0007675482144660948,-0.002169477600257296
prospective_3_canonical,canonical_p3__mobley_3047364__cluster_3water__cooperative,429,2.696661345826134,0.5269891325365864,0.0004359951433301479,-0.0007091142202675749,-0.004228135888517218
prospective_3_canonical,canonical_p3__mobley_3047364__cluster_3water__cooperative,430,0.9044816140369596,0.45896391723533847,0.0008224420522657816,-0.0005918404638311898,-0.0029056905168639503
prospective_3_canonical,canonical_p3__mobley_3047364__cluster_3water__cooperative,431,6.609705147879532,-0.47684565923439665,-0.004996284858345135,-0.007877604528124084,-0.014481591501154105
prospective_3_canonical,canonical_p3__mobley_3047364__cluster_3water__cooperative,432,6.866389820840348,-2.2528982704083846,-0.005705336986101095,-0.009872563206585944,-0.01696927840603012
prospective_3_canonical,canonical_p3__mobley_3047364__cluster_3water__cooperative,433,5.179249290292135,-0.14595210094423344,-0.0013847273256533121,-0.0041474805994473965,-0.009442084856369066
prospective_3_canonical,canonical_p3__mobley_3047364__cluster_3water__cooperative,434,6.974940841940416,-1.533201723002434,-0.004624563801916004,-0.007901357374888063,-0.016156056907223666
prospective_3_canonical,canonical_p3__mobley_3047364__cluster_3water__cooperative,435,5.988111224994979,-2.944749499646734,-0.0028355266622668296,-0.005678718444982488,-0.012174908570053027
prospective_3_canonical,canonical_p3__mobley_3047364__cluster_3water__cooperative,436,5.850548649435152,-0.8490700246609524,-0.0020716509289306906,-0.004826666365766795,-0.010768280858106265
prospective_3_canonical,canonical_p3__mobley_3047364__cluster_3water__cooperative,437,6.658919190799126,-2.577583662226054,-0.003280547717531501,-0.006955827194505208,-0.014314083442739515
prospective_3_canonical,canonical_p3__mobley_3047364__cluster_3water__cooperative,438,4.462826227109673,-1.0364956691171543,-0.00030522996196813423,-0.002431195045206204,-0.007698608022200633
prospective_3_canonical,canonical_p3__mobley_3047364__cluster_3water__cooperative,439,4.961875827099137,-3.072673844179837,-0.0007691803230414074,-0.002942728840100141,-0.008865546426635776
prospective_3_canonical,canonical_p3__mobley_3047364__cluster_3water__cooperative,440,6.090272036765447,-1.9087001736423208,-0.0020821893056170993,-0.004943527844019392,-0.011291936949138357
prospective_3_canonical,canonical_p3__mobley_3047364__cluster_3water__cooperative,441,4.009749871376582,-2.0229727161433746,1.5452463840492925e-05,-0.0016873014917640123,-0.006995174116311564
prospective_3_canonical,canonical_p3__mobley_3047364__cluster_3water__cooperative,442,5.701112502418413,-3.081145335230976,-0.001552136251120384,-0.004173517627863481,-0.010393047168555184
prospective_3_canonical,canonical_p3__mobley_3047364__cluster_3water__cooperative,443,5.011110047731105,-1.9496615936086639,-0.000732848474084502,-0.0029051019582325573,-0.00847272889632855
prospective_3_canonical,canonical_p3__mobley_3047364__cluster_3water__cooperative,444,4.6848929067066685,-2.770767374766696,-0.00040789232761939687,-0.0023370823696033842,-0.007964312145432502
prospective_3_canonical,canonical_p3__mobley_3047364__cluster_3water__cooperative,445,6.933840612384396,-0.18127562377781448,-0.003991209930207518,-0.007334031114822187,-0.014666007928476074
prospective_3_canonical,canonical_p3__mobley_3047364__cluster_3water__cooperative,446,7.263863763334017,-2.4647718381443715,-0.004569909226998625,-0.010018315021382573,-0.01830537050036412
prospective_3_canonical,canonical_p3__mobley_3047364__cluster_3water__cooperative,447,5.094683081200599,0.24415895116668052,-0.0010038763488311453,-0.003285967024157705,-0.008575736847001898
prospective_3_canonical,canonical_p3__mobley_3047364__cluster_3water__cooperative,448,4.487845348809795,-2.5579154990258184,-7.584699273488482e-05,-0.001429159426696649,-0.007815818615673622
prospective_3_canonical,canonical_p3__mobley_3047364__cluster_3water__cooperative,449,7.403429361891249,-1.5394477057652913,-0.0036807439027226607,-0.007674907840557339,-0.017180521939096034
prospective_3_canonical,canonical_p3__mobley_3047364__cluster_3water__cooperative,450,6.134648425818542,-3.3542948471651064,-0.0023340572887464717,-0.004968230265110969,-0.011742587614671667
prospective_3_canonical,canonical_p3__mobley_3047364__cluster_3water__cooperative,451,5.957782257241623,-0.6598498078976719,-0.0016792478606904027,-0.004577872524819995,-0.010148852507065875
prospective_3_canonical,canonical_p3__mobley_3047364__cluster_3water__cooperative,452,6.9971158104238755,-2.8822244847670886,-0.0026684623894346338,-0.007068465849784615,-0.014667393103892912
prospective_3_canonical,canonical_p3__mobley_3047364__cluster_3water__cooperative,453,4.173567714251721,-0.9008256364842175,-0.00024445224200420057,-0.0021746267036039436,-0.006787937478690206
prospective_3_canonical,canonical_p3__mobley_3047364__cluster_3water__cooperative,454,4.815202914238173,-3.518769004421954,-0.0007120443684209832,-0.0025551010186875382,-0.007979829494428124
prospective_3_canonical,canonical_p3__mobley_3047364__cluster_3water__cooperative,455,6.265998040952001,-2.022231428016575,-0.0017124901372649326,-0.004917929736405029,-0.010816620936426456
prospective_3_canonical,canonical_p3__mobley_3047364__cluster_3water__cooperative,456,3.5910409711663176,-2.1691532683750725,-3.920314333338837e-05,-0.0014704423594145903,-0.006068195748701275
prospective_3_canonical,canonical_p3__mobley_3047364__cluster_3water__cooperative,457,5.7656500682201015,-3.529660921487703,-0.001323163799226812,-0.004023783934179125,-0.009750175541709441
prospective_3_canonical,canonical_p3__mobley_3047364__cluster_3water__cooperative,458,4.878504055050704,-2.0748961108304442,-0.0006519677844365468,-0.002884989659467021,-0.0076521622890485174
prospective_3_canonical,canonical_p3__mobley_3047364__cluster_3water__cooperative,459,4.459082016590714,-3.130603543747914,-0.00041046617642948036,-0.0022691579156076435,-0.007092841478565583
prospective_3_canonical,canonical_p3__mobley_3047364__cluster_3water__cooperative,460,6.278417854512988,-0.3187363647810417,-0.0038168349121066036,-0.004933247008362865,-0.01188358729602494
prospective_3_canonical,canonical_p3__mobley_3047364__cluster_3water__cooperative,461,5.1310010067000835,-0.20179328927786155,-0.0012083003645102508,-0.0024103714185422327,-0.008394977741548347
prospective_3_canonical,canonical_p3__mobley_3047364__cluster_3water__cooperative,462,6.3656383186186805,-1.26880781503793,-0.0031648769457657266,-0.0032537237470542345,-0.011111801168467035
prospective_3_canonical,canonical_p3__mobley_3047364__cluster_3water__cooperative,463,4.819267182296912,-1.1193808288725153,-0.0007318320743956441,-0.0012052786786317618,-0.0072241225724624355
prospective_3_canonical,canonical_p3__mobley_3047364__cluster_3water__cooperative,464,7.0056340686572,-1.1639173117726296,-0.0063271886161597735,-0.00626653414230702,-0.016057919550853804
prospective_3_canonical,canonical_p3__mobley_3047364__cluster_3water__cooperative,465,5.694842062165741,-2.1002188592665574,-0.0017590965147782356,-0.001845378350732133,-0.008731039399345124
prospective_3_canonical,canonical_p3__mobley_3047364__cluster_3water__cooperative,466,4.016982685305797,-0.98873497502593,-3.698321389533632e-05,-0.0009906908650855958,-0.006482904543495868
prospective_3_canonical,canonical_p3__mobley_3047364__cluster_3water__cooperative,467,6.793873011925359,-2.2222081897969446,-0.004174827132909176,-0.004853791330356193,-0.013978381883457349
prospective_3_canonical,canonical_p3__mobley_3047364__cluster_3water__cooperative,468,4.63474757840652,-2.2946532593714037,-0.0005388770861012304,-0.0008872462962798916,-0.0069004368343422925
prospective_3_canonical,canonical_p3__mobley_3047364__cluster_3water__cooperative,469,5.915594416079989,-2.914059419035294,-0.0021353169000271066,-0.0029422327383868754,-0.010037698350160893
prospective_3_canonical,canonical_p3__mobley_3047364__cluster_3water__cooperative,470,3.899509292269706,-2.0939480378316873,3.344168233354594e-05,-0.0007419494971162989,-0.006370023812943224
prospective_3_canonical,canonical_p3__mobley_3047364__cluster_3water__cooperative,471,6.586402381884137,-2.5468935816146137,-0.004749410358038109,-0.007646532197601367,-0.014899928194789438
prospective_3_canonical,canonical_p3__mobley_3047364__cluster_3water__cooperative,472,4.889359018184147,-3.0419837635683975,-0.0007939739237712296,-0.0017741776649935958,-0.00788723526103688
prospective_3_canonical,canonical_p3__mobley_3047364__cluster_3water__cooperative,473,5.628595693503424,-3.0504552546195356,-0.0020423862346525823,-0.004251474511204387,-0.01062299953580112
prospective_3_canonical,canonical_p3__mobley_3047364__cluster_3water__cooperative,474,4.612376097791679,-2.740077294155255,-0.00026927406501764395,-0.0022458067171613927,-0.008270186301628075
prospective_3_canonical,canonical_p3__mobley_3047364__cluster_3water__cooperative,475,6.528618894888837,0.013239160344657996,-0.003047011506913666,-0.004176167082032255,-0.011513340291212114
prospective_3_canonical,canonical_p3__mobley_3047364__cluster_3water__cooperative,476,5.05336866198653,0.1635945431344612,-0.0009104204399204008,-0.0017465116168139555,-0.00750269101084971
prospective_3_canonical,canonical_p3__mobley_3047364__cluster_3water__cooperative,477,6.640759491596155,-1.2082812756999126,-0.002526795869389531,-0.0025415983244438172,-0.010574420254194127
prospective_3_canonical,canonical_p3__mobley_3047364__cluster_3water__cooperative,478,4.652568030611025,-1.0161608649158076,-0.0006166498929003339,-0.000976977393030779,-0.0063061426322268445
prospective_3_canonical,canonical_p3__mobley_3047364__cluster_3water__cooperative,479,5.778307161870948,-2.277238332565291,-0.0014470452125654454,-0.0014675593318125135,-0.007868861437840765
prospective_3_canonical,canonical_p3__mobley_3047364__cluster_3water__cooperative,480,3.6210593916224467,-0.8481876242559125,-1.978183371775799e-05,-0.0006852381018351463,-0.00555275553459443
prospective_3_canonical,canonical_p3__mobley_3047364__cluster_3water__cooperative,481,7.191346954419027,-2.4340817575329305,-0.0033241986557626113,-0.004146993162296393,-0.014372460037760831
prospective_3_canonical,canonical_p3__mobley_3047364__cluster_3water__cooperative,482,4.415328539894806,-2.5272254184143783,-0.0004954076183989464,-0.0008141461603915516,-0.005997037940885903
prospective_3_canonical,canonical_p3__mobley_3047364__cluster_3water__cooperative,483,6.062131616903553,-3.3236047665536663,-0.0017522065337476356,-0.002552700377947347,-0.009380519641712184
prospective_3_canonical,canonical_p3__mobley_3047364__cluster_3water__cooperative,484,3.4700221720046165,-2.2691758478633144,-2.7786895505865772e-05,-0.000557421413849118,-0.005469248580936663
prospective_3_canonical,canonical_p3__mobley_3047364__cluster_3water__cooperative,485,6.924599001508886,-2.8515344041556485,-0.0038077517364465407,-0.007501259770386123,-0.015660757679156836
prospective_3_canonical,canonical_p3__mobley_3047364__cluster_3water__cooperative,486,4.742686105323184,-3.488078923810513,-0.0007114714857712201,-0.001603144351992303,-0.007040623156232194
prospective_3_canonical,canonical_p3__mobley_3047364__cluster_3water__cooperative,487,5.693133259305112,-3.4989708408762628,-0.001687739806749633,-0.003843057110447739,-0.010098432322468303
prospective_3_canonical,canonical_p3__mobley_3047364__cluster_3water__cooperative,488,4.386565207675725,-3.0999134631364735,-0.0003133325691107025,-0.0018741715009200368,-0.007432152670975132
prospective_3_canonical,canonical_p3__mobley_3047364__cluster_3water__cooperative,489,7.234333374159672,0.8981452819093705,-0.0032956467912543808,-0.006479133916931175,-0.013772707270136214
prospective_3_canonical,canonical_p3__mobley_3047364__cluster_3water__cooperative,490,6.0869165263467675,1.0150883574125515,-0.0019753645648261653,-0.004221807058842603,-0.010382706400102916
prospective_3_canonical,canonical_p3__mobley_3047364__cluster_3water__cooperative,491,7.321553838265363,-0.051926168347518065,-0.004545131801339863,-0.006525179040918649,-0.015406933343460726
prospective_3_canonical,canonical_p3__mobley_3047364__cluster_3water__cooperative,492,6.871491116628983,1.3360316569618336,-0.0025310141074021963,-0.0059051974646637685,-0.012317317530300523
prospective_3_canonical,canonical_p3__mobley_3047364__cluster_3water__cooperative,493,5.775182701943596,0.0975008178178971,-0.0024828275962982538,-0.004252127287932133,-0.010411804317553454
prospective_3_canonical,canonical_p3__mobley_3047364__cluster_3water__cooperative,494,7.961549588303883,0.052964334917783074,-0.005088150150904802,-0.011370903777719023,-0.019604875574633307
prospective_3_canonical,canonical_p3__mobley_3047364__cluster_3water__cooperative,495,5.631210177179206,1.2487711508203672,-0.0013492091873761325,-0.004152843984890992,-0.009541537323959284
prospective_3_canonical,canonical_p3__mobley_3047364__cluster_3water__cooperative,496,6.6507575818124245,-0.883337212576145,-0.0055702157821380105,-0.005981936451959461,-0.013919195866803506
prospective_3_canonical,canonical_p3__mobley_3047364__cluster_3water__cooperative,497,7.493103858611225,0.7707260680674566,-0.00380575522183646,-0.008311488051416321,-0.01566946076056791
prospective_3_canonical,canonical_p3__mobley_3047364__cluster_3water__cooperative,498,6.0626480010238275,1.1016196263576195,-0.002021095553416785,-0.005058025154122365,-0.01076610485902242
prospective_3_canonical,canonical_p3__mobley_3047364__cluster_3water__cooperative,499,6.871509935726674,-1.6971777723448813,-0.0073935402089366775,-0.0091865400543748,-0.01679125987077839
prospective_3_canonical,canonical_p3__mobley_3047364__cluster_3water__cooperative,500,6.733947360166846,0.3985017026409008,-0.0035610056856065775,-0.006933851895436461,-0.013495493361340045
prospective_3_canonical,canonical_p3__mobley_3047364__cluster_3water__cooperative,501,6.973670747497141,-0.6611284463404679,-0.0054368004466196496,-0.008302640405896199,-0.016128781307180894
prospective_3_canonical,canonical_p3__mobley_3047364__cluster_3water__cooperative,502,7.48453441453552,1.2301208070350702,-0.0024923806699068685,-0.005573283318324449,-0.01289618394416751
prospective_3_canonical,canonical_p3__mobley_3047364__cluster_3water__cooperative,503,6.009284181633213,1.3804761898248743,-0.0014104417325069285,-0.0031888809169242785,-0.009101503920241893
prospective_3_canonical,canonical_p3__mobley_3047364__cluster_3water__cooperative,504,7.596675011242838,0.008600370990500483,-0.003396433642156804,-0.005242334816093679,-0.01475280591343183
prospective_3_canonical,canonical_p3__mobley_3047364__cluster_3water__cooperative,505,7.0180229405674925,1.7931175749596666,-0.0019045564281903182,-0.005123635667323901,-0.01127698058140096
prospective_3_canonical,canonical_p3__mobley_3047364__cluster_3water__cooperative,506,5.608483550257709,0.20072078177460528,-0.0017165857278427232,-0.002926413378567454,-0.009073649503685078
prospective_3_canonical,canonical_p3__mobley_3047364__cluster_3water__cooperative,507,8.419526689863792,0.1434595894744577,-0.00401349352153435,-0.011763647716139268,-0.02071603321759633
prospective_3_canonical,canonical_p3__mobley_3047364__cluster_3water__cooperative,508,5.4233760184177795,1.6809254956349235,-0.0007883712823577582,-0.0029510500495219315,-0.00823443816247026
prospective_3_canonical,canonical_p3__mobley_3047364__cluster_3water__cooperative,509,6.734222681517631,-1.060356685874878,-0.004021170638140337,-0.004105286627716713,-0.01286419314004228
prospective_3_canonical,canonical_p3__mobley_3047364__cluster_3water__cooperative,510,7.817239323116089,1.0662961035240386,-0.0028682881271264726,-0.007801349885718905,-0.015289691349949525
prospective_3_canonical,canonical_p3__mobley_3047364__cluster_3water__cooperative,511,5.978081791932293,1.4917306784685334,-0.0014151457034410342,-0.004107650134620598,-0.009568945885599433
prospective_3_canonical,canonical_p3__mobley_3047364__cluster_3water__cooperative,512,7.018047136550236,-2.106723119863254,-0.005308657494401459,-0.007004920375360422,-0.016426131701153916
prospective_3_canonical,canonical_p3__mobley_3047364__cluster_3water__cooperative,513,6.841180967973317,0.587721919404181,-0.002606625853834199,-0.006147636442334597,-0.012602312552065509
prospective_3_canonical,canonical_p3__mobley_3047364__cluster_3water__cooperative,514,7.149396751683696,-0.774659700714722,-0.003927223327194085,-0.007348342906450611,-0.01572701246327947
prospective_3_canonical,canonical_p3__mobley_3047364__cluster_3water__cooperative,515,6.649048778951795,-2.28208919418585,-0.00531159110581747,-0.009011751300696693,-0.01576923209491454
prospective_3_canonical,canonical_p3__mobley_3047364__cluster_3water__cooperative,516,5.7619027657823985,-0.8273243835285913,-0.002519686522845621,-0.005210916929670107,-0.011246560617632354
prospective_3_canonical,canonical_p3__mobley_3047364__cluster_3water__cooperative,517,5.10514709567321,1.88617089320367,-0.0003010796413822625,-0.0010701591717689309,-0.006427612429177117
prospective_3_canonical,canonical_p3__mobley_3047364__cluster_3water__cooperative,518,3.957730247860305,2.0031139687068498,0.0004483395931824674,0.00040345760297712935,-0.004593780819032788
prospective_3_canonical,canonical_p3__mobley_3047364__cluster_3water__cooperative,519,5.192367559778902,0.9360994429467806,-0.0007381215296304866,-0.001488542147822242,-0.007162494065496395
prospective_3_canonical,canonical_p3__mobley_3047364__cluster_3water__cooperative,520,4.7423048381425215,2.3240572682561327,0.0001025164009327284,-0.0007547164062256886,-0.005825476269492821
prospective_3_canonical,canonical_p3__mobley_3047364__cluster_3water__cooperative,521,3.645996423457134,1.0855264291121958,0.00041262554337495594,0.00042514884767542473,-0.004555289941829775
prospective_3_canonical,canonical_p3__mobley_3047364__cluster_3water__cooperative,522,5.8323633098174215,1.0409899462120817,-0.0016201639250725819,-0.003618335752025713,-0.009588257324004033
prospective_3_canonical,canonical_p3__mobley_3047364__cluster_3water__cooperative,523,3.502023898692745,2.236796762114666,0.0007410554849662798,0.0006618308559020106,-0.00423567332923847
prospective_3_canonical,canonical_p3__mobley_3047364__cluster_3water__cooperative,524,4.521571303325962,0.10468839871815305,-0.00037483432734752853,-0.0009611074681307679,-0.006412227743439899
prospective_3_canonical,canonical_p3__mobley_3047364__cluster_3water__cooperative,525,5.363917580124764,1.7587516793617552,-0.0006748554265150197,-0.002711959094389348,-0.007971424794749011
prospective_3_canonical,canonical_p3__mobley_3047364__cluster_3water__cooperative,526,2.8437119264660176,1.2161722829587815,0.0007575006218782931,0.0009359582722615865,-0.003913492094974548
prospective_3_canonical,canonical_p3__mobley_3047364__cluster_3water__cooperative,527,3.933461722537367,2.089645237651918,0.000794200269225831,0.00028627637025600014,-0.00506230065219706
prospective_3_canonical,canonical_p3__mobley_3047364__cluster_3water__cooperative,528,3.461476819566742,-0.0897460013866922,0.0002671608335653719,-0.00010417968064215747,-0.005032245781664106
prospective_3_canonical,canonical_p3__mobley_3047364__cluster_3water__cooperative,529,5.355348136049059,2.21814641832937,-0.000428535352622994,-0.0013504235916399665,-0.0062099726394543265
prospective_3_canonical,canonical_p3__mobley_3047364__cluster_3water__cooperative,530,3.8800979031467526,2.3685018011191734,0.00029106861919414584,-3.7054262014657165e-05,-0.00416691464829899
prospective_3_canonical,canonical_p3__mobley_3047364__cluster_3water__cooperative,531,5.467488732756378,0.9966259822847989,-0.0008693980654346234,-0.0015973084111343423,-0.007049347899936858
prospective_3_canonical,canonical_p3__mobley_3047364__cluster_3water__cooperative,532,4.888836662081031,2.7811431862539653,-4.5430736187235254e-05,-0.0010866626290387568,-0.00553669349591508
prospective_3_canonical,canonical_p3__mobley_3047364__cluster_3water__cooperative,533,3.4792972717712463,1.1887463930689033,0.00026672686221962394,6.750909544054825e-05,-0.004108222535767434
prospective_3_canonical,canonical_p3__mobley_3047364__cluster_3water__cooperative,534,6.290340411377331,1.1314852007687561,-0.0019402786925315496,-0.0040021264071404775,-0.010281833905393304
prospective_3_canonical,canonical_p3__mobley_3047364__cluster_3water__cooperative,535,3.294189739931318,2.668951106929222,0.0005791280237450458,0.00019296705537321507,-0.003789112195053398
prospective_3_canonical,canonical_p3__mobley_3047364__cluster_3water__cooperative,536,4.6050364030311695,-0.07233107458058008,-0.0004957248069583642,-0.0009601721509946816,-0.0061227372313954
prospective_3_canonical,canonical_p3__mobley_3047364__cluster_3water__cooperative,537,5.688053044629629,2.0543217148183377,-0.0008155053681728752,-0.0029411053349152963,-0.008113984885322717
prospective_3_canonical,canonical_p3__mobley_3047364__cluster_3water__cooperative,538,2.447788632782668,1.3567196337287992,0.0006375772056779194,0.0004067453993785464,-0.003455045718412974
prospective_3_canonical,canonical_p3__mobley_3047364__cluster_3water__cooperative,539,3.8488955134458323,2.4797562897628325,0.0005715599386493242,-9.305874844347368e-05,-0.004663168450439645
prospective_3_canonical,canonical_p3__mobley_3047364__cluster_3water__cooperative,540,3.2420577810550277,-0.32231816042966677,0.00017531337304688144,-0.00020967958532674947,-0.004587259126674801
prospective_3_canonical,canonical_p3__mobley_3047364__cluster_3water__cooperative,541,5.177282298549527,1.855203232329803,-0.00042487425054682504,-0.0022945308237904056,-0.00748030119092609
prospective_3_canonical,canonical_p3__mobley_3047364__cluster_3water__cooperative,542,4.029865450736622,1.972146307832984,0.0008526242039599286,0.0003907981505926292,-0.005280518883583106
prospective_3_canonical,canonical_p3__mobley_3047364__cluster_3water__cooperative,543,4.814440041018839,2.2930896073822664,3.3715406111411994e-05,-0.001278735796931512,-0.00618441494461604
prospective_3_canonical,canonical_p3__mobley_3047364__cluster_3water__cooperative,544,5.904498512693739,1.010022285338216,-0.001981172839500278,-0.0051131721461589105,-0.010730360856630414
prospective_3_canonical,canonical_p3__mobley_3047364__cluster_3water__cooperative,545,3.574159101569063,2.2058291012408002,0.0007234028940041881,0.00028982508740270927,-0.004533400801709758
prospective_3_canonical,canonical_p3__mobley_3047364__cluster_3water__cooperative,546,5.436052783001082,1.7277840184878897,-0.000663171122579076,-0.0026390203560468966,-0.007766927332437014
prospective_3_canonical,canonical_p3__mobley_3047364__cluster_3water__cooperative,547,4.005596925413685,2.0586775767780523,0.0004410369451681717,-0.0003569543032158906,-0.005056240280320434
prospective_3_canonical,canonical_p3__mobley_3047364__cluster_3water__cooperative,548,5.801288477061967,0.6714279547198522,-0.0018392549393424495,-0.0046101800747183775,-0.010154939368168449
prospective_3_canonical,canonical_p3__mobley_3047364__cluster_3water__cooperative,549,4.676896284556703,1.3555596530613336,-0.00012057815808264039,-0.001549805329279577,-0.006376151699617192
prospective_3_canonical,canonical_p3__mobley_3047364__cluster_3water__cooperative,550,3.2891738622312237,1.1681340086051315,0.0006048194067922452,-8.537515610061518e-05,-0.004676958841380853
prospective_3_canonical,canonical_p3__mobley_3047364__cluster_3water__cooperative,551,4.9166196718869974,0.295929504079965,-0.0006552760338598418,-0.002699563427792289,-0.007719257065338904
prospective_3_canonical,canonical_p3__mobley_3047364__cluster_3water__cooperative,552,2.836097506498132,0.18165696157891134,0.0006307221097996418,9.714101221892858e-05,-0.004735253978417667
prospective_3_canonical,canonical_p3__mobley_3047364__cluster_3water__cooperative,553,3.8374576828526554,0.25496808411362215,0.00016217366237691877,-0.0011762423394133677,-0.005794960884698173
prospective_3_canonical,canonical_p3__mobley_3047364__cluster_3water__cooperative,554,3.511240541828219,-0.5661376970444101,4.712510506266199e-06,-0.001444745151969515,-0.005969600774352906
prospective_3_canonical,canonical_p3__mobley_3047364__cluster_3water__cooperative,555,5.427483338925377,2.1871787574555035,-0.0005308412916136263,-0.0023294083494063075,-0.007370910936489183
prospective_3_canonical,canonical_p3__mobley_3047364__cluster_3water__cooperative,556,3.95223310602307,2.337534140245307,0.0006318344710249946,0.00017607198818673077,-0.00480796802898768
prospective_3_canonical,canonical_p3__mobley_3047364__cluster_3water__cooperative,557,5.539623935632695,0.9656583214109324,-0.0014605810012664477,-0.003977943781638999,-0.009466993719882551
prospective_3_canonical,canonical_p3__mobley_3047364__cluster_3water__cooperative,558,4.960971864957348,2.750175525380099,-9.242709744805566e-05,-0.00156341036174113,-0.005878318217672896
prospective_3_canonical,canonical_p3__mobley_3047364__cluster_3water__cooperative,559,6.36247561425365,1.1005175398948908,-0.0024725242523837565,-0.005704384970382132,-0.011732146476227683
prospective_3_canonical,canonical_p3__mobley_3047364__cluster_3water__cooperative,560,3.3663249428076356,2.637983446055357,0.0005652785888152767,-0.00010292800406880412,-0.0040529780634386975
prospective_3_canonical,canonical_p3__mobley_3047364__cluster_3water__cooperative,561,5.760188247505945,2.0233540539444714,-0.0007570432159162976,-0.0030066417250934133,-0.00776356322870711
prospective_3_canonical,canonical_p3__mobley_3047364__cluster_3water__cooperative,562,3.9210307163221496,2.448788628888966,0.00030027056874315505,-0.0008129224038252482,-0.004645343388066265
prospective_3_canonical,canonical_p3__mobley_3047364__cluster_3water__cooperative,563,6.229776997012798,0.6651819719569948,-0.0020905565358542155,-0.005115881402346792,-0.01090523887599239
prospective_3_canonical,canonical_p3__mobley_3047364__cluster_3water__cooperative,564,4.784129892363173,1.5447798698246138,-0.00022581056534454191,-0.001959365678375285,-0.006113469499965454
prospective_3_canonical,canonical_p3__mobley_3047364__cluster_3water__cooperative,565,2.999915349373271,1.303804041238068,0.0004784210591859406,-0.0005475477944051166,-0.004239306291878885
prospective_3_canonical,canonical_p3__mobley_3047364__cluster_3water__cooperative,566,5.092345676073552,0.1823982497057108,-0.0007424683794137188,-0.0029864700490683928,-0.007677005653824767
prospective_3_canonical,canonical_p3__mobley_3047364__cluster_3water__cooperative,567,3.704851690172254,0.12973356689184168,6.383153397915287e-05,-0.0014521389105813533,-0.0054338779009989215
prospective_3_canonical,canonical_p3__mobley_3047364__cluster_3water__cooperative,568,3.2854296517122643,-0.9259738660256283,3.592181958089746e-05,-0.0013945525561104037,-0.0055708439656463994
prospective_3_canonical,canonical_p3__mobley_3047364__cluster_3water__cooperative,569,3.9859841089549803,-1.5126831767766422,0.00011643254791016133,-0.000986087237967048,-0.006777723524247767
prospective_3_canonical,canonical_p3__mobley_3047364__cluster_3water__cooperative,570,2.4396129726332125,-1.363256190611227,0.00034761476448852413,-0.0002028406662982024,-0.0042183115425365614
prospective_3_canonical,canonical_p3__mobley_3047364__cluster_3water__cooperative,571,3.3151878525020404,-2.3440942210052693,-6.411471644707234e-06,-0.00045683965404616283,-0.00521543961908953
prospective_3_canonical,canonical_p3__mobley_3047364__cluster_3water__cooperative,572,4.414218802261658,-2.4660835515356556,6.630520441452958e-05,-0.0015782975763362107,-0.007857807864494082
prospective_3_canonical,canonical_p3__mobley_3047364__cluster_3water__cooperative,573,2.2550933687428194,-2.5385286211101152,0.00031480736388656005,0.00014464672699714544,-0.003963996318483428
prospective_3_canonical,canonical_p3__mobley_3047364__cluster_3water__cooperative,574,3.5359402064162886,-3.1579347807740055,-7.974329782367562e-05,-0.0005592803631906505,-0.005576801523803879
prospective_3_canonical,canonical_p3__mobley_3047364__cluster_3water__cooperative,575,1.5198550826060062,-2.3378233995703983,0.0005863585540546445,0.00034475092792438187,-0.003432745764305764
prospective_3_canonical,canonical_p3__mobley_3047364__cluster_3water__cooperative,576,4.206748172220437,-2.790768943353325,-8.69372814435998e-05,-0.0016539736515996015,-0.007289977062577245
prospective_3_canonical,canonical_p3__mobley_3047364__cluster_3water__cooperative,577,2.509704808520447,-3.2858591253071086,0.0002105466903543629,0.00013091914731217153,-0.004249724152830585
prospective_3_canonical,canonical_p3__mobley_3047364__cluster_3water__cooperative,578,3.638101018186758,-2.121885454769592,-4.236822333680834e-05,-0.00149138368724598,-0.006200748187286222
prospective_3_canonical,canonical_p3__mobley_3047364__cluster_3water__cooperative,579,3.2489414838397237,-3.2943306163582475,3.89441470249885e-06,-0.0005756304648731685,-0.005266398753921696
prospective_3_canonical,canonical_p3__mobley_3047364__cluster_3water__cooperative,580,2.5589390291524157,-2.162846874735935,0.00026358610744536826,-0.0006597628345780674,-0.0045929901965043336
prospective_3_canonical,canonical_p3__mobley_3047364__cluster_3water__cooperative,581,2.232721888127979,-2.983952655893967,0.0003284853612242067,-5.957750915635781e-06,-0.004111795873092867
prospective_3_canonical,canonical_p3__mobley_3047364__cluster_3water__cooperative,582,4.261105281932455,-1.452156637438624,9.228806758487806e-05,-0.0006279516256699746,-0.007021116499236929
prospective_3_canonical,canonical_p3__mobley_3047364__cluster_3water__cooperative,583,2.2729138209473247,-1.260036226654519,0.00037282585614883956,-0.00012796843447201414,-0.0038873377864483247
prospective_3_canonical,canonical_p3__mobley_3047364__cluster_3water__cooperative,584,3.398652952207247,-2.5211136943040025,-6.336077049295952e-05,-0.0005019303069577947,-0.00503211245738599
prospective_3_canonical,canonical_p3__mobley_3047364__cluster_3water__cooperative,585,4.811692744755327,-2.677957119271642,-0.0004937329517913369,-0.0020997333084691837,-0.008588633969893778
prospective_3_canonical,canonical_p3__mobley_3047364__cluster_3water__cooperative,586,2.0356743302311053,-2.77110078015309,0.00029941719771553466,-1.1325107244485716e-05,-0.0036272798557302095
prospective_3_canonical,canonical_p3__mobley_3047364__cluster_3water__cooperative,587,3.682477407239852,-3.567480128292378,-0.00019848992765103546,-0.0008618915819877122,-0.005500389504315025
prospective_3_canonical,canonical_p3__mobley_3047364__cluster_3water__cooperative,588,3.5056112386629326,-0.873035089024943,-2.039714933710357e-05,-0.0015674429159403206,-0.005894679278144287
prospective_3_canonical,canonical_p3__mobley_3047364__cluster_3water__cooperative,589,1.0903679623409166,-2.513051209602026,0.0007196333841521518,0.00023090062683064569,-0.003047775272591439
prospective_3_canonical,canonical_p3__mobley_3047364__cluster_3water__cooperative,590,4.544944791845185,-3.0954097658943596,-0.0003779979493603314,-0.002206577052028905,-0.007768970740015108
prospective_3_canonical,canonical_p3__mobley_3047364__cluster_3water__cooperative,591,1.721396695673031,-1.1140109176114887,0.000601312570036594,-0.00042169019920859467,-0.003755926481077089
prospective_3_canonical,canonical_p3__mobley_3047364__cluster_3water__cooperative,592,2.363031895659484,-3.7319542855492247,0.00016839619009290097,-0.00019520719140822204,-0.0039614193312078215
prospective_3_canonical,canonical_p3__mobley_3047364__cluster_3water__cooperative,593,3.8138270223733124,-2.235416709143846,-9.96433557811649e-05,-0.001721559609717318,-0.006279975937606373
prospective_3_canonical,canonical_p3__mobley_3047364__cluster_3water__cooperative,594,1.1388699525876278,-2.382338549502343,0.0007348696886666506,9.277798920772989e-06,-0.0031929546351958243
prospective_3_canonical,canonical_p3__mobley_3047364__cluster_3water__cooperative,595,3.313479049641411,-3.7428462026149742,-7.901023319356604e-05,-0.0009722710118293867,-0.005147049763383126
prospective_3_canonical,canonical_p3__mobley_3047364__cluster_3water__cooperative,596,2.4263330364720144,-2.288081391957715,0.00025085608177732865,-0.000844841961710427,-0.004356565124151559
prospective_3_canonical,canonical_p3__mobley_3047364__cluster_3water__cooperative,597,2.0069109980120245,-3.3437888248751855,0.0003097722920413215,-0.00031763036682842414,-0.003818479721794598
prospective_3_canonical,canonical_p3__mobley_3047364__cluster_3water__cooperative,598,-0.29084939208581506,-2.0325700126726134,0.0011541388863436364,0.00039519123432418455,-0.002124174624354196
prospective_3_canonical,canonical_p3__mobley_3047364__cluster_3water__cooperative,599,-1.837220528407583,-1.8831430265071982,0.0012910971270558846,-0.000141490023203458,-0.001372785619032243
prospective_3_canonical,canonical_p3__mobley_3047364__cluster_3water__cooperative,600,-0.9616456485387548,-2.863981056901241,0.0009825049091833904,0.0004264283610704142,-0.0017792414962438615
prospective_3_canonical,canonical_p3__mobley_3047364__cluster_3water__cooperative,601,0.13738530122086334,-2.9859703874316272,0.0009209317403116035,0.000451497231837737,-0.002386041402206037
prospective_3_canonical,canonical_p3__mobley_3047364__cluster_3water__cooperative,602,-2.021740132297976,-3.0584154570060864,0.0010815462232613982,0.00030024113646686193,-0.0013448669986566124
prospective_3_canonical,canonical_p3__mobley_3047364__cluster_3water__cooperative,603,-0.7408932946245064,-3.6778216166699766,0.0008399933008773619,0.0005644910041274273,-0.0019139136970015257
prospective_3_canonical,canonical_p3__mobley_3047364__cluster_3water__cooperative,604,-0.0700853288203579,-3.3106557792492968,0.000868340366009912,0.0003386781572591495,-0.0023218946422477165
prospective_3_canonical,canonical_p3__mobley_3047364__cluster_3water__cooperative,605,-1.7671286925203482,-3.8057459612030806,0.0009332686270384638,0.0004914724129930466,-0.001495514650183761
prospective_3_canonical,canonical_p3__mobley_3047364__cluster_3water__cooperative,606,-0.6387324828540377,-2.641772290665563,0.0010495899949625187,4.498715994813397e-05,-0.0020796337657072077
prospective_3_canonical,canonical_p3__mobley_3047364__cluster_3water__cooperative,607,-1.0278920172010715,-3.8142174522542187,0.0008598054778998776,0.0004333067501872996,-0.0018425117211242341
prospective_3_canonical,canonical_p3__mobley_3047364__cluster_3water__cooperative,608,-1.7178944718883797,-2.6827337106319065,0.0011647585390615056,-0.00011997262682157049,-0.0015743482716192505
prospective_3_canonical,canonical_p3__mobley_3047364__cluster_3water__cooperative,609,-2.0441116129128165,-3.5038394917899383,0.0010183057929589179,0.00019889979387177257,-0.00141819322844306
prospective_3_canonical,canonical_p3__mobley_3047364__cluster_3water__cooperative,610,-0.01572821910834006,-1.9720434733345957,0.0009928389417126482,0.0002530432375359359,-0.002259610881338087
prospective_3_canonical,canonical_p3__mobley_3047364__cluster_3water__cooperative,611,-0.8781805488335479,-3.0410005301999745,0.0008272963280873125,0.00026932167217549755,-0.0018094438043995981
prospective_3_canonical,canonical_p3__mobley_3047364__cluster_3water__cooperative,612,0.5348592437145321,-3.197843955167614,0.000731746326528393,0.00024157933385636444,-0.002607126570755297
prospective_3_canonical,canonical_p3__mobley_3047364__cluster_3water__cooperative,613,-2.24115917080969,-3.2909876160490614,0.0009510238227656842,0.00019649748719290035,-0.001290415974707247
prospective_3_canonical,canonical_p3__mobley_3047364__cluster_3water__cooperative,614,0.6744248422717635,-2.272519822788534,0.0009592435060272742,1.635614826181605e-05,-0.0028591218496550695
prospective_3_canonical,canonical_p3__mobley_3047364__cluster_3water__cooperative,615,-0.5943560938009433,-4.087366964188349,0.000685042553680848,0.00028985405889275133,-0.0019724972639230637
prospective_3_canonical,canonical_p3__mobley_3047364__cluster_3water__cooperative,616,-0.7712222623778625,-1.3929219249209144,0.0012322015158743316,-5.876912234418466e-06,-0.002044717335998948
prospective_3_canonical,canonical_p3__mobley_3047364__cluster_3water__cooperative,617,0.26811129080439067,-3.615296601790332,0.0006930349761526955,6.286833458485764e-05,-0.002514470967379239
prospective_3_canonical,canonical_p3__mobley_3047364__cluster_3water__cooperative,618,-1.9138016053813112,-4.251841121445196,0.0008007586172960046,0.00025912981343562965,-0.0014676341586712198
prospective_3_canonical,canonical_p3__mobley_3047364__cluster_3water__cooperative,619,-0.46300647866748346,-2.755303545039818,0.0008846542319371764,-0.00012749636449249185,-0.0021995457698960703
prospective_3_canonical,canonical_p3__mobley_3047364__cluster_3water__cooperative,620,-0.963354451399384,-4.262733038510946,0.0007112803730051631,0.00014965997503756914,-0.0018869940860126292
prospective_3_canonical,canonical_p3__mobley_3047364__cluster_3water__cooperative,621,-1.8505004645687804,-2.807968227853687,0.0010084951186035696,-0.00018208937374469993,-0.0015715235024253349
prospective_3_canonical,canonical_p3__mobley_3047364__cluster_3water__cooperative,622,-2.2699225030287704,-3.8636756607711567,0.0008994771272223812,5.3565278033629316e-05,-0.0013789928742412156
prospective_3_canonical,canonical_p3__mobley_3047364__cluster_3water__cooperative,623,-3.302608128040275,1.353188350997214,0.0015567183647255955,0.0005788535482141429,-0.0008671950856811844
prospective_3_canonical,canonical_p3__mobley_3047364__cluster_3water__cooperative,624,-2.518033537758059,1.6741316505464965,0.0017909305921310903,0.00010665284251831384,-0.0011018812179084017
prospective_3_canonical,canonical_p3__mobley_3047364__cluster_3water__cooperative,625,-3.7583144772078354,1.58687114440503,0.0014633317125234413,0.0008721252762318788,-0.0008214243604240763
prospective_3_canonical,canonical_p3__mobley_3047364__cluster_3water__cooperative,626,-1.8964207957758163,1.1088260616521193,0.0018234754106263296,0.00012595272607278716,-0.001410674367261737
prospective_3_canonical,canonical_p3__mobley_3047364__cluster_3water__cooperative,627,-4.416626449434563,0.5662466652491452,0.001461539033474124,0.001027123196588335,-0.0006526810121254894
prospective_3_canonical,canonical_p3__mobley_3047364__cluster_3water__cooperative,628,-3.3268766533632133,1.439719619942282,0.001409157885784218,0.0007691631882371045,-0.0009984636384438184
prospective_3_canonical,canonical_p3__mobley_3047364__cluster_3water__cooperative,629,-4.535022595651662,0.7651906392534447,0.0013314801334615156,0.0010537221560103923,-0.0007248788537080368
prospective_3_canonical,canonical_p3__mobley_3047364__cluster_3water__cooperative,630,-2.6555772942201954,0.7366016962255635,0.0013468165088383888,0.0004430152859777397,-0.0012551804658760151
prospective_3_canonical,canonical_p3__mobley_3047364__cluster_3water__cooperative,631,-4.0432997165456745,0.5491760517693614,0.0012554694674675737,0.0008752213750385893,-0.0008968272718803559
prospective_3_canonical,canonical_p3__mobley_3047364__cluster_3water__cooperative,632,-2.4158539068899003,-0.3230284527558054,0.0012996808628176204,0.0002198114816938551,-0.0013475159223232166
prospective_3_canonical,canonical_p3__mobley_3047364__cluster_3water__cooperative,633,-3.4950158959242428,-0.3639898727221482,0.001230988792250809,0.0005812368415112421,-0.0010326532416880473
prospective_3_canonical,canonical_p3__mobley_3047364__cluster_3water__cooperative,634,-3.3802404727538273,1.718576183409537,0.0015040311437872766,0.0005887675427568391,-0.0008458515568113777
prospective_3_canonical,canonical_p3__mobley_3047364__cluster_3water__cooperative,635,-3.966148635969262,2.0190254892195862,0.0013854021084807044,0.0007290332561598745,-0.0007867014995718328
prospective_3_canonical,canonical_p3__mobley_3047364__cluster_3water__cooperative,636,-1.5722853312709522,1.4043960971087013,0.001781249132964291,-0.00022009325039507176,-0.0015296785265467535
prospective_3_canonical,canonical_p3__mobley_3047364__cluster_3water__cooperative,637,-4.812549743117912,0.7067940160191631,0.0013692967250892307,0.0009632808020242341,-0.0006151240617992483
prospective_3_canonical,canonical_p3__mobley_3047364__cluster_3water__cooperative,638,-3.411442862454748,1.8298306720531965,0.0013196366374617075,0.0006134675227845755,-0.000998733246403264
prospective_3_canonical,canonical_p3__mobley_3047364__cluster_3water__cooperative,639,-4.964773359682754,0.9625791254532625,0.001197934869140771,0.0008150159294651856,-0.0007011602482547702
prospective_3_canonical,canonical_p3__mobley_3047364__cluster_3water__cooperative,640,-2.548343686413725,0.9258219129888436,0.0012260820212754986,0.00024046398119463618,-0.001328294944382902
prospective_3_canonical,canonical_p3__mobley_3047364__cluster_3water__cooperative,641,-4.332558229403627,0.6848460844022977,0.0011200295696248697,0.000622466737426407,-0.000898204306713287
prospective_3_canonical,canonical_p3__mobley_3047364__cluster_3water__cooperative,642,-2.240127902703346,-0.43655970713005954,0.0011707182105225034,7.524287240026688e-05,-0.0014616434240816566
prospective_3_canonical,canonical_p3__mobley_3047364__cluster_3water__cooperative,643,-4.91508497248903,-0.5834815474885566,0.0012893351734409864,0.0009393704318322304,-0.0006796342353744806
prospective_3_canonical,canonical_p3__mobley_3047364__cluster_3water__cooperative,644,-3.627621888604643,-0.48922438994392836,0.0011055787012659302,0.00040694190483413385,-0.0010638330816416662
prospective_3_canonical,canonical_p3__mobley_3047364__cluster_3water__cooperative,645,-4.646061059448112,0.9702694594989647,0.0011567392487804584,0.0009061324686510014,-0.0006949969116379631
prospective_3_canonical,canonical_p3__mobley_3047364__cluster_3water__cooperative,646,-3.8614864691658957,1.291212759048247,0.0013601591010776737,0.0008314153223492405,-0.0007677558938213817
prospective_3_canonical,canonical_p3__mobley_3047364__cluster_3water__cooperative,647,-4.9577948838512835,0.05268191990431048,0.0010876568948267051,0.0008845514370982978,-0.0006631266270174993
prospective_3_canonical,canonical_p3__mobley_3047364__cluster_3water__cooperative,648,-5.101767408615673,1.2039522529067805,0.0011966254907123108,0.0008856700705847546,-0.000627012427138034
prospective_3_canonical,canonical_p3__mobley_3047364__cluster_3water__cooperative,649,-5.7600793808424,0.18332777375089593,0.0010813472101205424,0.0009065228249635088,-0.0005768344609300019
prospective_3_canonical,canonical_p3__mobley_3047364__cluster_3water__cooperative,650,-4.67032958477105,1.0568007284440326,0.0013418049595643744,0.0008923387849657285,-0.00064599574100187
prospective_3_canonical,canonical_p3__mobley_3047364__cluster_3water__cooperative,651,-5.142314487741675,-1.1225905105945775,0.0011026926329430475,0.0008490586548433424,-0.0006202378309445704
prospective_3_canonical,canonical_p3__mobley_3047364__cluster_3water__cooperative,652,-5.878475527059498,0.38227174775519535,0.0011470393508759003,0.0009098858209397676,-0.0005501338084098802
prospective_3_canonical,canonical_p3__mobley_3047364__cluster_3water__cooperative,653,-5.87755277387849,-0.9218852890548614,0.001106398903794381,0.0008749148658485644,-0.0005360244156536798
prospective_3_canonical,canonical_p3__mobley_3047364__cluster_3water__cooperative,654,-5.386752647953512,0.1662571602711116,0.0012900438210460274,0.0009479156490921263,-0.0005568593332139097
prospective_3_canonical,canonical_p3__mobley_3047364__cluster_3water__cooperative,655,-4.887703047964048,-1.8699210147915715,0.0012174635773645193,0.0007629596387270171,-0.0005966246551105641
prospective_3_canonical,canonical_p3__mobley_3047364__cluster_3water__cooperative,656,-5.839829003686603,-0.8202198867551084,0.0012189275443030834,0.0009288196105514448,-0.0005040395870304737
prospective_3_canonical,canonical_p3__mobley_3047364__cluster_3water__cooperative,657,-5.164685968356517,-1.5680145453784298,0.0013581262474734457,0.0008887866936203749,-0.000514301074027797
prospective_3_canonical,canonical_p3__mobley_3047364__cluster_3water__cooperative,658,-3.248443171259358,1.1853019091214838,0.0011896985719002107,0.0009790070535994537,-0.0009396215050861295
prospective_3_canonical,canonical_p3__mobley_3047364__cluster_3water__cooperative,659,-4.723693404161665,1.3356572919112875,0.0010254349850418176,0.0007282894023679798,-0.0007183166963794945
prospective_3_canonical,canonical_p3__mobley_3047364__cluster_3water__cooperative,660,-3.1363025745520403,-0.036218526923087024,0.0010761706000395055,0.0008144034895946593,-0.0009911285015907515
prospective_3_canonical,canonical_p3__mobley_3047364__cluster_3water__cooperative,661,-3.7149546452273867,1.7482986770460796,0.0013385663643881163,0.0007421653808483586,-0.0008002558943182093
prospective_3_canonical,canonical_p3__mobley_3047364__cluster_3water__cooperative,662,-5.12449403553717,0.15590188386101833,0.0009317263997165037,0.0006940118105527118,-0.0006836240496529244
prospective_3_canonical,canonical_p3__mobley_3047364__cluster_3water__cooperative,663,-5.3096015673771,1.6361065977213365,0.0010803946947424148,0.0007257360478932484,-0.0006378103871540232
prospective_3_canonical,canonical_p3__mobley_3047364__cluster_3water__cooperative,664,-3.9987549042772486,-1.1051755837884651,0.0010111465458337854,0.0007194706670976675,-0.0008243808454108249
prospective_3_canonical,canonical_p3__mobley_3047364__cluster_3water__cooperative,665,-2.9157382626787895,1.021477205610452,0.0015932289932891752,0.00029156565578638356,-0.0009657047320054421
prospective_3_canonical,canonical_p3__mobley_3047364__cluster_3water__cooperative,666,-6.156002674525748,0.3238751245209136,0.0009293394378927511,0.0007011390724669195,-0.0005847535203207653
prospective_3_canonical,canonical_p3__mobley_3047364__cluster_3water__cooperative,667,-4.754895793862586,1.4469117805549467,0.0012678435322273085,0.0007989310512491427,-0.0006645595509341453
prospective_3_canonical,canonical_p3__mobley_3047364__cluster_3water__cooperative,668,-5.361733526253389,-1.3551626696375525,0.0009393925631248079,0.0006700487311116086,-0.0006405333048095626
prospective_3_canonical,canonical_p3__mobley_3047364__cluster_3water__cooperative,669,-6.308226291090591,0.5796602339550132,0.0010059046133409355,0.0007233762844087151,-0.0005592426094275148
prospective_3_canonical,canonical_p3__mobley_3047364__cluster_3water__cooperative,670,-6.30703989414358,-1.0971130990864886,0.0009512527034767349,0.0006908366974359931,-0.000544446308158129
prospective_3_canonical,canonical_p3__mobley_3047364__cluster_3water__cooperative,671,-5.6760111608114645,0.30192719290404835,0.001173606703618213,0.000829745839551573,-0.0005738330124047272
prospective_3_canonical,canonical_p3__mobley_3047364__cluster_3water__cooperative,672,-5.034375960825011,-2.3160161750336874,0.0010694705721439046,0.0006301064753731333,-0.000623024319567924
prospective_3_canonical,canonical_p3__mobley_3047364__cluster_3water__cooperative,673,-6.258537903896868,-0.9664004389868062,0.0010868840097295607,0.0007962317108225702,-0.0005104109004247303
prospective_3_canonical,canonical_p3__mobley_3047364__cluster_3water__cooperative,674,-5.39049685847247,-1.9278507143596482,0.0012909956773267117,0.0009185724929526634,-0.0005199268529990672
prospective_3_canonical,canonical_p3__mobley_3047364__cluster_3water__cooperative,675,-2.230316446674517,-1.2944119230208249,0.0008791883917489418,0.0002630477869159249,-0.0012732387489416503
prospective_3_canonical,canonical_p3__mobley_3047364__cluster_3water__cooperative,676,-3.776687582996285,-1.1449849368554101,0.0009715871203404003,0.0006595450273593402,-0.0008760508701127448
prospective_3_canonical,canonical_p3__mobley_3047364__cluster_3water__cooperative,677,-1.5903206966359984,-1.1895214197555246,0.0010254361203856366,-1.906986554320539e-05,-0.0014918646265662898
prospective_3_canonical,canonical_p3__mobley_3047364__cluster_3water__cooperative,678,-2.901112703127457,-2.1258229672494524,0.0008315860642718054,0.00036795577438120667,-0.0011041938689493663
prospective_3_canonical,canonical_p3__mobley_3047364__cluster_3water__cooperative,679,-4.578972079987403,-1.0143390830088248,0.0011806529790874265,0.0009275016688102976,-0.0006824772679517869
prospective_3_canonical,canonical_p3__mobley_3047364__cluster_3water__cooperative,680,-1.8020817533678393,-2.2478122977798387,0.000912341610890266,9.562804336597645e-05,-0.001425559650130536
prospective_3_canonical,canonical_p3__mobley_3047364__cluster_3water__cooperative,681,-3.961207186886678,-2.320257367354298,0.0009008133513543903,0.0005354107202969766,-0.0008664922000610948
prospective_3_canonical,canonical_p3__mobley_3047364__cluster_3water__cooperative,682,-2.680360349213209,-2.939663527018189,0.0008560789107714406,0.00021841732418191367,-0.001168462382235154
prospective_3_canonical,canonical_p3__mobley_3047364__cluster_3water__cooperative,683,-4.696445473023492,-2.119552145814582,0.0010700657057641783,0.0006847526036426962,-0.0006820652065020587
prospective_3_canonical,canonical_p3__mobley_3047364__cluster_3water__cooperative,684,-2.0095523834090603,-2.5724976895975082,0.0011675276062779183,0.00010276254105400461,-0.0013266861120605235
prospective_3_canonical,canonical_p3__mobley_3047364__cluster_3water__cooperative,685,-3.7065957471090503,-3.067587871551292,0.0009314452845616827,0.0003560528800403965,-0.0009091391337148101
prospective_3_canonical,canonical_p3__mobley_3047364__cluster_3water__cooperative,686,-4.658721702831605,-2.017886743514829,0.0012767919783687187,0.0006786340929969571,-0.0005993456524242338
prospective_3_canonical,canonical_p3__mobley_3047364__cluster_3water__cooperative,687,-2.9673590717897738,-3.0760593626024306,0.001044779690603015,9.325110230991746e-05,-0.0010412511408410053
prospective_3_canonical,canonical_p3__mobley_3047364__cluster_3water__cooperative,688,-3.983578667501518,-2.76568140213815,0.0011648996323943006,0.00035924118319662725,-0.0007570331612656428
prospective_3_canonical,canonical_p3__mobley_3047364__cluster_3water__cooperative,689,-2.067335870404361,-0.0123649476382367,0.0009741097054605241,0.00033639570877534725,-0.0013082642424055982
prospective_3_canonical,canonical_p3__mobley_3047364__cluster_3water__cooperative,690,-3.5425861033066677,0.13799043515156717,0.0010440184061049074,0.0007835893493584576,-0.0009071266004653318
prospective_3_canonical,canonical_p3__mobley_3047364__cluster_3water__cooperative,691,-1.9551952736970424,-1.2338853836828072,0.0007785956621348955,0.00024858541642595026,-0.0013600358525695747
prospective_3_canonical,canonical_p3__mobley_3047364__cluster_3water__cooperative,692,-3.943386734682173,-1.0417649728987024,0.0008491580658909204,0.0005513180139519406,-0.0008735676921035003
prospective_3_canonical,canonical_p3__mobley_3047364__cluster_3water__cooperative,693,-1.1323435950760892,-1.0990261651988495,0.0009896801031696878,7.351752282013115e-05,-0.0016848721918515486
prospective_3_canonical,canonical_p3__mobley_3047364__cluster_3water__cooperative,694,-2.8176476034222504,-2.3028424405481864,0.0007135369773338951,0.00031969105442671475,-0.0011394833675967715
prospective_3_canonical,canonical_p3__mobley_3047364__cluster_3water__cooperative,695,-4.974895373670751,-0.8737917322388067,0.0010507496209746225,0.0008044477143645794,-0.0006600022932554289
prospective_3_canonical,canonical_p3__mobley_3047364__cluster_3water__cooperative,696,-1.4046078108741702,-2.4596858655158256,0.0008143820552870551,0.00015183202742109466,-0.0015772096286586846
prospective_3_canonical,canonical_p3__mobley_3047364__cluster_3water__cooperative,697,-4.180626225398392,-2.552829526397273,0.0007762797757089324,0.0004420888530808374,-0.0008633797607795226
prospective_3_canonical,canonical_p3__mobley_3047364__cluster_3water__cooperative,698,-2.5338231483896454,-3.349208874536561,0.0007404115205160711,0.0002172549948856906,-0.0012313062711637236
prospective_3_canonical,canonical_p3__mobley_3047364__cluster_3water__cooperative,699,-5.125932593288581,-2.2947799558462094,0.0009444149691359982,0.0005868286924971495,-0.0006626487100863496
prospective_3_canonical,canonical_p3__mobley_3047364__cluster_3water__cooperative,700,-1.671355763784312,-2.877138512138543,0.0011143098557537812,0.0004096148616993687,-0.0014726452105166142
prospective_3_canonical,canonical_p3__mobley_3047364__cluster_3water__cooperative,701,-3.8532686599700128,-3.5136830317934082,0.000815522882191777,0.00031715352581328536,-0.0009221055174523979
prospective_3_canonical,canonical_p3__mobley_3047364__cluster_3water__cooperative,702,-5.077430603041869,-2.1640672957465266,0.0011972328074653094,0.0007014718882472543,-0.0005662741793108968
prospective_3_canonical,canonical_p3__mobley_3047364__cluster_3water__cooperative,703,-2.902821505988086,-3.524574948859157,0.0009567262800938003,0.00014354553601098887,-0.0010964928911174673
prospective_3_canonical,canonical_p3__mobley_3047364__cluster_3water__cooperative,704,-4.209389557617473,-3.1255175711193686,0.001112571213064184,0.0004473406193879924,-0.0007490165715415034
prospective_3_canonical,canonical_p3__mobley_3047364__cluster_3water__cooperative,705,-1.8533513412594673,1.3540755250799164,0.001120657776272349,0.00021916529382616095,-0.0013366868056422518
prospective_3_canonical,canonical_p3__mobley_3047364__cluster_3water__cooperative,706,-3.0007681890723727,1.4710186005830972,0.0010806218480869934,0.0006633086048355367,-0.0010146250991166267
prospective_3_canonical,canonical_p3__mobley_3047364__cluster_3water__cooperative,707,-1.7661308771537756,0.40400407482302814,0.0009459449222608551,0.00025681193404332366,-0.001401837841075193
prospective_3_canonical,canonical_p3__mobley_3047364__cluster_3water__cooperative,708,-2.2161935987901566,1.7919619001323799,0.0014023358296757493,0.0002340279048778197,-0.0011744923650502898
prospective_3_canonical,canonical_p3__mobley_3047364__cluster_3water__cooperative,709,-3.312502013475543,0.5534310609884433,0.001011142729201886,0.0007428056410234674,-0.0009631682402538408
prospective_3_canonical,canonical_p3__mobley_3047364__cluster_3water__cooperative,710,-1.1261351271152562,0.5088945780883287,0.001207681620541523,-0.00011031103946501175,-0.0016614479952432107
prospective_3_canonical,canonical_p3__mobley_3047364__cluster_3water__cooperative,711,-3.4564745382399327,1.7047013939909132,0.0012785093199034758,0.0007618929787778,-0.0008675444132576063
prospective_3_canonical,canonical_p3__mobley_3047364__cluster_3water__cooperative,712,-2.436927133606715,-0.4274069694055992,0.0009388966132881649,0.00041857525653314506,-0.0011983310049054506
prospective_3_canonical,canonical_p3__mobley_3047364__cluster_3water__cooperative,713,-4.11478651046666,0.6840769148350285,0.0012072851185531697,0.0010021789235729272,-0.000765267401120474
prospective_3_canonical,canonical_p3__mobley_3047364__cluster_3water__cooperative,714,-1.337896183847097,-0.5493962999359857,0.0010458917500633103,-4.361539520007047e-06,-0.0015941537886736137
prospective_3_canonical,canonical_p3__mobley_3047364__cluster_3water__cooperative,715,-3.025036714395311,1.557549869528165,0.0015394443168168515,0.0004283176840035615,-0.0009305310230753393
prospective_3_canonical,canonical_p3__mobley_3047364__cluster_3water__cooperative,716,-2.3537373552522927,0.8544319458114469,0.001786749055832093,1.8599909141013018e-05,-0.0011519358622251378
prospective_3_canonical,canonical_p3__mobley_3047364__cluster_3water__cooperative,717,-1.6031503008836188,1.6860510502056165,0.001055020622141134,0.00014268767831204999,-0.0013956253899297384
prospective_3_canonical,canonical_p3__mobley_3047364__cluster_3water__cooperative,718,-3.078400533785925,1.8364064329954206,0.000994642707014437,0.0005345103599192352,-0.0010040133980563323
prospective_3_canonical,canonical_p3__mobley_3047364__cluster_3water__cooperative,719,-1.4910097041763002,0.4645306141610459,0.0008489977885264288,0.00020423997098016465,-0.001481734903733403
prospective_3_canonical,canonical_p3__mobley_3047364__cluster_3water__cooperative,720,-2.0696617748516473,2.2490478181302125,0.0014236333738208984,0.0002953027934192641,-0.0011801989106971626
prospective_3_canonical,canonical_p3__mobley_3047364__cluster_3water__cooperative,721,-3.4792011651614305,0.6566510249451509,0.0008974043071929838,0.0005848158349304594,-0.0009493600920143883
prospective_3_canonical,canonical_p3__mobley_3047364__cluster_3water__cooperative,722,-0.668158025555347,0.5993898326450039,0.0011501913595213242,-0.0001364504211854307,-0.0018497273037656565
prospective_3_canonical,canonical_p3__mobley_3047364__cluster_3water__cooperative,723,-3.66430869700136,2.13685573880547,0.0012279532729941867,0.0007186231129129557,-0.0008294262554290312
prospective_3_canonical,canonical_p3__mobley_3047364__cluster_3water__cooperative,724,-2.353462033901508,-0.6044264427043324,0.0008303945352032827,0.0003560458104758139,-0.0012316671460292884
prospective_3_canonical,canonical_p3__mobley_3047364__cluster_3water__cooperative,725,-4.510709804150009,0.8246242656050463,0.001089072319983786,0.0008386963028919449,-0.0007297834372519338
prospective_3_canonical,canonical_p3__mobley_3047364__cluster_3water__cooperative,726,-0.9404222413534282,-0.7612698676719721,0.0009791417865021579,6.880986271208008e-05,-0.0017638600262427058
prospective_3_canonical,canonical_p3__mobley_3047364__cluster_3water__cooperative,727,-3.109602923486846,1.9476609216390797,0.0015815144279651694,0.000482924270921172,-0.0008937620172976366
prospective_3_canonical,canonical_p3__mobley_3047364__cluster_3water__cooperative,728,-3.716440655877651,-0.8544135285534197,0.0010100135900987794,0.0006980978715837393,-0.0008780011063479151
prospective_3_canonical,canonical_p3__mobley_3047364__cluster_3water__cooperative,729,-4.66293342071485,1.0804093750391457,0.001309719163239187,0.0009805502135061235,-0.000653709565687193
prospective_3_canonical,canonical_p3__mobley_3047364__cluster_3water__cooperative,730,-2.069637578868903,-1.6507928766927074,0.0009526649681315114,6.678543143434076e-05,-0.0013206103934024823
prospective_3_canonical,canonical_p3__mobley_3047364__cluster_3water__cooperative,731,-4.030718290435724,0.8026763339881811,0.0014928651237908763,0.0009816444731908795,-0.0007175282681174016
prospective_3_canonical,canonical_p3__mobley_3047364__cluster_3water__cooperative,732,-5.0821128833002245,-0.35470156334391434,0.0014410128853267201,0.0010483236258104344,-0.0005344589766411805
prospective_3_canonical,canonical_p3__mobley_3047364__cluster_3water__cooperative,733,-5.393846707703395,-1.2722891029385683,0.0013256951863821476,0.0009400928644172878,-0.000504538906776614
prospective_3_canonical,canonical_p3__mobley_3047364__cluster_3water__cooperative,734,-5.537819232467784,-0.1210187699360985,0.001222830810029163,0.0008977681882600887,-0.000581306307965829
prospective_3_canonical,canonical_p3__mobley_3047364__cluster_3water__cooperative,735,-6.196131204694512,-1.141643249091983,0.0011265409269345383,0.0008572414851456377,-0.0005141849782926644
prospective_3_canonical,canonical_p3__mobley_3047364__cluster_3water__cooperative,736,-5.106381408623163,-0.26817029439884665,0.0011859769100217576,0.0008152504651229664,-0.0006973608919821618
prospective_3_canonical,canonical_p3__mobley_3047364__cluster_3water__cooperative,737,-5.578366311593788,-2.4475615334374563,0.001131978007023915,0.0007500809114136732,-0.0005499159805031559
prospective_3_canonical,canonical_p3__mobley_3047364__cluster_3water__cooperative,738,-6.314527350911611,-0.9426992750876835,0.0010560949162350397,0.0007943518104170427,-0.0005740355919099546
prospective_3_canonical,canonical_p3__mobley_3047364__cluster_3water__cooperative,739,-4.435082049480145,-0.9712882181155646,0.0011801404100498791,0.0007030725329928349,-0.0008321954890907294
prospective_3_canonical,canonical_p3__mobley_3047364__cluster_3water__cooperative,740,-6.313604597730602,-2.24685631189774,0.001032776855452222,0.0007641651645589435,-0.0005489468703134997
prospective_3_canonical,canonical_p3__mobley_3047364__cluster_3water__cooperative,741,-5.822804471805624,-1.158713862571767,0.0010437917635328642,0.0007128801809051685,-0.0006679890784740106
prospective_3_canonical,canonical_p3__mobley_3047364__cluster_3water__cooperative,742,-5.32375487181616,-3.19489203763445,0.001109364170332805,0.0007239471010400136,-0.0006343009934026117
prospective_3_canonical,canonical_p3__mobley_3047364__cluster_3water__cooperative,743,-6.275880827538715,-2.145190909597987,0.0010017380880433802,0.0007259516555774476,-0.000605422211409475
prospective_3_canonical,canonical_p3__mobley_3047364__cluster_3water__cooperative,744,-5.274520651184193,-2.071879787063276,0.0010629782887574546,0.0006785164909179468,-0.0007404560053512328
prospective_3_canonical,canonical_p3__mobley_3047364__cluster_3water__cooperative,745,-5.600737792208628,-2.892985568221308,0.001039839268318965,0.0006720334660007508,-0.000666920021641689
prospective_3_canonical,canonical_p3__mobley_3047364__cluster_3water__cooperative,746,-5.560545859389283,-1.1690691389818606,0.0012572892123259294,0.0009540832428041867,-0.0005131361618604308
prospective_3_canonical,canonical_p3__mobley_3047364__cluster_3water__cooperative,747,-5.745653391229212,0.31113557487845767,0.001125272971419844,0.0007760367156654487,-0.0005981566038149673
prospective_3_canonical,canonical_p3__mobley_3047364__cluster_3water__cooperative,748,-4.434806728129361,-2.430146606631344,0.0012127284478569145,0.0005525408989153274,-0.0006548622818117288
prospective_3_canonical,canonical_p3__mobley_3047364__cluster_3water__cooperative,749,-6.592054498377861,-1.001095898321965,0.0009989420807161586,0.0007125696863207174,-0.0005226506081322532
prospective_3_canonical,canonical_p3__mobley_3047364__cluster_3water__cooperative,750,-5.190947617714697,0.1219407577120677,0.0010867464298486285,0.0006760028088289523,-0.0007386531770204288
prospective_3_canonical,canonical_p3__mobley_3047364__cluster_3water__cooperative,751,-5.797785350105501,-2.6801336924804313,0.0009925333630008693,0.0006147095114538031,-0.0005716995584695847
prospective_3_canonical,canonical_p3__mobley_3047364__cluster_3water__cooperative,752,-6.744278114942703,-0.7453107888878656,0.0009225790765842179,0.000614783319073206,-0.0005884089819902271
prospective_3_canonical,canonical_p3__mobley_3047364__cluster_3water__cooperative,753,-4.327848441673675,-0.7820680013522847,0.0010713420801734541,0.0005162019483725105,-0.0009176430662972941
prospective_3_canonical,canonical_p3__mobley_3047364__cluster_3water__cooperative,754,-6.743091717995691,-2.4220841219293674,0.0008853422107563125,0.0005861041240653506,-0.0005624492586384016
prospective_3_canonical,canonical_p3__mobley_3047364__cluster_3water__cooperative,755,-6.112062984663577,-1.0230438299388307,0.0009074974414196024,0.0005259811797550714,-0.0006983029194604381
prospective_3_canonical,canonical_p3__mobley_3047364__cluster_3water__cooperative,756,-5.470427784677123,-3.6409871978765658,0.0009478857539423347,0.0005376611581135623,-0.0006707313163333431
prospective_3_canonical,canonical_p3__mobley_3047364__cluster_3water__cooperative,757,-6.694589727748979,-2.2913714618296845,0.0008523252686298832,0.0005291834294975406,-0.0006237799105576877
prospective_3_canonical,canonical_p3__mobley_3047364__cluster_3water__cooperative,758,-4.519980630695196,-3.6518791149423153,0.0010171246194883299,0.0004542744326943311,-0.0008287208847405426
prospective_3_canonical,canonical_p3__mobley_3047364__cluster_3water__cooperative,759,-5.407126643864593,-2.1971143042850567,0.0009120028435344318,0.0004718190800983595,-0.0007895692893586527
prospective_3_canonical,canonical_p3__mobley_3047364__cluster_3water__cooperative,760,-5.826548682324583,-3.2528217372025265,0.0008796460055962019,0.00047828499968650284,-0.0007006673367859422
prospective_3_canonical,canonical_p3__mobley_3047364__cluster_3water__cooperative,761,-2.3169154488210117,-1.071341072838648,0.0011685464847188687,-4.832184017340962e-05,-0.0014176384316745589
prospective_3_canonical,canonical_p3__mobley_3047364__cluster_3water__cooperative,762,-2.060230775860195,-2.847393684012636,0.0011922215431954264,-8.413733079406073e-05,-0.0013976824393787325
prospective_3_canonical,canonical_p3__mobley_3047364__cluster_3water__cooperative,763,-3.747371306408408,-0.7404475145484855,0.0010895956141296903,0.0004055238341378558,-0.0010382357931971943
prospective_3_canonical,canonical_p3__mobley_3047364__cluster_3water__cooperative,764,-1.9516797547601263,-2.1276971366066855,0.0010212124044226556,-0.00022928396842443553,-0.001571109558529133
prospective_3_canonical,canonical_p3__mobley_3047364__cluster_3water__cooperative,765,-4.955517248696857,-1.414976495237323,0.0012072858264843278,0.000851686137363574,-0.0007326280306820201
prospective_3_canonical,canonical_p3__mobley_3047364__cluster_3water__cooperative,766,-2.938509371705564,-3.539244913250986,0.0010144788836801144,-7.983774245447353e-05,-0.0011342814762249959
prospective_3_canonical,canonical_p3__mobley_3047364__cluster_3water__cooperative,767,-3.0760719472653903,-1.4435654382652034,0.0009360261375548351,5.0796254932940676e-05,-0.0012806693716012748
prospective_3_canonical,canonical_p3__mobley_3047364__cluster_3water__cooperative,768,-2.2677014059014162,-3.1720790758303057,0.0008938175192803044,-0.00015563528759473608,-0.001454903277199192
prospective_3_canonical,canonical_p3__mobley_3047364__cluster_3water__cooperative,769,-4.46379436959087,-1.6309910827214062,0.0009726315634349669,0.000434861763127072,-0.0009410037161354285
prospective_3_canonical,canonical_p3__mobley_3047364__cluster_3water__cooperative,770,-3.964744769601406,-3.667169257784089,0.001037148809597488,0.0003353465208283556,-0.0009232585539206582
prospective_3_canonical,canonical_p3__mobley_3047364__cluster_3water__cooperative,771,-2.8363485599350957,-2.503195587246572,0.0008387705461079253,-6.795152695662703e-05,-0.0013601871679689945
prospective_3_canonical,canonical_p3__mobley_3047364__cluster_3water__cooperative,772,-4.916870725323961,-2.6174681297476257,0.001020499118371876,0.0005818603309792181,-0.0008105468838353958
prospective_3_canonical,canonical_p3__mobley_3047364__cluster_3water__cooperative,773,-3.2255080942821293,-3.675640748835228,0.0008546716413715405,4.989631684236919e-05,-0.0011880115253138836
prospective_3_canonical,canonical_p3__mobley_3047364__cluster_3water__cooperative,774,-3.9155105489694377,-2.544157007212915,0.0008548226304043727,0.0002028389998036517,-0.0010957971923088354
prospective_3_canonical,canonical_p3__mobley_3047364__cluster_3water__cooperative,775,-4.2417276899938745,-3.3652627883709476,0.0009000431224081007,0.00031447049513660805,-0.0009693858573456082
prospective_3_canonical,canonical_p3__mobley_3047364__cluster_3water__cooperative,776,-4.386643289014457,-0.16114164527118158,0.0012972160709160407,0.0009492719215661721,-0.000783621218807792
prospective_3_canonical,canonical_p3__mobley_3047364__cluster_3water__cooperative,777,-1.9927799843161478,-0.7757710373820661,0.0011418385050214752,-2.5807131770168214e-05,-0.001558071846459857
prospective_3_canonical,canonical_p3__mobley_3047364__cluster_3water__cooperative,778,-1.662756833366526,-3.059267251748623,0.001162332794509835,0.0003423317199779065,-0.0015588122948880536
prospective_3_canonical,canonical_p3__mobley_3047364__cluster_3water__cooperative,779,-3.831937515499943,-0.3503364624375713,0.00102436192979094,0.00035162781195752235,-0.0010609993796722428
prospective_3_canonical,canonical_p3__mobley_3047364__cluster_3water__cooperative,780,-1.5231912348092944,-2.1339431193695426,0.0009413530932185221,-0.00021826406381478432,-0.0017624899438943025
prospective_3_canonical,canonical_p3__mobley_3047364__cluster_3water__cooperative,781,-5.385268012727949,-1.2175880090375046,0.001101371204954349,0.000740253155781726,-0.0007092103517503456
prospective_3_canonical,canonical_p3__mobley_3047364__cluster_3water__cooperative,782,-2.7919721708820013,-3.948790260769358,0.0009219999868748108,1.4660005042947937e-05,-0.0012041251849991704
prospective_3_canonical,canonical_p3__mobley_3047364__cluster_3water__cooperative,783,-2.9688383394589204,-1.2543452215019237,0.0008486659597761737,-1.6051661133106214e-05,-0.0013534090296243374
prospective_3_canonical,canonical_p3__mobley_3047364__cluster_3water__cooperative,784,-5.384081615780937,-2.8943613420790064,0.0011441761952234453,0.0007872122906109134,-0.0006513758695667122
prospective_3_canonical,canonical_p3__mobley_3047364__cluster_3water__cooperative,785,-1.9295047862766674,-3.4767198983713405,0.0007893949408304124,-0.00015414280048251674,-0.001597976648202892
prospective_3_canonical,canonical_p3__mobley_3047364__cluster_3water__cooperative,786,-4.753052882448822,-1.4953210500884695,0.0008648461160972731,0.00031316889729730445,-0.0009435267353840217
prospective_3_canonical,canonical_p3__mobley_3047364__cluster_3water__cooperative,787,-4.111417682462369,-4.113264418026206,0.0009079689523872059,0.00027007023391065237,-0.0009346478254040203
prospective_3_canonical,canonical_p3__mobley_3047364__cluster_3water__cooperative,788,-2.660622555748541,-2.6167268416208262,0.0007326694559239844,-0.00013613341477120816,-0.0014499886149691309
prospective_3_canonical,canonical_p3__mobley_3047364__cluster_3water__cooperative,789,-5.335579625534225,-2.7636486819793236,0.000891040022091727,0.00043974482107232634,-0.0007963856983328279
prospective_3_canonical,canonical_p3__mobley_3047364__cluster_3water__cooperative,790,-3.1609705284804415,-4.124156335091955,0.0007365209262233385,-3.874135546385108e-06,-0.001244114294234938
prospective_3_canonical,canonical_p3__mobley_3047364__cluster_3water__cooperative,791,-4.048116541649839,-2.6693915244346957,0.0007411795633849305,9.182188443135326e-05,-0.001119937021529966
prospective_3_canonical,canonical_p3__mobley_3047364__cluster_3water__cooperative,792,-4.467538580109828,-3.7250989573521656,0.0007741444899180827,0.00020187431232636605,-0.0009768469215300734
prospective_3_canonical,canonical_p3__mobley_3047364__cluster_3water__cooperative,793,-2.7067040826153876,-2.6683967715208783,0.0011743715241132602,-8.567829462706618e-05,-0.0010738607741429698
prospective_3_canonical,canonical_p3__mobley_3047364__cluster_3water__cooperative,794,-4.2530752189371555,-2.518969785355463,0.001193338442072589,0.0004907929167688128,-0.0006951849296960874
prospective_3_canonical,canonical_p3__mobley_3047364__cluster_3water__cooperative,795,-3.3775003390683267,-3.499807815749506,0.0009646246500329969,0.00018935753683889866,-0.0009740911245396469
prospective_3_canonical,canonical_p3__mobley_3047364__cluster_3water__cooperative,796,-5.055359715928272,-2.388323931508878,0.0012356065831603535,0.0007567787543183109,-0.0005669189615673894
prospective_3_canonical,canonical_p3__mobley_3047364__cluster_3water__cooperative,797,-2.278469389308709,-3.621797146279892,0.0010027764753310908,0.00027395519806187396,-0.0012928792146479663
prospective_3_canonical,canonical_p3__mobley_3047364__cluster_3water__cooperative,798,-4.437594822827547,-3.6942422158543513,0.0009430337132643185,0.00039079787228042315,-0.0007863857476992473
prospective_3_canonical,canonical_p3__mobley_3047364__cluster_3water__cooperative,799,-2.16991836820864,-2.9021005988739415,0.0012017663488836927,-3.70938761303681e-05,-0.001335330438010703
prospective_3_canonical,canonical_p3__mobley_3047364__cluster_3water__cooperative,800,-3.1567479851540785,-4.313648375518242,0.0008432316913664639,0.0001402279242135156,-0.0010994703487100953
prospective_3_canonical,canonical_p3__mobley_3047364__cluster_3water__cooperative,801,-5.172833108964362,-3.493536994314635,0.0010124129152756511,0.0005842252453799992,-0.0006682128664440585
prospective_3_canonical,canonical_p3__mobley_3047364__cluster_3water__cooperative,802,-2.48594001934993,-3.946482538097561,0.0009102811184937831,5.803053679926458e-05,-0.001292295570441501
prospective_3_canonical,canonical_p3__mobley_3047364__cluster_3water__cooperative,803,-4.18298338304992,-4.441572720051345,0.0008478961664588613,0.0002786655731403273,-0.0009023206343768424
prospective_3_canonical,canonical_p3__mobley_3047364__cluster_3water__cooperative,804,-5.135109338772475,-3.391871592014881,0.0010818307051326803,0.0006527604370555728,-0.0006876227019319873
prospective_3_canonical,canonical_p3__mobley_3047364__cluster_3water__cooperative,805,-3.443746707730644,-4.450044211102483,0.0008396871556870522,0.00012517908206875257,-0.001075276866802248
prospective_3_canonical,canonical_p3__mobley_3047364__cluster_3water__cooperative,806,-4.459966303442389,-4.139666250638203,0.0009186861587802131,0.0003544564918893457,-0.0008578424322026553
prospective_3_canonical,canonical_p3__mobley_3047364__cluster_3water__cooperative,807,-2.4315829096379122,-2.60787023218286,0.001119072438363622,-4.2409369493385195e-05,-0.0011791554774371223
prospective_3_canonical,canonical_p3__mobley_3047364__cluster_3water__cooperative,808,-4.419774370623043,-2.415749821398755,0.0011467407268035412,0.0005883375378612043,-0.0006909848147862738
prospective_3_canonical,canonical_p3__mobley_3047364__cluster_3water__cooperative,809,-3.29403523936312,-3.676827289048239,0.0008648787424021531,0.00021966140374091387,-0.0010272530187913967
prospective_3_canonical,canonical_p3__mobley_3047364__cluster_3water__cooperative,810,-5.451283009611621,-2.24777658073886,0.0011476921595520162,0.0007291946301408815,-0.000545453355987263
prospective_3_canonical,canonical_p3__mobley_3047364__cluster_3water__cooperative,811,-1.8809954468150398,-3.833670714015879,0.0009134380795625674,0.00040103303121343133,-0.0014497014165024192
prospective_3_canonical,canonical_p3__mobley_3047364__cluster_3water__cooperative,812,-4.657013861339261,-3.926814374897326,0.0008285842773625429,0.00035034182526843616,-0.0007946457995342136
prospective_3_canonical,canonical_p3__mobley_3047364__cluster_3water__cooperative,813,-1.7414298482578083,-2.9083465816367986,0.0011955534823668845,0.00014086245977460094,-0.00153033583365598
prospective_3_canonical,canonical_p3__mobley_3047364__cluster_3water__cooperative,814,-3.010210784330515,-4.723193723036614,0.0007266576908029343,0.00014373126921063623,-0.0011703767511260464
prospective_3_canonical,canonical_p3__mobley_3047364__cluster_3water__cooperative,815,-5.602320229229451,-3.6687648043462624,0.0008847685430340979,0.0004841228063406103,-0.0006614569313414493
prospective_3_canonical,canonical_p3__mobley_3047364__cluster_3water__cooperative,816,-2.1477433997251816,-4.251123360638596,0.0008051217612223827,8.163033745972809e-05,-0.00143730176489608
prospective_3_canonical,canonical_p3__mobley_3047364__cluster_3water__cooperative,817,-4.329656295910883,-4.887667880293461,0.000723835458489086,0.00022233496330069304,-0.0009240034533256248
prospective_3_canonical,canonical_p3__mobley_3047364__cluster_3water__cooperative,818,-2.878861169197055,-3.3911303038880822,0.000918424052053668,-4.351665166452774e-05,-0.0012489201748460002
prospective_3_canonical,canonical_p3__mobley_3047364__cluster_3water__cooperative,819,-5.55381823898274,-3.538052144246579,0.0009414541435759372,0.0005285421529466006,-0.0006853073106789711
prospective_3_canonical,canonical_p3__mobley_3047364__cluster_3water__cooperative,820,-3.3792091419289556,-4.89855979735921,0.0007165798089032727,8.491251540804462e-05,-0.001137868784694144
prospective_3_canonical,canonical_p3__mobley_3047364__cluster_3water__cooperative,821,-4.266355155098353,-3.4437949867019513,0.000957225358570124,0.00037248903071531234,-0.000928086848422031
prospective_3_canonical,canonical_p3__mobley_3047364__cluster_3water__cooperative,822,-4.6857771935583425,-4.4995024196194215,0.0007859799466335415,0.0002618480850110373,-0.0008767840047755883
prospective_3_canonical,canonical_p3__mobley_3047364__cluster_3water__cooperative,823,-1.1104402861793772,4.287606859708182,0.0014295131349366663,-0.00021379603864269832,-0.0011852915123629483
prospective_3_canonical,canonical_p3__mobley_3047364__cluster_3water__cooperative,824,-2.2578571339922817,4.404549935211363,0.001293960725700316,0.000534193091765125,-0.0009420196999615192
prospective_3_canonical,canonical_p3__mobley_3047364__cluster_3water__cooperative,825,-1.023219822073685,3.337535409451294,0.001275698022201066,-0.00019669210046908286,-0.001371703658284151
prospective_3_canonical,canonical_p3__mobley_3047364__cluster_3water__cooperative,826,-2.569590958395453,3.4869623956167093,0.001209499492307975,0.0006783376167493565,-0.0009815702204475983
prospective_3_canonical,canonical_p3__mobley_3047364__cluster_3water__cooperative,827,-2.7135634831598425,4.63823272861918,0.0015426386376120593,0.0008513573878449224,-0.0007992403918320578
prospective_3_canonical,canonical_p3__mobley_3047364__cluster_3water__cooperative,828,-1.6940160785266243,2.506124365222666,0.001255008043443695,0.00014149189854100234,-0.00128344841959217
prospective_3_canonical,canonical_p3__mobley_3047364__cluster_3water__cooperative,829,-3.37187545538657,3.6176082494632946,0.001299459546685533,0.0008923248833393932,-0.0008035722720781456
prospective_3_canonical,canonical_p3__mobley_3047364__cluster_3water__cooperative,830,-0.5949851287670067,2.3841350346922803,0.0014694996980346708,-0.0012629955880121186,-0.0016809955193057306
prospective_3_canonical,canonical_p3__mobley_3047364__cluster_3water__cooperative,831,-2.7541105622858453,2.3116899651178207,0.0013146553338136968,0.0006525427805356395,-0.0010043693639480494
prospective_3_canonical,canonical_p3__mobley_3047364__cluster_3water__cooperative,832,-3.490271601603669,3.816552223467594,0.0014773860644441417,0.0008542720063826558,-0.0007370000150624886
prospective_3_canonical,canonical_p3__mobley_3047364__cluster_3water__cooperative,833,-1.4732637246123763,1.6922838054539304,0.0016146403747692162,-0.0005204739811244052,-0.001434006462282754
prospective_3_canonical,canonical_p3__mobley_3047364__cluster_3water__cooperative,834,-3.489348848422659,2.512395186657537,0.0014049948816565738,0.0008132767147822797,-0.0008147938083048843
prospective_3_canonical,canonical_p3__mobley_3047364__cluster_3water__cooperative,835,-2.4994991225082184,1.5643594609208271,0.0015951168484424905,0.00012102252570225368,-0.0010795917005897
prospective_3_canonical,canonical_p3__mobley_3047364__cluster_3water__cooperative,836,-3.4516250782307725,2.6140605889572903,0.001550265635639203,0.000642828395233976,-0.0008017090474623657
prospective_3_canonical,canonical_p3__mobley_3047364__cluster_3water__cooperative,837,-2.7764820429006867,1.8662659303339688,0.0017319546445491163,0.000122963109042961,-0.0009838672252896474
prospective_3_canonical,canonical_p3__mobley_3047364__cluster_3water__cooperative,838,-0.8602392458035277,4.619582384833883,0.001279752663524647,-0.00010379912215708744,-0.0012373407576469885
prospective_3_canonical,canonical_p3__mobley_3047364__cluster_3water__cooperative,839,-2.335489478705835,4.769937767623686,0.0011155572127654612,0.00037347307402019463,-0.0009419779490496287
prospective_3_canonical,canonical_p3__mobley_3047364__cluster_3water__cooperative,840,-0.74809864909621,3.3980619487893113,0.001118947455933439,-0.00012429681660824902,-0.001461948290903996
prospective_3_canonical,canonical_p3__mobley_3047364__cluster_3water__cooperative,841,-2.736290110081341,3.5901823595734164,0.0010478484451934555,0.0004850739487818432,-0.0009766554963078272
prospective_3_canonical,canonical_p3__mobley_3047364__cluster_3water__cooperative,842,-2.92139764192127,5.070387073433736,0.0013404665735023968,0.0006685771225587428,-0.0007828688216613807
prospective_3_canonical,canonical_p3__mobley_3047364__cluster_3water__cooperative,843,-1.610550978821418,2.329104891923933,0.0011100947310942466,0.00012977172333474138,-0.0013372356802671234
prospective_3_canonical,canonical_p3__mobley_3047364__cluster_3water__cooperative,844,-3.767798749069919,3.758155600233312,0.001129702926362608,0.000659683052026761,-0.0007771028811500519
prospective_3_canonical,canonical_p3__mobley_3047364__cluster_3water__cooperative,845,-2.97352960079756,2.0791178060748456,0.001193002203467186,0.0006115911665989608,-0.0009841656168472037
prospective_3_canonical,canonical_p3__mobley_3047364__cluster_3water__cooperative,846,-3.920022365634761,4.013940709667412,0.001284280382534475,0.0006838583171583102,-0.0007095375194206514
prospective_3_canonical,canonical_p3__mobley_3047364__cluster_3water__cooperative,847,-1.3267265237888133,1.282738457935558,0.0015352981085066109,-0.0003743028988832831,-0.001533820001649958
prospective_3_canonical,canonical_p3__mobley_3047364__cluster_3water__cooperative,848,-3.9188359686877487,2.33716737662591,0.001285854659027974,0.0007304472312924747,-0.0007660381248076557
prospective_3_canonical,canonical_p3__mobley_3047364__cluster_3water__cooperative,849,-3.287807235355634,3.7362076686164465,0.0015572641948251587,0.0008990202110337968,-0.0008005961949086464
prospective_3_canonical,canonical_p3__mobley_3047364__cluster_3water__cooperative,850,-3.870333978441038,2.467880036725593,0.001413724316112308,0.0006710563238507695,-0.0007628830826706498
prospective_3_canonical,canonical_p3__mobley_3047364__cluster_3water__cooperative,851,-3.00229293301664,1.5064297613527502,0.0016726489270757483,0.0005242067304485132,-0.0009547337749257119
prospective_3_canonical,canonical_p3__mobley_3047364__cluster_3water__cooperative,852,-0.8163583250654569,4.15082702984332,0.0015171607442456825,-0.0006375471101128469,-0.001385239698046982
prospective_3_canonical,canonical_p3__mobley_3047364__cluster_3water__cooperative,853,-3.336563978724203,3.6082476334403464,0.0016073822740960697,0.0007895407577330642,-0.0007644746512232766
prospective_3_canonical,canonical_p3__mobley_3047364__cluster_3water__cooperative,854,-2.246814182652853,4.481720588133483,0.0013237378395412058,0.0003663487950327011,-0.0010353077618667902
prospective_3_canonical,canonical_p3__mobley_3047364__cluster_3water__cooperative,855,-3.4549601249413024,3.807191607444646,0.0013790249800795795,0.0007860359279789236,-0.0008263750592073197
prospective_3_canonical,canonical_p3__mobley_3047364__cluster_3water__cooperative,856,-1.5755148235098355,3.7786026644167645,0.001222191955743357,6.4532793828827825e-06,-0.0013238038488199658
prospective_3_canonical,canonical_p3__mobley_3047364__cluster_3water__cooperative,857,-3.4540373717602924,2.503034570634589,0.0015309504153715459,0.0006590301481029287,-0.0008379483530748345
prospective_3_canonical,canonical_p3__mobley_3047364__cluster_3water__cooperative,858,-0.7671442821458608,2.0500890268516625,0.001586991554310968,-0.0010732831640555087,-0.0017808055964684492
prospective_3_canonical,canonical_p3__mobley_3047364__cluster_3water__cooperative,859,-2.9632372458353147,3.5911770199605626,0.0012407323178360574,0.000623257386619192,-0.0010159744470560985
prospective_3_canonical,canonical_p3__mobley_3047364__cluster_3water__cooperative,860,-2.464187645845851,1.5549988448978787,0.0018125699893529745,0.00012902377438175504,-0.0011278780866408955
prospective_3_canonical,canonical_p3__mobley_3047364__cluster_3water__cooperative,861,-1.3357914361795402,2.7189725154353956,0.0012497196921492648,-0.0002218619428472508,-0.0015377436773697122
prospective_3_canonical,canonical_p3__mobley_3047364__cluster_3water__cooperative,862,-3.416313601568406,2.604699972934342,0.00136165841621394,0.0007360639564883871,-0.0009369370045892616
prospective_3_canonical,canonical_p3__mobley_3047364__cluster_3water__cooperative,863,-1.7249509705265742,1.5465273538467401,0.0017178729111717583,-0.000187337624041291,-0.001460164472662639
prospective_3_canonical,canonical_p3__mobley_3047364__cluster_3water__cooperative,864,-2.414953425213883,2.678011095469053,0.0012388576490209857,0.0003594842595972149,-0.0012384940358939002
prospective_3_canonical,canonical_p3__mobley_3047364__cluster_3water__cooperative,865,-2.7411705662383192,1.856905314311021,0.001457978402551463,0.0004880578982828815,-0.0011385780915714073
prospective_3_canonical,canonical_p3__mobley_3047364__cluster_3water__cooperative,866,-2.8860861652589027,5.0610264574107875,0.0014064801241377989,0.0006904218633382126,-0.0008201486021540985
prospective_3_canonical,canonical_p3__mobley_3047364__cluster_3water__cooperative,867,-0.49222286056059233,4.4463970652999025,0.0013877043397980682,-0.00043589242389728485,-0.0014752683964605368
prospective_3_canonical,canonical_p3__mobley_3047364__cluster_3water__cooperative,868,-3.7324872724075515,3.7487949842103636,0.001409924998326706,0.0007300805123206631,-0.0007250074425184735
prospective_3_canonical,canonical_p3__mobley_3047364__cluster_3water__cooperative,869,-2.331380391744388,4.871831640244397,0.001140692337014526,0.00019460258566717062,-0.0010430051788861163
prospective_3_canonical,canonical_p3__mobley_3047364__cluster_3water__cooperative,870,-2.9382181241351923,2.069757190051898,0.0016373309157429183,0.0003933517034348822,-0.0009244239646948598
prospective_3_canonical,canonical_p3__mobley_3047364__cluster_3water__cooperative,871,-0.022634111053739137,3.088224983312425,0.0012869278035108067,-0.0007823875177321579,-0.0019178295403789016
prospective_3_canonical,canonical_p3__mobley_3047364__cluster_3water__cooperative,872,-3.8847108889723945,4.004580093644464,0.0011934446349934902,0.0005716250695384796,-0.0007984103182848201
prospective_3_canonical,canonical_p3__mobley_3047364__cluster_3water__cooperative,873,-1.4682812157033651,3.967822881180044,0.0010556071783593968,-0.0001220011026467644,-0.0013847788827058482
prospective_3_canonical,canonical_p3__mobley_3047364__cluster_3water__cooperative,874,-3.8835244920253817,2.3278067606029613,0.0014024613047891599,0.0006821577422219058,-0.0007839334182763855
prospective_3_canonical,canonical_p3__mobley_3047364__cluster_3water__cooperative,875,-0.42894766252111227,1.7454482043106274,0.0015003682621850256,-0.0008537142257071832,-0.001997550579544336
prospective_3_canonical,canonical_p3__mobley_3047364__cluster_3water__cooperative,876,-3.2524957586932675,3.726847052593499,0.0010702067511301205,0.00037047384929337853,-0.0010118620545870244
prospective_3_canonical,canonical_p3__mobley_3047364__cluster_3water__cooperative,877,-1.1600654319929862,2.6054412610611415,0.0010964138977052063,-0.00028819923362561337,-0.0016501147687170339
prospective_3_canonical,canonical_p3__mobley_3047364__cluster_3water__cooperative,878,-3.835022501778671,2.4585194207026446,0.0012191898880494767,0.0005872880250442139,-0.0009063968905293089
prospective_3_canonical,canonical_p3__mobley_3047364__cluster_3water__cooperative,879,-1.6604134047248866,1.0980117675900132,0.0016739728985599722,1.3187658370695046e-05,-0.0015393190600080395
prospective_3_canonical,canonical_p3__mobley_3047364__cluster_3water__cooperative,880,-2.5475594178942838,2.552776578247273,0.0010874116791621535,0.00017464978183603079,-0.0012674982914983707
prospective_3_canonical,canonical_p3__mobley_3047364__cluster_3water__cooperative,881,-2.9669814563542736,1.4970691453298017,0.0013525246860599527,0.0005056777070152786,-0.0011291295530252666
prospective_3_canonical,canonical_p3__mobley_3047364__cluster_3water__cooperative,882,-0.9245449220768804,5.802568248945386,0.0012441658278914414,-2.4331106791823317e-05,-0.0011062853777036126
prospective_3_canonical,canonical_p3__mobley_3047364__cluster_3water__cooperative,883,-2.0719617698897856,5.919511324448566,0.0011648818806981875,0.00029389399095927735,-0.0009084710273868553
prospective_3_canonical,canonical_p3__mobley_3047364__cluster_3water__cooperative,884,-0.8373244579711887,4.852496798688497,0.001464935478947993,-0.0002464535903524209,-0.00118010168936394
prospective_3_canonical,canonical_p3__mobley_3047364__cluster_3water__cooperative,885,-1.2873871796075698,6.240454623997849,0.0011513968479468506,6.189819232195216e-05,-0.0010450519105526608
prospective_3_canonical,canonical_p3__mobley_3047364__cluster_3water__cooperative,886,-2.383695594292957,5.001923784853912,0.0012978716814946445,0.00046960442105295843,-0.0008735684786829007
prospective_3_canonical,canonical_p3__mobley_3047364__cluster_3water__cooperative,887,-2.5276681190573465,6.153194117856383,0.0011368903713041556,0.0003828189559819349,-0.0008589702104485411
prospective_3_canonical,canonical_p3__mobley_3047364__cluster_3water__cooperative,888,-0.6657744376253273,5.6751490351034715,0.0013008106017871057,-0.00016132447448364223,-0.0012099655956523013
prospective_3_canonical,canonical_p3__mobley_3047364__cluster_3water__cooperative,889,-3.1859800912840734,5.132569638700497,0.0012805634320577353,0.0006452952495791698,-0.0007582435770441306
prospective_3_canonical,canonical_p3__mobley_3047364__cluster_3water__cooperative,890,-2.096230295212724,6.006042593393635,0.001152238890006041,0.00022081530872899513,-0.0009544112430316052
prospective_3_canonical,canonical_p3__mobley_3047364__cluster_3water__cooperative,891,-3.3043762375011725,5.331513612704797,0.0012458685987609686,0.0006001441756751865,-0.0007669498515314163
prospective_3_canonical,canonical_p3__mobley_3047364__cluster_3water__cooperative,892,-1.4249309360697062,5.302924669676916,0.0012654707504300422,-6.140500982504453e-05,-0.001121500389348259
prospective_3_canonical,canonical_p3__mobley_3047364__cluster_3water__cooperative,893,-3.3034534843201633,4.02735657589474,0.0015568721182155354,0.0008729084347241949,-0.000742099076535036
prospective_3_canonical,canonical_p3__mobley_3047364__cluster_3water__cooperative,894,-2.812653358395185,5.115499025220714,0.0012763447353985047,0.00047061127292491727,-0.000872723295291228
prospective_3_canonical,canonical_p3__mobley_3047364__cluster_3water__cooperative,895,-3.265729714128277,4.129021978194493,0.00152184142841838,0.0008241745925866773,-0.0007812984487717817
prospective_3_canonical,canonical_p3__mobley_3047364__cluster_3water__cooperative,896,-2.2643695377737534,4.202333100729204,0.0014963052789649378,0.0006818986117108506,-0.0010104032967069513
prospective_3_canonical,canonical_p3__mobley_3047364__cluster_3water__cooperative,897,-0.6743438817010317,6.134543774071086,0.0010571704782675884,-1.3471235977506097e-05,-0.0011720587083606949
prospective_3_canonical,canonical_p3__mobley_3047364__cluster_3water__cooperative,898,-2.149594114603339,6.28489915686089,0.0009783937819458632,0.000201925194816575,-0.0009240717347385706
prospective_3_canonical,canonical_p3__mobley_3047364__cluster_3water__cooperative,899,-0.5622032849937135,4.913023338026514,0.0013002455678403635,-0.00011105155148935641,-0.0012772129750832652
prospective_3_canonical,canonical_p3__mobley_3047364__cluster_3water__cooperative,900,-1.1408553556690606,6.697540541995682,0.0009630822914692416,1.7051354351137378e-06,-0.0010907928318122347
prospective_3_canonical,canonical_p3__mobley_3047364__cluster_3water__cooperative,901,-2.550394745978844,5.105143748810621,0.001113494943027371,0.00038825474994558587,-0.0008847129053578141
prospective_3_canonical,canonical_p3__mobley_3047364__cluster_3water__cooperative,902,-2.7355022778187736,6.5853484626709395,0.00095008823244358,0.00023970465422643426,-0.0008647331537636883
prospective_3_canonical,canonical_p3__mobley_3047364__cluster_3water__cooperative,903,-1.424655614718922,3.844066281161136,0.0013804181283809669,7.19785719122979e-05,-0.0011697780249456805
prospective_3_canonical,canonical_p3__mobley_3047364__cluster_3water__cooperative,904,-0.3416389731204632,5.970719070560054,0.001115386093370807,-0.0001376141869313898,-0.0013085024629709294
prospective_3_canonical,canonical_p3__mobley_3047364__cluster_3water__cooperative,905,-3.581903384967423,5.273116989470516,0.001093498132754167,0.0004975218169473826,-0.0007480532860162225
prospective_3_canonical,canonical_p3__mobley_3047364__cluster_3water__cooperative,906,-2.1807965043042588,6.396153645504548,0.0009652694651398619,0.00010164714516019315,-0.0009802659954880372
prospective_3_canonical,canonical_p3__mobley_3047364__cluster_3water__cooperative,907,-3.734127001532265,5.528902098904616,0.0010579733789247703,0.00043037245150074374,-0.0007598602045278245
prospective_3_canonical,canonical_p3__mobley_3047364__cluster_3water__cooperative,908,-1.3176973282632365,5.4921448864401965,0.0010815389397298425,-0.00010658164900434605,-0.0011943625092286389
prospective_3_canonical,canonical_p3__mobley_3047364__cluster_3water__cooperative,909,-3.732940604585253,3.852128765863113,0.001375051265816385,0.0007569785823550986,-0.0007205700063064413
prospective_3_canonical,canonical_p3__mobley_3047364__cluster_3water__cooperative,910,-3.1019118712531375,5.25116905785365,0.0010885068023624989,0.0003253163931934787,-0.0008856521850281842
prospective_3_canonical,canonical_p3__mobley_3047364__cluster_3water__cooperative,911,-1.0094815445528569,4.129763266321293,0.0013516169530523037,-0.00036634146219809854,-0.0013793061046529535
prospective_3_canonical,canonical_p3__mobley_3047364__cluster_3water__cooperative,912,-3.6844386143385415,3.982841425962796,0.001336356022404006,0.0006889634585072028,-0.0007716231219112311
prospective_3_canonical,canonical_p3__mobley_3047364__cluster_3water__cooperative,913,-2.3969755304541542,4.077098583507424,0.0013170656109184886,0.0005443359811798829,-0.0010579111002732879
prospective_3_canonical,canonical_p3__mobley_3047364__cluster_3water__cooperative,914,9.98649612115919,0.08602687828679167,-0.002094393191919508,-0.011546068680045447,-0.023550514914984486
prospective_3_canonical,canonical_p3__mobley_3047364__cluster_3water__cooperative,915,8.533101447262844,0.23415477392415385,-0.002934591531495556,-0.00766276470601439,-0.01786682518858182
prospective_3_canonical,canonical_p3__mobley_3047364__cluster_3water__cooperative,916,10.096975375693066,-1.117396958705267,-0.0019503044650335255,-0.00450242103730392,-0.02277540322660283
prospective_3_canonical,canonical_p3__mobley_3047364__cluster_3water__cooperative,917,9.526895928286983,0.640682953353245,-0.0023632677162650495,-0.01244381505731925,-0.022421413357949463
prospective_3_canonical,canonical_p3__mobley_3047364__cluster_3water__cooperative,918,8.138238603018825,-0.9281227762290745,-0.0029801602437187213,-0.003228056975494789,-0.01648880095886806
prospective_3_canonical,canonical_p3__mobley_3047364__cluster_3water__cooperative,919,7.955873404983933,0.5301529789073867,-0.004191690829363992,-0.009825504481056182,-0.01802815535162778
prospective_3_canonical,canonical_p3__mobley_3047364__cluster_3water__cooperative,920,9.247300117519341,-2.170517614728195,-0.002072813969152598,-0.0031904024469458564,-0.018510252709932378
prospective_3_canonical,canonical_p3__mobley_3047364__cluster_3water__cooperative,921,10.314272068131157,-0.0753707925796332,-0.0020016276322758486,-0.018749168171971566,-0.029931108633283587
prospective_3_canonical,canonical_p3__mobley_3047364__cluster_3water__cooperative,922,7.122011573496746,-0.7626380280233997,-0.00683426530644482,-0.007634431125719675,-0.01674142614672469
prospective_3_canonical,canonical_p3__mobley_3047364__cluster_3water__cooperative,923,8.502361315187121,0.3437610479212396,-0.003118301785901778,-0.010518997922563052,-0.019834927933596726
prospective_3_canonical,canonical_p3__mobley_3047364__cluster_3water__cooperative,924,7.9045137714243285,-2.4168011881943325,-0.0028744235732007795,-0.004092601096740938,-0.016506691075684792
prospective_3_canonical,canonical_p3__mobley_3047364__cluster_3water__cooperative,925,9.526919765810725,-3.201382323768594,-0.0019456912972293239,-0.008671591808599156,-0.022839465871241294
prospective_3_canonical,canonical_p3__mobley_3047364__cluster_3water__cooperative,926,9.352673836768277,-0.5468549887866032,-0.0022601307348395494,-0.013228859242392874,-0.02396367244450804
prospective_3_canonical,canonical_p3__mobley_3047364__cluster_3water__cooperative,927,6.973211942317698,-2.1625745742440254,-0.005660800160556256,-0.008385739548794839,-0.016824681062885906
prospective_3_canonical,canonical_p3__mobley_3047364__cluster_3water__cooperative,928,10.37660985582931,-2.7363055963690655,-0.0018572747464968842,-0.02865685660076662,-0.035695745230290794
prospective_3_canonical,canonical_p3__mobley_3047364__cluster_3water__cooperative,929,8.227021595142658,-3.3634198268438578,-0.002415929902763736,-0.008370672493962813,-0.018659683271336935
prospective_3_canonical,canonical_p3__mobley_3047364__cluster_3water__cooperative,930,9.656323460719983,-1.8890531774963377,-0.002004707837600428,-0.01598643119907945,-0.02756059912332728
prospective_3_canonical,canonical_p3__mobley_3047364__cluster_3water__cooperative,931,7.020995384560754,-2.0337983979976717,-0.005761621932824035,-0.010132300691870173,-0.01771799933108863
prospective_3_canonical,canonical_p3__mobley_3047364__cluster_3water__cooperative,932,9.163388050547074,-3.3741503821753,-0.0020277090152447386,-0.013571181870617899,-0.02420409847394585
prospective_3_canonical,canonical_p3__mobley_3047364__cluster_3water__cooperative,933,8.289384941276484,-1.9409376427870382,-0.002679125721568809,-0.009984479085646454,-0.020492359748932522
prospective_3_canonical,canonical_p3__mobley_3047364__cluster_3water__cooperative,934,7.87617656264553,-2.9810049655872115,-0.00280487054322176,-0.010062036326446538,-0.019149862574781906
prospective_3_canonical,canonical_p3__mobley_3047364__cluster_3water__cooperative,935,10.303417438968598,0.5065292101126788,-0.0016666567459289183,-0.008453084611732284,-0.019734282670296765
prospective_3_canonical,canonical_p3__mobley_3047364__cluster_3water__cooperative,936,8.434767143959009,0.6969793616464299,-0.0023029249857731138,-0.0055292575876428884,-0.014623969221354867
prospective_3_canonical,canonical_p3__mobley_3047364__cluster_3water__cooperative,937,10.445462194797868,-1.0407300088771105,-0.001568308913410199,-0.00046015552436633016,-0.017735529407603274
prospective_3_canonical,canonical_p3__mobley_3047364__cluster_3water__cooperative,938,9.712502905275763,1.2196584494838327,-0.001862215177143689,-0.009961532444161616,-0.019027149174016322
prospective_3_canonical,canonical_p3__mobley_3047364__cluster_3water__cooperative,939,7.927086344216702,-0.7973774885505787,-0.0024200528711357805,-0.002713483532876347,-0.01323372815709006
prospective_3_canonical,canonical_p3__mobley_3047364__cluster_3water__cooperative,940,7.692616803886126,1.0775484823391583,-0.003164310075590926,-0.007559314336726505,-0.015089336544210245
prospective_3_canonical,canonical_p3__mobley_3047364__cluster_3water__cooperative,941,9.353022577145937,-2.394742280906591,-0.0016836461790061819,-0.00019765949409696233,-0.013980215925786892
prospective_3_canonical,canonical_p3__mobley_3047364__cluster_3water__cooperative,942,10.724843656503985,0.2990179189987039,-0.0015951336232218338,-0.016922222563765178,-0.027138626993300316
prospective_3_canonical,canonical_p3__mobley_3047364__cluster_3water__cooperative,943,6.620508734831169,-0.5846113837147109,-0.005874215293511398,-0.006778680603112107,-0.014028060345005334
prospective_3_canonical,canonical_p3__mobley_3047364__cluster_3water__cooperative,944,8.395244117004511,0.8379017139283975,-0.0024494868704931783,-0.008629440689009334,-0.016720151302704465
prospective_3_canonical,canonical_p3__mobley_3047364__cluster_3water__cooperative,945,7.626582989309491,-2.711392589648767,-0.0023522530158381905,-0.002960364087893604,-0.013212629682087534
prospective_3_canonical,canonical_p3__mobley_3047364__cluster_3water__cooperative,946,9.71253355352057,-3.7201397639585325,-0.0015810617730735999,-0.0050161621193235695,-0.018442563057020647
prospective_3_canonical,canonical_p3__mobley_3047364__cluster_3water__cooperative,947,9.48850307332314,-0.3071760475531151,-0.001816308919114995,-0.011404879067303975,-0.020619400043747235
prospective_3_canonical,canonical_p3__mobley_3047364__cluster_3water__cooperative,948,6.429194923315252,-2.3845298002840867,-0.004975952027445274,-0.0069180140795249674,-0.01402185795324714
prospective_3_canonical,canonical_p3__mobley_3047364__cluster_3water__cooperative,949,10.804992240687325,-3.1221839715877104,-0.0015119300390527002,-0.028607950080151063,-0.03432359027493535
prospective_3_canonical,canonical_p3__mobley_3047364__cluster_3water__cooperative,950,7.22849798553593,-0.6124120970960731,-0.0037129286368116077,-0.0073077725488953724,-0.01569329634941453
prospective_3_canonical,canonical_p3__mobley_3047364__cluster_3water__cooperative,951,8.041235905518771,-3.9284736964838722,-0.0019507428575771257,-0.0059510163734618005,-0.015241551849346422
prospective_3_canonical,canonical_p3__mobley_3047364__cluster_3water__cooperative,952,9.87890973268962,-2.032859433037059,-0.0016234065937537068,-0.014190429361774348,-0.024401223264209262
prospective_3_canonical,canonical_p3__mobley_3047364__cluster_3water__cooperative,953,9.24513563389588,-3.942270124767155,-0.0016439443074585114,-0.010964654900544076,-0.02076570146874522
prospective_3_canonical,canonical_p3__mobley_3047364__cluster_3water__cooperative,954,8.121417350547976,-2.09956803126796,-0.0021773022261242225,-0.008652259511010119,-0.017299983847110467
prospective_3_canonical,canonical_p3__mobley_3047364__cluster_3water__cooperative,955,7.590149435165322,-3.4367974462967554,-0.002252109852519002,-0.007858325852397326,-0.01600338816191743
prospective_3_canonical,canonical_p3__mobley_3047364__cluster_3water__cooperative,956,9.140637841291213,-0.23194552018125147,-0.002515894166758237,-0.007990643882796022,-0.01982054586497895
prospective_3_canonical,canonical_p3__mobley_3047364__cluster_3water__cooperative,957,7.993220993478308,-0.11500244467807086,-0.003062990920912334,-0.005139711134464734,-0.015613968002845433
prospective_3_canonical,canonical_p3__mobley_3047364__cluster_3water__cooperative,958,9.227858305396904,-1.1820169704381405,-0.002176365504886313,-0.0040500233238084165,-0.018147577690002588
prospective_3_canonical,canonical_p3__mobley_3047364__cluster_3water__cooperative,959,8.777795583760524,0.2059408548712116,-0.003260903858350872,-0.011157704711642975,-0.020915715042862094
prospective_3_canonical,canonical_p3__mobley_3047364__cluster_3water__cooperative,960,7.681487169075136,-1.0325899842727244,-0.002835888692022337,-0.002791891622460337,-0.013882932615409915
prospective_3_canonical,canonical_p3__mobley_3047364__cluster_3water__cooperative,961,7.537514644310748,0.11868034872974498,-0.005107926159682918,-0.008646875255553247,-0.016970056860747713
prospective_3_canonical,canonical_p3__mobley_3047364__cluster_3water__cooperative,962,8.557062048943965,-2.0134280146667667,-0.002191067756712961,-0.0024388356383306235,-0.01525101709755122
prospective_3_canonical,canonical_p3__mobley_3047364__cluster_3water__cooperative,963,6.879202672084021,-0.9019441304261395,-0.0051792676564259565,-0.005361661370357721,-0.014433484903466647
prospective_3_canonical,canonical_p3__mobley_3047364__cluster_3water__cooperative,964,9.656092998703583,-2.135417345197154,-0.0022588185905689784,-0.006597410281237578,-0.02493652545339752
prospective_3_canonical,canonical_p3__mobley_3047364__cluster_3water__cooperative,965,7.968952468155369,-0.028471175733003173,-0.005407197197709657,-0.012596348247585215,-0.020414338549148398
prospective_3_canonical,canonical_p3__mobley_3047364__cluster_3water__cooperative,966,7.496967565184744,-2.207862414771613,-0.002840426749033398,-0.0029705459061283037,-0.013988685567974684
prospective_3_canonical,canonical_p3__mobley_3047364__cluster_3water__cooperative,967,8.777814402858214,-2.8272685744355037,-0.002244041304539479,-0.005856130228551948,-0.018797051941840275
prospective_3_canonical,canonical_p3__mobley_3047364__cluster_3water__cooperative,968,6.7617292790479295,-2.0071571932318966,-0.005250651749770352,-0.006008130716461764,-0.014791510735598208
prospective_3_canonical,canonical_p3__mobley_3047364__cluster_3water__cooperative,969,7.751579004962371,-2.9551929189686064,-0.0028058518207441097,-0.006008097960386602,-0.01654147553813026
prospective_3_canonical,canonical_p3__mobley_3047364__cluster_3water__cooperative,970,8.490815680281647,-2.963664410019745,-0.0027105555444713048,-0.01209472399711858,-0.02224569198380016
prospective_3_canonical,canonical_p3__mobley_3047364__cluster_3water__cooperative,971,7.474596084569903,-2.6532864495554644,-0.003916007520001763,-0.009870716698701265,-0.01870087933556589
prospective_3_canonical,canonical_p3__mobley_3047364__cluster_3water__cooperative,972,9.39083888166706,0.10003000494444869,-0.002077659698046297,-0.00640735022110459,-0.017785701772249675
prospective_3_canonical,canonical_p3__mobley_3047364__cluster_3water__cooperative,973,7.915588648764754,0.2503853877342528,-0.0024884598741050645,-0.004307776850203406,-0.01346700647752527
prospective_3_canonical,canonical_p3__mobley_3047364__cluster_3water__cooperative,974,9.50297947837438,-1.121490431100122,-0.0018121164704423265,-0.001896018677741944,-0.015516516651677657
prospective_3_canonical,canonical_p3__mobley_3047364__cluster_3water__cooperative,975,8.924327407699034,0.663026772869044,-0.0026653867320520774,-0.009490442617853626,-0.019128284179207734
prospective_3_canonical,canonical_p3__mobley_3047364__cluster_3water__cooperative,976,7.51478801738925,-0.9293700203160169,-0.0023106366939078526,-0.002325144948064618,-0.01168321345363451
prospective_3_canonical,canonical_p3__mobley_3047364__cluster_3water__cooperative,977,10.325831156995333,-0.9866312126161643,-0.0020391358833364848,-0.010615525991214661,-0.027853754216968306
prospective_3_canonical,canonical_p3__mobley_3047364__cluster_3water__cooperative,978,7.3296804855493205,0.5508346935443016,-0.00412638926599973,-0.007352483092623488,-0.015006833790392575
prospective_3_canonical,canonical_p3__mobley_3047364__cluster_3water__cooperative,979,8.640527148649172,-2.1904474879655003,-0.0018194654347372108,-0.0011471222400470152,-0.012593432168776817
prospective_3_canonical,canonical_p3__mobley_3047364__cluster_3water__cooperative,980,6.48327937840067,-0.7613967796561214,-0.0042447651110562035,-0.004733135652435047,-0.012466441923617072
prospective_3_canonical,canonical_p3__mobley_3047364__cluster_3water__cooperative,981,7.884386259063834,0.3616398763779112,-0.0046091968426829055,-0.010445487692788415,-0.018586220433123177
prospective_3_canonical,canonical_p3__mobley_3047364__cluster_3water__cooperative,982,7.27754852667303,-2.4404345738145876,-0.002319342860076734,-0.0023995242558172676,-0.011763381479228476
prospective_3_canonical,canonical_p3__mobley_3047364__cluster_3water__cooperative,983,8.924351603681776,-3.236813921953876,-0.0018784214626794693,-0.003941474946237061,-0.016432097742998378
prospective_3_canonical,canonical_p3__mobley_3047364__cluster_3water__cooperative,984,9.78681898828711,-2.764743559555858,-0.00225967195778054,-0.020544910437052456,-0.03112907397436434
prospective_3_canonical,canonical_p3__mobley_3047364__cluster_3water__cooperative,985,7.604906092101408,-3.4012880792107234,-0.002317394351624369,-0.004857174061797583,-0.01435059925918812
prospective_3_canonical,canonical_p3__mobley_3047364__cluster_3water__cooperative,986,8.555353246083335,-3.412179996276472,-0.0022915585174496655,-0.010254733927408008,-0.020664881583012395
prospective_3_canonical,canonical_p3__mobley_3047364__cluster_3water__cooperative,987,7.248785194453949,-3.013122618536683,-0.0033234109590472016,-0.008229002447215276,-0.016732473154659987
prospective_3_canonical,canonical_p3__mobley_3047364__cluster_3water__cooperative,988,8.060369372728244,0.08115579392578698,-0.004857056461802678,-0.011610131480287422,-0.019934796341024276
prospective_3_canonical,canonical_p3__mobley_3047364__cluster_3water__cooperative,989,8.84494396301046,0.402099093475069,-0.003022152279495316,-0.012153355400133996,-0.02148807721169893
prospective_3_canonical,canonical_p3__mobley_3047364__cluster_3water__cooperative,990,7.604663023560683,0.31483858733360237,-0.00502580401143593,-0.00990052250575404,-0.017650023756104298
prospective_3_canonical,canonical_p3__mobley_3047364__cluster_3water__cooperative,991,9.466556704992703,-0.16320649541930798,-0.0023916337114382458,-0.014430457800059021,-0.024972414661219723
prospective_3_canonical,canonical_p3__mobley_3047364__cluster_3water__cooperative,992,8.036100847405306,0.16768706287085489,-0.003135776536425716,-0.008589180080665127,-0.01765219410087452
prospective_3_canonical,canonical_p3__mobley_3047364__cluster_3water__cooperative,993,9.831792399053587,-1.2195625591873456,-0.0022383335397329063,-0.01820832505893736,-0.03063738852781445
prospective_3_canonical,canonical_p3__mobley_3047364__cluster_3water__cooperative,994,8.707400206548325,-0.5354308608458641,-0.002348824378588965,-0.009841243021132732,-0.0197108623395994
prospective_3_canonical,canonical_p3__mobley_3047364__cluster_3water__cooperative,995,9.515770747912297,-2.2639444984109662,-0.0023006413832469264,-0.019075420130747762,-0.029879817706330948
prospective_3_canonical,canonical_p3__mobley_3047364__cluster_3water__cooperative,996,7.319677784222844,-0.7228565053020661,-0.003751057425093407,-0.007376539944309926,-0.016199523430125436
prospective_3_canonical,canonical_p3__mobley_3047364__cluster_3water__cooperative,997,7.818727384212307,-2.7590346803647487,-0.003370652128747764,-0.011117096594781599,-0.02012614144992419
prospective_3_canonical,canonical_p3__mobley_3047364__cluster_3water__cooperative,998,8.947123593878619,-1.595061009827232,-0.0021784905697792567,-0.011604276203268055,-0.021968667026316013
prospective_3_canonical,canonical_p3__mobley_3047364__cluster_3water__cooperative,999,6.866601428489753,-1.7093335523282864,-0.005420954335798811,-0.008678891260948582,-0.01637472839517527
prospective_3_canonical,canonical_p3__mobley_3047364__cluster_3water__cooperative,1000,8.557964059531583,-2.7675061714158877,-0.0024864471028687163,-0.012700854794306115,-0.02251538419709891
prospective_3_canonical,canonical_p3__mobley_3047364__cluster_3water__cooperative,1001,7.867961604844275,-1.6360224297935755,-0.0026838643624760294,-0.008126312121750759,-0.017530852252962772
prospective_3_canonical,canonical_p3__mobley_3047364__cluster_3water__cooperative,1002,7.541744463819838,-2.4571282109516073,-0.0031943214198033587,-0.00890648660355401,-0.0178847254866688
prospective_3_canonical,canonical_p3__mobley_3047364__cluster_3water__cooperative,1003,9.457987260916996,0.2961882435483063,-0.002651986626338143,-0.013691956912903607,-0.023895090199071288
prospective_3_canonical,canonical_p3__mobley_3047364__cluster_3water__cooperative,1004,7.98273702801469,0.4465436263381095,-0.004006647579992695,-0.00909529084727042,-0.017732670471070088
prospective_3_canonical,canonical_p3__mobley_3047364__cluster_3water__cooperative,1005,8.991475786948968,0.8591850114729016,-0.0024587884533442406,-0.010553211982789813,-0.019481552162964582
prospective_3_canonical,canonical_p3__mobley_3047364__cluster_3water__cooperative,1006,7.3968288647992555,0.7469929321481588,-0.003997867808296363,-0.008340633080998569,-0.015525325663077492
prospective_3_canonical,canonical_p3__mobley_3047364__cluster_3water__cooperative,1007,9.790692169497564,0.1323635400372738,-0.0019737489240982953,-0.01354955719660105,-0.023672891151883296
prospective_3_canonical,canonical_p3__mobley_3047364__cluster_3water__cooperative,1008,7.9515346383137695,0.5577981149817683,-0.0025300629373754546,-0.007715586301108512,-0.015504945314922844
prospective_3_canonical,canonical_p3__mobley_3047364__cluster_3water__cooperative,1009,10.260280919004417,-1.2258085419502027,-0.0018610657931388275,-0.017637483535113865,-0.03134764404046728
prospective_3_canonical,canonical_p3__mobley_3047364__cluster_3water__cooperative,1010,8.99149998293171,-3.040655683350018,-0.0024059950799077967,-0.013643552058930343,-0.024583056978797216
prospective_3_canonical,canonical_p3__mobley_3047364__cluster_3water__cooperative,1011,8.814633814354792,-0.3462106440825836,-0.0019328669973015522,-0.009221867151443573,-0.017638230499614826
prospective_3_canonical,canonical_p3__mobley_3047364__cluster_3water__cooperative,1012,9.853967367537045,-2.568585320952001,-0.001931059284640213,-0.018895161680380447,-0.030196479495645023
prospective_3_canonical,canonical_p3__mobley_3047364__cluster_3water__cooperative,1013,7.030419271364892,-0.5871864726691295,-0.003017342475859053,-0.006675374490860072,-0.014095057703941585
prospective_3_canonical,canonical_p3__mobley_3047364__cluster_3water__cooperative,1014,7.672054471351345,-3.205129840606866,-0.002840469121409228,-0.008853987235173225,-0.017881772334419704
prospective_3_canonical,canonical_p3__mobley_3047364__cluster_3water__cooperative,1015,9.122849598065173,-1.7085922642014864,-0.0018083305641800607,-0.010974159911597392,-0.020141164800815067
prospective_3_canonical,canonical_p3__mobley_3047364__cluster_3water__cooperative,1016,8.622501625333271,-3.2160217576726144,-0.0020755705865571628,-0.011180380378395485,-0.020651925378015565
prospective_3_canonical,canonical_p3__mobley_3047364__cluster_3water__cooperative,1017,7.7353556121638745,-1.7612569470153558,-0.0021901257520045014,-0.007474786338219663,-0.015371985415752023
prospective_3_canonical,canonical_p3__mobley_3047364__cluster_3water__cooperative,1018,7.315933573703885,-2.8169643799328257,-0.002609104557559583,-0.007673797070731493,-0.015685979001123902
prospective_3_canonical,canonical_p3__mobley_3047364__cluster_3water__cooperative,1019,12.773878657436194,-0.48637070084285394,-0.0009552886467423249,-0.008174186703166959,-0.016322018198338006
prospective_3_canonical,canonical_p3__mobley_3047364__cluster_3water__cooperative,1020,11.320483983539846,-0.3382428052054922,-0.0013629326387736285,-0.009380821452190272,-0.02269105522003595
prospective_3_canonical,canonical_p3__mobley_3047364__cluster_3water__cooperative,1021,12.884357911970069,-1.6897945378349122,-0.0009129113369370501,0.04405386457309713,-0.0021459850146467417
prospective_3_canonical,canonical_p3__mobley_3047364__cluster_3water__cooperative,1022,12.314278464563987,0.06828537422359915,-0.0010776316399221386,-0.023268667300350522,-0.027096903844406394
prospective_3_canonical,canonical_p3__mobley_3047364__cluster_3water__cooperative,1023,10.92562113929583,-1.5005203553587205,-0.001427897932149591,0.004879425128096378,-0.018176586592756463
prospective_3_canonical,canonical_p3__mobley_3047364__cluster_3water__cooperative,1024,10.743255941260937,-0.04224460022225918,-0.0017925979843047557,-0.020156604847585777,-0.030556395601273805
prospective_3_canonical,canonical_p3__mobley_3047364__cluster_3water__cooperative,1025,12.034682653796349,-2.7429151938578418,-0.0010357420866977662,0.02589025110991635,-0.005122138738965679
prospective_3_canonical,canonical_p3__mobley_3047364__cluster_3water__cooperative,1026,13.101654604408163,-0.647768371709279,-0.0009048624365783908,-0.04277060416897739,-0.02707323328793565
prospective_3_canonical,canonical_p3__mobley_3047364__cluster_3water__cooperative,1027,11.289743851464126,-0.228636531208406,-0.0014345752233646536,-0.024207903301879947,-0.032957669491561675
prospective_3_canonical,canonical_p3__mobley_3047364__cluster_3water__cooperative,1028,10.691896307701333,-2.989198767323979,-0.001415068634851302,0.004222570221331226,-0.01783372429071243
prospective_3_canonical,canonical_p3__mobley_3047364__cluster_3water__cooperative,1029,12.314302302087729,-3.77377990289824,-0.0009776992490948544,0.01377717667877118,-0.008362046851074821
prospective_3_canonical,canonical_p3__mobley_3047364__cluster_3water__cooperative,1030,12.140056373045281,-1.119252567916249,-0.0010922732177522931,-0.03075082961180451,-0.03264179004221353
prospective_3_canonical,canonical_p3__mobley_3047364__cluster_3water__cooperative,1031,9.760594478594703,-2.734972153373671,-0.0021793670993996983,-0.013328481018002344,-0.027951697756623158
prospective_3_canonical,canonical_p3__mobley_3047364__cluster_3water__cooperative,1032,13.163992392106316,-3.308703175498713,-0.0008835569602458904,-0.07354704654162578,-0.017011322186098698
prospective_3_canonical,canonical_p3__mobley_3047364__cluster_3water__cooperative,1033,11.014404131419662,-3.9358174059735047,-0.0012556004095269913,-0.009035239851114242,-0.02109322333976819
prospective_3_canonical,canonical_p3__mobley_3047364__cluster_3water__cooperative,1034,12.443705996996988,-2.4614507566259833,-0.0009912858578990935,-0.03650697196608674,-0.03053314743880124
prospective_3_canonical,canonical_p3__mobley_3047364__cluster_3water__cooperative,1035,9.80837792083776,-2.6061959771273178,-0.0022397579278772284,-0.022958395799741,-0.0327220701855428
prospective_3_canonical,canonical_p3__mobley_3047364__cluster_3water__cooperative,1036,11.95077058682408,-3.946547961304947,-0.0010444701995169225,-0.023041109593204087,-0.02402291898089099
prospective_3_canonical,canonical_p3__mobley_3047364__cluster_3water__cooperative,1037,11.076767477553487,-2.5133352219166833,-0.00134803307792275,-0.02503535748818229,-0.03308797216744568
prospective_3_canonical,canonical_p3__mobley_3047364__cluster_3water__cooperative,1038,10.663559098922535,-3.5534025447168585,-0.00142763695219017,-0.021171220199223045,-0.02971998540838208
prospective_3_canonical,canonical_p3__mobley_3047364__cluster_3water__cooperative,1039,13.090799975245602,-0.0658683690169668,-0.0008491616319821205,-0.0012179243447384466,-0.009089368993928315
prospective_3_canonical,canonical_p3__mobley_3047364__cluster_3water__cooperative,1040,11.222149680236013,0.12458178251678387,-0.0012723132661269787,-0.005141834437597214,-0.017255252067299845
prospective_3_canonical,canonical_p3__mobley_3047364__cluster_3water__cooperative,1041,13.232844731074874,-1.613127588006757,-0.0008025988887156998,0.04810439689007655,0.007886708515611995
prospective_3_canonical,canonical_p3__mobley_3047364__cluster_3water__cooperative,1042,12.499885441552765,0.647260870354188,-0.0009748608553685756,-0.015591307598114376,-0.020761146656299998
prospective_3_canonical,canonical_p3__mobley_3047364__cluster_3water__cooperative,1043,10.714468880493706,-1.3697750676802243,-0.0013358767165296825,0.0038661652981363545,-0.012925045421902422
prospective_3_canonical,canonical_p3__mobley_3047364__cluster_3water__cooperative,1044,10.47999934016313,0.505150903209513,-0.001776093646102872,-0.01440538316708985,-0.02523113328686457
prospective_3_canonical,canonical_p3__mobley_3047364__cluster_3water__cooperative,1045,12.14040511342294,-2.967139860036236,-0.0009170825817701456,0.027464910673556733,0.002552504183897431
prospective_3_canonical,canonical_p3__mobley_3047364__cluster_3water__cooperative,1046,13.51222619278099,-0.2733796601309417,-0.0008002002096292316,-0.02695937547241391,-0.0191002270598557
prospective_3_canonical,canonical_p3__mobley_3047364__cluster_3water__cooperative,1047,11.182626653281515,0.2655041347987517,-0.0013558063757059813,-0.01768900387172671,-0.026798323130093723
prospective_3_canonical,canonical_p3__mobley_3047364__cluster_3water__cooperative,1048,10.413965525586494,-3.2837901687784123,-0.0013095071114612722,0.003860883226097873,-0.012549805297421453
prospective_3_canonical,canonical_p3__mobley_3047364__cluster_3water__cooperative,1049,12.499916089797575,-4.292537343088178,-0.0008557004581364325,0.019190164273628085,6.877713679608218e-05
prospective_3_canonical,canonical_p3__mobley_3047364__cluster_3water__cooperative,1050,12.275885609600143,-0.879573626682761,-0.0009847982639401565,-0.021079110795155988,-0.02540049277760253
prospective_3_canonical,canonical_p3__mobley_3047364__cluster_3water__cooperative,1051,9.216577459592255,-2.9569273794137327,-0.0022301319488304827,-0.010188234156704513,-0.023339407179512116
prospective_3_canonical,canonical_p3__mobley_3047364__cluster_3water__cooperative,1052,13.592374776964332,-3.6945815507173565,-0.0007755677875493916,-0.04383319757439414,-0.006755771667247525
prospective_3_canonical,canonical_p3__mobley_3047364__cluster_3water__cooperative,1053,10.015880521812935,-1.1848096762257185,-0.0019127697926215603,-0.016391294421924163,-0.02879153293206814
prospective_3_canonical,canonical_p3__mobley_3047364__cluster_3water__cooperative,1054,10.828618441795776,-4.500871275613518,-0.0011313760538724793,-0.004325227476474567,-0.015394441424026385
prospective_3_canonical,canonical_p3__mobley_3047364__cluster_3water__cooperative,1055,12.666292268966625,-2.6052570121667045,-0.0008770506002484524,-0.022997196407642393,-0.022715158424680918
prospective_3_canonical,canonical_p3__mobley_3047364__cluster_3water__cooperative,1056,9.278013313904756,-2.791358009954134,-0.0023016112837517255,-0.01741608618311194,-0.027760163383018732
prospective_3_canonical,canonical_p3__mobley_3047364__cluster_3water__cooperative,1057,12.032518170172882,-4.514667703896801,-0.000919071285084172,-0.014625819345982234,-0.017340443936789574
prospective_3_canonical,canonical_p3__mobley_3047364__cluster_3water__cooperative,1058,10.90879988682498,-2.6719656103976064,-0.0012435127161545267,-0.018325358291435327,-0.026681005057618175
prospective_3_canonical,canonical_p3__mobley_3047364__cluster_3water__cooperative,1059,10.377531971442325,-4.0091950254264015,-0.0013191248422463886,-0.01478205142638332,-0.023935342235265805
prospective_3_canonical,canonical_p3__mobley_3047364__cluster_3water__cooperative,1060,11.899169977812745,-0.8332633875211659,-0.0011642628733703475,-0.003302011041374624,-0.018601168764771907
prospective_3_canonical,canonical_p3__mobley_3047364__cluster_3water__cooperative,1061,10.751753129999843,-0.7163203120179849,-0.0015331555206490322,-0.003702974081304026,-0.020288541641918532
prospective_3_canonical,canonical_p3__mobley_3047364__cluster_3water__cooperative,1062,11.986390441918438,-1.783334837778054,-0.0010757006180597273,0.016287859048214767,-0.008800292183375502
prospective_3_canonical,canonical_p3__mobley_3047364__cluster_3water__cooperative,1063,11.536327720282058,-0.3953770124687028,-0.0013632360880109218,-0.020492945276553508,-0.029140963862664283
prospective_3_canonical,canonical_p3__mobley_3047364__cluster_3water__cooperative,1064,10.44001930559667,-1.6339078516126393,-0.0014969216793261353,0.0034008647450620858,-0.015781674215347773
prospective_3_canonical,canonical_p3__mobley_3047364__cluster_3water__cooperative,1065,10.296046780832281,-0.48263751861016857,-0.0021116180247719996,-0.015777773524247824,-0.028533113821854264
prospective_3_canonical,canonical_p3__mobley_3047364__cluster_3water__cooperative,1066,11.3155941854655,-2.614745882006683,-0.0011580718770485277,0.01268069426059024,-0.009126894852856816
prospective_3_canonical,canonical_p3__mobley_3047364__cluster_3water__cooperative,1067,9.637734808605554,-1.503261997766054,-0.002226145005145952,-0.0055581741277280355,-0.022667361584738015
prospective_3_canonical,canonical_p3__mobley_3047364__cluster_3water__cooperative,1068,12.414625135225117,-2.736735212537068,-0.0010391475988749121,0.03634723078688987,-0.00937511293238623
prospective_3_canonical,canonical_p3__mobley_3047364__cluster_3water__cooperative,1069,10.727484604676905,-0.6297890430729169,-0.0019498506374064917,-0.030165043794126004,-0.03644619430693641
prospective_3_canonical,canonical_p3__mobley_3047364__cluster_3water__cooperative,1070,10.255499701706277,-2.809180282111527,-0.0014784790697346395,0.0034245254246600895,-0.01563619924990134
prospective_3_canonical,canonical_p3__mobley_3047364__cluster_3water__cooperative,1071,11.536346539379746,-3.4285864417754173,-0.0011419147793807483,0.007882733581183765,-0.012602247228279063
prospective_3_canonical,canonical_p3__mobley_3047364__cluster_3water__cooperative,1072,9.520261415569465,-2.608475060571812,-0.0021282319426179086,-0.006737099040581233,-0.023171987307879224
prospective_3_canonical,canonical_p3__mobley_3047364__cluster_3water__cooperative,1073,10.510111141483906,-3.5565107863085217,-0.00142341557790715,-0.0038275667813464634,-0.01979049960003975
prospective_3_canonical,canonical_p3__mobley_3047364__cluster_3water__cooperative,1074,11.249347816803182,-3.56498227735966,-0.0013162425124013666,-0.018604878062542574,-0.026872907651246836
prospective_3_canonical,canonical_p3__mobley_3047364__cluster_3water__cooperative,1075,10.233128221091436,-3.2546043168953793,-0.0017598717067848213,-0.018816728407863026,-0.02982603774017315
prospective_3_canonical,canonical_p3__mobley_3047364__cluster_3water__cooperative,1076,12.149371018188594,-0.5012878623954662,-0.001047117541824072,0.0006360501915209926,-0.01345287862102628
prospective_3_canonical,canonical_p3__mobley_3047364__cluster_3water__cooperative,1077,10.674120785286288,-0.3509324796056612,-0.0014369087859940066,-0.002780892911577047,-0.01662738603037331
prospective_3_canonical,canonical_p3__mobley_3047364__cluster_3water__cooperative,1078,12.261511614895912,-1.7228082984400355,-0.0009560732130129423,0.021950832410887543,-0.00178205600786209
prospective_3_canonical,canonical_p3__mobley_3047364__cluster_3water__cooperative,1079,11.682859544220566,0.06170890552913022,-0.0012566763899393152,-0.01575916994123156,-0.025361750867142097
prospective_3_canonical,canonical_p3__mobley_3047364__cluster_3water__cooperative,1080,10.273320153910783,-1.5306878876559318,-0.0013973849913782033,0.0027676980155815246,-0.0122125321974195
prospective_3_canonical,canonical_p3__mobley_3047364__cluster_3water__cooperative,1081,13.084363293516867,-1.5879490799560791,-0.0009085843488501055,0.03595499822461881,-0.007010446753971278
prospective_3_canonical,canonical_p3__mobley_3047364__cluster_3water__cooperative,1082,10.088212622070856,-0.050483173795612846,-0.002121281984694079,-0.013184667270854907,-0.02534115311340843
prospective_3_canonical,canonical_p3__mobley_3047364__cluster_3water__cooperative,1083,11.399059285170706,-2.791765355305416,-0.0010363704679079433,0.013972859295794013,-0.0038334131853576224
prospective_3_canonical,canonical_p3__mobley_3047364__cluster_3water__cooperative,1084,9.241811514922205,-1.3627146469960363,-0.0023022259691147795,-0.005033156532758619,-0.019782678810877474
prospective_3_canonical,canonical_p3__mobley_3047364__cluster_3water__cooperative,1085,12.812099077718786,-2.948608780273054,-0.0009173695429041118,0.08308821272450292,0.0012531174797292335
prospective_3_canonical,canonical_p3__mobley_3047364__cluster_3water__cooperative,1086,10.642918395585369,-0.23967799096200304,-0.001908714729592198,-0.02327019515003281,-0.03324392690503403
prospective_3_canonical,canonical_p3__mobley_3047364__cluster_3water__cooperative,1087,10.036080663194562,-3.0417524411545016,-0.0013737620724167954,0.002872328539740225,-0.01202876053501908
prospective_3_canonical,canonical_p3__mobley_3047364__cluster_3water__cooperative,1088,11.682883740203309,-3.83813178929379,-0.0010157754170956323,0.012255374457660478,-0.006491812472372006
prospective_3_canonical,canonical_p3__mobley_3047364__cluster_3water__cooperative,1089,9.090774295304374,-2.783702870603438,-0.0021619704815085683,-0.006209648724583839,-0.02019741972163034
prospective_3_canonical,canonical_p3__mobley_3047364__cluster_3water__cooperative,1090,12.545351124808644,-3.3660614268957727,-0.0010289425444280909,-0.030043510157710427,-0.020432030331727927
prospective_3_canonical,canonical_p3__mobley_3047364__cluster_3water__cooperative,1091,10.363438228622941,-4.002605946550638,-0.0013047618897479296,-0.0023194638219782224,-0.015867485352911572
prospective_3_canonical,canonical_p3__mobley_3047364__cluster_3water__cooperative,1092,11.31388538260487,-4.013497863616387,-0.00118345065915193,-0.013613589948650957,-0.022695744519014054
prospective_3_canonical,canonical_p3__mobley_3047364__cluster_3water__cooperative,1093,10.007317330975482,-3.6144404858765977,-0.001667417552760675,-0.014954309130041307,-0.026375753770614147
prospective_3_canonical,canonical_p3__mobley_3047364__cluster_3water__cooperative,1094,10.887635976515966,-0.40678681002793704,-0.0017611965650905503,-0.024157125440092048,-0.03289987277627787
prospective_3_canonical,canonical_p3__mobley_3047364__cluster_3water__cooperative,1095,11.672210566798183,-0.08584351047865457,-0.001295293965452693,-0.02675567981707089,-0.03261436686659086
prospective_3_canonical,canonical_p3__mobley_3047364__cluster_3water__cooperative,1096,10.431929627348405,-0.17310401662012076,-0.002019305956538986,-0.020979390521954862,-0.03180685122326136
prospective_3_canonical,canonical_p3__mobley_3047364__cluster_3water__cooperative,1097,12.293823308780425,-0.6511490993730322,-0.0010791622262127376,-0.033228189897611185,-0.03278598186709254
prospective_3_canonical,canonical_p3__mobley_3047364__cluster_3water__cooperative,1098,10.863367451193028,-0.32025554108286824,-0.0015442098842113339,-0.01899276757527897,-0.030106757029518746
prospective_3_canonical,canonical_p3__mobley_3047364__cluster_3water__cooperative,1099,12.65905900284131,-1.7075051631410694,-0.0009992196202333048,-0.05037189740375111,-0.033693285908005716
prospective_3_canonical,canonical_p3__mobley_3047364__cluster_3water__cooperative,1100,11.534666810336047,-1.0233734647995882,-0.0012110419928061944,-0.02170310894392473,-0.02995392080969707
prospective_3_canonical,canonical_p3__mobley_3047364__cluster_3water__cooperative,1101,12.34303735170002,-2.75188710236469,-0.0010687791462631324,-0.05492397976048559,-0.034153442550046334
prospective_3_canonical,canonical_p3__mobley_3047364__cluster_3water__cooperative,1102,10.146944388010567,-1.21079910925579,-0.001854541310052582,-0.01682906755134985,-0.02962795207725578
prospective_3_canonical,canonical_p3__mobley_3047364__cluster_3water__cooperative,1103,10.64599398800003,-3.2469772843184734,-0.0015966197021723971,-0.025372410393888087,-0.03265060202024254
prospective_3_canonical,canonical_p3__mobley_3047364__cluster_3water__cooperative,1104,11.77439019766634,-2.0830036137809564,-0.0011225575119304665,-0.026462536332799914,-0.03107616448630001
prospective_3_canonical,canonical_p3__mobley_3047364__cluster_3water__cooperative,1105,9.693868032277475,-2.19727615628201,-0.002246661822147722,-0.020176525015628617,-0.03134626611495533
prospective_3_canonical,canonical_p3__mobley_3047364__cluster_3water__cooperative,1106,11.385230663319307,-3.2554487753696124,-0.0012538716343835077,-0.030725867982362525,-0.0330364211990657
prospective_3_canonical,canonical_p3__mobley_3047364__cluster_3water__cooperative,1107,10.695228208631999,-2.1239650337473,-0.0014324829602987421,-0.018929059601318993,-0.029672274868600437
prospective_3_canonical,canonical_p3__mobley_3047364__cluster_3water__cooperative,1108,10.36901106760756,-2.945070814905332,-0.0016055441775080226,-0.021337866997032814,-0.03133781257091482
prospective_3_canonical,canonical_p3__mobley_3047364__cluster_3water__cooperative,1109,12.285253864704721,-0.1917543604054175,-0.0011001250636697435,-0.02406005842884116,-0.027507245551900178
prospective_3_canonical,canonical_p3__mobley_3047364__cluster_3water__cooperative,1110,10.810003631802411,-0.04139897761561384,-0.0016939996151750236,-0.016524029270187868,-0.02797485159150203
prospective_3_canonical,canonical_p3__mobley_3047364__cluster_3water__cooperative,1111,11.818742390736691,0.37124240751917803,-0.0011870269861322669,-0.02050423121780608,-0.027501186995327945
prospective_3_canonical,canonical_p3__mobley_3047364__cluster_3water__cooperative,1112,13.220246140032993,-1.278415577966031,-0.000906050855884466,-0.09739836421411507,-0.02539469101269235
prospective_3_canonical,canonical_p3__mobley_3047364__cluster_3water__cooperative,1113,10.22409546858698,0.2590503281944354,-0.002012523990147841,-0.01676408799911827,-0.027511808091824613
prospective_3_canonical,canonical_p3__mobley_3047364__cluster_3water__cooperative,1114,12.617958773285288,-0.35557906391645044,-0.0009653394136899252,-0.0259977297569317,-0.027014290149949452
prospective_3_canonical,canonical_p3__mobley_3047364__cluster_3water__cooperative,1115,10.778801242101492,0.06985551102804455,-0.0014543635364878682,-0.015751989583269916,-0.025461262735490146
prospective_3_canonical,canonical_p3__mobley_3047364__cluster_3water__cooperative,1116,13.087547522792143,-1.7137511459039272,-0.0008826223730959981,-0.033327381026321753,-0.02660222227296683
prospective_3_canonical,canonical_p3__mobley_3047364__cluster_3water__cooperative,1117,11.641900418142514,-0.8341532480363076,-0.0010968397311410527,-0.017742171373733816,-0.02474589643974727
prospective_3_canonical,canonical_p3__mobley_3047364__cluster_3water__cooperative,1118,12.681233971324767,-3.056527924905725,-0.0009486507575067193,-0.046300534865959656,-0.027379715757682225
prospective_3_canonical,canonical_p3__mobley_3047364__cluster_3water__cooperative,1119,9.857685875152615,-1.0751290766228538,-0.001820824113378805,-0.014337438251303203,-0.025345628297060656
prospective_3_canonical,canonical_p3__mobley_3047364__cluster_3water__cooperative,1120,10.499321075139067,-3.693072444560589,-0.0014840579506447682,-0.0170892852457598,-0.02743390015057598
prospective_3_canonical,canonical_p3__mobley_3047364__cluster_3water__cooperative,1121,11.950116201852895,-2.196534868155211,-0.0010050642386056907,-0.020948900539954445,-0.025485799734060312
prospective_3_canonical,canonical_p3__mobley_3047364__cluster_3water__cooperative,1122,9.27515913206721,-2.343456708513708,-0.0023007535190044948,-0.016717565553945938,-0.02738278047706027
prospective_3_canonical,canonical_p3__mobley_3047364__cluster_3water__cooperative,1123,11.449768229120995,-3.703964361626339,-0.0011289761495874018,-0.023166271222937025,-0.027646455235512526
prospective_3_canonical,canonical_p3__mobley_3047364__cluster_3water__cooperative,1124,10.562622215951597,-2.24919955096908,-0.0013272332560356759,-0.01575157216473387,-0.024912661312029495
prospective_3_canonical,canonical_p3__mobley_3047364__cluster_3water__cooperative,1125,10.143200177491607,-3.3049069838865495,-0.0015088759533847806,-0.016788754364923685,-0.026679478602987288
prospective_3_canonical,canonical_p3__mobley_3047364__cluster_3water__cooperative,1126,15.614720439370886,-1.0281195965985357,-0.0005274418122294122,0.01206639077943879,0.022785800451847686
prospective_3_canonical,canonical_p3__mobley_3047364__cluster_3water__cooperative,1127,14.16132576547454,-0.8799917009611735,-0.0006898909030184086,0.022062182307525095,0.0082947943537625
prospective_3_canonical,canonical_p3__mobley_3047364__cluster_3water__cooperative,1128,15.725199693904763,-2.2315434335905935,-0.0005136416649547115,0.039490326099595886,0.03399906704557112
prospective_3_canonical,canonical_p3__mobley_3047364__cluster_3water__cooperative,1129,15.15512024649868,-0.47346352153208215,-0.0005738107945392201,-0.013434488092359878,0.008683149889003731
prospective_3_canonical,canonical_p3__mobley_3047364__cluster_3water__cooperative,1130,13.766462921230522,-2.042269251114403,-0.000732857204979176,0.10987681443468036,0.017354276930764967
prospective_3_canonical,canonical_p3__mobley_3047364__cluster_3water__cooperative,1131,16.53586097728689,-2.098682129454548,-0.0004639541074271669,0.003471740924102458,0.03043850801876818
prospective_3_canonical,canonical_p3__mobley_3047364__cluster_3water__cooperative,1132,13.584097723195631,-0.5839934959779405,-0.0008078468693595298,-0.033812677392586754,-0.014894371897561334
prospective_3_canonical,canonical_p3__mobley_3047364__cluster_3water__cooperative,1133,14.87552443573104,-3.2846640896135235,-0.000577278230085021,0.07445914274844674,0.034271087673406544
prospective_3_canonical,canonical_p3__mobley_3047364__cluster_3water__cooperative,1134,15.942496386342853,-1.1895172674649608,-0.0005052372719509535,-0.01718307348195452,0.016351504569857518
prospective_3_canonical,canonical_p3__mobley_3047364__cluster_3water__cooperative,1135,16.267630305426554,-3.4391839082853464,-0.0004772367894512186,0.0153996732703474,0.034024955007979196
prospective_3_canonical,canonical_p3__mobley_3047364__cluster_3water__cooperative,1136,14.13058563339882,-0.7703854269640877,-0.0007041596491657032,-0.024934054346198956,-0.010684080667336199
prospective_3_canonical,canonical_p3__mobley_3047364__cluster_3water__cooperative,1137,13.532738089636027,-3.530947663079661,-0.0007475088908242,0.10726649250346942,0.018061725759399523
prospective_3_canonical,canonical_p3__mobley_3047364__cluster_3water__cooperative,1138,16.405128265486642,-2.5275682815711416,-0.00047244555844994096,-0.016021307435855496,0.023939625421221404
prospective_3_canonical,canonical_p3__mobley_3047364__cluster_3water__cooperative,1139,15.155144084022421,-4.315528798653921,-0.0005495468878455867,0.02990798033303222,0.029655515591783182
prospective_3_canonical,canonical_p3__mobley_3047364__cluster_3water__cooperative,1140,14.980898154979975,-1.6610014636719312,-0.0005866359449031577,-0.004471439964992968,0.004218396083808931
prospective_3_canonical,canonical_p3__mobley_3047364__cluster_3water__cooperative,1141,12.601436260529399,-3.2767210491293537,-0.0010077974624174146,0.007439616607531299,-0.013112825556696156
prospective_3_canonical,canonical_p3__mobley_3047364__cluster_3water__cooperative,1142,16.004834174041008,-3.850452071254392,-0.0004940123996570733,-0.008697107651019897,0.02491127016949749
prospective_3_canonical,canonical_p3__mobley_3047364__cluster_3water__cooperative,1143,13.855245913354356,-4.477566301729187,-0.0006855536778127558,0.020350836979802507,0.012942445805330051
prospective_3_canonical,canonical_p3__mobley_3047364__cluster_3water__cooperative,1144,15.284547778931682,-3.0031996523816655,-0.0005497242625311927,-0.015545958390574443,0.011549110468910394
prospective_3_canonical,canonical_p3__mobley_3047364__cluster_3water__cooperative,1145,12.649219702772452,-3.147944872882999,-0.0010031683889204501,-0.06327658158272664,-0.027441347629949455
prospective_3_canonical,canonical_p3__mobley_3047364__cluster_3water__cooperative,1146,14.791612368758772,-4.488296857060629,-0.0005831469487445062,-0.0075088399273339134,0.014878378462520613
prospective_3_canonical,canonical_p3__mobley_3047364__cluster_3water__cooperative,1147,13.917609259488179,-3.055084117672366,-0.0007030610727438713,-0.014203865783979905,-0.007471226418698976
prospective_3_canonical,canonical_p3__mobley_3047364__cluster_3water__cooperative,1148,13.504400880857228,-4.095151440472539,-0.0007509019483871171,-0.02522869677905072,-0.005748297590461953
prospective_3_canonical,canonical_p3__mobley_3047364__cluster_3water__cooperative,1149,15.931641757180296,-0.6076172647726481,-0.0004927792477489312,0.009031530579488682,0.019829936131172073
prospective_3_canonical,canonical_p3__mobley_3047364__cluster_3water__cooperative,1150,14.062991462170707,-0.41716711323889744,-0.000682465891619799,0.014292743747492597,0.006334647874965708
prospective_3_canonical,canonical_p3__mobley_3047364__cluster_3water__cooperative,1151,16.073686513009566,-2.1548764837624392,-0.0004724573984846714,0.026658719814827092,0.030432820703589866
prospective_3_canonical,canonical_p3__mobley_3047364__cluster_3water__cooperative,1152,15.340727223487459,0.10551197459850581,-0.0005477467333343533,-0.007750434554754999,0.006738643789274478
prospective_3_canonical,canonical_p3__mobley_3047364__cluster_3water__cooperative,1153,13.5553106624284,-1.911523963435906,-0.000726095924120429,0.05612329595353275,0.01588618429399978
prospective_3_canonical,canonical_p3__mobley_3047364__cluster_3water__cooperative,1154,17.11596530592944,-1.9840548070160922,-0.00042144141584987693,0.003988378875992038,0.026677757701566898
prospective_3_canonical,canonical_p3__mobley_3047364__cluster_3water__cooperative,1155,13.320841122097823,-0.036597992546168356,-0.0008412607127752381,-0.021002885615827357,-0.017075043414327876
prospective_3_canonical,canonical_p3__mobley_3047364__cluster_3water__cooperative,1156,14.981246895357636,-3.508888755791918,-0.0005364241702761063,0.04623920003705201,0.031408282953989376
prospective_3_canonical,canonical_p3__mobley_3047364__cluster_3water__cooperative,1157,16.35306797471568,-0.815128555886623,-0.0004683879455535944,-0.009842683718175675,0.014173313224196555
prospective_3_canonical,canonical_p3__mobley_3047364__cluster_3water__cooperative,1158,16.77109729925187,-3.7075570940842617,-0.0004304681961548873,0.011643266493487524,0.03000675233425265
prospective_3_canonical,canonical_p3__mobley_3047364__cluster_3water__cooperative,1159,14.02346843521621,-0.27624476095693007,-0.0007037191525114395,-0.0186407046199692,-0.011561886545625755
prospective_3_canonical,canonical_p3__mobley_3047364__cluster_3water__cooperative,1160,13.254807307521189,-3.8255390645340963,-0.0007316620757746861,0.05546029626283457,0.016560185297129847
prospective_3_canonical,canonical_p3__mobley_3047364__cluster_3water__cooperative,1161,16.947880390757692,-2.5354798597374266,-0.0004289992007699972,-0.008426410829580584,0.02097256953893815
prospective_3_canonical,canonical_p3__mobley_3047364__cluster_3water__cooperative,1162,15.340757871732267,-4.83428623884386,-0.0005020870099925467,0.020521850610553567,0.026338168303094912
prospective_3_canonical,canonical_p3__mobley_3047364__cluster_3water__cooperative,1163,15.116727391534837,-1.4213225224384423,-0.0005563521311406916,-0.0075610722485406,0.003621015206797931
prospective_3_canonical,canonical_p3__mobley_3047364__cluster_3water__cooperative,1164,12.057419241526949,-3.498676275169414,-0.0010904933192472654,0.0007140312715072615,-0.01604989361105995
prospective_3_canonical,canonical_p3__mobley_3047364__cluster_3water__cooperative,1165,16.433216558899023,-4.236330446473038,-0.0004463253744853013,-0.00387494849659547,0.021710555225074007
prospective_3_canonical,canonical_p3__mobley_3047364__cluster_3water__cooperative,1166,12.856722303747627,-1.7265585719813998,-0.0009097365041244032,-0.029954412098551784,-0.027193241156783995
prospective_3_canonical,canonical_p3__mobley_3047364__cluster_3water__cooperative,1167,13.66946022373047,-5.0426201713692,-0.0006514861037816289,0.013684729573588576,0.010790872881041032
prospective_3_canonical,canonical_p3__mobley_3047364__cluster_3water__cooperative,1168,15.507134050901318,-3.147005907922387,-0.0005089211264723836,-0.010310855897262591,0.01016236779958456
prospective_3_canonical,canonical_p3__mobley_3047364__cluster_3water__cooperative,1169,12.11885509583945,-3.3331069057098164,-0.0010890448709446332,-0.040756512317799615,-0.03081726155111116
prospective_3_canonical,canonical_p3__mobley_3047364__cluster_3water__cooperative,1170,14.873359952107576,-5.056416599652482,-0.0005370939083499948,-0.0037122552224225194,0.012495468041394175
prospective_3_canonical,canonical_p3__mobley_3047364__cluster_3water__cooperative,1171,13.749641668759672,-3.2137145061532877,-0.0006843583818287868,-0.01417418732648144,-0.0080635570353577
prospective_3_canonical,canonical_p3__mobley_3047364__cluster_3water__cooperative,1172,13.21837375337702,-4.550943921182083,-0.0007330219111532088,-0.015549223526014658,-0.007349241300437584
prospective_3_canonical,canonical_p3__mobley_3047364__cluster_3water__cooperative,1173,14.76440260593007,-1.4007497693581397,-0.0006099661059124628,0.04766761527914286,0.022387422740425197
prospective_3_canonical,canonical_p3__mobley_3047364__cluster_3water__cooperative,1174,13.616985758117163,-1.2838066938549595,-0.0007634759403583047,0.04576846931327193,0.007599974045300995
prospective_3_canonical,canonical_p3__mobley_3047364__cluster_3water__cooperative,1175,14.85162307003576,-2.350821219615028,-0.0005865308770784949,0.07507011661227288,0.031732029617940354
prospective_3_canonical,canonical_p3__mobley_3047364__cluster_3water__cooperative,1176,14.40156034839938,-0.9628633943056766,-0.0006649267580121077,0.0010624053635009487,0.0071042381462534665
prospective_3_canonical,canonical_p3__mobley_3047364__cluster_3water__cooperative,1177,13.305251933713992,-2.201394233449614,-0.0007789810075458092,0.07209623705675643,0.01347073047013225
prospective_3_canonical,canonical_p3__mobley_3047364__cluster_3water__cooperative,1178,13.161279408949602,-1.0501239004471428,-0.0008978924702836011,-0.010432854792348232,-0.01369014881063671
prospective_3_canonical,canonical_p3__mobley_3047364__cluster_3water__cooperative,1179,14.18082681358282,-3.182232263843656,-0.0006375331052561606,0.08420827313079415,0.028447292779771476
prospective_3_canonical,canonical_p3__mobley_3047364__cluster_3water__cooperative,1180,12.502967436722876,-2.0707483796030277,-0.0010131340861851967,0.035379601745589635,-0.007959592661297909
prospective_3_canonical,canonical_p3__mobley_3047364__cluster_3water__cooperative,1181,15.27985776334244,-3.304221594374042,-0.0005613688473440348,0.06516549279445523,0.03636600497873946
prospective_3_canonical,canonical_p3__mobley_3047364__cluster_3water__cooperative,1182,13.120732329823598,-3.3766666639485003,-0.0007849211356578678,0.0724230085078892,0.014021664129028636
prospective_3_canonical,canonical_p3__mobley_3047364__cluster_3water__cooperative,1183,14.401579167497067,-3.996072823612392,-0.0006237623012310678,0.06597793426298917,0.028100348460214163
prospective_3_canonical,canonical_p3__mobley_3047364__cluster_3water__cooperative,1184,12.385494043686784,-3.175961442408786,-0.0010151677678837956,0.030992671544510866,-0.007978958960197197
prospective_3_canonical,canonical_p3__mobley_3047364__cluster_3water__cooperative,1185,13.375343769601228,-4.123997168145496,-0.0007537329787057345,0.04707577858507676,0.011664441718016078
prospective_3_canonical,canonical_p3__mobley_3047364__cluster_3water__cooperative,1186,14.114580444920504,-4.132468659196633,-0.0006905627745901199,0.016208768078718655,0.014357531436482784
prospective_3_canonical,canonical_p3__mobley_3047364__cluster_3water__cooperative,1187,13.098360849208758,-3.822090698732354,-0.0008603631682984059,-0.013985969996252824,-0.0073037178630661614
prospective_3_canonical,canonical_p3__mobley_3047364__cluster_3water__cooperative,1188,15.014603646305918,-1.068774244232439,-0.0005736869385293275,0.0289590116200273,0.021480529996144478
prospective_3_canonical,canonical_p3__mobley_3047364__cluster_3water__cooperative,1189,13.539353413403608,-0.9184188614426367,-0.0007522564358728445,0.026964781304934616,0.006249344053429289
prospective_3_canonical,canonical_p3__mobley_3047364__cluster_3water__cooperative,1190,15.126744243013237,-2.29029468027701,-0.0005436029977898826,0.047743426925360335,0.03074298666884971
prospective_3_canonical,canonical_p3__mobley_3047364__cluster_3water__cooperative,1191,14.548092172337887,-0.505777476307844,-0.0006417020778952676,-0.002435648923475713,0.005892231790119756
prospective_3_canonical,canonical_p3__mobley_3047364__cluster_3water__cooperative,1192,13.138552782028103,-2.0981742694929064,-0.000766415697114553,0.0443416044116526,0.012433644853334843
prospective_3_canonical,canonical_p3__mobley_3047364__cluster_3water__cooperative,1193,15.94959592163419,-2.1554354617930525,-0.0005039507412112343,0.028083546663725596,0.03384117164351466
prospective_3_canonical,canonical_p3__mobley_3047364__cluster_3water__cooperative,1194,12.953445250188176,-0.6179695556325857,-0.0009295194482925595,-0.012777124722828027,-0.016819039202923193
prospective_3_canonical,canonical_p3__mobley_3047364__cluster_3water__cooperative,1195,14.264291913288028,-3.3592517371423902,-0.0005969663564457939,0.05355964027486488,0.027385531722048544
prospective_3_canonical,canonical_p3__mobley_3047364__cluster_3water__cooperative,1196,12.107044143039527,-1.93020102883301,-0.0010834627537237296,0.018367590585263202,-0.010454386889000989
prospective_3_canonical,canonical_p3__mobley_3047364__cluster_3water__cooperative,1197,15.677331705836107,-3.5160951621100294,-0.0005122944262323514,0.039478682999300796,0.03588207354589029
prospective_3_canonical,canonical_p3__mobley_3047364__cluster_3water__cooperative,1198,13.50815102370269,-0.8071643727989768,-0.0008276646138902777,-0.05514123056321606,-0.020403883161805355
prospective_3_canonical,canonical_p3__mobley_3047364__cluster_3water__cooperative,1199,12.901313291311885,-3.609238822991476,-0.0007681731429451943,0.044595035221867446,0.012990785328187116
prospective_3_canonical,canonical_p3__mobley_3047364__cluster_3water__cooperative,1200,14.548116368320633,-4.405618171130763,-0.0005777306107166424,0.04155566048951083,0.02714260075054608
prospective_3_canonical,canonical_p3__mobley_3047364__cluster_3water__cooperative,1201,11.956006923421697,-3.3511892524404123,-0.0010739455557322586,0.014847636960019398,-0.010472958296940203
prospective_3_canonical,canonical_p3__mobley_3047364__cluster_3water__cooperative,1202,15.410583752925966,-3.9335478087327473,-0.0005556041569212411,0.006082456832005046,0.028285122530521917
prospective_3_canonical,canonical_p3__mobley_3047364__cluster_3water__cooperative,1203,13.228670856740264,-4.570092328387611,-0.000724757601123116,0.028248199081284946,0.010439965026961411
prospective_3_canonical,canonical_p3__mobley_3047364__cluster_3water__cooperative,1204,14.17911801072219,-4.580984245453362,-0.0006460123979525889,0.0072804838389791265,0.013469925484630971
prospective_3_canonical,canonical_p3__mobley_3047364__cluster_3water__cooperative,1205,12.872549959092806,-4.181926867713572,-0.0008525046059499886,-0.013091793524286549,-0.009653865323754306
prospective_3_canonical,canonical_p3__mobley_3047364__cluster_3water__cooperative,1206,13.699630083275231,-0.9387477911525122,-0.0007892810562122321,-0.03712457116016661,-0.01038093531656805
prospective_3_canonical,canonical_p3__mobley_3047364__cluster_3water__cooperative,1207,14.484204673557448,-0.6178044916032293,-0.0006553104864126524,-0.02757955142237877,-0.003912871112779225
prospective_3_canonical,canonical_p3__mobley_3047364__cluster_3water__cooperative,1208,13.24392373410767,-0.7050649977446963,-0.0008799600138900132,-0.04819138851615136,-0.02513581728318285
prospective_3_canonical,canonical_p3__mobley_3047364__cluster_3water__cooperative,1209,15.10581741553969,-1.183110080497607,-0.0005790477824199058,-0.014535791474959842,0.005410594098795015
prospective_3_canonical,canonical_p3__mobley_3047364__cluster_3water__cooperative,1210,13.675361557952293,-0.8522165222074436,-0.0007666887037913739,-0.021395755794822637,-0.017293799028035527
prospective_3_canonical,canonical_p3__mobley_3047364__cluster_3water__cooperative,1211,15.471053109600575,-2.239466144265644,-0.0005467978984521338,-0.022198530608993197,0.01428149274757267
prospective_3_canonical,canonical_p3__mobley_3047364__cluster_3water__cooperative,1212,14.346660917095312,-1.5553344459241631,-0.0006500006355034671,-0.002303294718472876,-0.005136376040231367
prospective_3_canonical,canonical_p3__mobley_3047364__cluster_3water__cooperative,1213,15.155031458459284,-3.283848083489265,-0.0005801601002062284,-0.0329613500738192,0.015108596991859811
prospective_3_canonical,canonical_p3__mobley_3047364__cluster_3water__cooperative,1214,12.958938494769834,-1.742760090380364,-0.0008921302172053558,-0.029510747076740333,-0.026420088560021752
prospective_3_canonical,canonical_p3__mobley_3047364__cluster_3water__cooperative,1215,13.457988094759294,-3.778938265443049,-0.0008049594609778055,-0.031759548569096206,-0.0046894616986485095
prospective_3_canonical,canonical_p3__mobley_3047364__cluster_3water__cooperative,1216,14.586384304425605,-2.6149645949055316,-0.0006151231758186881,-0.004416792546305275,0.0010192328729803305
prospective_3_canonical,canonical_p3__mobley_3047364__cluster_3water__cooperative,1217,12.505862139036742,-2.729237137406585,-0.0010234567859930266,-0.05592539154113224,-0.03253804016468905
prospective_3_canonical,canonical_p3__mobley_3047364__cluster_3water__cooperative,1218,14.197224770078572,-3.787409756494187,-0.0006720079674753521,-0.028682604409621434,0.0020959548912622243
prospective_3_canonical,canonical_p3__mobley_3047364__cluster_3water__cooperative,1219,13.507222315391264,-2.6559260148718744,-0.0007532313642943933,-0.014972646365557275,-0.01443453463168811
prospective_3_canonical,canonical_p3__mobley_3047364__cluster_3water__cooperative,1220,13.181005174366826,-3.477031796029906,-0.0008198335706399718,-0.036198172456462396,-0.016846073020966246
prospective_3_canonical,canonical_p3__mobley_3047364__cluster_3water__cooperative,1221,15.097247971463986,-0.7237153415299922,-0.0005799294201782601,-0.009190430031170529,0.012001609018118347
prospective_3_canonical,canonical_p3__mobley_3047364__cluster_3water__cooperative,1222,13.621997738561678,-0.5733599587401885,-0.0007932199172051568,-0.014611241310168579,-0.009184772686174191
prospective_3_canonical,canonical_p3__mobley_3047364__cluster_3water__cooperative,1223,14.630736497495956,-0.16071857360539754,-0.0006303149039164069,-0.018326374036560178,-0.0026796978895346525
prospective_3_canonical,canonical_p3__mobley_3047364__cluster_3water__cooperative,1224,16.032240246792256,-1.8103765590906056,-0.000503808199589173,-0.02048822686353744,0.02535843964462419
prospective_3_canonical,canonical_p3__mobley_3047364__cluster_3water__cooperative,1225,13.036089575346244,-0.2729106529301393,-0.0009105873774553075,-0.032984887113814525,-0.02533043318759746
prospective_3_canonical,canonical_p3__mobley_3047364__cluster_3water__cooperative,1226,15.429952880044553,-0.8875400450410247,-0.0005415468904610421,-0.012550691291690626,0.0069133321272879
prospective_3_canonical,canonical_p3__mobley_3047364__cluster_3water__cooperative,1227,13.590795348860757,-0.46210547009653014,-0.0007601587692152023,-0.01859010423198495,-0.016191222676526718
prospective_3_canonical,canonical_p3__mobley_3047364__cluster_3water__cooperative,1228,15.899541629551408,-2.2457121270285025,-0.0005034625546942451,-0.015799325155519912,0.015993570504287506
prospective_3_canonical,canonical_p3__mobley_3047364__cluster_3water__cooperative,1229,14.453894524901779,-1.3661142291608819,-0.0006178612039615672,-0.0074657130753361875,-0.0034974510919748465
prospective_3_canonical,canonical_p3__mobley_3047364__cluster_3water__cooperative,1230,15.493228078084035,-3.5884889060302996,-0.0005334725500123483,-0.018926648517895855,0.017036281983541113
prospective_3_canonical,canonical_p3__mobley_3047364__cluster_3water__cooperative,1231,12.66967998191188,-1.607090057747428,-0.0009190677099768507,-0.024779813886920767,-0.02583703312912547
prospective_3_canonical,canonical_p3__mobley_3047364__cluster_3water__cooperative,1232,13.311315181898333,-4.225033425685164,-0.0007827470262355973,-0.01104691964755837,-0.003022676687419259
prospective_3_canonical,canonical_p3__mobley_3047364__cluster_3water__cooperative,1233,14.762110308612161,-2.7284958492797857,-0.0005754680868665929,-0.008113630570992146,0.002585358131244492
prospective_3_canonical,canonical_p3__mobley_3047364__cluster_3water__cooperative,1234,12.087153238826476,-2.875417689638283,-0.0010938607913679732,-0.041426690773102647,-0.0335251184989655
prospective_3_canonical,canonical_p3__mobley_3047364__cluster_3water__cooperative,1235,14.26176233588026,-4.235925342750914,-0.0006311367325633199,-0.01734739190700908,0.0035693529974272983
prospective_3_canonical,canonical_p3__mobley_3047364__cluster_3water__cooperative,1236,13.374616322710864,-2.7811605320936543,-0.0007348116927872184,-0.014941358399554981,-0.013093558888918113
prospective_3_canonical,canonical_p3__mobley_3047364__cluster_3water__cooperative,1237,12.955194284250874,-3.836867965011125,-0.0008100392966072789,-0.02494873602593543,-0.01619788263970029
