molecule_id,config_id,regime,pc1_angstrom,pc2_angstrom,qm_mhartree_per_e,glider_mhartree_per_e
nextgen_prospective_010,nextgen_prospective__nextgen_prospective_010__cluster_3water__equilibrium,equilibrium,-2.992304254930459,0.34979128900792955,-1.179417952799966,-1.1556119286869384
nextgen_prospective_010,nextgen_prospective__nextgen_prospective_010__cluster_3water__equilibrium,equilibrium,-1.6262506281586087,0.9646347176302912,-1.2788094037992082,-0.9543231611365949
nextgen_prospective_010,nextgen_prospective__nextgen_prospective_010__cluster_3water__equilibrium,equilibrium,-2.6209963129895946,-0.9196307287546468,-2.825937410769974,-2.1664905634449947
nextgen_prospective_010,nextgen_prospective__nextgen_prospective_010__cluster_3water__equilibrium,equilibrium,-4.016560989787509,-0.4760938137843765,-3.788375501884378,-2.9430626447617128
nextgen_prospective_010,nextgen_prospective__nextgen_prospective_010__cluster_3water__equilibrium,equilibrium,-4.363871922986463,1.2304633589441818,-1.3376603998573877,-0.13385524175944052
nextgen_prospective_010,nextgen_prospective__nextgen_prospective_010__cluster_3water__equilibrium,equilibrium,-3.558191552132056,-1.4155945817755062,-5.862507011268114,-5.658981531549342
nextgen_prospective_010,nextgen_prospective__nextgen_prospective_010__cluster_3water__equilibrium,equilibrium,-3.055336349184436,2.5482329671555735,0.549017808561203,0.9283587245438364
nextgen_prospective_010,nextgen_prospective__nextgen_prospective_010__cluster_3water__equilibrium,equilibrium,-2.4678019755828235,-1.598999875208891,-4.950286968924633,-4.105545043985557
nextgen_prospective_010,nextgen_prospective__nextgen_prospective_010__cluster_3water__equilibrium,equilibrium,-4.1169662281488,1.9657003382872722,-0.4984497595521553,0.44333850959963533
nextgen_prospective_010,nextgen_prospective__nextgen_prospective_010__cluster_3water__equilibrium,equilibrium,-4.119315209239931,-0.7391391246807788,-6.035835735056505,-5.916122159083613
nextgen_prospective_010,nextgen_prospective__nextgen_prospective_010__cluster_3water__equilibrium,equilibrium,-2.4471397038259934,2.4352404940175223,-0.40970107942595035,-0.049529181255901
nextgen_prospective_010,nextgen_prospective__nextgen_prospective_010__cluster_3water__equilibrium,equilibrium,-1.6289850078775514,-0.8345970257736859,-3.0372480205631547,-2.426239001075928
nextgen_prospective_010,nextgen_prospective__nextgen_prospective_010__cluster_3water__equilibrium,equilibrium,-4.287186450346232,0.9130509511414391,-2.4565686084914162,-1.1809164544478221
nextgen_prospective_010,nextgen_prospective__nextgen_prospective_010__cluster_3water__equilibrium,equilibrium,-1.4319938055940908,1.3835722567149553,-1.617622709962241,-1.0525468334314902
nextgen_prospective_010,nextgen_prospective__nextgen_prospective_010__cluster_3water__equilibrium,equilibrium,-3.070905920832599,-0.5986749649938566,-3.9522098118309756,-2.868746935618136
nextgen_prospective_010,nextgen_prospective__nextgen_prospective_010__cluster_3water__equilibrium,equilibrium,-3.1666368565992666,1.5434610291817914,-1.3530132759345115,-0.6547187198600278
nextgen_prospective_010,nextgen_prospective__nextgen_prospective_010__cluster_3water__equilibrium,equilibrium,-2.1841722323720636,0.44033118313156666,-2.158614746625709,-1.4669343732894857
nextgen_prospective_010,nextgen_prospective__nextgen_prospective_010__cluster_3water__equilibrium,equilibrium,-3.1134481046194367,0.3113445724417109,-1.0676697391183154,-0.9246253849883496
nextgen_prospective_010,nextgen_prospective__nextgen_prospective_010__cluster_3water__equilibrium,equilibrium,-1.3570934416270573,1.1018575520990332,-1.2529703463388664,-1.02875403786142
nextgen_prospective_010,nextgen_prospective__nextgen_prospective_010__cluster_3water__equilibrium,equilibrium,-2.6360521792668967,-1.3207694503958876,-1.9673116506710997,-1.3620653057564158
nextgen_prospective_010,nextgen_prospective__nextgen_prospective_010__cluster_3water__equilibrium,equilibrium,-3.457154414001942,1.8905280908934747,-0.26975960815445177,-0.2792497493615023
nextgen_prospective_010,nextgen_prospective__nextgen_prospective_010__cluster_3water__equilibrium,equilibrium,-4.430349620864217,-0.7505077025769683,-2.7734790373621365,-2.1227397323434056
nextgen_prospective_010,nextgen_prospective__nextgen_prospective_010__cluster_3water__equilibrium,equilibrium,-1.4604665193878266,-1.9121592871349662,-2.813533639173471,-0.9762297743604718
nextgen_prospective_010,nextgen_prospective__nextgen_prospective_010__cluster_3water__equilibrium,equilibrium,-4.8768922492628715,1.4436372337883205,-1.7539637630656912,-0.6086988162598295
nextgen_prospective_010,nextgen_prospective__nextgen_prospective_010__cluster_3water__equilibrium,equilibrium,-3.841017486735775,-1.9584372614227072,-3.666412746961001,-3.1764229071894357
nextgen_prospective_010,nextgen_prospective__nextgen_prospective_010__cluster_3water__equilibrium,equilibrium,-3.1944893686602636,3.1379124443458246,-0.03737400520131828,0.15603990047813013
nextgen_prospective_010,nextgen_prospective__nextgen_prospective_010__cluster_3water__equilibrium,equilibrium,-2.439088031172476,-2.1942440672656307,-3.1147636585484584,-2.075468141070696
nextgen_prospective_010,nextgen_prospective__nextgen_prospective_010__cluster_3water__equilibrium,equilibrium,-4.559442070185874,2.3889419215151513,-0.6147726071903392,0.04983862280580605
nextgen_prospective_010,nextgen_prospective__nextgen_prospective_010__cluster_3water__equilibrium,equilibrium,-4.562462188731614,-1.0887088165866283,-3.579646816918469,-3.5538522776057375
nextgen_prospective_010,nextgen_prospective__nextgen_prospective_010__cluster_3water__equilibrium,equilibrium,-2.4125222531994095,2.9926364074540444,-0.6358006198707855,-0.4203455231948486
nextgen_prospective_010,nextgen_prospective__nextgen_prospective_010__cluster_3water__equilibrium,equilibrium,-1.3606090726942692,-1.2114404037060804,-1.7610400234517876,-1.0100165692971925
nextgen_prospective_010,nextgen_prospective__nextgen_prospective_010__cluster_3water__equilibrium,equilibrium,-4.778296641582572,1.035535566613366,-1.3758265888732524,-0.5411317937536427
nextgen_prospective_010,nextgen_prospective__nextgen_prospective_010__cluster_3water__equilibrium,equilibrium,-1.1073346697583917,1.6404915309221724,-1.4827919295838932,-1.1179127001749636
nextgen_prospective_010,nextgen_prospective__nextgen_prospective_010__cluster_3water__equilibrium,equilibrium,-3.2145073893507585,-0.9081120398463001,-2.548780118664329,-1.8346779526196617
nextgen_prospective_010,nextgen_prospective__nextgen_prospective_010__cluster_3water__equilibrium,equilibrium,-3.3375900210507607,1.8460628098081047,-1.0742783840380632,-0.6095822231855655
nextgen_prospective_010,nextgen_prospective__nextgen_prospective_010__cluster_3water__equilibrium,equilibrium,-2.0744212184729274,0.42775300774353,-1.5507733996042994,-1.05771706192427
nextgen_prospective_010,nextgen_prospective__nextgen_prospective_010__cluster_3water__equilibrium,equilibrium,-1.6626850398388402,0.2997118087857257,-1.2813466386649708,-0.9884651393887961
nextgen_prospective_010,nextgen_prospective__nextgen_prospective_010__cluster_3water__equilibrium,equilibrium,-0.16443267499229472,0.9740562143715416,-1.7772914790223915,-1.498583688195451
nextgen_prospective_010,nextgen_prospective__nextgen_prospective_010__cluster_3water__equilibrium,equilibrium,-1.255444071258537,-1.0925575010183903,-1.7198270824256845,-0.8813556725980503
nextgen_prospective_010,nextgen_prospective__nextgen_prospective_010__cluster_3water__equilibrium,equilibrium,-1.9558825367314443,1.646828932052822,-0.7356011352808167,-0.720650061345654
nextgen_prospective_010,nextgen_prospective__nextgen_prospective_010__cluster_3water__equilibrium,equilibrium,-2.786063394198187,-0.6060976587929328,-2.968955500402437,-2.369483972455742
nextgen_prospective_010,nextgen_prospective__nextgen_prospective_010__cluster_3water__equilibrium,equilibrium,-2.2833356238663978,-1.6365178559444946,-4.400041880190386,-3.2663736598288744
nextgen_prospective_010,nextgen_prospective__nextgen_prospective_010__cluster_3water__equilibrium,equilibrium,-2.8961852685299236,2.071999153156617,0.6548850566510112,1.6821873278608503
nextgen_prospective_010,nextgen_prospective__nextgen_prospective_010__cluster_3water__equilibrium,equilibrium,0.048623194917176316,1.4335360959482697,-2.105576377656515,-1.818570253847233
nextgen_prospective_010,nextgen_prospective__nextgen_prospective_010__cluster_3water__equilibrium,equilibrium,-1.7488933185702191,-0.7405415020549434,-2.522686791049722,-1.8397179688573257
nextgen_prospective_010,nextgen_prospective__nextgen_prospective_010__cluster_3water__equilibrium,equilibrium,-1.853888538443339,1.6088979754280255,-1.349596729938618,-0.8707433572752912
nextgen_prospective_010,nextgen_prospective__nextgen_prospective_010__cluster_3water__equilibrium,equilibrium,-0.7763466925167288,0.39901362814713415,-1.3949708612437384,-1.075336458706573
nextgen_prospective_010,nextgen_prospective__nextgen_prospective_010__cluster_3water__equilibrium,equilibrium,-1.7955524878848155,0.25754444222922773,-0.985192128470036,-0.7604517469015163
nextgen_prospective_010,nextgen_prospective__nextgen_prospective_010__cluster_3water__equilibrium,equilibrium,0.1307719812036004,1.12455867798242,-1.549561161857227,-1.4961533796412807
nextgen_prospective_010,nextgen_prospective__nextgen_prospective_010__cluster_3water__equilibrium,equilibrium,-1.271956956852997,-1.532516098947493,-0.9102746114719729,-0.18465137196177073
nextgen_prospective_010,nextgen_prospective__nextgen_prospective_010__cluster_3water__equilibrium,equilibrium,-2.1725206981753056,1.9895521721440659,-0.6888439152721304,-0.6974996491464907
nextgen_prospective_010,nextgen_prospective__nextgen_prospective_010__cluster_3water__equilibrium,equilibrium,-3.2398960863468327,-0.9070677303719046,-2.374508452678281,-1.8170845237273887
nextgen_prospective_010,nextgen_prospective__nextgen_prospective_010__cluster_3water__equilibrium,equilibrium,-0.22250325827940506,2.8288470932342453,-1.9027580048103232,-2.6061438704546536
nextgen_prospective_010,nextgen_prospective__nextgen_prospective_010__cluster_3water__equilibrium,equilibrium,0.01739505720791787,-2.1811372102097084,1.5924340090447409,3.9660166143128577
nextgen_prospective_010,nextgen_prospective__nextgen_prospective_010__cluster_3water__equilibrium,equilibrium,-2.5935318102059606,-2.2318936981381987,-3.027735726219838,-1.999119121808072
nextgen_prospective_010,nextgen_prospective__nextgen_prospective_010__cluster_3water__equilibrium,equilibrium,-1.055931762168794,-2.4905205174497915,-0.6665273169264019,1.0570890762231782
nextgen_prospective_010,nextgen_prospective__nextgen_prospective_010__cluster_3water__equilibrium,equilibrium,-3.3814813533447796,2.536199599277517,0.11170229230561546,0.5708398100799729
nextgen_prospective_010,nextgen_prospective__nextgen_prospective_010__cluster_3water__equilibrium,equilibrium,-3.384793741427205,-1.2779979844470155,-5.363569298186821,-4.9444002834715395
nextgen_prospective_010,nextgen_prospective__nextgen_prospective_010__cluster_3water__equilibrium,equilibrium,-1.0267951024563988,3.1983161322427547,-1.3457523904389923,-1.3688856758047323
nextgen_prospective_010,nextgen_prospective__nextgen_prospective_010__cluster_3water__equilibrium,equilibrium,0.12691612777504563,-1.412606821932866,1.3676057197993252,1.5526856604378165
nextgen_prospective_010,nextgen_prospective__nextgen_prospective_010__cluster_3water__equilibrium,equilibrium,-3.621515399392771,1.0518184358368494,-2.253034480309335,-1.1008327096465047
nextgen_prospective_010,nextgen_prospective__nextgen_prospective_010__cluster_3water__equilibrium,equilibrium,0.4047009568014918,1.7153185257239274,-1.8950084991988803,-1.797641379435215
nextgen_prospective_010,nextgen_prospective__nextgen_prospective_010__cluster_3water__equilibrium,equilibrium,-1.9063917033965878,-1.0799241002802038,-1.7202535351397152,-1.1005590347356333
nextgen_prospective_010,nextgen_prospective__nextgen_prospective_010__cluster_3water__equilibrium,equilibrium,-2.0413855575191704,1.9407837993407562,-1.1445896619344254,-0.8012199651575747
nextgen_prospective_010,nextgen_prospective__nextgen_prospective_010__cluster_3water__equilibrium,equilibrium,-0.6559746127563864,0.3852182099796099,-0.9773046345280534,-0.7374905765135716
nextgen_prospective_010,nextgen_prospective__nextgen_prospective_010__cluster_3water__equilibrium,equilibrium,-0.9422251748359302,1.4579407218317493,-1.2883622693826702,-1.2003814568854567
nextgen_prospective_010,nextgen_prospective__nextgen_prospective_010__cluster_3water__equilibrium,equilibrium,0.556027190010615,2.132285127417565,-2.2952085942749,-2.6547856071159424
nextgen_prospective_010,nextgen_prospective__nextgen_prospective_010__cluster_3water__equilibrium,equilibrium,-0.5349842062556274,0.06567141202763302,-1.4005785361916878,-0.9213324289147038
nextgen_prospective_010,nextgen_prospective__nextgen_prospective_010__cluster_3water__equilibrium,equilibrium,-1.235422671728534,2.8050578450988457,-1.0686460674635967,-1.2203024489991512
nextgen_prospective_010,nextgen_prospective__nextgen_prospective_010__cluster_3water__equilibrium,equilibrium,-2.065603529195277,0.5521312542530907,-1.2125645535885354,-1.082771498493865
nextgen_prospective_010,nextgen_prospective__nextgen_prospective_010__cluster_3water__equilibrium,equilibrium,0.2812575593016108,3.4578427837245407,-2.1329454225194056,-2.6308737418677413
nextgen_prospective_010,nextgen_prospective__nextgen_prospective_010__cluster_3water__equilibrium,equilibrium,-2.446525197865097,2.4238391211166705,-0.018953971634427802,-0.033221141833894186
nextgen_prospective_010,nextgen_prospective__nextgen_prospective_010__cluster_3water__equilibrium,equilibrium,-1.0113571491790017,3.8691348204452938,-1.0613439031721406,-0.9783476927116941
nextgen_prospective_010,nextgen_prospective__nextgen_prospective_010__cluster_3water__equilibrium,equilibrium,0.9791967057827183,3.4722385885476275,-3.5110295551334936,-4.229876859265396
nextgen_prospective_010,nextgen_prospective__nextgen_prospective_010__cluster_3water__equilibrium,equilibrium,-2.1757254035270144,3.230228066202641,-0.3310458932048732,-0.161520111632946
nextgen_prospective_010,nextgen_prospective__nextgen_prospective_010__cluster_3water__equilibrium,equilibrium,-0.3443027639471621,3.74520759184227,-1.682267934647097,-1.9490644072965995
nextgen_prospective_010,nextgen_prospective__nextgen_prospective_010__cluster_3water__equilibrium,equilibrium,-2.3624185504532296,2.075709383526566,-0.4524651031436733,0.08304826926321975
nextgen_prospective_010,nextgen_prospective__nextgen_prospective_010__cluster_3water__equilibrium,equilibrium,0.7690830599200864,2.591765008994294,-2.9358711607816446,-3.1994888401291988
nextgen_prospective_010,nextgen_prospective__nextgen_prospective_010__cluster_3water__equilibrium,equilibrium,-1.1334286734404289,2.767126888474049,-1.3589392492625585,-1.2356911119494642
nextgen_prospective_010,nextgen_prospective__nextgen_prospective_010__cluster_3water__equilibrium,equilibrium,-0.05588682751381903,1.5572425411931576,-1.8390103417620374,-1.6162561376390958
nextgen_prospective_010,nextgen_prospective__nextgen_prospective_010__cluster_3water__equilibrium,equilibrium,-1.075092622881905,1.4157733552752514,-1.0090619344156337,-0.939112567863832
nextgen_prospective_010,nextgen_prospective__nextgen_prospective_010__cluster_3water__equilibrium,equilibrium,0.8512318462065103,2.282787591028443,-1.9338971734765842,-2.1090421015969283
nextgen_prospective_010,nextgen_prospective__nextgen_prospective_010__cluster_3water__equilibrium,equilibrium,-0.5514970918500873,-0.3742871859014695,-0.8884915762936707,-0.4632245014267478
nextgen_prospective_010,nextgen_prospective__nextgen_prospective_010__cluster_3water__equilibrium,equilibrium,-1.4520608331723956,3.1477810851900894,-0.9133356398249859,-0.9818558427882841
nextgen_prospective_010,nextgen_prospective__nextgen_prospective_010__cluster_3water__equilibrium,equilibrium,1.9258667764698627,0.9078018431385717,-3.353741873616922,-3.7727335661405834
nextgen_prospective_010,nextgen_prospective__nextgen_prospective_010__cluster_3water__equilibrium,equilibrium,-2.5194362213439225,0.2511611826741189,-1.2640229330642683,-1.1369491286454678
nextgen_prospective_010,nextgen_prospective__nextgen_prospective_010__cluster_3water__equilibrium,equilibrium,0.4979566067235047,3.9870760062802684,-1.8860118094354839,-2.1306809563393805
nextgen_prospective_010,nextgen_prospective__nextgen_prospective_010__cluster_3water__equilibrium,equilibrium,-3.009192652490834,2.6576427257844366,-0.12423832699814952,-0.09677831653359681
nextgen_prospective_010,nextgen_prospective__nextgen_prospective_010__cluster_3water__equilibrium,equilibrium,-1.1639765898944259,4.5158800534926655,-0.9917561447703171,-1.0217941684632903
nextgen_prospective_010,nextgen_prospective__nextgen_prospective_010__cluster_3water__equilibrium,equilibrium,1.3953069379135001,4.005584898195667,-3.149623246489597,-3.442279668004902
nextgen_prospective_010,nextgen_prospective__nextgen_prospective_010__cluster_3water__equilibrium,equilibrium,-2.66102148834187,3.694428512323541,-0.41080923381286993,-0.2737756954950626
nextgen_prospective_010,nextgen_prospective__nextgen_prospective_010__cluster_3water__equilibrium,equilibrium,2.297692599336236,1.6411843999494187,-6.439847223012052,-6.425334281617757
nextgen_prospective_010,nextgen_prospective__nextgen_prospective_010__cluster_3water__equilibrium,equilibrium,-0.3063352374534889,4.356545045288779,-1.44361377498603,-1.5829554085075423
nextgen_prospective_010,nextgen_prospective__nextgen_prospective_010__cluster_3water__equilibrium,equilibrium,0.8473759927779556,-0.2543779088868427,0.619423431239774,0.17996545388096213
nextgen_prospective_010,nextgen_prospective__nextgen_prospective_010__cluster_3water__equilibrium,equilibrium,-2.9010555343898616,2.210047348882873,-0.6202895756950433,-0.17961835051383637
nextgen_prospective_010,nextgen_prospective__nextgen_prospective_010__cluster_3water__equilibrium,equilibrium,1.1251608218044018,2.8735474387699513,-2.4310203657003093,-2.559146618345272
nextgen_prospective_010,nextgen_prospective__nextgen_prospective_010__cluster_3water__equilibrium,equilibrium,-1.1859318383936783,0.07830481276581956,-1.6347306375910087,-1.2280301704295273
nextgen_prospective_010,nextgen_prospective__nextgen_prospective_010__cluster_3water__equilibrium,equilibrium,-1.3209256925162611,3.09901271238678,-1.1250127507813623,-1.011820159300095
nextgen_prospective_010,nextgen_prospective__nextgen_prospective_010__cluster_3water__equilibrium,equilibrium,0.06448525224652346,1.5434471230256337,-1.3923250070946303,-1.2637636101394814
nextgen_prospective_010,nextgen_prospective__nextgen_prospective_010__cluster_3water__equilibrium,equilibrium,0.4447350317815789,1.3833581105430788,-1.775962882174742,-1.832017786901577
nextgen_prospective_010,nextgen_prospective__nextgen_prospective_010__cluster_3water__equilibrium,equilibrium,1.9429873966281244,2.0577025161288947,-3.2036976252172167,-3.3734841259356823
nextgen_prospective_010,nextgen_prospective__nextgen_prospective_010__cluster_3water__equilibrium,equilibrium,0.8519760003618817,-0.00891119926103745,-0.7954299942558585,-0.5371619184158241
nextgen_prospective_010,nextgen_prospective__nextgen_prospective_010__cluster_3water__equilibrium,equilibrium,0.1515375348889753,2.7304752338101745,-1.9332618490226494,-2.327291500508756
nextgen_prospective_010,nextgen_prospective__nextgen_prospective_010__cluster_3water__equilibrium,equilibrium,2.7788145646107316,0.9882691566589947,-4.1536787170377565,-4.923858603486062
nextgen_prospective_010,nextgen_prospective__nextgen_prospective_010__cluster_3water__equilibrium,equilibrium,-0.6786433225777676,0.47754864296442023,-1.7553497964448717,-1.1095950535838521
nextgen_prospective_010,nextgen_prospective__nextgen_prospective_010__cluster_3water__equilibrium,equilibrium,1.6682177659191202,3.3832601724358704,-3.620495512502764,-3.733107047729274
nextgen_prospective_010,nextgen_prospective__nextgen_prospective_010__cluster_3water__equilibrium,equilibrium,0.37560305743850725,3.794552209156623,-2.2599217649141856,-2.7501541010603705
nextgen_prospective_010,nextgen_prospective__nextgen_prospective_010__cluster_3water__equilibrium,equilibrium,2.366156912400227,3.397655977258957,-5.347046914512266,-5.354808560185453
nextgen_prospective_010,nextgen_prospective__nextgen_prospective_010__cluster_3water__equilibrium,equilibrium,3.068012426840133,1.55867781195632,-6.651004731384802,-7.929173182984216
nextgen_prospective_010,nextgen_prospective__nextgen_prospective_010__cluster_3water__equilibrium,equilibrium,1.0426574426703474,3.6706249805535993,-2.9800425021555554,-3.422888769241069
nextgen_prospective_010,nextgen_prospective__nextgen_prospective_010__cluster_3water__equilibrium,equilibrium,2.156043266537595,2.517182397705623,-4.225604368790492,-4.31690981695424
nextgen_prospective_010,nextgen_prospective__nextgen_prospective_010__cluster_3water__equilibrium,equilibrium,0.3585267530501999,0.3431047997024097,-1.1907425847113018,-1.3604261836199356
nextgen_prospective_010,nextgen_prospective__nextgen_prospective_010__cluster_3water__equilibrium,equilibrium,0.2535315331770803,2.692544277185379,-2.3295636753375426,-2.519656508381018
nextgen_prospective_010,nextgen_prospective__nextgen_prospective_010__cluster_3water__equilibrium,equilibrium,1.3310733791036902,1.4826599299044871,-2.7536424003491433,-2.6300810013558436
nextgen_prospective_010,nextgen_prospective__nextgen_prospective_010__cluster_3water__equilibrium,equilibrium,0.31186758373560386,1.3411907439865807,-1.259885481142753,-1.2614414593051717
nextgen_prospective_010,nextgen_prospective__nextgen_prospective_010__cluster_3water__equilibrium,equilibrium,2.2381920528240196,2.2082049797397723,-2.2306951523076712,-2.325007889117583
nextgen_prospective_010,nextgen_prospective__nextgen_prospective_010__cluster_3water__equilibrium,equilibrium,0.8354631147674219,-0.44886979719014,-0.08244506258270334,0.13556259412233607
nextgen_prospective_010,nextgen_prospective__nextgen_prospective_010__cluster_3water__equilibrium,equilibrium,-0.06510062655488649,3.0731984739014186,-1.475058812224539,-1.6612221679054258
nextgen_prospective_010,nextgen_prospective__nextgen_prospective_010__cluster_3water__equilibrium,equilibrium,3.312826983087372,0.8332192318499012,-2.4860956244521226,-2.9229195526596357
nextgen_prospective_010,nextgen_prospective__nextgen_prospective_010__cluster_3water__equilibrium,equilibrium,-1.1324760147264137,0.1765785713854484,-1.4264909798713532,-1.0033351085533206
nextgen_prospective_010,nextgen_prospective__nextgen_prospective_010__cluster_3water__equilibrium,equilibrium,1.8849168133410141,3.912493394991599,-2.580085149612721,-2.6467730528590696
nextgen_prospective_010,nextgen_prospective__nextgen_prospective_010__cluster_3water__equilibrium,equilibrium,2.124815128828337,-1.0974909084523556,4.460607709904529,4.642244602836266
nextgen_prospective_010,nextgen_prospective__nextgen_prospective_010__cluster_3water__equilibrium,equilibrium,-1.6222324458733246,2.583060114495766,-0.8011274965125104,-0.92387091933341
nextgen_prospective_010,nextgen_prospective__nextgen_prospective_010__cluster_3water__equilibrium,equilibrium,0.22298361672308328,4.441297442203996,-1.7441808007592208,-1.975699488009595
nextgen_prospective_010,nextgen_prospective__nextgen_prospective_010__cluster_3water__equilibrium,equilibrium,2.7822671445310094,3.931002286906996,-3.53527783766161,-3.40935992009211
nextgen_prospective_010,nextgen_prospective__nextgen_prospective_010__cluster_3water__equilibrium,equilibrium,1.0806249691640204,4.281962434000108,-2.2138297457083844,-2.4356665741673322
nextgen_prospective_010,nextgen_prospective__nextgen_prospective_010__cluster_3water__equilibrium,equilibrium,2.2343361993954645,-0.32896052017551325,1.0542305971892318,1.126558411855908
nextgen_prospective_010,nextgen_prospective__nextgen_prospective_010__cluster_3water__equilibrium,equilibrium,-1.5140953277723521,2.1354647375942024,-1.2887894203710282,-0.8848053016456234
nextgen_prospective_010,nextgen_prospective__nextgen_prospective_010__cluster_3water__equilibrium,equilibrium,2.5121210284219107,2.7989648274812806,-2.810217580212271,-2.9764903416403516
nextgen_prospective_010,nextgen_prospective__nextgen_prospective_010__cluster_3water__equilibrium,equilibrium,0.2010283682238309,0.003722201477149051,-0.5651049832526844,-0.5567213501237877
nextgen_prospective_010,nextgen_prospective__nextgen_prospective_010__cluster_3water__equilibrium,equilibrium,0.06603451410124839,3.0244301010981096,-1.7286458422383078,-1.7869843352752017
nextgen_prospective_010,nextgen_prospective__nextgen_prospective_010__cluster_3water__equilibrium,equilibrium,1.451445458864033,1.468864511736963,-1.7298014302715714,-1.6942916321403776
nextgen_prospective_010,nextgen_prospective__nextgen_prospective_010__cluster_3water__equilibrium,equilibrium,1.0701871678784967,0.15578421686657526,-0.9403940769132646,-0.8175654802684678
nextgen_prospective_010,nextgen_prospective__nextgen_prospective_010__cluster_3water__equilibrium,equilibrium,2.568439532725042,0.8301286224523914,-2.5730220438022755,-2.9509443574648384
nextgen_prospective_010,nextgen_prospective__nextgen_prospective_010__cluster_3water__equilibrium,equilibrium,1.4774281364587996,-1.2364850929375408,2.546766343152207,2.7766256231312094
nextgen_prospective_010,nextgen_prospective__nextgen_prospective_010__cluster_3water__equilibrium,equilibrium,3.404266700707649,-0.23930473701750873,-0.4344901097321774,-1.2604316074798951
nextgen_prospective_010,nextgen_prospective__nextgen_prospective_010__cluster_3water__equilibrium,equilibrium,-0.05319118648084992,-0.7500252507120833,-0.7087322068493052,-0.0992764513894379
nextgen_prospective_010,nextgen_prospective__nextgen_prospective_010__cluster_3water__equilibrium,equilibrium,2.4802574807284,-1.7409681794748197,7.05261131325674,6.982491068949843
nextgen_prospective_010,nextgen_prospective__nextgen_prospective_010__cluster_3water__equilibrium,equilibrium,3.751406766467237,0.9970459390286162,-5.251765582141132,-6.6856932206399815
nextgen_prospective_010,nextgen_prospective__nextgen_prospective_010__cluster_3water__equilibrium,equilibrium,3.511277595389966,-1.0113607097334727,2.54006836251941,2.176149122848296
nextgen_prospective_010,nextgen_prospective__nextgen_prospective_010__cluster_3water__equilibrium,equilibrium,3.6934645629370513,0.3311039182798165,-2.800577430657647,-3.1343099306696156
nextgen_prospective_010,nextgen_prospective__nextgen_prospective_010__cluster_3water__equilibrium,equilibrium,2.565440535613944,-1.1432223219261644,4.622746603984318,4.033011909863083
nextgen_prospective_010,nextgen_prospective__nextgen_prospective_010__cluster_3water__equilibrium,equilibrium,2.781495402634513,1.2896085040291194,-3.800067474760027,-3.7465763894352375
nextgen_prospective_010,nextgen_prospective__nextgen_prospective_010__cluster_3water__equilibrium,equilibrium,0.8789836692739982,1.464970383508875,-2.740578106140479,-2.6251572955794424
nextgen_prospective_010,nextgen_prospective__nextgen_prospective_010__cluster_3water__equilibrium,equilibrium,1.956525515200608,0.25508603622798365,-0.6979805552922436,-0.6175729012589021
nextgen_prospective_010,nextgen_prospective__nextgen_prospective_010__cluster_3water__equilibrium,equilibrium,0.9373197198325216,0.11361685031007729,-0.6512255312460802,-0.5627984792060283
nextgen_prospective_010,nextgen_prospective__nextgen_prospective_010__cluster_3water__equilibrium,equilibrium,2.8636441889209374,0.9806310860632697,-1.7678962704907875,-1.96359449761295
nextgen_prospective_010,nextgen_prospective__nextgen_prospective_010__cluster_3water__equilibrium,equilibrium,1.46091525086434,-1.6764436908666434,2.160090583640084,2.2792848351449164
nextgen_prospective_010,nextgen_prospective__nextgen_prospective_010__cluster_3water__equilibrium,equilibrium,0.5603515095420313,1.8456245802249152,-1.996515378929864,-2.182952104926198
nextgen_prospective_010,nextgen_prospective__nextgen_prospective_010__cluster_3water__equilibrium,equilibrium,3.9382791191842896,-0.39435466182660217,-0.09658434600989807,-0.5313073367648619
nextgen_prospective_010,nextgen_prospective__nextgen_prospective_010__cluster_3water__equilibrium,equilibrium,-0.5070238786294956,-1.050995322291055,-0.8249819473826747,-0.002654141078266411
nextgen_prospective_010,nextgen_prospective__nextgen_prospective_010__cluster_3water__equilibrium,equilibrium,2.5103689494379315,2.684919501315095,-4.392392527613698,-4.357346736162482
nextgen_prospective_010,nextgen_prospective__nextgen_prospective_010__cluster_3water__equilibrium,equilibrium,2.750267264925254,-2.3250648021288587,5.54558560328644,5.907969163259974
nextgen_prospective_010,nextgen_prospective__nextgen_prospective_010__cluster_3water__equilibrium,equilibrium,4.384602060875187,1.1952390645184154,-3.569505284365171,-3.8570692167854492
nextgen_prospective_010,nextgen_prospective__nextgen_prospective_010__cluster_3water__equilibrium,equilibrium,0.13934039751137622,-2.375821290057349,2.9890655098654406,5.4012101393008445
nextgen_prospective_010,nextgen_prospective__nextgen_prospective_010__cluster_3water__equilibrium,equilibrium,4.0758645552044115,-1.3869980553185561,2.250368601999675,2.0343832755340228
nextgen_prospective_010,nextgen_prospective__nextgen_prospective_010__cluster_3water__equilibrium,equilibrium,4.310104942050664,0.3390278949842447,-1.4108661131189137,-2.258913595920098
nextgen_prospective_010,nextgen_prospective__nextgen_prospective_010__cluster_3water__equilibrium,equilibrium,1.706077105260938,3.0543885403236044,-3.9473598369301754,-4.191296578823721
nextgen_prospective_010,nextgen_prospective__nextgen_prospective_010__cluster_3water__equilibrium,equilibrium,2.8597883354923823,-1.5565344138520167,3.8837504969770897,3.3168831207808767
nextgen_prospective_010,nextgen_prospective__nextgen_prospective_010__cluster_3water__equilibrium,equilibrium,3.137573164518828,1.5713909338047771,-2.3519469724573305,-2.6394262106635558
nextgen_prospective_010,nextgen_prospective__nextgen_prospective_010__cluster_3water__equilibrium,equilibrium,0.8264805043207487,-1.2238516921993545,2.0501235475647306,1.75469383039656
nextgen_prospective_010,nextgen_prospective__nextgen_prospective_010__cluster_3water__equilibrium,equilibrium,0.6914866501981664,1.796856207421606,-1.9793803747911731,-1.9213664457448785
nextgen_prospective_010,nextgen_prospective__nextgen_prospective_010__cluster_3water__equilibrium,equilibrium,2.07689759496095,0.24129061806045957,-0.306823294180969,-0.37172613171332913
nextgen_prospective_010,nextgen_prospective__nextgen_prospective_010__cluster_3water__equilibrium,equilibrium,0.2746400300955368,-0.9440665653006217,0.15153522573863043,0.692898974584049
nextgen_prospective_010,nextgen_prospective__nextgen_prospective_010__cluster_3water__equilibrium,equilibrium,1.7728923949420825,-0.2697221597148057,0.13279261393606134,0.1662559161783821
nextgen_prospective_010,nextgen_prospective__nextgen_prospective_010__cluster_3water__equilibrium,equilibrium,0.6818809986758397,-2.336335875104738,3.3279029642780955,4.008805774963638
nextgen_prospective_010,nextgen_prospective__nextgen_prospective_010__cluster_3water__equilibrium,equilibrium,-0.01855746679706674,0.4030505579664745,-1.6135630212703589,-1.147480293575709
nextgen_prospective_010,nextgen_prospective__nextgen_prospective_010__cluster_3water__equilibrium,equilibrium,2.6087195629246898,-1.3391555191847058,4.533409663693533,4.308908682574027
nextgen_prospective_010,nextgen_prospective__nextgen_prospective_010__cluster_3water__equilibrium,equilibrium,-0.8487383242638097,-1.84987603287928,-1.2288288771986622,0.49840365474463394
nextgen_prospective_010,nextgen_prospective__nextgen_prospective_010__cluster_3water__equilibrium,equilibrium,-0.3460105539320207,-2.880296230030842,2.062214158772502,3.665125194503312
nextgen_prospective_010,nextgen_prospective__nextgen_prospective_010__cluster_3water__equilibrium,equilibrium,0.849900594541331,-3.0814504228287474,8.38899958112549,8.851570855960249
nextgen_prospective_010,nextgen_prospective__nextgen_prospective_010__cluster_3water__equilibrium,equilibrium,2.8979174251540907,-0.7687468638873804,2.6768052487731175,2.6555358037765435
nextgen_prospective_010,nextgen_prospective__nextgen_prospective_010__cluster_3water__equilibrium,equilibrium,-0.9614365004374328,-2.1383773416043663,-0.9485791418604173,0.8493031703489797
nextgen_prospective_010,nextgen_prospective__nextgen_prospective_010__cluster_3water__equilibrium,equilibrium,1.7698933978309834,-2.243073104093361,7.692456242831991,6.4306732293818625
nextgen_prospective_010,nextgen_prospective__nextgen_prospective_010__cluster_3water__equilibrium,equilibrium,1.9859482648515536,0.18975772186192247,-0.7812337358816812,-0.5767993376367395
nextgen_prospective_010,nextgen_prospective__nextgen_prospective_010__cluster_3water__equilibrium,equilibrium,0.1884317513641579,-1.9843198761412908,2.2719953134742177,2.3473591859527136
nextgen_prospective_010,nextgen_prospective__nextgen_prospective_010__cluster_3water__equilibrium,equilibrium,0.08343653149103819,0.3651196013416782,-1.1208880795621212,-1.0378375501278516
nextgen_prospective_010,nextgen_prospective__nextgen_prospective_010__cluster_3water__equilibrium,equilibrium,1.160978377417648,-0.8447647459392134,1.647131484617148,1.3346177240995105
nextgen_prospective_010,nextgen_prospective__nextgen_prospective_010__cluster_3water__equilibrium,equilibrium,0.14177258204956178,-0.9862339318571196,0.0275393447277672,0.390620120214495
nextgen_prospective_010,nextgen_prospective__nextgen_prospective_010__cluster_3water__equilibrium,equilibrium,2.0680970511379777,-0.11921969610392752,-0.359026303953236,-0.488223071482898
nextgen_prospective_010,nextgen_prospective__nextgen_prospective_010__cluster_3water__equilibrium,equilibrium,0.6653681130813798,-2.77629447303384,2.6985560689496424,2.8999368759106323
nextgen_prospective_010,nextgen_prospective__nextgen_prospective_010__cluster_3water__equilibrium,equilibrium,-0.23519562824092863,0.7457737980577185,-1.4697576181115224,-1.2126890643881314
nextgen_prospective_010,nextgen_prospective__nextgen_prospective_010__cluster_3water__equilibrium,equilibrium,3.1427319814013295,-1.494205443993799,2.8851853750202494,2.6134198136504363
nextgen_prospective_010,nextgen_prospective__nextgen_prospective_010__cluster_3water__equilibrium,equilibrium,-1.3025710164124553,-2.1508461044582523,-0.9219987308917155,0.17345493120998615
nextgen_prospective_010,nextgen_prospective__nextgen_prospective_010__cluster_3water__equilibrium,equilibrium,-0.6562067402715835,-3.4756720722245453,1.7441154222845867,2.5947024928639912
nextgen_prospective_010,nextgen_prospective__nextgen_prospective_010__cluster_3water__equilibrium,equilibrium,2.6121721428449676,1.603577611063296,-8.740645635400224,-9.790458160527454
nextgen_prospective_010,nextgen_prospective__nextgen_prospective_010__cluster_3water__equilibrium,equilibrium,0.8813933077655828,-3.7342988915361386,5.876384170695914,6.0072248475378025
nextgen_prospective_010,nextgen_prospective__nextgen_prospective_010__cluster_3water__equilibrium,equilibrium,3.514557804267703,-0.7608228871829523,1.357465201206498,1.1502281637273468
nextgen_prospective_010,nextgen_prospective__nextgen_prospective_010__cluster_3water__equilibrium,equilibrium,-1.4474686714928278,-2.5217763585333626,-1.0069917880879409,0.18767613557021534
nextgen_prospective_010,nextgen_prospective__nextgen_prospective_010__cluster_3water__equilibrium,equilibrium,0.9105299674779784,1.9545377581564072,-3.58179326747754,-3.691388081239501
nextgen_prospective_010,nextgen_prospective__nextgen_prospective_010__cluster_3water__equilibrium,equilibrium,2.064241197709422,-2.6563851960192135,5.028171001369763,4.449941652129305
nextgen_prospective_010,nextgen_prospective__nextgen_prospective_010__cluster_3water__equilibrium,equilibrium,-1.6841903294583942,-0.19195993824949784,-2.644010603258806,-2.1025366603874214
nextgen_prospective_010,nextgen_prospective__nextgen_prospective_010__cluster_3water__equilibrium,equilibrium,2.342026026735869,0.47154015163758006,-1.0123597618454383,-0.9737196277171414
nextgen_prospective_010,nextgen_prospective__nextgen_prospective_010__cluster_3water__equilibrium,equilibrium,0.030933366537788887,-2.3237024743665513,1.6033090367622016,1.7123932110391447
nextgen_prospective_010,nextgen_prospective__nextgen_prospective_010__cluster_3water__equilibrium,equilibrium,-0.10406048758479367,0.697005425254409,-1.1358260046572255,-0.9619161034644188
nextgen_prospective_010,nextgen_prospective__nextgen_prospective_010__cluster_3water__equilibrium,equilibrium,1.2813504571779908,-0.8585601641067375,1.0433597853869436,0.8752867454279838
nextgen_prospective_010,nextgen_prospective__nextgen_prospective_010__cluster_3water__equilibrium,equilibrium,-1.0313401283802208,-0.8810599609277309,-1.4831519568083706,-0.7449790933088001
nextgen_prospective_010,nextgen_prospective__nextgen_prospective_010__cluster_3water__equilibrium,equilibrium,0.33471349839162945,-0.26621653230536924,-0.69706387779922,-0.3997783792049987
nextgen_prospective_010,nextgen_prospective__nextgen_prospective_010__cluster_3water__equilibrium,equilibrium,-0.6600321864393562,-2.150481978690308,-0.2703078311743212,1.2876135434054996
nextgen_prospective_010,nextgen_prospective__nextgen_prospective_010__cluster_3water__equilibrium,equilibrium,-2.0555968632372723,-1.706945063720037,-2.859887558963603,-1.7383783370835995
nextgen_prospective_010,nextgen_prospective__nextgen_prospective_010__cluster_3water__equilibrium,equilibrium,0.2543122156888088,-2.610451851709591,4.592007350247673,6.440179050806294
nextgen_prospective_010,nextgen_prospective__nextgen_prospective_010__cluster_3water__equilibrium,equilibrium,-1.5972274255818175,-2.6464458317111674,-1.6488416302977704,0.017342698582390556
nextgen_prospective_010,nextgen_prospective__nextgen_prospective_010__cluster_3water__equilibrium,equilibrium,-0.506837849032585,-2.8298511251445513,1.6424951625610973,2.899150743992777
nextgen_prospective_010,nextgen_prospective__nextgen_prospective_010__cluster_3water__equilibrium,equilibrium,-2.158351082689693,-1.9699903746164396,-3.2446536492165556,-2.060959059879002
nextgen_prospective_010,nextgen_prospective__nextgen_prospective_010__cluster_3water__equilibrium,equilibrium,0.3319791186726868,-2.0654482757093464,3.5583889846577677,3.50703096429832
nextgen_prospective_010,nextgen_prospective__nextgen_prospective_010__cluster_3water__equilibrium,equilibrium,0.5289703209561472,0.15272100677929468,-0.6598857342452469,-0.889570985182373
nextgen_prospective_010,nextgen_prospective__nextgen_prospective_010__cluster_3water__equilibrium,equilibrium,-1.1099417942823604,-1.8295262149295173,-0.7969374411240793,0.05640933461833683
nextgen_prospective_010,nextgen_prospective__nextgen_prospective_010__cluster_3water__equilibrium,equilibrium,-1.2056727300490284,0.31260977924613087,-1.8989152821053956,-1.4819905442761525
nextgen_prospective_010,nextgen_prospective__nextgen_prospective_010__cluster_3water__equilibrium,equilibrium,-0.2232081058218252,-0.7905200668040939,-0.1247345205732664,0.11620038414702279
nextgen_prospective_010,nextgen_prospective__nextgen_prospective_010__cluster_3water__equilibrium,equilibrium,-1.152483978069198,-0.9195066774939497,-0.9689216036403714,-0.42937945021596624
nextgen_prospective_010,nextgen_prospective__nextgen_prospective_010__cluster_3water__equilibrium,equilibrium,0.603870684923181,-0.12899369783662745,-0.6541650565647927,-0.3604331376763047
nextgen_prospective_010,nextgen_prospective__nextgen_prospective_010__cluster_3water__equilibrium,equilibrium,-0.6750880527166581,-2.5516207003315476,0.43999245976422685,1.3408422395355637
nextgen_prospective_010,nextgen_prospective__nextgen_prospective_010__cluster_3water__equilibrium,equilibrium,-1.496190287451704,0.6596768409578142,-1.3638860401372632,-1.03296706234543
nextgen_prospective_010,nextgen_prospective__nextgen_prospective_010__cluster_3water__equilibrium,equilibrium,1.5836848860456494,-1.3826571738538633,4.956978717153504,5.497214755467034
nextgen_prospective_010,nextgen_prospective__nextgen_prospective_010__cluster_3water__equilibrium,equilibrium,-2.4693854943139786,-1.9813589525126294,-2.117411022899862,-1.2781549609479654
nextgen_prospective_010,nextgen_prospective__nextgen_prospective_010__cluster_3water__equilibrium,equilibrium,0.5004976071624114,-3.143010537070627,5.761734929390805,6.021063101220408
nextgen_prospective_010,nextgen_prospective__nextgen_prospective_010__cluster_3water__equilibrium,equilibrium,-1.8800533601855365,-3.1892885113583676,-0.8283041576335748,0.2253953231888587
nextgen_prospective_010,nextgen_prospective__nextgen_prospective_010__cluster_3water__equilibrium,equilibrium,-0.47812390462223764,-3.425095317201291,2.212684316300617,2.8402373068420497
nextgen_prospective_010,nextgen_prospective__nextgen_prospective_010__cluster_3water__equilibrium,equilibrium,-2.601498062181377,-2.319560066522289,-2.487734188342028,-1.6489086503763979
nextgen_prospective_010,nextgen_prospective__nextgen_prospective_010__cluster_3water__equilibrium,equilibrium,0.6003550538559692,-2.442291653641741,3.843308660182565,3.5161892624837683
nextgen_prospective_010,nextgen_prospective__nextgen_prospective_010__cluster_3water__equilibrium,equilibrium,-2.817332515032334,-0.19531568332229451,-4.266214245080224,-2.912715705917574
nextgen_prospective_010,nextgen_prospective__nextgen_prospective_010__cluster_3water__equilibrium,equilibrium,0.8536294567918467,0.40964028098651195,-0.8668637464128714,-0.8675188342479232
nextgen_prospective_010,nextgen_prospective__nextgen_prospective_010__cluster_3water__equilibrium,equilibrium,-1.2535432628005203,-2.1389632897819606,-0.37312086848073633,0.1979840664824848
nextgen_prospective_010,nextgen_prospective__nextgen_prospective_010__cluster_3water__equilibrium,equilibrium,-1.3766258945005223,0.6152115598724439,-1.550382596687605,-1.1285553992345325
nextgen_prospective_010,nextgen_prospective__nextgen_prospective_010__cluster_3water__equilibrium,equilibrium,-0.1134570919226894,-0.8030982421921306,0.03655614096054194,0.18861034368457785
nextgen_prospective_010,nextgen_prospective__nextgen_prospective_010__cluster_3water__equilibrium,equilibrium,-3.2862075061191183,-0.5314150828076012,-3.4549041725000507,-2.751539569372854
nextgen_prospective_010,nextgen_prospective__nextgen_prospective_010__cluster_3water__equilibrium,equilibrium,-2.9987432930036104,-1.5141934191399187,-3.8705683112776335,-3.0602160263894556
nextgen_prospective_010,nextgen_prospective__nextgen_prospective_010__cluster_3water__equilibrium,equilibrium,-4.07918046213748,-1.1708100010984188,-4.655959952707178,-4.064461587681893
nextgen_prospective_010,nextgen_prospective__nextgen_prospective_010__cluster_3water__equilibrium,equilibrium,-2.290863755872127,-1.87029912728388,-4.092413766300318,-2.8434908978702795
nextgen_prospective_010,nextgen_prospective__nextgen_prospective_010__cluster_3water__equilibrium,equilibrium,-4.348066345904411,0.15039555198175522,-5.0902899608678,-3.8322902262688334
nextgen_prospective_010,nextgen_prospective__nextgen_prospective_010__cluster_3water__equilibrium,equilibrium,-3.7243138007268057,-1.8981654343818744,-4.236809574314382,-3.834534232638992
nextgen_prospective_010,nextgen_prospective__nextgen_prospective_010__cluster_3water__equilibrium,equilibrium,-2.880141225333852,-2.040156629298043,-3.8174378404907117,-3.0813443148214406
nextgen_prospective_010,nextgen_prospective__nextgen_prospective_010__cluster_3water__equilibrium,equilibrium,-4.156913549901059,0.7196112779247931,-3.928509882942244,-2.0286613795292
nextgen_prospective_010,nextgen_prospective__nextgen_prospective_010__cluster_3water__equilibrium,equilibrium,-4.158732115907097,-1.3744579837278912,-4.477110784428806,-4.298616185628534
nextgen_prospective_010,nextgen_prospective__nextgen_prospective_010__cluster_3water__equilibrium,equilibrium,-2.2307345406588026,-1.448360874896594,-3.597704258374357,-2.629934281724161
nextgen_prospective_010,nextgen_prospective__nextgen_prospective_010__cluster_3water__equilibrium,equilibrium,-4.288696947731329,-0.09534308631714211,-4.603697292499209,-3.85180778553235
nextgen_prospective_010,nextgen_prospective__nextgen_prospective_010__cluster_3water__equilibrium,equilibrium,-3.3470604087530322,-1.2657115375186616,-3.894462535314336,-3.1728725940273192
nextgen_prospective_010,nextgen_prospective__nextgen_prospective_010__cluster_3water__equilibrium,equilibrium,-3.4211746816046467,0.39271632893990477,-3.8641904323397647,-2.258382984497616
nextgen_prospective_010,nextgen_prospective__nextgen_prospective_010__cluster_3water__equilibrium,equilibrium,-2.6605569080093923,-0.46131968090543063,-3.5438229228450524,-2.5100750509255065
nextgen_prospective_010,nextgen_prospective__nextgen_prospective_010__cluster_3water__equilibrium,equilibrium,-3.379996292975101,-0.561180282729835,-2.4281663841079215,-1.9079323243957769
nextgen_prospective_010,nextgen_prospective__nextgen_prospective_010__cluster_3water__equilibrium,equilibrium,-2.020237844206807,0.050829766037124094,-1.8660526788312204,-1.6159708308674376
nextgen_prospective_010,nextgen_prospective__nextgen_prospective_010__cluster_3water__equilibrium,equilibrium,-3.010399447540876,-1.8247524294428143,-2.7084528163303645,-1.9626741878476894
nextgen_prospective_010,nextgen_prospective__nextgen_prospective_010__cluster_3water__equilibrium,equilibrium,-4.399532950712994,-1.3832594633894582,-3.326365170660317,-2.7939683524931906
nextgen_prospective_010,nextgen_prospective__nextgen_prospective_010__cluster_3water__equilibrium,equilibrium,-2.1002686140861124,-2.282602625627908,-2.8528678289334586,-1.4351211268792103
nextgen_prospective_010,nextgen_prospective__nextgen_prospective_010__cluster_3water__equilibrium,equilibrium,-3.9432758146135565,-2.3184307347539006,-2.924323897023573,-2.4758331864787784
nextgen_prospective_010,nextgen_prospective__nextgen_prospective_010__cluster_3water__equilibrium,equilibrium,-2.8579110748226153,-2.5009908425032603,-2.5615813240622565,-1.7906102499523433
nextgen_prospective_010,nextgen_prospective__nextgen_prospective_010__cluster_3water__equilibrium,equilibrium,-4.49947549212331,1.0472821810689577,-2.5551535063979003,-0.7756602038046309
nextgen_prospective_010,nextgen_prospective__nextgen_prospective_010__cluster_3water__equilibrium,equilibrium,-4.501813648416787,-1.6450925839130655,-3.001508242742812,-2.7853799803975536
nextgen_prospective_010,nextgen_prospective__nextgen_prospective_010__cluster_3water__equilibrium,equilibrium,-2.0229596230975515,-1.7401105868442546,-2.384568026251088,-1.4575196463405993
nextgen_prospective_010,nextgen_prospective__nextgen_prospective_010__cluster_3water__equilibrium,equilibrium,-4.668911289333657,-0.0005162872421019538,-2.788216052080461,-2.137787710797528
nextgen_prospective_010,nextgen_prospective__nextgen_prospective_010__cluster_3water__equilibrium,equilibrium,-1.826876214373001,0.46783671738407073,-2.2282694637727474,-1.6181262490708588
nextgen_prospective_010,nextgen_prospective__nextgen_prospective_010__cluster_3water__equilibrium,equilibrium,-3.458235739218705,-1.5052757245011987,-2.6612451041629903,-2.0539364664197537
nextgen_prospective_010,nextgen_prospective__nextgen_prospective_010__cluster_3water__equilibrium,equilibrium,-3.5535255185993515,0.6269886752312441,-2.539764718853199,-1.4773240305074211
nextgen_prospective_010,nextgen_prospective__nextgen_prospective_010__cluster_3water__equilibrium,equilibrium,-2.5755883811197386,-0.47105762314132976,-2.4638368037561698,-1.700534110664038
nextgen_prospective_010,nextgen_prospective__nextgen_prospective_010__cluster_3water__equilibrium,equilibrium,-3.4252188806618284,0.9882004936597089,-0.6005717729098414,-0.6693496749622333
nextgen_prospective_010,nextgen_prospective__nextgen_prospective_010__cluster_3water__equilibrium,equilibrium,-2.367628976064267,1.4642083093673437,-0.4427806923263944,-0.5383851626617546
nextgen_prospective_010,nextgen_prospective__nextgen_prospective_010__cluster_3water__equilibrium,equilibrium,-3.13775466754632,0.0054221573273916385,-1.8359994573966532,-1.6075401094151702
nextgen_prospective_010,nextgen_prospective__nextgen_prospective_010__cluster_3water__equilibrium,equilibrium,-3.6321818196448428,1.9391066983188354,-0.11585461813501396,-0.0885953833562998
nextgen_prospective_010,nextgen_prospective__nextgen_prospective_010__cluster_3water__equilibrium,equilibrium,-4.21819183668019,0.3488055753688911,-2.209716692191499,-1.5207728008526666
nextgen_prospective_010,nextgen_prospective__nextgen_prospective_010__cluster_3water__equilibrium,equilibrium,-2.5615840095059172,2.3998960667605025,0.026248185827526527,0.009313709856163702
nextgen_prospective_010,nextgen_prospective__nextgen_prospective_010__cluster_3water__equilibrium,equilibrium,-4.487077720447122,1.670011128449065,-0.8738899366291797,-0.17894164614080804
nextgen_prospective_010,nextgen_prospective__nextgen_prospective_010__cluster_3water__equilibrium,equilibrium,-3.863325175269516,-0.3785498579145642,-5.26387863364608,-4.271696784304505
nextgen_prospective_010,nextgen_prospective__nextgen_prospective_010__cluster_3water__equilibrium,equilibrium,-3.474017921374585,2.6902198573869165,0.20499942119434067,0.4409789269197657
nextgen_prospective_010,nextgen_prospective__nextgen_prospective_010__cluster_3water__equilibrium,equilibrium,-4.295924924443769,2.239226854392103,-0.32110518580319436,0.4243441619957548
nextgen_prospective_010,nextgen_prospective__nextgen_prospective_010__cluster_3water__equilibrium,equilibrium,-3.0031560023874038,2.6027418136671354,0.26660157207913926,0.6688599467428579
nextgen_prospective_010,nextgen_prospective__nextgen_prospective_010__cluster_3water__equilibrium,equilibrium,-4.427708322274039,1.4242724901501678,-1.6576151082716706,-0.09624042475551667
nextgen_prospective_010,nextgen_prospective__nextgen_prospective_010__cluster_3water__equilibrium,equilibrium,-3.560186056147357,1.912331905407215,-0.4216699810331015,0.4162787762796477
nextgen_prospective_010,nextgen_prospective__nextgen_prospective_010__cluster_3water__equilibrium,equilibrium,-3.519007667517811,0.958435293737475,-0.7769224330074209,-0.7045656111955996
nextgen_prospective_010,nextgen_prospective__nextgen_prospective_010__cluster_3water__equilibrium,equilibrium,-2.1592492187495176,1.570445342504434,-0.7265192766809925,-0.7177502106002229
nextgen_prospective_010,nextgen_prospective__nextgen_prospective_010__cluster_3water__equilibrium,equilibrium,-3.149410822083586,-0.3051368529755044,-1.7553773712006837,-1.4198851867133602
nextgen_prospective_010,nextgen_prospective__nextgen_prospective_010__cluster_3water__equilibrium,equilibrium,-3.7851028747816855,2.1810289854420666,-0.4019914780890588,-0.31246090641688656
nextgen_prospective_010,nextgen_prospective__nextgen_prospective_010__cluster_3water__equilibrium,equilibrium,-4.538544325255706,0.13635611307785217,-2.1893601184692635,-1.5016201911474272
nextgen_prospective_010,nextgen_prospective__nextgen_prospective_010__cluster_3water__equilibrium,equilibrium,-2.408619976031639,2.773472459152782,-0.3352539351864081,-0.347360737445005
nextgen_prospective_010,nextgen_prospective__nextgen_prospective_010__cluster_3water__equilibrium,equilibrium,-2.239279988628823,-0.7629870491605979,-3.3342885264358024,-2.7439073650901347
nextgen_prospective_010,nextgen_prospective__nextgen_prospective_010__cluster_3water__equilibrium,equilibrium,-4.88425474724176,1.835048967038076,-1.0857453294939035,-0.45171199613082574
nextgen_prospective_010,nextgen_prospective__nextgen_prospective_010__cluster_3water__equilibrium,equilibrium,-4.082287189156267,-0.7988151582865904,-4.755928086303207,-3.9820698903274243
nextgen_prospective_010,nextgen_prospective__nextgen_prospective_010__cluster_3water__equilibrium,equilibrium,-3.581749291291355,3.1467459042438852,-0.15022984493340275,0.03026258671540925
nextgen_prospective_010,nextgen_prospective__nextgen_prospective_010__cluster_3water__equilibrium,equilibrium,-4.63848686666602,2.566897757536268,-0.5500933485684811,0.046310111828068434
nextgen_prospective_010,nextgen_prospective__nextgen_prospective_010__cluster_3water__equilibrium,equilibrium,-2.976355395450694,3.0342741337470236,-0.14609989096570075,0.10154784650572013
nextgen_prospective_010,nextgen_prospective__nextgen_prospective_010__cluster_3water__equilibrium,equilibrium,-4.807922663876369,1.5190992892252078,-1.4702822286309924,-0.06254479202605151
nextgen_prospective_010,nextgen_prospective__nextgen_prospective_010__cluster_3water__equilibrium,equilibrium,-1.9658875889157117,1.9874522938513806,-0.8062038994749443,-0.27070996821579113
nextgen_prospective_010,nextgen_prospective__nextgen_prospective_010__cluster_3water__equilibrium,equilibrium,-3.5972471137614157,0.0143398519661114,-6.038424491194849,-4.080915359610547
nextgen_prospective_010,nextgen_prospective__nextgen_prospective_010__cluster_3water__equilibrium,equilibrium,-3.692536893142062,2.146604251698554,-0.6393836123832486,-0.06653996256486468
nextgen_prospective_010,nextgen_prospective__nextgen_prospective_010__cluster_3water__equilibrium,equilibrium,-2.7145997556624493,1.0485579533259801,-2.096109647324873,-1.0453088630132223
nextgen_prospective_010,nextgen_prospective__nextgen_prospective_010__cluster_3water__equilibrium,equilibrium,-1.3119588934546553,2.4533537952943263,-1.0844996609011837,-1.2421038579355488
nextgen_prospective_010,nextgen_prospective__nextgen_prospective_010__cluster_3water__equilibrium,equilibrium,-0.254368988857094,2.9293616110019607,-1.7777175534239298,-2.3009979423068114
nextgen_prospective_010,nextgen_prospective__nextgen_prospective_010__cluster_3water__equilibrium,equilibrium,-1.5189218324376697,3.4042599999534526,-0.8343942172097663,-0.8849418788414501
nextgen_prospective_010,nextgen_prospective__nextgen_prospective_010__cluster_3water__equilibrium,equilibrium,-2.104931849473018,1.8139588770035084,-0.26270732074440417,-0.2804353662256271
nextgen_prospective_010,nextgen_prospective__nextgen_prospective_010__cluster_3water__equilibrium,equilibrium,-0.44832402229874413,3.8650493683951206,-1.4598120451712049,-1.681360590693912
nextgen_prospective_010,nextgen_prospective__nextgen_prospective_010__cluster_3water__equilibrium,equilibrium,-2.3738177332399495,3.1351644300836825,-0.27498238829304356,-0.21542489123771902
nextgen_prospective_010,nextgen_prospective__nextgen_prospective_010__cluster_3water__equilibrium,equilibrium,-1.3607579341674119,4.155373159021534,-0.8897245610146598,-0.8414907140966416
nextgen_prospective_010,nextgen_prospective__nextgen_prospective_010__cluster_3water__equilibrium,equilibrium,-2.643181826096128,2.300420294004239,0.7286367705967578,1.1807459360941588
nextgen_prospective_010,nextgen_prospective__nextgen_prospective_010__cluster_3water__equilibrium,equilibrium,0.04433890462909641,3.875211112976123,-1.9793729296013751,-2.4140777396681727
nextgen_prospective_010,nextgen_prospective__nextgen_prospective_010__cluster_3water__equilibrium,equilibrium,-2.182664937236597,3.7043801560267204,-0.48242729129555073,-0.35087684722424417
nextgen_prospective_010,nextgen_prospective__nextgen_prospective_010__cluster_3water__equilibrium,equilibrium,-0.8898960151802308,4.067895115301753,-1.2144848002137998,-1.2742473633172495
nextgen_prospective_010,nextgen_prospective__nextgen_prospective_010__cluster_3water__equilibrium,equilibrium,-2.3144483350668663,2.8894257917847854,-0.317019272664254,-0.10842253724360437
nextgen_prospective_010,nextgen_prospective__nextgen_prospective_010__cluster_3water__equilibrium,equilibrium,-0.1039766100974674,3.253700350938475,-2.111695827701432,-2.5958542783569767
nextgen_prospective_010,nextgen_prospective__nextgen_prospective_010__cluster_3water__equilibrium,equilibrium,-1.4469260689401842,3.377485207041832,-1.0173991744308886,-0.9810320784029809
nextgen_prospective_010,nextgen_prospective__nextgen_prospective_010__cluster_3water__equilibrium,equilibrium,-0.6863082953449299,2.523449197196497,-1.875691317114292,-1.8663792935672692
nextgen_prospective_010,nextgen_prospective__nextgen_prospective_010__cluster_3water__equilibrium,equilibrium,-1.405747680310638,2.4235885953720926,-1.0068161632381667,-1.080130042453219
nextgen_prospective_010,nextgen_prospective__nextgen_prospective_010__cluster_3water__equilibrium,equilibrium,-0.04598923154234441,3.0355986441390512,-1.7333068922082973,-2.0773061069686647
nextgen_prospective_010,nextgen_prospective__nextgen_prospective_010__cluster_3water__equilibrium,equilibrium,-1.0361508348764135,1.1600164486591131,-1.5478770923764706,-1.2034253450075432
nextgen_prospective_010,nextgen_prospective__nextgen_prospective_010__cluster_3water__equilibrium,equilibrium,-1.6718428875745135,3.6461822870766833,-0.8115072619667707,-0.8591531207241988
nextgen_prospective_010,nextgen_prospective__nextgen_prospective_010__cluster_3water__equilibrium,equilibrium,-2.4252843380485327,1.6015094147124695,-0.13886046932887197,-0.29560467107081123
nextgen_prospective_010,nextgen_prospective__nextgen_prospective_010__cluster_3water__equilibrium,equilibrium,-0.2953599888244659,4.238625760787399,-1.4298748065337819,-1.6161512894148786
nextgen_prospective_010,nextgen_prospective__nextgen_prospective_010__cluster_3water__equilibrium,equilibrium,-2.7709947600345872,3.300202268672694,-0.30563791466597934,-0.24454231527202697
nextgen_prospective_010,nextgen_prospective__nextgen_prospective_010__cluster_3water__equilibrium,equilibrium,-1.4684893040841818,4.611899205878504,-0.8725465785626163,-0.875503258505024
nextgen_prospective_010,nextgen_prospective__nextgen_prospective_010__cluster_3water__equilibrium,equilibrium,0.3380637743684719,4.251690860962974,-2.006734561394108,-2.3316082446693036
nextgen_prospective_010,nextgen_prospective__nextgen_prospective_010__cluster_3water__equilibrium,equilibrium,-2.525226879458848,4.032051059170885,-0.5048946314465397,-0.40218412257610536
nextgen_prospective_010,nextgen_prospective__nextgen_prospective_010__cluster_3water__equilibrium,equilibrium,-0.8630954082435203,4.499427435381641,-1.1721059878784246,-1.2405575664438804
nextgen_prospective_010,nextgen_prospective__nextgen_prospective_010__cluster_3water__equilibrium,equilibrium,-2.6946626766691955,2.984252590859825,-0.3466416824884355,-0.11154741930489369
nextgen_prospective_010,nextgen_prospective__nextgen_prospective_010__cluster_3water__equilibrium,equilibrium,0.1473723982914612,3.4526055954859984,-2.078573765984526,-2.3971820932309984
nextgen_prospective_010,nextgen_prospective__nextgen_prospective_010__cluster_3water__equilibrium,equilibrium,-1.4839871265542424,1.479493153600729,-1.5814496608665962,-0.8958994059414688
nextgen_prospective_010,nextgen_prospective__nextgen_prospective_010__cluster_3water__equilibrium,equilibrium,-1.5792769059348886,3.6117575533331716,-0.976570147596334,-0.9173731590194412
nextgen_prospective_010,nextgen_prospective__nextgen_prospective_010__cluster_3water__equilibrium,equilibrium,-0.6013397684552764,2.5137112549605973,-1.7307949588101224,-1.6369189851814898
nextgen_prospective_010,nextgen_prospective__nextgen_prospective_010__cluster_3water__equilibrium,equilibrium,1.164652095962886,2.32002692633571,-3.016038566020729,-3.3865958152181412
nextgen_prospective_010,nextgen_prospective__nextgen_prospective_010__cluster_3water__equilibrium,equilibrium,2.2222420005604473,2.796034742043345,-3.8757527449346796,-3.893725466669256
nextgen_prospective_010,nextgen_prospective__nextgen_prospective_010__cluster_3water__equilibrium,equilibrium,0.9576891569798714,3.2709331309948366,-2.663968012114104,-3.004355833236277
nextgen_prospective_010,nextgen_prospective__nextgen_prospective_010__cluster_3water__equilibrium,equilibrium,2.8122376485481704,2.041140605946945,-5.577091304252768,-5.85034914557837
nextgen_prospective_010,nextgen_prospective__nextgen_prospective_010__cluster_3water__equilibrium,equilibrium,2.0282869671187975,3.731722499436504,-3.4691662818318036,-3.4862965865249227
nextgen_prospective_010,nextgen_prospective__nextgen_prospective_010__cluster_3water__equilibrium,equilibrium,0.10279325617759197,3.001837561125066,-2.2525096856207405,-3.2192090616690887
nextgen_prospective_010,nextgen_prospective__nextgen_prospective_010__cluster_3water__equilibrium,equilibrium,3.0572776949667024,2.913858730214798,-5.442446824377445,-5.374450404983384
nextgen_prospective_010,nextgen_prospective__nextgen_prospective_010__cluster_3water__equilibrium,equilibrium,1.1158530552501291,4.022046290062917,-2.786405640820444,-3.0732398095633733
nextgen_prospective_010,nextgen_prospective__nextgen_prospective_010__cluster_3water__equilibrium,equilibrium,2.8877747506768645,1.4961599193239112,-8.968801400108362,-11.219065940516886
nextgen_prospective_010,nextgen_prospective__nextgen_prospective_010__cluster_3water__equilibrium,equilibrium,2.520949894046638,3.741884244017507,-4.229167216938556,-4.124893490407299
nextgen_prospective_010,nextgen_prospective__nextgen_prospective_010__cluster_3water__equilibrium,equilibrium,0.29394605218094455,3.571053287068104,-2.4111079040216588,-3.1492768402142133
nextgen_prospective_010,nextgen_prospective__nextgen_prospective_010__cluster_3water__equilibrium,equilibrium,1.5867149742373106,3.9345682463431357,-3.3850289183021687,-3.6358977760592386
nextgen_prospective_010,nextgen_prospective__nextgen_prospective_010__cluster_3water__equilibrium,equilibrium,2.372634379320074,3.120373481979859,-4.875961305048193,-4.991255372719178
nextgen_prospective_010,nextgen_prospective__nextgen_prospective_010__cluster_3water__equilibrium,equilibrium,1.0296849204773575,3.2441583380832157,-3.384663056438253,-3.9644179454679866
nextgen_prospective_010,nextgen_prospective__nextgen_prospective_010__cluster_3water__equilibrium,equilibrium,1.7903026940726114,2.3901223282378803,-5.239599141583451,-5.421658590560235
nextgen_prospective_010,nextgen_prospective__nextgen_prospective_010__cluster_3water__equilibrium,equilibrium,1.0708633091069035,2.2902617264134757,-2.3117540084469645,-2.536604930709491
nextgen_prospective_010,nextgen_prospective__nextgen_prospective_010__cluster_3water__equilibrium,equilibrium,2.4306217578751967,2.902271775180435,-2.937208049655915,-2.9631124029768574
nextgen_prospective_010,nextgen_prospective__nextgen_prospective_010__cluster_3water__equilibrium,equilibrium,1.440460154541128,1.0266895797004965,-2.8404581561516373,-3.0189650050737247
nextgen_prospective_010,nextgen_prospective__nextgen_prospective_010__cluster_3water__equilibrium,equilibrium,0.8047681018430277,3.512855418118068,-2.097604956037724,-2.3407562844925267
nextgen_prospective_010,nextgen_prospective__nextgen_prospective_010__cluster_3water__equilibrium,equilibrium,3.189187591002269,1.931693600199349,-4.2302341719020475,-4.451428889037
nextgen_prospective_010,nextgen_prospective__nextgen_prospective_010__cluster_3water__equilibrium,equilibrium,2.1812510005930754,4.105298891828784,-2.673078213015767,-2.686096328797132
nextgen_prospective_010,nextgen_prospective__nextgen_prospective_010__cluster_3water__equilibrium,equilibrium,-0.29438377061704596,3.1668753997140775,-1.7503047472136046,-2.2903234555798533
nextgen_prospective_010,nextgen_prospective__nextgen_prospective_010__cluster_3water__equilibrium,equilibrium,3.504239079254668,3.053759759972303,-4.221095743537351,-3.738050020616992
nextgen_prospective_010,nextgen_prospective__nextgen_prospective_010__cluster_3water__equilibrium,equilibrium,1.0081216853333594,4.478572336919887,-2.191485784308167,-2.3969899662479053
nextgen_prospective_010,nextgen_prospective__nextgen_prospective_010__cluster_3water__equilibrium,equilibrium,2.8146747637860137,4.118363992004357,-3.2150859691517653,-3.076581452115598
nextgen_prospective_010,nextgen_prospective__nextgen_prospective_010__cluster_3water__equilibrium,equilibrium,-0.04861589004130673,3.8987241902122687,-1.8819044287803344,-2.2701930623216056
nextgen_prospective_010,nextgen_prospective__nextgen_prospective_010__cluster_3water__equilibrium,equilibrium,1.6135155811740212,4.366100566423024,-2.6242047608873165,-2.798310535858672
nextgen_prospective_010,nextgen_prospective__nextgen_prospective_010__cluster_3water__equilibrium,equilibrium,2.623983387709002,3.3192787265273815,-3.6507104989049743,-3.7658483233863502
nextgen_prospective_010,nextgen_prospective__nextgen_prospective_010__cluster_3water__equilibrium,equilibrium,0.8973340834826526,3.478430684374555,-2.6495626108316017,-2.994415410403444
nextgen_prospective_010,nextgen_prospective__nextgen_prospective_010__cluster_3water__equilibrium,equilibrium,1.875271220962265,2.3803843860019813,-3.942007227994093,-3.9977992414732553
nextgen_prospective_010,nextgen_prospective__nextgen_prospective_010__cluster_3water__equilibrium,equilibrium,2.284032735967018,0.10179368243038037,-1.1789096314234193,-1.6392116599854076
nextgen_prospective_010,nextgen_prospective__nextgen_prospective_010__cluster_3water__equilibrium,equilibrium,3.3416226405645792,0.5778014981380153,-2.719350977709478,-3.4690453957807557
nextgen_prospective_010,nextgen_prospective__nextgen_prospective_010__cluster_3water__equilibrium,equilibrium,2.571496949082526,-0.8809846539019368,2.622806593109317,2.3071353046471335
nextgen_prospective_010,nextgen_prospective__nextgen_prospective_010__cluster_3water__equilibrium,equilibrium,3.9316182885523028,-0.17709263795838484,-0.8719017395657502,-1.6321030351828942
nextgen_prospective_010,nextgen_prospective__nextgen_prospective_010__cluster_3water__equilibrium,equilibrium,3.147667607122929,1.5134892555311745,-6.132882509100046,-7.196738157315776
nextgen_prospective_010,nextgen_prospective__nextgen_prospective_010__cluster_3water__equilibrium,equilibrium,3.279376486214009,-1.2370903620458982,3.4507794332649944,3.044175612267496
nextgen_prospective_010,nextgen_prospective__nextgen_prospective_010__cluster_3water__equilibrium,equilibrium,4.176658334970835,0.6956254863094679,-3.5406585229713627,-4.311096191367181
nextgen_prospective_010,nextgen_prospective__nextgen_prospective_010__cluster_3water__equilibrium,equilibrium,4.007155390680996,-0.7220733245814183,0.6392627422759922,0.1382813435173294
nextgen_prospective_010,nextgen_prospective__nextgen_prospective_010__cluster_3water__equilibrium,equilibrium,2.6900990167522845,-1.4069478640600614,8.095005743804506,7.815829005504
nextgen_prospective_010,nextgen_prospective__nextgen_prospective_010__cluster_3water__equilibrium,equilibrium,4.135757956008351,0.22554876578090366,-2.2164508857915877,-2.871649123774341
nextgen_prospective_010,nextgen_prospective__nextgen_prospective_010__cluster_3water__equilibrium,equilibrium,2.7060956142414425,1.716335002437807,-8.085874337231402,-9.088883272643558
nextgen_prospective_010,nextgen_prospective__nextgen_prospective_010__cluster_3water__equilibrium,equilibrium,3.339505701427334,-0.8151521096586121,2.0043345475944108,1.8674953456282852
nextgen_prospective_010,nextgen_prospective__nextgen_prospective_010__cluster_3water__equilibrium,equilibrium,3.492015019324206,0.902140238074529,-4.083015556712866,-4.57918327726195
nextgen_prospective_010,nextgen_prospective__nextgen_prospective_010__cluster_3water__equilibrium,equilibrium,2.9096833340767434,0.17188908433255096,-1.648927132894773,-1.2930866290041176
nextgen_prospective_010,nextgen_prospective__nextgen_prospective_010__cluster_3water__equilibrium,equilibrium,2.1902439491110357,0.07202848250814653,-0.8313397800372435,-1.056492502398814
nextgen_prospective_010,nextgen_prospective__nextgen_prospective_010__cluster_3water__equilibrium,equilibrium,3.5500023978793287,0.6840385312751056,-2.04628016193098,-2.459216338850843
nextgen_prospective_010,nextgen_prospective__nextgen_prospective_010__cluster_3water__equilibrium,equilibrium,2.55984079454526,-1.1915436642048327,2.6216172018109773,2.3799254242732446
nextgen_prospective_010,nextgen_prospective__nextgen_prospective_010__cluster_3water__equilibrium,equilibrium,1.9241487418471601,1.2946221742127382,-4.017384295012416,-4.444519650600449
nextgen_prospective_010,nextgen_prospective__nextgen_prospective_010__cluster_3water__equilibrium,equilibrium,4.308568231006402,-0.28653964370598023,-0.4311471310094461,-0.8966040327923038
nextgen_prospective_010,nextgen_prospective__nextgen_prospective_010__cluster_3water__equilibrium,equilibrium,3.3006316405972074,1.8870656479234533,-5.0513689490037095,-5.534615889395231
nextgen_prospective_010,nextgen_prospective__nextgen_prospective_010__cluster_3water__equilibrium,equilibrium,3.4699716280000232,-1.6493938603899263,3.5504505641528183,3.373289913308356
nextgen_prospective_010,nextgen_prospective__nextgen_prospective_010__cluster_3water__equilibrium,equilibrium,4.623619719258801,0.8355265160669736,-2.7218822211620974,-3.0440929238771934
nextgen_prospective_010,nextgen_prospective__nextgen_prospective_010__cluster_3water__equilibrium,equilibrium,4.405687362314723,-0.9872290979355947,0.9874108590532948,0.6446131879775508
nextgen_prospective_010,nextgen_prospective__nextgen_prospective_010__cluster_3water__equilibrium,equilibrium,2.7123291672635212,-1.8677820772652791,9.104600678603525,8.766888333027392
nextgen_prospective_010,nextgen_prospective__nextgen_prospective_010__cluster_3water__equilibrium,equilibrium,4.571033517735606,0.2311421611016764,-1.373626520305038,-2.225086634795383
nextgen_prospective_010,nextgen_prospective__nextgen_prospective_010__cluster_3water__equilibrium,equilibrium,2.732896221178153,2.1478673225176945,-6.613127878969838,-7.355597601270721
nextgen_prospective_010,nextgen_prospective__nextgen_prospective_010__cluster_3water__equilibrium,equilibrium,3.5472806189885846,-1.1069018216062725,2.3616401521318053,2.0923405106444797
nextgen_prospective_010,nextgen_prospective__nextgen_prospective_010__cluster_3water__equilibrium,equilibrium,3.743364027713135,1.1010454826220522,-2.7948376178157375,-3.6297254176710214
nextgen_prospective_010,nextgen_prospective__nextgen_prospective_010__cluster_3water__equilibrium,equilibrium,2.112004502867431,-0.872066959263217,3.804912957167339,3.380406468796503
nextgen_prospective_010,nextgen_prospective__nextgen_prospective_010__cluster_3water__equilibrium,equilibrium,2.0167147234867846,1.2601974404692255,-4.281452309853773,-3.972002630254074
nextgen_prospective_010,nextgen_prospective__nextgen_prospective_010__cluster_3water__equilibrium,equilibrium,2.994651860966397,0.16215114209665163,-0.8862862548673078,-0.844349183046705
nextgen_prospective_010,nextgen_prospective__nextgen_prospective_010__cluster_3water__equilibrium,equilibrium,0.8479582300550601,-1.8842533307951221,3.970821195153018,5.2270528427453975
nextgen_prospective_010,nextgen_prospective__nextgen_prospective_010__cluster_3water__equilibrium,equilibrium,1.9055481346526217,-1.4082455150874873,6.107204036791991,6.461307905405587
nextgen_prospective_010,nextgen_prospective__nextgen_prospective_010__cluster_3water__equilibrium,equilibrium,0.054985274036697826,-2.52364824908594,2.8102683384436666,4.758473517216347
nextgen_prospective_010,nextgen_prospective__nextgen_prospective_010__cluster_3water__equilibrium,equilibrium,2.7405838290588767,-1.2904215269160346,7.020761065188452,6.972324903470054
nextgen_prospective_010,nextgen_prospective__nextgen_prospective_010__cluster_3water__equilibrium,equilibrium,0.4098519354473723,-3.251003682369396,6.170577237844199,6.718293365825693
nextgen_prospective_010,nextgen_prospective__nextgen_prospective_010__cluster_3water__equilibrium,equilibrium,2.6996834500963924,-1.760498247444599,7.778311800431759,6.910896322846287
nextgen_prospective_010,nextgen_prospective__nextgen_prospective_010__cluster_3water__equilibrium,equilibrium,-0.02456637973291846,-2.727296231715413,3.6478718260899434,4.429065338347218
nextgen_prospective_010,nextgen_prospective__nextgen_prospective_010__cluster_3water__equilibrium,equilibrium,2.0559405134122475,-1.0839067751509734,5.108224450051768,4.374581926119479
nextgen_prospective_010,nextgen_prospective__nextgen_prospective_010__cluster_3water__equilibrium,equilibrium,0.7871053274211455,-2.6185497855061826,5.859787907291025,5.273118746903974
nextgen_prospective_010,nextgen_prospective__nextgen_prospective_010__cluster_3water__equilibrium,equilibrium,1.4736088281647859,-1.8141579288929517,5.807464422327602,4.624046402564865
nextgen_prospective_010,nextgen_prospective__nextgen_prospective_010__cluster_3water__equilibrium,equilibrium,0.7541694431990777,-1.9140185307173563,2.6529256539600254,3.3753882956924706
nextgen_prospective_010,nextgen_prospective__nextgen_prospective_010__cluster_3water__equilibrium,equilibrium,2.113927891967371,-1.3020084819503972,3.9016019359428,3.872659655916116
nextgen_prospective_010,nextgen_prospective__nextgen_prospective_010__cluster_3water__equilibrium,equilibrium,2.872493725094443,-2.2725866569314825,5.548092038586638,5.986968140815683
nextgen_prospective_010,nextgen_prospective__nextgen_prospective_010__cluster_3water__equilibrium,equilibrium,-0.2653672145388169,-2.736097711376979,1.710315144455521,3.1166977615148164
nextgen_prospective_010,nextgen_prospective__nextgen_prospective_010__cluster_3water__equilibrium,equilibrium,3.187545213346842,-1.150520497158529,4.098076068329348,3.794702164465286
nextgen_prospective_010,nextgen_prospective__nextgen_prospective_010__cluster_3water__equilibrium,equilibrium,0.19088992156062207,-3.671268982741421,4.691231604609936,4.885464112976856
nextgen_prospective_010,nextgen_prospective__nextgen_prospective_010__cluster_3water__equilibrium,equilibrium,3.1349590118236477,-1.7549048521238264,5.075781643952837,4.585041196246524
nextgen_prospective_010,nextgen_prospective__nextgen_prospective_010__cluster_3water__equilibrium,equilibrium,-0.36764791224260923,-2.997930831900587,2.259044974346036,3.0218692986937796
nextgen_prospective_010,nextgen_prospective__nextgen_prospective_010__cluster_3water__equilibrium,equilibrium,2.1112061130766264,-3.092948834831776,5.930104993181473,5.7148144013835935
nextgen_prospective_010,nextgen_prospective__nextgen_prospective_010__cluster_3water__equilibrium,equilibrium,2.307289521801177,-0.8850015306034504,2.950463338384335,2.5173772199270945
nextgen_prospective_010,nextgen_prospective__nextgen_prospective_010__cluster_3water__equilibrium,equilibrium,0.6759299969554731,-2.8581139724887197,4.069747034264104,3.781449244280575
nextgen_prospective_010,nextgen_prospective__nextgen_prospective_010__cluster_3water__equilibrium,equilibrium,0.5806402175748268,-0.725849572756277,1.1548251456261482,0.9257246764522358
nextgen_prospective_010,nextgen_prospective__nextgen_prospective_010__cluster_3water__equilibrium,equilibrium,1.5585773550544393,-1.823895871128851,3.8929700503760323,3.20028085262848
nextgen_prospective_010,nextgen_prospective__nextgen_prospective_010__cluster_3water__equilibrium,equilibrium,1.8292103965117834,-3.54672587895135,4.332321909453984,3.8574734456328312
nextgen_prospective_010,nextgen_prospective__nextgen_prospective_010__cluster_3water__equilibrium,equilibrium,3.1688242756686944,-2.943782645721679,3.8516420433776233,3.790490167219666
nextgen_prospective_010,nextgen_prospective__nextgen_prospective_010__cluster_3water__equilibrium,equilibrium,2.1933317331247597,-4.791578438305619,4.64933987905658,4.222806496667041
nextgen_prospective_010,nextgen_prospective__nextgen_prospective_010__cluster_3water__equilibrium,equilibrium,1.567057340466632,-2.342244686383123,4.855011893170058,4.908986738043423
nextgen_prospective_010,nextgen_prospective__nextgen_prospective_010__cluster_3water__equilibrium,equilibrium,3.9161520964531435,-3.8999818847771195,3.8963022601077313,4.2879159791031505
nextgen_prospective_010,nextgen_prospective__nextgen_prospective_010__cluster_3water__equilibrium,equilibrium,2.9231478999759375,-1.7585781530236775,4.649144103164637,4.510742549260506
nextgen_prospective_010,nextgen_prospective__nextgen_prospective_010__cluster_3water__equilibrium,equilibrium,3.089979146824638,-5.242645668621303,4.459729715593941,4.939775351823676
nextgen_prospective_010,nextgen_prospective__nextgen_prospective_010__cluster_3water__equilibrium,equilibrium,0.4841891994504113,-2.6830990748848316,4.793791980220341,5.80356181497927
nextgen_prospective_010,nextgen_prospective__nextgen_prospective_010__cluster_3water__equilibrium,equilibrium,4.22653615524995,-2.7945389273711725,3.3732495555485187,3.8611838278280013
nextgen_prospective_010,nextgen_prospective__nextgen_prospective_010__cluster_3water__equilibrium,equilibrium,1.274275756675379,-5.277942990945429,4.786521638284302,4.4827380111232635
nextgen_prospective_010,nextgen_prospective__nextgen_prospective_010__cluster_3water__equilibrium,equilibrium,0.14299468183258485,-3.7404416472521262,4.461038601440759,4.624930761679291
nextgen_prospective_010,nextgen_prospective__nextgen_prospective_010__cluster_3water__equilibrium,equilibrium,3.5471876074178685,-1.7457066098877407,4.26250212085133,4.17561114404494
nextgen_prospective_010,nextgen_prospective__nextgen_prospective_010__cluster_3water__equilibrium,equilibrium,2.3435610188397873,-5.45779850450591,4.4522953923209485,4.744206434918636
nextgen_prospective_010,nextgen_prospective__nextgen_prospective_010__cluster_3water__equilibrium,equilibrium,4.174729008564138,-3.3899694400406872,3.50185243456691,4.517270869912666
nextgen_prospective_010,nextgen_prospective__nextgen_prospective_010__cluster_3water__equilibrium,equilibrium,0.7240125574470105,-4.61458022011705,4.424424002580807,4.328330632524278
nextgen_prospective_010,nextgen_prospective__nextgen_prospective_010__cluster_3water__equilibrium,equilibrium,2.363823375659388,-1.5016402069419434,9.49696918851295,8.522998222655955
nextgen_prospective_010,nextgen_prospective__nextgen_prospective_010__cluster_3water__equilibrium,equilibrium,3.1661428194281833,-4.70819054893074,4.017219008018547,5.026038267406791
nextgen_prospective_010,nextgen_prospective__nextgen_prospective_010__cluster_3water__equilibrium,equilibrium,0.5593904371363162,-2.9943680167301014,6.180819348247546,6.118363131287672
nextgen_prospective_010,nextgen_prospective__nextgen_prospective_010__cluster_3water__equilibrium,equilibrium,3.359321288764221,-2.532953575135428,4.287939298482257,4.275316674360227
nextgen_prospective_010,nextgen_prospective__nextgen_prospective_010__cluster_3water__equilibrium,equilibrium,1.7521300531754913,-4.47683472158536,4.283664454168612,4.2762802626233505
nextgen_prospective_010,nextgen_prospective__nextgen_prospective_010__cluster_3water__equilibrium,equilibrium,1.658251974230114,-2.376159424071176,7.567708048915822,6.4134824188459385
nextgen_prospective_010,nextgen_prospective__nextgen_prospective_010__cluster_3water__equilibrium,equilibrium,2.6217011541174355,-3.4579383698752673,4.2808207332809545,4.325884911859851
nextgen_prospective_010,nextgen_prospective__nextgen_prospective_010__cluster_3water__equilibrium,equilibrium,1.7104112664942057,-3.5844284655195127,3.0021679596923256,2.756400037175326
nextgen_prospective_010,nextgen_prospective__nextgen_prospective_010__cluster_3water__equilibrium,equilibrium,3.432771968267377,-2.8092157370813644,2.699660261632708,2.603359331855232
nextgen_prospective_010,nextgen_prospective__nextgen_prospective_010__cluster_3water__equilibrium,equilibrium,2.17856727071089,-5.184953184689286,3.2883351691204155,3.053828657369924
nextgen_prospective_010,nextgen_prospective__nextgen_prospective_010__cluster_3water__equilibrium,equilibrium,1.3733573372932963,-2.0358097893603637,2.9692610491833804,3.117060296235228
nextgen_prospective_010,nextgen_prospective__nextgen_prospective_010__cluster_3water__equilibrium,equilibrium,4.393622023561669,-4.038614758724073,2.8137193299531127,3.0468343864087455
nextgen_prospective_010,nextgen_prospective__nextgen_prospective_010__cluster_3water__equilibrium,equilibrium,0.41899816669287243,-4.625728761021703,3.2034260235827006,2.8540388020404883
nextgen_prospective_010,nextgen_prospective__nextgen_prospective_010__cluster_3water__equilibrium,equilibrium,3.1169023423766897,-1.285381389326791,2.7451302235572683,2.3898917195381464
nextgen_prospective_010,nextgen_prospective__nextgen_prospective_010__cluster_3water__equilibrium,equilibrium,3.3313996597535906,-5.764896766523739,3.210282081031135,3.515921163886462
nextgen_prospective_010,nextgen_prospective__nextgen_prospective_010__cluster_3water__equilibrium,equilibrium,-0.018901701156130324,-2.4740511460054178,1.9343448015272102,3.3829210807315158
nextgen_prospective_010,nextgen_prospective__nextgen_prospective_010__cluster_3water__equilibrium,equilibrium,4.792687242014709,-2.6173309563449987,2.376184018598959,2.5814980436892645
nextgen_prospective_010,nextgen_prospective__nextgen_prospective_010__cluster_3water__equilibrium,equilibrium,0.9969238724188284,-5.81027903808333,3.354666693076158,3.182850817214774
nextgen_prospective_010,nextgen_prospective__nextgen_prospective_010__cluster_3water__equilibrium,equilibrium,4.516639589885543,-4.926154734081586,2.902286648915897,3.8478255448574585
nextgen_prospective_010,nextgen_prospective__nextgen_prospective_010__cluster_3water__equilibrium,equilibrium,-0.4575803666647644,-3.8334915961919407,2.5284644530110256,3.0021317366115166
nextgen_prospective_010,nextgen_prospective__nextgen_prospective_010__cluster_3water__equilibrium,equilibrium,3.9192391090877448,-1.268832262437729,2.3114903155621036,2.0537957110148373
nextgen_prospective_010,nextgen_prospective__nextgen_prospective_010__cluster_3water__equilibrium,equilibrium,2.371719209487354,-6.041521841232519,3.2351629155020767,3.44952795167444
nextgen_prospective_010,nextgen_prospective__nextgen_prospective_010__cluster_3water__equilibrium,equilibrium,4.726078053418662,-3.382884472634375,2.5932195357141197,3.1165073829140755
nextgen_prospective_010,nextgen_prospective__nextgen_prospective_010__cluster_3water__equilibrium,equilibrium,0.28944261626806894,-4.95738404701827,3.1000817554627247,3.0854808701272938
nextgen_prospective_010,nextgen_prospective__nextgen_prospective_010__cluster_3water__equilibrium,equilibrium,2.3977708111125544,-0.955032601507418,4.985628248756591,4.770233819726868
nextgen_prospective_010,nextgen_prospective__nextgen_prospective_010__cluster_3water__equilibrium,equilibrium,3.4293243816724344,-5.077740184064445,2.9870825996893835,3.5369438561001245
nextgen_prospective_010,nextgen_prospective__nextgen_prospective_010__cluster_3water__equilibrium,equilibrium,0.07778560444003299,-2.8742540712350513,3.448590029571985,3.6820715751209843
nextgen_prospective_010,nextgen_prospective__nextgen_prospective_010__cluster_3water__equilibrium,equilibrium,3.6776966993901974,-2.2810069320418984,3.0002712328549563,2.8898216771948575
nextgen_prospective_010,nextgen_prospective__nextgen_prospective_010__cluster_3water__equilibrium,equilibrium,1.6113079679189732,-4.78028269176324,3.1466374113353623,3.1582933632341414
nextgen_prospective_010,nextgen_prospective__nextgen_prospective_010__cluster_3water__equilibrium,equilibrium,1.4906075807034875,-2.0794144521021454,4.759121074948691,3.930649084307926
nextgen_prospective_010,nextgen_prospective__nextgen_prospective_010__cluster_3water__equilibrium,equilibrium,2.72932795484433,-3.4702730967074062,3.16122457726431,3.138930714695921
nextgen_prospective_010,nextgen_prospective__nextgen_prospective_010__cluster_3water__equilibrium,equilibrium,2.5914977940013326,-4.18748619471558,5.465399864600151,5.144120847698119
nextgen_prospective_010,nextgen_prospective__nextgen_prospective_010__cluster_3water__equilibrium,equilibrium,3.6490876985988936,-3.711478379007946,4.258349016344809,4.494262350596728
nextgen_prospective_010,nextgen_prospective__nextgen_prospective_010__cluster_3water__equilibrium,equilibrium,2.87896200711684,-5.1702645310478985,4.335530368527074,4.390838681198634
nextgen_prospective_010,nextgen_prospective__nextgen_prospective_010__cluster_3water__equilibrium,equilibrium,4.239083346586617,-4.466372515104346,3.4238498847463106,4.134277789291787
nextgen_prospective_010,nextgen_prospective__nextgen_prospective_010__cluster_3water__equilibrium,equilibrium,3.586841544248323,-5.526370239191859,3.4810877304081167,4.154761110831297
nextgen_prospective_010,nextgen_prospective__nextgen_prospective_010__cluster_3water__equilibrium,equilibrium,4.48412339300515,-3.5936543908364924,3.3070356347408847,4.192476316142396
nextgen_prospective_010,nextgen_prospective__nextgen_prospective_010__cluster_3water__equilibrium,equilibrium,2.1533914993936447,-5.554236546289855,4.564309571582825,4.59867821991885
nextgen_prospective_010,nextgen_prospective__nextgen_prospective_010__cluster_3water__equilibrium,equilibrium,4.314620448715312,-5.011353201727379,3.1039028522630296,4.187204629878408
nextgen_prospective_010,nextgen_prospective__nextgen_prospective_010__cluster_3water__equilibrium,equilibrium,3.947795592085085,-2.765628877033784,3.9371197767410493,4.726743446176351
nextgen_prospective_010,nextgen_prospective__nextgen_prospective_010__cluster_3water__equilibrium,equilibrium,2.997564074786599,-5.696227741206021,3.628569747036625,4.244086664995626
nextgen_prospective_010,nextgen_prospective__nextgen_prospective_010__cluster_3water__equilibrium,equilibrium,4.443223014042665,-4.0637311113650565,3.1269128309387995,4.243695246732191
nextgen_prospective_010,nextgen_prospective__nextgen_prospective_010__cluster_3water__equilibrium,equilibrium,1.7189731842133538,-5.030529095635871,5.063202587919591,5.035406401906689
nextgen_prospective_010,nextgen_prospective__nextgen_prospective_010__cluster_3water__equilibrium,equilibrium,3.6469707594616487,-5.104431986804573,3.312718559007166,4.273749106838063
nextgen_prospective_010,nextgen_prospective__nextgen_prospective_010__cluster_3water__equilibrium,equilibrium,3.7994800773585204,-3.3871396390714317,3.7500082392831757,4.561238153277537
nextgen_prospective_010,nextgen_prospective__nextgen_prospective_010__cluster_3water__equilibrium,equilibrium,2.530644891367418,-4.921782649426641,4.113146401180767,4.516493747710378
nextgen_prospective_010,nextgen_prospective__nextgen_prospective_010__cluster_3water__equilibrium,equilibrium,3.217148392111058,-4.11739079281341,3.873043624231798,4.550374789717741
nextgen_prospective_010,nextgen_prospective__nextgen_prospective_010__cluster_3water__equilibrium,equilibrium,2.4977090071453496,-4.217251394637814,4.30426090359548,3.920599945067855
nextgen_prospective_010,nextgen_prospective__nextgen_prospective_010__cluster_3water__equilibrium,equilibrium,3.857467455913643,-3.605241345870856,3.3346477366547056,3.407156267812956
nextgen_prospective_010,nextgen_prospective__nextgen_prospective_010__cluster_3water__equilibrium,equilibrium,2.8673058525795745,-5.480823541350794,3.414322896552857,3.412194741414049
nextgen_prospective_010,nextgen_prospective__nextgen_prospective_010__cluster_3water__equilibrium,equilibrium,2.2316137998814747,-2.9946577029332233,5.308845475645363,5.252005722460686
nextgen_prospective_010,nextgen_prospective__nextgen_prospective_010__cluster_3water__equilibrium,equilibrium,4.616033289040716,-4.575819520851941,2.6986670776314448,3.1187462118146945
nextgen_prospective_010,nextgen_prospective__nextgen_prospective_010__cluster_3water__equilibrium,equilibrium,1.4781723494074557,-5.039330575297438,4.842370544954289,4.303171503413934
nextgen_prospective_010,nextgen_prospective__nextgen_prospective_010__cluster_3water__equilibrium,equilibrium,3.608096698631522,-2.402214229222507,3.8472648756133765,4.058233953244528
nextgen_prospective_010,nextgen_prospective__nextgen_prospective_010__cluster_3water__equilibrium,equilibrium,3.7774366860343385,-5.938673737535888,2.771283640872202,3.186897589197722
nextgen_prospective_010,nextgen_prospective__nextgen_prospective_010__cluster_3water__equilibrium,equilibrium,4.9310847772931155,-3.453753361078988,2.5884962657771737,3.081000929662971
nextgen_prospective_010,nextgen_prospective__nextgen_prospective_010__cluster_3water__equilibrium,equilibrium,1.9344294855068944,-5.974501846661881,3.6007651605021174,3.5893803528618506
nextgen_prospective_010,nextgen_prospective__nextgen_prospective_010__cluster_3water__equilibrium,equilibrium,4.713152420349037,-5.276508975081557,2.4798615228731613,3.1384965632739945
nextgen_prospective_010,nextgen_prospective__nextgen_prospective_010__cluster_3water__equilibrium,equilibrium,4.24152046182446,-2.389149129046933,3.16287598550824,3.473740331949676
nextgen_prospective_010,nextgen_prospective__nextgen_prospective_010__cluster_3water__equilibrium,equilibrium,3.0197942252978356,-6.1570619544112395,2.8964396699291406,3.2775299108180347
nextgen_prospective_010,nextgen_prospective__nextgen_prospective_010__cluster_3water__equilibrium,equilibrium,4.878498575769921,-4.058137716044284,2.4931858102159588,3.141038720589581
nextgen_prospective_010,nextgen_prospective__nextgen_prospective_010__cluster_3water__equilibrium,equilibrium,1.375891651703663,-5.301163695821046,4.023211229458923,3.947981162965351
nextgen_prospective_010,nextgen_prospective__nextgen_prospective_010__cluster_3water__equilibrium,equilibrium,3.0403612792124677,-2.1414125546282663,6.106746392200435,5.810015116766639
nextgen_prospective_010,nextgen_prospective__nextgen_prospective_010__cluster_3water__equilibrium,equilibrium,3.8547456770228994,-5.396181698752234,2.6624420550844796,3.242863822176984
nextgen_prospective_010,nextgen_prospective__nextgen_prospective_010__cluster_3water__equilibrium,equilibrium,1.2087940107867932,-3.656587399150082,5.847206826921969,5.849545752818009
nextgen_prospective_010,nextgen_prospective__nextgen_prospective_010__cluster_3water__equilibrium,equilibrium,4.05082908574745,-3.188234394523909,3.057281945338275,3.4452266438908996
nextgen_prospective_010,nextgen_prospective__nextgen_prospective_010__cluster_3water__equilibrium,equilibrium,2.4194695609017454,-5.161346836409178,3.3031435827051148,3.5265493088785718
nextgen_prospective_010,nextgen_prospective__nextgen_prospective_010__cluster_3water__equilibrium,equilibrium,2.324179781521099,-3.029082436676735,5.3401942983315465,5.097539288289257
nextgen_prospective_010,nextgen_prospective__nextgen_prospective_010__cluster_3water__equilibrium,equilibrium,3.3021169190007114,-4.127128735049309,3.1608225545780577,3.511525896316448
nextgen_prospective_010,nextgen_prospective__nextgen_prospective_010__cluster_3water__equilibrium,equilibrium,1.2444089756514443,-3.9476275781833934,3.7083689758001803,3.2212886067211133
nextgen_prospective_010,nextgen_prospective__nextgen_prospective_010__cluster_3water__equilibrium,equilibrium,2.3019988802490055,-3.4716197624757585,4.52453371084971,4.165284305165049
nextgen_prospective_010,nextgen_prospective__nextgen_prospective_010__cluster_3water__equilibrium,equilibrium,1.5318731887669523,-4.930405914515711,3.9061912186748593,3.4345453538237214
nextgen_prospective_010,nextgen_prospective__nextgen_prospective_010__cluster_3water__equilibrium,equilibrium,1.0374460366684302,-2.996721373524267,4.005535374484115,3.876187486065868
nextgen_prospective_010,nextgen_prospective__nextgen_prospective_010__cluster_3water__equilibrium,equilibrium,2.8919945282367285,-4.226513898572159,5.138126254250253,4.967440920123603
nextgen_prospective_010,nextgen_prospective__nextgen_prospective_010__cluster_3water__equilibrium,equilibrium,0.4514360196330821,-4.587022496474211,3.4215167782627454,3.011427906608467
nextgen_prospective_010,nextgen_prospective__nextgen_prospective_010__cluster_3water__equilibrium,equilibrium,2.1080438468073552,-2.535932005082599,5.802084008821318,5.9027483542785015
nextgen_prospective_010,nextgen_prospective__nextgen_prospective_010__cluster_3water__equilibrium,equilibrium,2.2397527258984353,-5.286511622659671,4.603488733885275,4.410923903717754
nextgen_prospective_010,nextgen_prospective__nextgen_prospective_010__cluster_3water__equilibrium,equilibrium,0.18255013586615046,-3.265816943394037,3.3787033603029926,3.6436147686977005
nextgen_prospective_010,nextgen_prospective__nextgen_prospective_010__cluster_3water__equilibrium,equilibrium,0.8063026810437567,-5.314377929757666,3.8346820900527767,3.4862097097878313
nextgen_prospective_010,nextgen_prospective__nextgen_prospective_010__cluster_3water__equilibrium,equilibrium,1.195609934938688,-2.245608214456185,8.630965048694428,9.909915549404385
nextgen_prospective_010,nextgen_prospective__nextgen_prospective_010__cluster_3water__equilibrium,equilibrium,-0.08681395699002825,-4.100561079473481,3.3817879858668576,3.378012849197334
nextgen_prospective_010,nextgen_prospective__nextgen_prospective_010__cluster_3water__equilibrium,equilibrium,1.6504752564367104,-5.456369124673835,4.67445735324068,4.524503043148986
nextgen_prospective_010,nextgen_prospective__nextgen_prospective_010__cluster_3water__equilibrium,equilibrium,0.3737029318695031,-2.6966012174509997,5.977551700842909,7.639214500694709
nextgen_prospective_010,nextgen_prospective__nextgen_prospective_010__cluster_3water__equilibrium,equilibrium,0.3718843658634659,-4.790670479103684,4.016520710603988,3.841130531886046
nextgen_prospective_010,nextgen_prospective__nextgen_prospective_010__cluster_3water__equilibrium,equilibrium,0.24191953403923336,-3.5115555816929342,5.000542247405981,5.3546725077006725
nextgen_prospective_010,nextgen_prospective__nextgen_prospective_010__cluster_3water__equilibrium,equilibrium,1.1835560730175299,-4.681924032894455,5.074031048089012,4.9857966246256
nextgen_prospective_010,nextgen_prospective__nextgen_prospective_010__cluster_3water__equilibrium,equilibrium,1.150620188795462,-3.977392778105627,2.761889420605179,2.52613865763317
nextgen_prospective_010,nextgen_prospective__nextgen_prospective_010__cluster_3water__equilibrium,equilibrium,2.510378637563755,-3.3653827293386684,3.475409034393806,3.2325027577619587
nextgen_prospective_010,nextgen_prospective__nextgen_prospective_010__cluster_3water__equilibrium,equilibrium,1.5202170342296863,-5.2409649248186065,2.985469470071944,2.7259779508360227
nextgen_prospective_010,nextgen_prospective__nextgen_prospective_010__cluster_3water__equilibrium,equilibrium,0.8845249815315865,-2.754799086401036,2.8389394781975774,2.945139318056291
nextgen_prospective_010,nextgen_prospective__nextgen_prospective_010__cluster_3water__equilibrium,equilibrium,3.268944470690828,-4.335960904319753,3.9763675017625566,3.906587982515937
nextgen_prospective_010,nextgen_prospective__nextgen_prospective_010__cluster_3water__equilibrium,equilibrium,0.1310835310575673,-4.79947195876525,2.4987415987558492,2.3447664685678493
nextgen_prospective_010,nextgen_prospective__nextgen_prospective_010__cluster_3water__equilibrium,equilibrium,2.2610078802816336,-2.16235561269032,4.6688497942870555,4.60094418553599
nextgen_prospective_010,nextgen_prospective__nextgen_prospective_010__cluster_3water__equilibrium,equilibrium,2.4303478676844494,-5.698815121003699,3.5642085317646455,3.5133583691208696
nextgen_prospective_010,nextgen_prospective__nextgen_prospective_010__cluster_3water__equilibrium,equilibrium,-0.21462689092848744,-3.1007791048050253,1.9878839923288538,2.628952661485815
nextgen_prospective_010,nextgen_prospective__nextgen_prospective_010__cluster_3water__equilibrium,equilibrium,3.5839959589432264,-3.2138947445468,4.596741777449509,5.138496822693679
nextgen_prospective_010,nextgen_prospective__nextgen_prospective_010__cluster_3water__equilibrium,equilibrium,0.5873406671570063,-5.734643230129693,2.913378685051704,2.741069666387429
nextgen_prospective_010,nextgen_prospective__nextgen_prospective_010__cluster_3water__equilibrium,equilibrium,-0.5609521531721461,-4.174021565478596,2.2270807343227617,2.493165353440375
nextgen_prospective_010,nextgen_prospective__nextgen_prospective_010__cluster_3water__equilibrium,equilibrium,1.6727054069479472,-5.9172033378790525,3.630891064002828,3.5839165329511493
nextgen_prospective_010,nextgen_prospective__nextgen_prospective_010__cluster_3water__equilibrium,equilibrium,0.028802833353774947,-5.061305079288858,3.003367514396338,2.967079279781342
nextgen_prospective_010,nextgen_prospective__nextgen_prospective_010__cluster_3water__equilibrium,equilibrium,2.5076568586730104,-5.156323082220046,4.685188588682276,5.233462330001086
nextgen_prospective_010,nextgen_prospective__nextgen_prospective_010__cluster_3water__equilibrium,equilibrium,-0.13829480756309526,-3.416728782617894,3.4480733543476028,4.003477871231022
nextgen_prospective_010,nextgen_prospective__nextgen_prospective_010__cluster_3water__equilibrium,equilibrium,1.0723807425518572,-4.921488219876992,4.00802877739892,3.9179116423899933
nextgen_prospective_010,nextgen_prospective__nextgen_prospective_010__cluster_3water__equilibrium,equilibrium,0.977090963171211,-2.789223820144548,8.54475972113633,8.194189024200773
nextgen_prospective_010,nextgen_prospective__nextgen_prospective_010__cluster_3water__equilibrium,equilibrium,1.9550281006508234,-3.8872701185171215,5.308414141230067,5.417531146225151
nextgen_prospective_010,nextgen_prospective__nextgen_prospective_010__cluster_3water__equilibrium,equilibrium,-6.348053012181072,0.24113033524753663,-1.08296944160724,-1.1264115743360106
nextgen_prospective_010,nextgen_prospective__nextgen_prospective_010__cluster_3water__equilibrium,equilibrium,-5.008439133024162,0.8440735684772074,-1.8791587107229724,-1.0896765417508891
nextgen_prospective_010,nextgen_prospective__nextgen_prospective_010__cluster_3water__equilibrium,equilibrium,-5.983931675568096,-1.0037222241067316,-1.355484111923655,-1.2625842809524106
nextgen_prospective_010,nextgen_prospective__nextgen_prospective_010__cluster_3water__equilibrium,equilibrium,-6.6102060682262245,1.4456115278157635,-0.8123460191171716,-0.8887713716168415
nextgen_prospective_010,nextgen_prospective__nextgen_prospective_010__cluster_3water__equilibrium,equilibrium,-4.261111312239714,-0.11212567057823253,-3.6700090290113785,-2.668385367233031
nextgen_prospective_010,nextgen_prospective__nextgen_prospective_010__cluster_3water__equilibrium,equilibrium,-7.352485423137666,-0.5687698945874989,-0.16133551126662482,-0.588826186675543
nextgen_prospective_010,nextgen_prospective__nextgen_prospective_010__cluster_3water__equilibrium,equilibrium,-5.254115508716918,2.029278061175209,-1.214930226562494,-0.47212479529621026
nextgen_prospective_010,nextgen_prospective__nextgen_prospective_010__cluster_3water__equilibrium,equilibrium,-5.08728426186822,-1.4547894544224165,-2.7577232848265965,-2.4638945621223036
nextgen_prospective_010,nextgen_prospective__nextgen_prospective_010__cluster_3water__equilibrium,equilibrium,-7.693074209242446,1.1047571393140547,-0.09791857808849613,-0.6303946070376338
nextgen_prospective_010,nextgen_prospective__nextgen_prospective_010__cluster_3water__equilibrium,equilibrium,-6.902987652017478,-1.4900867767465427,-0.12971918048121367,-0.16468343217235282
nextgen_prospective_010,nextgen_prospective__nextgen_prospective_010__cluster_3water__equilibrium,equilibrium,-6.409865130417231,2.3970215293019996,-0.5547696534780044,-0.44697332087668384
nextgen_prospective_010,nextgen_prospective__nextgen_prospective_010__cluster_3water__equilibrium,equilibrium,-8.03426872686027,0.047414566946759364,0.47421221694543547,0.09712278649459287
nextgen_prospective_010,nextgen_prospective__nextgen_prospective_010__cluster_3water__equilibrium,equilibrium,-4.630075801274988,2.042149604311146,-0.8896716738280297,0.1025537419177362
nextgen_prospective_010,nextgen_prospective__nextgen_prospective_010__cluster_3water__equilibrium,equilibrium,-5.833702389853068,-1.669942290307023,-1.127861705540134,-0.8256542593127791
nextgen_prospective_010,nextgen_prospective__nextgen_prospective_010__cluster_3water__equilibrium,equilibrium,-7.450947334304866,1.825763725508569,0.10017744263057793,-0.2685841595493344
nextgen_prospective_010,nextgen_prospective__nextgen_prospective_010__cluster_3water__equilibrium,equilibrium,-4.002534400128719,0.3978867741581994,-5.034276395141202,-3.2192968952050025
nextgen_prospective_010,nextgen_prospective__nextgen_prospective_010__cluster_3water__equilibrium,equilibrium,-7.453250851245847,-0.8267240059181643,0.5642188496155498,0.4825027678181983
nextgen_prospective_010,nextgen_prospective__nextgen_prospective_010__cluster_3water__equilibrium,equilibrium,-5.813440033033469,2.286216007256943,-0.4146229705606075,-0.07132787590311815
nextgen_prospective_010,nextgen_prospective__nextgen_prospective_010__cluster_3water__equilibrium,equilibrium,-5.011120589264674,-0.9203343347318539,-2.2337565546513005,-2.026248251077802
nextgen_prospective_010,nextgen_prospective__nextgen_prospective_010__cluster_3water__equilibrium,equilibrium,-7.617872971556539,0.7934881974687846,0.5190939457206944,0.12434311151727852
nextgen_prospective_010,nextgen_prospective__nextgen_prospective_010__cluster_3water__equilibrium,equilibrium,-4.817942119928635,1.2549026390634583,-1.1776371855982681,-0.3914184655414312
nextgen_prospective_010,nextgen_prospective__nextgen_prospective_010__cluster_3water__equilibrium,equilibrium,-6.425133355517365,-0.688978507386473,0.04891625513492315,0.1804669087032693
nextgen_prospective_010,nextgen_prospective__nextgen_prospective_010__cluster_3water__equilibrium,equilibrium,-6.519011434462742,1.4116967901277107,0.15524492447971383,0.11657595555474139
nextgen_prospective_010,nextgen_prospective__nextgen_prospective_010__cluster_3water__equilibrium,equilibrium,-5.555562254575421,0.32991784432361937,-0.5291766412729437,-0.16266883788175523
nextgen_prospective_010,nextgen_prospective__nextgen_prospective_010__cluster_3water__equilibrium,equilibrium,-6.4668521421986505,0.20342774867937377,-0.822081014495879,-0.7983272563617179
nextgen_prospective_010,nextgen_prospective__nextgen_prospective_010__cluster_3water__equilibrium,equilibrium,-4.74449144042548,0.9786404771175219,-1.2181379017444094,-0.8219363720061597
nextgen_prospective_010,nextgen_prospective__nextgen_prospective_010__cluster_3water__equilibrium,equilibrium,-5.998696137981967,-1.3970969704904002,-1.0713506167343567,-0.9493552979664986
nextgen_prospective_010,nextgen_prospective__nextgen_prospective_010__cluster_3water__equilibrium,equilibrium,-6.8039060713995605,1.752046424838523,-0.6202494200997499,-0.6290592259077848
nextgen_prospective_010,nextgen_prospective__nextgen_prospective_010__cluster_3water__equilibrium,equilibrium,-3.783641385131188,-0.25075854452518676,-2.9008709320716974,-2.257227924723294
nextgen_prospective_010,nextgen_prospective__nextgen_prospective_010__cluster_3water__equilibrium,equilibrium,-7.758265241999984,-0.837872546822815,-0.23662208245367466,-0.4400083381267486
nextgen_prospective_010,nextgen_prospective__nextgen_prospective_010__cluster_3water__equilibrium,equilibrium,-5.060361066316166,2.502474824872096,-0.7400535493746752,-0.336812709855743
nextgen_prospective_010,nextgen_prospective__nextgen_prospective_010__cluster_3water__equilibrium,equilibrium,-4.845863748939266,-1.9770405523248522,-2.2715376200164172,-1.9361482611712753
nextgen_prospective_010,nextgen_prospective__nextgen_prospective_010__cluster_3water__equilibrium,equilibrium,-8.196165109848987,1.3138050681934688,-0.15572829304622005,-0.433134936745681
nextgen_prospective_010,nextgen_prospective__nextgen_prospective_010__cluster_3water__equilibrium,equilibrium,-7.180339536274028,-2.0224228238844426,-0.27349888390881816,-0.2843676075762843
nextgen_prospective_010,nextgen_prospective__nextgen_prospective_010__cluster_3water__equilibrium,equilibrium,-6.546324865645139,2.9752878553208264,-0.44709989859237353,-0.3605119026026086
nextgen_prospective_010,nextgen_prospective__nextgen_prospective_010__cluster_3water__equilibrium,equilibrium,-8.634843775357623,-0.04563538199305402,0.18717204947238386,-0.05561393654345242
nextgen_prospective_010,nextgen_prospective__nextgen_prospective_010__cluster_3water__equilibrium,equilibrium,-4.258024299605112,2.5190239517611572,-0.3831575831410028,0.18960618934943652
nextgen_prospective_010,nextgen_prospective__nextgen_prospective_010__cluster_3water__equilibrium,equilibrium,-5.805544199205502,-2.2536656270336315,-1.0382200041796352,-0.8521908950888698
nextgen_prospective_010,nextgen_prospective__nextgen_prospective_010__cluster_3water__equilibrium,equilibrium,-7.884859127786384,2.2408135361578445,-0.0336822335444964,-0.22969585523940977
nextgen_prospective_010,nextgen_prospective__nextgen_prospective_010__cluster_3water__equilibrium,equilibrium,-7.887820792424788,-1.169527832819385,0.19701405474048528,0.12314424044855082
nextgen_prospective_010,nextgen_prospective__nextgen_prospective_010__cluster_3water__equilibrium,equilibrium,-5.779492597580302,2.8328236126914685,-0.3917170908787071,-0.1668255258802519
nextgen_prospective_010,nextgen_prospective__nextgen_prospective_010__cluster_3water__equilibrium,equilibrium,-4.747939027020422,-1.289883969865557,-2.0551761790210676,-1.7347308745285714
nextgen_prospective_010,nextgen_prospective__nextgen_prospective_010__cluster_3water__equilibrium,equilibrium,-8.099477804252825,0.9136021429638356,0.22250705748305677,0.0023367325246328834
nextgen_prospective_010,nextgen_prospective__nextgen_prospective_010__cluster_3water__equilibrium,equilibrium,-4.499566709302659,1.5068492821569877,-1.0759633183274886,-0.5040559012078323
nextgen_prospective_010,nextgen_prospective__nextgen_prospective_010__cluster_3water__equilibrium,equilibrium,-6.565955440773885,-0.9924264775643536,-0.1934269780061726,-0.11559094538800573
nextgen_prospective_010,nextgen_prospective__nextgen_prospective_010__cluster_3water__equilibrium,equilibrium,-6.6866558279893695,1.7084417620967407,-0.061153127668855944,-0.059838189793446524
nextgen_prospective_010,nextgen_prospective__nextgen_prospective_010__cluster_3water__equilibrium,equilibrium,-5.447935453848527,0.3175831174914802,-0.6596611073304004,-0.39051449404320404
nextgen_prospective_010,nextgen_prospective__nextgen_prospective_010__cluster_3water__equilibrium,equilibrium,-4.5161645585651815,0.13520142191122486,-3.5549592876131797,-2.303910102452016
nextgen_prospective_010,nextgen_prospective__nextgen_prospective_010__cluster_3water__equilibrium,equilibrium,-5.286290250047235,-1.3235847301287276,-2.3720349156537424,-2.0110637738138277
nextgen_prospective_010,nextgen_prospective__nextgen_prospective_010__cluster_3water__equilibrium,equilibrium,-3.926168910577459,-0.6196927141851751,-5.993577534429306,-5.205013136109206
nextgen_prospective_010,nextgen_prospective__nextgen_prospective_010__cluster_3water__equilibrium,equilibrium,-4.578410712915752,-1.6796904382726885,-3.480668587645841,-3.263914385694145
nextgen_prospective_010,nextgen_prospective__nextgen_prospective_010__cluster_3water__equilibrium,equilibrium,-6.011860757770431,-1.707556745370683,-1.0377664657603702,-0.7997901317085673
nextgen_prospective_010,nextgen_prospective__nextgen_prospective_010__cluster_3water__equilibrium,equilibrium,-4.21745666507899,1.0810509238853867,-2.4929508210829177,-0.6870893000815202
nextgen_prospective_010,nextgen_prospective__nextgen_prospective_010__cluster_3water__equilibrium,equilibrium,-5.167688182377478,-1.8495479402868518,-2.017550894070741,-1.8502913062749637
nextgen_prospective_010,nextgen_prospective__nextgen_prospective_010__cluster_3water__equilibrium,equilibrium,-6.446279072950722,-1.1838492947167003,-0.009378645615232273,0.29572925656319105
nextgen_prospective_010,nextgen_prospective__nextgen_prospective_010__cluster_3water__equilibrium,equilibrium,-4.518281497702428,-1.2577521858854026,-3.0485123848023044,-2.7938812931087793
nextgen_prospective_010,nextgen_prospective__nextgen_prospective_010__cluster_3water__equilibrium,equilibrium,-4.365772179805556,0.4595401618477389,-2.788213641952808,-1.7214875980593738
nextgen_prospective_010,nextgen_prospective__nextgen_prospective_010__cluster_3water__equilibrium,equilibrium,-5.634607365796658,-1.0751028485074703,-0.9406099389059897,-0.6262357970649259
nextgen_prospective_010,nextgen_prospective__nextgen_prospective_010__cluster_3water__equilibrium,equilibrium,-5.708721638648271,0.583325017951096,-0.16176810000434472,0.4251846377640241
nextgen_prospective_010,nextgen_prospective__nextgen_prospective_010__cluster_3water__equilibrium,equilibrium,-4.948103865053017,-0.27071099189423947,-1.6879336734816341,-1.2068385884932042
nextgen_prospective_010,nextgen_prospective__nextgen_prospective_010__cluster_3water__equilibrium,equilibrium,-5.667543250018724,-0.3705715937186438,-1.8055677416053406,-1.4744219497357474
nextgen_prospective_010,nextgen_prospective__nextgen_prospective_010__cluster_3water__equilibrium,equilibrium,-4.307784801250432,0.2414384550483153,-2.4237379211689003,-1.6532322946137175
nextgen_prospective_010,nextgen_prospective__nextgen_prospective_010__cluster_3water__equilibrium,equilibrium,-5.297946404584501,-1.6341437404316228,-1.8357203625223306,-1.531903864625774
nextgen_prospective_010,nextgen_prospective__nextgen_prospective_010__cluster_3water__equilibrium,equilibrium,-3.54921896812336,-0.7291397199327706,-5.19742008850832,-4.336371881687145
nextgen_prospective_010,nextgen_prospective__nextgen_prospective_010__cluster_3water__equilibrium,equilibrium,-6.68707990775662,-1.1926507743782668,-0.5102223028661257,-0.7211017740434142
nextgen_prospective_010,nextgen_prospective__nextgen_prospective_010__cluster_3water__equilibrium,equilibrium,-4.557155558532553,1.444465571696663,-1.4559545638315186,-0.1681752789947786
nextgen_prospective_010,nextgen_prospective__nextgen_prospective_010__cluster_3water__equilibrium,equilibrium,-4.387815571129737,-2.091993936616717,-2.850715134811832,-2.483103775626964
nextgen_prospective_010,nextgen_prospective__nextgen_prospective_010__cluster_3water__equilibrium,equilibrium,-6.230822771657181,-2.1278220457427097,-0.8049222291743874,-0.6718423675334435
nextgen_prospective_010,nextgen_prospective__nextgen_prospective_010__cluster_3water__equilibrium,equilibrium,-3.9237317953396156,1.4575306718722378,-1.1699357199890237,0.3321793592673304
nextgen_prospective_010,nextgen_prospective__nextgen_prospective_010__cluster_3water__equilibrium,equilibrium,-5.14545803186624,-2.3103821534920694,-1.6121727245046458,-1.3920219834539913
nextgen_prospective_010,nextgen_prospective__nextgen_prospective_010__cluster_3water__equilibrium,equilibrium,-6.789360605460412,-1.4544838949018741,-0.032708868722863826,0.05519944295633613
nextgen_prospective_010,nextgen_prospective__nextgen_prospective_010__cluster_3water__equilibrium,equilibrium,-5.124890977951608,1.7052672462909044,-0.8121022502458608,-0.04304503307471157
nextgen_prospective_010,nextgen_prospective__nextgen_prospective_010__cluster_3water__equilibrium,equilibrium,-4.310506580141176,-1.5495018978330632,-2.5393142775054223,-2.147682035162501
nextgen_prospective_010,nextgen_prospective__nextgen_prospective_010__cluster_3water__equilibrium,equilibrium,-6.956458246377282,0.19009240176908926,0.7311443206710067,0.4956161223348429
nextgen_prospective_010,nextgen_prospective__nextgen_prospective_010__cluster_3water__equilibrium,equilibrium,-4.114423171416626,0.658445406395262,-2.2984715245417675,-1.328504272196158
nextgen_prospective_010,nextgen_prospective__nextgen_prospective_010__cluster_3water__equilibrium,equilibrium,-5.745782696262329,-1.3146670354900076,-0.7805982810071832,-0.5683484994387261
nextgen_prospective_010,nextgen_prospective__nextgen_prospective_010__cluster_3water__equilibrium,equilibrium,-5.841072475642976,0.8175973642424353,-0.1846380025063432,0.0581786518416279
nextgen_prospective_010,nextgen_prospective__nextgen_prospective_010__cluster_3water__equilibrium,equilibrium,-4.863135338163364,-0.2804489341301386,-1.4154982875922428,-0.9908797824673503
nextgen_prospective_010,nextgen_prospective__nextgen_prospective_010__cluster_3water__equilibrium,equilibrium,-7.036577098729778,-0.27944332225156504,-0.5332431780100677,-0.8938690366216512
nextgen_prospective_010,nextgen_prospective__nextgen_prospective_010__cluster_3water__equilibrium,equilibrium,-6.749112885614269,-1.2622216585838821,-0.6027690633416682,-0.7475813236098687
nextgen_prospective_010,nextgen_prospective__nextgen_prospective_010__cluster_3water__equilibrium,equilibrium,-7.243540037712792,0.6714628824075616,-0.38945198093909283,-0.9590775803354818
nextgen_prospective_010,nextgen_prospective__nextgen_prospective_010__cluster_3water__equilibrium,equilibrium,-7.8295500547481405,-0.918838240542383,-0.05908378687013993,-0.2849321825116091
nextgen_prospective_010,nextgen_prospective__nextgen_prospective_010__cluster_3water__equilibrium,equilibrium,-6.041233348482788,-1.6183273667278435,-1.1464113466388426,-1.0118579871261857
nextgen_prospective_010,nextgen_prospective__nextgen_prospective_010__cluster_3water__equilibrium,equilibrium,-8.098435938515074,0.4023673125377914,0.06966950114106751,-0.370620006645955
nextgen_prospective_010,nextgen_prospective__nextgen_prospective_010__cluster_3water__equilibrium,equilibrium,-7.474683393337466,-1.6461936738258383,-0.05297595462794291,-0.11766131516899704
nextgen_prospective_010,nextgen_prospective__nextgen_prospective_010__cluster_3water__equilibrium,equilibrium,-7.085376139442534,1.4225760414756428,-0.09570646995271659,-0.8553184415367634
nextgen_prospective_010,nextgen_prospective__nextgen_prospective_010__cluster_3water__equilibrium,equilibrium,-8.36780003137125,-0.4323768235416523,0.24760488097053113,0.026407420736214198
nextgen_prospective_010,nextgen_prospective__nextgen_prospective_010__cluster_3water__equilibrium,equilibrium,-6.630510817944511,-1.7881848687420068,-0.31963525726919073,-0.21078881275240732
nextgen_prospective_010,nextgen_prospective__nextgen_prospective_010__cluster_3water__equilibrium,equilibrium,-7.907283142511719,0.9715830384808292,0.34593255978832005,-0.20541062119271306
nextgen_prospective_010,nextgen_prospective__nextgen_prospective_010__cluster_3water__equilibrium,equilibrium,-7.909101708517756,-1.1224862231718555,0.2847804464436443,0.19969626451276762
nextgen_prospective_010,nextgen_prospective__nextgen_prospective_010__cluster_3water__equilibrium,equilibrium,-5.981104133269462,-1.1963891143405576,-0.6213343615706357,-0.0648458742528342
nextgen_prospective_010,nextgen_prospective__nextgen_prospective_010__cluster_3water__equilibrium,equilibrium,-8.03906654034199,0.15662867423889398,0.5031834388540268,0.1769657724134878
nextgen_prospective_010,nextgen_prospective__nextgen_prospective_010__cluster_3water__equilibrium,equilibrium,-7.097430001363692,-1.0137397769626255,0.3112078120075523,0.29336524559065097
nextgen_prospective_010,nextgen_prospective__nextgen_prospective_010__cluster_3water__equilibrium,equilibrium,-7.171544274215306,0.6446880894959409,0.7675474217934131,0.34302280718332523
nextgen_prospective_010,nextgen_prospective__nextgen_prospective_010__cluster_3water__equilibrium,equilibrium,-6.410926500620053,-0.20934792034939434,0.49244556610705814,0.7066526435421636
nextgen_prospective_010,nextgen_prospective__nextgen_prospective_010__cluster_3water__equilibrium,equilibrium,-7.13036588558576,-0.3092085221737989,-0.5533082398456735,-0.7198060934805794
nextgen_prospective_010,nextgen_prospective__nextgen_prospective_010__cluster_3water__equilibrium,equilibrium,-5.770607436817468,0.30280152659316023,-1.642143050662792,-1.3051607791877826
nextgen_prospective_010,nextgen_prospective__nextgen_prospective_010__cluster_3water__equilibrium,equilibrium,-6.760769040151535,-1.5727806688867783,-0.6391031658417035,-0.6695535818534574
nextgen_prospective_010,nextgen_prospective__nextgen_prospective_010__cluster_3water__equilibrium,equilibrium,-7.396461092849636,0.9133851695307926,-0.4338615338466134,-0.7213749561919757
nextgen_prospective_010,nextgen_prospective__nextgen_prospective_010__cluster_3water__equilibrium,equilibrium,-5.0120416036903945,-0.6677766483879257,-2.9688247633026243,-2.260942382755017
nextgen_prospective_010,nextgen_prospective__nextgen_prospective_010__cluster_3water__equilibrium,equilibrium,-8.149902543323657,-1.1312877028334218,-0.15129925628754037,-0.29395407596154693
nextgen_prospective_010,nextgen_prospective__nextgen_prospective_010__cluster_3water__equilibrium,equilibrium,-6.019978194099589,1.5058286432415078,-1.4071619036948313,-1.069604737064586
nextgen_prospective_010,nextgen_prospective__nextgen_prospective_010__cluster_3water__equilibrium,equilibrium,-5.850638206696773,-2.0306308650718714,-1.2323020657021289,-1.0671174747315633
nextgen_prospective_010,nextgen_prospective__nextgen_prospective_010__cluster_3water__equilibrium,equilibrium,-8.495612965309713,0.5674051511268025,-0.04500213225044902,-0.331509379231165
nextgen_prospective_010,nextgen_prospective__nextgen_prospective_010__cluster_3water__equilibrium,equilibrium,-7.693645407224216,-2.0664589741978645,-0.1681387512788568,-0.19880734615316978
nextgen_prospective_010,nextgen_prospective__nextgen_prospective_010__cluster_3water__equilibrium,equilibrium,-7.1931075093593035,1.8791020883326113,-0.23833096046699254,-0.5825986612849509
nextgen_prospective_010,nextgen_prospective__nextgen_prospective_010__cluster_3water__equilibrium,equilibrium,-8.84193822755337,-0.5058373095467682,0.09830389318921107,-0.0678984817286395
nextgen_prospective_010,nextgen_prospective__nextgen_prospective_010__cluster_3water__equilibrium,equilibrium,-6.608280667433275,-2.249019081947224,-0.4764449398044768,-0.37465763998961665
nextgen_prospective_010,nextgen_prospective__nextgen_prospective_010__cluster_3water__equilibrium,equilibrium,-8.249845084733973,1.299253941624994,0.15156510916503052,-0.1994507716390498
nextgen_prospective_010,nextgen_prospective__nextgen_prospective_010__cluster_3water__equilibrium,equilibrium,-8.25218324102745,-1.3931208233570296,0.10464650181640778,0.03832569115435632
nextgen_prospective_010,nextgen_prospective__nextgen_prospective_010__cluster_3water__equilibrium,equilibrium,-6.587713613518643,1.7666303178357492,0.12259440606454675,0.0035593462428635744
nextgen_prospective_010,nextgen_prospective__nextgen_prospective_010__cluster_3water__equilibrium,equilibrium,-5.773329215708212,-1.488138826288218,-0.9505065854016337,-0.6757798900905675
nextgen_prospective_010,nextgen_prospective__nextgen_prospective_010__cluster_3water__equilibrium,equilibrium,-8.419280881944319,0.25145547331393425,0.2727134199993486,0.04476022913196739
nextgen_prospective_010,nextgen_prospective__nextgen_prospective_010__cluster_3water__equilibrium,equilibrium,-7.208605331829364,-1.2533039639451624,0.05182594156893927,0.04938712449868661
nextgen_prospective_010,nextgen_prospective__nextgen_prospective_010__cluster_3water__equilibrium,equilibrium,-7.303895111210012,0.8789604357872802,0.4114462422384335,0.14219171418634172
nextgen_prospective_010,nextgen_prospective__nextgen_prospective_010__cluster_3water__equilibrium,equilibrium,-6.325957973730399,-0.21908586258529386,0.06927740988205144,0.17333873829150254
nextgen_prospective_010,nextgen_prospective__nextgen_prospective_010__cluster_3water__equilibrium,equilibrium,4.5197487329406405,2.1564329088950425,-2.432003530584037,-2.172303540797166
nextgen_prospective_010,nextgen_prospective__nextgen_prospective_010__cluster_3water__equilibrium,equilibrium,5.859362612097552,2.7593761421247134,-1.274973110211075,-1.310957827564763
nextgen_prospective_010,nextgen_prospective__nextgen_prospective_010__cluster_3water__equilibrium,equilibrium,4.883870069553617,0.9115803495407747,-1.891285150459776,-2.0424852098641
nextgen_prospective_010,nextgen_prospective__nextgen_prospective_010__cluster_3water__equilibrium,equilibrium,4.257595676895489,3.3609141014632695,-2.5020872818535267,-1.9268159931358948
nextgen_prospective_010,nextgen_prospective__nextgen_prospective_010__cluster_3water__equilibrium,equilibrium,6.606690432882001,1.8031769030692733,-0.7976217953871156,-1.2537405941508146
nextgen_prospective_010,nextgen_prospective__nextgen_prospective_010__cluster_3water__equilibrium,equilibrium,3.515316321984048,1.3465326790600072,-5.478582369796037,-6.6782085694024955
nextgen_prospective_010,nextgen_prospective__nextgen_prospective_010__cluster_3water__equilibrium,equilibrium,5.613686236404796,3.944580634822714,-1.2647943474024537,-1.2628483734684819
nextgen_prospective_010,nextgen_prospective__nextgen_prospective_010__cluster_3water__equilibrium,equilibrium,5.7805174832534965,0.46051311922509,-0.8204109309302154,-1.3025551245449072
nextgen_prospective_010,nextgen_prospective__nextgen_prospective_010__cluster_3water__equilibrium,equilibrium,3.1747275358792684,3.020059712961561,-5.193675056955893,-5.069546088816384
nextgen_prospective_010,nextgen_prospective__nextgen_prospective_010__cluster_3water__equilibrium,equilibrium,6.917074491678808,2.9086198604752203,-0.6570348772938495,-1.2922542203577532
nextgen_prospective_010,nextgen_prospective__nextgen_prospective_010__cluster_3water__equilibrium,equilibrium,3.9648140931042364,0.4252157969009637,-3.6567288913316176,-4.6930763334958066
nextgen_prospective_010,nextgen_prospective__nextgen_prospective_010__cluster_3water__equilibrium,equilibrium,4.457936614704483,4.312324102949504,-1.800965341411942,-1.491849698687573
nextgen_prospective_010,nextgen_prospective__nextgen_prospective_010__cluster_3water__equilibrium,equilibrium,6.702370762245013,1.1128680333467647,-0.4144147305038537,-1.2105593357335207
nextgen_prospective_010,nextgen_prospective__nextgen_prospective_010__cluster_3water__equilibrium,equilibrium,6.237725943846727,3.9574521779586527,-0.7630826092173137,-1.2836954574372141
nextgen_prospective_010,nextgen_prospective__nextgen_prospective_010__cluster_3water__equilibrium,equilibrium,5.034099355268645,0.2453602833404833,-0.805553116456359,-1.8391407161166564
nextgen_prospective_010,nextgen_prospective__nextgen_prospective_010__cluster_3water__equilibrium,equilibrium,3.4168544108168484,3.7410662991560746,-2.924208346728907,-2.7027213156664964
nextgen_prospective_010,nextgen_prospective__nextgen_prospective_010__cluster_3water__equilibrium,equilibrium,6.865267344992995,2.3131893478057055,-0.3818284875656275,-1.2865922953583981
nextgen_prospective_010,nextgen_prospective__nextgen_prospective_010__cluster_3water__equilibrium,equilibrium,3.4145508938758673,1.0885785677293418,-4.158164518398344,-4.69781918378874
nextgen_prospective_010,nextgen_prospective__nextgen_prospective_010__cluster_3water__equilibrium,equilibrium,5.054361712088245,4.201518580904449,-1.0561091935992195,-1.366166639816846
nextgen_prospective_010,nextgen_prospective__nextgen_prospective_010__cluster_3water__equilibrium,equilibrium,5.856681155857041,0.9949682389156521,-0.30929496760467856,-1.5216834092659246
nextgen_prospective_010,nextgen_prospective__nextgen_prospective_010__cluster_3water__equilibrium,equilibrium,3.2499287735651734,2.7087907711162913,-3.075951869247806,-3.4703822413653835
nextgen_prospective_010,nextgen_prospective__nextgen_prospective_010__cluster_3water__equilibrium,equilibrium,6.049859625193079,3.1702052127109646,-0.5038914916042359,-1.3282914509987398
nextgen_prospective_010,nextgen_prospective__nextgen_prospective_010__cluster_3water__equilibrium,equilibrium,4.442668389604349,1.2263240662610329,-1.033522336736148,-2.2017358744347573
nextgen_prospective_010,nextgen_prospective__nextgen_prospective_010__cluster_3water__equilibrium,equilibrium,4.348790310658972,3.326999363775217,-1.2279616912387326,-1.7094467339495167
nextgen_prospective_010,nextgen_prospective__nextgen_prospective_010__cluster_3water__equilibrium,equilibrium,5.312239490546293,2.245220417971126,-0.5413676178891436,-1.5007353337423728
nextgen_prospective_010,nextgen_prospective__nextgen_prospective_010__cluster_3water__equilibrium,equilibrium,4.400949602923063,2.11873032232688,-1.951626616115476,-1.902526627213335
nextgen_prospective_010,nextgen_prospective__nextgen_prospective_010__cluster_3water__equilibrium,equilibrium,6.1233103046962345,2.8939430507650274,-1.0141543904009787,-1.0804369993946488
nextgen_prospective_010,nextgen_prospective__nextgen_prospective_010__cluster_3water__equilibrium,equilibrium,4.869105607139748,0.5182056031571058,-1.1855912058416074,-1.412895733651166
nextgen_prospective_010,nextgen_prospective__nextgen_prospective_010__cluster_3water__equilibrium,equilibrium,4.063895673722153,3.6673489984860286,-2.1385858138729397,-1.9002520740882745
nextgen_prospective_010,nextgen_prospective__nextgen_prospective_010__cluster_3water__equilibrium,equilibrium,7.084160359990526,1.6645440291223197,-0.5679560635325487,-0.8847552842409582
nextgen_prospective_010,nextgen_prospective__nextgen_prospective_010__cluster_3water__equilibrium,equilibrium,3.1095365031217295,1.0774300268246912,-4.918586628016808,-5.905463813947895
nextgen_prospective_010,nextgen_prospective__nextgen_prospective_010__cluster_3water__equilibrium,equilibrium,5.8074406788055475,4.4177773985196005,-1.0719655181565813,-1.1107997095991273
nextgen_prospective_010,nextgen_prospective__nextgen_prospective_010__cluster_3water__equilibrium,equilibrium,6.021937996182448,-0.06173797867734593,-0.30510414321183177,-0.6655626168605938
nextgen_prospective_010,nextgen_prospective__nextgen_prospective_010__cluster_3water__equilibrium,equilibrium,2.671636635272727,3.2291076418409745,-5.165199519707286,-4.987783117992015
nextgen_prospective_010,nextgen_prospective__nextgen_prospective_010__cluster_3water__equilibrium,equilibrium,7.483225578443565,3.085827831501394,-0.5325505043360934,-0.9512035006010026
nextgen_prospective_010,nextgen_prospective__nextgen_prospective_010__cluster_3water__equilibrium,equilibrium,4.321476879476574,4.890590428968332,-1.5784905589817377,-1.4692987547236287
nextgen_prospective_010,nextgen_prospective__nextgen_prospective_010__cluster_3water__equilibrium,equilibrium,7.2071779263144,0.7770040537648076,-0.21788700247027393,-0.7602888537957619
nextgen_prospective_010,nextgen_prospective__nextgen_prospective_010__cluster_3water__equilibrium,equilibrium,6.6097774455166025,4.434326525408664,-0.6749233085074913,-1.0261307602098955
nextgen_prospective_010,nextgen_prospective__nextgen_prospective_010__cluster_3water__equilibrium,equilibrium,5.062257545916212,-0.3383630533861255,-0.05225705102196443,-0.6405769311937922
nextgen_prospective_010,nextgen_prospective__nextgen_prospective_010__cluster_3water__equilibrium,equilibrium,2.9829426173353295,4.156116109805351,-2.665293027053206,-2.632674880559784
nextgen_prospective_010,nextgen_prospective__nextgen_prospective_010__cluster_3water__equilibrium,equilibrium,7.416616389847518,2.3202743152120178,-0.30570864441736845,-0.9137837386599464
nextgen_prospective_010,nextgen_prospective__nextgen_prospective_010__cluster_3water__equilibrium,equilibrium,2.9799809526969256,0.7457747408281211,-3.590278029210303,-3.361120452593131
nextgen_prospective_010,nextgen_prospective__nextgen_prospective_010__cluster_3water__equilibrium,equilibrium,5.088309147541412,4.7481261863389745,-0.9649273270939673,-1.2068257425765254
nextgen_prospective_010,nextgen_prospective__nextgen_prospective_010__cluster_3water__equilibrium,equilibrium,6.119862718101292,0.6254186037819489,-0.12803835278862863,-0.8826467060149537
nextgen_prospective_010,nextgen_prospective__nextgen_prospective_010__cluster_3water__equilibrium,equilibrium,2.76832394086889,2.8289047166113415,-2.8683796533304218,-3.0848202884227467
nextgen_prospective_010,nextgen_prospective__nextgen_prospective_010__cluster_3water__equilibrium,equilibrium,6.368235035819056,3.422151855804494,-0.46981741511409325,-1.0288265791736237
nextgen_prospective_010,nextgen_prospective__nextgen_prospective_010__cluster_3water__equilibrium,equilibrium,4.301846304347831,0.9228760960831526,-0.7104301028961757,-1.3736810765036505
nextgen_prospective_010,nextgen_prospective__nextgen_prospective_010__cluster_3water__equilibrium,equilibrium,4.181145917132345,3.623744335744247,-1.1337736367860174,-1.4930229518456446
nextgen_prospective_010,nextgen_prospective__nextgen_prospective_010__cluster_3water__equilibrium,equilibrium,5.419866291273188,2.2328856911389865,-0.4769374792070735,-1.1264028032042295
nextgen_prospective_010,nextgen_prospective__nextgen_prospective_010__cluster_3water__equilibrium,equilibrium,3.695686973594788,2.116807556656968,-3.6984015376133605,-3.7211492299024562
nextgen_prospective_010,nextgen_prospective__nextgen_prospective_010__cluster_3water__equilibrium,equilibrium,4.7532768781923505,2.592815372364603,-2.377267859353438,-1.7368397672167621
nextgen_prospective_010,nextgen_prospective__nextgen_prospective_010__cluster_3water__equilibrium,equilibrium,3.983151186710297,1.1340292203246511,-3.5656242083268452,-4.048123493340405
nextgen_prospective_010,nextgen_prospective__nextgen_prospective_010__cluster_3water__equilibrium,equilibrium,3.488724034611774,3.0677137613160954,-3.730155567787552,-3.379304728952438
nextgen_prospective_010,nextgen_prospective__nextgen_prospective_010__cluster_3water__equilibrium,equilibrium,2.9027140175764257,1.477412638366151,-7.012207492673728,-8.268619005881282
nextgen_prospective_010,nextgen_prospective__nextgen_prospective_010__cluster_3water__equilibrium,equilibrium,4.5593218447507,3.528503129757762,-2.289551910162224,-1.4064851484684495
nextgen_prospective_010,nextgen_prospective__nextgen_prospective_010__cluster_3water__equilibrium,equilibrium,4.691030723841779,0.7779235121806897,-2.569631066161371,-2.9235592960030807
nextgen_prospective_010,nextgen_prospective__nextgen_prospective_010__cluster_3water__equilibrium,equilibrium,3.646887932882032,3.818826920384177,-3.015857010419065,-2.4192217939599794
nextgen_prospective_010,nextgen_prospective__nextgen_prospective_010__cluster_3water__equilibrium,equilibrium,4.101753254380055,0.6080660101665265,-3.28820241095773,-4.2211484858345
nextgen_prospective_010,nextgen_prospective__nextgen_prospective_010__cluster_3water__equilibrium,equilibrium,2.824980929812847,3.3678339173893628,-4.654453103416056,-4.607771919522066
nextgen_prospective_010,nextgen_prospective__nextgen_prospective_010__cluster_3water__equilibrium,equilibrium,2.82316236380681,1.2737646557366782,-7.5875369258193714,-8.164755621634553
nextgen_prospective_010,nextgen_prospective__nextgen_prospective_010__cluster_3water__equilibrium,equilibrium,4.117749851869213,3.7313488766643945,-2.0796518724912616,-1.6908019249265485
nextgen_prospective_010,nextgen_prospective__nextgen_prospective_010__cluster_3water__equilibrium,equilibrium,2.6931975319825776,2.5528795531474273,-5.262188857630079,-5.622599802164102
nextgen_prospective_010,nextgen_prospective__nextgen_prospective_010__cluster_3water__equilibrium,equilibrium,3.6348340709608737,1.3825111019459082,-3.162008417446849,-4.05943279435511
nextgen_prospective_010,nextgen_prospective__nextgen_prospective_010__cluster_3water__equilibrium,equilibrium,3.56071979810926,3.0409389684044745,-2.5942769683444666,-2.841609722525304
nextgen_prospective_010,nextgen_prospective__nextgen_prospective_010__cluster_3water__equilibrium,equilibrium,3.601898186738806,2.0870423567347345,-2.9723109886239385,-3.005649198838173
nextgen_prospective_010,nextgen_prospective__nextgen_prospective_010__cluster_3water__equilibrium,equilibrium,4.9616566355071,2.699052405501694,-1.8597524431642753,-1.5999396724460602
nextgen_prospective_010,nextgen_prospective__nextgen_prospective_010__cluster_3water__equilibrium,equilibrium,3.971495032173031,0.8234702100217552,-2.5300903875398184,-2.953205537731568
nextgen_prospective_010,nextgen_prospective__nextgen_prospective_010__cluster_3water__equilibrium,equilibrium,3.3358029794749307,3.3096360484393257,-3.1111049180805317,-2.9010451394026178
nextgen_prospective_010,nextgen_prospective__nextgen_prospective_010__cluster_3water__equilibrium,equilibrium,5.720222468634172,1.7284742305206076,-1.4328955424920409,-1.578279143404887
nextgen_prospective_010,nextgen_prospective__nextgen_prospective_010__cluster_3water__equilibrium,equilibrium,2.5823615290009116,1.2649631760751117,-6.197671006999528,-7.387562541682034
nextgen_prospective_010,nextgen_prospective__nextgen_prospective_010__cluster_3water__equilibrium,equilibrium,4.712285878224979,3.9020795221500415,-1.855965504595769,-1.4696899957804115
nextgen_prospective_010,nextgen_prospective__nextgen_prospective_010__cluster_3water__equilibrium,equilibrium,4.881625865627795,0.36562001383666165,-1.5676966290154581,-1.9557709884305257
nextgen_prospective_010,nextgen_prospective__nextgen_prospective_010__cluster_3water__equilibrium,equilibrium,3.5391565629652617,4.275352967241144,-2.5189912072542953,-2.2264373494515026
nextgen_prospective_010,nextgen_prospective__nextgen_prospective_010__cluster_3water__equilibrium,equilibrium,5.345709641417916,3.915144622325616,-1.2054557355627438,-1.3960630254433448
nextgen_prospective_010,nextgen_prospective__nextgen_prospective_010__cluster_3water__equilibrium,equilibrium,4.123983404891292,0.14723179696130909,-1.9387618168025256,-2.536624602817467
nextgen_prospective_010,nextgen_prospective__nextgen_prospective_010__cluster_3water__equilibrium,equilibrium,2.482418987590595,3.695504820533528,-4.035774141463833,-4.024406643116174
nextgen_prospective_010,nextgen_prospective__nextgen_prospective_010__cluster_3water__equilibrium,equilibrium,4.144550458805924,4.162881196744283,-1.7284749652763942,-1.686194271066786
nextgen_prospective_010,nextgen_prospective__nextgen_prospective_010__cluster_3water__equilibrium,equilibrium,2.312983190380249,2.6477063522224675,-4.6499939217596875,-4.785444277542685
nextgen_prospective_010,nextgen_prospective__nextgen_prospective_010__cluster_3water__equilibrium,equilibrium,3.5236587404952013,1.1429469149633709,-2.3893147058986486,-2.8826202826788108
nextgen_prospective_010,nextgen_prospective__nextgen_prospective_010__cluster_3water__equilibrium,equilibrium,3.4283689611145554,3.275211314695814,-2.171247388237596,-2.4330340392176115
nextgen_prospective_010,nextgen_prospective__nextgen_prospective_010__cluster_3water__equilibrium,equilibrium,4.406306098594167,2.1771650163232397,-1.1352585462978126,-2.0863384966668836
nextgen_prospective_010,nextgen_prospective__nextgen_prospective_010__cluster_3water__equilibrium,equilibrium,5.015030100108006,0.4636125228911863,-1.6112671800998513,-2.0553858765681867
nextgen_prospective_010,nextgen_prospective__nextgen_prospective_010__cluster_3water__equilibrium,equilibrium,6.375151439577782,1.1675045388347385,-0.6869353536274048,-1.4718863215169753
nextgen_prospective_010,nextgen_prospective__nextgen_prospective_010__cluster_3water__equilibrium,equilibrium,3.934592930974135,0.806995940932686,-4.74255289708303,-6.0569954445026095
nextgen_prospective_010,nextgen_prospective__nextgen_prospective_010__cluster_3water__equilibrium,equilibrium,5.722909637239487,0.10750681474722482,-0.4452079449404067,-1.0994161491076881
nextgen_prospective_010,nextgen_prospective__nextgen_prospective_010__cluster_3water__equilibrium,equilibrium,6.6201914859963145,2.040222663102591,-0.520405700248805,-1.6936791091040304
nextgen_prospective_010,nextgen_prospective__nextgen_prospective_010__cluster_3water__equilibrium,equilibrium,4.2894595923848104,0.07964050764923045,-1.5088613948854857,-2.1306244770235643
nextgen_prospective_010,nextgen_prospective__nextgen_prospective_010__cluster_3water__equilibrium,equilibrium,6.450688541706477,0.6225238522117048,-0.25003844100091044,-1.0423055563918653
nextgen_prospective_010,nextgen_prospective__nextgen_prospective_010__cluster_3water__equilibrium,equilibrium,3.396342954351025,1.2934573579334163,-5.36173754044178,-6.553776554239936
nextgen_prospective_010,nextgen_prospective__nextgen_prospective_010__cluster_3water__equilibrium,equilibrium,5.1336321677777645,-0.062350687266938265,-0.21540216151594294,-0.9800739566807963
nextgen_prospective_010,nextgen_prospective__nextgen_prospective_010__cluster_3water__equilibrium,equilibrium,6.579291107033831,1.5701459425740267,-0.28365072971281435,-1.2123585233164298
nextgen_prospective_010,nextgen_prospective__nextgen_prospective_010__cluster_3water__equilibrium,equilibrium,3.8550412772045193,0.6033479583032132,-1.8007120872649551,-2.3803856008849027
nextgen_prospective_010,nextgen_prospective__nextgen_prospective_010__cluster_3water__equilibrium,equilibrium,5.7830388524528145,0.529445067134511,-0.1716059823522187,-1.0352445127147416
nextgen_prospective_010,nextgen_prospective__nextgen_prospective_010__cluster_3water__equilibrium,equilibrium,3.7250764453802865,1.8824628557139624,-2.1967551035890764,-2.9693731554982885
nextgen_prospective_010,nextgen_prospective__nextgen_prospective_010__cluster_3water__equilibrium,equilibrium,5.935548170349686,2.2467374148676527,-0.38842058732280194,-1.383101819159705
nextgen_prospective_010,nextgen_prospective__nextgen_prospective_010__cluster_3water__equilibrium,equilibrium,4.6667129843585835,0.7120944045124431,-0.552807002902167,-1.4153968186403196
nextgen_prospective_010,nextgen_prospective__nextgen_prospective_010__cluster_3water__equilibrium,equilibrium,4.5925987115069695,2.3705222709710094,-0.9457783671313891,-1.8220916595955428
nextgen_prospective_010,nextgen_prospective__nextgen_prospective_010__cluster_3water__equilibrium,equilibrium,5.353216485102224,1.5164862611256742,-0.4257215780825163,-1.3509125748587671
nextgen_prospective_010,nextgen_prospective__nextgen_prospective_010__cluster_3water__equilibrium,equilibrium,4.633777100136516,1.4166256593012696,-2.751648721758926,-2.646904185907494
nextgen_prospective_010,nextgen_prospective__nextgen_prospective_010__cluster_3water__equilibrium,equilibrium,5.99353554890481,2.028635708068229,-1.2531227082552832,-1.6230746026230538
nextgen_prospective_010,nextgen_prospective__nextgen_prospective_010__cluster_3water__equilibrium,equilibrium,5.003373945570741,0.1530535125882903,-1.0959179824405751,-1.4793635511721066
nextgen_prospective_010,nextgen_prospective__nextgen_prospective_010__cluster_3water__equilibrium,equilibrium,6.752101382031881,1.0580575330871427,-0.5235863506101168,-1.0767581418886485
nextgen_prospective_010,nextgen_prospective__nextgen_prospective_010__cluster_3water__equilibrium,equilibrium,5.913504779025504,-0.3047966835968032,-0.08251219283028632,-0.5386766842580186
nextgen_prospective_010,nextgen_prospective__nextgen_prospective_010__cluster_3water__equilibrium,equilibrium,7.06715287028428,2.1801236928600964,-0.46701148542949156,-1.2688877432472228
nextgen_prospective_010,nextgen_prospective__nextgen_prospective_010__cluster_3water__equilibrium,equilibrium,4.070497578498061,-0.34062479272279583,-0.5238153842794802,-0.9505111298389018
nextgen_prospective_010,nextgen_prospective__nextgen_prospective_010__cluster_3water__equilibrium,equilibrium,6.849220513340201,0.35736807885752836,-0.09903827942281396,-0.6725459103826916
nextgen_prospective_010,nextgen_prospective__nextgen_prospective_010__cluster_3water__equilibrium,equilibrium,2.9222047581689075,1.2199968719283003,-6.799132657209661,-7.19689620986204
nextgen_prospective_010,nextgen_prospective__nextgen_prospective_010__cluster_3water__equilibrium,equilibrium,6.377588554815625,3.244727924892152,-0.54212460733849,-1.4702507150864468
nextgen_prospective_010,nextgen_prospective__nextgen_prospective_010__cluster_3water__equilibrium,equilibrium,5.155862318289001,-0.5231849004721558,0.2569386776878346,-0.24058308150866028
nextgen_prospective_010,nextgen_prospective__nextgen_prospective_010__cluster_3water__equilibrium,equilibrium,3.514297900988305,3.0250881231000624,-2.891719149473282,-3.0889839095679723
nextgen_prospective_010,nextgen_prospective__nextgen_prospective_010__cluster_3water__equilibrium,equilibrium,7.014566668761086,1.5757393378947997,-0.2265032220747365,-0.9147872237788389
nextgen_prospective_010,nextgen_prospective__nextgen_prospective_010__cluster_3water__equilibrium,equilibrium,3.511959744694828,0.33271335811803915,-1.340350778687771,-1.53835452685273
nextgen_prospective_010,nextgen_prospective__nextgen_prospective_010__cluster_3water__equilibrium,equilibrium,5.176429372203634,3.492464499310818,-0.7992690597435903,-1.470850324668512
nextgen_prospective_010,nextgen_prospective__nextgen_prospective_010__cluster_3water__equilibrium,equilibrium,5.990813770014065,0.23769535518685045,-0.0026079093244923968,-0.6052278235537422
nextgen_prospective_010,nextgen_prospective__nextgen_prospective_010__cluster_3water__equilibrium,equilibrium,3.3448621037779582,1.9772896547890029,-2.259027674640368,-2.706057252869721
nextgen_prospective_010,nextgen_prospective__nextgen_prospective_010__cluster_3water__equilibrium,equilibrium,6.186897178738615,2.4456426594151752,-0.3751793297364081,-1.1039856686716036
nextgen_prospective_010,nextgen_prospective__nextgen_prospective_010__cluster_3water__equilibrium,equilibrium,4.5555376538929115,0.47253021752990604,-0.30640782871804717,-0.8768347866701598
nextgen_prospective_010,nextgen_prospective__nextgen_prospective_010__cluster_3water__equilibrium,equilibrium,4.460247874512265,2.604794617262349,-0.9446412980094188,-1.5625103402296028
nextgen_prospective_010,nextgen_prospective__nextgen_prospective_010__cluster_3water__equilibrium,equilibrium,5.438185011991877,1.5067483188897748,-0.35214054139975914,-1.0101614690754892
nextgen_prospective_010,nextgen_prospective__nextgen_prospective_010__cluster_3water__cooperative,cooperative,1.123459853847533,2.1047333193513706,-3.1766700545738935,-2.47807930065136
nextgen_prospective_010,nextgen_prospective__nextgen_prospective_010__cluster_3water__cooperative,cooperative,1.6334474432123083,0.7167854107026312,-5.156417755001641,-4.577274357116681
nextgen_prospective_010,nextgen_prospective__nextgen_prospective_010__cluster_3water__cooperative,cooperative,2.2984748522784724,2.7538712691802454,0.3585518964182022,0.8348657365658174
nextgen_prospective_010,nextgen_prospective__nextgen_prospective_010__cluster_3water__cooperative,cooperative,1.0128545320161213,3.474703011994489,-0.6922871301111577,0.12557406386189301
nextgen_prospective_010,nextgen_prospective__nextgen_prospective_010__cluster_3water__cooperative,cooperative,-0.45194786507180973,2.5675473969194504,-5.1721163981732765,-4.847860791750123
nextgen_prospective_010,nextgen_prospective__nextgen_prospective_010__cluster_3water__cooperative,cooperative,2.015902350080522,3.8700972972086927,1.9129939190003498,3.604131787448067
nextgen_prospective_010,nextgen_prospective__nextgen_prospective_010__cluster_3water__cooperative,cooperative,0.08972266955271439,3.6330847758874314,-1.1029064875356376,-0.4959976885428371
nextgen_prospective_010,nextgen_prospective__nextgen_prospective_010__cluster_3water__cooperative,cooperative,2.9148113494901753,3.2877181054408195,3.116599210115645,4.431530327774369
nextgen_prospective_010,nextgen_prospective__nextgen_prospective_010__cluster_3water__cooperative,cooperative,-0.7962584648386524,1.9814536405534562,-5.143051177098457,-5.227371217737791
nextgen_prospective_010,nextgen_prospective__nextgen_prospective_010__cluster_3water__cooperative,cooperative,1.151499300117361,3.8995108565751604,1.2518705469606317,2.2959207478071026
nextgen_prospective_010,nextgen_prospective__nextgen_prospective_010__cluster_3water__cooperative,cooperative,0.03291735965296211,0.5049475470064779,-5.808299353505575,-6.862028666033981
nextgen_prospective_010,nextgen_prospective__nextgen_prospective_010__cluster_3water__cooperative,cooperative,2.9566622924821457,2.2217064943055065,2.4756908196619243,2.9971712498929133
nextgen_prospective_010,nextgen_prospective__nextgen_prospective_010__cluster_3water__cooperative,cooperative,-0.14929539467030886,2.902793008917924,-1.2052856953941316,-1.5171235344970386
nextgen_prospective_010,nextgen_prospective__nextgen_prospective_010__cluster_3water__cooperative,cooperative,1.5009720790183831,0.5571021352691301,-2.962813670867259,-3.0501698350199185
nextgen_prospective_010,nextgen_prospective__nextgen_prospective_010__cluster_3water__cooperative,cooperative,1.7881605386841901,3.1206055696734185,1.588284408006846,1.5712420889979926
nextgen_prospective_010,nextgen_prospective__nextgen_prospective_010__cluster_3water__cooperative,cooperative,0.18183618649307504,1.7043230884598164,-1.8554992647494828,-2.5816164099437975
nextgen_prospective_010,nextgen_prospective__nextgen_prospective_010__cluster_3water__cooperative,cooperative,1.6609575497314364,1.7898483549955004,0.15769229661533046,-0.37050257430482486
nextgen_prospective_010,nextgen_prospective__nextgen_prospective_010__cluster_3water__cooperative,cooperative,1.0610664114918913,2.171598427930077,-2.37434315366869,-1.9798840094082224
nextgen_prospective_010,nextgen_prospective__nextgen_prospective_010__cluster_3water__cooperative,cooperative,1.7167647406751736,0.38709397395312645,-3.6149638407021456,-3.235014457446708
nextgen_prospective_010,nextgen_prospective__nextgen_prospective_010__cluster_3water__cooperative,cooperative,2.571799980903099,3.006204363424346,0.3697562061235615,0.7031940599031914
nextgen_prospective_010,nextgen_prospective__nextgen_prospective_010__cluster_3water__cooperative,cooperative,-0.30820191578109424,1.3619791388288172,-5.9587674929124645,-5.789094281979901
nextgen_prospective_010,nextgen_prospective__nextgen_prospective_010__cluster_3water__cooperative,cooperative,0.9188595691372186,3.9329880327569438,-0.6456190888042279,-0.12427429809285417
nextgen_prospective_010,nextgen_prospective__nextgen_prospective_010__cluster_3water__cooperative,cooperative,3.825853335427765,2.6668730219284016,2.9751197536895813,3.612600231872682
nextgen_prospective_010,nextgen_prospective__nextgen_prospective_010__cluster_3water__cooperative,cooperative,-0.9644577985472638,2.766645099089037,-3.7991546658426856,-3.5084035001226956
nextgen_prospective_010,nextgen_prospective__nextgen_prospective_010__cluster_3water__cooperative,cooperative,2.208492478077163,4.4413521137466345,1.2460083295824376,2.075106190537531
nextgen_prospective_010,nextgen_prospective__nextgen_prospective_010__cluster_3water__cooperative,cooperative,-0.2680242540300197,4.136621729190728,-0.9882922404265138,-0.6010989312649926
nextgen_prospective_010,nextgen_prospective__nextgen_prospective_010__cluster_3water__cooperative,cooperative,3.3642326201752883,3.69257886718794,2.5318338133792917,3.2102218221700207
nextgen_prospective_010,nextgen_prospective__nextgen_prospective_010__cluster_3water__cooperative,cooperative,-1.4071428553903464,2.013095983761329,-3.7601107647704524,-3.7704157423930464
nextgen_prospective_010,nextgen_prospective__nextgen_prospective_010__cluster_3water__cooperative,cooperative,1.0971171281245269,4.479169547217808,0.7248824792611686,1.2558687355921303
nextgen_prospective_010,nextgen_prospective__nextgen_prospective_010__cluster_3water__cooperative,cooperative,-0.3410596524725573,0.11473100634378675,-3.7053893781697766,-4.930885215204864
nextgen_prospective_010,nextgen_prospective__nextgen_prospective_010__cluster_3water__cooperative,cooperative,3.4180409754506784,2.3219925100139656,2.4673860090556055,2.650080637470402
nextgen_prospective_010,nextgen_prospective__nextgen_prospective_010__cluster_3water__cooperative,cooperative,-0.5753331937453344,3.1976751716585037,-1.0434728393002857,-1.2383850568654566
nextgen_prospective_010,nextgen_prospective__nextgen_prospective_010__cluster_3water__cooperative,cooperative,1.5464392724258413,0.18178690553862517,-2.2282751938025314,-2.1629592830554296
nextgen_prospective_010,nextgen_prospective__nextgen_prospective_010__cluster_3water__cooperative,cooperative,1.9156815777104503,3.477719892629854,1.1153445538241158,1.1449677027280918
nextgen_prospective_010,nextgen_prospective__nextgen_prospective_010__cluster_3water__cooperative,cooperative,-0.14959258939241227,1.6567852739266506,-1.4137446116024854,-1.9819427130162397
nextgen_prospective_010,nextgen_prospective__nextgen_prospective_010__cluster_3water__cooperative,cooperative,1.752134877628338,1.7667463309011013,0.12302705208000475,-0.18200264922100598
nextgen_prospective_010,nextgen_prospective__nextgen_prospective_010__cluster_3water__cooperative,cooperative,2.08046029700757,1.1588053369048585,-1.9781002262302394,-1.6414495585458886
nextgen_prospective_010,nextgen_prospective__nextgen_prospective_010__cluster_3water__cooperative,cooperative,2.639801524052807,-0.3634601112905325,-0.9546379834937113,-0.6428605129289909
nextgen_prospective_010,nextgen_prospective__nextgen_prospective_010__cluster_3water__cooperative,cooperative,3.369186424318923,1.8707630883300768,1.2544908590790271,1.4153754258297846
nextgen_prospective_010,nextgen_prospective__nextgen_prospective_010__cluster_3water__cooperative,cooperative,0.9124106128105425,0.46816235910521764,-6.9694781927172045,-6.662268295443843
nextgen_prospective_010,nextgen_prospective__nextgen_prospective_010__cluster_3water__cooperative,cooperative,1.9591512343537636,2.6613527417392464,-0.2068016950453888,0.38825931916902484
nextgen_prospective_010,nextgen_prospective__nextgen_prospective_010__cluster_3water__cooperative,cooperative,3.0592681961018156,3.0950109900386957,2.64449371057518,3.649261043113956
nextgen_prospective_010,nextgen_prospective__nextgen_prospective_010__cluster_3water__cooperative,cooperative,-0.02503721380953656,1.0235953666103719,-10.446990669955802,-11.264019846178648
nextgen_prospective_010,nextgen_prospective__nextgen_prospective_010__cluster_3water__cooperative,cooperative,2.4945059633239857,-0.538596606927276,-1.4658094773238872,-0.8677001324186973
nextgen_prospective_010,nextgen_prospective__nextgen_prospective_010__cluster_3water__cooperative,cooperative,2.8094868545703546,2.272987805000009,1.9562858779558212,2.0655801444715873
nextgen_prospective_010,nextgen_prospective__nextgen_prospective_010__cluster_3water__cooperative,cooperative,1.0477117586188092,0.7196457288302509,-2.6849979131906565,-3.0748054975484536
nextgen_prospective_010,nextgen_prospective__nextgen_prospective_010__cluster_3water__cooperative,cooperative,2.669973898944754,0.8134476340629365,0.3408204300008322,0.31887779065743055
nextgen_prospective_010,nextgen_prospective__nextgen_prospective_010__cluster_3water__cooperative,cooperative,2.012028779585253,1.232141262442795,-1.501165821141015,-1.2927229088519832
nextgen_prospective_010,nextgen_prospective__nextgen_prospective_010__cluster_3water__cooperative,cooperative,2.731181785786272,-0.7250571709512796,-0.4494319727630369,-0.5260223037572033
nextgen_prospective_010,nextgen_prospective__nextgen_prospective_010__cluster_3water__cooperative,cooperative,3.668962371842707,2.147515514275218,1.1200977844809668,1.1634455091299074
nextgen_prospective_010,nextgen_prospective__nextgen_prospective_010__cluster_3water__cooperative,cooperative,0.5102506141890752,0.344171719557542,-5.355844944438193,-5.195378075402324
nextgen_prospective_010,nextgen_prospective__nextgen_prospective_010__cluster_3water__cooperative,cooperative,1.8560599847446442,3.1639879258012944,-0.2508313164044651,0.2104069848914343
nextgen_prospective_010,nextgen_prospective__nextgen_prospective_010__cluster_3water__cooperative,cooperative,1.2703716493822994,-1.5740694659340773,-4.65703292351316,-5.395070618982213
nextgen_prospective_010,nextgen_prospective__nextgen_prospective_010__cluster_3water__cooperative,cooperative,5.044375728418147,1.775345655860312,4.013279613456655,3.5778657977524375
nextgen_prospective_010,nextgen_prospective__nextgen_prospective_010__cluster_3water__cooperative,cooperative,3.270496078420712,3.7215485307577283,2.0560582391078164,2.677293197123485
nextgen_prospective_010,nextgen_prospective__nextgen_prospective_010__cluster_3water__cooperative,cooperative,0.5543164367547708,3.387328108986734,-0.6903699164793053,0.46987726203872715
nextgen_prospective_010,nextgen_prospective__nextgen_prospective_010__cluster_3water__cooperative,cooperative,4.538082040721882,2.9003133571127093,3.54663980750769,3.9522524044381253
nextgen_prospective_010,nextgen_prospective__nextgen_prospective_010__cluster_3water__cooperative,cooperative,2.0515682752468543,3.7630257158551443,2.234838494303837,3.522015158211064
nextgen_prospective_010,nextgen_prospective__nextgen_prospective_010__cluster_3water__cooperative,cooperative,0.4742130965274707,-1.0237778451034591,-5.737593361513582,-5.619104063704694
nextgen_prospective_010,nextgen_prospective__nextgen_prospective_010__cluster_3water__cooperative,cooperative,4.5970976561852135,1.397089610534802,3.3465338733278394,2.9764085166545846
nextgen_prospective_010,nextgen_prospective__nextgen_prospective_010__cluster_3water__cooperative,cooperative,0.21726792222829616,2.3575157555642945,-1.0910082659996156,-1.787055839662458
nextgen_prospective_010,nextgen_prospective__nextgen_prospective_010__cluster_3water__cooperative,cooperative,2.5443732077063594,-0.9502326653413782,-0.7875051749457462,-0.5315140707788174
nextgen_prospective_010,nextgen_prospective__nextgen_prospective_010__cluster_3water__cooperative,cooperative,2.9493486393088335,2.6646615785651306,1.5961658876242346,1.604828584888736
nextgen_prospective_010,nextgen_prospective__nextgen_prospective_010__cluster_3water__cooperative,cooperative,0.684209230228275,0.6675074806325851,-1.8418684780203698,-2.2481813472098553
nextgen_prospective_010,nextgen_prospective__nextgen_prospective_010__cluster_3water__cooperative,cooperative,2.769974839218775,0.7881099302174663,0.44109133219283336,0.3478549736690348
nextgen_prospective_010,nextgen_prospective__nextgen_prospective_010__cluster_3water__cooperative,cooperative,1.746416543849836,-0.17992206219251358,-2.9416219425439927,-2.780371132362994
nextgen_prospective_010,nextgen_prospective__nextgen_prospective_010__cluster_3water__cooperative,cooperative,2.3057577708950734,-1.702187510387905,-0.8625474843193537,-1.282589052869825
nextgen_prospective_010,nextgen_prospective__nextgen_prospective_010__cluster_3water__cooperative,cooperative,3.0351426711611897,0.5320356892327047,0.04471186105581282,0.24024175728994998
nextgen_prospective_010,nextgen_prospective__nextgen_prospective_010__cluster_3water__cooperative,cooperative,0.5783668596528084,-0.8705650399921547,-5.691831802607794,-5.865989598158412
nextgen_prospective_010,nextgen_prospective__nextgen_prospective_010__cluster_3water__cooperative,cooperative,1.6251074811960293,1.3226253426418744,-4.122244798534513,-3.494527823479547
nextgen_prospective_010,nextgen_prospective__nextgen_prospective_010__cluster_3water__cooperative,cooperative,1.1695721092475384,-2.3625304064856363,-3.340647571134614,-3.8665070916954236
nextgen_prospective_010,nextgen_prospective__nextgen_prospective_010__cluster_3water__cooperative,cooperative,0.018550013422169775,0.32768047449505744,-11.3785426471269,-12.649653204371198
nextgen_prospective_010,nextgen_prospective__nextgen_prospective_010__cluster_3water__cooperative,cooperative,-0.017201987533936716,-1.6602663618883677,-8.376984364521611,-8.504786958386838
nextgen_prospective_010,nextgen_prospective__nextgen_prospective_010__cluster_3water__cooperative,cooperative,1.6590817359980734,-2.7554269059262917,-2.640750202727471,-2.842539498388587
nextgen_prospective_010,nextgen_prospective__nextgen_prospective_010__cluster_3water__cooperative,cooperative,0.5503376792493386,-1.9345258125062663,-5.634248202407655,-5.257147034283434
nextgen_prospective_010,nextgen_prospective__nextgen_prospective_010__cluster_3water__cooperative,cooperative,0.3504914325722029,0.6953692102353195,-6.232142606801716,-6.88235051272139
nextgen_prospective_010,nextgen_prospective__nextgen_prospective_010__cluster_3water__cooperative,cooperative,2.1604622101662523,-1.8773240060246483,-1.9221289065001201,-1.5215331691304708
nextgen_prospective_010,nextgen_prospective__nextgen_prospective_010__cluster_3water__cooperative,cooperative,0.7136680054610754,-0.619081670267121,-4.631859909189018,-4.472939462164755
nextgen_prospective_010,nextgen_prospective__nextgen_prospective_010__cluster_3water__cooperative,cooperative,2.3359301457870196,-0.5252797650344354,-1.4187492855040063,-1.018545681631285
nextgen_prospective_010,nextgen_prospective__nextgen_prospective_010__cluster_3water__cooperative,cooperative,1.6779850264275193,-0.10658613665457733,-2.083696767801957,-2.008226253037444
nextgen_prospective_010,nextgen_prospective__nextgen_prospective_010__cluster_3water__cooperative,cooperative,2.3971380326285385,-2.063784570048652,-0.5228737867057909,-0.7277527246693011
nextgen_prospective_010,nextgen_prospective__nextgen_prospective_010__cluster_3water__cooperative,cooperative,3.334918618684973,0.8087881151778464,0.4737185833132429,0.45109646927034364
nextgen_prospective_010,nextgen_prospective__nextgen_prospective_010__cluster_3water__cooperative,cooperative,0.1762068610313412,-0.9945556795398303,-4.251992853827602,-4.263353954702413
nextgen_prospective_010,nextgen_prospective__nextgen_prospective_010__cluster_3water__cooperative,cooperative,4.141207173055655,-1.812044808647578,2.512835549703496,2.6270170814202802
nextgen_prospective_010,nextgen_prospective__nextgen_prospective_010__cluster_3water__cooperative,cooperative,1.5220162315869104,1.8252605267039221,-2.677432120666623,-2.1389967962912255
nextgen_prospective_010,nextgen_prospective__nextgen_prospective_010__cluster_3water__cooperative,cooperative,0.936327896224565,-2.9127968650314497,-2.358214809306425,-2.5720083656382653
nextgen_prospective_010,nextgen_prospective__nextgen_prospective_010__cluster_3water__cooperative,cooperative,-0.543557655550909,0.5460456962294428,-8.959423270665567,-9.340061016454195
nextgen_prospective_010,nextgen_prospective__nextgen_prospective_010__cluster_3water__cooperative,cooperative,-0.589524513923046,-2.0098859505492475,-5.676917700742301,-5.359900978338206
nextgen_prospective_010,nextgen_prospective__nextgen_prospective_010__cluster_3water__cooperative,cooperative,1.5656974163323958,-3.417949507169435,-1.5629109128041385,-1.454177705090355
nextgen_prospective_010,nextgen_prospective__nextgen_prospective_010__cluster_3water__cooperative,cooperative,3.9017821255252527,-2.3522045791196837,1.9378972429224817,2.545297471285576
nextgen_prospective_010,nextgen_prospective__nextgen_prospective_010__cluster_3water__cooperative,cooperative,0.1401693433697368,-2.362505244200831,-3.4439855481780413,-3.4436393677238644
nextgen_prospective_010,nextgen_prospective__nextgen_prospective_010__cluster_3water__cooperative,cooperative,4.26305390302748,0.05836221143743017,3.256408771510122,2.4092433396170256
nextgen_prospective_010,nextgen_prospective__nextgen_prospective_010__cluster_3water__cooperative,cooperative,-0.11677583092943783,1.0187883564669225,-3.6944806089671545,-4.497027594737055
nextgen_prospective_010,nextgen_prospective__nextgen_prospective_010__cluster_3water__cooperative,cooperative,2.2103294545486256,-2.28896006443875,-1.0220828009104288,-0.7878722663036536
nextgen_prospective_010,nextgen_prospective__nextgen_prospective_010__cluster_3water__cooperative,cooperative,2.6153048861511,1.3259341794677586,0.7539547080668285,0.6714256151339089
nextgen_prospective_010,nextgen_prospective__nextgen_prospective_010__cluster_3water__cooperative,cooperative,0.350165477070541,-0.6712199184647872,-2.720248452133589,-2.962462444903183
nextgen_prospective_010,nextgen_prospective__nextgen_prospective_010__cluster_3water__cooperative,cooperative,2.4359310860610415,-0.5506174688799057,-0.5713541318694837,-0.46405601626514753
nextgen_prospective_010,nextgen_prospective__nextgen_prospective_010__cluster_3water__cooperative,cooperative,2.763268040493644,-1.1309138659386488,-0.2249971383476712,-0.3943373588010897
nextgen_prospective_010,nextgen_prospective__nextgen_prospective_010__cluster_3water__cooperative,cooperative,3.3226092675388816,-2.6531793141340403,0.9417431861407088,0.9955314176401384
nextgen_prospective_010,nextgen_prospective__nextgen_prospective_010__cluster_3water__cooperative,cooperative,4.051994167804997,-0.41895611451343095,2.20704533098548,1.7954909343899585
nextgen_prospective_010,nextgen_prospective__nextgen_prospective_010__cluster_3water__cooperative,cooperative,1.595218356296617,-1.8215568437382899,-2.3755201724995345,-2.829874544289649
nextgen_prospective_010,nextgen_prospective__nextgen_prospective_010__cluster_3water__cooperative,cooperative,4.679107487871082,-2.457381721933205,2.7808779729177058,3.096416126331162
nextgen_prospective_010,nextgen_prospective__nextgen_prospective_010__cluster_3water__cooperative,cooperative,2.6419589778398374,0.37163353889573914,-1.2535502361270545,-0.5705620622467206
nextgen_prospective_010,nextgen_prospective__nextgen_prospective_010__cluster_3water__cooperative,cooperative,2.1864236058913464,-3.3135222102317723,-0.3066712168537933,-0.29526578405953713
nextgen_prospective_010,nextgen_prospective__nextgen_prospective_010__cluster_3water__cooperative,cooperative,4.039955621080655,-3.497483895098682,1.8803721098781256,2.7659349004230407
nextgen_prospective_010,nextgen_prospective__nextgen_prospective_010__cluster_3water__cooperative,cooperative,0.9996495091098712,-2.6112581656345033,-3.8178305978493476,-4.129881934887102
nextgen_prospective_010,nextgen_prospective__nextgen_prospective_010__cluster_3water__cooperative,cooperative,2.675933232641881,-3.706418709672427,0.3279442488475226,1.0040479394461899
nextgen_prospective_010,nextgen_prospective__nextgen_prospective_010__cluster_3water__cooperative,cooperative,4.492888006458548,-2.877505987855954,2.4121638847132143,3.038100020080116
nextgen_prospective_010,nextgen_prospective__nextgen_prospective_010__cluster_3water__cooperative,cooperative,1.5671891758931473,-2.8855176162524026,-2.24914907304008,-2.0723499680665483
nextgen_prospective_010,nextgen_prospective__nextgen_prospective_010__cluster_3water__cooperative,cooperative,3.1773137068100605,-2.8283158097707837,0.4465761187999462,0.7959076049780787
nextgen_prospective_010,nextgen_prospective__nextgen_prospective_010__cluster_3water__cooperative,cooperative,3.492294598056429,-0.016731397843499016,1.580532766920495,1.4267572232469632
nextgen_prospective_010,nextgen_prospective__nextgen_prospective_010__cluster_3water__cooperative,cooperative,1.7305195021048834,-1.5700734740132567,-3.112853647821545,-2.515916135586713
nextgen_prospective_010,nextgen_prospective__nextgen_prospective_010__cluster_3water__cooperative,cooperative,3.352781642430828,-1.4762715687805712,0.6479912094552454,0.7882166398655216
nextgen_prospective_010,nextgen_prospective__nextgen_prospective_010__cluster_3water__cooperative,cooperative,2.6948365230713276,-1.0575779404007128,-0.4235026029402178,-0.5193311257955456
nextgen_prospective_010,nextgen_prospective__nextgen_prospective_010__cluster_3water__cooperative,cooperative,3.4139895292723472,-3.014776373794788,0.5717155381046446,0.5926809290983941
nextgen_prospective_010,nextgen_prospective__nextgen_prospective_010__cluster_3water__cooperative,cooperative,4.351770115328782,-0.14220368856828927,1.8213493008951698,1.4457781534386007
nextgen_prospective_010,nextgen_prospective__nextgen_prospective_010__cluster_3water__cooperative,cooperative,1.1930583576751492,-1.9455474832859658,-2.2949060031325352,-2.508597913559041
nextgen_prospective_010,nextgen_prospective__nextgen_prospective_010__cluster_3water__cooperative,cooperative,5.158058669699463,-2.763036612393713,2.1903953359236894,2.330631723883293
nextgen_prospective_010,nextgen_prospective__nextgen_prospective_010__cluster_3water__cooperative,cooperative,2.5388677282307186,0.8742687229577866,-1.1267058955777287,-0.8214426858956101
nextgen_prospective_010,nextgen_prospective__nextgen_prospective_010__cluster_3water__cooperative,cooperative,1.9531793928683736,-3.8637886687775853,-0.5122520044897882,-0.4883634726757851
nextgen_prospective_010,nextgen_prospective__nextgen_prospective_010__cluster_3water__cooperative,cooperative,5.727183471904222,-0.5143735469831958,4.5866554430020745,3.914728916152128
nextgen_prospective_010,nextgen_prospective__nextgen_prospective_010__cluster_3water__cooperative,cooperative,0.4732938410928993,-0.4049461075166928,-8.501140174641986,-8.730313740636209
nextgen_prospective_010,nextgen_prospective__nextgen_prospective_010__cluster_3water__cooperative,cooperative,4.336291983826055,-4.1003108350350415,1.3645090970613172,1.8251951894104252
nextgen_prospective_010,nextgen_prospective__nextgen_prospective_010__cluster_3water__cooperative,cooperative,0.4273269827207626,-2.960877754295383,-3.2945111672058047,-3.3851900695123747
nextgen_prospective_010,nextgen_prospective__nextgen_prospective_010__cluster_3water__cooperative,cooperative,2.582548912976204,-4.36894131091557,0.05513462736717045,0.37939165370253713
nextgen_prospective_010,nextgen_prospective__nextgen_prospective_010__cluster_3water__cooperative,cooperative,4.918633622169061,-3.3031963828658193,1.9338825966266349,2.288266042509414
nextgen_prospective_010,nextgen_prospective__nextgen_prospective_010__cluster_3water__cooperative,cooperative,1.1570208400135447,-3.313497047946967,-1.8290683128321383,-1.6815547480671609
nextgen_prospective_010,nextgen_prospective__nextgen_prospective_010__cluster_3water__cooperative,cooperative,5.279905399671288,-0.8926295923087053,3.7094955446350664,3.1679473656781014
nextgen_prospective_010,nextgen_prospective__nextgen_prospective_010__cluster_3water__cooperative,cooperative,0.9000756657143704,0.06779655272078687,-5.8819374403427105,-5.852571077233188
nextgen_prospective_010,nextgen_prospective__nextgen_prospective_010__cluster_3water__cooperative,cooperative,3.2271809511924343,-3.2399518681848862,0.32687306261980353,0.5393407863604305
nextgen_prospective_010,nextgen_prospective__nextgen_prospective_010__cluster_3water__cooperative,cooperative,3.6321563827949084,0.3749423757216225,1.7425067269001282,1.4682126575275016
nextgen_prospective_010,nextgen_prospective__nextgen_prospective_010__cluster_3water__cooperative,cooperative,1.3670169737143492,-1.6222117222109225,-2.325347413087986,-2.0450362297994285
nextgen_prospective_010,nextgen_prospective__nextgen_prospective_010__cluster_3water__cooperative,cooperative,3.45278258270485,-1.5016092726260413,0.5986320584252525,0.6333101564640453
nextgen_prospective_010,nextgen_prospective__nextgen_prospective_010__cluster_3water__cooperative,cooperative,4.081994518518445,-0.7162982431518136,1.8314456475676533,1.51784810546353
nextgen_prospective_010,nextgen_prospective__nextgen_prospective_010__cluster_3water__cooperative,cooperative,4.6413357455636834,-2.238563691347205,2.2778938383485325,2.3024038522874704
nextgen_prospective_010,nextgen_prospective__nextgen_prospective_010__cluster_3water__cooperative,cooperative,5.370720645829799,-0.0043404917265952025,3.473342209590946,2.6942948802683637
nextgen_prospective_010,nextgen_prospective__nextgen_prospective_010__cluster_3water__cooperative,cooperative,5.997833965895883,-2.04276609914637,3.235252450325188,3.3409741087904945
nextgen_prospective_010,nextgen_prospective__nextgen_prospective_010__cluster_3water__cooperative,cooperative,3.9606854558646387,0.7862491616825751,2.5683469687569627,1.9583677687160912
nextgen_prospective_010,nextgen_prospective__nextgen_prospective_010__cluster_3water__cooperative,cooperative,6.440486589832918,-0.2938059371604118,4.1303591801131745,3.9716785907886805
nextgen_prospective_010,nextgen_prospective__nextgen_prospective_010__cluster_3water__cooperative,cooperative,5.358682099105457,-3.0828682723118472,2.855420109959761,3.5670279535453204
nextgen_prospective_010,nextgen_prospective__nextgen_prospective_010__cluster_3water__cooperative,cooperative,6.641924154607938,-1.4658833930635182,3.7359947511952374,4.080086964053153
nextgen_prospective_010,nextgen_prospective__nextgen_prospective_010__cluster_3water__cooperative,cooperative,3.9946597106666832,-3.2918030868855914,1.9412960384748157,2.934681295615147
nextgen_prospective_010,nextgen_prospective__nextgen_prospective_010__cluster_3water__cooperative,cooperative,5.811614484483351,-2.462890365069119,3.110394328927457,3.49953853212195
nextgen_prospective_010,nextgen_prospective__nextgen_prospective_010__cluster_3water__cooperative,cooperative,6.0926036447628595,-0.5880050835246969,3.9101858468244544,3.69608651072358
nextgen_prospective_010,nextgen_prospective__nextgen_prospective_010__cluster_3water__cooperative,cooperative,4.496040184834861,-2.413700186983948,2.0237613885529804,2.1639188184997638
nextgen_prospective_010,nextgen_prospective__nextgen_prospective_010__cluster_3water__cooperative,cooperative,3.049245980129685,-1.1554578512264213,0.06354288466425828,0.3453654005403188
nextgen_prospective_010,nextgen_prospective__nextgen_prospective_010__cluster_3water__cooperative,cooperative,4.67150812045563,-1.0616559459937354,2.494716956993992,2.1403452835159826
nextgen_prospective_010,nextgen_prospective__nextgen_prospective_010__cluster_3water__cooperative,cooperative,4.013563001096129,-0.6429623176138773,1.0693686974843075,0.876106891652719
nextgen_prospective_010,nextgen_prospective__nextgen_prospective_010__cluster_3water__cooperative,cooperative,4.732716007297148,-2.6001607510079516,1.523170019040787,1.535398978400158
nextgen_prospective_010,nextgen_prospective__nextgen_prospective_010__cluster_3water__cooperative,cooperative,5.670496593353583,0.27241193421854626,2.5011648939903264,2.0681761464922146
nextgen_prospective_010,nextgen_prospective__nextgen_prospective_010__cluster_3water__cooperative,cooperative,2.5117848356999506,-1.53093186049913,-0.5208019205622527,-0.7803174242618469
nextgen_prospective_010,nextgen_prospective__nextgen_prospective_010__cluster_3water__cooperative,cooperative,6.4767851477242635,-2.3484209896068786,2.3115453472282166,2.363882854175998
nextgen_prospective_010,nextgen_prospective__nextgen_prospective_010__cluster_3water__cooperative,cooperative,3.8575942062555204,1.2888843457446222,1.7561200639626406,1.5418251320644785
nextgen_prospective_010,nextgen_prospective__nextgen_prospective_010__cluster_3water__cooperative,cooperative,3.2719058708931748,-3.4491730459907495,1.0108436628732953,1.4109724742318612
nextgen_prospective_010,nextgen_prospective__nextgen_prospective_010__cluster_3water__cooperative,cooperative,7.045909949929022,-0.09975792419635954,3.132862420027749,3.0396664105294264
nextgen_prospective_010,nextgen_prospective__nextgen_prospective_010__cluster_3water__cooperative,cooperative,5.655018461850857,-3.685695212248206,1.9782940477726108,2.353751123165898
nextgen_prospective_010,nextgen_prospective__nextgen_prospective_010__cluster_3water__cooperative,cooperative,5.272030299931588,1.8464449507010556,4.263038998920221,3.962745505426246
nextgen_prospective_010,nextgen_prospective__nextgen_prospective_010__cluster_3water__cooperative,cooperative,7.304901104639763,-1.606714653214641,2.762684436034668,2.918283017607729
nextgen_prospective_010,nextgen_prospective__nextgen_prospective_010__cluster_3water__cooperative,cooperative,3.9012753910010054,-3.954325688128735,1.2107011849613603,1.7666765019228556
nextgen_prospective_010,nextgen_prospective__nextgen_prospective_010__cluster_3water__cooperative,cooperative,6.237360100193863,-2.888580760078983,2.2141333748306735,2.4150469523515365
nextgen_prospective_010,nextgen_prospective__nextgen_prospective_010__cluster_3water__cooperative,cooperative,2.4757473180383465,-2.8988814251601314,-0.569029515187669,-0.26290024599478945
nextgen_prospective_010,nextgen_prospective__nextgen_prospective_010__cluster_3water__cooperative,cooperative,6.59863187769609,-0.4780139695218705,2.9471729074384,2.8370251467332963
nextgen_prospective_010,nextgen_prospective__nextgen_prospective_010__cluster_3water__cooperative,cooperative,4.545907429217235,-2.8253362453980504,1.3679459040318864,1.4800882677445102
nextgen_prospective_010,nextgen_prospective__nextgen_prospective_010__cluster_3water__cooperative,cooperative,4.95088286081971,0.7895579985084584,3.0001847988478936,2.542880715189436
nextgen_prospective_010,nextgen_prospective__nextgen_prospective_010__cluster_3water__cooperative,cooperative,2.685743451739151,-1.2075960994240875,-0.4809466307067467,-0.2790257288468439
nextgen_prospective_010,nextgen_prospective__nextgen_prospective_010__cluster_3water__cooperative,cooperative,4.7715090607296515,-1.0869936498392054,1.7647580683521902,1.5773214429906197
nextgen_prospective_010,nextgen_prospective__nextgen_prospective_010__cluster_3water__cooperative,cooperative,4.321990647057653,0.6367483314664467,2.1998424804938743,1.7033167768984978
nextgen_prospective_010,nextgen_prospective__nextgen_prospective_010__cluster_3water__cooperative,cooperative,4.881331874102891,-0.8855171167289453,3.4592178754442315,2.7945018506745556
nextgen_prospective_010,nextgen_prospective__nextgen_prospective_010__cluster_3water__cooperative,cooperative,5.610716774369005,1.3487060828916646,3.146636537096681,2.665691125372439
nextgen_prospective_010,nextgen_prospective__nextgen_prospective_010__cluster_3water__cooperative,cooperative,3.1539409628606263,-0.05389464633319474,0.5003226467445998,0.8218640663568395
nextgen_prospective_010,nextgen_prospective__nextgen_prospective_010__cluster_3water__cooperative,cooperative,6.237830094435091,-0.6897195245281094,3.97758709596574,3.6709611916407527
nextgen_prospective_010,nextgen_prospective__nextgen_prospective_010__cluster_3water__cooperative,cooperative,4.200681584403847,2.1392957363008347,2.8149227668448074,2.7951480985071164
nextgen_prospective_010,nextgen_prospective__nextgen_prospective_010__cluster_3water__cooperative,cooperative,6.680482718372126,1.059240637457849,3.8110183300508194,3.894777656236718
nextgen_prospective_010,nextgen_prospective__nextgen_prospective_010__cluster_3water__cooperative,cooperative,5.3007985461519,2.5729539846002836,3.499680564293728,3.539222442403435
nextgen_prospective_010,nextgen_prospective__nextgen_prospective_010__cluster_3water__cooperative,cooperative,6.881920283147146,-0.11283681844525928,3.947681814257642,4.257322074002593
nextgen_prospective_010,nextgen_prospective__nextgen_prospective_010__cluster_3water__cooperative,cooperative,6.2866987390528095,1.9342155162097123,3.767414953430359,4.027773816140504
nextgen_prospective_010,nextgen_prospective__nextgen_prospective_010__cluster_3water__cooperative,cooperative,6.051610613022558,-1.1098437904508585,4.008842465450968,3.9280157367603117
nextgen_prospective_010,nextgen_prospective__nextgen_prospective_010__cluster_3water__cooperative,cooperative,4.352743588127788,2.6052140174538296,3.870567267238112,4.4726789807723115
nextgen_prospective_010,nextgen_prospective__nextgen_prospective_010__cluster_3water__cooperative,cooperative,6.332599773302066,0.7650414910935635,3.6467644260373966,3.639228958196656
nextgen_prospective_010,nextgen_prospective__nextgen_prospective_010__cluster_3water__cooperative,cooperative,4.73603631337407,-1.060653612365689,3.027292444164331,2.5584671221240964
nextgen_prospective_010,nextgen_prospective__nextgen_prospective_010__cluster_3water__cooperative,cooperative,5.051017204620438,1.7509307995615964,3.224954658079815,3.008093956183205
nextgen_prospective_010,nextgen_prospective__nextgen_prospective_010__cluster_3water__cooperative,cooperative,3.2892421086688928,0.19758872339183883,1.0631100577969121,1.001056930629699
nextgen_prospective_010,nextgen_prospective__nextgen_prospective_010__cluster_3water__cooperative,cooperative,4.911504248994837,0.2913906286245242,2.839357218609395,2.3474702933143625
nextgen_prospective_010,nextgen_prospective__nextgen_prospective_010__cluster_3water__cooperative,cooperative,4.253559129635337,0.7100842570043828,1.3449736064059525,1.1125519807329356
nextgen_prospective_010,nextgen_prospective__nextgen_prospective_010__cluster_3water__cooperative,cooperative,4.972712135836356,-1.247114176389692,2.3755713054842698,2.0415432301178664
nextgen_prospective_010,nextgen_prospective__nextgen_prospective_010__cluster_3water__cooperative,cooperative,5.9104927218927905,1.6254585088368059,2.251793653894607,2.006574863900072
nextgen_prospective_010,nextgen_prospective__nextgen_prospective_010__cluster_3water__cooperative,cooperative,2.7517809642391584,-0.1778852858808701,-0.6244630267211448,-0.49478033633240387
nextgen_prospective_010,nextgen_prospective__nextgen_prospective_010__cluster_3water__cooperative,cooperative,6.716781276263472,-0.9953744149886185,2.9390285971369057,2.786131759955965
nextgen_prospective_010,nextgen_prospective__nextgen_prospective_010__cluster_3water__cooperative,cooperative,4.097590334794728,2.6419309203628822,1.8807990632043747,1.9441697538463734
nextgen_prospective_010,nextgen_prospective__nextgen_prospective_010__cluster_3water__cooperative,cooperative,7.285906078468231,1.2532886504218999,2.757690276545821,2.747261676786298
nextgen_prospective_010,nextgen_prospective__nextgen_prospective_010__cluster_3water__cooperative,cooperative,5.512026428470795,3.1994915253193157,2.5732462505532183,2.6255471822385887
nextgen_prospective_010,nextgen_prospective__nextgen_prospective_010__cluster_3water__cooperative,cooperative,7.54489723317897,-0.2536680785963803,2.9258395979900875,3.0423702078432338
nextgen_prospective_010,nextgen_prospective__nextgen_prospective_010__cluster_3water__cooperative,cooperative,4.141271519540214,-2.601279113510475,2.6276847474442366,3.803599695348733
nextgen_prospective_010,nextgen_prospective__nextgen_prospective_010__cluster_3water__cooperative,cooperative,6.779612390771966,2.378256351674297,2.737871377610279,2.828927101194323
nextgen_prospective_010,nextgen_prospective__nextgen_prospective_010__cluster_3water__cooperative,cooperative,6.47735622873307,-1.5355341854607234,2.9663159449873078,2.970065455843697
nextgen_prospective_010,nextgen_prospective__nextgen_prospective_010__cluster_3water__cooperative,cooperative,4.293098625296937,3.240968710416732,2.8460811042874123,3.122142603928337
nextgen_prospective_010,nextgen_prospective__nextgen_prospective_010__cluster_3water__cooperative,cooperative,2.715743446577554,-1.5458348505418713,-0.8211534147299915,-0.4124103338700393
nextgen_prospective_010,nextgen_prospective__nextgen_prospective_010__cluster_3water__cooperative,cooperative,6.8386280062352975,0.8750326050963902,2.6613623523397134,2.627550452745435
nextgen_prospective_010,nextgen_prospective__nextgen_prospective_010__cluster_3water__cooperative,cooperative,2.458798272278379,1.8354587501258823,1.3516996236511147,1.3148621650443204
nextgen_prospective_010,nextgen_prospective__nextgen_prospective_010__cluster_3water__cooperative,cooperative,4.785903557756443,-1.4722896707797912,2.0618189265564357,1.8754628538454086
nextgen_prospective_010,nextgen_prospective__nextgen_prospective_010__cluster_3water__cooperative,cooperative,5.190878989358917,2.142604573126718,2.3583086565135414,2.249399699671674
nextgen_prospective_010,nextgen_prospective__nextgen_prospective_010__cluster_3water__cooperative,cooperative,2.925739580278359,0.1454504751941724,0.31452659414465955,0.30743171418421206
nextgen_prospective_010,nextgen_prospective__nextgen_prospective_010__cluster_3water__cooperative,cooperative,5.011505189268859,0.2660529247790543,1.9996342816683832,1.7454850219591145
nextgen_prospective_010,nextgen_prospective__nextgen_prospective_010__cluster_3water__cooperative,cooperative,3.3717252678414473,1.5534902725762605,1.0789187442501458,1.1626354939685188
nextgen_prospective_010,nextgen_prospective__nextgen_prospective_010__cluster_3water__cooperative,cooperative,3.881712857206222,0.16554236392752109,2.3500685925639253,1.855414874607477
nextgen_prospective_010,nextgen_prospective__nextgen_prospective_010__cluster_3water__cooperative,cooperative,4.546740266272386,2.202628222405136,2.7522703691216233,2.6065662223433406
nextgen_prospective_010,nextgen_prospective__nextgen_prospective_010__cluster_3water__cooperative,cooperative,3.261119946010035,2.923459965219379,1.8892998042296938,2.392527574946281
nextgen_prospective_010,nextgen_prospective__nextgen_prospective_010__cluster_3water__cooperative,cooperative,5.5221150975693485,1.9387038456860688,4.155476027142502,3.9793782361728423
nextgen_prospective_010,nextgen_prospective__nextgen_prospective_010__cluster_3water__cooperative,cooperative,4.264167764074436,3.3188542504335827,2.8655293169819185,3.250495972951148
nextgen_prospective_010,nextgen_prospective__nextgen_prospective_010__cluster_3water__cooperative,cooperative,5.1630767634840895,2.736475058665709,3.491098854449204,3.659376930189138
nextgen_prospective_010,nextgen_prospective__nextgen_prospective_010__cluster_3water__cooperative,cooperative,3.3997647141112752,3.348267809800051,2.8280255028492185,3.5243281554451458
nextgen_prospective_010,nextgen_prospective__nextgen_prospective_010__cluster_3water__cooperative,cooperative,5.20492770647606,1.6704634475303968,3.906366852816312,3.7103395133032238
nextgen_prospective_010,nextgen_prospective__nextgen_prospective_010__cluster_3water__cooperative,cooperative,3.749237493012297,0.005859088494020309,2.1185888314101398,1.7051663202637064
nextgen_prospective_010,nextgen_prospective__nextgen_prospective_010__cluster_3water__cooperative,cooperative,4.036425952678104,2.5693625228983086,2.7580419636541453,2.8738063974615087
nextgen_prospective_010,nextgen_prospective__nextgen_prospective_010__cluster_3water__cooperative,cooperative,2.430101600486989,1.1530800416847062,0.27972368700757144,0.26473305075428916
nextgen_prospective_010,nextgen_prospective__nextgen_prospective_010__cluster_3water__cooperative,cooperative,3.909222963725351,1.2386053082203907,2.3881717097684607,2.1250929518298434
nextgen_prospective_010,nextgen_prospective__nextgen_prospective_010__cluster_3water__cooperative,cooperative,3.3093318254858057,1.6203553811549667,0.5411327625983731,0.597859196645516
nextgen_prospective_010,nextgen_prospective__nextgen_prospective_010__cluster_3water__cooperative,cooperative,3.965030154669088,-0.16414907282198354,1.8974218626381933,1.526106809001193
nextgen_prospective_010,nextgen_prospective__nextgen_prospective_010__cluster_3water__cooperative,cooperative,4.820065394897013,2.4549613166492352,2.0646697584001394,1.9598972763121276
nextgen_prospective_010,nextgen_prospective__nextgen_prospective_010__cluster_3water__cooperative,cooperative,1.9400634982128198,0.8107360920537072,-3.1059908679811343,-2.6449751635097734
nextgen_prospective_010,nextgen_prospective__nextgen_prospective_010__cluster_3water__cooperative,cooperative,5.555210841529105,0.06537835669076039,4.607353680343929,3.6685755234595567
nextgen_prospective_010,nextgen_prospective__nextgen_prospective_010__cluster_3water__cooperative,cooperative,3.167124983131133,3.381744985981834,1.269320255665951,1.6274569241796935
nextgen_prospective_010,nextgen_prospective__nextgen_prospective_010__cluster_3water__cooperative,cooperative,6.07411874942168,2.1156299751532917,3.323537190761172,3.2233650025058505
nextgen_prospective_010,nextgen_prospective__nextgen_prospective_010__cluster_3water__cooperative,cooperative,4.456757892071077,3.890109066971524,2.14254037171302,2.3914584470169022
nextgen_prospective_010,nextgen_prospective__nextgen_prospective_010__cluster_3water__cooperative,cooperative,5.612498034169203,3.14133582041283,2.714811843242737,2.8011345472671425
nextgen_prospective_010,nextgen_prospective__nextgen_prospective_010__cluster_3water__cooperative,cooperative,3.3453825421184415,3.9279265004426973,2.131006486466802,2.625347785046901
nextgen_prospective_010,nextgen_prospective__nextgen_prospective_010__cluster_3water__cooperative,cooperative,5.666306389444593,1.7707494632388556,3.099423049595762,2.9687822602300176
nextgen_prospective_010,nextgen_prospective__nextgen_prospective_010__cluster_3water__cooperative,cooperative,1.67293222024858,2.6464321248833933,1.5795640653610832,1.1258447591952687
nextgen_prospective_010,nextgen_prospective__nextgen_prospective_010__cluster_3water__cooperative,cooperative,3.794704686419755,-0.36945614123648474,1.6067251688274276,1.3668280298688142
nextgen_prospective_010,nextgen_prospective__nextgen_prospective_010__cluster_3water__cooperative,cooperative,4.163946991704364,2.9264768458547437,2.0745576939433796,2.10965363581426
nextgen_prospective_010,nextgen_prospective__nextgen_prospective_010__cluster_3water__cooperative,cooperative,2.098672824601502,1.1055422271515405,-0.16901669076840875,-0.35037615535391725
nextgen_prospective_010,nextgen_prospective__nextgen_prospective_010__cluster_3water__cooperative,cooperative,4.000400291622252,1.2155032841259912,1.7804989650609393,1.58020869626043
nextgen_prospective_010,nextgen_prospective__nextgen_prospective_010__cluster_3water__cooperative,cooperative,1.5590351910659421,2.9785111121374164,-0.40956444842210615,0.3836361354429235
nextgen_prospective_010,nextgen_prospective__nextgen_prospective_010__cluster_3water__cooperative,cooperative,2.4687242221092505,3.4810695249081585,1.4606408001500704,2.177564829500944
nextgen_prospective_010,nextgen_prospective__nextgen_prospective_010__cluster_3water__cooperative,cooperative,1.4734052644867848,4.0391328096675725,0.6381658804031076,1.572210124216153
nextgen_prospective_010,nextgen_prospective__nextgen_prospective_010__cluster_3water__cooperative,cooperative,3.223853123758512,3.276740975190171,2.728629800846427,3.672762457441061
nextgen_prospective_010,nextgen_prospective__nextgen_prospective_010__cluster_3water__cooperative,cooperative,0.33936469899935473,3.336818785093348,-1.550358399121432,-0.535492480127669
nextgen_prospective_010,nextgen_prospective__nextgen_prospective_010__cluster_3water__cooperative,cooperative,2.2499584139559983,4.345244514349536,1.5916282724770525,2.657292652386357
nextgen_prospective_010,nextgen_prospective__nextgen_prospective_010__cluster_3water__cooperative,cooperative,0.7587225322570506,4.161750949455657,0.3240889404216851,1.1913825566709872
nextgen_prospective_010,nextgen_prospective__nextgen_prospective_010__cluster_3water__cooperative,cooperative,2.9458879618860516,3.894370301367957,2.3582264582269197,3.289689465522935
nextgen_prospective_010,nextgen_prospective__nextgen_prospective_010__cluster_3water__cooperative,cooperative,0.07280165401857279,2.8830687801648374,-1.9256903793936075,-1.7291758164059903
nextgen_prospective_010,nextgen_prospective__nextgen_prospective_010__cluster_3water__cooperative,cooperative,1.5807431494683897,4.368016302246157,1.280936192588733,2.19787695059048
nextgen_prospective_010,nextgen_prospective__nextgen_prospective_010__cluster_3water__cooperative,cooperative,2.978288691944352,3.0690709895212636,2.6635659492790786,3.26294518881066
nextgen_prospective_010,nextgen_prospective__nextgen_prospective_010__cluster_3water__cooperative,cooperative,0.5736762889876129,3.596363775027651,0.3301045252186441,0.5237414138163243
nextgen_prospective_010,nextgen_prospective__nextgen_prospective_010__cluster_3water__cooperative,cooperative,2.0736421728749668,3.764992854322228,1.7294463918009484,2.263243621745613
nextgen_prospective_010,nextgen_prospective__nextgen_prospective_010__cluster_3water__cooperative,cooperative,0.8300362227915232,2.668516094672987,0.3048553569566792,-0.39884406966122504
nextgen_prospective_010,nextgen_prospective__nextgen_prospective_010__cluster_3water__cooperative,cooperative,1.97516243949219,2.7347292042490006,1.5970423231546071,1.389248964678202
nextgen_prospective_010,nextgen_prospective__nextgen_prospective_010__cluster_3water__cooperative,cooperative,1.510730590532542,3.030277647811254,-0.8043907905590508,-0.24004563830015543
nextgen_prospective_010,nextgen_prospective__nextgen_prospective_010__cluster_3water__cooperative,cooperative,2.018368006674438,1.6487258124742596,-2.0613461361871366,-1.4879853644655316
nextgen_prospective_010,nextgen_prospective__nextgen_prospective_010__cluster_3water__cooperative,cooperative,2.6803307733025092,3.6764241785164935,1.0800507678538906,1.5651011507473986
nextgen_prospective_010,nextgen_prospective__nextgen_prospective_010__cluster_3water__cooperative,cooperative,1.4006349706450543,4.393934116064312,0.2473848433410808,0.8641315228162139
nextgen_prospective_010,nextgen_prospective__nextgen_prospective_010__cluster_3water__cooperative,cooperative,3.6512107897087023,3.4137160431647953,2.5475793357965237,3.137886343913157
nextgen_prospective_010,nextgen_prospective__nextgen_prospective_010__cluster_3water__cooperative,cooperative,-0.057417184981641986,3.490958941611738,-1.9391085142710374,-1.3028454864084
nextgen_prospective_010,nextgen_prospective__nextgen_prospective_010__cluster_3water__cooperative,cooperative,2.3990604485340428,4.787506307798266,1.1792131572512243,1.8412320733976806
nextgen_prospective_010,nextgen_prospective__nextgen_prospective_010__cluster_3water__cooperative,cooperative,0.4817571720639665,4.551586010077563,-0.0432843134605676,0.5005086555703566
nextgen_prospective_010,nextgen_prospective__nextgen_prospective_010__cluster_3water__cooperative,cooperative,3.2938270101583984,4.207810891107664,1.9842662334808026,2.5488348940330288
nextgen_prospective_010,nextgen_prospective__nextgen_prospective_010__cluster_3water__cooperative,cooperative,-0.40014109995693237,2.907566078132223,-2.349622952483532,-2.301737996422346
nextgen_prospective_010,nextgen_prospective__nextgen_prospective_010__cluster_3water__cooperative,cooperative,1.5386408227642605,4.816784320808206,0.8682625631499796,1.4126643562347991
nextgen_prospective_010,nextgen_prospective__nextgen_prospective_010__cluster_3water__cooperative,cooperative,3.3354850916619267,3.1467117758762004,2.401149931577251,2.742868676602503
nextgen_prospective_010,nextgen_prospective__nextgen_prospective_010__cluster_3water__cooperative,cooperative,0.24384057357468988,3.8246596429558415,-0.06744151310522639,-0.007664393619509166
nextgen_prospective_010,nextgen_prospective__nextgen_prospective_010__cluster_3water__cooperative,cooperative,1.8865031280297937,1.489778404669484,-0.02194183948489581,-0.46901508748391074
nextgen_prospective_010,nextgen_prospective__nextgen_prospective_010__cluster_3water__cooperative,cooperative,2.172368138572717,4.041468459191726,1.29682204856163,1.591028054920004
nextgen_prospective_010,nextgen_prospective__nextgen_prospective_010__cluster_3water__cooperative,cooperative,0.5734462027511457,2.631712625356988,-0.16782753207600365,-0.7691890219373049
nextgen_prospective_010,nextgen_prospective__nextgen_prospective_010__cluster_3water__cooperative,cooperative,2.045751338509146,2.7168437662404337,1.1311964659457274,0.9420115075476917
nextgen_prospective_010,nextgen_prospective__nextgen_prospective_010__cluster_3water__cooperative,cooperative,0.3624397168349138,1.9633283666376742,-4.522973909106387,-4.047788684083574
nextgen_prospective_010,nextgen_prospective__nextgen_prospective_010__cluster_3water__cooperative,cooperative,0.7572688182786109,0.8887880502644567,-6.802608307269864,-6.43818250648125
nextgen_prospective_010,nextgen_prospective__nextgen_prospective_010__cluster_3water__cooperative,cooperative,1.272128747878222,2.4658867794084163,-2.2089889697327614,-1.408255926684583
nextgen_prospective_010,nextgen_prospective__nextgen_prospective_010__cluster_3water__cooperative,cooperative,-0.4620659425982816,1.4758156764261632,-6.679130749192463,-6.607116051849479
nextgen_prospective_010,nextgen_prospective__nextgen_prospective_010__cluster_3water__cooperative,cooperative,0.27680979025575614,3.023950064167831,-2.696535862459548,-1.9848952458049949
nextgen_prospective_010,nextgen_prospective__nextgen_prospective_010__cluster_3water__cooperative,cooperative,-0.04474458994317845,0.42266365301899933,-11.027919281113796,-12.179412534821077
nextgen_prospective_010,nextgen_prospective__nextgen_prospective_010__cluster_3water__cooperative,cooperative,-0.8572307752316738,2.3216360395936064,-5.1181393430344,-4.918536459534735
nextgen_prospective_010,nextgen_prospective__nextgen_prospective_010__cluster_3water__cooperative,cooperative,1.0533629397249704,3.330061768849794,-0.3149462727813912,0.9323098893855061
nextgen_prospective_010,nextgen_prospective__nextgen_prospective_010__cluster_3water__cooperative,cooperative,-0.4378729419739782,3.146568203955915,-2.9942358900516552,-2.5026808111526035
nextgen_prospective_010,nextgen_prospective__nextgen_prospective_010__cluster_3water__cooperative,cooperative,-1.123793820212455,1.8678860346650952,-6.1852695757922405,-6.115003167109211
nextgen_prospective_010,nextgen_prospective__nextgen_prospective_010__cluster_3water__cooperative,cooperative,0.3841476752373615,3.352833556746415,-0.8015991960999003,0.0360144044534768
nextgen_prospective_010,nextgen_prospective__nextgen_prospective_010__cluster_3water__cooperative,cooperative,-0.622919185243415,2.58118102952791,-3.5453842702581895,-3.490087246906513
nextgen_prospective_010,nextgen_prospective__nextgen_prospective_010__cluster_3water__cooperative,cooperative,-0.3665592514395053,1.6533333491732451,-4.986563350445117,-5.319386819387403
nextgen_prospective_010,nextgen_prospective__nextgen_prospective_010__cluster_3water__cooperative,cooperative,0.31413511630151375,2.015094902311512,-3.386147354173641,-3.0360812914952975
nextgen_prospective_010,nextgen_prospective__nextgen_prospective_010__cluster_3water__cooperative,cooperative,0.8217725324434101,0.6335430669745178,-5.229241379716143,-4.954196770820744
nextgen_prospective_010,nextgen_prospective__nextgen_prospective_010__cluster_3water__cooperative,cooperative,1.4837352990714816,2.661241433016752,-1.377267988358799,-0.8852934966281653
nextgen_prospective_010,nextgen_prospective__nextgen_prospective_010__cluster_3water__cooperative,cooperative,-0.7459435886840234,1.3882928720395686,-5.23191892964725,-5.021004270983369
nextgen_prospective_010,nextgen_prospective__nextgen_prospective_010__cluster_3water__cooperative,cooperative,0.20403949641402502,3.3787513705645704,-1.9423335278672127,-1.4518994214140586
nextgen_prospective_010,nextgen_prospective__nextgen_prospective_010__cluster_3water__cooperative,cooperative,-0.20938756384174773,0.03424027051607212,-9.321226323647736,-9.748740257850441
nextgen_prospective_010,nextgen_prospective__nextgen_prospective_010__cluster_3water__cooperative,cooperative,2.4546153154776746,2.3985332976650535,0.7205726728876094,1.3359727999495072
nextgen_prospective_010,nextgen_prospective__nextgen_prospective_010__cluster_3water__cooperative,cooperative,-1.2540126592126704,2.475776196111996,-3.9416764321065223,-3.6764390655582093
nextgen_prospective_010,nextgen_prospective__nextgen_prospective_010__cluster_3water__cooperative,cooperative,1.2024649743030142,3.7723235622985234,0.13876084096997587,1.0651959517855245
nextgen_prospective_010,nextgen_prospective__nextgen_prospective_010__cluster_3water__cooperative,cooperative,-0.714838302167062,3.536403264577822,-2.2101071460505217,-1.8498418203495313
nextgen_prospective_010,nextgen_prospective__nextgen_prospective_010__cluster_3water__cooperative,cooperative,-1.5967365741879613,1.8923833326324813,-4.712533170573074,-4.4144901815324475
nextgen_prospective_010,nextgen_prospective__nextgen_prospective_010__cluster_3water__cooperative,cooperative,0.3420453485332317,3.801601575308464,-0.3227993515562133,0.3086289739353073
nextgen_prospective_010,nextgen_prospective__nextgen_prospective_010__cluster_3water__cooperative,cooperative,-0.9527549006563378,2.8094768974560993,-2.545071886697503,-2.5709331395538997
nextgen_prospective_010,nextgen_prospective__nextgen_prospective_010__cluster_3water__cooperative,cooperative,0.6899076537987655,0.4745956591697422,-6.603964473552715,-7.04788815995717
nextgen_prospective_010,nextgen_prospective__nextgen_prospective_010__cluster_3water__cooperative,cooperative,0.9757726643416884,3.026285713691984,1.0332493026758982,0.912690988174425
nextgen_prospective_010,nextgen_prospective__nextgen_prospective_010__cluster_3water__cooperative,cooperative,-0.6231492714798824,1.6165298798572458,-3.339236042424254,-3.8872455940984634
nextgen_prospective_010,nextgen_prospective__nextgen_prospective_010__cluster_3water__cooperative,cooperative,0.8491558642781182,1.7016610207406917,-1.5427730494761427,-2.4443624024102215
nextgen_prospective_010,nextgen_prospective__nextgen_prospective_010__cluster_3water__cooperative,cooperative,0.7794285713888818,-0.5600966313181522,-6.475968274030297,-6.592197933048089
nextgen_prospective_010,nextgen_prospective__nextgen_prospective_010__cluster_3water__cooperative,cooperative,1.1742576728325786,-1.6346369476913696,-4.303671046402169,-4.904405403377479
nextgen_prospective_010,nextgen_prospective__nextgen_prospective_010__cluster_3water__cooperative,cooperative,-0.04507708804431393,-1.0476093215296634,-7.364975664543749,-7.4404114704014015
nextgen_prospective_010,nextgen_prospective__nextgen_prospective_010__cluster_3water__cooperative,cooperative,0.693798644809724,0.5005250662120043,-10.403906227954618,-10.422843506780657
nextgen_prospective_010,nextgen_prospective__nextgen_prospective_010__cluster_3water__cooperative,cooperative,0.37224426461078935,-2.100761344936827,-5.465366042634479,-5.728710317944703
nextgen_prospective_010,nextgen_prospective__nextgen_prospective_010__cluster_3water__cooperative,cooperative,0.7177804717288142,-2.3781000504243486,-5.310014062333668,-5.23510143518113
nextgen_prospective_010,nextgen_prospective__nextgen_prospective_010__cluster_3water__cooperative,cooperative,1.0716961005534107,-1.758262709317306,-5.977770368982949,-5.130941831521331
nextgen_prospective_010,nextgen_prospective__nextgen_prospective_010__cluster_3water__cooperative,cooperative,1.1955558198151293,-0.8038785392065679,-6.732963283570648,-5.596169921945487
nextgen_prospective_010,nextgen_prospective__nextgen_prospective_010__cluster_3water__cooperative,cooperative,0.7311239708554816,-0.5083300956443149,-4.855721034209282,-4.867468881832178
nextgen_prospective_010,nextgen_prospective__nextgen_prospective_010__cluster_3water__cooperative,cooperative,1.238761386997378,-1.8898819309813089,-2.971581406687296,-3.377587375192077
nextgen_prospective_010,nextgen_prospective__nextgen_prospective_010__cluster_3water__cooperative,cooperative,1.900724153625449,0.13781643506092522,-3.8599623548609685,-3.2878912924315182
nextgen_prospective_010,nextgen_prospective__nextgen_prospective_010__cluster_3water__cooperative,cooperative,-0.32895473413005555,-1.135132125916258,-5.735405516251291,-5.602667853962743
nextgen_prospective_010,nextgen_prospective__nextgen_prospective_010__cluster_3water__cooperative,cooperative,0.621028350967993,0.8553263726087436,-8.52151961680292,-8.283765540630824
nextgen_prospective_010,nextgen_prospective__nextgen_prospective_010__cluster_3water__cooperative,cooperative,0.20760129071221972,-2.489184727439755,-3.9959340868738202,-4.13215572565518
nextgen_prospective_010,nextgen_prospective__nextgen_prospective_010__cluster_3water__cooperative,cooperative,-0.8694709988037408,-1.8518358466287876,-5.816237370936506,-5.225923214695222
nextgen_prospective_010,nextgen_prospective__nextgen_prospective_010__cluster_3water__cooperative,cooperative,0.6518621284353948,-2.845763063066568,-3.6518088130619297,-3.621410298639123
nextgen_prospective_010,nextgen_prospective__nextgen_prospective_010__cluster_3water__cooperative,cooperative,1.1068965083527331,-2.048829338786084,-3.9241525972544267,-3.4429068103594824
nextgen_prospective_010,nextgen_prospective__nextgen_prospective_010__cluster_3water__cooperative,cooperative,1.3927615188956564,0.5028607157361575,-4.463525498094256,-4.547758011260269
nextgen_prospective_010,nextgen_prospective__nextgen_prospective_010__cluster_3water__cooperative,cooperative,1.2661447188320858,-0.8217639772151347,-4.285233260545862,-3.648742873783175
nextgen_prospective_010,nextgen_prospective__nextgen_prospective_010__cluster_3water__cooperative,cooperative,2.595171022054532,-2.2588854622546317,0.03099964998698468,-0.2885398676022306
nextgen_prospective_010,nextgen_prospective__nextgen_prospective_010__cluster_3water__cooperative,cooperative,2.990000123498229,-3.3334257786278485,0.6805548995636457,0.9041105474091891
nextgen_prospective_010,nextgen_prospective__nextgen_prospective_010__cluster_3water__cooperative,cooperative,1.7706653626213362,-2.746398152466143,-1.3605015307542878,-1.7409996224244453
nextgen_prospective_010,nextgen_prospective__nextgen_prospective_010__cluster_3water__cooperative,cooperative,3.947528279026842,-3.1952157135449073,1.8833570104281883,2.585798315390738
nextgen_prospective_010,nextgen_prospective__nextgen_prospective_010__cluster_3water__cooperative,cooperative,2.1879867152764394,-3.799550175873306,-0.2305462444160966,-0.07196935297814007
nextgen_prospective_010,nextgen_prospective__nextgen_prospective_010__cluster_3water__cooperative,cooperative,1.3755005299879441,-1.900577789298699,-4.408117383254417,-5.350648861921893
nextgen_prospective_010,nextgen_prospective__nextgen_prospective_010__cluster_3water__cooperative,cooperative,3.4963622554100686,-3.9294054828381846,1.1405457798534524,1.8174533396713233
nextgen_prospective_010,nextgen_prospective__nextgen_prospective_010__cluster_3water__cooperative,cooperative,1.350263823430692,-3.303834379687,-1.8593361366789907,-1.9741970226088705
nextgen_prospective_010,nextgen_prospective__nextgen_prospective_010__cluster_3water__cooperative,cooperative,4.402180176941232,-2.78800439160407,3.028872172787578,4.371437352862946
nextgen_prospective_010,nextgen_prospective__nextgen_prospective_010__cluster_3water__cooperative,cooperative,2.5335229223944644,-4.076888881360828,0.11427820896781071,0.5414191564274209
nextgen_prospective_010,nextgen_prospective__nextgen_prospective_010__cluster_3water__cooperative,cooperative,1.108937485007163,-2.3543277942272103,-4.981974453492466,-5.126483100562285
nextgen_prospective_010,nextgen_prospective__nextgen_prospective_010__cluster_3water__cooperative,cooperative,3.816079233323875,-3.4917740189021407,1.5579070515254756,2.398019844590569
nextgen_prospective_010,nextgen_prospective__nextgen_prospective_010__cluster_3water__cooperative,cooperative,1.750880058807122,-3.4974292860055165,-1.2208921162528696,-1.0503824037910698
nextgen_prospective_010,nextgen_prospective__nextgen_prospective_010__cluster_3water__cooperative,cooperative,2.887438551219061,-3.457051540253786,0.3024730043890145,0.7926043459417188
nextgen_prospective_010,nextgen_prospective__nextgen_prospective_010__cluster_3water__cooperative,cooperative,1.866172053780113,-2.568880479719061,-2.2310955060897975,-2.0208443727871934
nextgen_prospective_010,nextgen_prospective__nextgen_prospective_010__cluster_3water__cooperative,cooperative,3.011298270480779,-2.502667370143047,0.28293693630665473,0.7628833620286865
nextgen_prospective_010,nextgen_prospective__nextgen_prospective_010__cluster_3water__cooperative,cooperative,2.5468664215211323,-2.2071189265807942,-0.22477253982655654,-0.45455104291565207
nextgen_prospective_010,nextgen_prospective__nextgen_prospective_010__cluster_3water__cooperative,cooperative,3.0545038376630282,-3.5886707619177884,0.45161473250443507,0.5713488898230488
nextgen_prospective_010,nextgen_prospective__nextgen_prospective_010__cluster_3water__cooperative,cooperative,3.716466604291099,-1.5609723958755537,1.820838883349385,1.8185829465177306
nextgen_prospective_010,nextgen_prospective__nextgen_prospective_010__cluster_3water__cooperative,cooperative,1.4867877165355945,-2.833920956852737,-1.550802346013569,-1.7953382741145267
nextgen_prospective_010,nextgen_prospective__nextgen_prospective_010__cluster_3water__cooperative,cooperative,4.285611466199816,-3.4109721068111476,1.6587044424105635,2.0685382010970756
nextgen_prospective_010,nextgen_prospective__nextgen_prospective_010__cluster_3water__cooperative,cooperative,2.0233437413778703,-4.1879735583762345,-0.38254073012389256,-0.28535787574062615
nextgen_prospective_010,nextgen_prospective__nextgen_prospective_010__cluster_3water__cooperative,cooperative,0.9787186460069472,-1.7464376327803097,-5.288386187184191,-5.9460263385940335
nextgen_prospective_010,nextgen_prospective__nextgen_prospective_010__cluster_3water__cooperative,cooperative,3.705540864406823,-4.354930381616792,0.9166791812356134,1.3430827574496682
nextgen_prospective_010,nextgen_prospective__nextgen_prospective_010__cluster_3water__cooperative,cooperative,0.9462714518619095,-3.550624677565267,-1.9393559950078298,-1.9844448732240623
nextgen_prospective_010,nextgen_prospective__nextgen_prospective_010__cluster_3water__cooperative,cooperative,2.4676045791010455,-4.544551894003048,-0.025174520031701064,0.2504434295384122
nextgen_prospective_010,nextgen_prospective__nextgen_prospective_010__cluster_3water__cooperative,cooperative,0.635994731031657,-2.3298304962598246,-5.5728961891685636,-5.4918467856154125
nextgen_prospective_010,nextgen_prospective__nextgen_prospective_010__cluster_3water__cooperative,cooperative,4.116605550296003,-3.792261356556164,1.3847670085553876,1.9212512740904666
nextgen_prospective_010,nextgen_prospective__nextgen_prospective_010__cluster_3water__cooperative,cooperative,1.4613494687744621,-3.799532414260503,-1.2422899033825985,-1.0983032576073137
nextgen_prospective_010,nextgen_prospective__nextgen_prospective_010__cluster_3water__cooperative,cooperative,2.9226389590183834,-3.7476181697225637,0.20069764301489101,0.5275830709652956
nextgen_prospective_010,nextgen_prospective__nextgen_prospective_010__cluster_3water__cooperative,cooperative,1.6095820337397355,-2.60568394903506,-2.215399515013594,-1.9414524941393458
nextgen_prospective_010,nextgen_prospective__nextgen_prospective_010__cluster_3water__cooperative,cooperative,3.0818871694977354,-2.520552808151614,0.264486533078756,0.5727106242502064
nextgen_prospective_010,nextgen_prospective__nextgen_prospective_010__cluster_3water__cooperative,cooperative,4.970568236656659,-1.5021613141175991,3.4393232778078264,3.0901937201638416
nextgen_prospective_010,nextgen_prospective__nextgen_prospective_010__cluster_3water__cooperative,cooperative,5.3653973381003555,-2.5767016304908177,2.7735815444351886,2.9875233982849356
nextgen_prospective_010,nextgen_prospective__nextgen_prospective_010__cluster_3water__cooperative,cooperative,5.8802572676999665,-0.9996029013468573,3.9756555044481168,3.5559127069325642
nextgen_prospective_010,nextgen_prospective__nextgen_prospective_010__cluster_3water__cooperative,cooperative,6.3229254936289685,-2.4384915654078747,2.914811406376394,3.215367043452144
nextgen_prospective_010,nextgen_prospective__nextgen_prospective_010__cluster_3water__cooperative,cooperative,4.563383929878566,-3.042826027736275,2.5320578769028046,3.27200404174152
nextgen_prospective_010,nextgen_prospective__nextgen_prospective_010__cluster_3water__cooperative,cooperative,6.635386169349228,-1.203931451064845,3.687674128127316,3.786058418938142
nextgen_prospective_010,nextgen_prospective__nextgen_prospective_010__cluster_3water__cooperative,cooperative,5.871759470012195,-3.1726813347011533,2.5970442568015173,3.118882485395616
nextgen_prospective_010,nextgen_prospective__nextgen_prospective_010__cluster_3water__cooperative,cooperative,6.77757739154336,-2.0312802434670383,3.1463188474818438,3.507697430343314
nextgen_prospective_010,nextgen_prospective__nextgen_prospective_010__cluster_3water__cooperative,cooperative,4.908920136996591,-3.3201647332237965,2.409847141090715,3.0864222816837055
nextgen_prospective_010,nextgen_prospective__nextgen_prospective_010__cluster_3water__cooperative,cooperative,6.357421007476769,-0.5863021248870582,4.599871094782326,4.911141587078434
nextgen_prospective_010,nextgen_prospective__nextgen_prospective_010__cluster_3water__cooperative,cooperative,6.191476447926003,-2.7350498707651085,2.803389726969918,3.2347051011716563
nextgen_prospective_010,nextgen_prospective__nextgen_prospective_010__cluster_3water__cooperative,cooperative,4.126277273409249,-2.7407051378684844,2.390223654682222,3.386561252553434
nextgen_prospective_010,nextgen_prospective__nextgen_prospective_010__cluster_3water__cooperative,cooperative,6.389821737535068,-1.4116014367337528,3.632110866301552,3.756929262085327
nextgen_prospective_010,nextgen_prospective__nextgen_prospective_010__cluster_3water__cooperative,cooperative,5.262835765821188,-2.7003273921167534,2.692115271879292,3.010472369910543
nextgen_prospective_010,nextgen_prospective__nextgen_prospective_010__cluster_3water__cooperative,cooperative,5.386695485082907,-1.7459432220060147,3.364049865792751,3.245113346314979
nextgen_prospective_010,nextgen_prospective__nextgen_prospective_010__cluster_3water__cooperative,cooperative,4.922263636123258,-1.4503947784437619,2.6345317973646143,2.3197794344750213
nextgen_prospective_010,nextgen_prospective__nextgen_prospective_010__cluster_3water__cooperative,cooperative,5.429901052265155,-2.8319466137807563,2.120382077144045,2.2457374483993955
nextgen_prospective_010,nextgen_prospective__nextgen_prospective_010__cluster_3water__cooperative,cooperative,6.091863818893227,-0.804248247738522,3.2741477645192862,2.882030014011462
nextgen_prospective_010,nextgen_prospective__nextgen_prospective_010__cluster_3water__cooperative,cooperative,3.862184931137721,-2.0771968087157053,2.147870635149207,2.4502052317105574
nextgen_prospective_010,nextgen_prospective__nextgen_prospective_010__cluster_3water__cooperative,cooperative,6.661008680801943,-2.6542479586741154,2.303083519870741,2.464287301390841
nextgen_prospective_010,nextgen_prospective__nextgen_prospective_010__cluster_3water__cooperative,cooperative,4.3987409559799975,-3.4312494102392015,1.8890284103063593,2.43828534851564
nextgen_prospective_010,nextgen_prospective__nextgen_prospective_010__cluster_3water__cooperative,cooperative,7.062743835299419,-1.0669563830902202,3.0732419188970184,3.0945609333742934
nextgen_prospective_010,nextgen_prospective__nextgen_prospective_010__cluster_3water__cooperative,cooperative,6.08093807900895,-3.5982062334797598,2.0084003415599128,2.3397304680709796
nextgen_prospective_010,nextgen_prospective__nextgen_prospective_010__cluster_3water__cooperative,cooperative,7.245561120977588,-2.1306905447501836,2.547209937168393,2.7449992255595914
nextgen_prospective_010,nextgen_prospective__nextgen_prospective_010__cluster_3water__cooperative,cooperative,4.843001793703172,-3.7878277458660157,1.7974968338410058,2.2914086699513216
nextgen_prospective_010,nextgen_prospective__nextgen_prospective_010__cluster_3water__cooperative,cooperative,6.705360055749114,-0.2728615351473516,4.156315997434046,4.4693923106789955
nextgen_prospective_010,nextgen_prospective__nextgen_prospective_010__cluster_3water__cooperative,cooperative,6.492002764898131,-3.0355372084191323,2.2074760692929463,2.462154861977899
nextgen_prospective_010,nextgen_prospective__nextgen_prospective_010__cluster_3water__cooperative,cooperative,3.836746683376588,-3.0428082661234708,1.6364903487398053,2.380719646450671
nextgen_prospective_010,nextgen_prospective__nextgen_prospective_010__cluster_3water__cooperative,cooperative,6.747018137252644,-1.3339606503788164,3.0160268748251617,3.05367300398596
nextgen_prospective_010,nextgen_prospective__nextgen_prospective_010__cluster_3water__cooperative,cooperative,5.298036173620511,-2.990894021585532,2.0509462873399276,2.257251470186663
nextgen_prospective_010,nextgen_prospective__nextgen_prospective_010__cluster_3water__cooperative,cooperative,5.583901184163432,-0.43920396706328957,4.213111925216895,3.681556771391632
nextgen_prospective_010,nextgen_prospective__nextgen_prospective_010__cluster_3water__cooperative,cooperative,3.9849792483418627,-1.8489598008980281,1.9178340357748347,2.0674503013396657
nextgen_prospective_010,nextgen_prospective__nextgen_prospective_010__cluster_3water__cooperative,cooperative,5.457284384099863,-1.7638286600145823,2.6657816297692705,2.5271315164958508
nextgen_prospective_010,nextgen_prospective__nextgen_prospective_010__cluster_3water__cooperative,cooperative,5.404274109367093,0.9407650652777882,4.153224295342373,3.297405177933207
nextgen_prospective_010,nextgen_prospective__nextgen_prospective_010__cluster_3water__cooperative,cooperative,5.79910321081079,-0.13377525109542937,4.716007509282916,4.0327249725515895
nextgen_prospective_010,nextgen_prospective__nextgen_prospective_010__cluster_3water__cooperative,cooperative,6.3139631404104,1.4433234780485305,3.5374894731590167,3.3453585742341647
nextgen_prospective_010,nextgen_prospective__nextgen_prospective_010__cluster_3water__cooperative,cooperative,6.756631366339402,0.004434813987513331,3.8807435348213737,3.8998345920194524
nextgen_prospective_010,nextgen_prospective__nextgen_prospective_010__cluster_3water__cooperative,cooperative,5.318644182787936,2.0013867628079445,3.88493105894816,3.633285307257363
nextgen_prospective_010,nextgen_prospective__nextgen_prospective_010__cluster_3water__cooperative,cooperative,7.069092042059662,1.2389949283305428,3.3569053780813096,3.5278428519052425
nextgen_prospective_010,nextgen_prospective__nextgen_prospective_010__cluster_3water__cooperative,cooperative,6.305465342722629,-0.7297549553057641,4.650786716262845,4.932070556573619
nextgen_prospective_010,nextgen_prospective__nextgen_prospective_010__cluster_3water__cooperative,cooperative,6.0951973322571495,2.3074984674899084,3.4494861929590392,3.506360122813727
nextgen_prospective_010,nextgen_prospective__nextgen_prospective_010__cluster_3water__cooperative,cooperative,7.211283264253794,0.4116461359283498,3.487010568983706,3.7676708859999017
nextgen_prospective_010,nextgen_prospective__nextgen_prospective_010__cluster_3water__cooperative,cooperative,6.7911268801872025,1.8566242545083294,3.282535848836865,3.4956311559242326
nextgen_prospective_010,nextgen_prospective__nextgen_prospective_010__cluster_3water__cooperative,cooperative,6.625182320636437,-0.29212349136972104,3.917910833038496,4.051464022445965
nextgen_prospective_010,nextgen_prospective__nextgen_prospective_010__cluster_3water__cooperative,cooperative,5.4259820677695405,2.330270255386529,3.803578991597112,3.9105440122247397
nextgen_prospective_010,nextgen_prospective__nextgen_prospective_010__cluster_3water__cooperative,cooperative,6.8235276102455025,1.0313249426616358,3.38517176603248,3.561237191856259
nextgen_prospective_010,nextgen_prospective__nextgen_prospective_010__cluster_3water__cooperative,cooperative,5.696541638531622,-0.2574010127213657,4.370301275041566,3.918311574632162
nextgen_prospective_010,nextgen_prospective__nextgen_prospective_010__cluster_3water__cooperative,cooperative,5.918881091176118,1.7272468074626,3.508137029720304,3.483011513421575
nextgen_prospective_010,nextgen_prospective__nextgen_prospective_010__cluster_3water__cooperative,cooperative,5.82040135779334,0.6969831573893721,3.737732508101388,3.457347055945966
nextgen_prospective_010,nextgen_prospective__nextgen_prospective_010__cluster_3water__cooperative,cooperative,5.3559695088336925,0.9925316009516256,3.211479618163038,2.573162824684075
nextgen_prospective_010,nextgen_prospective__nextgen_prospective_010__cluster_3water__cooperative,cooperative,5.863606924975589,-0.3890202343853679,3.902100471258052,3.2829451659487456
nextgen_prospective_010,nextgen_prospective__nextgen_prospective_010__cluster_3water__cooperative,cooperative,6.5255696916036605,1.6386781316568662,2.8059066088854667,2.6327511594217534
nextgen_prospective_010,nextgen_prospective__nextgen_prospective_010__cluster_3water__cooperative,cooperative,7.094714553512375,-0.21132157927872763,3.180406895486154,3.1305678896955116
nextgen_prospective_010,nextgen_prospective__nextgen_prospective_010__cluster_3water__cooperative,cooperative,5.245873888946204,2.3561880692046833,3.1210640970602554,2.9649082634900914
nextgen_prospective_010,nextgen_prospective__nextgen_prospective_010__cluster_3water__cooperative,cooperative,7.4964497080098536,1.375969996305167,2.6867027606338745,2.743869685911114
nextgen_prospective_010,nextgen_prospective__nextgen_prospective_010__cluster_3water__cooperative,cooperative,6.514643951719383,-1.155279854084371,4.115267429301683,4.409358322912462
nextgen_prospective_010,nextgen_prospective__nextgen_prospective_010__cluster_3water__cooperative,cooperative,6.244299366835193,2.7497602609386367,2.782752499627117,2.8142399641050377
nextgen_prospective_010,nextgen_prospective__nextgen_prospective_010__cluster_3water__cooperative,cooperative,7.679266993688022,0.31223583464520505,2.819415410197257,2.947424842426765
nextgen_prospective_010,nextgen_prospective__nextgen_prospective_010__cluster_3water__cooperative,cooperative,7.139065928459549,2.170064844248036,2.630406599433588,2.729373949663119
nextgen_prospective_010,nextgen_prospective__nextgen_prospective_010__cluster_3water__cooperative,cooperative,6.925708637608563,-0.5926108290237437,3.224729043128649,3.265737952049247
nextgen_prospective_010,nextgen_prospective__nextgen_prospective_010__cluster_3water__cooperative,cooperative,5.383879741065411,2.779038273948578,3.156787569819297,3.2463633907886145
nextgen_prospective_010,nextgen_prospective__nextgen_prospective_010__cluster_3water__cooperative,cooperative,7.180724009963076,1.1089657290165718,2.710290581578567,2.768937357363058
nextgen_prospective_010,nextgen_prospective__nextgen_prospective_010__cluster_3water__cooperative,cooperative,5.731742046330944,-0.5479676421901434,3.533850086566259,3.126459147147101
nextgen_prospective_010,nextgen_prospective__nextgen_prospective_010__cluster_3water__cooperative,cooperative,6.017607056873868,2.003722412332098,2.8153615770201146,2.765486551807111
nextgen_prospective_010,nextgen_prospective__nextgen_prospective_010__cluster_3water__cooperative,cooperative,4.418685121052295,0.5939665784973597,3.259781671131501,2.566307333203825
nextgen_prospective_010,nextgen_prospective__nextgen_prospective_010__cluster_3water__cooperative,cooperative,5.890990256810298,0.6790977193808063,2.9573175502839444,2.704557181344703
nextgen_prospective_010,nextgen_prospective__nextgen_prospective_010__cluster_3water__cooperative,cooperative,-1.5748856691107815,-0.1595423805355701,-5.44668859845121,-4.748429348165448
nextgen_prospective_010,nextgen_prospective__nextgen_prospective_010__cluster_3water__cooperative,cooperative,-1.074768807282099,-1.5206267812749787,-5.171637842028787,-4.662683891772617
nextgen_prospective_010,nextgen_prospective__nextgen_prospective_010__cluster_3water__cooperative,cooperative,-0.4226128964559249,0.47703160897403696,-9.465053462023754,-10.06609627884157
nextgen_prospective_010,nextgen_prospective__nextgen_prospective_010__cluster_3water__cooperative,cooperative,-2.6192595043928293,-0.7770584548034845,-3.8452338174312928,-3.5512697865165594
nextgen_prospective_010,nextgen_prospective__nextgen_prospective_010__cluster_3water__cooperative,cooperative,-1.6833502427777143,1.183911769669294,-5.8987460914652345,-5.196231727095314
nextgen_prospective_010,nextgen_prospective__nextgen_prospective_010__cluster_3water__cooperative,cooperative,-2.090652457696365,-2.111051017785891,-3.3802368385345005,-3.0581959284791527
nextgen_prospective_010,nextgen_prospective__nextgen_prospective_010__cluster_3water__cooperative,cooperative,-0.4333767735271018,-2.2755344066080703,-5.018591410580697,-4.891539949642637
nextgen_prospective_010,nextgen_prospective__nextgen_prospective_010__cluster_3water__cooperative,cooperative,-0.699716253450044,1.5716532622664487,-9.340829997109168,-10.082657252360793
nextgen_prospective_010,nextgen_prospective__nextgen_prospective_010__cluster_3water__cooperative,cooperative,-1.6529732620135336,-2.462346711403418,-2.611961841920696,-2.4745483268548836
nextgen_prospective_010,nextgen_prospective__nextgen_prospective_010__cluster_3water__cooperative,cooperative,-1.547388921801015,1.6004975269355015,-3.2182282615318414,-3.3951723564504532
nextgen_prospective_010,nextgen_prospective__nextgen_prospective_010__cluster_3water__cooperative,cooperative,-2.644320889224167,-1.7283645572866901,-1.7110179740118525,-1.7518730929747803
nextgen_prospective_010,nextgen_prospective__nextgen_prospective_010__cluster_3water__cooperative,cooperative,0.22283543200187053,-0.044833202516030415,-4.782727082996985,-5.514986548922843
nextgen_prospective_010,nextgen_prospective__nextgen_prospective_010__cluster_3water__cooperative,cooperative,-2.8230069450766653,0.6230709924587278,-1.7611702954871689,-2.287740842943469
nextgen_prospective_010,nextgen_prospective__nextgen_prospective_010__cluster_3water__cooperative,cooperative,-1.2046801321690448,-1.6772194126678313,-1.8766528433866725,-2.2379646178292494
nextgen_prospective_010,nextgen_prospective__nextgen_prospective_010__cluster_3water__cooperative,cooperative,-0.9230501588193505,0.836667826231858,-2.15179818615141,-3.003271915527368
nextgen_prospective_010,nextgen_prospective__nextgen_prospective_010__cluster_3water__cooperative,cooperative,-2.4982843622583797,-0.5522027359905134,-1.257178301038664,-1.8001558116306107
nextgen_prospective_010,nextgen_prospective__nextgen_prospective_010__cluster_3water__cooperative,cooperative,-1.047791154437535,-0.46833279719422977,-1.5963801809055767,-2.3629167357320786
nextgen_prospective_010,nextgen_prospective__nextgen_prospective_010__cluster_3water__cooperative,cooperative,-1.6360714964530885,-0.09397143534870939,-4.152094559965569,-3.7815523861247318
nextgen_prospective_010,nextgen_prospective__nextgen_prospective_010__cluster_3water__cooperative,cooperative,-0.9930641026733532,-1.8439370934422352,-3.8723192932508255,-3.645758869705624
nextgen_prospective_010,nextgen_prospective__nextgen_prospective_010__cluster_3water__cooperative,cooperative,-0.15457793161112968,0.7244808368779283,-7.1277078140439265,-7.098074918028211
nextgen_prospective_010,nextgen_prospective__nextgen_prospective_010__cluster_3water__cooperative,cooperative,-2.978837856101436,-0.8879206736931704,-3.0052326099783144,-2.8586361411282213
nextgen_prospective_010,nextgen_prospective__nextgen_prospective_010__cluster_3water__cooperative,cooperative,0.5663388934732443,-1.6188521303071572,-6.378369072992829,-6.864307794209788
nextgen_prospective_010,nextgen_prospective__nextgen_prospective_010__cluster_3water__cooperative,cooperative,-1.775525948310574,1.6333267577718313,-4.513959021404723,-4.112915863604829
nextgen_prospective_010,nextgen_prospective__nextgen_prospective_010__cluster_3water__cooperative,cooperative,-2.2992002246345535,-2.603053968956266,-2.6289734247813,-2.4298895489773256
nextgen_prospective_010,nextgen_prospective__nextgen_prospective_010__cluster_3water__cooperative,cooperative,-0.16841720213121342,-2.8145326117276386,-3.761021696155886,-3.728437123748525
nextgen_prospective_010,nextgen_prospective__nextgen_prospective_010__cluster_3water__cooperative,cooperative,-2.9394378265132843,1.8330191568552832,-2.7613396850103555,-2.1835170479187385
nextgen_prospective_010,nextgen_prospective__nextgen_prospective_010__cluster_3water__cooperative,cooperative,-1.7364698301851984,-3.0547198607502293,-2.1136775085057735,-2.0444178006088243
nextgen_prospective_010,nextgen_prospective__nextgen_prospective_010__cluster_3water__cooperative,cooperative,0.35226473332841485,-2.101818513317511,-3.846699479972404,-3.7587236457402184
nextgen_prospective_010,nextgen_prospective__nextgen_prospective_010__cluster_3water__cooperative,cooperative,-1.6007185356262454,2.168937017114097,-2.477764291989537,-2.639769838518253
nextgen_prospective_010,nextgen_prospective__nextgen_prospective_010__cluster_3water__cooperative,cooperative,-3.01105963659887,-2.111028519743007,-1.4419482294432129,-1.4390365395945308
nextgen_prospective_010,nextgen_prospective__nextgen_prospective_010__cluster_3water__cooperative,cooperative,0.6752842049774648,0.05351179353355587,-3.8145066548351814,-4.065298406400496
nextgen_prospective_010,nextgen_prospective__nextgen_prospective_010__cluster_3water__cooperative,cooperative,-3.2407988512663675,0.9122457585011025,-1.4470925578269345,-1.8643229941530957
nextgen_prospective_010,nextgen_prospective__nextgen_prospective_010__cluster_3water__cooperative,cooperative,-1.1600929489565701,-2.0452704766616177,-1.6553267751246992,-1.8955567497395267
nextgen_prospective_010,nextgen_prospective__nextgen_prospective_010__cluster_3water__cooperative,cooperative,-0.7979972689355337,1.1868702590665556,-1.7021317609784425,-2.3212108867982795
nextgen_prospective_010,nextgen_prospective__nextgen_prospective_010__cluster_3water__cooperative,cooperative,-2.8232983876428572,-0.5988204637907795,-1.1316579794549142,-1.5190810504240824
nextgen_prospective_010,nextgen_prospective__nextgen_prospective_010__cluster_3water__cooperative,cooperative,-0.9583785490160563,-0.4909876853384146,-1.4331202546968846,-1.9318251459168982
nextgen_prospective_010,nextgen_prospective__nextgen_prospective_010__cluster_3water__cooperative,cooperative,-0.9820053051170256,0.4056536341647671,-6.4762481735876065,-6.127545742738926
nextgen_prospective_010,nextgen_prospective__nextgen_prospective_010__cluster_3water__cooperative,cooperative,-0.5871762036733287,-0.6688866822084507,-7.149048789476531,-6.7737922696166395
nextgen_prospective_010,nextgen_prospective__nextgen_prospective_010__cluster_3water__cooperative,cooperative,-0.07231627407371755,0.9082120469355093,-8.901187389293241,-9.152398359604717
nextgen_prospective_010,nextgen_prospective__nextgen_prospective_010__cluster_3water__cooperative,cooperative,-1.806510964550221,-0.08185905604674434,-5.632719702160394,-4.70167931306036
nextgen_prospective_010,nextgen_prospective__nextgen_prospective_010__cluster_3water__cooperative,cooperative,-1.0676352316961828,1.4662753316949233,-6.777131068829156,-6.640073185383014
nextgen_prospective_010,nextgen_prospective__nextgen_prospective_010__cluster_3water__cooperative,cooperative,-2.201675797183613,0.7639613071206989,-5.114040701199585,-4.1204435285619425
nextgen_prospective_010,nextgen_prospective__nextgen_prospective_010__cluster_3water__cooperative,cooperative,-1.7823179639259172,1.5888934714830079,-5.091436773167146,-4.5049650785346245
nextgen_prospective_010,nextgen_prospective__nextgen_prospective_010__cluster_3water__cooperative,cooperative,-0.9602973467145781,1.7951588242735075,-5.743716913111818,-5.820058565189095
nextgen_prospective_010,nextgen_prospective__nextgen_prospective_010__cluster_3water__cooperative,cooperative,0.43724819576138396,0.49621351154861404,-8.888306575772553,-9.63939170986529
nextgen_prospective_010,nextgen_prospective__nextgen_prospective_010__cluster_3water__cooperative,cooperative,-1.9673642071953552,1.0235062970550024,-3.386073295859049,-3.1271583299045487
nextgen_prospective_010,nextgen_prospective__nextgen_prospective_010__cluster_3water__cooperative,cooperative,-0.4673983233080008,1.1921353763495786,-4.9480013387164234,-5.630674026659377
nextgen_prospective_010,nextgen_prospective__nextgen_prospective_010__cluster_3water__cooperative,cooperative,-1.0303099056504257,0.4574201698386044,-4.978909234616857,-4.685345070823648
nextgen_prospective_010,nextgen_prospective__nextgen_prospective_010__cluster_3water__cooperative,cooperative,-0.5226724895085295,-0.9241316654983897,-5.477134671725281,-5.254433700146957
nextgen_prospective_010,nextgen_prospective__nextgen_prospective_010__cluster_3water__cooperative,cooperative,0.13929027711954192,1.1035667005438443,-6.739997973345346,-6.567658663553158
nextgen_prospective_010,nextgen_prospective__nextgen_prospective_010__cluster_3water__cooperative,cooperative,-2.090388610635963,-0.16938186043333897,-4.397326002977486,-3.86343289044576
nextgen_prospective_010,nextgen_prospective__nextgen_prospective_010__cluster_3water__cooperative,cooperative,0.7084351390282578,-0.7464330103917493,-8.290516604535725,-8.706315296466355
nextgen_prospective_010,nextgen_prospective__nextgen_prospective_010__cluster_3water__cooperative,cooperative,-1.140405525537914,1.8210766380916625,-5.1485641849033925,-4.9116224314950285
nextgen_prospective_010,nextgen_prospective__nextgen_prospective_010__cluster_3water__cooperative,cooperative,-1.5538325857936872,-1.5234344619568352,-4.8930810442229244,-4.259068338480557
nextgen_prospective_010,nextgen_prospective__nextgen_prospective_010__cluster_3water__cooperative,cooperative,-2.59845768116461,0.9181014636390885,-4.0730730016695915,-3.445347923581003
nextgen_prospective_010,nextgen_prospective__nextgen_prospective_010__cluster_3water__cooperative,cooperative,0.12836453723526503,-1.690391285197393,-8.300838383146214,-8.537788741078401
nextgen_prospective_010,nextgen_prospective__nextgen_prospective_010__cluster_3water__cooperative,cooperative,-2.630904875309648,-0.8860855811458681,-4.007798312312794,-3.96817223330234
nextgen_prospective_010,nextgen_prospective__nextgen_prospective_010__cluster_3water__cooperative,cooperative,-2.059283324119001,1.9787285321049142,-3.907767685764618,-3.479769462478882
nextgen_prospective_010,nextgen_prospective__nextgen_prospective_010__cluster_3water__cooperative,cooperative,-1.0023996734187073,2.2439268428355565,-4.083717636039097,-4.106820694437785
nextgen_prospective_010,nextgen_prospective__nextgen_prospective_010__cluster_3water__cooperative,cooperative,0.7944445954789585,0.5738542979035505,-7.0145580438807364,-7.431816499026331
nextgen_prospective_010,nextgen_prospective__nextgen_prospective_010__cluster_3water__cooperative,cooperative,-2.2971999226082778,1.2518021649831925,-2.6282998898796706,-2.656467418633348
nextgen_prospective_010,nextgen_prospective__nextgen_prospective_010__cluster_3water__cooperative,cooperative,-0.36867235761025097,1.4686109812190766,-3.4165134202082115,-4.056670688127152
nextgen_prospective_010,nextgen_prospective__nextgen_prospective_010__cluster_3water__cooperative,cooperative,-0.4952891576738214,0.14398628826778428,-2.6047346268214255,-3.6664427559456043
nextgen_prospective_010,nextgen_prospective__nextgen_prospective_010__cluster_3water__cooperative,cooperative,-0.5171574196487663,-1.9124732632989134,-5.938833063295235,-5.648422282151752
nextgen_prospective_010,nextgen_prospective__nextgen_prospective_010__cluster_3water__cooperative,cooperative,-1.3191708278705563,-2.3785976605443713,-3.7128932665950742,-3.3951839610243586
nextgen_prospective_010,nextgen_prospective__nextgen_prospective_010__cluster_3water__cooperative,cooperative,-0.010795287736926475,-2.5084529675092493,-4.455613390579316,-4.426526619947309
nextgen_prospective_010,nextgen_prospective__nextgen_prospective_010__cluster_3water__cooperative,cooperative,-2.1568937197163036,-1.8828818643580643,-2.8027676352273545,-2.6212547444777434
nextgen_prospective_010,nextgen_prospective__nextgen_prospective_010__cluster_3water__cooperative,cooperative,-0.973634620752531,-2.6559363660318924,-2.741435066874409,-2.735118819274662
nextgen_prospective_010,nextgen_prospective__nextgen_prospective_010__cluster_3water__cooperative,cooperative,0.4748662497276468,0.07792624230484517,-8.693785180885705,-9.344797551966842
nextgen_prospective_010,nextgen_prospective__nextgen_prospective_010__cluster_3water__cooperative,cooperative,0.3089216901768803,-2.0708215035732054,-4.144705498532186,-4.073008045813386
nextgen_prospective_010,nextgen_prospective__nextgen_prospective_010__cluster_3water__cooperative,cooperative,-1.7562774843398736,-2.0764767706765803,-1.9445882569826267,-2.0236741501990667
nextgen_prospective_010,nextgen_prospective__nextgen_prospective_010__cluster_3water__cooperative,cooperative,0.507266979785946,-0.7473730695418489,-5.260374014484981,-5.239699287883653
nextgen_prospective_010,nextgen_prospective__nextgen_prospective_010__cluster_3water__cooperative,cooperative,-0.6197189919279344,-2.03609902492485,-2.325261054934913,-2.607388593743017
nextgen_prospective_010,nextgen_prospective__nextgen_prospective_010__cluster_3water__cooperative,cooperative,-0.3973795392834387,-0.05145120474088427,-2.6958834150256905,-3.7089976067034898
nextgen_prospective_010,nextgen_prospective__nextgen_prospective_010__cluster_3water__cooperative,cooperative,-1.6409854893668827,-1.1479279643901252,-1.4426793891821887,-1.9443774065635027
nextgen_prospective_010,nextgen_prospective__nextgen_prospective_010__cluster_3water__cooperative,cooperative,-0.49585927266621604,-1.0817148548141116,-2.2318525353206553,-2.818136899811478
nextgen_prospective_010,nextgen_prospective__nextgen_prospective_010__cluster_3water__cooperative,cooperative,-0.9602911216258637,-0.7861664112518586,-6.864106537608272,-6.085644019925184
nextgen_prospective_010,nextgen_prospective__nextgen_prospective_010__cluster_3water__cooperative,cooperative,-0.45265370548396766,-2.1677182465888527,-4.7181983678825645,-4.588652250273593
nextgen_prospective_010,nextgen_prospective__nextgen_prospective_010__cluster_3water__cooperative,cooperative,0.20930906114410386,-0.14001988054661849,-11.605672248961696,-12.562972010986831
nextgen_prospective_010,nextgen_prospective__nextgen_prospective_010__cluster_3water__cooperative,cooperative,-2.0203698266114007,-1.4129684415238015,-4.438890059643263,-3.9049457962090828
nextgen_prospective_010,nextgen_prospective__nextgen_prospective_010__cluster_3water__cooperative,cooperative,0.7784539230528199,-1.9900195914822123,-6.596227125665433,-6.969829318623016
nextgen_prospective_010,nextgen_prospective__nextgen_prospective_010__cluster_3water__cooperative,cooperative,-1.4838138017691251,-2.7670210430472983,-3.0391229533481834,-2.831644532592585
nextgen_prospective_010,nextgen_prospective__nextgen_prospective_010__cluster_3water__cooperative,cooperative,0.19838332125982686,-2.9339778662878557,-3.4645698759803167,-3.4285771204852407
nextgen_prospective_010,nextgen_prospective__nextgen_prospective_010__cluster_3water__cooperative,cooperative,-2.560886091285086,-2.1296721622363313,-2.415907336517087,-2.217149284187849
nextgen_prospective_010,nextgen_prospective__nextgen_prospective_010__cluster_3water__cooperative,cooperative,-1.0395529640459504,-3.123599378674111,-2.24559415394765,-2.2307790246499866
nextgen_prospective_010,nextgen_prospective__nextgen_prospective_010__cluster_3water__cooperative,cooperative,0.8228052979999925,0.39136683204455164,-7.839244852103633,-8.217030784841008
nextgen_prospective_010,nextgen_prospective__nextgen_prospective_010__cluster_3water__cooperative,cooperative,0.6094480071490075,-2.371308841227228,-3.2436124913504116,-3.063586047385076
nextgen_prospective_010,nextgen_prospective__nextgen_prospective_010__cluster_3water__cooperative,cooperative,-0.9323808893941453,1.0003402617450938,-3.1711512318626234,-3.9485854315173126
nextgen_prospective_010,nextgen_prospective__nextgen_prospective_010__cluster_3water__cooperative,cooperative,-2.045808074372533,-2.3785798989315667,-1.681097051797309,-1.7519901255495436
nextgen_prospective_010,nextgen_prospective__nextgen_prospective_010__cluster_3water__cooperative,cooperative,0.8644633795035204,-0.6697322831869124,-4.26431816329087,-3.995740474629363
nextgen_prospective_010,nextgen_prospective__nextgen_prospective_010__cluster_3water__cooperative,cooperative,-2.227181138583716,0.00821558389272975,-1.3224439616728034,-2.04113731934733
nextgen_prospective_010,nextgen_prospective__nextgen_prospective_010__cluster_3water__cooperative,cooperative,-0.5845185841286119,-2.326665654393628,-1.910534160925348,-2.076995593753039
nextgen_prospective_010,nextgen_prospective__nextgen_prospective_010__cluster_3water__cooperative,cooperative,-0.298653573585689,0.22502440012861383,-2.2596378399688533,-3.022422115314442
nextgen_prospective_010,nextgen_prospective__nextgen_prospective_010__cluster_3water__cooperative,cooperative,-1.89757550940726,-1.1847314337061245,-1.3205266519191738,-1.7296661475766875
nextgen_prospective_010,nextgen_prospective__nextgen_prospective_010__cluster_3water__cooperative,cooperative,-0.4252703736492594,-1.0996002928226787,-1.8512307047999776,-2.2431338605511053
nextgen_prospective_010,nextgen_prospective__nextgen_prospective_010__cluster_3water__cooperative,cooperative,-4.462317871271717,0.17469414672927366,-1.9158954610567491,-1.9179093885403398
nextgen_prospective_010,nextgen_prospective__nextgen_prospective_010__cluster_3water__cooperative,cooperative,-3.962201009443034,-1.1863902540101348,-2.1160549327556843,-2.1767130770701213
nextgen_prospective_010,nextgen_prospective__nextgen_prospective_010__cluster_3water__cooperative,cooperative,-3.31004509861686,0.811268136238881,-2.977916406519121,-2.7172245289575536
nextgen_prospective_010,nextgen_prospective__nextgen_prospective_010__cluster_3water__cooperative,cooperative,-5.506691706553764,-0.4428219275386406,-1.3692176012090052,-1.5247667397716522
nextgen_prospective_010,nextgen_prospective__nextgen_prospective_010__cluster_3water__cooperative,cooperative,-2.7493320124401257,-1.0113241715717411,-3.6436911828054974,-3.496457201593585
nextgen_prospective_010,nextgen_prospective__nextgen_prospective_010__cluster_3water__cooperative,cooperative,-4.57078244493865,1.5181482969341376,-1.7773726751433294,-1.5505078895169302
nextgen_prospective_010,nextgen_prospective__nextgen_prospective_010__cluster_3water__cooperative,cooperative,-4.9780846598573,-1.7768144905210477,-1.3815513753789865,-1.2372411866083095
nextgen_prospective_010,nextgen_prospective__nextgen_prospective_010__cluster_3water__cooperative,cooperative,-2.353548489861129,0.5524519732627627,-5.011572699554101,-3.9543885227636073
nextgen_prospective_010,nextgen_prospective__nextgen_prospective_010__cluster_3water__cooperative,cooperative,-3.3208089756880366,-1.9412978793432265,-2.205104344366049,-1.9309014588194637
nextgen_prospective_010,nextgen_prospective__nextgen_prospective_010__cluster_3water__cooperative,cooperative,-3.587148455610979,1.9058897895312927,-2.3135865404544376,-1.742226102182093
nextgen_prospective_010,nextgen_prospective__nextgen_prospective_010__cluster_3water__cooperative,cooperative,-5.476047239096313,1.6734646073323791,-1.1958005692478402,-0.7306078565093995
nextgen_prospective_010,nextgen_prospective__nextgen_prospective_010__cluster_3water__cooperative,cooperative,-4.540405464174468,-2.128110184138574,-1.2547210156217403,-0.8992173337984277
nextgen_prospective_010,nextgen_prospective__nextgen_prospective_010__cluster_3water__cooperative,cooperative,-2.705637694899577,1.3347824530879588,-2.8271642319861456,-2.4557173521203586
nextgen_prospective_010,nextgen_prospective__nextgen_prospective_010__cluster_3water__cooperative,cooperative,-2.9158341369972143,-1.3869646916909053,-1.7922825784211227,-1.7354579388445026
nextgen_prospective_010,nextgen_prospective__nextgen_prospective_010__cluster_3water__cooperative,cooperative,-4.434821123961951,1.9347340542003455,-1.347834586090002,-1.2605590180209707
nextgen_prospective_010,nextgen_prospective__nextgen_prospective_010__cluster_3water__cooperative,cooperative,-5.531753091385103,-1.3941280300218462,-0.8662804547783232,-0.05689388055644018
nextgen_prospective_010,nextgen_prospective__nextgen_prospective_010__cluster_3water__cooperative,cooperative,-2.664596770159065,0.28940332474881325,-1.6631185392697034,-2.3065625331584783
nextgen_prospective_010,nextgen_prospective__nextgen_prospective_010__cluster_3water__cooperative,cooperative,-5.710439147237599,0.9573075197235714,-0.8460765815079263,-0.9264219468490822
nextgen_prospective_010,nextgen_prospective__nextgen_prospective_010__cluster_3water__cooperative,cooperative,-4.09211233432998,-1.3429828854029873,-1.0829454895846524,-1.1379501459373336
nextgen_prospective_010,nextgen_prospective__nextgen_prospective_010__cluster_3water__cooperative,cooperative,-3.8104823609802856,1.1709043534967019,-1.2600929714272624,-1.569111048947677
nextgen_prospective_010,nextgen_prospective__nextgen_prospective_010__cluster_3water__cooperative,cooperative,-5.385716564419315,-0.21796620872566932,-0.7665739752171774,-0.8851146451054637
nextgen_prospective_010,nextgen_prospective__nextgen_prospective_010__cluster_3water__cooperative,cooperative,-3.935223356598469,-0.1340962699293856,-1.0239622803140946,-1.4355675394032916
nextgen_prospective_010,nextgen_prospective__nextgen_prospective_010__cluster_3water__cooperative,cooperative,-4.523503698614024,0.24026509191613457,-1.7128703927773437,-1.6937065668281706
nextgen_prospective_010,nextgen_prospective__nextgen_prospective_010__cluster_3water__cooperative,cooperative,-3.8804963048342884,-1.509700566177391,-1.941122632374892,-1.9135088589820426
nextgen_prospective_010,nextgen_prospective__nextgen_prospective_010__cluster_3water__cooperative,cooperative,-3.0420101337720644,1.058717364142772,-2.8547439966102317,-2.5760597735435584
nextgen_prospective_010,nextgen_prospective__nextgen_prospective_010__cluster_3water__cooperative,cooperative,-5.866270058262371,-0.5536841464283261,-1.2059471974801284,-1.4311401067603922
nextgen_prospective_010,nextgen_prospective__nextgen_prospective_010__cluster_3water__cooperative,cooperative,-2.3210933086876904,-1.2846156030423133,-3.8579150216948577,-3.4736269317365966
nextgen_prospective_010,nextgen_prospective__nextgen_prospective_010__cluster_3water__cooperative,cooperative,-4.66295815047151,1.967563285036675,-1.5745642800943926,-1.4243851814124222
nextgen_prospective_010,nextgen_prospective__nextgen_prospective_010__cluster_3water__cooperative,cooperative,-5.186632426795488,-2.268817441691422,-1.2406562341094052,-1.1533991777183268
nextgen_prospective_010,nextgen_prospective__nextgen_prospective_010__cluster_3water__cooperative,cooperative,-1.8122287796575534,0.7259537260306207,-6.412343713344981,-4.897648514535591
nextgen_prospective_010,nextgen_prospective__nextgen_prospective_010__cluster_3water__cooperative,cooperative,-3.0558494042921485,-2.480296084462795,-2.128654955905862,-1.9378686901601898
nextgen_prospective_010,nextgen_prospective__nextgen_prospective_010__cluster_3water__cooperative,cooperative,-3.3982858784787897,2.4660880612330165,-2.120387537980939,-1.789543809329037
nextgen_prospective_010,nextgen_prospective__nextgen_prospective_010__cluster_3water__cooperative,cooperative,-5.826870028674219,2.167255684120128,-1.041267502875698,-0.9201466092269572
nextgen_prospective_010,nextgen_prospective__nextgen_prospective_010__cluster_3water__cooperative,cooperative,-4.623902032346134,-2.7204833334853853,-1.1509483575671275,-0.9203740720396006
nextgen_prospective_010,nextgen_prospective__nextgen_prospective_010__cluster_3water__cooperative,cooperative,-2.2649149004212727,1.7318072000915872,-2.8732292366111523,-2.718964587442895
nextgen_prospective_010,nextgen_prospective__nextgen_prospective_010__cluster_3water__cooperative,cooperative,-2.5351674688325203,-1.767581986052667,-1.7090069999676771,-1.7747165378572463
nextgen_prospective_010,nextgen_prospective__nextgen_prospective_010__cluster_3water__cooperative,cooperative,-4.488150737787182,2.5031735443789414,-1.1892433167530747,-1.1529936044398694
nextgen_prospective_010,nextgen_prospective__nextgen_prospective_010__cluster_3water__cooperative,cooperative,-5.898491838759805,-1.776791992478163,-0.780308824740672,-0.377507248488431
nextgen_prospective_010,nextgen_prospective__nextgen_prospective_010__cluster_3water__cooperative,cooperative,-2.2121479971834703,0.3877483207983996,-1.4409172657678937,-2.1060451414384405
nextgen_prospective_010,nextgen_prospective__nextgen_prospective_010__cluster_3water__cooperative,cooperative,-6.128231053427302,1.2464822857659459,-0.7450831338644548,-0.9800750236891743
nextgen_prospective_010,nextgen_prospective__nextgen_prospective_010__cluster_3water__cooperative,cooperative,-4.0475251511175045,-1.7110339493967737,-1.0052818215768866,-1.060238472730349
nextgen_prospective_010,nextgen_prospective__nextgen_prospective_010__cluster_3water__cooperative,cooperative,-3.6854294710964686,1.5211067863313996,-1.1298407955231404,-1.3561539211006899
nextgen_prospective_010,nextgen_prospective__nextgen_prospective_010__cluster_3water__cooperative,cooperative,-5.710730589803792,-0.26458393652593554,-0.6992726700167928,-0.8569666826626806
nextgen_prospective_010,nextgen_prospective__nextgen_prospective_010__cluster_3water__cooperative,cooperative,-3.845810751176992,-0.15675115807357062,-0.9373012094062716,-1.229345743211388
nextgen_prospective_010,nextgen_prospective__nextgen_prospective_010__cluster_3water__cooperative,cooperative,-3.741162919547454,0.7896658267941427,-2.5224556856251468,-2.3749022943198845
nextgen_prospective_010,nextgen_prospective__nextgen_prospective_010__cluster_3water__cooperative,cooperative,-3.3463338181037576,-0.28487448957907446,-3.0767721866764575,-3.212130642772415
nextgen_prospective_010,nextgen_prospective__nextgen_prospective_010__cluster_3water__cooperative,cooperative,-2.8314738885041457,1.2922242395648849,-3.3915957287788956,-2.906377523507822
nextgen_prospective_010,nextgen_prospective__nextgen_prospective_010__cluster_3water__cooperative,cooperative,-2.388805662575144,-0.14666442449613198,-4.9482427523388495,-4.281164624988932
nextgen_prospective_010,nextgen_prospective__nextgen_prospective_010__cluster_3water__cooperative,cooperative,-3.826792846126612,1.8502875243242995,-2.1780055198226123,-1.8256804859232774
nextgen_prospective_010,nextgen_prospective__nextgen_prospective_010__cluster_3water__cooperative,cooperative,-2.076344986854885,1.0878956898468972,-5.197449232970719,-4.14893696800688
nextgen_prospective_010,nextgen_prospective__nextgen_prospective_010__cluster_3water__cooperative,cooperative,-4.960833411614042,1.147973499750076,-1.6039047686464691,-1.1985280064051975
nextgen_prospective_010,nextgen_prospective__nextgen_prospective_010__cluster_3water__cooperative,cooperative,-3.050239696657398,2.1563992290062632,-2.5802345653378467,-2.1250841754675878
nextgen_prospective_010,nextgen_prospective__nextgen_prospective_010__cluster_3water__cooperative,cooperative,-4.541475578356347,1.9729056641123843,-1.5813647308977608,-1.2775347069833143
nextgen_prospective_010,nextgen_prospective__nextgen_prospective_010__cluster_3water__cooperative,cooperative,-2.354310148727344,1.7055250160246842,-3.2267755373256435,-2.845487649081963
nextgen_prospective_010,nextgen_prospective__nextgen_prospective_010__cluster_3water__cooperative,cooperative,-3.7194549611450065,2.1791710169028837,-1.7554846147826986,-1.5252306254928683
nextgen_prospective_010,nextgen_prospective__nextgen_prospective_010__cluster_3water__cooperative,cooperative,-2.321909418669044,0.8802257041779896,-2.446444614441212,-2.628309113482685
nextgen_prospective_010,nextgen_prospective__nextgen_prospective_010__cluster_3water__cooperative,cooperative,-4.7265218216257825,1.4075184896843778,-1.2224023206672818,-1.1724029280742723
nextgen_prospective_010,nextgen_prospective__nextgen_prospective_010__cluster_3water__cooperative,cooperative,-3.2265559377384294,1.5761475689789544,-1.7535712546754567,-1.834764349310269
nextgen_prospective_010,nextgen_prospective__nextgen_prospective_010__cluster_3water__cooperative,cooperative,-3.3250356711212063,0.5458839189057272,-1.4641364023519898,-2.073022024643816
nextgen_prospective_010,nextgen_prospective__nextgen_prospective_010__cluster_3water__cooperative,cooperative,-3.7894675200808536,0.84143236246798,-2.263219033683317,-2.120994264766224
nextgen_prospective_010,nextgen_prospective__nextgen_prospective_010__cluster_3water__cooperative,cooperative,-3.281830103938958,-0.5401194728690142,-2.8523156743327505,-2.7982784181526856
nextgen_prospective_010,nextgen_prospective__nextgen_prospective_010__cluster_3water__cooperative,cooperative,-2.6198673373108865,1.48757889317322,-3.2700664126776857,-2.887577433543674
nextgen_prospective_010,nextgen_prospective__nextgen_prospective_010__cluster_3water__cooperative,cooperative,-4.849546225066391,0.21463033219603753,-1.7238239545407374,-1.7255409366901755
nextgen_prospective_010,nextgen_prospective__nextgen_prospective_010__cluster_3water__cooperative,cooperative,-2.0507224754021705,-0.3624208177623733,-5.426680135853346,-4.501171560472969
nextgen_prospective_010,nextgen_prospective__nextgen_prospective_010__cluster_3water__cooperative,cooperative,-3.899563139968343,2.205088830721039,-1.9270358221765704,-1.6819219648036083
nextgen_prospective_010,nextgen_prospective__nextgen_prospective_010__cluster_3water__cooperative,cooperative,-1.6489873209046937,1.2248707578215217,-6.249135298139308,-5.426936756130067
nextgen_prospective_010,nextgen_prospective__nextgen_prospective_010__cluster_3water__cooperative,cooperative,-5.357615295595039,1.3021136562684656,-1.3997604342819159,-1.065792355954538
nextgen_prospective_010,nextgen_prospective__nextgen_prospective_010__cluster_3water__cooperative,cooperative,-2.6307930771951638,-1.3063790925680168,-3.4845067014463993,-3.3520825920278154
nextgen_prospective_010,nextgen_prospective__nextgen_prospective_010__cluster_3water__cooperative,cooperative,-2.901137662079353,2.5986610224549915,-2.3649646971177773,-2.057235370268306
nextgen_prospective_010,nextgen_prospective__nextgen_prospective_010__cluster_3water__cooperative,cooperative,-4.81844093854943,2.362740724734291,-1.3622881736554682,-1.1641191551718064
nextgen_prospective_010,nextgen_prospective__nextgen_prospective_010__cluster_3water__cooperative,cooperative,-2.006371100454998,2.01896560576439,-3.2393701730049074,-3.0487818573012917
nextgen_prospective_010,nextgen_prospective__nextgen_prospective_010__cluster_3water__cooperative,cooperative,-3.7615572878491363,2.627939035464933,-1.5184241585597391,-1.396817665321156
nextgen_prospective_010,nextgen_prospective__nextgen_prospective_010__cluster_3water__cooperative,cooperative,-1.9647130189514699,0.9578664905329264,-2.19513721503084,-2.6084580227845757
nextgen_prospective_010,nextgen_prospective__nextgen_prospective_010__cluster_3water__cooperative,cooperative,-5.056357537038706,1.6358143576125677,-1.0503300997357634,-1.042742698158263
nextgen_prospective_010,nextgen_prospective__nextgen_prospective_010__cluster_3water__cooperative,cooperative,-3.4136949825836025,-0.6990668806737895,-1.3073042890892062,-1.753000171003091
nextgen_prospective_010,nextgen_prospective__nextgen_prospective_010__cluster_3water__cooperative,cooperative,-3.1278299720406793,1.852623173848452,-1.5239608166304208,-1.657609371775391
nextgen_prospective_010,nextgen_prospective__nextgen_prospective_010__cluster_3water__cooperative,cooperative,-4.72675190786225,0.4428673400137141,-0.9063806016045284,-1.210211999015849
nextgen_prospective_010,nextgen_prospective__nextgen_prospective_010__cluster_3water__cooperative,cooperative,-3.25444677210425,0.5279984808971605,-1.2619003413467667,-1.7372455431324787
nextgen_prospective_010,nextgen_prospective__nextgen_prospective_010__cluster_3water__cooperative,cooperative,-3.9314274080341933,-0.6714021829076952,-2.3880893749370635,-2.71477887646001
nextgen_prospective_010,nextgen_prospective__nextgen_prospective_010__cluster_3water__cooperative,cooperative,-3.536598306590497,-1.7459424992809123,-2.2711829419468366,-2.2376753983436473
nextgen_prospective_010,nextgen_prospective__nextgen_prospective_010__cluster_3water__cooperative,cooperative,-3.021738376990886,-0.1688437701369532,-3.7247376359159645,-3.9135850413494047
nextgen_prospective_010,nextgen_prospective__nextgen_prospective_010__cluster_3water__cooperative,cooperative,-4.75593306746739,-1.158914873119206,-1.608782586975721,-1.632884315727341
nextgen_prospective_010,nextgen_prospective__nextgen_prospective_010__cluster_3water__cooperative,cooperative,-2.5790701510618845,-1.6077324341979697,-3.3347168971609165,-3.1011846599602118
nextgen_prospective_010,nextgen_prospective__nextgen_prospective_010__cluster_3water__cooperative,cooperative,-4.338611714812286,-2.21206689652637,-1.5330690091102106,-1.3582129650343235
nextgen_prospective_010,nextgen_prospective__nextgen_prospective_010__cluster_3water__cooperative,cooperative,-3.030236174678657,-2.3419222034912477,-2.104296301270736,-1.8756108695774083
nextgen_prospective_010,nextgen_prospective__nextgen_prospective_010__cluster_3water__cooperative,cooperative,-5.176334606658034,-1.7163511003400627,-1.1565166075393485,-0.4263935237996929
nextgen_prospective_010,nextgen_prospective__nextgen_prospective_010__cluster_3water__cooperative,cooperative,-3.993075507694262,-2.489405602013891,-1.3888695539590046,-1.1370924556870186
nextgen_prospective_010,nextgen_prospective__nextgen_prospective_010__cluster_3water__cooperative,cooperative,-2.71051919676485,-1.904290739555204,-1.8289194123735086,-1.7632971394802732
nextgen_prospective_010,nextgen_prospective__nextgen_prospective_010__cluster_3water__cooperative,cooperative,-4.775718371281604,-1.9099460066585798,-1.0465387198954623,-0.7304771064658366
nextgen_prospective_010,nextgen_prospective__nextgen_prospective_010__cluster_3water__cooperative,cooperative,-2.5121739071557836,-0.5808423055238475,-1.5329986519141414,-2.118057939897242
nextgen_prospective_010,nextgen_prospective__nextgen_prospective_010__cluster_3water__cooperative,cooperative,-3.6391598788696644,-1.8695682609068487,-1.2596544901013473,-1.203900471133725
nextgen_prospective_010,nextgen_prospective__nextgen_prospective_010__cluster_3water__cooperative,cooperative,-3.416820426225169,0.11507955927711708,-1.36763354364966,-2.11132536985558
nextgen_prospective_010,nextgen_prospective__nextgen_prospective_010__cluster_3water__cooperative,cooperative,-4.660426376308613,-0.9813972003721237,-0.9229571642097589,-0.9810290659543746
nextgen_prospective_010,nextgen_prospective__nextgen_prospective_010__cluster_3water__cooperative,cooperative,-3.5153001596079463,-0.91518409079611,-1.1829699551073602,-1.4827761966203359
nextgen_prospective_010,nextgen_prospective__nextgen_prospective_010__cluster_3water__cooperative,cooperative,-3.979732008567594,-0.6196356472338579,-2.2310427038494396,-2.3103675267892556
nextgen_prospective_010,nextgen_prospective__nextgen_prospective_010__cluster_3water__cooperative,cooperative,-3.472094592425698,-2.001187482570852,-2.1498708055625038,-2.0713194111790534
nextgen_prospective_010,nextgen_prospective__nextgen_prospective_010__cluster_3water__cooperative,cooperative,-2.8101318257976264,0.026510883471382335,-3.84398399004926,-3.562345956085959
nextgen_prospective_010,nextgen_prospective__nextgen_prospective_010__cluster_3water__cooperative,cooperative,-5.0398107135531305,-1.2464376775058004,-1.4729751642610367,-1.48564763319793
nextgen_prospective_010,nextgen_prospective__nextgen_prospective_010__cluster_3water__cooperative,cooperative,-2.2409869638889104,-1.8234888274642111,-3.559342666157761,-3.2189356714595894
nextgen_prospective_010,nextgen_prospective__nextgen_prospective_010__cluster_3water__cooperative,cooperative,-4.5032546887108555,-2.600490279029297,-1.396634642405914,-1.2560953378979414
nextgen_prospective_010,nextgen_prospective__nextgen_prospective_010__cluster_3water__cooperative,cooperative,-2.8210575656819037,-2.7674471022698546,-2.0325616741327934,-1.866091928953667
nextgen_prospective_010,nextgen_prospective__nextgen_prospective_010__cluster_3water__cooperative,cooperative,-5.580326978226816,-1.9631413982183303,-1.0490507334299792,-0.28716592018160564
nextgen_prospective_010,nextgen_prospective__nextgen_prospective_010__cluster_3water__cooperative,cooperative,-4.058993850987681,-2.95706861465611,-1.2653303373877378,-1.1002794802795302
nextgen_prospective_010,nextgen_prospective__nextgen_prospective_010__cluster_3water__cooperative,cooperative,-2.4099928797927226,-2.2047780772092267,-1.7769413221495611,-1.77638896615061
nextgen_prospective_010,nextgen_prospective__nextgen_prospective_010__cluster_3water__cooperative,cooperative,-5.065248961314263,-2.2120491349135656,-0.9416935588677511,-0.686109869553319
nextgen_prospective_010,nextgen_prospective__nextgen_prospective_010__cluster_3water__cooperative,cooperative,-2.15497750743821,-0.5032015191689114,-1.2617340905638486,-1.9346061201503755
nextgen_prospective_010,nextgen_prospective__nextgen_prospective_010__cluster_3water__cooperative,cooperative,-5.246622025525445,0.17474634791073046,-0.8114077917533713,-0.9184061656469009
nextgen_prospective_010,nextgen_prospective__nextgen_prospective_010__cluster_3water__cooperative,cooperative,-3.603959471070342,-2.160134890375627,-1.1507895329598838,-1.1573373995579537
nextgen_prospective_010,nextgen_prospective__nextgen_prospective_010__cluster_3water__cooperative,cooperative,-3.318094460527419,0.3915551641466147,-1.2639235187661413,-1.7826178997538789
nextgen_prospective_010,nextgen_prospective__nextgen_prospective_010__cluster_3water__cooperative,cooperative,-4.9170163963489895,-1.0182006696881234,-0.8406938510172601,-0.8919812433292961
nextgen_prospective_010,nextgen_prospective__nextgen_prospective_010__cluster_3water__cooperative,cooperative,-3.4447112605909904,-0.9330695288046779,-1.0786801716027306,-1.3502844168302113
nextgen_prospective_010,nextgen_prospective__nextgen_prospective_010__cluster_3water__cooperative,cooperative,-7.173295638028767,0.08591199902711436,-0.8555782855652616,-1.2992986289711264
nextgen_prospective_010,nextgen_prospective__nextgen_prospective_010__cluster_3water__cooperative,cooperative,-6.673178776200085,-1.2751724017122943,-0.9353092685762121,-1.2982287213603754
nextgen_prospective_010,nextgen_prospective__nextgen_prospective_010__cluster_3water__cooperative,cooperative,-6.0210228653739115,0.7224859885367222,-1.189975703832502,-1.3890438802290155
nextgen_prospective_010,nextgen_prospective__nextgen_prospective_010__cluster_3water__cooperative,cooperative,-8.217669473310815,-0.5316040752407994,-0.63703922270264,-0.9980971452722561
nextgen_prospective_010,nextgen_prospective__nextgen_prospective_010__cluster_3water__cooperative,cooperative,-5.460309779197177,-1.1001063192739005,-1.3067201185021915,-1.3073947114249735
nextgen_prospective_010,nextgen_prospective__nextgen_prospective_010__cluster_3water__cooperative,cooperative,-7.281760211695701,1.4293661492319782,-0.8018020794797742,-1.3074844105216135
nextgen_prospective_010,nextgen_prospective__nextgen_prospective_010__cluster_3water__cooperative,cooperative,-7.689062426614352,-1.8655966382232072,-0.6730835295680748,-1.0067470650168506
nextgen_prospective_010,nextgen_prospective__nextgen_prospective_010__cluster_3water__cooperative,cooperative,-8.718211594646446,0.5397683847712953,-0.547303374370145,-0.8901924511813266
nextgen_prospective_010,nextgen_prospective__nextgen_prospective_010__cluster_3water__cooperative,cooperative,-6.031786742445087,-2.030080027045386,-0.9655163532413802,-0.4929468742465241
nextgen_prospective_010,nextgen_prospective__nextgen_prospective_010__cluster_3water__cooperative,cooperative,-8.750178089618963,-1.2376899630538838,-0.5070313386403846,-0.7765721388344573
nextgen_prospective_010,nextgen_prospective__nextgen_prospective_010__cluster_3water__cooperative,cooperative,-8.187025005853364,1.58468245963022,-0.5790293687257808,-1.0343696864933527
nextgen_prospective_010,nextgen_prospective__nextgen_prospective_010__cluster_3water__cooperative,cooperative,-7.25138323093152,-2.216892331840733,-0.6536551585769601,-0.7959163037946377
nextgen_prospective_010,nextgen_prospective__nextgen_prospective_010__cluster_3water__cooperative,cooperative,-5.416615461656627,1.2460003053857998,-1.097786733077033,-0.5688127120103486
nextgen_prospective_010,nextgen_prospective__nextgen_prospective_010__cluster_3water__cooperative,cooperative,-9.055858118288768,-0.03498162147148523,-0.44810594428579265,-0.704982330705113
nextgen_prospective_010,nextgen_prospective__nextgen_prospective_010__cluster_3water__cooperative,cooperative,-7.145798890719001,1.845951906498185,-0.6708151150669472,-1.0986228341310578
nextgen_prospective_010,nextgen_prospective__nextgen_prospective_010__cluster_3water__cooperative,cooperative,-8.242730858142155,-1.4829101777240046,-0.4921947378924152,-0.7755425559623932
nextgen_prospective_010,nextgen_prospective__nextgen_prospective_010__cluster_3water__cooperative,cooperative,-5.375574536916116,0.20062117704665441,-0.806926989201262,-0.8738754908776403
nextgen_prospective_010,nextgen_prospective__nextgen_prospective_010__cluster_3water__cooperative,cooperative,-8.421416913994651,0.8685253720214121,-0.4703029648069901,-0.8272136975930756
nextgen_prospective_010,nextgen_prospective__nextgen_prospective_010__cluster_3water__cooperative,cooperative,-6.803090101087031,-1.431765033105146,-0.6176821121881559,-0.7066728554590896
nextgen_prospective_010,nextgen_prospective__nextgen_prospective_010__cluster_3water__cooperative,cooperative,-6.521460127737337,1.0821222057945425,-0.6688660168783223,-1.0243414044395094
nextgen_prospective_010,nextgen_prospective__nextgen_prospective_010__cluster_3water__cooperative,cooperative,-8.096694331176366,-0.3067483564278286,-0.4628929186210051,-0.7984987800650337
nextgen_prospective_010,nextgen_prospective__nextgen_prospective_010__cluster_3water__cooperative,cooperative,-6.646201123355522,-0.22287841763154445,-0.5991410292165433,-0.9208216256764046
nextgen_prospective_010,nextgen_prospective__nextgen_prospective_010__cluster_3water__cooperative,cooperative,-7.234481465371074,0.15148294421397526,-0.822641466041496,-1.085707622362321
nextgen_prospective_010,nextgen_prospective__nextgen_prospective_010__cluster_3water__cooperative,cooperative,-6.59147407159134,-1.5984827138795497,-0.9207452463804167,-1.1137864386581426
nextgen_prospective_010,nextgen_prospective__nextgen_prospective_010__cluster_3water__cooperative,cooperative,-5.752987900529115,0.9699352164406126,-1.2290122757754318,-1.3101893353160903
nextgen_prospective_010,nextgen_prospective__nextgen_prospective_010__cluster_3water__cooperative,cooperative,-8.577247825019422,-0.6424662941304858,-0.6004116696067818,-0.8505165198294474
nextgen_prospective_010,nextgen_prospective__nextgen_prospective_010__cluster_3water__cooperative,cooperative,-5.032071075444742,-1.3733977507444717,-1.4565878992285342,-1.4696743024725534
nextgen_prospective_010,nextgen_prospective__nextgen_prospective_010__cluster_3water__cooperative,cooperative,-7.373935917228559,1.8787811373345158,-0.7654432334658345,-1.0408540394159735
nextgen_prospective_010,nextgen_prospective__nextgen_prospective_010__cluster_3water__cooperative,cooperative,-7.89761019355254,-2.357599589393581,-0.6419282590708342,-0.839565171491257
nextgen_prospective_010,nextgen_prospective__nextgen_prospective_010__cluster_3water__cooperative,cooperative,-9.220801981022374,0.7350125830279217,-0.5134136145912294,-0.7669018667664433
nextgen_prospective_010,nextgen_prospective__nextgen_prospective_010__cluster_3water__cooperative,cooperative,-5.766827171049199,-2.5690782321649546,-0.9885545752328362,-0.7628907350960299
nextgen_prospective_010,nextgen_prospective__nextgen_prospective_010__cluster_3water__cooperative,cooperative,-6.109263645235839,2.3773059135308565,-0.9817454878651155,-0.9963307439237556
nextgen_prospective_010,nextgen_prospective__nextgen_prospective_010__cluster_3water__cooperative,cooperative,-9.261901760272755,-1.5502910070330236,-0.4796693789126394,-0.6826782701307539
nextgen_prospective_010,nextgen_prospective__nextgen_prospective_010__cluster_3water__cooperative,cooperative,-8.53784779543127,2.0784735364179685,-0.5437108851222838,-0.8384665542940208
nextgen_prospective_010,nextgen_prospective__nextgen_prospective_010__cluster_3water__cooperative,cooperative,-7.334879799103184,-2.809265481187545,-0.6312485667447909,-0.689575148297019
nextgen_prospective_010,nextgen_prospective__nextgen_prospective_010__cluster_3water__cooperative,cooperative,-4.975892667178323,1.643025052389428,-1.211075130467698,-1.0226899106146112
nextgen_prospective_010,nextgen_prospective__nextgen_prospective_010__cluster_3water__cooperative,cooperative,-9.654918939991076,-0.003951710712795681,-0.4252711590702063,-0.6372039335794996
nextgen_prospective_010,nextgen_prospective__nextgen_prospective_010__cluster_3water__cooperative,cooperative,-5.246145235589571,-1.8563641337548256,-0.9149356284545718,-0.5213244541373697
nextgen_prospective_010,nextgen_prospective__nextgen_prospective_010__cluster_3water__cooperative,cooperative,-7.199128504544231,2.414391396676781,-0.6407619835679945,-0.8884981670549458
nextgen_prospective_010,nextgen_prospective__nextgen_prospective_010__cluster_3water__cooperative,cooperative,-8.609469605516855,-1.8655741401803214,-0.4700015013350267,-0.658195447650134
nextgen_prospective_010,nextgen_prospective__nextgen_prospective_010__cluster_3water__cooperative,cooperative,-4.923125763940522,0.2989661730962403,-0.853282115845122,-1.1005019340918112
nextgen_prospective_010,nextgen_prospective__nextgen_prospective_010__cluster_3water__cooperative,cooperative,-8.839208820184355,1.157700138063787,-0.4470763364401442,-0.7064820440272999
nextgen_prospective_010,nextgen_prospective__nextgen_prospective_010__cluster_3water__cooperative,cooperative,-6.758502917874557,-1.7998160970989334,-0.6036957520212383,-0.6534306633995857
nextgen_prospective_010,nextgen_prospective__nextgen_prospective_010__cluster_3water__cooperative,cooperative,-6.39640723785352,1.4323246386292403,-0.6533004741009485,-0.8830781169784485
nextgen_prospective_010,nextgen_prospective__nextgen_prospective_010__cluster_3water__cooperative,cooperative,-8.421708356560844,-0.3533660842280944,-0.444776221454557,-0.6794938000300095
nextgen_prospective_010,nextgen_prospective__nextgen_prospective_010__cluster_3water__cooperative,cooperative,-6.556788517934042,-0.24553330577573035,-0.5857116189211808,-0.7918740954932666
nextgen_prospective_010,nextgen_prospective__nextgen_prospective_010__cluster_3water__cooperative,cooperative,-6.5608557985330185,0.7884556738037949,-1.0134844635563134,-1.415826488164099
nextgen_prospective_010,nextgen_prospective__nextgen_prospective_010__cluster_3water__cooperative,cooperative,-6.166026697089322,-0.2860846425694218,-1.151298550252644,-1.6813708639399916
nextgen_prospective_010,nextgen_prospective__nextgen_prospective_010__cluster_3water__cooperative,cooperative,-5.65116676748971,1.2910140865745368,-1.28191758419538,-1.2153616612948503
nextgen_prospective_010,nextgen_prospective__nextgen_prospective_010__cluster_3water__cooperative,cooperative,-7.385361457966213,0.30094298359228344,-0.8018808139054201,-1.5487672756203386
nextgen_prospective_010,nextgen_prospective__nextgen_prospective_010__cluster_3water__cooperative,cooperative,-6.646485725112175,1.849077371333951,-0.9236594834036715,-1.1792848402823004
nextgen_prospective_010,nextgen_prospective__nextgen_prospective_010__cluster_3water__cooperative,cooperative,-7.780526290599604,1.1467633467597267,-0.684521155070339,-1.350203007539937
nextgen_prospective_010,nextgen_prospective__nextgen_prospective_010__cluster_3water__cooperative,cooperative,-5.869932575642961,2.155189076015915,-1.070260137386203,-0.9736106014392094
nextgen_prospective_010,nextgen_prospective__nextgen_prospective_010__cluster_3water__cooperative,cooperative,-7.361168457341911,1.9716955111220367,-0.7152360588169593,-1.1927723633893692
nextgen_prospective_010,nextgen_prospective__nextgen_prospective_010__cluster_3water__cooperative,cooperative,-5.174003027712907,1.7043148630343359,-1.2388471639419585,-0.9024110876516542
nextgen_prospective_010,nextgen_prospective__nextgen_prospective_010__cluster_3water__cooperative,cooperative,-6.53914784013057,2.177960863912535,-0.8081841805549494,-0.9888229841277449
nextgen_prospective_010,nextgen_prospective__nextgen_prospective_010__cluster_3water__cooperative,cooperative,-7.546214700611347,1.40630833669403,-0.595028289315902,-1.1947116420436914
nextgen_prospective_010,nextgen_prospective__nextgen_prospective_010__cluster_3water__cooperative,cooperative,-6.046248816723994,1.5749374159886074,-0.8237339767731555,-0.9416643194457681
nextgen_prospective_010,nextgen_prospective__nextgen_prospective_010__cluster_3water__cooperative,cooperative,-6.14472855010677,0.5446737659153802,-0.7245536260507279,-1.1060924207937983
nextgen_prospective_010,nextgen_prospective__nextgen_prospective_010__cluster_3water__cooperative,cooperative,-6.609160399066417,0.8402222094776318,-0.9739958288870199,-1.2382076581788581
nextgen_prospective_010,nextgen_prospective__nextgen_prospective_010__cluster_3water__cooperative,cooperative,-6.101522982924521,-0.5413296258593625,-1.1373582807645555,-1.4491482484804323
nextgen_prospective_010,nextgen_prospective__nextgen_prospective_010__cluster_3water__cooperative,cooperative,-5.43956021629645,1.4863687401828725,-1.3157640743974852,-1.2796150197267349
nextgen_prospective_010,nextgen_prospective__nextgen_prospective_010__cluster_3water__cooperative,cooperative,-7.669239104051956,0.21342017920568934,-0.7467173400459437,-1.218066162917442
nextgen_prospective_010,nextgen_prospective__nextgen_prospective_010__cluster_3water__cooperative,cooperative,-4.870415354387735,-0.3636309707527214,-1.70025960052822,-1.7522025626784608
nextgen_prospective_010,nextgen_prospective__nextgen_prospective_010__cluster_3water__cooperative,cooperative,-6.719256018953907,2.2038786777306894,-0.8767954889914442,-1.0508057889117242
nextgen_prospective_010,nextgen_prospective__nextgen_prospective_010__cluster_3water__cooperative,cooperative,-4.468680199890258,1.2236606048311747,-1.9392925079020351,-1.6615859269787918
nextgen_prospective_010,nextgen_prospective__nextgen_prospective_010__cluster_3water__cooperative,cooperative,-8.177308174580602,1.300903503278118,-0.6306373034288271,-1.0569393650159031
nextgen_prospective_010,nextgen_prospective__nextgen_prospective_010__cluster_3water__cooperative,cooperative,-5.720830541064918,2.5974508694646445,-1.056950742301943,-1.0070987721430527
nextgen_prospective_010,nextgen_prospective__nextgen_prospective_010__cluster_3water__cooperative,cooperative,-7.638133817534994,2.3615305717439434,-0.6591069501591384,-0.9750496598930223
nextgen_prospective_010,nextgen_prospective__nextgen_prospective_010__cluster_3water__cooperative,cooperative,-4.826063979440562,2.0177554527740424,-1.3195219361015198,-1.1159736615434417
nextgen_prospective_010,nextgen_prospective__nextgen_prospective_010__cluster_3water__cooperative,cooperative,-8.520032089555892,0.7175106397986021,-0.4935268633698975,-0.8677174631364739
nextgen_prospective_010,nextgen_prospective__nextgen_prospective_010__cluster_3water__cooperative,cooperative,-6.581250166834699,2.626728882474585,-0.7590390951914827,-0.9034588026823279
nextgen_prospective_010,nextgen_prospective__nextgen_prospective_010__cluster_3water__cooperative,cooperative,-4.784405897937034,0.956656337542578,-1.0454562303223724,-1.1801299310726623
nextgen_prospective_010,nextgen_prospective__nextgen_prospective_010__cluster_3water__cooperative,cooperative,-7.8760504160242695,1.63460420462222,-0.5486309417213064,-0.9481026667229032
nextgen_prospective_010,nextgen_prospective__nextgen_prospective_010__cluster_3water__cooperative,cooperative,-6.233387861569166,-0.7002770336641371,-0.6905029991397527,-0.7643244257391715
nextgen_prospective_010,nextgen_prospective__nextgen_prospective_010__cluster_3water__cooperative,cooperative,-5.9475228510262435,1.8514130208581052,-0.7892448035340394,-0.9235575536823489
nextgen_prospective_010,nextgen_prospective__nextgen_prospective_010__cluster_3water__cooperative,cooperative,-7.546444786847814,0.4416571870233659,-0.5097186080154081,-1.0001409102868593
nextgen_prospective_010,nextgen_prospective__nextgen_prospective_010__cluster_3water__cooperative,cooperative,-6.074139651089814,0.5267883279068125,-0.6930409205030408,-0.9737377106492872
nextgen_prospective_010,nextgen_prospective__nextgen_prospective_010__cluster_3water__cooperative,cooperative,-6.525001232082798,-0.6749275414851985,-1.022566582508766,-1.7740121211353428
nextgen_prospective_010,nextgen_prospective__nextgen_prospective_010__cluster_3water__cooperative,cooperative,-6.130172130639101,-1.7494678578584153,-1.0278355616071266,-1.1224684545274215
nextgen_prospective_010,nextgen_prospective__nextgen_prospective_010__cluster_3water__cooperative,cooperative,-5.615312201039489,-0.1723691287144563,-1.3390545236804385,-1.4818738958537268
nextgen_prospective_010,nextgen_prospective__nextgen_prospective_010__cluster_3water__cooperative,cooperative,-5.172643975110487,-1.6112577927754734,-1.3000966656568913,-1.0107125648925745
nextgen_prospective_010,nextgen_prospective__nextgen_prospective_010__cluster_3water__cooperative,cooperative,-6.93218553886089,-2.2155922551038727,-0.775157820320338,-0.9352959213890402
nextgen_prospective_010,nextgen_prospective__nextgen_prospective_010__cluster_3water__cooperative,cooperative,-5.6238099987272605,-2.345447562068751,-1.0075542694671924,-0.5673843471368025
nextgen_prospective_010,nextgen_prospective__nextgen_prospective_010__cluster_3water__cooperative,cooperative,-7.769908430706637,-1.7198764589175655,-0.5982644813951055,-1.0278665226189128
nextgen_prospective_010,nextgen_prospective__nextgen_prospective_010__cluster_3water__cooperative,cooperative,-6.586649331742865,-2.492930960591395,-0.7473735755878508,-0.5697032330551973
nextgen_prospective_010,nextgen_prospective__nextgen_prospective_010__cluster_3water__cooperative,cooperative,-5.304093020813454,-1.907816098132708,-0.9456403592680296,-0.40182882724684704
nextgen_prospective_010,nextgen_prospective__nextgen_prospective_010__cluster_3water__cooperative,cooperative,-7.369292195330208,-1.913471365236083,-0.5922243720370979,-0.7812380395614444
nextgen_prospective_010,nextgen_prospective__nextgen_prospective_010__cluster_3water__cooperative,cooperative,-6.232733702918268,-1.873093619484352,-0.7175790820133088,-0.4873311347948974
nextgen_prospective_010,nextgen_prospective__nextgen_prospective_010__cluster_3water__cooperative,cooperative,-6.010394250273773,0.11155420069961353,-0.7217850541878512,-1.0373833631781904
nextgen_prospective_010,nextgen_prospective__nextgen_prospective_010__cluster_3water__cooperative,cooperative,-7.2540002003572175,-0.9849225589496273,-0.5468333925677804,-0.9229856736143545
nextgen_prospective_010,nextgen_prospective__nextgen_prospective_010__cluster_3water__cooperative,cooperative,-6.10887398365655,-0.9187094493736138,-0.689315941825086,-0.6940754826051774
nextgen_prospective_010,nextgen_prospective__nextgen_prospective_010__cluster_3water__cooperative,cooperative,-6.573305832616197,-0.6231610058113617,-0.999173974955081,-1.445810965624543
nextgen_prospective_010,nextgen_prospective__nextgen_prospective_010__cluster_3water__cooperative,cooperative,-6.065668416474302,-2.004712841148355,-1.024722897451813,-1.1074695516119497
nextgen_prospective_010,nextgen_prospective__nextgen_prospective_010__cluster_3water__cooperative,cooperative,-5.403705649846231,0.022985524893879422,-1.4422112275229715,-1.5008744635880686
nextgen_prospective_010,nextgen_prospective__nextgen_prospective_010__cluster_3water__cooperative,cooperative,-7.633384537601735,-1.249963036083304,-0.7170742199322788,-1.1441244632869314
nextgen_prospective_010,nextgen_prospective__nextgen_prospective_010__cluster_3water__cooperative,cooperative,-4.834560787937515,-1.8270141860417144,-1.439135786529988,-1.3274927499482692
nextgen_prospective_010,nextgen_prospective__nextgen_prospective_010__cluster_3water__cooperative,cooperative,-7.09682851275946,-2.6040156376067998,-0.7387131772218503,-0.8584925382839436
nextgen_prospective_010,nextgen_prospective__nextgen_prospective_010__cluster_3water__cooperative,cooperative,-5.414631389730507,-2.770972460847358,-1.0263198306890153,-0.7884582648038075
nextgen_prospective_010,nextgen_prospective__nextgen_prospective_010__cluster_3water__cooperative,cooperative,-8.17390080227542,-1.9666667567958334,-0.5626313442990138,-0.8416446341876268
nextgen_prospective_010,nextgen_prospective__nextgen_prospective_010__cluster_3water__cooperative,cooperative,-6.652567675036285,-2.9605939732336135,-0.7144037904436296,-0.6371826334173797
nextgen_prospective_010,nextgen_prospective__nextgen_prospective_010__cluster_3water__cooperative,cooperative,-8.484177523105673,-0.7458725754903904,-0.45956493701870826,-0.7485343888365135
nextgen_prospective_010,nextgen_prospective__nextgen_prospective_010__cluster_3water__cooperative,cooperative,-5.003566703841327,-2.2083034357867306,-0.9760066057196148,-0.6908053882375522
nextgen_prospective_010,nextgen_prospective__nextgen_prospective_010__cluster_3water__cooperative,cooperative,-6.54539560038448,1.1633456671855922,-0.7466939917217807,-1.245832663574708
nextgen_prospective_010,nextgen_prospective__nextgen_prospective_010__cluster_3water__cooperative,cooperative,-7.658822785362868,-2.21557449349107,-0.5555612976482216,-0.6975572353359876
nextgen_prospective_010,nextgen_prospective__nextgen_prospective_010__cluster_3water__cooperative,cooperative,-4.748551331486814,-0.5067268777464147,-0.875964596881218,-1.0543412471540845
nextgen_prospective_010,nextgen_prospective__nextgen_prospective_010__cluster_3water__cooperative,cooperative,-7.840195849574049,0.17122098933322671,-0.4732728960159527,-0.9496362729600997
nextgen_prospective_010,nextgen_prospective__nextgen_prospective_010__cluster_3water__cooperative,cooperative,-6.197533295118946,-2.1636602489531307,-0.6906441362324323,-0.6015411569065916
nextgen_prospective_010,nextgen_prospective__nextgen_prospective_010__cluster_3water__cooperative,cooperative,-5.911668284576023,0.3880298055691109,-0.7132074981970327,-0.9657896485669264
nextgen_prospective_010,nextgen_prospective__nextgen_prospective_010__cluster_3water__cooperative,cooperative,-7.510590220397594,-1.021726028265627,-0.5177996943599439,-0.7838189975623399
nextgen_prospective_010,nextgen_prospective__nextgen_prospective_010__cluster_3water__cooperative,cooperative,-6.038285084639594,-0.936594887382181,-0.6679599210306364,-0.7440160637398093
nextgen_prospective_010,nextgen_prospective__nextgen_prospective_010__cluster_3water__orientation,orientation,-3.0310482940152865,0.41939749553618755,-4.288177602847387,-2.9878216291984496
nextgen_prospective_010,nextgen_prospective__nextgen_prospective_010__cluster_3water__orientation,orientation,-1.6503244605418954,0.9537219930047525,-4.033723032096592,-3.377164475268192
nextgen_prospective_010,nextgen_prospective__nextgen_prospective_010__cluster_3water__orientation,orientation,-2.748385685080072,-0.8847114833802464,-4.434538709918279,-3.2510750664237658
nextgen_prospective_010,nextgen_prospective__nextgen_prospective_010__cluster_3water__orientation,orientation,-4.137120739872199,-0.38390301785925374,-7.096299281199592,-5.567799021140209
nextgen_prospective_010,nextgen_prospective__nextgen_prospective_010__cluster_3water__orientation,orientation,-4.416967379497624,1.3239895674480626,-4.725798535016423,-3.250625114580459
nextgen_prospective_010,nextgen_prospective__nextgen_prospective_010__cluster_3water__orientation,orientation,-3.776972772576513,-1.3820007384305713,-6.988135767354464,-6.055903863549516
nextgen_prospective_010,nextgen_prospective__nextgen_prospective_010__cluster_3water__orientation,orientation,-3.0733726582426324,2.5521434447660996,-2.130275200881382,-2.3858320099562937
nextgen_prospective_010,nextgen_prospective__nextgen_prospective_010__cluster_3water__orientation,orientation,-2.7485374777187297,-1.6577342620152506,-4.232110595828953,-3.6138021116542185
nextgen_prospective_010,nextgen_prospective__nextgen_prospective_010__cluster_3water__orientation,orientation,-4.203473265728768,1.9945033740615465,-2.421949042495264,-2.4320989936441157
nextgen_prospective_010,nextgen_prospective__nextgen_prospective_010__cluster_3water__orientation,orientation,-4.369057219812942,-0.726155912972026,-6.170526947281818,-5.8887707735465655
nextgen_prospective_010,nextgen_prospective__nextgen_prospective_010__cluster_3water__orientation,orientation,-2.5467072668704342,2.3537526753545777,-2.2556465531535785,-2.324246000414245
nextgen_prospective_010,nextgen_prospective__nextgen_prospective_010__cluster_3water__orientation,orientation,-1.918962586750635,-0.9708747092388532,-2.412751621649445,-2.170646087661403
nextgen_prospective_010,nextgen_prospective__nextgen_prospective_010__cluster_3water__orientation,orientation,-4.4736337335731555,0.9175001323838119,-3.1243075532256803,-3.0116522824393392
nextgen_prospective_010,nextgen_prospective__nextgen_prospective_010__cluster_3water__orientation,orientation,-1.6218730048469356,1.2259314941163626,-2.6278359600291346,-2.1185795078557597
nextgen_prospective_010,nextgen_prospective__nextgen_prospective_010__cluster_3water__orientation,orientation,-3.364895713848355,-0.6753725503924122,-3.6532013163759203,-3.1871838039901075
nextgen_prospective_010,nextgen_prospective__nextgen_prospective_010__cluster_3water__orientation,orientation,-3.3536798511253183,1.4678243443920915,-2.2362976223684328,-2.0658843709982126
nextgen_prospective_010,nextgen_prospective__nextgen_prospective_010__cluster_3water__orientation,orientation,-2.4462591440923136,0.3032783570682776,-2.312383213663338,-1.9713007128869107
nextgen_prospective_010,nextgen_prospective__nextgen_prospective_010__cluster_3water__orientation,orientation,-3.1216183021299404,0.41075718037747283,-3.2169949587324,-2.308058596809525
nextgen_prospective_010,nextgen_prospective__nextgen_prospective_010__cluster_3water__orientation,orientation,-1.3464019448070086,1.0977458199799137,-3.4708004274093263,-2.9119165265501743
nextgen_prospective_010,nextgen_prospective__nextgen_prospective_010__cluster_3water__orientation,orientation,-2.758194947784665,-1.2659543639436568,-2.890155110948367,-2.008111170194854
nextgen_prospective_010,nextgen_prospective__nextgen_prospective_010__cluster_3water__orientation,orientation,-3.4123663955859582,1.985366473495691,-2.792520529244058,-2.208600317656935
nextgen_prospective_010,nextgen_prospective__nextgen_prospective_010__cluster_3water__orientation,orientation,-4.543711446803113,-0.6220577654166659,-4.956067756065163,-3.887628912015034
nextgen_prospective_010,nextgen_prospective__nextgen_prospective_010__cluster_3water__orientation,orientation,-1.6798131356310964,-1.9640640736684856,-0.7536786809936302,0.10316544618683066
nextgen_prospective_010,nextgen_prospective__nextgen_prospective_010__cluster_3water__orientation,orientation,-4.903514269178659,1.573804129978455,-4.032232965104132,-2.496402192592389
nextgen_prospective_010,nextgen_prospective__nextgen_prospective_010__cluster_3water__orientation,orientation,-4.080664060280088,-1.9053262632940746,-4.342699094652236,-3.538149600095806
nextgen_prospective_010,nextgen_prospective__nextgen_prospective_010__cluster_3water__orientation,orientation,-3.1760353418508123,3.1528591151016454,-2.204480840335865,-2.2843992149075345
nextgen_prospective_010,nextgen_prospective__nextgen_prospective_010__cluster_3water__orientation,orientation,-2.758390109748653,-2.259840793617234,-2.2115250055088076,-1.4887762980188892
nextgen_prospective_010,nextgen_prospective__nextgen_prospective_010__cluster_3water__orientation,orientation,-4.62902183719013,2.435893309910077,-2.09976790054478,-2.0078092458426755
nextgen_prospective_010,nextgen_prospective__nextgen_prospective_010__cluster_3water__orientation,orientation,-4.8419154924412116,-1.0620972019902304,-3.775209252484757,-3.4527755656980643
nextgen_prospective_010,nextgen_prospective__nextgen_prospective_010__cluster_3water__orientation,orientation,-2.4988941243722733,2.8977852687154035,-2.2058702547180786,-2.2270953813960186
nextgen_prospective_010,nextgen_prospective__nextgen_prospective_010__cluster_3water__orientation,orientation,-1.6917938213611026,-1.3767356543332936,-0.7801078222722246,-0.3890125502974248
nextgen_prospective_010,nextgen_prospective__nextgen_prospective_010__cluster_3water__orientation,orientation,-4.976371010132915,1.0511748563244185,-1.8862531495389412,-2.0784907062958404
nextgen_prospective_010,nextgen_prospective__nextgen_prospective_010__cluster_3water__orientation,orientation,-1.3098215017706318,1.4477294642662695,-2.23933158479106,-1.8300679402272797
nextgen_prospective_010,nextgen_prospective__nextgen_prospective_010__cluster_3water__orientation,orientation,-3.550850699058171,-0.9968043072450125,-2.3182569899806715,-1.9926295473926356
nextgen_prospective_010,nextgen_prospective__nextgen_prospective_010__cluster_3water__orientation,orientation,-3.5364303041285527,1.7587345574779214,-1.7847537412256642,-1.7109658625816078
nextgen_prospective_010,nextgen_prospective__nextgen_prospective_010__cluster_3water__orientation,orientation,-2.3697465379432607,0.2614611452044458,-1.609710039677914,-1.3786434948355701
nextgen_prospective_010,nextgen_prospective__nextgen_prospective_010__cluster_3water__orientation,orientation,-1.6887341016345383,0.3145532456804825,-3.0211561383062246,-2.4243306685128805
nextgen_prospective_010,nextgen_prospective__nextgen_prospective_010__cluster_3water__orientation,orientation,-0.17439183266372169,0.900586565484715,-3.640884940273814,-3.179866927058927
nextgen_prospective_010,nextgen_prospective__nextgen_prospective_010__cluster_3water__orientation,orientation,-1.3787170466733354,-1.1157598279698,-1.4850881058943166,-1.0635679135718774
nextgen_prospective_010,nextgen_prospective__nextgen_prospective_010__cluster_3water__orientation,orientation,-1.9367557727547253,1.6577683416021167,-3.5915958141861104,-3.2042686032006014
nextgen_prospective_010,nextgen_prospective__nextgen_prospective_010__cluster_3water__orientation,orientation,-2.901845816445345,-0.5664860270758083,-5.432211527548247,-3.935022219873614
nextgen_prospective_010,nextgen_prospective__nextgen_prospective_010__cluster_3water__orientation,orientation,-2.5068448200565276,-1.6611738496378985,-4.0395083474367155,-3.048602719523924
nextgen_prospective_010,nextgen_prospective__nextgen_prospective_010__cluster_3water__orientation,orientation,-2.974619554481582,2.0420887253534565,-1.878879150175372,-2.0560224491678474
nextgen_prospective_010,nextgen_prospective__nextgen_prospective_010__cluster_3water__orientation,orientation,-0.14318701028860478,1.19913892154261,-2.468687302071171,-1.826498247935418
nextgen_prospective_010,nextgen_prospective__nextgen_prospective_010__cluster_3water__orientation,orientation,-2.0548893362901617,-0.8861622885637883,-2.003832602953004,-1.6793948717894356
nextgen_prospective_010,nextgen_prospective__nextgen_prospective_010__cluster_3water__orientation,orientation,-2.042588067497154,1.4644407573288938,-2.3010622552135374,-1.9936728867802849
nextgen_prospective_010,nextgen_prospective__nextgen_prospective_010__cluster_3water__orientation,orientation,-1.0473524533319225,0.18719677123180709,-1.2824562694202513,-1.072617595961692
nextgen_prospective_010,nextgen_prospective__nextgen_prospective_010__cluster_3water__orientation,orientation,-1.7880689492441582,0.3050767709902792,-2.346883685945933,-1.8510588164664181
nextgen_prospective_010,nextgen_prospective__nextgen_prospective_010__cluster_3water__orientation,orientation,0.15894253943260578,1.0585481821671499,-3.0467847316315577,-2.818390982186346
nextgen_prospective_010,nextgen_prospective__nextgen_prospective_010__cluster_3water__orientation,orientation,-1.3894755928654692,-1.5338971808457986,-0.6318584346729494,-0.2172041150358162
nextgen_prospective_010,nextgen_prospective__nextgen_prospective_010__cluster_3water__orientation,orientation,-2.1069539549701135,2.0320676086038088,-2.963375110685007,-2.6289433899517585
nextgen_prospective_010,nextgen_prospective__nextgen_prospective_010__cluster_3water__orientation,orientation,-3.3477840111437676,-0.8276880082678088,-4.284201007662247,-2.9863913840596723
nextgen_prospective_010,nextgen_prospective__nextgen_prospective_010__cluster_3water__orientation,orientation,-0.16301618375210405,2.7381539081335227,-4.868949804293088,-5.5585355557730995
nextgen_prospective_010,nextgen_prospective__nextgen_prospective_010__cluster_3water__orientation,orientation,-0.20673425050349048,-2.299565894737547,5.91443320368823,6.475820650014009
nextgen_prospective_010,nextgen_prospective__nextgen_prospective_010__cluster_3water__orientation,orientation,-2.839925587215288,-2.235143780133354,-2.650607482282741,-1.7453383108564524
nextgen_prospective_010,nextgen_prospective__nextgen_prospective_010__cluster_3water__orientation,orientation,-1.3896896414711333,-2.623966168229722,2.1313814327332814,2.9282428594499645
nextgen_prospective_010,nextgen_prospective__nextgen_prospective_010__cluster_3water__orientation,orientation,-3.4413502457617864,2.526193816284103,-1.9321340134106357,-2.168414860152587
nextgen_prospective_010,nextgen_prospective__nextgen_prospective_010__cluster_3water__orientation,orientation,-3.674846512811359,-1.3103119064452662,-5.015087119773387,-4.836570035236911
nextgen_prospective_010,nextgen_prospective__nextgen_prospective_010__cluster_3water__orientation,orientation,-1.1050811413809103,3.0327849969093,-3.1660716400603306,-3.0357884597261253
nextgen_prospective_010,nextgen_prospective__nextgen_prospective_010__cluster_3water__orientation,orientation,-0.2198743574331745,-1.6553992412731424,3.4077735808462073,2.983834025269765
nextgen_prospective_010,nextgen_prospective__nextgen_prospective_010__cluster_3water__orientation,orientation,-3.8223138547958064,1.007470351061123,-2.925313517351924,-2.6151647373288633
nextgen_prospective_010,nextgen_prospective__nextgen_prospective_010__cluster_3water__orientation,orientation,0.19906302534347053,1.442401211384443,-1.9517178626147214,-1.5637952337435368
nextgen_prospective_010,nextgen_prospective__nextgen_prospective_010__cluster_3water__orientation,orientation,-2.2588399652299596,-1.2387003444666402,-1.1564914229835743,-0.8584920382428277
nextgen_prospective_010,nextgen_prospective__nextgen_prospective_010__cluster_3water__orientation,orientation,-2.243024048210378,1.7835035716810934,-1.8811068543564957,-1.6938211184306007
nextgen_prospective_010,nextgen_prospective__nextgen_prospective_010__cluster_3water__orientation,orientation,-0.9634354014265092,0.14133273241341088,-0.7019052014802796,-0.5932542026511097
nextgen_prospective_010,nextgen_prospective__nextgen_prospective_010__cluster_3water__orientation,orientation,-0.8992711167326363,1.4432178126819903,-3.3043489638253654,-2.9383452830986343
nextgen_prospective_010,nextgen_prospective__nextgen_prospective_010__cluster_3water__orientation,orientation,0.6150711522381802,2.029251132486223,-4.377348193758568,-4.595641033461495
nextgen_prospective_010,nextgen_prospective__nextgen_prospective_010__cluster_3water__orientation,orientation,-0.5892540617714335,0.012904739031707774,-2.3807043502150904,-1.9847348998102012
nextgen_prospective_010,nextgen_prospective__nextgen_prospective_010__cluster_3water__orientation,orientation,-1.1472927878528238,2.786432908603625,-3.50748135818435,-3.5172170276659886
nextgen_prospective_010,nextgen_prospective__nextgen_prospective_010__cluster_3water__orientation,orientation,-2.112382831543443,0.5621785399256999,-3.9987282629470045,-3.348801955844732
nextgen_prospective_010,nextgen_prospective__nextgen_prospective_010__cluster_3water__orientation,orientation,0.364658811983406,3.3356111415711798,-4.703764757225226,-5.3421876868969695
nextgen_prospective_010,nextgen_prospective__nextgen_prospective_010__cluster_3water__orientation,orientation,-2.419311404035844,2.435351052843402,-2.9738970675010634,-2.997422250849523
nextgen_prospective_010,nextgen_prospective__nextgen_prospective_010__cluster_3water__orientation,orientation,-0.9456913871755311,3.7823585311922163,-3.6543268651181293,-3.7484745791122824
nextgen_prospective_010,nextgen_prospective__nextgen_prospective_010__cluster_3water__orientation,orientation,0.9803999374931751,3.2548062331243792,-6.352236817710022,-6.7799826720965175
nextgen_prospective_010,nextgen_prospective__nextgen_prospective_010__cluster_3water__orientation,orientation,-2.18515656957968,3.170753292354964,-2.8098652261308033,-3.0228489257645594
nextgen_prospective_010,nextgen_prospective__nextgen_prospective_010__cluster_3water__orientation,orientation,-0.3680583772834435,3.5647686550634505,-3.71042571122171,-3.7051372754713983
nextgen_prospective_010,nextgen_prospective__nextgen_prospective_010__cluster_3water__orientation,orientation,-2.4814615988283624,1.9895239305148686,-2.2681198919207723,-2.2075848174784407
nextgen_prospective_010,nextgen_prospective__nextgen_prospective_010__cluster_3water__orientation,orientation,0.6462759746132972,2.327803488544118,-3.8380688523047546,-3.2687346763612073
nextgen_prospective_010,nextgen_prospective__nextgen_prospective_010__cluster_3water__orientation,orientation,-1.2531250825952518,2.5931053243304016,-2.8541817244880363,-2.601252763771966
nextgen_prospective_010,nextgen_prospective__nextgen_prospective_010__cluster_3water__orientation,orientation,-0.2578894684300204,1.315861338233315,-2.1956017691424634,-1.7066064321245182
nextgen_prospective_010,nextgen_prospective__nextgen_prospective_010__cluster_3water__orientation,orientation,-0.9986059643422562,1.4337413379917874,-2.5151895140340663,-2.230985328158953
nextgen_prospective_010,nextgen_prospective__nextgen_prospective_010__cluster_3water__orientation,orientation,0.948405524334508,2.187212749168658,-3.3689709222226583,-3.459863778268855
nextgen_prospective_010,nextgen_prospective__nextgen_prospective_010__cluster_3water__orientation,orientation,-0.600012607963567,-0.40523261384429043,-1.3940331206967471,-1.0964875912714505
nextgen_prospective_010,nextgen_prospective__nextgen_prospective_010__cluster_3water__orientation,orientation,-1.3174909700682116,3.160732175605317,-2.760996535891458,-2.6939243513843922
nextgen_prospective_010,nextgen_prospective__nextgen_prospective_010__cluster_3water__orientation,orientation,1.9039748371683203,0.7244685808372199,-3.686411662672029,-3.978285093584758
nextgen_prospective_010,nextgen_prospective__nextgen_prospective_010__cluster_3water__orientation,orientation,-2.558321026241865,0.30097655873369933,-3.7721783491697636,-2.831479966362828
nextgen_prospective_010,nextgen_prospective__nextgen_prospective_010__cluster_3water__orientation,orientation,0.626446801149798,3.8668184751350307,-3.760535750305216,-4.0785150997873965
nextgen_prospective_010,nextgen_prospective__nextgen_prospective_010__cluster_3water__orientation,orientation,-2.952943476589238,2.709341218199316,-2.564869560399252,-2.3950710179066212
nextgen_prospective_010,nextgen_prospective__nextgen_prospective_010__cluster_3water__orientation,orientation,-1.0582891691974068,4.441207976076363,-2.8653036438135437,-2.9149507556116023
nextgen_prospective_010,nextgen_prospective__nextgen_prospective_010__cluster_3water__orientation,orientation,1.4181139625195014,3.7629264499891444,-5.1139181880643925,-5.126955763704385
nextgen_prospective_010,nextgen_prospective__nextgen_prospective_010__cluster_3water__orientation,orientation,-2.6518872608598842,3.654858383285611,-2.2802831638566445,-2.3568449820335173
nextgen_prospective_010,nextgen_prospective__nextgen_prospective_010__cluster_3water__orientation,orientation,2.1494278883616778,1.319108477351919,-3.6710026341824076,-2.80847378314073
nextgen_prospective_010,nextgen_prospective__nextgen_prospective_010__cluster_3water__orientation,orientation,-0.31561815647900837,4.161449563910808,-2.8873882405457962,-2.8255468892089683
nextgen_prospective_010,nextgen_prospective__nextgen_prospective_010__cluster_3water__orientation,orientation,0.5695886274687275,-0.5267346742716343,2.482581454439803,1.348085591381187
nextgen_prospective_010,nextgen_prospective__nextgen_prospective_010__cluster_3water__orientation,orientation,-3.0328508698939047,2.136134918062631,-2.0116094134299267,-2.027625234599064
nextgen_prospective_010,nextgen_prospective__nextgen_prospective_010__cluster_3water__orientation,orientation,0.9885260102453726,2.571065778385951,-2.839812892085014,-2.40874134473707
nextgen_prospective_010,nextgen_prospective__nextgen_prospective_010__cluster_3water__orientation,orientation,-1.4693769803280576,-0.11003577746513224,-1.4659460334676133,-1.258636024821228
nextgen_prospective_010,nextgen_prospective__nextgen_prospective_010__cluster_3water__orientation,orientation,-1.4535610633084766,2.9121681386826017,-2.162667877053437,-1.9963503490134704
nextgen_prospective_010,nextgen_prospective__nextgen_prospective_010__cluster_3water__orientation,orientation,-0.17397241652460743,1.269997299414919,-1.407104849642682,-1.1621029713851099
nextgen_prospective_010,nextgen_prospective__nextgen_prospective_010__cluster_3water__orientation,orientation,0.485864308570751,1.3013574487430204,-3.298441977151789,-3.1623453958740146
nextgen_prospective_010,nextgen_prospective__nextgen_prospective_010__cluster_3water__orientation,orientation,2.0002065775415674,1.887390768547253,-4.090127006735056,-4.291357749887551
nextgen_prospective_010,nextgen_prospective__nextgen_prospective_010__cluster_3water__orientation,orientation,0.7958813635319537,-0.12895562490726228,-1.5040978758111834,-1.4234415080146947
nextgen_prospective_010,nextgen_prospective__nextgen_prospective_010__cluster_3water__orientation,orientation,0.23784263745056367,2.6445725446646544,-4.206889554694726,-4.519852845410244
nextgen_prospective_010,nextgen_prospective__nextgen_prospective_010__cluster_3water__orientation,orientation,2.7434271541900888,0.7497008598450237,-2.9686157248351996,-3.882775394408014
nextgen_prospective_010,nextgen_prospective__nextgen_prospective_010__cluster_3water__orientation,orientation,-0.7272474062400558,0.42031817598672977,-3.433678024889808,-2.658934095920997
nextgen_prospective_010,nextgen_prospective__nextgen_prospective_010__cluster_3water__orientation,orientation,1.7497942372867934,3.1937507776322103,-5.723340612982852,-6.528150598762768
nextgen_prospective_010,nextgen_prospective__nextgen_prospective_010__cluster_3water__orientation,orientation,3.1058087058542614,1.932755882639332,-5.457365624637056,-6.10328958523099
nextgen_prospective_010,nextgen_prospective__nextgen_prospective_010__cluster_3water__orientation,orientation,0.4394440381278562,3.6404981672532464,-4.846983660850235,-5.434373281485892
nextgen_prospective_010,nextgen_prospective__nextgen_prospective_010__cluster_3water__orientation,orientation,2.365535362796562,3.112945869185409,-6.830273677667531,-6.74765948859942
nextgen_prospective_010,nextgen_prospective__nextgen_prospective_010__cluster_3water__orientation,orientation,2.9343350828960326,1.212198557134234,-2.718967415501261,-2.9170528978065695
nextgen_prospective_010,nextgen_prospective__nextgen_prospective_010__cluster_3water__orientation,orientation,1.0170770480199438,3.4229082911244806,-4.797157608370295,-4.593779888296557
nextgen_prospective_010,nextgen_prospective__nextgen_prospective_010__cluster_3water__orientation,orientation,2.031411399916685,2.1859431246051484,-3.780018842941324,-3.0270768500795704
nextgen_prospective_010,nextgen_prospective__nextgen_prospective_010__cluster_3water__orientation,orientation,0.11970907391512772,0.10064191449874971,-0.28433529954563497,-0.7363760813235136
nextgen_prospective_010,nextgen_prospective__nextgen_prospective_010__cluster_3water__orientation,orientation,0.13201034270813555,2.4512449603914317,-3.5221555924214165,-3.0982583609905845
nextgen_prospective_010,nextgen_prospective__nextgen_prospective_010__cluster_3water__orientation,orientation,1.1272459568733666,1.174000974294345,-1.7994354088290976,-1.32797336380398
nextgen_prospective_010,nextgen_prospective__nextgen_prospective_010__cluster_3water__orientation,orientation,0.38652946096113094,1.291880974052817,-2.38820013800245,-2.2679451208859325
nextgen_prospective_010,nextgen_prospective__nextgen_prospective_010__cluster_3water__orientation,orientation,2.333540949637895,2.0453523852296875,-2.812394050492717,-2.957911070730576
nextgen_prospective_010,nextgen_prospective__nextgen_prospective_010__cluster_3water__orientation,orientation,0.7851228173398201,-0.5470929777832605,-0.37854412185511777,-0.24609270339394124
nextgen_prospective_010,nextgen_prospective__nextgen_prospective_010__cluster_3water__orientation,orientation,0.0676444552351757,3.018871811666347,-3.2119283812659383,-3.3117028427480437
nextgen_prospective_010,nextgen_prospective__nextgen_prospective_010__cluster_3water__orientation,orientation,3.289110262471708,0.5826082168982497,-1.5571623333556772,-2.2020883181765614
nextgen_prospective_010,nextgen_prospective__nextgen_prospective_010__cluster_3water__orientation,orientation,-1.1731856009384782,0.15911619479472927,-2.8286945036142264,-2.279394641272497
nextgen_prospective_010,nextgen_prospective__nextgen_prospective_010__cluster_3water__orientation,orientation,2.011582226453185,3.724958111196061,-3.9182282196228435,-4.181580774052923
nextgen_prospective_010,nextgen_prospective__nextgen_prospective_010__cluster_3water__orientation,orientation,1.9678641597017985,-1.3127616916750084,4.119540544123446,4.735540244072996
nextgen_prospective_010,nextgen_prospective__nextgen_prospective_010__cluster_3water__orientation,orientation,-1.567808051285851,2.567480854260346,-3.690542912794914,-3.765052881046893
nextgen_prospective_010,nextgen_prospective__nextgen_prospective_010__cluster_3water__orientation,orientation,0.32684625610598045,4.299347612137393,-3.6413838896227624,-3.8691038710851244
nextgen_prospective_010,nextgen_prospective__nextgen_prospective_010__cluster_3water__orientation,orientation,2.8032493878228886,3.6210660860501735,-4.305695152563072,-4.011725129468585
nextgen_prospective_010,nextgen_prospective__nextgen_prospective_010__cluster_3water__orientation,orientation,3.534563313665065,1.1772481134129489,-1.274097835166188,-1.996380837302918
nextgen_prospective_010,nextgen_prospective__nextgen_prospective_010__cluster_3water__orientation,orientation,1.0695172688243788,4.019589199971838,-3.4433516783227702,-3.2686409441440363
nextgen_prospective_010,nextgen_prospective__nextgen_prospective_010__cluster_3water__orientation,orientation,1.9547240527721155,-0.6685950382106046,3.902523641193145,3.4639394631613842
nextgen_prospective_010,nextgen_prospective__nextgen_prospective_010__cluster_3water__orientation,orientation,-1.6477154445905176,1.994274554123661,-3.0285006177868112,-2.692069431594197
nextgen_prospective_010,nextgen_prospective__nextgen_prospective_010__cluster_3water__orientation,orientation,2.37366143554876,2.4292054144469812,-2.372100247263642,-2.0077602913096793
nextgen_prospective_010,nextgen_prospective__nextgen_prospective_010__cluster_3water__orientation,orientation,-0.08424155502467046,-0.2518961414041023,0.40482801025731874,0.11028626553258075
nextgen_prospective_010,nextgen_prospective__nextgen_prospective_010__cluster_3water__orientation,orientation,-0.0684256380050891,2.7703077747436313,-2.5821638979746098,-2.292849215379471
nextgen_prospective_010,nextgen_prospective__nextgen_prospective_010__cluster_3water__orientation,orientation,1.21116300877878,1.1281369354759487,-0.9150959090193922,-0.731594618881139
nextgen_prospective_010,nextgen_prospective__nextgen_prospective_010__cluster_3water__orientation,orientation,1.0401176542871164,0.037635255427997616,-1.6379734905447307,-1.501422142848866
nextgen_prospective_010,nextgen_prospective__nextgen_prospective_010__cluster_3water__orientation,orientation,2.554459923257933,0.6236685752322302,-2.3412424715627544,-2.7396283012068987
nextgen_prospective_010,nextgen_prospective__nextgen_prospective_010__cluster_3water__orientation,orientation,1.3501347092483191,-1.3926778182222852,2.7803912281525456,3.0214806884265943
nextgen_prospective_010,nextgen_prospective__nextgen_prospective_010__cluster_3water__orientation,orientation,3.2976804999064537,-0.514021333469999,0.7758884547941491,-0.281393147090889
nextgen_prospective_010,nextgen_prospective__nextgen_prospective_010__cluster_3water__orientation,orientation,-0.17299406052369035,-0.8434040173282931,0.03978808369309306,-0.27074208734496
nextgen_prospective_010,nextgen_prospective__nextgen_prospective_010__cluster_3water__orientation,orientation,2.2700446421965252,-1.988197929026978,7.722014602840055,7.980827775331458
nextgen_prospective_010,nextgen_prospective__nextgen_prospective_010__cluster_3water__orientation,orientation,3.6600620515706264,0.6690336893243095,-1.431864748574263,-2.820007544691415
nextgen_prospective_010,nextgen_prospective__nextgen_prospective_010__cluster_3water__orientation,orientation,3.2843085070780313,-1.3498263328162126,4.608173913096536,4.055098250795466
nextgen_prospective_010,nextgen_prospective__nextgen_prospective_010__cluster_3water__orientation,orientation,3.4885884286123985,-0.05152363618078871,1.651990825095595,1.0735035845395047
nextgen_prospective_010,nextgen_prospective__nextgen_prospective_010__cluster_3water__orientation,orientation,2.259824559028993,-1.4871794207768858,6.753661047960158,5.880047040509191
nextgen_prospective_010,nextgen_prospective__nextgen_prospective_010__cluster_3water__orientation,orientation,2.58566474563305,0.9222209312901253,-0.9404809212796295,-0.7686939948096874
nextgen_prospective_010,nextgen_prospective__nextgen_prospective_010__cluster_3water__orientation,orientation,0.686263688424501,1.1875227670764086,-2.258931165568967,-1.6799019872098393
nextgen_prospective_010,nextgen_prospective__nextgen_prospective_010__cluster_3water__orientation,orientation,1.6814993025897322,-0.0897212190206778,1.5391408291476338,1.2899833371282285
nextgen_prospective_010,nextgen_prospective__nextgen_prospective_010__cluster_3water__orientation,orientation,0.9407828066774964,0.028158780737794403,-1.1744961668185283,-1.0600113404759997
nextgen_prospective_010,nextgen_prospective__nextgen_prospective_010__cluster_3water__orientation,orientation,2.8877942953542606,0.781630191914665,-1.648831710522991,-1.9093767018108654
nextgen_prospective_010,nextgen_prospective__nextgen_prospective_010__cluster_3water__orientation,orientation,1.3393761630561858,-1.8108151710982834,2.682322025701289,2.7274396595283323
nextgen_prospective_010,nextgen_prospective__nextgen_prospective_010__cluster_3water__orientation,orientation,0.6218978009515411,1.7551496183513242,-3.6918640345731113,-3.699189118547332
nextgen_prospective_010,nextgen_prospective__nextgen_prospective_010__cluster_3water__orientation,orientation,3.8433636081880733,-0.6811139764167728,0.8926946038578798,0.24574759863554438
nextgen_prospective_010,nextgen_prospective__nextgen_prospective_010__cluster_3water__orientation,orientation,-0.6189322552221128,-1.1046059985202934,-0.23033731925581336,-0.009648259377952072
nextgen_prospective_010,nextgen_prospective__nextgen_prospective_010__cluster_3water__orientation,orientation,2.565835572169551,2.461235917881038,-5.1562949452348406,-5.487289219804433
nextgen_prospective_010,nextgen_prospective__nextgen_prospective_010__cluster_3water__orientation,orientation,4.309282746042008,0.8399567671759096,-1.4084905230156153,-2.6214109737103106
nextgen_prospective_010,nextgen_prospective__nextgen_prospective_010__cluster_3water__orientation,orientation,-0.11107383129363359,-2.5120617703858383,8.17029432092875,8.719399337140208
nextgen_prospective_010,nextgen_prospective__nextgen_prospective_010__cluster_3water__orientation,orientation,3.8261710459801015,-1.7557204041476187,3.93437217416448,3.4141316602009826
nextgen_prospective_010,nextgen_prospective__nextgen_prospective_010__cluster_3water__orientation,orientation,4.088816659381431,-0.08647407990207354,1.2455174845849015,0.44850876588809374
nextgen_prospective_010,nextgen_prospective__nextgen_prospective_010__cluster_3water__orientation,orientation,1.6237706145407445,2.7558670066568154,-4.734052342854067,-3.98493541258603
nextgen_prospective_010,nextgen_prospective__nextgen_prospective_010__cluster_3water__orientation,orientation,2.5089773984884807,-1.9323172315256274,5.658574517169779,4.84644926211777
nextgen_prospective_010,nextgen_prospective__nextgen_prospective_010__cluster_3water__orientation,orientation,2.9279147812651254,1.1654832211319586,-0.6236334258664655,-0.6562337443137951
nextgen_prospective_010,nextgen_prospective__nextgen_prospective_010__cluster_3water__orientation,orientation,0.4700117906916948,-1.515618334719125,3.8580962975824917,3.0309058151179977
nextgen_prospective_010,nextgen_prospective__nextgen_prospective_010__cluster_3water__orientation,orientation,0.4858277077112763,1.5065855814286089,-1.8734048316866314,-1.5056246593141087
nextgen_prospective_010,nextgen_prospective__nextgen_prospective_010__cluster_3water__orientation,orientation,1.7654163544951451,-0.13558525783907396,1.2415246738282093,0.9923892915594057
nextgen_prospective_010,nextgen_prospective__nextgen_prospective_010__cluster_3water__orientation,orientation,0.17802578858891496,-1.0293605100155732,0.5059546339247767,0.5990805301713316
nextgen_prospective_010,nextgen_prospective__nextgen_prospective_010__cluster_3water__orientation,orientation,1.6923680575597313,-0.4433271902113406,-0.40999601729607704,-0.3414363390644041
nextgen_prospective_010,nextgen_prospective__nextgen_prospective_010__cluster_3water__orientation,orientation,0.48804284355011773,-2.4596735836658556,5.5136399557906834,5.511786436194614
nextgen_prospective_010,nextgen_prospective__nextgen_prospective_010__cluster_3water__orientation,orientation,-0.0699958825312724,0.3138545859060609,-2.8563319370018547,-2.5250804188515876
nextgen_prospective_010,nextgen_prospective__nextgen_prospective_010__cluster_3water__orientation,orientation,2.4355886342082522,-1.58101709891357,4.715789226908296,4.8322105061414655
nextgen_prospective_010,nextgen_prospective__nextgen_prospective_010__cluster_3water__orientation,orientation,-1.0350859262218919,-1.9103997827718635,1.053103133634714,1.5717875728133515
nextgen_prospective_010,nextgen_prospective__nextgen_prospective_010__cluster_3water__orientation,orientation,-0.640084929833075,-3.005087605333954,5.953382652517991,6.183695842764256
nextgen_prospective_010,nextgen_prospective__nextgen_prospective_010__cluster_3water__orientation,orientation,0.4878763613012678,-3.307505018297795,12.73661681728644,12.350260080599172
nextgen_prospective_010,nextgen_prospective__nextgen_prospective_010__cluster_3water__orientation,orientation,2.626496562914197,-1.1185194016243594,5.452399017122023,5.15303889265434
nextgen_prospective_010,nextgen_prospective__nextgen_prospective_010__cluster_3water__orientation,orientation,-1.2894678719633526,-2.285773925798775,1.875152775422162,2.8678754244299256
nextgen_prospective_010,nextgen_prospective__nextgen_prospective_010__cluster_3water__orientation,orientation,1.3977326933307912,-2.5541751862204563,10.031311148857469,8.302089192565372
nextgen_prospective_010,nextgen_prospective__nextgen_prospective_010__cluster_3water__orientation,orientation,1.7235728799348484,-0.14477483415344555,1.9504847356537347,1.7316887513504446
nextgen_prospective_010,nextgen_prospective__nextgen_prospective_010__cluster_3water__orientation,orientation,-0.18812944606670826,-2.2300760442598437,4.526762847836707,3.9625793736316237
nextgen_prospective_010,nextgen_prospective__nextgen_prospective_010__cluster_3water__orientation,orientation,-0.17582817727370054,0.12052700163283797,-0.5024605428984863,-0.5757791119356714
nextgen_prospective_010,nextgen_prospective__nextgen_prospective_010__cluster_3water__orientation,orientation,0.8194074368915307,-1.1567169844642484,3.3818889480023984,2.586643133667981
nextgen_prospective_010,nextgen_prospective__nextgen_prospective_010__cluster_3water__orientation,orientation,0.07869094097929485,-1.0388369847057763,0.08346420049321068,0.24423534373537775
nextgen_prospective_010,nextgen_prospective__nextgen_prospective_010__cluster_3water__orientation,orientation,2.0257024296560586,-0.2853655735289058,-0.5960540566318784,-0.6276926908493998
nextgen_prospective_010,nextgen_prospective__nextgen_prospective_010__cluster_3water__orientation,orientation,0.4772842973579841,-2.8778109365418536,4.049488358341069,3.9615891646956736
nextgen_prospective_010,nextgen_prospective__nextgen_prospective_010__cluster_3water__orientation,orientation,-0.24019406474666039,0.6881538529077532,-2.968782822694749,-2.5847854963944576
nextgen_prospective_010,nextgen_prospective__nextgen_prospective_010__cluster_3water__orientation,orientation,2.9812717424898714,-1.7481097418603435,3.493551560286079,3.243748318154836
nextgen_prospective_010,nextgen_prospective__nextgen_prospective_010__cluster_3water__orientation,orientation,-1.4810241209203143,-2.1716017639638645,0.2052657491429244,0.6843863410148255
nextgen_prospective_010,nextgen_prospective__nextgen_prospective_010__cluster_3water__orientation,orientation,-0.9731656969918351,-3.579057535829409,4.1018209824574825,4.2176835834545905
nextgen_prospective_010,nextgen_prospective__nextgen_prospective_010__cluster_3water__orientation,orientation,2.4954108678410525,1.2903481272915802,-4.649291897893093,-4.332195897683521
nextgen_prospective_010,nextgen_prospective__nextgen_prospective_010__cluster_3water__orientation,orientation,0.4770702487523199,-3.9678799239257767,8.476690764718242,8.309089878539455
nextgen_prospective_010,nextgen_prospective__nextgen_prospective_010__cluster_3water__orientation,orientation,3.226724793683229,-1.1534698453456445,3.8383910407029376,3.310844137091515
nextgen_prospective_010,nextgen_prospective__nextgen_prospective_010__cluster_3water__orientation,orientation,-1.8080866225879062,-2.654225662141322,0.7827541256220094,1.3855339758677288
nextgen_prospective_010,nextgen_prospective__nextgen_prospective_010__cluster_3water__orientation,orientation,0.7616787488425427,1.6888712412132438,-3.821929728143214,-2.9409364876996107
nextgen_prospective_010,nextgen_prospective__nextgen_prospective_010__cluster_3water__orientation,orientation,1.646885532790279,-2.999312996969198,6.821349095546214,5.967292893256394
nextgen_prospective_010,nextgen_prospective__nextgen_prospective_010__cluster_3water__orientation,orientation,-1.9555539645723536,-0.33644340463493266,-2.4623546334336943,-2.258628649809859
nextgen_prospective_010,nextgen_prospective__nextgen_prospective_010__cluster_3water__orientation,orientation,2.0658229155669243,0.09848745568838772,1.054045211745791,0.8867381388029926
nextgen_prospective_010,nextgen_prospective__nextgen_prospective_010__cluster_3water__orientation,orientation,-0.3920800750065065,-2.582614100162696,3.2132555315924627,2.8956697993114022
nextgen_prospective_010,nextgen_prospective__nextgen_prospective_010__cluster_3water__orientation,orientation,-0.37626415798692514,0.43958981598503816,-0.8195679437155157,-0.6954796757880719
nextgen_prospective_010,nextgen_prospective__nextgen_prospective_010__cluster_3water__orientation,orientation,0.9033244887969436,-1.2025810232826446,2.3801024099197043,1.9100165913476232
nextgen_prospective_010,nextgen_prospective__nextgen_prospective_010__cluster_3water__orientation,orientation,-1.1378118666198838,-0.9111828849078935,-1.4150751775718895,-1.0581437286847188
nextgen_prospective_010,nextgen_prospective__nextgen_prospective_010__cluster_3water__orientation,orientation,0.24291196685350772,-0.3768583874393284,-1.000138695670838,-1.39659282153294
nextgen_prospective_010,nextgen_prospective__nextgen_prospective_010__cluster_3water__orientation,orientation,-0.8551492576846695,-2.2152918638243277,2.046613267663311,2.4558695962372843
nextgen_prospective_010,nextgen_prospective__nextgen_prospective_010__cluster_3water__orientation,orientation,-2.243884312476796,-1.714483398303335,-2.500443571606503,-1.6624473798921762
nextgen_prospective_010,nextgen_prospective__nextgen_prospective_010__cluster_3water__orientation,orientation,-0.01640784823189398,-2.758266082499195,9.828824952455406,10.062899677572322
nextgen_prospective_010,nextgen_prospective__nextgen_prospective_010__cluster_3water__orientation,orientation,-1.88373634518111,-2.7125811188746525,0.4092963864179566,1.2288780145898686
nextgen_prospective_010,nextgen_prospective__nextgen_prospective_010__cluster_3water__orientation,orientation,-0.8553010503233267,-2.9883146424593314,4.994815085860527,5.191486306655414
nextgen_prospective_010,nextgen_prospective__nextgen_prospective_010__cluster_3water__orientation,orientation,-2.475820792417539,-2.0567362934161073,-2.1538695238327854,-1.3629515835125643
nextgen_prospective_010,nextgen_prospective__nextgen_prospective_010__cluster_3water__orientation,orientation,-0.025726159355231926,-2.301455089682934,6.648571725618169,5.709248295108032
nextgen_prospective_010,nextgen_prospective__nextgen_prospective_010__cluster_3water__orientation,orientation,0.27136342254846735,-0.10464888632771822,0.5857897549645941,-0.05024573482651613
nextgen_prospective_010,nextgen_prospective__nextgen_prospective_010__cluster_3water__orientation,orientation,-1.4716592864529523,-2.005952930836493,0.6987022980924351,1.0924186181383782
nextgen_prospective_010,nextgen_prospective__nextgen_prospective_010__cluster_3water__orientation,orientation,-1.4604434237299155,0.1372439639480109,-1.9991510299277593,-1.7262244699981832
nextgen_prospective_010,nextgen_prospective__nextgen_prospective_010__cluster_3water__orientation,orientation,-0.5530227166969106,-1.0273020233758035,1.112373542307754,0.9468198947457865
nextgen_prospective_010,nextgen_prospective__nextgen_prospective_010__cluster_3water__orientation,orientation,-1.2283818747345374,-0.9198232000666082,-1.2282516987069947,-0.8371799991015594
nextgen_prospective_010,nextgen_prospective__nextgen_prospective_010__cluster_3water__orientation,orientation,0.5468344825883946,-0.23283456046416734,-1.237544609374197,-1.1461564137595066
nextgen_prospective_010,nextgen_prospective__nextgen_prospective_010__cluster_3water__orientation,orientation,-0.8649585203892619,-2.596534744387738,1.920228685351244,2.1646750540612265
nextgen_prospective_010,nextgen_prospective__nextgen_prospective_010__cluster_3water__orientation,orientation,-1.5191299681905555,0.6547860930516101,-3.5292588800928115,-2.873780336420246
nextgen_prospective_010,nextgen_prospective__nextgen_prospective_010__cluster_3water__orientation,orientation,1.418088856054518,-1.5665130668840075,5.387038757614704,6.084031500068033
nextgen_prospective_010,nextgen_prospective__nextgen_prospective_010__cluster_3water__orientation,orientation,-2.65047501940771,-1.952638145860747,-2.1980978001976403,-1.390329337725089
nextgen_prospective_010,nextgen_prospective__nextgen_prospective_010__cluster_3water__orientation,orientation,0.21342329176430686,-3.294644454112567,9.161114745944943,8.99907230197767
nextgen_prospective_010,nextgen_prospective__nextgen_prospective_010__cluster_3water__orientation,orientation,-2.187427632884685,-3.2359066437381556,0.5337051129932213,1.076562519871688
nextgen_prospective_010,nextgen_prospective__nextgen_prospective_010__cluster_3water__orientation,orientation,-0.8651536823532499,-3.590421174061315,4.64314792292253,4.594465195324943
nextgen_prospective_010,nextgen_prospective__nextgen_prospective_010__cluster_3water__orientation,orientation,-2.948679065045809,-2.3926775824343114,-1.7202045764590501,-1.1684890859528767
nextgen_prospective_010,nextgen_prospective__nextgen_prospective_010__cluster_3water__orientation,orientation,0.20144260603430075,-2.707316034777375,6.239005806806475,5.27620293226937
nextgen_prospective_010,nextgen_prospective__nextgen_prospective_010__cluster_3water__orientation,orientation,-3.083134582737511,-0.2794055241196625,-4.050723999334593,-3.4555198001651224
nextgen_prospective_010,nextgen_prospective__nextgen_prospective_010__cluster_3water__orientation,orientation,0.5834149256247712,0.11714908382218867,0.34321544404525284,0.1405436678884916
nextgen_prospective_010,nextgen_prospective__nextgen_prospective_010__cluster_3water__orientation,orientation,-1.6576142716627682,-2.327384687689093,0.7780450087824242,0.9806823012486461
nextgen_prospective_010,nextgen_prospective__nextgen_prospective_010__cluster_3water__orientation,orientation,-1.6431938767331495,0.42815417703384023,-1.6852480460682884,-1.4184086264503424
nextgen_prospective_010,nextgen_prospective__nextgen_prospective_010__cluster_3water__orientation,orientation,-0.4765101105478575,-1.069119235239635,1.0497487054084154,0.8959074997083241
nextgen_prospective_010,nextgen_prospective__nextgen_prospective_010__cluster_3water__orientation,orientation,-3.404020829405937,-0.47133139186116096,-6.743714647753141,-4.662849991247562
nextgen_prospective_010,nextgen_prospective__nextgen_prospective_010__cluster_3water__orientation,orientation,-3.185185261198029,-1.4809641497319488,-4.898243754360987,-3.60771162706713
nextgen_prospective_010,nextgen_prospective__nextgen_prospective_010__cluster_3water__orientation,orientation,-4.260334981037095,-1.093241466747954,-6.669003774230742,-5.75741745466417
nextgen_prospective_010,nextgen_prospective__nextgen_prospective_010__cluster_3water__orientation,orientation,-2.53583707323459,-1.9013312867705554,-3.4105162469884043,-2.400965518956772
nextgen_prospective_010,nextgen_prospective__nextgen_prospective_010__cluster_3water__orientation,orientation,-3.9815107482920475,-1.8659622826741358,-4.680589005670921,-3.9815643280313364
nextgen_prospective_010,nextgen_prospective__nextgen_prospective_010__cluster_3water__orientation,orientation,-3.18530277807957,-2.0794333977074357,-3.292712858282698,-2.698981763197964
nextgen_prospective_010,nextgen_prospective__nextgen_prospective_010__cluster_3water__orientation,orientation,-4.311704678474439,0.7481054173197619,-5.472164163650817,-5.08933778180859
nextgen_prospective_010,nextgen_prospective__nextgen_prospective_010__cluster_3water__orientation,orientation,-4.439898707442832,-1.3582114500610682,-4.629287218083533,-4.265382455408382
nextgen_prospective_010,nextgen_prospective__nextgen_prospective_010__cluster_3water__orientation,orientation,-2.543051249588142,-1.5476711632999023,-2.8081937557851155,-2.237751643657922
nextgen_prospective_010,nextgen_prospective__nextgen_prospective_010__cluster_3water__orientation,orientation,-4.520861169708803,-0.08570354397912922,-4.774300915801888,-4.423376588565294
nextgen_prospective_010,nextgen_prospective__nextgen_prospective_010__cluster_3water__orientation,orientation,-3.662483347986377,-1.3188952983865283,-3.5519310593619124,-3.1930009161467425
nextgen_prospective_010,nextgen_prospective__nextgen_prospective_010__cluster_3water__orientation,orientation,-3.653800099426607,0.34035391047889396,-4.083984491550563,-3.4053264167664357
nextgen_prospective_010,nextgen_prospective__nextgen_prospective_010__cluster_3water__orientation,orientation,-2.951280842368796,-0.561230079707285,-3.25249347493628,-2.796903980672685
nextgen_prospective_010,nextgen_prospective__nextgen_prospective_010__cluster_3water__orientation,orientation,-3.4741395453656687,-0.4780206681130691,-4.99337104118025,-3.4380595278861006
nextgen_prospective_010,nextgen_prospective__nextgen_prospective_010__cluster_3water__orientation,orientation,-2.0997784945350118,0.053841504482368865,-4.168616051815732,-3.6244790611573374
nextgen_prospective_010,nextgen_prospective__nextgen_prospective_010__cluster_3water__orientation,orientation,-3.1927795290983583,-1.776119928232653,-3.3766213899304454,-2.3660980445398905
nextgen_prospective_010,nextgen_prospective__nextgen_prospective_010__cluster_3water__orientation,orientation,-4.575114883177158,-1.2776193358246608,-4.953090491460088,-4.184360771838798
nextgen_prospective_010,nextgen_prospective__nextgen_prospective_010__cluster_3water__orientation,orientation,-2.3579032874310797,-2.316591961568005,-1.7058073888942538,-0.7694722795477346
nextgen_prospective_010,nextgen_prospective__nextgen_prospective_010__cluster_3water__orientation,orientation,-4.216626583933525,-2.2711175277297513,-3.245470745137702,-2.6122202804131964
nextgen_prospective_010,nextgen_prospective__nextgen_prospective_010__cluster_3water__orientation,orientation,-3.192930622231769,-2.5455803899154223,-1.9482911793247126,-1.3800587650772314
nextgen_prospective_010,nextgen_prospective__nextgen_prospective_010__cluster_3water__orientation,orientation,-4.641161637025172,1.089826657976689,-3.9533828067472854,-3.5518485579528556
nextgen_prospective_010,nextgen_prospective__nextgen_prospective_010__cluster_3water__orientation,orientation,-4.805982531413106,-1.6182950286558073,-3.18568907470107,-2.8155885997047663
nextgen_prospective_010,nextgen_prospective__nextgen_prospective_010__cluster_3water__orientation,orientation,-2.367178657028504,-1.8618860885343078,-1.458430905481034,-0.907591567752031
nextgen_prospective_010,nextgen_prospective__nextgen_prospective_010__cluster_3water__orientation,orientation,-4.910077125755068,0.017786564878114725,-2.9960244676643377,-2.9204738546119717
nextgen_prospective_010,nextgen_prospective__nextgen_prospective_010__cluster_3water__orientation,orientation,-2.0714581515391073,0.3247965839298703,-2.4499643660074177,-2.125258076613003
nextgen_prospective_010,nextgen_prospective__nextgen_prospective_010__cluster_3water__orientation,orientation,-3.806448497826235,-1.567745690788542,-2.3852982446372906,-2.058945198706437
nextgen_prospective_010,nextgen_prospective__nextgen_prospective_010__cluster_3water__orientation,orientation,-3.79528432110653,0.5655747206098587,-2.8615664005240404,-2.4938709658600677
nextgen_prospective_010,nextgen_prospective__nextgen_prospective_010__cluster_3water__orientation,orientation,-2.8920452763179165,-0.5936046953437998,-2.2369409859068767,-1.8893450645239491
nextgen_prospective_010,nextgen_prospective__nextgen_prospective_010__cluster_3water__orientation,orientation,-3.4245996589253713,1.0836509332117612,-3.608764407030396,-2.5302946344766535
nextgen_prospective_010,nextgen_prospective__nextgen_prospective_010__cluster_3water__orientation,orientation,-2.355652174945971,1.4973215118971017,-3.3823452590491243,-2.8553469547235872
nextgen_prospective_010,nextgen_prospective__nextgen_prospective_010__cluster_3water__orientation,orientation,-3.2057640907174636,0.07401817534097345,-5.204219597884752,-3.519584676542795
nextgen_prospective_010,nextgen_prospective__nextgen_prospective_010__cluster_3water__orientation,orientation,-3.5996737797160923,2.0318027656270323,-2.820228626620125,-2.2101005912355007
nextgen_prospective_010,nextgen_prospective__nextgen_prospective_010__cluster_3water__orientation,orientation,-4.280913810556529,0.4617408583249678,-5.645218935237395,-3.980214733537728
nextgen_prospective_010,nextgen_prospective__nextgen_prospective_010__cluster_3water__orientation,orientation,-2.532413826890518,2.4194579888982473,-2.883896334492597,-2.8477526354793143
nextgen_prospective_010,nextgen_prospective__nextgen_prospective_010__cluster_3water__orientation,orientation,-4.497569273492343,1.7839802792080515,-3.4978027801599865,-2.4030568787400584
nextgen_prospective_010,nextgen_prospective__nextgen_prospective_010__cluster_3water__orientation,orientation,-4.002089577811482,-0.3109799576012135,-9.268192844288592,-7.527828939757246
nextgen_prospective_010,nextgen_prospective__nextgen_prospective_010__cluster_3water__orientation,orientation,-3.4573669086497683,2.7348090874542734,-2.2530739377231157,-2.2140987608707965
nextgen_prospective_010,nextgen_prospective__nextgen_prospective_010__cluster_3water__orientation,orientation,-4.332283507993874,2.3030877423926843,-2.5232952008624743,-2.2312854382671685
nextgen_prospective_010,nextgen_prospective__nextgen_prospective_010__cluster_3water__orientation,orientation,-3.0496259604906473,2.5812162337163214,-2.03804713912481,-2.3174398997357226
nextgen_prospective_010,nextgen_prospective__nextgen_prospective_010__cluster_3water__orientation,orientation,-4.5414399992282375,1.469278781093793,-3.425416895988853,-3.052842256665481
nextgen_prospective_010,nextgen_prospective__nextgen_prospective_010__cluster_3water__orientation,orientation,-3.674378928946041,1.8953362355518162,-2.1643108577849013,-2.296954582361494
nextgen_prospective_010,nextgen_prospective__nextgen_prospective_010__cluster_3water__orientation,orientation,-3.494718374885103,1.0769616569598528,-3.0523960002608597,-2.206717954378657
nextgen_prospective_010,nextgen_prospective__nextgen_prospective_010__cluster_3water__orientation,orientation,-2.1203573240544467,1.608823829555291,-3.1539959828617015,-2.6983945813335626
nextgen_prospective_010,nextgen_prospective__nextgen_prospective_010__cluster_3water__orientation,orientation,-3.2133583586177927,-0.2211376031597312,-4.107093358388436,-2.847581101024459
nextgen_prospective_010,nextgen_prospective__nextgen_prospective_010__cluster_3water__orientation,orientation,-3.7198136730446016,2.2960140129223445,-2.5380795320577576,-2.019808938408519
nextgen_prospective_010,nextgen_prospective__nextgen_prospective_010__cluster_3water__orientation,orientation,-4.595693712696593,0.27736298924826164,-4.696184935880865,-3.317256218995044
nextgen_prospective_010,nextgen_prospective__nextgen_prospective_010__cluster_3water__orientation,orientation,-2.3476223051260057,2.7944278714139075,-2.8889131899374476,-2.843315565992527
nextgen_prospective_010,nextgen_prospective__nextgen_prospective_010__cluster_3water__orientation,orientation,-2.3784821169505146,-0.7616096364950831,-4.715624947899233,-3.9642267413729297
nextgen_prospective_010,nextgen_prospective__nextgen_prospective_010__cluster_3water__orientation,orientation,-4.874250736471209,1.9773851018122264,-3.102931691563615,-2.0669098016454432
nextgen_prospective_010,nextgen_prospective__nextgen_prospective_010__cluster_3water__orientation,orientation,-4.237205413452959,-0.7161352026568287,-7.5648464574213925,-6.588362625160666
nextgen_prospective_010,nextgen_prospective__nextgen_prospective_010__cluster_3water__orientation,orientation,-3.536847695959327,3.1998792838430834,-2.1768664871855137,-2.0898192421958752
nextgen_prospective_010,nextgen_prospective__nextgen_prospective_010__cluster_3water__orientation,orientation,-4.661740466544606,2.6448089830496113,-2.281745452608064,-1.9674804041403042
nextgen_prospective_010,nextgen_prospective__nextgen_prospective_010__cluster_3water__orientation,orientation,-3.012609334040458,3.002402757608573,-2.104388154221315,-2.272866155878743
nextgen_prospective_010,nextgen_prospective__nextgen_prospective_010__cluster_3water__orientation,orientation,-4.930655955274503,1.5727688899510368,-2.7070895478527035,-2.4656905667733087
nextgen_prospective_010,nextgen_prospective__nextgen_prospective_010__cluster_3water__orientation,orientation,-2.0920369810585417,1.8797789090027923,-2.654540191450394,-2.477646300500427
nextgen_prospective_010,nextgen_prospective__nextgen_prospective_010__cluster_3water__orientation,orientation,-3.8270273273456694,-0.01276336571561966,-6.036391836627075,-5.281481248676873
nextgen_prospective_010,nextgen_prospective__nextgen_prospective_010__cluster_3water__orientation,orientation,-3.815863150625964,2.120557045682781,-1.9791976406078327,-2.075206896320244
nextgen_prospective_010,nextgen_prospective__nextgen_prospective_010__cluster_3water__orientation,orientation,-2.912624105837351,0.9613776297291223,-2.886001284464701,-2.2996790062423
nextgen_prospective_010,nextgen_prospective__nextgen_prospective_010__cluster_3water__orientation,orientation,-1.2492648946396374,2.433377499095868,-3.795156067039951,-3.781368395045109
nextgen_prospective_010,nextgen_prospective__nextgen_prospective_010__cluster_3water__orientation,orientation,-0.18031741066023754,2.8470480777812086,-4.506083338355005,-4.976577385452416
nextgen_prospective_010,nextgen_prospective__nextgen_prospective_010__cluster_3water__orientation,orientation,-1.4243390154303581,3.381529331511139,-3.2565819071184166,-3.3188927126964582
nextgen_prospective_010,nextgen_prospective__nextgen_prospective_010__cluster_3water__orientation,orientation,-2.1055790462707953,1.8114674242090745,-3.5809804802178213,-3.4677347285583497
nextgen_prospective_010,nextgen_prospective__nextgen_prospective_010__cluster_3water__orientation,orientation,-0.3570790626047841,3.7691845547823544,-3.874971638974767,-4.134701227061045
nextgen_prospective_010,nextgen_prospective__nextgen_prospective_010__cluster_3water__orientation,orientation,-2.322234509206608,3.1337068450921577,-2.831070791299517,-2.925138945644907
nextgen_prospective_010,nextgen_prospective__nextgen_prospective_010__cluster_3water__orientation,orientation,-1.282032144364034,4.0845356533383805,-3.08133445126213,-3.1302431536411723
nextgen_prospective_010,nextgen_prospective__nextgen_prospective_010__cluster_3water__orientation,orientation,-2.6690803580087294,2.287608380269519,-2.3458436021717155,-2.6751975854311016
nextgen_prospective_010,nextgen_prospective__nextgen_prospective_010__cluster_3water__orientation,orientation,0.07756173187269992,3.71214579587873,-4.451062804025074,-4.7665111154004975
nextgen_prospective_010,nextgen_prospective__nextgen_prospective_010__cluster_3water__orientation,orientation,-2.1569487437081394,3.65281430827679,-2.686079815643172,-2.7808426447359387
nextgen_prospective_010,nextgen_prospective__nextgen_prospective_010__cluster_3water__orientation,orientation,-0.874291196204913,3.9309427996004285,-3.3028233024134934,-3.3204696163199046
nextgen_prospective_010,nextgen_prospective__nextgen_prospective_010__cluster_3water__orientation,orientation,-2.366105234942503,2.8190053469778995,-2.545933797835964,-2.739928801769419
nextgen_prospective_010,nextgen_prospective__nextgen_prospective_010__cluster_3water__orientation,orientation,-0.15829047721897854,3.057790917351487,-4.280510985328334,-4.28068948251715
nextgen_prospective_010,nextgen_prospective__nextgen_prospective_010__cluster_3water__orientation,orientation,-1.4990441646603074,3.245062801435923,-3.0137032946520037,-2.9954838615237716
nextgen_prospective_010,nextgen_prospective__nextgen_prospective_010__cluster_3water__orientation,orientation,-0.796524907602497,2.3434788112497444,-3.8419228262633887,-3.4879730379290272
nextgen_prospective_010,nextgen_prospective__nextgen_prospective_010__cluster_3water__orientation,orientation,-1.3193836105993693,2.4266882228439597,-3.238349958107456,-3.0918391763609123
nextgen_prospective_010,nextgen_prospective__nextgen_prospective_010__cluster_3water__orientation,orientation,0.054977440231287755,2.9585503954393975,-3.9625500146813764,-4.239669950478892
nextgen_prospective_010,nextgen_prospective__nextgen_prospective_010__cluster_3water__orientation,orientation,-1.0380235943320593,1.1285889627243753,-3.9847265049974823,-3.3198359460676157
nextgen_prospective_010,nextgen_prospective__nextgen_prospective_010__cluster_3water__orientation,orientation,-1.544478908758867,3.645740578806451,-2.794938529379287,-2.7879725600817404
nextgen_prospective_010,nextgen_prospective__nextgen_prospective_010__cluster_3water__orientation,orientation,-2.420358948410858,1.6270895551323683,-3.354207764883377,-2.9117998110034837
nextgen_prospective_010,nextgen_prospective__nextgen_prospective_010__cluster_3water__orientation,orientation,-0.172287540840272,4.144154437298015,-3.388420563927408,-3.5777234637651607
nextgen_prospective_010,nextgen_prospective__nextgen_prospective_010__cluster_3water__orientation,orientation,-2.698915972185474,3.3271116676963333,-2.4931857204024688,-2.4691341294090723
nextgen_prospective_010,nextgen_prospective__nextgen_prospective_010__cluster_3water__orientation,orientation,-1.3615129316735932,4.5496058497271905,-2.6357058718540216,-2.6622954604367517
nextgen_prospective_010,nextgen_prospective__nextgen_prospective_010__cluster_3water__orientation,orientation,0.3865363377736361,4.070818890136211,-4.0342860743791675,-4.212268563171225
nextgen_prospective_010,nextgen_prospective__nextgen_prospective_010__cluster_3water__orientation,orientation,-2.486405702258871,3.9945355489337175,-2.3052115181010358,-2.3452261698289085
nextgen_prospective_010,nextgen_prospective__nextgen_prospective_010__cluster_3water__orientation,orientation,-0.8372745697547237,4.3521293234926794,-2.8132560775815385,-2.8027024177683453
nextgen_prospective_010,nextgen_prospective__nextgen_prospective_010__cluster_3water__orientation,orientation,-2.7553211909887683,2.922495455835143,-2.174609477781253,-2.3006769160417293
nextgen_prospective_010,nextgen_prospective__nextgen_prospective_010__cluster_3water__orientation,orientation,0.08329778322719228,3.229505474886899,-3.703493007743308,-3.5303308020015276
nextgen_prospective_010,nextgen_prospective__nextgen_prospective_010__cluster_3water__orientation,orientation,-1.651692563059935,1.3369632001684872,-2.9627093158008933,-2.3857622878460516
nextgen_prospective_010,nextgen_prospective__nextgen_prospective_010__cluster_3water__orientation,orientation,-1.6405283863402305,3.4702836115668876,-2.5186276454625123,-2.457486863475317
nextgen_prospective_010,nextgen_prospective__nextgen_prospective_010__cluster_3water__orientation,orientation,-0.7372893415516172,2.311104195613229,-3.0928299940296,-2.6845254364876845
nextgen_prospective_010,nextgen_prospective__nextgen_prospective_010__cluster_3water__orientation,orientation,1.2246067436539745,2.180301601117202,-4.912508572074259,-5.332171343853804
nextgen_prospective_010,nextgen_prospective__nextgen_prospective_010__cluster_3water__orientation,orientation,2.293554227633374,2.593972179802542,-4.998078196542188,-5.377739220410173
nextgen_prospective_010,nextgen_prospective__nextgen_prospective_010__cluster_3water__orientation,orientation,1.049532622863254,3.1284534335324725,-4.919291597114572,-5.573423344066932
nextgen_prospective_010,nextgen_prospective__nextgen_prospective_010__cluster_3water__orientation,orientation,2.8181805170323306,1.7908969501303809,-5.060669940964324,-5.463481700503687
nextgen_prospective_010,nextgen_prospective__nextgen_prospective_010__cluster_3water__orientation,orientation,2.1167925756888275,3.516108656803689,-5.1434241549013215,-5.5671344111605965
nextgen_prospective_010,nextgen_prospective__nextgen_prospective_010__cluster_3water__orientation,orientation,0.15163712908700405,2.8806309471134917,-5.38955997801871,-6.561852934142195
nextgen_prospective_010,nextgen_prospective__nextgen_prospective_010__cluster_3water__orientation,orientation,3.0739792593835107,2.625994613279304,-5.635800664782309,-5.912979984888749
nextgen_prospective_010,nextgen_prospective__nextgen_prospective_010__cluster_3water__orientation,orientation,1.191839493929578,3.8314597553597145,-5.034614489455969,-5.531499071658525
nextgen_prospective_010,nextgen_prospective__nextgen_prospective_010__cluster_3water__orientation,orientation,2.8087414632710916,1.2009169505918769,-4.647041400092533,-5.597367838981793
nextgen_prospective_010,nextgen_prospective__nextgen_prospective_010__cluster_3water__orientation,orientation,2.5514333701663117,3.4590698979000645,-5.496790570669319,-5.406119000365449
nextgen_prospective_010,nextgen_prospective__nextgen_prospective_010__cluster_3water__orientation,orientation,0.3169228945854726,3.3997384102981245,-5.244074928606235,-5.8941386016820445
nextgen_prospective_010,nextgen_prospective__nextgen_prospective_010__cluster_3water__orientation,orientation,1.5995804420886988,3.6778669016217624,-5.22762009628952,-5.122822229503644
nextgen_prospective_010,nextgen_prospective__nextgen_prospective_010__cluster_3water__orientation,orientation,2.3155811610746335,2.804715019372821,-5.406930188756487,-4.734183779768048
nextgen_prospective_010,nextgen_prospective__nextgen_prospective_010__cluster_3water__orientation,orientation,0.9748274736333047,2.9919869034572564,-5.1734830683871635,-4.806416632434713
nextgen_prospective_010,nextgen_prospective__nextgen_prospective_010__cluster_3water__orientation,orientation,1.6773467306911147,2.0904029132710784,-5.1426535263119355,-3.9862148255370995
nextgen_prospective_010,nextgen_prospective__nextgen_prospective_010__cluster_3water__orientation,orientation,1.1544880276942426,2.173612324865293,-3.835244173805208,-4.002413273832215
nextgen_prospective_010,nextgen_prospective__nextgen_prospective_010__cluster_3water__orientation,orientation,2.5288490785248996,2.705474497460732,-3.7089151302622803,-3.9202958128973413
nextgen_prospective_010,nextgen_prospective__nextgen_prospective_010__cluster_3water__orientation,orientation,1.4358480439615526,0.8755130647457093,-3.822699415197306,-3.7740086867437896
nextgen_prospective_010,nextgen_prospective__nextgen_prospective_010__cluster_3water__orientation,orientation,0.9293927295347446,3.392664680827785,-3.9059000527905674,-4.249217631706778
nextgen_prospective_010,nextgen_prospective__nextgen_prospective_010__cluster_3water__orientation,orientation,3.2033685934664144,1.6729492021679517,-3.5663004288286615,-3.980957808995781
nextgen_prospective_010,nextgen_prospective__nextgen_prospective_010__cluster_3water__orientation,orientation,2.3015840974533397,3.8910785393193486,-3.8701694023060007,-4.048872223240834
nextgen_prospective_010,nextgen_prospective__nextgen_prospective_010__cluster_3water__orientation,orientation,-0.22504433389186232,3.0740357697176672,-4.635747643653154,-5.213130539317983
nextgen_prospective_010,nextgen_prospective__nextgen_prospective_010__cluster_3water__orientation,orientation,3.532252690775075,2.7466461976451395,-4.109895872143277,-4.264601948393276
nextgen_prospective_010,nextgen_prospective__nextgen_prospective_010__cluster_3water__orientation,orientation,1.1123587066200187,4.296529951748524,-3.9314558564913504,-4.175279679919125
nextgen_prospective_010,nextgen_prospective__nextgen_prospective_010__cluster_3water__orientation,orientation,2.8604079760672483,3.817742992157545,-4.004679751913542,-3.7746455802036616
nextgen_prospective_010,nextgen_prospective__nextgen_prospective_010__cluster_3water__orientation,orientation,-0.012534063965259641,3.741459650955052,-4.348824007228913,-4.639626392325113
nextgen_prospective_010,nextgen_prospective__nextgen_prospective_010__cluster_3water__orientation,orientation,1.6365970685388882,4.099053425514014,-3.9505290910502033,-3.797626728925465
nextgen_prospective_010,nextgen_prospective__nextgen_prospective_010__cluster_3water__orientation,orientation,2.557169421520804,2.976429576908233,-3.80943446909221,-3.334043354422885
nextgen_prospective_010,nextgen_prospective__nextgen_prospective_010__cluster_3water__orientation,orientation,0.8333432519533812,3.2172077135882216,-3.9899307968789266,-3.662898549593876
nextgen_prospective_010,nextgen_prospective__nextgen_prospective_010__cluster_3water__orientation,orientation,1.7365822967419946,2.058028297634563,-3.5445060393901606,-2.7728819999665304
nextgen_prospective_010,nextgen_prospective__nextgen_prospective_010__cluster_3water__orientation,orientation,2.215527917414477,-0.10257140808891617,-1.3002817153537904,-1.766228218550715
nextgen_prospective_010,nextgen_prospective__nextgen_prospective_010__cluster_3water__orientation,orientation,3.2844754013938773,0.31109917059642445,-1.1758261081635801,-2.229741928072497
nextgen_prospective_010,nextgen_prospective__nextgen_prospective_010__cluster_3water__orientation,orientation,2.4343634856223852,-1.1122041659597037,2.499057042849362,2.4440293858215294
nextgen_prospective_010,nextgen_prospective__nextgen_prospective_010__cluster_3water__orientation,orientation,3.8091016907928337,-0.49197605907573744,1.0535273567260361,-0.0882033348520406
nextgen_prospective_010,nextgen_prospective__nextgen_prospective_010__cluster_3water__orientation,orientation,3.107713749449331,1.2332356475975705,-3.8160892532750346,-4.733337888644959
nextgen_prospective_010,nextgen_prospective__nextgen_prospective_010__cluster_3water__orientation,orientation,3.083711673585825,-1.5325713029983106,4.411721855704709,4.0105456221503255
nextgen_prospective_010,nextgen_prospective__nextgen_prospective_010__cluster_3water__orientation,orientation,4.064900433144013,0.3431216040731862,-0.3951244086994876,-1.6878440724722186
nextgen_prospective_010,nextgen_prospective__nextgen_prospective_010__cluster_3water__orientation,orientation,3.7996626370315933,-1.0819560586142407,3.0564721357779767,2.2032125402132867
nextgen_prospective_010,nextgen_prospective__nextgen_prospective_010__cluster_3water__orientation,orientation,2.434245968740844,-1.710673413935191,9.126992702561232,9.179841396071462
nextgen_prospective_010,nextgen_prospective__nextgen_prospective_010__cluster_3water__orientation,orientation,3.943860228702911,-0.16550709628335347,1.4310573030993368,0.47272500392886724
nextgen_prospective_010,nextgen_prospective__nextgen_prospective_010__cluster_3water__orientation,orientation,2.590501615849202,1.394993892415644,-4.502845289618751,-4.2226771954005375
nextgen_prospective_010,nextgen_prospective__nextgen_prospective_010__cluster_3water__orientation,orientation,3.076497497232272,-1.1789111795276572,4.750521903932103,4.331759291575044
nextgen_prospective_010,nextgen_prospective__nextgen_prospective_010__cluster_3water__orientation,orientation,3.3065023348351366,0.5218420101667033,0.14485802543884319,-0.26139490658286335
nextgen_prospective_010,nextgen_prospective__nextgen_prospective_010__cluster_3water__orientation,orientation,2.668267904451618,-0.19247009593504003,2.3214644711568866,2.270825442410311
nextgen_prospective_010,nextgen_prospective__nextgen_prospective_010__cluster_3water__orientation,orientation,2.1454092014547452,-0.10926068434082432,-1.0451588367796916,-1.17829667721479
nextgen_prospective_010,nextgen_prospective__nextgen_prospective_010__cluster_3water__orientation,orientation,3.5197702522854026,0.42260148825461374,-1.063470371499342,-1.7210642903237858
nextgen_prospective_010,nextgen_prospective__nextgen_prospective_010__cluster_3water__orientation,orientation,2.4267692177220557,-1.4073599444604084,2.764172734627035,2.749559649207173
nextgen_prospective_010,nextgen_prospective__nextgen_prospective_010__cluster_3water__orientation,orientation,1.9203139032952476,1.1097916716216671,-4.446643518651872,-4.692360894566292
nextgen_prospective_010,nextgen_prospective__nextgen_prospective_010__cluster_3water__orientation,orientation,4.194289767226917,-0.609923807038166,0.9904303805039483,0.17401275980958275
nextgen_prospective_010,nextgen_prospective__nextgen_prospective_010__cluster_3water__orientation,orientation,3.292505271213843,1.60820553011323,-3.827687395683732,-4.388958409451386
nextgen_prospective_010,nextgen_prospective__nextgen_prospective_010__cluster_3water__orientation,orientation,3.2616454593893347,-1.9478319777957602,4.578629898712272,4.258429019192998
nextgen_prospective_010,nextgen_prospective__nextgen_prospective_010__cluster_3water__orientation,orientation,4.523173864535578,0.4637731884390217,-0.564514756944412,-1.811223726406496
nextgen_prospective_010,nextgen_prospective__nextgen_prospective_010__cluster_3water__orientation,orientation,4.182153840962466,-1.3684695207305275,2.8576352553217887,2.157117014192238
nextgen_prospective_010,nextgen_prospective__nextgen_prospective_010__cluster_3water__orientation,orientation,2.4266181245886456,-2.176820406143178,10.250297054392732,10.304841508412368
nextgen_prospective_010,nextgen_prospective__nextgen_prospective_010__cluster_3water__orientation,orientation,4.367550744539876,-0.19017799773367228,1.179110662437921,0.20739917869518834
nextgen_prospective_010,nextgen_prospective__nextgen_prospective_010__cluster_3water__orientation,orientation,2.627518242299391,1.8161804163078956,-4.734587399760404,-4.382915065751177
nextgen_prospective_010,nextgen_prospective__nextgen_prospective_010__cluster_3water__orientation,orientation,3.252370089791911,-1.4931261047620628,4.518338968765523,3.980613416197984
nextgen_prospective_010,nextgen_prospective__nextgen_prospective_010__cluster_3water__orientation,orientation,3.548090595281307,0.693556567702115,0.006158730286642822,-0.5023028015586193
nextgen_prospective_010,nextgen_prospective__nextgen_prospective_010__cluster_3water__orientation,orientation,1.8131002489941797,-1.1989857070162968,6.179312462524678,5.240550485220327
nextgen_prospective_010,nextgen_prospective__nextgen_prospective_010__cluster_3water__orientation,orientation,1.8242644257138843,0.9343347043821035,-1.7365579122112784,-1.1464122185342644
nextgen_prospective_010,nextgen_prospective__nextgen_prospective_010__cluster_3water__orientation,orientation,2.727503470502498,-0.224844711571555,1.9876851786948535,1.700032932289521
nextgen_prospective_010,nextgen_prospective__nextgen_prospective_010__cluster_3water__orientation,orientation,0.6592783371958394,-2.0293235581881386,6.534091845924017,6.895960662769554
nextgen_prospective_010,nextgen_prospective__nextgen_prospective_010__cluster_3water__orientation,orientation,1.7282258211752395,-1.6156529795027978,6.278437799049907,7.076161633919761
nextgen_prospective_010,nextgen_prospective__nextgen_prospective_010__cluster_3water__orientation,orientation,-0.19703581443531826,-2.6512336330749315,7.318741729127609,7.612332693122373
nextgen_prospective_010,nextgen_prospective__nextgen_prospective_010__cluster_3water__orientation,orientation,2.5086508529253755,-1.5836305460260358,7.792308248561142,8.064953030088322
nextgen_prospective_010,nextgen_prospective__nextgen_prospective_010__cluster_3water__orientation,orientation,0.08178841830972895,-3.4239544490011133,10.107139036716006,9.866384192467931
nextgen_prospective_010,nextgen_prospective__nextgen_prospective_010__cluster_3water__orientation,orientation,2.387610648484274,-2.092259246382576,9.278463773819468,8.514958061474601
nextgen_prospective_010,nextgen_prospective__nextgen_prospective_010__cluster_3water__orientation,orientation,-0.37659954084105507,-2.916203616388046,7.647512436734338,7.272546352063168
nextgen_prospective_010,nextgen_prospective__nextgen_prospective_010__cluster_3water__orientation,orientation,1.7502527546164983,-1.4049101399325192,7.297717599626274,6.062289867589494
nextgen_prospective_010,nextgen_prospective__nextgen_prospective_010__cluster_3water__orientation,orientation,0.4008158186153996,-2.8768874647135063,8.943602925289618,7.5518854831625255
nextgen_prospective_010,nextgen_prospective__nextgen_prospective_010__cluster_3water__orientation,orientation,1.1120183242329804,-2.119222246034262,8.08645549301179,6.284298062373141
nextgen_prospective_010,nextgen_prospective__nextgen_prospective_010__cluster_3water__orientation,orientation,0.5891596212361077,-2.0360128344400468,4.3093590500560275,4.415562816468498
nextgen_prospective_010,nextgen_prospective__nextgen_prospective_010__cluster_3water__orientation,orientation,1.9635206720667646,-1.5041506618446085,3.947548425520697,4.249551355352913
nextgen_prospective_010,nextgen_prospective__nextgen_prospective_010__cluster_3water__orientation,orientation,0.8705196375034178,-3.3341120945596305,7.649973145176681,7.539322752208229
nextgen_prospective_010,nextgen_prospective__nextgen_prospective_010__cluster_3water__orientation,orientation,-0.511815716575381,-2.835611502151638,4.8642697345200325,5.05599870365019
nextgen_prospective_010,nextgen_prospective__nextgen_prospective_010__cluster_3water__orientation,orientation,2.9669242843169403,-1.4629789616602005,5.473741933990084,5.156454573907872
nextgen_prospective_010,nextgen_prospective__nextgen_prospective_010__cluster_3water__orientation,orientation,-0.1533274173317488,-3.829109694056728,7.354561418639882,7.112469201748762
nextgen_prospective_010,nextgen_prospective__nextgen_prospective_010__cluster_3water__orientation,orientation,2.8113011643212378,-2.1169301478328943,6.681294408161342,6.112239934286872
nextgen_prospective_010,nextgen_prospective__nextgen_prospective_010__cluster_3water__orientation,orientation,-0.7426833648113286,-3.176287194982785,5.156606230028782,5.067956878491723
nextgen_prospective_010,nextgen_prospective__nextgen_prospective_010__cluster_3water__orientation,orientation,1.696120509573273,-3.419878254861285,7.879631367885054,7.505964947185998
nextgen_prospective_010,nextgen_prospective__nextgen_prospective_010__cluster_3water__orientation,orientation,1.9918410150626698,-1.2331955823971072,5.187694740092397,4.320639548938844
nextgen_prospective_010,nextgen_prospective__nextgen_prospective_010__cluster_3water__orientation,orientation,0.2568506687755418,-3.1257378571155194,6.352656132477819,5.524239237972826
nextgen_prospective_010,nextgen_prospective__nextgen_prospective_010__cluster_3water__orientation,orientation,0.2680148454952464,-0.9924174457171188,2.9601396105909394,2.100281723294611
nextgen_prospective_010,nextgen_prospective__nextgen_prospective_010__cluster_3water__orientation,orientation,1.1712538902838598,-2.1515968616707775,5.766175997778511,4.628234439396214
nextgen_prospective_010,nextgen_prospective__nextgen_prospective_010__cluster_3water__orientation,orientation,1.595405772227485,-3.709942481753157,5.364170208592256,4.972271570290371
nextgen_prospective_010,nextgen_prospective__nextgen_prospective_010__cluster_3water__orientation,orientation,1.8725974919575015,-4.9888106417228215,5.60825369232143,4.909709344257041
nextgen_prospective_010,nextgen_prospective__nextgen_prospective_010__cluster_3water__orientation,orientation,1.3736452192259054,-2.5089501606938143,6.299089749252307,6.2509235834857115
nextgen_prospective_010,nextgen_prospective__nextgen_prospective_010__cluster_3water__orientation,orientation,3.6139325518400685,-4.2031883730031305,5.2873628288807595,4.57384225772638
nextgen_prospective_010,nextgen_prospective__nextgen_prospective_010__cluster_3water__orientation,orientation,0.5107411801613517,-4.497695243276429,5.718892118560248,5.2962584695148625
nextgen_prospective_010,nextgen_prospective__nextgen_prospective_010__cluster_3water__orientation,orientation,2.7255078261382986,-2.017920211216941,5.402150156886165,5.305856715139637
nextgen_prospective_010,nextgen_prospective__nextgen_prospective_010__cluster_3water__orientation,orientation,2.695105196711191,-5.521275681971723,5.629261765824012,5.150369570500913
nextgen_prospective_010,nextgen_prospective__nextgen_prospective_010__cluster_3water__orientation,orientation,0.23631092710932258,-2.8228586434911893,8.598787079862724,8.559328250947484
nextgen_prospective_010,nextgen_prospective__nextgen_prospective_010__cluster_3water__orientation,orientation,3.9379442921515637,-3.1453979996811605,4.800797768312215,4.305229105495935
nextgen_prospective_010,nextgen_prospective__nextgen_prospective_010__cluster_3water__orientation,orientation,0.8639185416384114,-5.476474943449593,5.650460013305381,5.4390632089022315
nextgen_prospective_010,nextgen_prospective__nextgen_prospective_010__cluster_3water__orientation,orientation,3.6019764170758317,-4.950496372418569,5.2928706230819245,4.912926138391986
nextgen_prospective_010,nextgen_prospective__nextgen_prospective_010__cluster_3water__orientation,orientation,-0.20302714804003152,-3.894583365599865,6.954579207907319,6.725435471531604
nextgen_prospective_010,nextgen_prospective__nextgen_prospective_010__cluster_3water__orientation,orientation,3.276052832476445,-2.0901693058281983,5.675253538261593,5.455757253974328
nextgen_prospective_010,nextgen_prospective__nextgen_prospective_010__cluster_3water__orientation,orientation,3.784626699859501,-3.789661020132778,4.94273687212754,4.615417669285572
nextgen_prospective_010,nextgen_prospective__nextgen_prospective_010__cluster_3water__orientation,orientation,0.28329379338075183,-4.833323888806373,5.857615754758072,5.903078551718171
nextgen_prospective_010,nextgen_prospective__nextgen_prospective_010__cluster_3water__orientation,orientation,2.0703724569114694,-1.8130264344473812,10.980316878517193,9.986517699642741
nextgen_prospective_010,nextgen_prospective__nextgen_prospective_010__cluster_3water__orientation,orientation,2.6859672399966916,-5.073306192242229,5.411009682403378,6.072242877881345
nextgen_prospective_010,nextgen_prospective__nextgen_prospective_010__cluster_3water__orientation,orientation,0.18074134117718826,-3.2214805411025833,9.862909797296648,8.88102472334474
nextgen_prospective_010,nextgen_prospective__nextgen_prospective_010__cluster_3water__orientation,orientation,2.977306700960319,-2.919018818629372,5.721791040961488,5.403548766840659
nextgen_prospective_010,nextgen_prospective__nextgen_prospective_010__cluster_3water__orientation,orientation,1.2680199153589276,-4.783523430018623,5.630804040567927,6.032917056547014
nextgen_prospective_010,nextgen_prospective__nextgen_prospective_010__cluster_3water__orientation,orientation,1.2790186968679698,-2.681807765455754,10.029743202774721,8.37022063043252
nextgen_prospective_010,nextgen_prospective__nextgen_prospective_010__cluster_3water__orientation,orientation,2.1688764224745296,-3.823814153024914,5.763328185811378,5.628825140566276
nextgen_prospective_010,nextgen_prospective__nextgen_prospective_010__cluster_3water__orientation,orientation,1.5065887320118243,-3.718415565005574,3.813014990972974,3.5096001750292056
nextgen_prospective_010,nextgen_prospective__nextgen_prospective_010__cluster_3water__orientation,orientation,3.2474460630639905,-3.0447234797180194,3.5690665388696807,3.148393166013407
nextgen_prospective_010,nextgen_prospective__nextgen_prospective_010__cluster_3water__orientation,orientation,1.862978085950417,-5.362674627823714,4.083447713487232,3.6150197169567435
nextgen_prospective_010,nextgen_prospective__nextgen_prospective_010__cluster_3water__orientation,orientation,1.2214680210097937,-2.174282580786418,3.889901672145424,3.8904766883249913
nextgen_prospective_010,nextgen_prospective__nextgen_prospective_010__cluster_3water__orientation,orientation,4.101837448656575,-4.352588853755541,3.84385025115197,3.3247206592713843
nextgen_prospective_010,nextgen_prospective__nextgen_prospective_010__cluster_3water__orientation,orientation,0.11201997078393866,-4.731240544106924,4.081388499006522,3.8130817934843955
nextgen_prospective_010,nextgen_prospective__nextgen_prospective_010__cluster_3water__orientation,orientation,2.959577087040014,-1.5429583600304388,3.2784970756347676,3.005970563844936
nextgen_prospective_010,nextgen_prospective__nextgen_prospective_010__cluster_3water__orientation,orientation,2.920487992062304,-6.04727253671516,4.136306692597902,3.8182165131548924
nextgen_prospective_010,nextgen_prospective__nextgen_prospective_010__cluster_3water__orientation,orientation,-0.24081892599724164,-2.5778792015259016,5.089930319952529,5.269939627532125
nextgen_prospective_010,nextgen_prospective__nextgen_prospective_010__cluster_3water__orientation,orientation,4.518423971914212,-2.9925726594844355,3.5733037494467546,3.09167560705744
nextgen_prospective_010,nextgen_prospective__nextgen_prospective_010__cluster_3water__orientation,orientation,0.5661051498258729,-5.989671587186705,4.15244681897331,3.999834007224718
nextgen_prospective_010,nextgen_prospective__nextgen_prospective_010__cluster_3water__orientation,orientation,4.086465275388272,-5.313413424432532,3.955697250493717,3.685547819242805
nextgen_prospective_010,nextgen_prospective__nextgen_prospective_010__cluster_3water__orientation,orientation,-0.8056821654749831,-3.9558109870941993,4.62221703306076,4.589194566069989
nextgen_prospective_010,nextgen_prospective__nextgen_prospective_010__cluster_3water__orientation,orientation,3.6674206666176317,-1.6358500531020548,4.163920043671165,3.636507144441814
nextgen_prospective_010,nextgen_prospective__nextgen_prospective_010__cluster_3water__orientation,orientation,1.862786701314765,-6.337324545955222,4.178952447353446,4.448334834953436
nextgen_prospective_010,nextgen_prospective__nextgen_prospective_010__cluster_3water__orientation,orientation,4.321301353252989,-3.8209108286365145,3.804069609173233,3.4775777131079733
nextgen_prospective_010,nextgen_prospective__nextgen_prospective_010__cluster_3water__orientation,orientation,-0.18041238364826123,-5.162763088359708,4.304378691630806,4.301348048494483
nextgen_prospective_010,nextgen_prospective__nextgen_prospective_010__cluster_3water__orientation,orientation,2.117260183748376,-1.2795235041838615,7.264708446174328,6.775729730089226
nextgen_prospective_010,nextgen_prospective__nextgen_prospective_010__cluster_3water__orientation,orientation,2.908739190572234,-5.471311764205811,4.073748763860685,4.272077081113933
nextgen_prospective_010,nextgen_prospective__nextgen_prospective_010__cluster_3water__orientation,orientation,-0.3122655364814144,-3.0903930698834086,6.3258635075689185,5.775164358821146
nextgen_prospective_010,nextgen_prospective__nextgen_prospective_010__cluster_3water__orientation,orientation,3.2833184975254692,-2.7015137124178508,4.398816902780656,3.975778986386213
nextgen_prospective_010,nextgen_prospective__nextgen_prospective_010__cluster_3water__orientation,orientation,1.0856640588951079,-5.098733927061173,4.276382720134642,4.397681244291207
nextgen_prospective_010,nextgen_prospective__nextgen_prospective_010__cluster_3water__orientation,orientation,1.0998053494067335,-2.396528072623198,6.801032036880095,5.4887738371055095
nextgen_prospective_010,nextgen_prospective__nextgen_prospective_010__cluster_3water__orientation,orientation,2.243908139472311,-3.864821999497833,4.426831622809324,4.198045125124945
nextgen_prospective_010,nextgen_prospective__nextgen_prospective_010__cluster_3water__orientation,orientation,2.116711255037752,-5.5646110286076675,5.701339951335704,5.17992817249809
nextgen_prospective_010,nextgen_prospective__nextgen_prospective_010__cluster_3water__orientation,orientation,3.4914494602082002,-4.944382921723701,5.454301363254199,4.849318508991236
nextgen_prospective_010,nextgen_prospective__nextgen_prospective_010__cluster_3water__orientation,orientation,1.0415615351986864,-5.176888345623673,6.490393756092949,6.078024192065039
nextgen_prospective_010,nextgen_prospective__nextgen_prospective_010__cluster_3water__orientation,orientation,2.766059443001191,-5.9849781656462735,4.734065249347275,4.639642704922965
nextgen_prospective_010,nextgen_prospective__nextgen_prospective_010__cluster_3water__orientation,orientation,3.7472482025593807,-4.109285258574777,5.617645214543998,5.075720646170004
nextgen_prospective_010,nextgen_prospective__nextgen_prospective_010__cluster_3water__orientation,orientation,1.3203857679437336,-5.949609161549856,5.055599073175543,5.176660557810804
nextgen_prospective_010,nextgen_prospective__nextgen_prospective_010__cluster_3water__orientation,orientation,3.4820104064469604,-5.534362921262204,4.53546637065072,4.473981538884834
nextgen_prospective_010,nextgen_prospective__nextgen_prospective_010__cluster_3water__orientation,orientation,0.4780602234607522,-4.700747389563228,6.934852625371413,6.999018085447761
nextgen_prospective_010,nextgen_prospective__nextgen_prospective_010__cluster_3water__orientation,orientation,2.1165937381562108,-6.1630802765831545,4.434322303775495,4.820246961848864
nextgen_prospective_010,nextgen_prospective__nextgen_prospective_010__cluster_3water__orientation,orientation,3.6262079981182778,-4.617913958931317,4.818845841412678,4.64756033482312
nextgen_prospective_010,nextgen_prospective__nextgen_prospective_010__cluster_3water__orientation,orientation,0.8619978087929493,-5.441858328936787,5.210261885725931,5.6041823100707795
nextgen_prospective_010,nextgen_prospective__nextgen_prospective_010__cluster_3water__orientation,orientation,2.758845266647639,-5.631318042175621,4.375942109039244,4.726997701963131
nextgen_prospective_010,nextgen_prospective__nextgen_prospective_010__cluster_3water__orientation,orientation,0.7810353465269783,-4.169350422854849,7.492492509185489,7.533760818602415
nextgen_prospective_010,nextgen_prospective__nextgen_prospective_010__cluster_3water__orientation,orientation,2.988850104250503,-3.93056485248126,5.463026043399655,5.384931070101419
nextgen_prospective_010,nextgen_prospective__nextgen_prospective_010__cluster_3water__orientation,orientation,1.6394131682494044,-5.402542177262246,4.739156536741174,5.232391562020356
nextgen_prospective_010,nextgen_prospective__nextgen_prospective_010__cluster_3water__orientation,orientation,1.6480964168091745,-3.743292968396825,7.241152548743912,7.145348471629185
nextgen_prospective_010,nextgen_prospective__nextgen_prospective_010__cluster_3water__orientation,orientation,2.3506156738669852,-4.644876958583004,5.016805834921811,5.248612930087482
nextgen_prospective_010,nextgen_prospective__nextgen_prospective_010__cluster_3water__orientation,orientation,1.8277569708701122,-4.5616675469887875,5.995435088349765,5.301305856927398
nextgen_prospective_010,nextgen_prospective__nextgen_prospective_010__cluster_3water__orientation,orientation,2.1091169871374222,-5.859766807108372,4.527775053959182,4.093097611195068
nextgen_prospective_010,nextgen_prospective__nextgen_prospective_010__cluster_3water__orientation,orientation,3.8766375366422836,-5.062330669686131,4.345833783234276,3.852606824979545
nextgen_prospective_010,nextgen_prospective__nextgen_prospective_010__cluster_3water__orientation,orientation,0.7267816330586232,-5.36126621470038,5.178110932263724,4.786175078020309
nextgen_prospective_010,nextgen_prospective__nextgen_prospective_010__cluster_3water__orientation,orientation,2.943993228804702,-6.400238840443724,3.7956061321020584,3.6606432218994396
nextgen_prospective_010,nextgen_prospective__nextgen_prospective_010__cluster_3water__orientation,orientation,0.4482246092840073,-3.6612441021364144,8.957917873332555,8.980696434322482
nextgen_prospective_010,nextgen_prospective__nextgen_prospective_010__cluster_3water__orientation,orientation,4.205521633950945,-3.9886336742089417,4.52990703545586,4.030552131251031
nextgen_prospective_010,nextgen_prospective__nextgen_prospective_010__cluster_3water__orientation,orientation,1.0852699323022557,-6.3547644066054705,4.049753357211472,4.047584818070303
nextgen_prospective_010,nextgen_prospective__nextgen_prospective_010__cluster_3water__orientation,orientation,3.864501610377834,-5.820876383378492,3.658219497217896,3.5419007669029665
nextgen_prospective_010,nextgen_prospective__nextgen_prospective_010__cluster_3water__orientation,orientation,0.002279946538421864,-4.749084985479808,5.746887689357827,5.629809396410915
nextgen_prospective_010,nextgen_prospective__nextgen_prospective_010__cluster_3water__orientation,orientation,3.533676919243118,-2.917536879696536,5.351595321038793,5.201766335151293
nextgen_prospective_010,nextgen_prospective__nextgen_prospective_010__cluster_3water__orientation,orientation,2.108965894004012,-6.629227268791141,3.5811227593667283,3.7489633753902556
nextgen_prospective_010,nextgen_prospective__nextgen_prospective_010__cluster_3water__orientation,orientation,4.049898513955242,-4.6425848603816355,3.918238500792981,3.7088537988249843
nextgen_prospective_010,nextgen_prospective__nextgen_prospective_010__cluster_3water__orientation,orientation,0.495913984822676,-5.701941907531526,4.227159151918514,4.387043100144977
nextgen_prospective_010,nextgen_prospective__nextgen_prospective_010__cluster_3water__orientation,orientation,2.309866011714758,-2.6362264463400678,8.635771584053487,8.10642020618127
nextgen_prospective_010,nextgen_prospective__nextgen_prospective_010__cluster_3water__orientation,orientation,2.934717859207277,-5.945532967410027,3.556637474995128,3.6951767415855548
nextgen_prospective_010,nextgen_prospective__nextgen_prospective_010__cluster_3water__orientation,orientation,0.3918193904807131,-4.065860313997604,6.579943307973846,6.269490425958348
nextgen_prospective_010,nextgen_prospective__nextgen_prospective_010__cluster_3water__orientation,orientation,3.2304383646966737,-3.7588502949458484,4.578418974900966,4.365030220074976
nextgen_prospective_010,nextgen_prospective__nextgen_prospective_010__cluster_3water__orientation,orientation,1.4954480184095469,-5.65139256966426,3.87164876701096,4.086723804083233
nextgen_prospective_010,nextgen_prospective__nextgen_prospective_010__cluster_3water__orientation,orientation,1.506612195129251,-3.51807215826586,6.504378819874201,5.997215765095116
nextgen_prospective_010,nextgen_prospective__nextgen_prospective_010__cluster_3water__orientation,orientation,2.4098512399178644,-4.677251574219519,4.150588067254102,4.16888186704164
nextgen_prospective_010,nextgen_prospective__nextgen_prospective_010__cluster_3water__orientation,orientation,2.3345801034500164,-3.5304386094298397,4.560890611357671,4.130202253852716
nextgen_prospective_010,nextgen_prospective__nextgen_prospective_010__cluster_3water__orientation,orientation,3.403527587429417,-3.116768030744499,3.8322411399809297,3.3494828043402487
nextgen_prospective_010,nextgen_prospective__nextgen_prospective_010__cluster_3water__orientation,orientation,2.553415671657925,-4.5400713673006265,5.09662904428243,4.437043117744565
nextgen_prospective_010,nextgen_prospective__nextgen_prospective_010__cluster_3water__orientation,orientation,2.159505982659297,-2.5822867770145685,4.734329986852526,4.55732009155962
nextgen_prospective_010,nextgen_prospective__nextgen_prospective_010__cluster_3water__orientation,orientation,3.9281538768283726,-3.9198432604166613,4.104944031394719,3.5278827234964374
nextgen_prospective_010,nextgen_prospective__nextgen_prospective_010__cluster_3water__orientation,orientation,1.4782659518188588,-4.1523486843166335,6.319914684226546,5.790136174558331
nextgen_prospective_010,nextgen_prospective__nextgen_prospective_010__cluster_3water__orientation,orientation,3.22676593548487,-2.194631553743353,3.9402755986817084,3.589108852551462
nextgen_prospective_010,nextgen_prospective__nextgen_prospective_010__cluster_3water__orientation,orientation,3.202763859621364,-4.960438504339233,5.284870803201613,4.608669128360527
nextgen_prospective_010,nextgen_prospective__nextgen_prospective_010__cluster_3water__orientation,orientation,1.2616104888830462,-2.83010926343355,7.82678358144917,7.801985065937579
nextgen_prospective_010,nextgen_prospective__nextgen_prospective_010__cluster_3water__orientation,orientation,4.183952619179553,-3.0847455972677373,3.9617223803838364,3.4247659434108346
nextgen_prospective_010,nextgen_prospective__nextgen_prospective_010__cluster_3water__orientation,orientation,1.7570901845639064,-4.925069500242815,7.441186531893962,6.752430631917085
nextgen_prospective_010,nextgen_prospective__nextgen_prospective_010__cluster_3water__orientation,orientation,2.301812853725621,-1.8792804551873274,6.53003348813197,6.732008623208039
nextgen_prospective_010,nextgen_prospective__nextgen_prospective_010__cluster_3water__orientation,orientation,3.9187148230671327,-4.509823259955165,4.925073250353851,4.335083364890676
nextgen_prospective_010,nextgen_prospective__nextgen_prospective_010__cluster_3water__orientation,orientation,3.6614067299623545,-2.251670312646977,4.497419219928744,4.121794209249127
nextgen_prospective_010,nextgen_prospective__nextgen_prospective_010__cluster_3water__orientation,orientation,4.0629124147384506,-3.593374297624277,4.778519760812561,4.30711531661231
nextgen_prospective_010,nextgen_prospective__nextgen_prospective_010__cluster_3water__orientation,orientation,2.7095538018847414,-2.032873308925279,7.970078281388737,8.030258868806571
nextgen_prospective_010,nextgen_prospective__nextgen_prospective_010__cluster_3water__orientation,orientation,3.4255545208706764,-2.9060251911742205,5.5987172418712206,5.542423646165321
nextgen_prospective_010,nextgen_prospective__nextgen_prospective_010__cluster_3water__orientation,orientation,2.264461387490285,-3.537127885681748,3.5504912197401595,3.2142856426755
nextgen_prospective_010,nextgen_prospective__nextgen_prospective_010__cluster_3water__orientation,orientation,3.638822438320942,-3.0052657130863105,2.943298077569878,2.557348787530012
nextgen_prospective_010,nextgen_prospective__nextgen_prospective_010__cluster_3water__orientation,orientation,2.545821403757595,-4.835227145801332,4.048786614842648,3.5420777646126353
nextgen_prospective_010,nextgen_prospective__nextgen_prospective_010__cluster_3water__orientation,orientation,2.0393660893307874,-2.3180755297192563,3.504917293507326,3.379537707654738
nextgen_prospective_010,nextgen_prospective__nextgen_prospective_010__cluster_3water__orientation,orientation,4.313341953262456,-4.03779100837909,3.2566044876274347,2.804180301266004
nextgen_prospective_010,nextgen_prospective__nextgen_prospective_010__cluster_3water__orientation,orientation,1.1634860496787962,-4.336726553393339,5.0661183308506885,4.588832077953795
nextgen_prospective_010,nextgen_prospective__nextgen_prospective_010__cluster_3water__orientation,orientation,3.411557457249382,-1.8196616712276934,2.8251948714417274,2.4632891309653284
nextgen_prospective_010,nextgen_prospective__nextgen_prospective_010__cluster_3water__orientation,orientation,3.3806976454248745,-5.375699179136683,4.230369657999056,3.7352345900599806
nextgen_prospective_010,nextgen_prospective__nextgen_prospective_010__cluster_3water__orientation,orientation,0.88492902590418,-2.6367044408293743,6.374564920735626,6.283920222895971
nextgen_prospective_010,nextgen_prospective__nextgen_prospective_010__cluster_3water__orientation,orientation,4.642226050571117,-2.9640940129019016,3.130136707768294,2.6551713644829387
nextgen_prospective_010,nextgen_prospective__nextgen_prospective_010__cluster_3water__orientation,orientation,1.5219743489224282,-5.3302247452984295,5.976040300628593,5.37892883868518
nextgen_prospective_010,nextgen_prospective__nextgen_prospective_010__cluster_3water__orientation,orientation,2.2223320664160613,-1.4142102587985175,4.591596693527933,4.979882649307213
nextgen_prospective_010,nextgen_prospective__nextgen_prospective_010__cluster_3water__orientation,orientation,4.301206026998007,-4.796336722071451,3.9750326221454912,3.532494876606549
nextgen_prospective_010,nextgen_prospective__nextgen_prospective_010__cluster_3water__orientation,orientation,0.4389843631585946,-3.7245453241727677,8.185266243544653,8.076960766949936
nextgen_prospective_010,nextgen_prospective__nextgen_prospective_010__cluster_3water__orientation,orientation,3.9703813358632907,-1.8929972183894959,3.5667167055719595,3.049823191131313
nextgen_prospective_010,nextgen_prospective__nextgen_prospective_010__cluster_3water__orientation,orientation,4.4866029305754145,-3.618045199074596,3.9150297149830315,3.4858737441772822
nextgen_prospective_010,nextgen_prospective__nextgen_prospective_010__cluster_3water__orientation,orientation,2.746570428334931,-1.6116867850330274,7.078522107190288,6.960624758693275
nextgen_prospective_010,nextgen_prospective__nextgen_prospective_010__cluster_3water__orientation,orientation,3.3714222758274506,-4.920993306102986,5.460119185529244,5.404425766418746
nextgen_prospective_010,nextgen_prospective__nextgen_prospective_010__cluster_3water__orientation,orientation,3.6671427813168465,-2.7343106336388083,4.841928627427272,4.549499964576743
nextgen_prospective_010,nextgen_prospective__nextgen_prospective_010__cluster_3water__orientation,orientation,1.9433166117494238,-2.49353249695882,12.261747081121044,11.57895936312029
nextgen_prospective_010,nextgen_prospective__nextgen_prospective_010__cluster_3water__orientation,orientation,2.846555656538037,-3.6527119129124785,6.119572952527186,6.108620658295895
nextgen_prospective_010,nextgen_prospective__nextgen_prospective_010__cluster_3water__orientation,orientation,-6.385419205755058,0.48233636811833636,-2.36500881761037,-1.141869190008919
nextgen_prospective_010,nextgen_prospective__nextgen_prospective_010__cluster_3water__orientation,orientation,-5.031419059381152,1.0063191011197679,-3.9159099588825796,-2.4182771701637353
nextgen_prospective_010,nextgen_prospective__nextgen_prospective_010__cluster_3water__orientation,orientation,-6.108227486025042,-0.7965317918513278,-2.5994221548435448,-1.2999650538108771
nextgen_prospective_010,nextgen_prospective__nextgen_prospective_010__cluster_3water__orientation,orientation,-6.607179758756637,1.6833286891776795,-2.0272495917352806,-1.1838662428067954
nextgen_prospective_010,nextgen_prospective__nextgen_prospective_010__cluster_3water__orientation,orientation,-4.366892426142474,-0.010909523131637067,-7.27561199389104,-6.197131030278962
nextgen_prospective_010,nextgen_prospective__nextgen_prospective_010__cluster_3water__orientation,orientation,-7.470083797821192,-0.30541639340493487,-1.319642221572881,-0.5267862342723658
nextgen_prospective_010,nextgen_prospective__nextgen_prospective_010__cluster_3water__orientation,orientation,-5.255317151844244,2.1743586386545526,-2.936229018704939,-1.9129628927674331
nextgen_prospective_010,nextgen_prospective__nextgen_prospective_010__cluster_3water__orientation,orientation,-5.285719781271353,-1.3289968321002297,-4.075358397718887,-3.4516218102736675
nextgen_prospective_010,nextgen_prospective__nextgen_prospective_010__cluster_3water__orientation,orientation,-7.744514050873221,1.369420206380304,-1.1177044632155742,-0.7773980749400663
nextgen_prospective_010,nextgen_prospective__nextgen_prospective_010__cluster_3water__orientation,orientation,-7.116906436344131,-1.2841960935780985,-1.17175163039418,-0.4488330524516183
nextgen_prospective_010,nextgen_prospective__nextgen_prospective_010__cluster_3water__orientation,orientation,-6.426924388739294,2.5738033634921855,-1.6522256088187248,-1.3214313369105777
nextgen_prospective_010,nextgen_prospective__nextgen_prospective_010__cluster_3water__orientation,orientation,-4.37884856090671,-0.758217522547075,-8.425265055049369,-8.654492069802167
nextgen_prospective_010,nextgen_prospective__nextgen_prospective_010__cluster_3water__orientation,orientation,-8.183852126022574,0.29769548427162795,-0.5867172911053764,-0.4391751253248717
nextgen_prospective_010,nextgen_prospective__nextgen_prospective_010__cluster_3water__orientation,orientation,-4.704772145506098,2.1021095440432953,-2.5735926278711574,-2.26065375848281
nextgen_prospective_010,nextgen_prospective__nextgen_prospective_010__cluster_3water__orientation,orientation,-6.10837634074166,-1.5545928392869452,-1.7901064045031667,-1.1856786197197209
nextgen_prospective_010,nextgen_prospective__nextgen_prospective_010__cluster_3water__orientation,orientation,-7.535152081241827,2.0269563264141714,-0.7809307627879569,-0.8727066026088436
nextgen_prospective_010,nextgen_prospective__nextgen_prospective_010__cluster_3water__orientation,orientation,-4.196198278123041,0.40261782973871574,-5.645017667168961,-5.118457199923555
nextgen_prospective_010,nextgen_prospective__nextgen_prospective_010__cluster_3water__orientation,orientation,-7.697531184601791,-0.6410450389348791,-0.34543335339343173,-0.2744909599552769
nextgen_prospective_010,nextgen_prospective__nextgen_prospective_010__cluster_3water__orientation,orientation,-5.9104525210710745,2.3792524154241126,-1.3044273285145458,-1.414083345402724
nextgen_prospective_010,nextgen_prospective__nextgen_prospective_010__cluster_3water__orientation,orientation,-5.294857737985851,-0.8810273423707355,-2.4751574507098084,-2.2757823150108774
nextgen_prospective_010,nextgen_prospective__nextgen_prospective_010__cluster_3water__orientation,orientation,-7.800083636805355,0.9707983087689098,-0.27730341660037183,-0.511609188344871
nextgen_prospective_010,nextgen_prospective__nextgen_prospective_010__cluster_3water__orientation,orientation,-5.003518277022224,1.273260031242121,-1.7693666551048537,-1.975833957716095
nextgen_prospective_010,nextgen_prospective__nextgen_prospective_010__cluster_3water__orientation,orientation,-6.701806281114573,1.510471084415739,-0.4774404607745808,-0.8597246980297799
nextgen_prospective_010,nextgen_prospective__nextgen_prospective_010__cluster_3water__orientation,orientation,-5.811948555508014,0.36846469684657956,-0.7779482664940218,-1.151043559099259
nextgen_prospective_010,nextgen_prospective__nextgen_prospective_010__cluster_3water__orientation,orientation,-6.474236245970719,0.4738632848659194,-1.9028488121048959,-1.0759069709115814
nextgen_prospective_010,nextgen_prospective__nextgen_prospective_010__cluster_3water__orientation,orientation,-4.7333789149185534,1.1475553701534744,-3.1689866604320827,-2.1000384775644343
nextgen_prospective_010,nextgen_prospective__nextgen_prospective_010__cluster_3water__orientation,orientation,-6.117846892032126,-1.1703957779522205,-2.066438807659221,-1.2162670396303625
nextgen_prospective_010,nextgen_prospective__nextgen_prospective_010__cluster_3water__orientation,orientation,-6.759356956972749,2.0179962690850752,-1.6659759983563838,-1.0703586205406068
nextgen_prospective_010,nextgen_prospective__nextgen_prospective_010__cluster_3water__orientation,orientation,-3.8789875293259666,-0.16031000388404668,-6.426266503797073,-4.506904634578937
nextgen_prospective_010,nextgen_prospective__nextgen_prospective_010__cluster_3water__orientation,orientation,-7.868805007198604,-0.5389616942354297,-1.108977859441307,-0.560952098553386
nextgen_prospective_010,nextgen_prospective__nextgen_prospective_010__cluster_3water__orientation,orientation,-5.021247890942528,2.649320489841055,-2.3740909138871835,-1.7424877680577142
nextgen_prospective_010,nextgen_prospective__nextgen_prospective_010__cluster_3water__orientation,orientation,-5.060336985920239,-1.8549936868436665,-3.2106365747925913,-2.5335355721334647
nextgen_prospective_010,nextgen_prospective__nextgen_prospective_010__cluster_3water__orientation,orientation,-8.221643903979786,1.6143996483455925,-0.986560891646171,-0.700889960656225
nextgen_prospective_010,nextgen_prospective__nextgen_prospective_010__cluster_3water__orientation,orientation,-7.414719828156669,-1.7973927373152108,-1.010301553396875,-0.5303881441769758
nextgen_prospective_010,nextgen_prospective__nextgen_prospective_010__cluster_3water__orientation,orientation,-6.527600052664734,3.162892278918011,-1.4246884069581967,-1.1720705775140057
nextgen_prospective_010,nextgen_prospective__nextgen_prospective_010__cluster_3water__orientation,orientation,-8.786507143457525,0.23646786277729426,-0.5931027941148415,-0.4428666336532837
nextgen_prospective_010,nextgen_prospective__nextgen_prospective_010__cluster_3water__orientation,orientation,-4.313404311364912,2.556428796769439,-2.072438449781888,-2.0470270193738744
nextgen_prospective_010,nextgen_prospective__nextgen_prospective_010__cluster_3water__orientation,orientation,-6.118038276667779,-2.1450456960837285,-1.4870736436423115,-1.0900005058249365
nextgen_prospective_010,nextgen_prospective__nextgen_prospective_010__cluster_3water__orientation,orientation,-7.95246422873942,2.4598032312462794,-0.7724684987349129,-0.7704397011215263
nextgen_prospective_010,nextgen_prospective__nextgen_prospective_010__cluster_3water__orientation,orientation,-8.161237361630803,-0.9704842384882154,-0.44431931407595826,-0.357138183686222
nextgen_prospective_010,nextgen_prospective__nextgen_prospective_010__cluster_3water__orientation,orientation,-5.8635647942341675,2.9127553456876316,-1.2240998355688149,-1.2721298590590893
nextgen_prospective_010,nextgen_prospective__nextgen_prospective_010__cluster_3water__orientation,orientation,-5.07208578741031,-1.279032914334316,-2.165915210342817,-1.9592086226487317
nextgen_prospective_010,nextgen_prospective__nextgen_prospective_010__cluster_3water__orientation,orientation,-8.293090514463957,1.1018857799880857,-0.406386058009911,-0.5140253870135195
nextgen_prospective_010,nextgen_prospective__nextgen_prospective_010__cluster_3water__orientation,orientation,-4.697506480457074,1.490765137453643,-1.6703476908652704,-1.7596669942316798
nextgen_prospective_010,nextgen_prospective__nextgen_prospective_010__cluster_3water__orientation,orientation,-6.895160919087435,-0.9064550771896793,-0.5229473183483435,-0.5841254481585723
nextgen_prospective_010,nextgen_prospective__nextgen_prospective_010__cluster_3water__orientation,orientation,-6.881019628575809,1.7957507772482948,-0.6086236387425892,-0.8149907490347624
nextgen_prospective_010,nextgen_prospective__nextgen_prospective_010__cluster_3water__orientation,orientation,-5.736916838510233,0.3274568503736607,-0.9199968952513515,-1.0945331853146731
nextgen_prospective_010,nextgen_prospective__nextgen_prospective_010__cluster_3water__orientation,orientation,-7.384508291155846,-0.4368498202916665,-0.7436539418246291,-0.11767738147564757
nextgen_prospective_010,nextgen_prospective__nextgen_prospective_010__cluster_3water__orientation,orientation,-5.660010383353343,-1.2449396403142678,-2.998264000899198,-2.10972987416406
nextgen_prospective_010,nextgen_prospective__nextgen_prospective_010__cluster_3water__orientation,orientation,-7.1056840584108,-1.209570636217848,-0.7418216442882652,-0.3811934202722581
nextgen_prospective_010,nextgen_prospective__nextgen_prospective_010__cluster_3water__orientation,orientation,-4.944059419907572,-0.7943243959301982,-4.073521895709309,-3.7785592085992334
nextgen_prospective_010,nextgen_prospective__nextgen_prospective_010__cluster_3water__orientation,orientation,-7.94800960289378,0.03929113576877795,-0.25494670260206576,-0.31794259947905
nextgen_prospective_010,nextgen_prospective__nextgen_prospective_010__cluster_3water__orientation,orientation,-5.201367513012352,1.4638285513779892,-1.9039821452118133,-2.0526610849065934
nextgen_prospective_010,nextgen_prospective__nextgen_prospective_010__cluster_3water__orientation,orientation,-6.3094760881983225,-1.4230417512511484,-1.116654571790665,-0.9146571623718052
nextgen_prospective_010,nextgen_prospective__nextgen_prospective_010__cluster_3water__orientation,orientation,-7.435877988593191,1.4044970637760497,-0.35653653546052766,-0.6816033194510064
nextgen_prospective_010,nextgen_prospective__nextgen_prospective_010__cluster_3water__orientation,orientation,-4.799861828236255,0.1221245664006894,-2.8570912426837403,-2.777681304695775
nextgen_prospective_010,nextgen_prospective__nextgen_prospective_010__cluster_3water__orientation,orientation,-7.564072017561583,-0.7018198036047802,-0.3178258645246679,-0.3613189939914128
nextgen_prospective_010,nextgen_prospective__nextgen_prospective_010__cluster_3water__orientation,orientation,-6.153220441089965,1.682625555099687,-0.7547120359538972,-1.151847924873695
nextgen_prospective_010,nextgen_prospective__nextgen_prospective_010__cluster_3water__orientation,orientation,-5.667224559706893,-0.8912795168436145,-1.352889868127427,-1.3478958628068411
nextgen_prospective_010,nextgen_prospective__nextgen_prospective_010__cluster_3water__orientation,orientation,-7.645034479827555,0.5706881024771586,-0.23631014891645208,-0.4530173453027944
nextgen_prospective_010,nextgen_prospective__nextgen_prospective_010__cluster_3water__orientation,orientation,-5.43721972210403,0.8094736728507462,-1.1618772951913492,-1.4439846759378696
nextgen_prospective_010,nextgen_prospective__nextgen_prospective_010__cluster_3water__orientation,orientation,-6.786656658105128,-0.6625036519302407,-0.4870305440363154,-0.6045100889222536
nextgen_prospective_010,nextgen_prospective__nextgen_prospective_010__cluster_3water__orientation,orientation,-6.777973409545358,0.9967455569351817,-0.42002431859256006,-0.7203375718022468
nextgen_prospective_010,nextgen_prospective__nextgen_prospective_010__cluster_3water__orientation,orientation,-6.0754541524875485,0.09516156674900289,-0.7122231335094931,-0.9319398169868459
nextgen_prospective_010,nextgen_prospective__nextgen_prospective_010__cluster_3water__orientation,orientation,-6.316952839217111,-1.1197282817763659,-2.281230543342172,-0.7951115822009118
nextgen_prospective_010,nextgen_prospective__nextgen_prospective_010__cluster_3water__orientation,orientation,-7.69928819329591,-0.621227689368373,-0.8462486399540836,-0.33196877070878483
nextgen_prospective_010,nextgen_prospective__nextgen_prospective_010__cluster_3water__orientation,orientation,-5.482076597549831,-1.6602003151117177,-2.9665198275563576,-2.3487100459879953
nextgen_prospective_010,nextgen_prospective__nextgen_prospective_010__cluster_3water__orientation,orientation,-7.977845217070525,1.0787944231955917,-0.6514994450128597,-0.6251108286370709
nextgen_prospective_010,nextgen_prospective__nextgen_prospective_010__cluster_3water__orientation,orientation,-7.340799894052277,-1.6147258812734633,-0.7956032790281675,-0.4709463148538642
nextgen_prospective_010,nextgen_prospective__nextgen_prospective_010__cluster_3water__orientation,orientation,-6.640442176558645,2.301288605226449,-1.1149969102532964,-1.2158821578216374
nextgen_prospective_010,nextgen_prospective__nextgen_prospective_010__cluster_3water__orientation,orientation,-4.561568215976699,-1.0808378580464848,-4.562051997802019,-4.2214864900597515
nextgen_prospective_010,nextgen_prospective__nextgen_prospective_010__cluster_3water__orientation,orientation,-8.42378987981611,-0.009046460147801416,-0.39261183785344045,-0.3782544842631697
nextgen_prospective_010,nextgen_prospective__nextgen_prospective_010__cluster_3water__orientation,orientation,-4.892392907111415,1.8225016456354708,-1.947832015485762,-2.0327676812912054
nextgen_prospective_010,nextgen_prospective__nextgen_prospective_010__cluster_3water__orientation,orientation,-6.31710393235052,-1.8891887434591352,-1.1012117194959536,-0.8867624517612098
nextgen_prospective_010,nextgen_prospective__nextgen_prospective_010__cluster_3water__orientation,orientation,-7.7653349471439235,1.7462183044329767,-0.5146648347800209,-0.6890862695646165
nextgen_prospective_010,nextgen_prospective__nextgen_prospective_010__cluster_3water__orientation,orientation,-4.37617131239929,0.09745366495037057,-3.1587453135877297,-2.8777253275872257
nextgen_prospective_010,nextgen_prospective__nextgen_prospective_010__cluster_3water__orientation,orientation,-7.930155841531858,-0.9619033821995191,-0.40717667713119354,-0.390609191689677
nextgen_prospective_010,nextgen_prospective__nextgen_prospective_010__cluster_3water__orientation,orientation,-6.116203814639775,2.103812078991939,-0.9009350554887163,-1.135123014428556
nextgen_prospective_010,nextgen_prospective__nextgen_prospective_010__cluster_3water__orientation,orientation,-5.4913519671472555,-1.2054944420780205,-1.3471879369859607,-1.2663490611608947
nextgen_prospective_010,nextgen_prospective__nextgen_prospective_010__cluster_3water__orientation,orientation,-8.034250435873819,0.6741782113344024,-0.3572961824636067,-0.4819868202691328
nextgen_prospective_010,nextgen_prospective__nextgen_prospective_010__cluster_3water__orientation,orientation,-5.195631461657859,0.981188230386158,-1.2621938788179854,-1.4038167833590915
nextgen_prospective_010,nextgen_prospective__nextgen_prospective_010__cluster_3water__orientation,orientation,-6.930621807944987,-0.9113540443322541,-0.5426783927520162,-0.5838938470222047
nextgen_prospective_010,nextgen_prospective__nextgen_prospective_010__cluster_3water__orientation,orientation,-6.919457631225282,1.2219663670661465,-0.5350813058022652,-0.7219464678437865
nextgen_prospective_010,nextgen_prospective__nextgen_prospective_010__cluster_3water__orientation,orientation,-6.016218586436669,0.06278695111248792,-0.776902310267058,-0.8894820397857565
nextgen_prospective_010,nextgen_prospective__nextgen_prospective_010__cluster_3water__orientation,orientation,-5.589185403272917,-0.06383285799011293,-3.4225884666199136,-1.9733009944293347
nextgen_prospective_010,nextgen_prospective__nextgen_prospective_010__cluster_3water__orientation,orientation,-4.5202379192935185,0.34983772069522784,-5.098178185784175,-3.6399434592918616
nextgen_prospective_010,nextgen_prospective__nextgen_prospective_010__cluster_3water__orientation,orientation,-5.370349835065009,-1.0734656158609008,-3.411701534236755,-2.4490326959629414
nextgen_prospective_010,nextgen_prospective__nextgen_prospective_010__cluster_3water__orientation,orientation,-5.764259524063637,0.8843189744251582,-3.6161381953228044,-1.6913128729689115
nextgen_prospective_010,nextgen_prospective__nextgen_prospective_010__cluster_3water__orientation,orientation,-3.9956116298945608,-0.45323750897693416,-7.335445062401469,-5.567417161428593
nextgen_prospective_010,nextgen_prospective__nextgen_prospective_010__cluster_3water__orientation,orientation,-6.4454995549040754,-0.6857429328769064,-2.329383257046125,-0.7607554273264461
nextgen_prospective_010,nextgen_prospective__nextgen_prospective_010__cluster_3water__orientation,orientation,-4.696999571238064,1.2719741976963737,-4.732747520288516,-3.058624126438088
nextgen_prospective_010,nextgen_prospective__nextgen_prospective_010__cluster_3water__orientation,orientation,-4.721001647101571,-1.493832752899507,-4.523452662086758,-3.8661146243413973
nextgen_prospective_010,nextgen_prospective__nextgen_prospective_010__cluster_3water__orientation,orientation,-6.166675322159027,-1.4584637488030876,-2.2626865771306903,-1.185207072541037
nextgen_prospective_010,nextgen_prospective__nextgen_prospective_010__cluster_3water__orientation,orientation,-5.370467351946551,-1.6719348638363878,-3.16471231352633,-2.580085166999222
nextgen_prospective_010,nextgen_prospective__nextgen_prospective_010__cluster_3water__orientation,orientation,-4.7282158234551215,-1.1401726294288541,-4.668565946290837,-4.336833353737053
nextgen_prospective_010,nextgen_prospective__nextgen_prospective_010__cluster_3water__orientation,orientation,-4.498210985852258,0.5605805602655065,-4.425845860962063,-4.137980226667112
nextgen_prospective_010,nextgen_prospective__nextgen_prospective_010__cluster_3water__orientation,orientation,-5.136445416235777,-0.1537315458362367,-2.7350014214482243,-2.6783139472021835
nextgen_prospective_010,nextgen_prospective__nextgen_prospective_010__cluster_3water__orientation,orientation,-5.659304119232648,-0.07052213424202113,-2.7109949767183394,-1.624597937784719
nextgen_prospective_010,nextgen_prospective__nextgen_prospective_010__cluster_3water__orientation,orientation,-4.284943068401992,0.46134003835341697,-4.151691525218659,-2.836329177711997
nextgen_prospective_010,nextgen_prospective__nextgen_prospective_010__cluster_3water__orientation,orientation,-5.377944102965339,-1.3686213943616052,-2.660318989578414,-1.832450074191421
nextgen_prospective_010,nextgen_prospective__nextgen_prospective_010__cluster_3water__orientation,orientation,-5.884399417392147,1.1485302217204705,-2.811029460821679,-1.522867306164758
nextgen_prospective_010,nextgen_prospective__nextgen_prospective_010__cluster_3water__orientation,orientation,-3.6104235534604774,-0.571185256939363,-6.214605921247784,-4.345985443998956
nextgen_prospective_010,nextgen_prospective__nextgen_prospective_010__cluster_3water__orientation,orientation,-6.760279457044138,-0.8701208019536124,-1.8093428938357192,-0.7985447415693246
nextgen_prospective_010,nextgen_prospective__nextgen_prospective_010__cluster_3water__orientation,orientation,-4.512208049473552,1.6469440802120334,-3.669721004614601,-2.469911794010076
nextgen_prospective_010,nextgen_prospective__nextgen_prospective_010__cluster_3water__orientation,orientation,-4.54306786129806,-1.909093427696957,-3.5211839645650223,-2.7698257089978546
nextgen_prospective_010,nextgen_prospective__nextgen_prospective_010__cluster_3water__orientation,orientation,-7.0388364808187545,0.8299013106103523,-1.840461734790022,-0.8293321458552013
nextgen_prospective_010,nextgen_prospective__nextgen_prospective_010__cluster_3water__orientation,orientation,-6.401791157800505,-1.863618993858703,-1.7276054909602934,-1.001967133565273
nextgen_prospective_010,nextgen_prospective__nextgen_prospective_010__cluster_3water__orientation,orientation,-5.7014334403068725,2.0523954926412094,-2.911334572321511,-1.823032394272185
nextgen_prospective_010,nextgen_prospective__nextgen_prospective_010__cluster_3water__orientation,orientation,-7.48478114356434,-0.25793957273304086,-0.8693224258862209,-0.22502157603815776
nextgen_prospective_010,nextgen_prospective__nextgen_prospective_010__cluster_3water__orientation,orientation,-5.378095196098749,-2.1380818560443746,-2.406311203750011,-1.9052298632801585
nextgen_prospective_010,nextgen_prospective__nextgen_prospective_010__cluster_3water__orientation,orientation,-6.991147105280086,-1.2107964947847594,-0.8132666597240323,-0.39206940777177995
nextgen_prospective_010,nextgen_prospective__nextgen_prospective_010__cluster_3water__orientation,orientation,-5.177195078388004,1.8549189664066992,-2.2409090031842993,-2.0797861972219738
nextgen_prospective_010,nextgen_prospective__nextgen_prospective_010__cluster_3water__orientation,orientation,-4.552343230895484,-1.45438755466326,-3.738475038963518,-3.3750829132668847
nextgen_prospective_010,nextgen_prospective__nextgen_prospective_010__cluster_3water__orientation,orientation,-4.256622725406087,0.7322951178009183,-3.6216422315362706,-3.3270609487081675
nextgen_prospective_010,nextgen_prospective__nextgen_prospective_010__cluster_3water__orientation,orientation,-5.991613071693214,-1.160247156917494,-1.304647116888713,-1.1702203146264316
nextgen_prospective_010,nextgen_prospective__nextgen_prospective_010__cluster_3water__orientation,orientation,-5.0772098501848975,-0.18610616147275177,-2.173931910036231,-2.182911321629073
nextgen_prospective_010,nextgen_prospective__nextgen_prospective_010__cluster_3water__orientation,orientation,4.545192603248954,1.8313373090545078,-1.6464245251071041,-2.117459075016783
nextgen_prospective_010,nextgen_prospective__nextgen_prospective_010__cluster_3water__orientation,orientation,4.822384322978971,0.5524691490848438,-0.4782669780194482,-1.4249123825099081
nextgen_prospective_010,nextgen_prospective__nextgen_prospective_010__cluster_3water__orientation,orientation,4.323432050247376,3.0323296301138507,-2.1974404609137466,-2.0133065798850334
nextgen_prospective_010,nextgen_prospective__nextgen_prospective_010__cluster_3water__orientation,orientation,6.563719382861539,1.3380914178045344,0.06766371180155772,-0.8547800342838489
nextgen_prospective_010,nextgen_prospective__nextgen_prospective_010__cluster_3water__orientation,orientation,3.4605280111828223,1.0435845475312366,-2.7166546029659955,-3.8035717227102515
nextgen_prospective_010,nextgen_prospective__nextgen_prospective_010__cluster_3water__orientation,orientation,5.675294657159769,3.5233595795907235,-0.6562707425370462,-0.2153684094934016
nextgen_prospective_010,nextgen_prospective__nextgen_prospective_010__cluster_3water__orientation,orientation,5.644892027732662,0.020004108835941607,0.4803371946651147,-0.6377848259532289
nextgen_prospective_010,nextgen_prospective__nextgen_prospective_010__cluster_3water__orientation,orientation,3.186097758130793,2.7184211473164757,-5.31264136559173,-5.65883798836166
nextgen_prospective_010,nextgen_prospective__nextgen_prospective_010__cluster_3water__orientation,orientation,6.887731123173034,2.3958817911265045,0.11862020178465826,-0.3202188817540338
nextgen_prospective_010,nextgen_prospective__nextgen_prospective_010__cluster_3water__orientation,orientation,3.813705372659882,0.06480484735807329,0.7678677019722357,-0.5301054026798955
nextgen_prospective_010,nextgen_prospective__nextgen_prospective_010__cluster_3water__orientation,orientation,4.503687420264719,3.922804304428355,-1.5044417454328496,-0.7289000979715068
nextgen_prospective_010,nextgen_prospective__nextgen_prospective_010__cluster_3water__orientation,orientation,6.551763248097302,0.5907834183890965,0.5159834363004379,-0.5329096962606898
nextgen_prospective_010,nextgen_prospective__nextgen_prospective_010__cluster_3water__orientation,orientation,2.746759682981439,1.6466964252077994,-5.496598609155079,-5.67968232986288
nextgen_prospective_010,nextgen_prospective__nextgen_prospective_010__cluster_3water__orientation,orientation,6.225839663497916,3.451110484979467,-0.09159393561430917,-0.006641530228238465
nextgen_prospective_010,nextgen_prospective__nextgen_prospective_010__cluster_3water__orientation,orientation,4.8222354682623525,-0.2055918983507734,1.0481317409785085,0.05431529550561573
nextgen_prospective_010,nextgen_prospective__nextgen_prospective_010__cluster_3water__orientation,orientation,3.3954597277621863,3.375957267350343,-2.8873489313081535,-2.3227177078206225
nextgen_prospective_010,nextgen_prospective__nextgen_prospective_010__cluster_3water__orientation,orientation,6.734413530880971,1.7516187706748871,0.3961693281095968,-0.3021393817862942
nextgen_prospective_010,nextgen_prospective__nextgen_prospective_010__cluster_3water__orientation,orientation,3.233080624402222,0.7079559020012922,-0.33302209867613897,-0.665817729734572
nextgen_prospective_010,nextgen_prospective__nextgen_prospective_010__cluster_3water__orientation,orientation,5.0201592879329375,3.7282533563602835,-0.5298488158111958,-0.1274649874255145
nextgen_prospective_010,nextgen_prospective__nextgen_prospective_010__cluster_3water__orientation,orientation,5.6357540710181615,0.46797359856543597,0.6937303712084564,-0.1912590000861912
nextgen_prospective_010,nextgen_prospective__nextgen_prospective_010__cluster_3water__orientation,orientation,3.130528172198659,2.3197992497050817,-2.248272220532588,-2.097262824218192
nextgen_prospective_010,nextgen_prospective__nextgen_prospective_010__cluster_3water__orientation,orientation,5.9270935319817895,2.622260972178293,0.18878209021089276,-0.09407363874911523
nextgen_prospective_010,nextgen_prospective__nextgen_prospective_010__cluster_3water__orientation,orientation,4.217806746380398,0.7577563607890425,0.38583200173425425,-0.1769851429601544
nextgen_prospective_010,nextgen_prospective__nextgen_prospective_010__cluster_3water__orientation,orientation,4.22880552788944,2.8594720253519106,-0.649938979961906,-0.46931399955494474
nextgen_prospective_010,nextgen_prospective__nextgen_prospective_010__cluster_3water__orientation,orientation,5.118663253496,1.717465637782751,0.24055382431953376,-0.1825340936272629
nextgen_prospective_010,nextgen_prospective__nextgen_prospective_010__cluster_3water__orientation,orientation,4.456375563033295,1.8228642258020908,-1.4372903636585832,-1.7877950274808063
nextgen_prospective_010,nextgen_prospective__nextgen_prospective_010__cluster_3water__orientation,orientation,6.1972328940854595,2.4965563110896456,-0.4846709806116678,-0.7414731388153595
nextgen_prospective_010,nextgen_prospective__nextgen_prospective_010__cluster_3water__orientation,orientation,4.812764916971887,0.17860516298395068,-0.04955218019286889,-0.7699291777501132
nextgen_prospective_010,nextgen_prospective__nextgen_prospective_010__cluster_3water__orientation,orientation,4.1712548520312644,3.3669972100212466,-2.0983988215594884,-2.053840407435155
nextgen_prospective_010,nextgen_prospective__nextgen_prospective_010__cluster_3water__orientation,orientation,7.0516242796780455,1.1886909370521248,0.12190110784704444,-0.4765753803446849
nextgen_prospective_010,nextgen_prospective__nextgen_prospective_010__cluster_3water__orientation,orientation,3.0618068018054094,0.8100392467007418,-2.737240397912011,-3.9257726698152466
nextgen_prospective_010,nextgen_prospective__nextgen_prospective_010__cluster_3water__orientation,orientation,5.909363918061485,3.9983214307772252,-0.6931384956883058,-0.5326910654120395
nextgen_prospective_010,nextgen_prospective__nextgen_prospective_010__cluster_3water__orientation,orientation,5.870274823083775,-0.5059927459074949,0.8254802297886776,0.03240167772136784
nextgen_prospective_010,nextgen_prospective__nextgen_prospective_010__cluster_3water__orientation,orientation,2.708967905024229,2.9634005892817634,-6.250346960270381,-6.5291146036893775
nextgen_prospective_010,nextgen_prospective__nextgen_prospective_010__cluster_3water__orientation,orientation,7.468210802935682,2.5487071313232295,0.05405821747572759,-0.268912531730478
nextgen_prospective_010,nextgen_prospective__nextgen_prospective_010__cluster_3water__orientation,orientation,4.403011756339278,4.511893219854182,-1.509782566710971,-1.134085476146641
nextgen_prospective_010,nextgen_prospective__nextgen_prospective_010__cluster_3water__orientation,orientation,7.0362521064097425,0.22786636637513305,0.5835766153512445,-0.12436959545740803
nextgen_prospective_010,nextgen_prospective__nextgen_prospective_010__cluster_3water__orientation,orientation,6.617207497639102,3.9054297377056106,-0.198201718424329,-0.1959109495870408
nextgen_prospective_010,nextgen_prospective__nextgen_prospective_010__cluster_3water__orientation,orientation,4.812573532336235,-0.7960447551475568,1.6684946406093637,0.925790772838309
nextgen_prospective_010,nextgen_prospective__nextgen_prospective_010__cluster_3water__orientation,orientation,2.978147580264592,3.8088041721824513,-2.999131592241966,-2.615675166683219
nextgen_prospective_010,nextgen_prospective__nextgen_prospective_010__cluster_3water__orientation,orientation,7.271088184274459,1.7203689621711504,0.32890596379520076,-0.1485685537273721
nextgen_prospective_010,nextgen_prospective__nextgen_prospective_010__cluster_3water__orientation,orientation,2.769374447373209,0.37851670244795604,0.526852213447615,0.5486655190251828
nextgen_prospective_010,nextgen_prospective__nextgen_prospective_010__cluster_3water__orientation,orientation,5.0670470147698445,4.261756286623804,-0.6298054908975281,-0.4293232417771692
nextgen_prospective_010,nextgen_prospective__nextgen_prospective_010__cluster_3water__orientation,orientation,5.858526021593704,0.06996802660185503,0.8041602010364635,0.18723347950215002
nextgen_prospective_010,nextgen_prospective__nextgen_prospective_010__cluster_3water__orientation,orientation,2.637521294540056,2.4508867209242564,-2.3415793347485447,-2.020912320291382
nextgen_prospective_010,nextgen_prospective__nextgen_prospective_010__cluster_3water__orientation,orientation,6.23310532854694,2.839766078389814,0.07342370198015757,-0.13924104606045964
nextgen_prospective_010,nextgen_prospective__nextgen_prospective_010__cluster_3water__orientation,orientation,4.035450889916578,0.4425458637464922,0.6493620922651822,0.242398511289254
nextgen_prospective_010,nextgen_prospective__nextgen_prospective_010__cluster_3water__orientation,orientation,4.049592180428204,3.1447517181844664,-0.7109291700650999,-0.62336327701751
nextgen_prospective_010,nextgen_prospective__nextgen_prospective_010__cluster_3water__orientation,orientation,5.19369497049378,1.6764577913098326,0.20873562030931936,-0.0968219593349062
nextgen_prospective_010,nextgen_prospective__nextgen_prospective_010__cluster_3water__orientation,orientation,5.206973397796254,2.232044998506202,-1.0341753260414421,-1.3605997124179214
nextgen_prospective_010,nextgen_prospective__nextgen_prospective_010__cluster_3water__orientation,orientation,6.275920881775653,2.6457155771915426,-0.4490706690991608,-0.6624660349490632
nextgen_prospective_010,nextgen_prospective__nextgen_prospective_010__cluster_3water__orientation,orientation,5.425808966004162,1.222412240635414,-0.5529547309621741,-1.3724447695067103
nextgen_prospective_010,nextgen_prospective__nextgen_prospective_010__cluster_3water__orientation,orientation,5.031899277005534,3.1801968309214725,-1.2978171435253927,-1.207140768128244
nextgen_prospective_010,nextgen_prospective__nextgen_prospective_010__cluster_3water__orientation,orientation,6.80054717117461,1.8426403475193802,-0.06350531067633725,-0.5989863389833231
nextgen_prospective_010,nextgen_prospective__nextgen_prospective_010__cluster_3water__orientation,orientation,4.350659246165097,1.6101349236194082,-1.9991800264582693,-2.6760403854614503
nextgen_prospective_010,nextgen_prospective__nextgen_prospective_010__cluster_3water__orientation,orientation,6.099159229831106,3.5678520541926884,-0.5680463918387169,-0.45258454799288345
nextgen_prospective_010,nextgen_prospective__nextgen_prospective_010__cluster_3water__orientation,orientation,6.0751571539676,0.8020451035968071,0.061485616529743936,-1.0943346451584968
nextgen_prospective_010,nextgen_prospective__nextgen_prospective_010__cluster_3water__orientation,orientation,4.134003783229283,2.9323743445024917,-2.635722460411216,-2.366701652382377
nextgen_prospective_010,nextgen_prospective__nextgen_prospective_010__cluster_3water__orientation,orientation,7.05634591352579,2.6777380106683037,-0.05344276789642777,-0.3162326573450345
nextgen_prospective_010,nextgen_prospective__nextgen_prospective_010__cluster_3water__orientation,orientation,5.174206148071857,3.883203152748713,-1.0375771345185747,-0.5473090657386468
nextgen_prospective_010,nextgen_prospective__nextgen_prospective_010__cluster_3water__orientation,orientation,6.79110811741337,1.2526603479808769,0.2663884089724178,-0.7091697380753152
nextgen_prospective_010,nextgen_prospective__nextgen_prospective_010__cluster_3water__orientation,orientation,6.533800024308592,3.510813295289064,-0.1985263042194596,-0.13462975929287163
nextgen_prospective_010,nextgen_prospective__nextgen_prospective_010__cluster_3water__orientation,orientation,6.9353057090846875,2.1691093103117645,0.23844798255012734,-0.3449202708350899
nextgen_prospective_010,nextgen_prospective__nextgen_prospective_010__cluster_3water__orientation,orientation,5.581947096230978,3.729610299010762,-0.40741360050722264,0.05887260345156694
nextgen_prospective_010,nextgen_prospective__nextgen_prospective_010__cluster_3water__orientation,orientation,6.297947815216912,2.856458416761821,0.19163640308761387,-0.0207219781811121
nextgen_prospective_010,nextgen_prospective__nextgen_prospective_010__cluster_3water__orientation,orientation,5.136854681836522,2.2253557222542937,-1.003363017398673,-1.2809240611788548
nextgen_prospective_010,nextgen_prospective__nextgen_prospective_010__cluster_3water__orientation,orientation,6.5112157326671785,2.757217894849731,-0.4259251259970398,-0.6234875144447016
nextgen_prospective_010,nextgen_prospective__nextgen_prospective_010__cluster_3water__orientation,orientation,5.418214698103832,0.9272564621347092,-0.374676293620535,-1.014983105599119
nextgen_prospective_010,nextgen_prospective__nextgen_prospective_010__cluster_3water__orientation,orientation,4.911759383677024,3.444408078216785,-1.345629552214067,-1.3254972733959336
nextgen_prospective_010,nextgen_prospective__nextgen_prospective_010__cluster_3water__orientation,orientation,7.185735247608694,1.724692599556952,-0.015525074130717798,-0.44624562725959394
nextgen_prospective_010,nextgen_prospective__nextgen_prospective_010__cluster_3water__orientation,orientation,4.035879344025033,1.4257570545427019,-2.055861203192677,-2.6400965248617267
nextgen_prospective_010,nextgen_prospective__nextgen_prospective_010__cluster_3water__orientation,orientation,6.283950751595619,3.9428219367083486,-0.5854554534718837,-0.5478226043725272
nextgen_prospective_010,nextgen_prospective__nextgen_prospective_010__cluster_3water__orientation,orientation,6.25309093977111,0.3867844287993576,0.26609206649741424,-0.5984067332241167
nextgen_prospective_010,nextgen_prospective__nextgen_prospective_010__cluster_3water__orientation,orientation,3.7573223202504176,3.125779167106667,-3.0804991501165446,-2.9828177204017483
nextgen_prospective_010,nextgen_prospective__nextgen_prospective_010__cluster_3water__orientation,orientation,7.514619344917354,2.7983895950341395,-0.05755294243003917,-0.2970131192695115
nextgen_prospective_010,nextgen_prospective__nextgen_prospective_010__cluster_3water__orientation,orientation,4.394367643268666,0.4322588626376117,-0.5648753595384193,-1.752748074059646
nextgen_prospective_010,nextgen_prospective__nextgen_prospective_010__cluster_3water__orientation,orientation,5.094725360762299,4.348273349137524,-1.1157700592798747,-0.8139990555942702
nextgen_prospective_010,nextgen_prospective__nextgen_prospective_010__cluster_3water__orientation,orientation,7.173599321344243,0.9661468858645901,0.3334457937005375,-0.4029920029207769
nextgen_prospective_010,nextgen_prospective__nextgen_prospective_010__cluster_3water__orientation,orientation,6.842774630209528,3.8694863895465446,-0.24097718323101702,-0.2442596760306965
nextgen_prospective_010,nextgen_prospective__nextgen_prospective_010__cluster_3water__orientation,orientation,5.418063604970422,0.15779600045193992,0.4800990761948398,-0.9219864085432447
nextgen_prospective_010,nextgen_prospective__nextgen_prospective_010__cluster_3water__orientation,orientation,3.96983259017702,3.793203048344052,-2.1951195938769708,-1.4141995995323782
nextgen_prospective_010,nextgen_prospective__nextgen_prospective_010__cluster_3water__orientation,orientation,7.358996224921652,2.1444384088614457,0.21773282295134422,-0.24735871269758636
nextgen_prospective_010,nextgen_prospective__nextgen_prospective_010__cluster_3water__orientation,orientation,5.618963722681167,4.150796822903013,-0.5100761200163006,-0.23752692958653943
nextgen_prospective_010,nextgen_prospective__nextgen_prospective_010__cluster_3water__orientation,orientation,6.2438155701736875,0.8414903018330547,0.5654115835191931,-0.5793834733647659
nextgen_prospective_010,nextgen_prospective__nextgen_prospective_010__cluster_3water__orientation,orientation,6.539536075663084,3.028172974297233,0.10094310684216623,-0.10975965200913687
nextgen_prospective_010,nextgen_prospective__nextgen_prospective_010__cluster_3water__orientation,orientation,4.815709906095662,3.2689511109772216,-0.42347533146536165,0.09608135118144372
nextgen_prospective_010,nextgen_prospective__nextgen_prospective_010__cluster_3water__orientation,orientation,5.718948950884274,2.109771695023563,0.3914798086546156,-0.14035544566456454
nextgen_prospective_010,nextgen_prospective__nextgen_prospective_010__cluster_3water__orientation,orientation,3.7759907563267925,2.2832239712583577,-3.187916082391773,-3.4575494003535807
nextgen_prospective_010,nextgen_prospective__nextgen_prospective_010__cluster_3water__orientation,orientation,3.9948263245347007,1.2735912133875695,-2.3328490023404314,-3.2261179438798613
nextgen_prospective_010,nextgen_prospective__nextgen_prospective_010__cluster_3water__orientation,orientation,3.600916635536072,3.2313758036736284,-3.3885127087636135,-3.2587604241680177
nextgen_prospective_010,nextgen_prospective__nextgen_prospective_010__cluster_3water__orientation,orientation,2.9196766046956344,1.6613138963715641,-5.573493903941351,-6.182807604051392
nextgen_prospective_010,nextgen_prospective__nextgen_prospective_010__cluster_3water__orientation,orientation,4.6681765883616455,3.6190310269448434,-1.55331762862998,-0.823851400819974
nextgen_prospective_010,nextgen_prospective__nextgen_prospective_010__cluster_3water__orientation,orientation,2.703021141759822,2.983553317254648,-6.545167579190991,-6.727240162156849
nextgen_prospective_010,nextgen_prospective__nextgen_prospective_010__cluster_3water__orientation,orientation,3.7432235066023964,3.934382125500869,-2.4776891993112393,-1.944748654982058
nextgen_prospective_010,nextgen_prospective__nextgen_prospective_010__cluster_3water__orientation,orientation,5.102817382839129,3.5619922680412204,-0.6169635964088371,0.3664074230175719
nextgen_prospective_010,nextgen_prospective__nextgen_prospective_010__cluster_3water__orientation,orientation,2.868306907258291,3.5026607804392804,-3.925458604921328,-3.548049329636145
nextgen_prospective_010,nextgen_prospective__nextgen_prospective_010__cluster_3water__orientation,orientation,2.740112878289898,1.39634391305845,-3.3229479106515747,-3.1717383382933795
nextgen_prospective_010,nextgen_prospective__nextgen_prospective_010__cluster_3water__orientation,orientation,4.1509644547615165,3.7807892717629175,-1.4019284126800535,-0.6948446669388275
nextgen_prospective_010,nextgen_prospective__nextgen_prospective_010__cluster_3water__orientation,orientation,2.6591504160239268,2.6688518191403894,-3.808594697967127,-3.3793280269346666
nextgen_prospective_010,nextgen_prospective__nextgen_prospective_010__cluster_3water__orientation,orientation,3.5175282377463524,1.4356600647329896,-0.9762164677100671,-1.2789220254946423
nextgen_prospective_010,nextgen_prospective__nextgen_prospective_010__cluster_3water__orientation,orientation,3.526211486306123,3.0949092735984123,-1.7138405925600786,-1.3207473955028273
nextgen_prospective_010,nextgen_prospective__nextgen_prospective_010__cluster_3water__orientation,orientation,4.228730743363933,2.1933252834122334,-0.45678691729555965,-0.3830256040955366
nextgen_prospective_010,nextgen_prospective__nextgen_prospective_010__cluster_3water__orientation,orientation,3.7058720403670606,2.276534695006449,-2.8035391475897953,-3.0371566107531875
nextgen_prospective_010,nextgen_prospective__nextgen_prospective_010__cluster_3water__orientation,orientation,5.080233091197718,2.808396867601887,-1.248486577373864,-1.2643373371893283
nextgen_prospective_010,nextgen_prospective__nextgen_prospective_010__cluster_3water__orientation,orientation,3.9872320566343715,0.978435434886865,-1.6946390909056142,-2.4987610596963035
nextgen_prospective_010,nextgen_prospective__nextgen_prospective_010__cluster_3water__orientation,orientation,3.4807767422075626,3.4955870509689406,-3.0892645165394583,-3.0391145834435043
nextgen_prospective_010,nextgen_prospective__nextgen_prospective_010__cluster_3water__orientation,orientation,2.604896702555572,1.4769360272948577,-5.724115392912843,-6.399607642174355
nextgen_prospective_010,nextgen_prospective__nextgen_prospective_010__cluster_3water__orientation,orientation,4.852968110126158,3.9940009094605027,-1.3533040909048388,-0.9641652899082068
nextgen_prospective_010,nextgen_prospective__nextgen_prospective_010__cluster_3water__orientation,orientation,4.82210829830165,0.43796340155151314,-0.3462934902422887,-1.7393835570186722
nextgen_prospective_010,nextgen_prospective__nextgen_prospective_010__cluster_3water__orientation,orientation,2.326339678780956,3.1769581398588227,-6.941625035150167,-7.597865735140326
nextgen_prospective_010,nextgen_prospective__nextgen_prospective_010__cluster_3water__orientation,orientation,3.6637427192928365,4.399452321889679,-2.24343411485739,-1.915445299383789
nextgen_prospective_010,nextgen_prospective__nextgen_prospective_010__cluster_3water__orientation,orientation,5.411791988740066,3.9206653622987013,-0.555450563358928,-0.09407819155991362
nextgen_prospective_010,nextgen_prospective__nextgen_prospective_010__cluster_3water__orientation,orientation,3.9870809635009605,0.20897497320409542,0.6579400036095251,-0.29658612040738724
nextgen_prospective_010,nextgen_prospective__nextgen_prospective_010__cluster_3water__orientation,orientation,2.538849948707558,3.8443820210962074,-3.734072521442311,-3.4080158620183907
nextgen_prospective_010,nextgen_prospective__nextgen_prospective_010__cluster_3water__orientation,orientation,2.3740290543196245,1.1362603344637112,-2.8825134238537053,-2.2955224993859877
nextgen_prospective_010,nextgen_prospective__nextgen_prospective_010__cluster_3water__orientation,orientation,4.1879810812117055,4.20197579565517,-1.261053077164398,-0.8596921579823171
nextgen_prospective_010,nextgen_prospective__nextgen_prospective_010__cluster_3water__orientation,orientation,4.812832928704226,0.8926692745852104,0.41083174832756697,-0.6126194979802391
nextgen_prospective_010,nextgen_prospective__nextgen_prospective_010__cluster_3water__orientation,orientation,2.269934459977662,2.772341927997633,-3.636822450951094,-3.0861762672690016
nextgen_prospective_010,nextgen_prospective__nextgen_prospective_010__cluster_3water__orientation,orientation,5.108553434193622,3.079351947049388,-0.1628843149803494,-0.042747559139665166
nextgen_prospective_010,nextgen_prospective__nextgen_prospective_010__cluster_3water__orientation,orientation,3.3735630879064944,1.1868096723309765,-0.4859734345186162,-0.6989208026902617
nextgen_prospective_010,nextgen_prospective__nextgen_prospective_010__cluster_3water__orientation,orientation,3.3847272646262,3.320130083729377,-1.523804047052657,-1.2618456620128562
nextgen_prospective_010,nextgen_prospective__nextgen_prospective_010__cluster_3water__orientation,orientation,4.287966309414811,2.1609506677757184,-0.30333787746084084,-0.4067854422095116
nextgen_prospective_010,nextgen_prospective__nextgen_prospective_010__cluster_3water__compressed,compressed,-5.210645122600563,-0.8892851250572414,4.6114121972573585,4.302478854023137
nextgen_prospective_010,nextgen_prospective__nextgen_prospective_010__cluster_3water__compressed,compressed,-4.234163579321687,0.17309010548344017,5.878280440906991,4.8024445468437635
nextgen_prospective_010,nextgen_prospective__nextgen_prospective_010__cluster_3water__compressed,compressed,-4.402741211096594,-1.9637798878302026,4.137044226866449,3.965096957842398
nextgen_prospective_010,nextgen_prospective__nextgen_prospective_010__cluster_3water__compressed,compressed,-5.884133475756838,-2.15098785941275,4.49030296699271,4.61264353780848
nextgen_prospective_010,nextgen_prospective__nextgen_prospective_010__cluster_3water__compressed,compressed,-6.917750770079423,-0.7762502032777636,5.042241816864301,6.030268994678801
nextgen_prospective_010,nextgen_prospective__nextgen_prospective_010__cluster_3water__compressed,compressed,-5.172742872787812,-2.955423847359238,4.482730930993162,5.50323960756238
nextgen_prospective_010,nextgen_prospective__nextgen_prospective_010__cluster_3water__compressed,compressed,-6.301093843389681,0.8676931875223828,5.7095762972358965,5.971845628550121
nextgen_prospective_010,nextgen_prospective__nextgen_prospective_010__cluster_3water__compressed,compressed,-6.880192149655606,-2.0142330069323404,4.5718086380373,5.112236067338087
nextgen_prospective_010,nextgen_prospective__nextgen_prospective_010__cluster_3water__compressed,compressed,-4.1892356080155615,-2.8231123755350382,4.747305675242064,5.545497144118162
nextgen_prospective_010,nextgen_prospective__nextgen_prospective_010__cluster_3water__compressed,compressed,-7.104617911515533,-0.18379158394262,5.068258618277088,5.225169168417382
nextgen_prospective_010,nextgen_prospective__nextgen_prospective_010__cluster_3water__compressed,compressed,-6.066622970090948,-2.7234692319151024,4.533450302414144,5.6799442593237295
nextgen_prospective_010,nextgen_prospective__nextgen_prospective_010__cluster_3water__compressed,compressed,-5.825919102034119,0.8149911802327297,5.6429914922295765,5.421449213252062
nextgen_prospective_010,nextgen_prospective__nextgen_prospective_010__cluster_3water__compressed,compressed,-3.808000104053738,-1.9122313877505532,4.800143189414907,5.5177820341602155
nextgen_prospective_010,nextgen_prospective__nextgen_prospective_010__cluster_3water__compressed,compressed,-6.916564719187298,-1.330840052617841,4.769286949513951,4.675495622572785
nextgen_prospective_010,nextgen_prospective__nextgen_prospective_010__cluster_3water__compressed,compressed,-4.537172068914821,0.16295763511579708,5.376497177410178,4.865043477304964
nextgen_prospective_010,nextgen_prospective__nextgen_prospective_010__cluster_3water__compressed,compressed,-5.249164094039536,-2.3084448923718086,4.357454806118044,4.670332851299849
nextgen_prospective_010,nextgen_prospective__nextgen_prospective_010__cluster_3water__compressed,compressed,-6.1979131819082465,-0.3919431623873647,4.8741595417411965,4.470716065629023
nextgen_prospective_010,nextgen_prospective__nextgen_prospective_010__cluster_3water__compressed,compressed,-4.88855034722864,-1.0590488084405854,4.3938823253188986,4.256474033942048
nextgen_prospective_010,nextgen_prospective__nextgen_prospective_010__cluster_3water__compressed,compressed,-5.251715269577688,-0.8907165077900443,3.4758278800799403,3.2762375634652767
nextgen_prospective_010,nextgen_prospective__nextgen_prospective_010__cluster_3water__compressed,compressed,-3.996238999647704,0.47519450290511833,4.54656430874012,3.538934295466637
nextgen_prospective_010,nextgen_prospective__nextgen_prospective_010__cluster_3water__compressed,compressed,-4.212981669072582,-2.2722097742124228,2.9639327327164455,2.9078494382516675
nextgen_prospective_010,nextgen_prospective__nextgen_prospective_010__cluster_3water__compressed,compressed,-6.244461190596108,0.34875568854451466,4.100463855472691,4.217648690879398
nextgen_prospective_010,nextgen_prospective__nextgen_prospective_010__cluster_3water__compressed,compressed,-6.117628866492898,-2.5129057376756974,3.349548367732158,3.483071239523146
nextgen_prospective_010,nextgen_prospective__nextgen_prospective_010__cluster_3water__compressed,compressed,-3.0123799369092383,-2.515764708980866,3.089755723477694,3.989995726538657
nextgen_prospective_010,nextgen_prospective__nextgen_prospective_010__cluster_3water__compressed,compressed,-7.446565387764793,-0.7453858940735728,3.806317990008523,4.217365266214925
nextgen_prospective_010,nextgen_prospective__nextgen_prospective_010__cluster_3water__compressed,compressed,-5.202983805532722,-3.547180579321183,3.248060660465235,3.763611342969299
nextgen_prospective_010,nextgen_prospective__nextgen_prospective_010__cluster_3water__compressed,compressed,-6.653720767735124,1.3682556083837596,4.625180032420184,4.722692346094865
nextgen_prospective_010,nextgen_prospective__nextgen_prospective_010__cluster_3water__compressed,compressed,-7.398275732934174,-2.337078070200886,3.4815056225159235,3.8235621577936088
nextgen_prospective_010,nextgen_prospective__nextgen_prospective_010__cluster_3water__compressed,compressed,-3.9384744651112573,-3.3770658298329264,3.398942913144243,3.951887601538669
nextgen_prospective_010,nextgen_prospective__nextgen_prospective_010__cluster_3water__compressed,compressed,-7.686823141039791,0.01634661650018346,3.9125025244646228,3.9914787195652863
nextgen_prospective_010,nextgen_prospective__nextgen_prospective_010__cluster_3water__compressed,compressed,-6.35225821635104,-3.248953216607294,3.3593863914322952,3.921575032502205
nextgen_prospective_010,nextgen_prospective__nextgen_prospective_010__cluster_3water__compressed,compressed,-6.042781814563689,1.3004958847256334,4.589969049817233,4.357524463165074
nextgen_prospective_010,nextgen_prospective__nextgen_prospective_010__cluster_3water__compressed,compressed,-3.4483145314460564,-2.2059331312528734,3.3336781200761223,3.7798986069564213
nextgen_prospective_010,nextgen_prospective__nextgen_prospective_010__cluster_3water__compressed,compressed,-7.445040465189206,-1.4584299860822436,3.611487641277389,3.5950455573495006
nextgen_prospective_010,nextgen_prospective__nextgen_prospective_010__cluster_3water__compressed,compressed,-4.3858213434103055,0.4621670410038627,4.140876866200349,3.5970750452533835
nextgen_prospective_010,nextgen_prospective__nextgen_prospective_010__cluster_3water__compressed,compressed,-5.301239661427795,-2.7153504943373448,3.2269707873999742,3.448153769343645
nextgen_prospective_010,nextgen_prospective__nextgen_prospective_010__cluster_3water__compressed,compressed,-6.521059917258995,-0.2512768415002025,3.7246074751557945,3.4769913293572494
nextgen_prospective_010,nextgen_prospective__nextgen_prospective_010__cluster_3water__compressed,compressed,-4.837593415528072,-1.108984100711486,3.278495656227509,3.1581586239987844
nextgen_prospective_010,nextgen_prospective__nextgen_prospective_010__cluster_3water__compressed,compressed,-3.9479831616019907,-0.36953920203365365,3.8160365287500664,3.1503278804765307
nextgen_prospective_010,nextgen_prospective__nextgen_prospective_010__cluster_3water__compressed,compressed,-2.8770034044574166,0.7956465346883843,3.412630937637662,2.3530432445779157
nextgen_prospective_010,nextgen_prospective__nextgen_prospective_010__cluster_3water__compressed,compressed,-3.061895000597635,-1.5480173289459334,2.548919385215509,2.4588069560892527
nextgen_prospective_010,nextgen_prospective__nextgen_prospective_010__cluster_3water__compressed,compressed,-4.794841689209102,0.6877883346245,5.532217921217164,4.842776277784583
nextgen_prospective_010,nextgen_prospective__nextgen_prospective_010__cluster_3water__compressed,compressed,-4.686647806999194,-1.7533422010042112,4.719829421709898,4.392187851501897
nextgen_prospective_010,nextgen_prospective__nextgen_prospective_010__cluster_3water__compressed,compressed,-3.9064129521299398,-2.6356268329455204,4.552668292622242,5.115287193622763
nextgen_prospective_010,nextgen_prospective__nextgen_prospective_010__cluster_3water__compressed,compressed,-6.025243639766795,0.40422790757593086,6.604094961226492,6.6529405654437745
nextgen_prospective_010,nextgen_prospective__nextgen_prospective_010__cluster_3water__compressed,compressed,-3.2093352962692414,0.7845335026722595,3.4823648270108087,2.816764292655307
nextgen_prospective_010,nextgen_prospective__nextgen_prospective_010__cluster_3water__compressed,compressed,-3.9902297754382827,-1.9260370113464051,4.097261514756312,4.3986444832406955
nextgen_prospective_010,nextgen_prospective__nextgen_prospective_010__cluster_3water__compressed,compressed,-5.0307932911652555,0.17593262799137244,4.918600254181449,4.545270747313208
nextgen_prospective_010,nextgen_prospective__nextgen_prospective_010__cluster_3water__compressed,compressed,-3.5947179240973006,-0.5557316289702241,3.2407753398135952,2.962261916480114
nextgen_prospective_010,nextgen_prospective__nextgen_prospective_010__cluster_3water__compressed,compressed,-3.9930278389317393,-0.3711091056760822,2.7548730783673037,2.3415580525204915
nextgen_prospective_010,nextgen_prospective__nextgen_prospective_010__cluster_3water__compressed,compressed,-2.6160538654601453,1.1269868415379667,2.1726399644896865,1.458975682675542
nextgen_prospective_010,nextgen_prospective__nextgen_prospective_010__cluster_3water__compressed,compressed,-2.853771631926141,-1.886295268849013,1.4595731416982005,1.4572770797265149
nextgen_prospective_010,nextgen_prospective__nextgen_prospective_010__cluster_3water__compressed,compressed,-5.081845945855168,0.9883120128844014,4.198826483523765,3.7671161755852274
nextgen_prospective_010,nextgen_prospective__nextgen_prospective_010__cluster_3water__compressed,compressed,-4.942739525871002,-2.1502843900667994,3.5953434128797035,3.483676332267458
nextgen_prospective_010,nextgen_prospective__nextgen_prospective_010__cluster_3water__compressed,compressed,-3.7145110395786367,2.4067026482818203,5.114055941028539,4.823553890136567
nextgen_prospective_010,nextgen_prospective__nextgen_prospective_010__cluster_3water__compressed,compressed,-1.5369826353598917,-2.153420036014403,-1.9194911816606819,-0.2917110967163928
nextgen_prospective_010,nextgen_prospective__nextgen_prospective_010__cluster_3water__compressed,compressed,-3.939580426753389,-3.284650345419912,3.1898501108253985,3.5759064758303762
nextgen_prospective_010,nextgen_prospective__nextgen_prospective_010__cluster_3water__compressed,compressed,-6.347319960032401,-1.957441141868618,5.563482206076387,6.457898308745635
nextgen_prospective_010,nextgen_prospective__nextgen_prospective_010__cluster_3water__compressed,compressed,-2.552699214678235,-3.0980728782392437,1.8632145939809774,3.079050968987105
nextgen_prospective_010,nextgen_prospective__nextgen_prospective_010__cluster_3water__compressed,compressed,-6.663791310857918,0.6237343209648125,5.232824718660156,5.227168974972254
nextgen_prospective_010,nextgen_prospective__nextgen_prospective_010__cluster_3water__compressed,compressed,-5.2000749418444485,-2.9575622701853237,4.3226795393946915,5.442176291731961
nextgen_prospective_010,nextgen_prospective__nextgen_prospective_010__cluster_3water__compressed,compressed,-4.86064921085187,2.0321560990185317,4.788547596077386,4.3564531834350095
nextgen_prospective_010,nextgen_prospective__nextgen_prospective_010__cluster_3water__compressed,compressed,-2.0151044487228535,-1.8136047572159595,0.2694659765052343,0.9837344936035571
nextgen_prospective_010,nextgen_prospective__nextgen_prospective_010__cluster_3water__compressed,compressed,-6.398610311537919,-0.993762597996559,5.166649868662221,4.784266078461606
nextgen_prospective_010,nextgen_prospective__nextgen_prospective_010__cluster_3water__compressed,compressed,-3.043337726361062,1.1126986575172348,2.2685500852128726,1.843996208526663
nextgen_prospective_010,nextgen_prospective__nextgen_prospective_010__cluster_3water__compressed,compressed,-4.047344913864116,-2.3723205747924765,2.8943564880103967,3.0886927952220553
nextgen_prospective_010,nextgen_prospective__nextgen_prospective_010__cluster_3water__compressed,compressed,-5.3852122912273686,0.33021181864180804,3.775386786981194,3.4650941854995057
nextgen_prospective_010,nextgen_prospective__nextgen_prospective_010__cluster_3water__compressed,compressed,-3.538829676425711,-0.6104993688802443,2.167748292243754,2.0122464863714016
nextgen_prospective_010,nextgen_prospective__nextgen_prospective_010__cluster_3water__compressed,compressed,-3.7353832256916126,1.0010039770281383,3.8502304142669086,2.945966167922188
nextgen_prospective_010,nextgen_prospective__nextgen_prospective_010__cluster_3water__compressed,compressed,-2.664403468547039,2.166189713750176,2.8987781669584933,2.339771926777736
nextgen_prospective_010,nextgen_prospective__nextgen_prospective_010__cluster_3water__compressed,compressed,-2.8492950646872575,-0.17747414988414162,2.6142868921694706,1.8241242430660831
nextgen_prospective_010,nextgen_prospective__nextgen_prospective_010__cluster_3water__compressed,compressed,-4.582241753298724,2.058331513686292,4.589193113132106,4.0653214622129346
nextgen_prospective_010,nextgen_prospective__nextgen_prospective_010__cluster_3water__compressed,compressed,-4.474047871088817,-0.38279902194241927,5.459442563857442,4.827713785104105
nextgen_prospective_010,nextgen_prospective__nextgen_prospective_010__cluster_3water__compressed,compressed,-3.518759048416977,3.1615242301065067,3.999376259857801,4.014364297996709
nextgen_prospective_010,nextgen_prospective__nextgen_prospective_010__cluster_3water__compressed,compressed,-5.607692645507135,1.12497776220563,5.7563352897842535,5.679204482963935
nextgen_prospective_010,nextgen_prospective__nextgen_prospective_010__cluster_3water__compressed,compressed,-4.931359242040967,2.9280124488896617,5.021066868054147,5.310986905855135
nextgen_prospective_010,nextgen_prospective__nextgen_prospective_010__cluster_3water__compressed,compressed,-3.0244016723031555,3.2429715993390893,4.040929680629635,4.597193023974974
nextgen_prospective_010,nextgen_prospective__nextgen_prospective_010__cluster_3water__compressed,compressed,-5.812643703856418,1.7747710866377229,5.71426554828558,5.821972962785192
nextgen_prospective_010,nextgen_prospective__nextgen_prospective_010__cluster_3water__compressed,compressed,-4.410199848296159,2.870210247346172,4.328855208459492,4.17316015068319
nextgen_prospective_010,nextgen_prospective__nextgen_prospective_010__cluster_3water__compressed,compressed,-5.606391815496419,0.516717927445545,6.119096858625994,5.9301900051178436
nextgen_prospective_010,nextgen_prospective__nextgen_prospective_010__cluster_3water__compressed,compressed,-2.996735360358864,2.1550766817340516,2.957571823253513,2.59267434310093
nextgen_prospective_010,nextgen_prospective__nextgen_prospective_010__cluster_3water__compressed,compressed,-4.818193355254878,1.5464758070531643,4.616753652787242,4.074457123437555
nextgen_prospective_010,nextgen_prospective__nextgen_prospective_010__cluster_3water__compressed,compressed,-3.3821179881869234,0.8148115500915675,3.2034623623773406,2.6144783017246995
nextgen_prospective_010,nextgen_prospective__nextgen_prospective_010__cluster_3water__compressed,compressed,-3.780427903021362,0.9994340733857097,2.6941936236610786,2.1508188591573942
nextgen_prospective_010,nextgen_prospective__nextgen_prospective_010__cluster_3water__compressed,compressed,-2.4034539295497677,2.4975300205997586,1.756219598168851,1.291556636168091
nextgen_prospective_010,nextgen_prospective__nextgen_prospective_010__cluster_3water__compressed,compressed,-2.641171696015763,-0.5157520897872216,1.4573925798337939,1.066846466117089
nextgen_prospective_010,nextgen_prospective__nextgen_prospective_010__cluster_3water__compressed,compressed,-4.869246009944791,2.3588551919461933,3.3608803098228446,3.0257322251799024
nextgen_prospective_010,nextgen_prospective__nextgen_prospective_010__cluster_3water__compressed,compressed,-0.951383794405238,1.5423885683109648,-1.7539097870153952,-2.3057542484312705
nextgen_prospective_010,nextgen_prospective__nextgen_prospective_010__cluster_3water__compressed,compressed,-4.730139589960625,-0.7797412110050073,4.3696008295832645,3.9420002444737685
nextgen_prospective_010,nextgen_prospective__nextgen_prospective_010__cluster_3water__compressed,compressed,-3.50191110366826,3.777245827343613,2.8198594752708583,2.7305324995597475
nextgen_prospective_010,nextgen_prospective__nextgen_prospective_010__cluster_3water__compressed,compressed,-6.187682871355604,1.158828940042485,4.521921195650425,4.564985946988587
nextgen_prospective_010,nextgen_prospective__nextgen_prospective_010__cluster_3water__compressed,compressed,-5.318111352613389,3.4770163943505263,3.615732106331926,3.6169387753737268
nextgen_prospective_010,nextgen_prospective__nextgen_prospective_010__cluster_3water__compressed,compressed,-2.8663087629504886,3.8819638734997906,2.688633828639153,2.8159060152419366
nextgen_prospective_010,nextgen_prospective__nextgen_prospective_010__cluster_3water__compressed,compressed,-6.451191374947541,1.9942775000266042,4.332707863048624,4.30457774165034
nextgen_prospective_010,nextgen_prospective__nextgen_prospective_010__cluster_3water__compressed,compressed,-1.1785422505235408,1.9492287573376132,-1.2776158962686246,-1.512801608710252
nextgen_prospective_010,nextgen_prospective__nextgen_prospective_010__cluster_3water__compressed,compressed,-4.648049274941493,3.402699278080324,3.140059715939003,2.9969101280626003
nextgen_prospective_010,nextgen_prospective__nextgen_prospective_010__cluster_3water__compressed,compressed,-1.8025045128124755,-0.4430615781541679,-1.0081404243140746,-0.5354640727819036
nextgen_prospective_010,nextgen_prospective__nextgen_prospective_010__cluster_3water__compressed,compressed,-6.186010375627543,0.3767805810652326,5.070205616257928,4.745438633795017
nextgen_prospective_010,nextgen_prospective__nextgen_prospective_010__cluster_3water__compressed,compressed,-2.8307377904506845,2.4832418365790265,1.839793886940999,1.5375664631884054
nextgen_prospective_010,nextgen_prospective__nextgen_prospective_010__cluster_3water__compressed,compressed,-3.834744977953738,-1.001777395730685,3.624079553170123,3.505717373775095
nextgen_prospective_010,nextgen_prospective__nextgen_prospective_010__cluster_3water__compressed,compressed,-5.17261235531699,1.7007549977036003,3.433015076218293,3.0952699277027986
nextgen_prospective_010,nextgen_prospective__nextgen_prospective_010__cluster_3water__compressed,compressed,-3.326229740515333,0.7600438101815473,2.1099754467046594,1.763417146330366
nextgen_prospective_010,nextgen_prospective__nextgen_prospective_010__cluster_3water__compressed,compressed,-2.432629818496091,1.4877053618147102,1.9542435364274802,1.2927745216878261
nextgen_prospective_010,nextgen_prospective__nextgen_prospective_010__cluster_3water__compressed,compressed,-1.361650061351517,2.6528910985367484,0.433727927800831,-0.07486219832216066
nextgen_prospective_010,nextgen_prospective__nextgen_prospective_010__cluster_3water__compressed,compressed,-1.546541657491736,0.3092272349024304,-1.0783351317571466,-1.3024346926278692
nextgen_prospective_010,nextgen_prospective__nextgen_prospective_010__cluster_3water__compressed,compressed,-3.2794883461032014,2.545032898472864,3.5527399851482677,3.1084135514891624
nextgen_prospective_010,nextgen_prospective__nextgen_prospective_010__cluster_3water__compressed,compressed,-0.2322621784613278,1.9100033023121312,-4.0546506460139575,-4.437082515149095
nextgen_prospective_010,nextgen_prospective__nextgen_prospective_010__cluster_3water__compressed,compressed,-3.1712944638932954,0.1039023628441526,4.194178710599239,2.7837968066718046
nextgen_prospective_010,nextgen_prospective__nextgen_prospective_010__cluster_3water__compressed,compressed,-2.2160056412214555,3.6482256148930796,2.35863178350737,2.4218451013400246
nextgen_prospective_010,nextgen_prospective__nextgen_prospective_010__cluster_3water__compressed,compressed,-0.4892745861385025,3.058834403372733,-1.7145011110026864,-1.9133396369964075
nextgen_prospective_010,nextgen_prospective__nextgen_prospective_010__cluster_3water__compressed,compressed,-3.628605834845445,3.4147138336762346,4.0597333694305515,4.290139304169676
nextgen_prospective_010,nextgen_prospective__nextgen_prospective_010__cluster_3water__compressed,compressed,-1.7216482651076337,3.7296729841256617,1.5254582874630884,1.6576387915941497
nextgen_prospective_010,nextgen_prospective__nextgen_prospective_010__cluster_3water__compressed,compressed,-0.4089409776644518,2.2264345604439684,-3.6890369948143764,-3.72969127578648
nextgen_prospective_010,nextgen_prospective__nextgen_prospective_010__cluster_3water__compressed,compressed,-3.107446441100637,3.3569116321327432,3.0410457479872477,3.033248436475725
nextgen_prospective_010,nextgen_prospective__nextgen_prospective_010__cluster_3water__compressed,compressed,-1.6939819531633418,2.6417780665206236,0.5163983677043404,0.2116109566541473
nextgen_prospective_010,nextgen_prospective__nextgen_prospective_010__cluster_3water__compressed,compressed,-2.4748764323323833,-0.06879244749804087,1.601771707345101,1.7506024768370898
nextgen_prospective_010,nextgen_prospective__nextgen_prospective_010__cluster_3water__compressed,compressed,-3.5154399480593566,2.0331771918397363,3.6130049696874167,3.120970568159492
nextgen_prospective_010,nextgen_prospective__nextgen_prospective_010__cluster_3water__compressed,compressed,-2.0793645809914016,1.3015129348781398,0.7210651295590509,0.40894204112590216
nextgen_prospective_010,nextgen_prospective__nextgen_prospective_010__cluster_3water__compressed,compressed,-2.4776744958258403,1.4861354581722817,1.3993957155760128,0.903570309880423
nextgen_prospective_010,nextgen_prospective__nextgen_prospective_010__cluster_3water__compressed,compressed,-1.1007005223542456,2.9842314053863306,-0.00019662309069801154,-0.37779437541432337
nextgen_prospective_010,nextgen_prospective__nextgen_prospective_010__cluster_3water__compressed,compressed,-1.3384182888202418,-0.0290507050006496,-1.2878522126960057,-1.5252291493925296
nextgen_prospective_010,nextgen_prospective__nextgen_prospective_010__cluster_3water__compressed,compressed,-3.5664926027492694,2.8455565767327653,2.7494256492326397,2.3774843915580353
nextgen_prospective_010,nextgen_prospective__nextgen_prospective_010__cluster_3water__compressed,compressed,0.3513696127902836,2.029089953097537,-3.9791069896630837,-4.447118745052444
nextgen_prospective_010,nextgen_prospective__nextgen_prospective_010__cluster_3water__compressed,compressed,-3.427386182765103,-0.2930398262184353,3.5446507873215793,2.7027515128786104
nextgen_prospective_010,nextgen_prospective__nextgen_prospective_010__cluster_3water__compressed,compressed,-2.1991576964727377,4.263947212130184,1.512543037480718,1.4067331310771958
nextgen_prospective_010,nextgen_prospective__nextgen_prospective_010__cluster_3water__compressed,compressed,-0.021629292253992516,-0.29617547216603873,-9.288388016300608,-10.672873467008577
nextgen_prospective_010,nextgen_prospective__nextgen_prospective_010__cluster_3water__compressed,compressed,-4.884929464160083,1.6455303248290574,5.724386971470041,5.231687681759516
nextgen_prospective_010,nextgen_prospective__nextgen_prospective_010__cluster_3water__compressed,compressed,0.020925088633915512,3.5061585116040255,-1.8713911759942192,-2.071071960956696
nextgen_prospective_010,nextgen_prospective__nextgen_prospective_010__cluster_3water__compressed,compressed,-4.015357945417867,3.9637177791370983,3.1195634189109533,3.143078286997982
nextgen_prospective_010,nextgen_prospective__nextgen_prospective_010__cluster_3water__compressed,compressed,-1.563555355754967,4.368665258286362,0.789937222672954,0.7250718980130544
nextgen_prospective_010,nextgen_prospective__nextgen_prospective_010__cluster_3water__compressed,compressed,0.12421115667198118,2.435930142124185,-3.634338523286651,-3.7945593995742017
nextgen_prospective_010,nextgen_prospective__nextgen_prospective_010__cluster_3water__compressed,compressed,-3.345295867745971,3.889400662866896,2.2488532224445024,2.1550386962689956
nextgen_prospective_010,nextgen_prospective__nextgen_prospective_010__cluster_3water__compressed,compressed,-0.49975110561695363,0.0436398066324043,-5.2514389756876945,-5.7855440566652785
nextgen_prospective_010,nextgen_prospective__nextgen_prospective_010__cluster_3water__compressed,compressed,-4.88325696843202,0.8634819658518049,5.92799438687841,5.375012768222962
nextgen_prospective_010,nextgen_prospective__nextgen_prospective_010__cluster_3water__compressed,compressed,-1.5279843832551632,2.9699432213655994,0.09174962229341332,-0.1381860125401645
nextgen_prospective_010,nextgen_prospective__nextgen_prospective_010__cluster_3water__compressed,compressed,-2.5319915707582163,-0.5150760109441128,1.3275616968706494,1.3403231771316002
nextgen_prospective_010,nextgen_prospective__nextgen_prospective_010__cluster_3water__compressed,compressed,-3.8698589481214682,2.187456382490172,2.8415562910928394,2.4597724468840054
nextgen_prospective_010,nextgen_prospective__nextgen_prospective_010__cluster_3water__compressed,compressed,-2.0234763333198114,1.2467451949681196,0.2944908862390072,0.031943555524308366
nextgen_prospective_010,nextgen_prospective__nextgen_prospective_010__cluster_3water__compressed,compressed,-1.3832145966902847,0.5907755971920877,-0.9757466607611676,-1.370227192100906
nextgen_prospective_010,nextgen_prospective__nextgen_prospective_010__cluster_3water__compressed,compressed,-0.3122348395457109,1.755961333914126,-2.8686337276822016,-3.4002307321690113
nextgen_prospective_010,nextgen_prospective__nextgen_prospective_010__cluster_3water__compressed,compressed,-0.49712643568593007,-0.5877025297201921,-5.241921454998355,-5.251553983864487
nextgen_prospective_010,nextgen_prospective__nextgen_prospective_010__cluster_3water__compressed,compressed,0.8171530433444779,1.0130735376895084,-8.266811439039401,-9.208570659799214
nextgen_prospective_010,nextgen_prospective__nextgen_prospective_010__cluster_3water__compressed,compressed,-2.1218792420874886,-0.7930274017784698,0.03492890079481725,0.2545060730156994
nextgen_prospective_010,nextgen_prospective__nextgen_prospective_010__cluster_3water__compressed,compressed,0.560140635667303,2.161904638750111,-7.428369177038707,-7.503571038627848
nextgen_prospective_010,nextgen_prospective__nextgen_prospective_010__cluster_3water__compressed,compressed,-0.6722330433018275,2.8327432195030395,-1.804687376274039,-1.9562628972238403
nextgen_prospective_010,nextgen_prospective__nextgen_prospective_010__cluster_3water__compressed,compressed,0.6404742441413543,1.3295047958213462,-8.320307859527531,-8.532099787097545
nextgen_prospective_010,nextgen_prospective__nextgen_prospective_010__cluster_3water__compressed,compressed,0.15517026236107168,-0.5311654651167056,-7.578310537090793,-8.35425217180241
nextgen_prospective_010,nextgen_prospective__nextgen_prospective_010__cluster_3water__compressed,compressed,-0.6445667313575361,1.744848301898001,-2.580126588508147,-2.8406438566347942
nextgen_prospective_010,nextgen_prospective__nextgen_prospective_010__cluster_3water__compressed,compressed,-2.46602472625355,1.1362474272171137,1.7703031105900102,1.4404101146608972
nextgen_prospective_010,nextgen_prospective__nextgen_prospective_010__cluster_3water__compressed,compressed,-1.0299493591855957,0.40458317025551715,-2.4061790832758945,-2.6476725277521607
nextgen_prospective_010,nextgen_prospective__nextgen_prospective_010__cluster_3water__compressed,compressed,-1.4282592740200344,0.589205693549659,-0.481771440248302,-0.8570808251614772
nextgen_prospective_010,nextgen_prospective__nextgen_prospective_010__cluster_3water__compressed,compressed,-0.05128530054843988,2.0873016407637084,-2.1071589516954425,-2.5571428669266263
nextgen_prospective_010,nextgen_prospective__nextgen_prospective_010__cluster_3water__compressed,compressed,-0.28900306701443573,-0.9259804696232722,-3.6556930022202394,-3.686224844996148
nextgen_prospective_010,nextgen_prospective__nextgen_prospective_010__cluster_3water__compressed,compressed,-2.5170773809434634,1.9486268121101427,2.2368626133286718,1.6258775159565075
nextgen_prospective_010,nextgen_prospective__nextgen_prospective_010__cluster_3water__compressed,compressed,1.4007848345960896,1.1321601884749146,-6.195464027667796,-7.009639052904906
nextgen_prospective_010,nextgen_prospective__nextgen_prospective_010__cluster_3water__compressed,compressed,-2.377970960959297,-1.1899695908410577,0.8988721426312907,0.8674821620979057
nextgen_prospective_010,nextgen_prospective__nextgen_prospective_010__cluster_3water__compressed,compressed,-1.1497424746669318,3.3670174475075623,0.3871477827068759,0.0968854887735257
nextgen_prospective_010,nextgen_prospective__nextgen_prospective_010__cluster_3water__compressed,compressed,1.0703403104397213,2.609228746981403,-4.972481247135896,-5.250108718694691
nextgen_prospective_010,nextgen_prospective__nextgen_prospective_010__cluster_3water__compressed,compressed,-1.374811861841685,-2.3243355461941704,-2.5131485010967403,-0.2877005723554992
nextgen_prospective_010,nextgen_prospective__nextgen_prospective_010__cluster_3water__compressed,compressed,-0.5141401339491614,3.4717354936637403,-1.151500752194945,-1.3132945164653438
nextgen_prospective_010,nextgen_prospective__nextgen_prospective_010__cluster_3water__compressed,compressed,1.1736263784777872,1.5390003775015624,-5.887970780328544,-6.2086029264060025
nextgen_prospective_010,nextgen_prospective__nextgen_prospective_010__cluster_3water__compressed,compressed,-2.295880645940165,2.9924708982442736,1.816271328321406,1.6029956340725808
nextgen_prospective_010,nextgen_prospective__nextgen_prospective_010__cluster_3water__compressed,compressed,0.5496641161888521,-0.8532899579902183,-5.877092411560092,-5.926442511339687
nextgen_prospective_010,nextgen_prospective__nextgen_prospective_010__cluster_3water__compressed,compressed,-0.47856916144935735,2.073013456742976,-1.8808008519624053,-2.119268093157362
nextgen_prospective_010,nextgen_prospective__nextgen_prospective_010__cluster_3water__compressed,compressed,-1.4825763489524104,-1.4120057755667355,-1.191822250628416,-0.9989095400321536
nextgen_prospective_010,nextgen_prospective__nextgen_prospective_010__cluster_3water__compressed,compressed,-2.820443726315662,1.2905266178675494,1.8087272775582086,1.4380168670616373
nextgen_prospective_010,nextgen_prospective__nextgen_prospective_010__cluster_3water__compressed,compressed,-0.9740611115140057,0.349815430345497,-1.6718835154163614,-1.8738313915549292
nextgen_prospective_010,nextgen_prospective__nextgen_prospective_010__cluster_3water__compressed,compressed,-1.6887785799773483,-0.757425346512616,-1.0007072425839425,-0.9717687310075586
nextgen_prospective_010,nextgen_prospective__nextgen_prospective_010__cluster_3water__compressed,compressed,-0.6177988228327748,0.40776039020942195,-4.652134145276765,-4.984877750433698
nextgen_prospective_010,nextgen_prospective__nextgen_prospective_010__cluster_3water__compressed,compressed,-0.8026904189729939,-1.9359034734248959,-3.5802996184517433,-2.971858135868268
nextgen_prospective_010,nextgen_prospective__nextgen_prospective_010__cluster_3water__compressed,compressed,-2.5356371075844595,0.29990219014553776,2.2826307049688133,1.539407541858999
nextgen_prospective_010,nextgen_prospective__nextgen_prospective_010__cluster_3water__compressed,compressed,0.5115890600574147,-0.3351274060151952,-9.054228392494146,-10.50406355073565
nextgen_prospective_010,nextgen_prospective__nextgen_prospective_010__cluster_3water__compressed,compressed,-2.4274432253745526,-2.1412283454831735,1.2081802947010445,1.8380390471237764
nextgen_prospective_010,nextgen_prospective__nextgen_prospective_010__cluster_3water__compressed,compressed,0.22147880057853325,-2.1436671812201986,-8.774702036444815,-8.312580700581192
nextgen_prospective_010,nextgen_prospective__nextgen_prospective_010__cluster_3water__compressed,compressed,-1.647208370505299,-3.0235129774244838,-0.7615828133773483,0.7334216368629841
nextgen_prospective_010,nextgen_prospective__nextgen_prospective_010__cluster_3water__compressed,compressed,-0.5685229833357336,-2.8783971696172963,-4.338282834394747,-3.1940095866698393
nextgen_prospective_010,nextgen_prospective__nextgen_prospective_010__cluster_3water__compressed,compressed,0.3349102608542902,-0.018696147883357883,-8.814529927665404,-9.741629382935312
nextgen_prospective_010,nextgen_prospective__nextgen_prospective_010__cluster_3water__compressed,compressed,-2.627592993353899,-2.7691111411309146,2.3485660765762972,3.838268305478804
nextgen_prospective_010,nextgen_prospective__nextgen_prospective_010__cluster_3water__compressed,compressed,-0.15039372092599262,-1.8793664088214093,-5.450085101871949,-5.644444917089977
nextgen_prospective_010,nextgen_prospective__nextgen_prospective_010__cluster_3water__compressed,compressed,-0.9501307146445994,0.39664735819329733,-3.243944405896926,-3.4944723933625657
nextgen_prospective_010,nextgen_prospective__nextgen_prospective_010__cluster_3water__compressed,compressed,-1.731025193813641,-2.313923155825367,-0.34791839734538144,0.3678413871952941
nextgen_prospective_010,nextgen_prospective__nextgen_prospective_010__cluster_3water__compressed,compressed,-2.771588709540614,-0.21195351648758984,2.05771331902449,1.8864112354174547
nextgen_prospective_010,nextgen_prospective__nextgen_prospective_010__cluster_3water__compressed,compressed,-1.3355133424726593,-0.9436177734491864,-1.6432013316616256,-1.634969865178355
nextgen_prospective_010,nextgen_prospective__nextgen_prospective_010__cluster_3water__compressed,compressed,-1.7338232573070977,-0.7589952501550444,-0.4186277076012601,-0.5439080828131367
nextgen_prospective_010,nextgen_prospective__nextgen_prospective_010__cluster_3water__compressed,compressed,-0.3568492838355035,0.7391006970590044,-3.170403195139393,-3.653224767186721
nextgen_prospective_010,nextgen_prospective__nextgen_prospective_010__cluster_3water__compressed,compressed,-0.5945670503014994,-2.274181413327976,-2.502802416125327,-2.1825215776938007
nextgen_prospective_010,nextgen_prospective__nextgen_prospective_010__cluster_3water__compressed,compressed,-2.8226413642305266,0.600425868405439,2.6891118486735976,1.8264432415464453
nextgen_prospective_010,nextgen_prospective__nextgen_prospective_010__cluster_3water__compressed,compressed,1.0952208513090256,-0.21604075522978938,-7.537205623040499,-8.006939081587655
nextgen_prospective_010,nextgen_prospective__nextgen_prospective_010__cluster_3water__compressed,compressed,-2.683534944246361,-2.538170534545762,1.3104023746830507,1.5890721066552476
nextgen_prospective_010,nextgen_prospective__nextgen_prospective_010__cluster_3water__compressed,compressed,0.72222194626475,-2.541306180493365,-5.764605926890098,-5.1535067115741935
nextgen_prospective_010,nextgen_prospective__nextgen_prospective_010__cluster_3water__compressed,compressed,-1.6803758451287487,-3.6725364898988744,-0.4317204072599168,0.36340110781064355
nextgen_prospective_010,nextgen_prospective__nextgen_prospective_010__cluster_3water__compressed,compressed,-0.8197041172362245,2.123534549959037,-2.8844208585057096,-2.8233335788364857
nextgen_prospective_010,nextgen_prospective__nextgen_prospective_010__cluster_3water__compressed,compressed,-0.2934946330535936,-3.485959022718206,-3.0173313519044065,-2.396826648202972
nextgen_prospective_010,nextgen_prospective__nextgen_prospective_010__cluster_3water__compressed,compressed,0.8680623951907233,0.19079943379685865,-7.349375421418003,-7.572271684409722
nextgen_prospective_010,nextgen_prospective__nextgen_prospective_010__cluster_3water__compressed,compressed,-2.9408703602198067,-3.345448414664286,2.109986234569927,2.791493237386512
nextgen_prospective_010,nextgen_prospective__nextgen_prospective_010__cluster_3water__compressed,compressed,-2.601444629227229,1.6442699545395694,2.6100757138132202,2.2761474090588747
nextgen_prospective_010,nextgen_prospective__nextgen_prospective_010__cluster_3water__compressed,compressed,0.2441001329017884,-2.201490901694922,-4.007857041420593,-3.8979577725822625
nextgen_prospective_010,nextgen_prospective__nextgen_prospective_010__cluster_3water__compressed,compressed,-4.139405729913278,-1.3816487424755215,4.767195217825426,4.966523940397578
nextgen_prospective_010,nextgen_prospective__nextgen_prospective_010__cluster_3water__compressed,compressed,-0.7841331447364207,0.7248125130382725,-2.323724120792292,-2.591126550699882
nextgen_prospective_010,nextgen_prospective__nextgen_prospective_010__cluster_3water__compressed,compressed,-1.7881403322394742,-2.7602067192714395,-0.22641371840492752,0.1624890139730886
nextgen_prospective_010,nextgen_prospective__nextgen_prospective_010__cluster_3water__compressed,compressed,-3.1260077096027254,-0.05767432583715376,2.078233979517119,1.8134581053240832
nextgen_prospective_010,nextgen_prospective__nextgen_prospective_010__cluster_3water__compressed,compressed,-1.2796250948010695,-0.9983855133592068,-1.190462377171908,-1.2244651898792933
nextgen_prospective_010,nextgen_prospective__nextgen_prospective_010__cluster_3water__compressed,compressed,-2.9313306534562074,-1.2504923414590208,2.2996957219714176,2.073099106028102
nextgen_prospective_010,nextgen_prospective__nextgen_prospective_010__cluster_3water__compressed,compressed,-1.9548491101773315,-0.18811711091833924,-0.3679141394683505,-0.2716257354889169
nextgen_prospective_010,nextgen_prospective__nextgen_prospective_010__cluster_3water__compressed,compressed,-2.1234267419522364,-2.324987104231982,0.2943376238184747,0.9246096008977102
nextgen_prospective_010,nextgen_prospective__nextgen_prospective_010__cluster_3water__compressed,compressed,-3.6048190066124817,-2.5121950758145286,3.4196375434007997,3.6962341702913193
nextgen_prospective_010,nextgen_prospective__nextgen_prospective_010__cluster_3water__compressed,compressed,-1.18962539471408,-2.5144187201629933,-3.0551404651726344,-0.8141108952341891
nextgen_prospective_010,nextgen_prospective__nextgen_prospective_010__cluster_3water__compressed,compressed,-2.893428403643456,-3.316631063761017,2.1783143440257113,2.903454904146048
nextgen_prospective_010,nextgen_prospective__nextgen_prospective_010__cluster_3water__compressed,compressed,-1.9099211388712054,-3.184319591936818,0.15411468442483311,1.580729988676147
nextgen_prospective_010,nextgen_prospective__nextgen_prospective_010__cluster_3water__compressed,compressed,-3.787308500946591,-3.084676448316882,3.775596090047406,4.398608542017972
nextgen_prospective_010,nextgen_prospective__nextgen_prospective_010__cluster_3water__compressed,compressed,-1.528685634909383,-2.273438604152333,-0.9006368927830799,0.40435074994595704
nextgen_prospective_010,nextgen_prospective__nextgen_prospective_010__cluster_3water__compressed,compressed,-2.2578575997704657,-0.19824958128598225,0.7486269526215672,0.9800602244825187
nextgen_prospective_010,nextgen_prospective__nextgen_prospective_010__cluster_3water__compressed,compressed,-2.96984962489518,-2.6696521087735885,2.250832529706148,2.8192531857073133
nextgen_prospective_010,nextgen_prospective__nextgen_prospective_010__cluster_3water__compressed,compressed,-3.9185987127638917,-0.7531503787891443,4.4148109776562805,4.179036138858201
nextgen_prospective_010,nextgen_prospective__nextgen_prospective_010__cluster_3water__compressed,compressed,-2.609235878084285,-1.4202560248423648,1.49982068173804,1.771358442961417
nextgen_prospective_010,nextgen_prospective__nextgen_prospective_010__cluster_3water__compressed,compressed,-2.9724008004333324,-1.2519237241918233,1.7401750090213497,1.5275138835674915
nextgen_prospective_010,nextgen_prospective__nextgen_prospective_010__cluster_3water__compressed,compressed,-1.7169245305033487,0.11398728650333889,-0.5860421811552108,-0.8345389026156685
nextgen_prospective_010,nextgen_prospective__nextgen_prospective_010__cluster_3water__compressed,compressed,-1.933667199928227,-2.6334169906142018,-0.12848219619998602,0.24910228377023905
nextgen_prospective_010,nextgen_prospective__nextgen_prospective_010__cluster_3water__compressed,compressed,-3.965146721451752,-0.012451527857265027,4.733104332421467,3.7412663536637516
nextgen_prospective_010,nextgen_prospective__nextgen_prospective_010__cluster_3water__compressed,compressed,-0.3929782308127483,-0.7568769788187966,-8.624426081902836,-8.713692612632247
nextgen_prospective_010,nextgen_prospective__nextgen_prospective_010__cluster_3water__compressed,compressed,-3.8383143973485416,-2.874112954077477,2.6703464433763813,2.818756349588507
nextgen_prospective_010,nextgen_prospective__nextgen_prospective_010__cluster_3water__compressed,compressed,-0.7330654677648827,-2.8769719253826453,-3.491144139841307,-2.3726163275796868
nextgen_prospective_010,nextgen_prospective__nextgen_prospective_010__cluster_3water__compressed,compressed,-2.9236693363883663,-3.9083877957229625,1.4615968032831717,1.9469649827539033
nextgen_prospective_010,nextgen_prospective__nextgen_prospective_010__cluster_3water__compressed,compressed,-1.6591599959669014,-3.7382730462347054,-0.3906953620411713,0.4717066407237033
nextgen_prospective_010,nextgen_prospective__nextgen_prospective_010__cluster_3water__compressed,compressed,-4.072943747206684,-3.610160433009073,2.8763462502614523,3.346344515090233
nextgen_prospective_010,nextgen_prospective__nextgen_prospective_010__cluster_3water__compressed,compressed,-1.1690000623017005,-2.567140347654653,-1.5558458152225008,-1.0016069840632833
nextgen_prospective_010,nextgen_prospective__nextgen_prospective_010__cluster_3water__compressed,compressed,-5.165725996044849,-1.819637202484023,5.179146656953737,5.30982554723625
nextgen_prospective_010,nextgen_prospective__nextgen_prospective_010__cluster_3water__compressed,compressed,-2.10650687426595,0.10095982460208347,0.27333932965589725,0.16555094966564757
nextgen_prospective_010,nextgen_prospective__nextgen_prospective_010__cluster_3water__compressed,compressed,-3.0219251922834394,-3.0765577107391238,1.5288103280179932,1.8874220203038394
nextgen_prospective_010,nextgen_prospective__nextgen_prospective_010__cluster_3water__compressed,compressed,-4.2417454481146395,-0.6124840579019821,3.652700973851175,3.413781082684718
nextgen_prospective_010,nextgen_prospective__nextgen_prospective_010__cluster_3water__compressed,compressed,-2.558278946383718,-1.4701913171132655,0.9021469218049027,1.0064863838212237
nextgen_prospective_010,nextgen_prospective__nextgen_prospective_010__cluster_3water__compressed,compressed,-5.184127772603034,-1.8980052288596971,4.945924057015327,4.689733217369773
nextgen_prospective_010,nextgen_prospective__nextgen_prospective_010__cluster_3water__compressed,compressed,-4.558653776599962,-2.7298721419742478,3.9882329228309032,4.184754803030242
nextgen_prospective_010,nextgen_prospective__nextgen_prospective_010__cluster_3water__compressed,compressed,-5.705538110530473,-2.8748073457800905,4.007807349777792,4.497261692884151
nextgen_prospective_010,nextgen_prospective__nextgen_prospective_010__cluster_3water__compressed,compressed,-3.8357107980930003,-2.8765288768885786,4.200231332310844,4.792761301630453
nextgen_prospective_010,nextgen_prospective__nextgen_prospective_010__cluster_3water__compressed,compressed,-6.505757951296345,-1.8104943216755853,5.2490717511533,5.873618538309075
nextgen_prospective_010,nextgen_prospective__nextgen_prospective_010__cluster_3water__compressed,compressed,-5.154784095328647,-3.4975964977386624,3.515031013996417,4.225536621730223
nextgen_prospective_010,nextgen_prospective__nextgen_prospective_010__cluster_3water__compressed,compressed,-6.476680309677908,-2.768932621279128,4.113665617419882,4.888036644659578
nextgen_prospective_010,nextgen_prospective__nextgen_prospective_010__cluster_3water__compressed,compressed,-4.393359116150131,-3.395161809874766,3.616164059978555,4.263593352593041
nextgen_prospective_010,nextgen_prospective__nextgen_prospective_010__cluster_3water__compressed,compressed,-6.650429286601722,-1.35181668089999,5.9511417212707585,6.309225087403146
nextgen_prospective_010,nextgen_prospective__nextgen_prospective_010__cluster_3water__compressed,compressed,-5.846820299692364,-3.318018730943202,3.636233858619331,4.4733186996611485
nextgen_prospective_010,nextgen_prospective__nextgen_prospective_010__cluster_3water__compressed,compressed,-4.098209048566783,-2.6899636257835513,4.230710138005245,4.796346983788023
nextgen_prospective_010,nextgen_prospective__nextgen_prospective_010__cluster_3water__compressed,compressed,-6.504839718347604,-2.239854205035645,4.589991332539123,5.041144947712478
nextgen_prospective_010,nextgen_prospective__nextgen_prospective_010__cluster_3water__compressed,compressed,-5.2139489117815945,-2.9967095648451685,3.748266742745976,4.338460848340645
nextgen_prospective_010,nextgen_prospective__nextgen_prospective_010__cluster_3water__compressed,compressed,-5.948464334647692,-1.512966290018502,5.483723930189033,5.289836919604142
nextgen_prospective_010,nextgen_prospective__nextgen_prospective_010__cluster_3water__compressed,compressed,-4.934764075540901,-2.029435177285512,4.478035277134307,4.661428302157752
nextgen_prospective_010,nextgen_prospective__nextgen_prospective_010__cluster_3water__compressed,compressed,-5.215924015424035,-1.8991133961367057,4.038042633636163,3.865875775283528
nextgen_prospective_010,nextgen_prospective__nextgen_prospective_010__cluster_3water__compressed,compressed,-4.243942387091145,-0.8416339039856122,5.181836931498429,4.700426746980632
nextgen_prospective_010,nextgen_prospective__nextgen_prospective_010__cluster_3water__compressed,compressed,-4.411743163420083,-2.9686565701411274,3.109654869945633,3.260270291071426
nextgen_prospective_010,nextgen_prospective__nextgen_prospective_010__cluster_3water__compressed,compressed,-5.886308735616455,-3.155001832177212,3.224036538360675,3.52876481693278
nextgen_prospective_010,nextgen_prospective__nextgen_prospective_010__cluster_3water__compressed,compressed,-3.4822450481968485,-3.1572152293166966,3.1651544360298267,3.6914194104592855
nextgen_prospective_010,nextgen_prospective__nextgen_prospective_010__cluster_3water__compressed,compressed,-6.915162816601148,-1.786599372614276,4.364604356546176,4.8107769999871985
nextgen_prospective_010,nextgen_prospective__nextgen_prospective_010__cluster_3water__compressed,compressed,-5.178196430356964,-3.955730741838232,2.76293336632083,3.2262944473334274
nextgen_prospective_010,nextgen_prospective__nextgen_prospective_010__cluster_3water__compressed,compressed,-6.877777277377442,-3.0188771863902604,3.357786420896902,3.8278364933357185
nextgen_prospective_010,nextgen_prospective__nextgen_prospective_010__cluster_3water__compressed,compressed,-4.199221457127442,-3.8240290002989368,2.7719371405512394,3.251590862778282
nextgen_prospective_010,nextgen_prospective__nextgen_prospective_010__cluster_3water__compressed,compressed,-7.101168819136631,-1.196870977331368,4.972554542619134,5.155265619753579
nextgen_prospective_010,nextgen_prospective__nextgen_prospective_010__cluster_3water__compressed,compressed,-6.0679572645388875,-3.724845041672641,2.9185179882986745,3.4329023777581846
nextgen_prospective_010,nextgen_prospective__nextgen_prospective_010__cluster_3water__compressed,compressed,-3.819742798805997,-2.91734562075309,3.2976142208342996,3.744743833440152
nextgen_prospective_010,nextgen_prospective__nextgen_prospective_010__cluster_3water__compressed,compressed,-6.913982231381339,-2.338633508362925,3.762810101949121,3.9958105712552148
nextgen_prospective_010,nextgen_prospective__nextgen_prospective_010__cluster_3water__compressed,compressed,-4.545554524197674,-0.8517196809414227,4.9053551462563405,4.831860503231405
nextgen_prospective_010,nextgen_prospective__nextgen_prospective_010__cluster_3water__compressed,compressed,-5.254265480082182,-3.311733256689455,2.982884836005395,3.35932618644929
nextgen_prospective_010,nextgen_prospective__nextgen_prospective_010__cluster_3water__compressed,compressed,-6.1986424523385955,-1.404063331912312,4.514208887037352,4.288698409544947
nextgen_prospective_010,nextgen_prospective__nextgen_prospective_010__cluster_3water__compressed,compressed,-4.895313547772721,-2.068094758398467,3.62879823563933,3.7205842837280323
nextgen_prospective_010,nextgen_prospective__nextgen_prospective_010__cluster_3water__compressed,compressed,-5.851027957542692,-0.45964228065009494,4.3562179252758515,4.376377241667409
nextgen_prospective_010,nextgen_prospective__nextgen_prospective_010__cluster_3water__compressed,compressed,-5.095042246617109,0.3628417688007556,5.241352619196782,4.820336810537626
nextgen_prospective_010,nextgen_prospective__nextgen_prospective_010__cluster_3water__compressed,compressed,-5.225553961539617,-1.2915091937646455,4.787891606809369,4.448154159362234
nextgen_prospective_010,nextgen_prospective__nextgen_prospective_010__cluster_3water__compressed,compressed,-6.448810447618298,0.2867065687556607,4.3366275613829774,4.637633571896726
nextgen_prospective_010,nextgen_prospective__nextgen_prospective_010__cluster_3water__compressed,compressed,-6.372438295470129,-1.4364443975704886,4.450428354775493,4.681316359694259
nextgen_prospective_010,nextgen_prospective__nextgen_prospective_010__cluster_3water__compressed,compressed,-5.698116773584125,1.0654308391699305,5.566165387125288,5.525130622064111
nextgen_prospective_010,nextgen_prospective__nextgen_prospective_010__cluster_3water__compressed,compressed,-7.172658136236001,-0.3721313734659831,4.189525963191221,4.739491744397215
nextgen_prospective_010,nextgen_prospective__nextgen_prospective_010__cluster_3water__compressed,compressed,-5.821684280268302,-2.05923354952906,5.427606705604049,5.7822501716904675
nextgen_prospective_010,nextgen_prospective__nextgen_prospective_010__cluster_3water__compressed,compressed,-6.6952463220245875,0.9005989936050987,4.768179099618797,5.079920447542434
nextgen_prospective_010,nextgen_prospective__nextgen_prospective_010__cluster_3water__compressed,compressed,-7.143580494617565,-1.3305696730695264,4.491418835639749,5.033017760801775
nextgen_prospective_010,nextgen_prospective__nextgen_prospective_010__cluster_3water__compressed,compressed,-7.317329471541376,0.08654626730961225,4.524550091161261,4.940696316930426
nextgen_prospective_010,nextgen_prospective__nextgen_prospective_010__cluster_3water__compressed,compressed,-6.513720484632021,-1.8796557827336,5.5245772399983295,6.357206468424784
nextgen_prospective_010,nextgen_prospective__nextgen_prospective_010__cluster_3water__compressed,compressed,-6.327369102910605,0.8597974395743991,5.627539235821155,5.659152204619275
nextgen_prospective_010,nextgen_prospective__nextgen_prospective_010__cluster_3water__compressed,compressed,-7.171739903287261,-0.8014912568260426,5.01494249500567,5.242960988988143
nextgen_prospective_010,nextgen_prospective__nextgen_prospective_010__cluster_3water__compressed,compressed,-6.61536451958735,-0.07460334180889999,5.714227648608183,5.48029380112736
nextgen_prospective_010,nextgen_prospective__nextgen_prospective_010__cluster_3water__compressed,compressed,-5.882824200363691,-0.46075044792710335,3.5261106243873463,3.46763592256095
nextgen_prospective_010,nextgen_prospective__nextgen_prospective_010__cluster_3water__compressed,compressed,-4.910842572030799,0.5967290442239906,4.474161368867691,3.9616369676556458
nextgen_prospective_010,nextgen_prospective__nextgen_prospective_010__cluster_3water__compressed,compressed,-5.078643348359738,-1.5302936219315255,3.8157272565890743,3.5898852156360057
nextgen_prospective_010,nextgen_prospective__nextgen_prospective_010__cluster_3water__compressed,compressed,-6.651401687603758,0.4988409298802966,3.5854613612924524,3.697691374554005
nextgen_prospective_010,nextgen_prospective__nextgen_prospective_010__cluster_3water__compressed,compressed,-6.553208920556112,-1.7166388839676094,3.5783520596290863,3.719778954955456
nextgen_prospective_010,nextgen_prospective__nextgen_prospective_010__cluster_3water__compressed,compressed,-5.686224106702676,1.5000578489843583,4.950643292323864,4.795286442441279
nextgen_prospective_010,nextgen_prospective__nextgen_prospective_010__cluster_3water__compressed,compressed,-4.149145233136505,-1.7188522811070945,4.878975815862496,4.790173385586008
nextgen_prospective_010,nextgen_prospective__nextgen_prospective_010__cluster_3water__compressed,compressed,-7.582063001540805,-0.3482364244046739,3.4296916141192124,3.7263931474974514
nextgen_prospective_010,nextgen_prospective__nextgen_prospective_010__cluster_3water__compressed,compressed,-5.845096615296621,-2.5173677936286305,4.395982687686706,4.7733125269961105
nextgen_prospective_010,nextgen_prospective__nextgen_prospective_010__cluster_3water__compressed,compressed,-6.968247811840415,1.2881311904010024,4.046679056611824,4.182087993851938
nextgen_prospective_010,nextgen_prospective__nextgen_prospective_010__cluster_3water__compressed,compressed,-7.544677462317099,-1.5805142381806585,3.6583475868867676,3.9977843029930256
nextgen_prospective_010,nextgen_prospective__nextgen_prospective_010__cluster_3water__compressed,compressed,-7.768069004076287,0.24149197087823399,3.746768326692962,3.9547945185235776
nextgen_prospective_010,nextgen_prospective__nextgen_prospective_010__cluster_3water__compressed,compressed,-6.734857449478544,-2.2864820934630385,4.52003663961853,5.167466643417017
nextgen_prospective_010,nextgen_prospective__nextgen_prospective_010__cluster_3water__compressed,compressed,-6.495262815836724,1.2356720495043887,4.884742577418555,4.833699549963381
nextgen_prospective_010,nextgen_prospective__nextgen_prospective_010__cluster_3water__compressed,compressed,-7.5808824163209945,-0.9002705601533222,4.1127126695035265,4.213780865587345
nextgen_prospective_010,nextgen_prospective__nextgen_prospective_010__cluster_3water__compressed,compressed,-5.21245470913733,0.5866432672681793,6.361860582417167,6.189581544135543
nextgen_prospective_010,nextgen_prospective__nextgen_prospective_010__cluster_3water__compressed,compressed,-5.921165665021839,-1.8733703084798523,5.8969945500710885,6.399394739263052
nextgen_prospective_010,nextgen_prospective__nextgen_prospective_010__cluster_3water__compressed,compressed,-6.865542637278251,0.03429961629729031,4.736740370407055,4.489328965467347
nextgen_prospective_010,nextgen_prospective__nextgen_prospective_010__cluster_3water__compressed,compressed,-5.562213732712377,-0.6297318101888648,6.023598019955667,5.629780001104855
nextgen_prospective_010,nextgen_prospective__nextgen_prospective_010__cluster_3water__compressed,compressed,-4.524099222656717,1.6872894647535435,5.261449039683175,4.553125309220362
nextgen_prospective_010,nextgen_prospective__nextgen_prospective_010__cluster_3water__compressed,compressed,-3.768113511731135,2.5097735142043938,4.672600952334349,4.316915514727064
nextgen_prospective_010,nextgen_prospective__nextgen_prospective_010__cluster_3water__compressed,compressed,-5.121881712732323,2.433638314159299,4.658605449382458,4.478632020557009
nextgen_prospective_010,nextgen_prospective__nextgen_prospective_010__cluster_3water__compressed,compressed,-5.045509560584153,0.7104873478331498,6.534654817046626,6.141848503519983
nextgen_prospective_010,nextgen_prospective__nextgen_prospective_010__cluster_3water__compressed,compressed,-4.37118803869815,3.2123625845735693,4.279890765410688,4.313671811555955
nextgen_prospective_010,nextgen_prospective__nextgen_prospective_010__cluster_3water__compressed,compressed,-5.8457294013500265,1.7748003719376555,5.194011704505286,5.19113125199915
nextgen_prospective_010,nextgen_prospective__nextgen_prospective_010__cluster_3water__compressed,compressed,-5.368317587138613,3.047530739008738,4.3549091788883665,4.448492111488555
nextgen_prospective_010,nextgen_prospective__nextgen_prospective_010__cluster_3water__compressed,compressed,-5.816651759731588,0.8163620723341127,6.549316003646721,6.802692144341204
nextgen_prospective_010,nextgen_prospective__nextgen_prospective_010__cluster_3water__compressed,compressed,-4.022229890853098,3.269854845208333,4.365864327032565,4.548126787315553
nextgen_prospective_010,nextgen_prospective__nextgen_prospective_010__cluster_3water__compressed,compressed,-5.990400736655402,2.2334780127132503,4.858310932409182,4.920820496494322
nextgen_prospective_010,nextgen_prospective__nextgen_prospective_010__cluster_3water__compressed,compressed,-5.000440368024631,3.0067291849780378,4.391357321591682,4.390401464839985
nextgen_prospective_010,nextgen_prospective__nextgen_prospective_010__cluster_3water__compressed,compressed,-5.844811168401284,1.345440488577596,5.70761742876269,5.627243200194024
nextgen_prospective_010,nextgen_prospective__nextgen_prospective_010__cluster_3water__compressed,compressed,-4.002700729480657,2.5019290210165415,4.775476105110643,4.506046270609887
nextgen_prospective_010,nextgen_prospective__nextgen_prospective_010__cluster_3water__compressed,compressed,-5.288435784701374,2.0723284035947387,5.000746876030027,4.747074672117204
nextgen_prospective_010,nextgen_prospective__nextgen_prospective_010__cluster_3water__compressed,compressed,-4.274735525594583,1.5558595163277293,5.704513967968783,4.876502457994194
nextgen_prospective_010,nextgen_prospective__nextgen_prospective_010__cluster_3water__compressed,compressed,-4.5558954654777155,1.6861812974765353,4.1867007583720195,3.5892429923714797
nextgen_prospective_010,nextgen_prospective__nextgen_prospective_010__cluster_3water__compressed,compressed,-3.5839138371448254,2.7436607896276284,3.6091438707908097,3.233986345566614
nextgen_prospective_010,nextgen_prospective__nextgen_prospective_010__cluster_3water__compressed,compressed,-3.751714613473763,0.6166381234721132,5.213227934582676,3.814347403669883
nextgen_prospective_010,nextgen_prospective__nextgen_prospective_010__cluster_3water__compressed,compressed,-5.324472952717782,2.6457726752839346,3.736608433723587,3.5383454116310684
nextgen_prospective_010,nextgen_prospective__nextgen_prospective_010__cluster_3water__compressed,compressed,-5.226280185670136,0.4302928614360293,5.732201744195864,5.426609999786853
nextgen_prospective_010,nextgen_prospective__nextgen_prospective_010__cluster_3water__compressed,compressed,-4.359295371816701,3.646989594387997,3.368329882570409,3.3160608225505124
nextgen_prospective_010,nextgen_prospective__nextgen_prospective_010__cluster_3water__compressed,compressed,-6.255134266654829,1.7986953209989651,4.340965768686589,4.326504486815856
nextgen_prospective_010,nextgen_prospective__nextgen_prospective_010__cluster_3water__compressed,compressed,-5.64131907695444,3.4350629358046407,3.4869478422874245,3.474839846439374
nextgen_prospective_010,nextgen_prospective__nextgen_prospective_010__cluster_3water__compressed,compressed,-3.910634896015922,3.7209082152041217,3.446987892891995,3.5179282024392435
nextgen_prospective_010,nextgen_prospective__nextgen_prospective_010__cluster_3water__compressed,compressed,-6.441140269190313,2.388423716281873,4.004709575094578,3.9888620576383933
nextgen_prospective_010,nextgen_prospective__nextgen_prospective_010__cluster_3water__compressed,compressed,-5.168334080950748,3.3826037949080265,3.4906014065838598,3.4160825253163565
nextgen_prospective_010,nextgen_prospective__nextgen_prospective_010__cluster_3water__compressed,compressed,-6.253953681435019,1.2466611852503162,4.92408143602896,4.780165521207715
nextgen_prospective_010,nextgen_prospective__nextgen_prospective_010__cluster_3water__compressed,compressed,-3.8855259742513555,2.733575012671818,3.7021282576719106,3.4187716865917728
nextgen_prospective_010,nextgen_prospective__nextgen_prospective_010__cluster_3water__compressed,compressed,-4.594236930135863,0.273561436923786,6.211533352382448,5.767356631638075
nextgen_prospective_010,nextgen_prospective__nextgen_prospective_010__cluster_3water__compressed,compressed,-5.538613902392275,2.181231361700929,4.060245700153509,3.8068731360230337
nextgen_prospective_010,nextgen_prospective__nextgen_prospective_010__cluster_3water__compressed,compressed,-4.235284997826401,1.5171999352147734,4.483005259679151,3.7900359842664137
nextgen_prospective_010,nextgen_prospective__nextgen_prospective_010__cluster_3water__compressed,compressed,-2.1969103132729786,2.5575501292891354,2.2554967822001615,1.7947359795448992
nextgen_prospective_010,nextgen_prospective__nextgen_prospective_010__cluster_3water__compressed,compressed,-1.4409246023473972,3.3800341787399852,0.9079202820179155,0.6204672853990945
nextgen_prospective_010,nextgen_prospective__nextgen_prospective_010__cluster_3water__compressed,compressed,-2.7946928033485867,3.303898978694891,3.002167582843107,2.9128642579137174
nextgen_prospective_010,nextgen_prospective__nextgen_prospective_010__cluster_3water__compressed,compressed,-0.643709626189616,2.8556427931696677,-1.3021915721207478,-1.6585889853668128
nextgen_prospective_010,nextgen_prospective__nextgen_prospective_010__cluster_3water__compressed,compressed,-2.043999129314413,4.082623249109161,1.7730969979092848,1.7971928989490225
nextgen_prospective_010,nextgen_prospective__nextgen_prospective_010__cluster_3water__compressed,compressed,-3.518540491966288,2.6450610364732476,5.124058882542748,5.33850084952279
nextgen_prospective_010,nextgen_prospective__nextgen_prospective_010__cluster_3water__compressed,compressed,-0.8251301492558576,3.666582393918328,-0.213083584541085,-0.3547966867099106
nextgen_prospective_010,nextgen_prospective__nextgen_prospective_010__cluster_3water__compressed,compressed,-3.0411286777548763,3.9177914035443293,3.011803858564921,3.204765322964034
nextgen_prospective_010,nextgen_prospective__nextgen_prospective_010__cluster_3water__compressed,compressed,-0.4521433900777961,2.2431391783297814,-4.661740426318062,-4.321644416250362
nextgen_prospective_010,nextgen_prospective__nextgen_prospective_010__cluster_3water__compressed,compressed,-1.6950409814693619,4.140115509743924,1.2436155299178075,1.275218543334471
nextgen_prospective_010,nextgen_prospective__nextgen_prospective_010__cluster_3water__compressed,compressed,-3.663211827271665,3.1037386772488427,4.6991716043527365,5.09510732475715
nextgen_prospective_010,nextgen_prospective__nextgen_prospective_010__cluster_3water__compressed,compressed,-0.7684240726859393,3.0790060342039065,-1.107191655340678,-1.2840738927428101
nextgen_prospective_010,nextgen_prospective__nextgen_prospective_010__cluster_3water__compressed,compressed,-2.6732514586408933,3.8769898495136297,2.4588164244003785,2.5582202219230656
nextgen_prospective_010,nextgen_prospective__nextgen_prospective_010__cluster_3water__compressed,compressed,-1.6755118200969201,3.372189685552133,0.9632926537488373,0.802790757098386
nextgen_prospective_010,nextgen_prospective__nextgen_prospective_010__cluster_3water__compressed,compressed,-2.961246875317637,2.9425890681303306,3.2518735473230365,3.2147464055575443
nextgen_prospective_010,nextgen_prospective__nextgen_prospective_010__cluster_3water__compressed,compressed,-1.9475466162108452,2.426120180863321,1.3333648688194089,0.9952490503814424
nextgen_prospective_010,nextgen_prospective__nextgen_prospective_010__cluster_3water__compressed,compressed,-2.2287065560939787,2.556441962012127,1.7684326141860218,1.2910430268839903
nextgen_prospective_010,nextgen_prospective__nextgen_prospective_010__cluster_3water__compressed,compressed,-1.2567249277610877,3.6139214541632207,0.43992500678236013,0.1527047223164349
nextgen_prospective_010,nextgen_prospective__nextgen_prospective_010__cluster_3water__compressed,compressed,-1.4245257040900263,1.4868987880077051,-0.1310645690919543,-0.7647440360873401
nextgen_prospective_010,nextgen_prospective__nextgen_prospective_010__cluster_3water__compressed,compressed,-2.9972840433340457,3.516033339819527,2.5113586246008346,2.31956514003317
nextgen_prospective_010,nextgen_prospective__nextgen_prospective_010__cluster_3water__compressed,compressed,-0.2317342441296555,2.9397039584299547,-1.9082027704264704,-2.2379709199178177
nextgen_prospective_010,nextgen_prospective__nextgen_prospective_010__cluster_3water__compressed,compressed,-2.032106462432965,4.517250258923588,1.293150812876398,1.2158101287330922
nextgen_prospective_010,nextgen_prospective__nextgen_prospective_010__cluster_3water__compressed,compressed,-3.9279453572710916,2.668955985534557,5.005088939002533,4.904596036102149
nextgen_prospective_010,nextgen_prospective__nextgen_prospective_010__cluster_3water__compressed,compressed,-0.46498920235768,3.9823405879639466,-0.6592990887748229,-0.826001754935429
nextgen_prospective_010,nextgen_prospective__nextgen_prospective_010__cluster_3water__compressed,compressed,-3.314130167570703,4.305323600340233,2.504318683329565,2.5387425406146176
nextgen_prospective_010,nextgen_prospective__nextgen_prospective_010__cluster_3water__compressed,compressed,-1.583445986632185,4.591168879739714,0.7896887723819468,0.7288372928119993
nextgen_prospective_010,nextgen_prospective__nextgen_prospective_010__cluster_3water__compressed,compressed,-4.113951359806575,3.2586843808174653,4.415352949879159,4.593540762915406
nextgen_prospective_010,nextgen_prospective__nextgen_prospective_010__cluster_3water__compressed,compressed,-0.39208138962492767,3.2268852683311176,-1.662435268180662,-1.8293737225213202
nextgen_prospective_010,nextgen_prospective__nextgen_prospective_010__cluster_3water__compressed,compressed,-2.8411451715670117,4.25286445944362,1.9639583759809565,1.939908424704017
nextgen_prospective_010,nextgen_prospective__nextgen_prospective_010__cluster_3water__compressed,compressed,-1.558337064867618,3.60383567720741,0.5034870981877049,0.32566894522852713
nextgen_prospective_010,nextgen_prospective__nextgen_prospective_010__cluster_3water__compressed,compressed,-3.211424993008539,3.0514920262365206,2.806564426062641,2.62133565649329
nextgen_prospective_010,nextgen_prospective__nextgen_prospective_010__cluster_3water__compressed,compressed,-1.9080960884426639,2.3874605997503653,0.8316875077496455,0.5005316725337472
nextgen_prospective_010,nextgen_prospective__nextgen_prospective_010__cluster_3water__compressed,compressed,-0.3101808136785872,0.9329998953138546,-5.132545271424149,-5.729855747638121
nextgen_prospective_010,nextgen_prospective__nextgen_prospective_010__cluster_3water__compressed,compressed,0.44580489724699424,1.755483944764705,-5.872904060795658,-6.352109123305069
nextgen_prospective_010,nextgen_prospective__nextgen_prospective_010__cluster_3water__compressed,compressed,0.31529318232448655,0.10113298219930411,-8.162725213612276,-9.554535229795595
nextgen_prospective_010,nextgen_prospective__nextgen_prospective_010__cluster_3water__compressed,compressed,-0.15726962972002126,2.45807301513388,-3.9313562491298804,-4.074501042375398
nextgen_prospective_010,nextgen_prospective__nextgen_prospective_010__cluster_3water__compressed,compressed,1.0615993503385335,2.042032159943047,-7.617299487121976,-7.913182700605051
nextgen_prospective_010,nextgen_prospective__nextgen_prospective_010__cluster_3water__compressed,compressed,0.19168851812502957,2.515565275768644,-4.997857423196805,-5.004037787223109
nextgen_prospective_010,nextgen_prospective__nextgen_prospective_010__cluster_3water__compressed,compressed,1.1183054269084514,1.454455800228625,-8.768701526172151,-9.066240106730604
nextgen_prospective_010,nextgen_prospective__nextgen_prospective_010__cluster_3water__compressed,compressed,-0.786521959046502,2.252439615538348,-2.5818900248051335,-2.6408230186146535
nextgen_prospective_010,nextgen_prospective__nextgen_prospective_010__cluster_3water__compressed,compressed,0.21121767949747094,1.747639451576852,-5.758350219477126,-5.888463804309083
nextgen_prospective_010,nextgen_prospective__nextgen_prospective_010__cluster_3water__compressed,compressed,-0.06081711661645356,0.80156994688804,-6.177581167229551,-6.638897870477564
nextgen_prospective_010,nextgen_prospective__nextgen_prospective_010__cluster_3water__compressed,compressed,-0.3419770564995871,0.9318917280368462,-3.5503571731867467,-4.0917415198045894
nextgen_prospective_010,nextgen_prospective__nextgen_prospective_010__cluster_3water__compressed,compressed,0.6300045718333034,1.9893712201879392,-4.27316747198514,-4.76168452531264
nextgen_prospective_010,nextgen_prospective__nextgen_prospective_010__cluster_3water__compressed,compressed,0.46220379550436497,-0.13765144596757595,-6.636068340522883,-7.410863465994363
nextgen_prospective_010,nextgen_prospective__nextgen_prospective_010__cluster_3water__compressed,compressed,-1.1105545437396542,1.891483105844246,-0.7878177747757675,-1.4339661990713388
nextgen_prospective_010,nextgen_prospective__nextgen_prospective_010__cluster_3water__compressed,compressed,1.6549952554647356,1.3151537244546734,-7.148535276050971,-8.051705651474101
nextgen_prospective_010,nextgen_prospective__nextgen_prospective_010__cluster_3water__compressed,compressed,-0.14537696283857335,2.8927000249483075,-2.478563407472212,-2.7455755431948075
nextgen_prospective_010,nextgen_prospective__nextgen_prospective_010__cluster_3water__compressed,compressed,1.4217402972367115,2.357790353988665,-5.645721699954365,-6.014456372788132
nextgen_prospective_010,nextgen_prospective__nextgen_prospective_010__cluster_3water__compressed,compressed,0.30328351296220646,2.966618645764433,-3.4327640955922334,-3.574676731715255
nextgen_prospective_010,nextgen_prospective__nextgen_prospective_010__cluster_3water__compressed,compressed,1.4946481099694642,1.6023350343558371,-6.638616550909582,-7.060780424344985
nextgen_prospective_010,nextgen_prospective__nextgen_prospective_010__cluster_3water__compressed,compressed,-0.9544156719726207,2.6283142254683387,-1.1808076363641895,-1.4184861472967363
nextgen_prospective_010,nextgen_prospective__nextgen_prospective_010__cluster_3water__compressed,compressed,0.3283924347267737,1.9792854432321287,-4.133194807454554,-4.348432133915567
nextgen_prospective_010,nextgen_prospective__nextgen_prospective_010__cluster_3water__compressed,compressed,-0.38031852115773496,-0.4807281325159031,-6.412627056784359,-7.234209038880627
nextgen_prospective_010,nextgen_prospective__nextgen_prospective_010__cluster_3water__compressed,compressed,-1.3246954934141477,1.4269417922612395,-1.2105961143253907,-1.4365436809408179
nextgen_prospective_010,nextgen_prospective__nextgen_prospective_010__cluster_3water__compressed,compressed,-0.021366588848272527,0.7629103657750846,-4.528462042310277,-4.898216062821969
nextgen_prospective_010,nextgen_prospective__nextgen_prospective_010__cluster_3water__compressed,compressed,-0.8615333661292077,-1.5013450218412252,-5.4710587891713125,-4.557148862898875
nextgen_prospective_010,nextgen_prospective__nextgen_prospective_010__cluster_3water__compressed,compressed,-0.10554765520362608,-0.678860972390375,-10.088088181636756,-11.090364185881558
nextgen_prospective_010,nextgen_prospective__nextgen_prospective_010__cluster_3water__compressed,compressed,-0.23605937012613384,-2.333211934955776,-5.876964571104981,-5.084272280029938
nextgen_prospective_010,nextgen_prospective__nextgen_prospective_010__cluster_3water__compressed,compressed,-1.3829437040566455,-2.478147138761619,-2.1461639698618917,-0.4289897878858474
nextgen_prospective_010,nextgen_prospective__nextgen_prospective_010__cluster_3water__compressed,compressed,0.4868836083808266,-2.479868669870107,-7.500731259614035,-6.862327056690121
nextgen_prospective_010,nextgen_prospective__nextgen_prospective_010__cluster_3water__compressed,compressed,-0.8321896888548194,-3.1009362907201905,-3.1156897760005187,-1.7540643187075955
nextgen_prospective_010,nextgen_prospective__nextgen_prospective_010__cluster_3water__compressed,compressed,-0.07076470967630308,-2.998501602856294,-4.890872506996047,-4.303375216621001
nextgen_prospective_010,nextgen_prospective__nextgen_prospective_010__cluster_3water__compressed,compressed,-1.5242258932185373,-2.9213585239247304,-0.9147263885029844,0.9342885851990277
nextgen_prospective_010,nextgen_prospective__nextgen_prospective_010__cluster_3water__compressed,compressed,0.22438535790704367,-2.2933034187650794,-6.04850400861201,-5.95663437228366
nextgen_prospective_010,nextgen_prospective__nextgen_prospective_010__cluster_3water__compressed,compressed,-0.3401348729531495,-0.6867054655782278,-6.891282286498157,-7.845795365436725
nextgen_prospective_010,nextgen_prospective__nextgen_prospective_010__cluster_3water__compressed,compressed,-0.8913545053077668,-2.600049357826697,-2.590010398284104,-1.8530443089295463
nextgen_prospective_010,nextgen_prospective__nextgen_prospective_010__cluster_3water__compressed,compressed,-0.6121696690670738,-1.6327749702670395,-4.034070341316198,-4.1559559126623125
nextgen_prospective_010,nextgen_prospective__nextgen_prospective_010__cluster_3water__compressed,compressed,-0.8933296089502074,-1.502453189118234,-3.6596707252987137,-3.1744488020181025
nextgen_prospective_010,nextgen_prospective__nextgen_prospective_010__cluster_3water__compressed,compressed,0.07865201938268307,-0.4449736969671405,-7.574301968303665,-8.3078092062402
nextgen_prospective_010,nextgen_prospective__nextgen_prospective_010__cluster_3water__compressed,compressed,-0.08914875694625513,-2.5719963631226563,-4.2542193713659415,-3.7025094636379126
nextgen_prospective_010,nextgen_prospective__nextgen_prospective_010__cluster_3water__compressed,compressed,-1.5637143291426279,-2.75834162515874,-1.0923679012679877,-0.08127321366589593
nextgen_prospective_010,nextgen_prospective__nextgen_prospective_010__cluster_3water__compressed,compressed,0.8403493582769795,-2.7605550222982247,-5.646702419574545,-4.951885572535498
nextgen_prospective_010,nextgen_prospective__nextgen_prospective_010__cluster_3water__compressed,compressed,-0.8556020238831376,-3.55907053481976,-2.1279632009858496,-1.233384471505756
nextgen_prospective_010,nextgen_prospective__nextgen_prospective_010__cluster_3water__compressed,compressed,0.12337294934638443,-3.427368793280465,-3.633054181954698,-3.11177945180459
nextgen_prospective_010,nextgen_prospective__nextgen_prospective_010__cluster_3water__compressed,compressed,-1.74536285806506,-3.328184834654169,-0.23954511436352632,0.8862237294761969
nextgen_prospective_010,nextgen_prospective__nextgen_prospective_010__cluster_3water__compressed,compressed,0.5028516076678304,-2.5206854137346175,-4.639815566557903,-4.359366190175247
nextgen_prospective_010,nextgen_prospective__nextgen_prospective_010__cluster_3water__compressed,compressed,-0.22296011772384677,-0.4550594739229509,-5.36699303626742,-5.897769643672638
nextgen_prospective_010,nextgen_prospective__nextgen_prospective_010__cluster_3water__compressed,compressed,-0.9316710736083551,-2.9150730496709834,-1.81566299240421,-1.3260405518005887
nextgen_prospective_010,nextgen_prospective__nextgen_prospective_010__cluster_3water__compressed,compressed,-1.876048045864768,-1.0074031248938402,-0.4460035872688728,0.009067299730290595
nextgen_prospective_010,nextgen_prospective__nextgen_prospective_010__cluster_3water__compressed,compressed,-0.5727191412988928,-1.6714345513799953,-3.0033208079540685,-3.0443761583600533
nextgen_prospective_010,nextgen_prospective__nextgen_prospective_010__cluster_3water__compressed,compressed,1.4962587964395477,-0.46750201958005166,-5.287375028996344,-5.68565445887464
nextgen_prospective_010,nextgen_prospective__nextgen_prospective_010__cluster_3water__compressed,compressed,2.4538406969452833,0.5743111097243584,-5.380804950659623,-6.502437787711961
nextgen_prospective_010,nextgen_prospective__nextgen_prospective_010__cluster_3water__compressed,compressed,2.2885258580434407,-1.5212001095251488,-4.871706677988641,-5.002395707093501
nextgen_prospective_010,nextgen_prospective__nextgen_prospective_010__cluster_3water__compressed,compressed,0.7390676423437776,0.47787318966723835,-6.611007605489938,-7.531510213881438
nextgen_prospective_010,nextgen_prospective__nextgen_prospective_010__cluster_3water__compressed,compressed,0.8358057017314592,-1.70478470101255,-6.382495501999763,-6.02096580941725
nextgen_prospective_010,nextgen_prospective__nextgen_prospective_010__cluster_3water__compressed,compressed,1.6899462961203984,1.4642572655253132,-7.099051054552774,-7.945791322965777
nextgen_prospective_010,nextgen_prospective__nextgen_prospective_010__cluster_3water__compressed,compressed,1.533427454320439,-2.4936509601600743,-5.643551971885152,-4.680419384793699
nextgen_prospective_010,nextgen_prospective__nextgen_prospective_010__cluster_3water__compressed,compressed,2.1319599500574613,1.537080795662681,-6.813837592888561,-7.5674215630789305
nextgen_prospective_010,nextgen_prospective__nextgen_prospective_010__cluster_3water__compressed,compressed,2.4978990946132273,-2.363900355532472,-5.0462526177526,-4.414839306962222
nextgen_prospective_010,nextgen_prospective__nextgen_prospective_010__cluster_3water__compressed,compressed,3.305674701183131,0.19300879331199086,-5.268200298052861,-6.673862972088485
nextgen_prospective_010,nextgen_prospective__nextgen_prospective_010__cluster_3water__compressed,compressed,0.656848262126396,-2.266185788885825,-7.974697003857223,-7.296559712311752
nextgen_prospective_010,nextgen_prospective__nextgen_prospective_010__cluster_3water__compressed,compressed,0.8928933456401884,1.2037882927043067,-9.139815144186159,-9.39416824205893
nextgen_prospective_010,nextgen_prospective__nextgen_prospective_010__cluster_3water__compressed,compressed,2.8717558468854656,-1.4706493223502668,-4.992852622448751,-5.0632590027799536
nextgen_prospective_010,nextgen_prospective__nextgen_prospective_010__cluster_3water__compressed,compressed,2.156696887795887,0.5643747516864117,-5.750564331099994,-6.2501351739086735
nextgen_prospective_010,nextgen_prospective__nextgen_prospective_010__cluster_3water__compressed,compressed,1.4584853534800388,-1.859194178494982,-5.553296182310596,-4.85915307071327
nextgen_prospective_010,nextgen_prospective__nextgen_prospective_010__cluster_3water__compressed,compressed,0.5280991511829805,0.020213969618795125,-6.818931910888892,-7.199880084784917
nextgen_prospective_010,nextgen_prospective__nextgen_prospective_010__cluster_3water__compressed,compressed,1.8121194793849167,-0.63397995425275,-5.388171567315858,-5.327557997794651
nextgen_prospective_010,nextgen_prospective__nextgen_prospective_010__cluster_3water__compressed,compressed,1.455983555532948,-0.4689056981309291,-3.9493035853519487,-4.300022329989852
nextgen_prospective_010,nextgen_prospective__nextgen_prospective_010__cluster_3water__compressed,compressed,2.6871602847546088,0.8705683252604556,-4.07707175380434,-4.832871677744916
nextgen_prospective_010,nextgen_prospective__nextgen_prospective_010__cluster_3water__compressed,compressed,2.4746126347379533,-1.8236603852031972,-3.73234207429185,-3.8646717112794553
nextgen_prospective_010,nextgen_prospective__nextgen_prospective_010__cluster_3water__compressed,compressed,0.48245207169552873,0.7465767137584441,-4.715042320037277,-5.375414475152109
nextgen_prospective_010,nextgen_prospective__nextgen_prospective_010__cluster_3water__compressed,compressed,0.6068295766225482,-2.05969771711557,-4.702585989135422,-4.431317041265329
nextgen_prospective_010,nextgen_prospective__nextgen_prospective_010__cluster_3water__compressed,compressed,1.7050103408368986,2.014784811290255,-5.118599347804675,-5.670352152853061
nextgen_prospective_010,nextgen_prospective__nextgen_prospective_010__cluster_3water__compressed,compressed,3.651976914020718,-2.062501353492251,-3.632130930386168,-3.7214178643349407
nextgen_prospective_010,nextgen_prospective__nextgen_prospective_010__cluster_3water__compressed,compressed,1.5037718299512366,-3.07395433601953,-4.250608438170822,-3.7042228374706796
nextgen_prospective_010,nextgen_prospective__nextgen_prospective_010__cluster_3water__compressed,compressed,2.2733136101845517,2.1084150643240145,-4.991411025436321,-5.388425472551201
nextgen_prospective_010,nextgen_prospective__nextgen_prospective_010__cluster_3water__compressed,compressed,2.7438067960419636,-2.9071321300697557,-3.83261566464288,-3.4472384242789125
nextgen_prospective_010,nextgen_prospective__nextgen_prospective_010__cluster_3water__compressed,compressed,3.782375433060412,0.38032248987312595,-4.074337028436403,-4.824623120942819
nextgen_prospective_010,nextgen_prospective__nextgen_prospective_010__cluster_3water__compressed,compressed,0.37674143998746723,-2.7814991158097806,-5.594255354853583,-5.182101638747451
nextgen_prospective_010,nextgen_prospective__nextgen_prospective_010__cluster_3water__compressed,compressed,0.6802279759337717,1.6798961319489614,-6.29516768401972,-6.506297808842178
nextgen_prospective_010,nextgen_prospective__nextgen_prospective_010__cluster_3water__compressed,compressed,3.2244797632491284,-1.7586665159783488,-3.803183068186833,-3.8300170625579084
nextgen_prospective_010,nextgen_prospective__nextgen_prospective_010__cluster_3water__compressed,compressed,2.3051182444196705,0.8577930077830958,-4.310042961125582,-4.638651105216774
nextgen_prospective_010,nextgen_prospective__nextgen_prospective_010__cluster_3water__compressed,compressed,1.407417700299294,-2.2582241881644114,-4.12064151985847,-3.7790008042834327
nextgen_prospective_010,nextgen_prospective__nextgen_prospective_010__cluster_3water__compressed,compressed,0.211206868774504,0.1581577165533027,-4.818012000777472,-5.166904745377445
nextgen_prospective_010,nextgen_prospective__nextgen_prospective_010__cluster_3water__compressed,compressed,1.8620901478912792,-0.6829487569958274,-4.026624382279742,-4.054573201547156
nextgen_prospective_010,nextgen_prospective__nextgen_prospective_010__cluster_3water__compressed,compressed,1.235993523300315,0.4433008285682509,-6.826724795327976,-7.675132217941892
nextgen_prospective_010,nextgen_prospective__nextgen_prospective_010__cluster_3water__compressed,compressed,1.9919792342258964,1.2657848780191012,-6.13967374385016,-7.043319097627683
nextgen_prospective_010,nextgen_prospective__nextgen_prospective_010__cluster_3water__compressed,compressed,0.6382110332247074,1.1896496779740064,-7.788803954198897,-8.594997597210558
nextgen_prospective_010,nextgen_prospective__nextgen_prospective_010__cluster_3water__compressed,compressed,1.3889047072588818,1.9683739483882763,-6.577708116783043,-7.101341244912357
nextgen_prospective_010,nextgen_prospective__nextgen_prospective_010__cluster_3water__compressed,compressed,2.607773687317436,1.5523330931974435,-5.925631425117928,-6.477866713016821
nextgen_prospective_010,nextgen_prospective__nextgen_prospective_010__cluster_3water__compressed,compressed,1.737862855103932,2.025866209023041,-6.162507601453093,-6.62204472904712
nextgen_prospective_010,nextgen_prospective__nextgen_prospective_010__cluster_3water__compressed,compressed,2.6644797638873543,0.9647567334830217,-6.197553156318314,-7.129118056062617
nextgen_prospective_010,nextgen_prospective__nextgen_prospective_010__cluster_3water__compressed,compressed,0.7596523779324004,1.762740548792745,-7.8909773157702645,-8.0187225508083
nextgen_prospective_010,nextgen_prospective__nextgen_prospective_010__cluster_3water__compressed,compressed,1.7573920164763726,1.2579403848312483,-6.172637200825726,-6.650493163854047
nextgen_prospective_010,nextgen_prospective__nextgen_prospective_010__cluster_3water__compressed,compressed,0.471656961255657,0.8283397674094459,-7.915788146026337,-8.346642671859854
nextgen_prospective_010,nextgen_prospective__nextgen_prospective_010__cluster_3water__compressed,compressed,1.4853572203624488,0.31187088014243664,-6.762038045833307,-7.004678175647808
nextgen_prospective_010,nextgen_prospective__nextgen_prospective_010__cluster_3water__compressed,compressed,1.2041972804793153,0.4421926612912425,-5.298996865714223,-5.972323459305893
nextgen_prospective_010,nextgen_prospective__nextgen_prospective_010__cluster_3water__compressed,compressed,2.1761789088122057,1.499672153442336,-4.774479493389272,-5.457714900946332
nextgen_prospective_010,nextgen_prospective__nextgen_prospective_010__cluster_3water__compressed,compressed,2.008378132483268,-0.6273505127131795,-6.015225862302742,-6.6109590042929955
nextgen_prospective_010,nextgen_prospective__nextgen_prospective_010__cluster_3water__compressed,compressed,0.43561979323924815,1.4017840390986425,-5.507591710537163,-6.156001334626367
nextgen_prospective_010,nextgen_prospective__nextgen_prospective_010__cluster_3water__compressed,compressed,0.5338125602868944,-0.8136957747492637,-7.765382412990185,-8.245537379859552
nextgen_prospective_010,nextgen_prospective__nextgen_prospective_010__cluster_3water__compressed,compressed,1.400797374140329,2.4030009582027034,-4.86900166007187,-5.280406186305211
nextgen_prospective_010,nextgen_prospective__nextgen_prospective_010__cluster_3water__compressed,compressed,2.9679146342156137,1.8680912872430617,-4.708933255679781,-4.832359347666081
nextgen_prospective_010,nextgen_prospective__nextgen_prospective_010__cluster_3water__compressed,compressed,0.1187736690025903,2.191074299619348,-6.803712628518532,-6.650416954024088
nextgen_prospective_010,nextgen_prospective__nextgen_prospective_010__cluster_3water__compressed,compressed,1.849457849941108,2.4769195790188294,-4.681919328027639,-5.0117541251233115
nextgen_prospective_010,nextgen_prospective__nextgen_prospective_010__cluster_3water__compressed,compressed,3.040822446948366,1.1126359676102329,-4.931839373005786,-5.49431081410367
nextgen_prospective_010,nextgen_prospective__nextgen_prospective_010__cluster_3water__compressed,compressed,0.5917586650062818,2.1386151587227347,-5.518896173070775,-5.659551270299766
nextgen_prospective_010,nextgen_prospective__nextgen_prospective_010__cluster_3water__compressed,compressed,2.600378497097353,-0.5760395633251415,-6.0995229090679,-6.707733770617076
nextgen_prospective_010,nextgen_prospective__nextgen_prospective_010__cluster_3water__compressed,compressed,1.8745667717056762,1.4895863764865256,-4.776607609853656,-5.130669227920021
nextgen_prospective_010,nextgen_prospective__nextgen_prospective_010__cluster_3water__compressed,compressed,1.1658558158211674,-0.9704271992615067,-6.766079924548585,-6.1313462448687925
nextgen_prospective_010,nextgen_prospective__nextgen_prospective_010__cluster_3water__compressed,compressed,0.2214788435647546,0.9372427255156359,-5.693163530330558,-6.074057373719225
nextgen_prospective_010,nextgen_prospective__nextgen_prospective_010__cluster_3water__compressed,compressed,1.5248077481306295,0.27321129902948077,-5.277996479428282,-5.479909157151176
nextgen_prospective_010,nextgen_prospective__nextgen_prospective_010__cluster_3water__compressed,compressed,0.7171557371772277,-0.9698511407886143,-6.480147780812295,-6.627583990162409
nextgen_prospective_010,nextgen_prospective__nextgen_prospective_010__cluster_3water__compressed,compressed,1.3426297331803014,-1.8017180539031652,-5.913459748623673,-5.356044383884637
nextgen_prospective_010,nextgen_prospective__nextgen_prospective_010__cluster_3water__compressed,compressed,0.11937324710161999,-0.22350229138285904,-8.187154639692551,-9.344349677635323
nextgen_prospective_010,nextgen_prospective__nextgen_prospective_010__cluster_3water__compressed,compressed,0.19574539924978943,-1.946653257709008,-7.277211803423889,-6.852996455537829
nextgen_prospective_010,nextgen_prospective__nextgen_prospective_010__cluster_3water__compressed,compressed,2.0655727116872615,-1.948374788817496,-6.2619401692733945,-5.226916075417419
nextgen_prospective_010,nextgen_prospective__nextgen_prospective_010__cluster_3water__compressed,compressed,0.7464994144516159,-2.56944240966758,-6.477547724696109,-5.731778520547421
nextgen_prospective_010,nextgen_prospective__nextgen_prospective_010__cluster_3water__compressed,compressed,1.507924393630132,-2.467007721803683,-6.056205925281333,-4.804882165886862
nextgen_prospective_010,nextgen_prospective__nextgen_prospective_010__cluster_3water__compressed,compressed,1.8030744612134795,-1.7618095377124685,-6.668900384547705,-5.32590125160334
nextgen_prospective_010,nextgen_prospective__nextgen_prospective_010__cluster_3water__compressed,compressed,0.6873345979986683,-2.068555476774086,-6.804564868538421,-6.299988831741276
nextgen_prospective_010,nextgen_prospective__nextgen_prospective_010__cluster_3water__compressed,compressed,-0.047180824867430526,-0.5848122019474196,-8.622333625765144,-9.995603461128564
nextgen_prospective_010,nextgen_prospective__nextgen_prospective_010__cluster_3water__compressed,compressed,0.9665194342393614,-1.101281089214429,-7.08139239977168,-6.396756418554817
nextgen_prospective_010,nextgen_prospective__nextgen_prospective_010__cluster_3water__compressed,compressed,0.6853594943562278,-0.9709593080656228,-4.991887367848946,-5.140886238866575
nextgen_prospective_010,nextgen_prospective__nextgen_prospective_010__cluster_3water__compressed,compressed,1.6573411226891184,0.08652018408547033,-6.158252701581546,-6.900239989272723
nextgen_prospective_010,nextgen_prospective__nextgen_prospective_010__cluster_3water__compressed,compressed,1.4895403463601797,-2.0405024820700453,-4.657757391067996,-4.3916006954501405
nextgen_prospective_010,nextgen_prospective__nextgen_prospective_010__cluster_3water__compressed,compressed,-0.0832179928838393,-0.011367930258222858,-6.263279248268194,-6.89076119458476
nextgen_prospective_010,nextgen_prospective__nextgen_prospective_010__cluster_3water__compressed,compressed,0.014974774163807159,-2.226847744106129,-5.128739230273016,-4.634119250477261
nextgen_prospective_010,nextgen_prospective__nextgen_prospective_010__cluster_3water__compressed,compressed,0.8819595880172416,0.9898489888458383,-9.530861488257436,-10.479719650495994
nextgen_prospective_010,nextgen_prospective__nextgen_prospective_010__cluster_3water__compressed,compressed,2.4190384615834146,-2.229061141245614,-5.02313343205163,-4.573381128038453
nextgen_prospective_010,nextgen_prospective__nextgen_prospective_010__cluster_3water__compressed,compressed,0.7230870794232981,-3.0275766537671496,-4.7916283274660465,-4.202157188145934
nextgen_prospective_010,nextgen_prospective__nextgen_prospective_010__cluster_3water__compressed,compressed,1.7020620526528196,-2.8958749122278546,-4.7488322445747855,-4.004065509241236
nextgen_prospective_010,nextgen_prospective__nextgen_prospective_010__cluster_3water__compressed,compressed,-0.16667375475862492,-2.7966909536015585,-5.647843972076405,-5.072293610304665
nextgen_prospective_010,nextgen_prospective__nextgen_prospective_010__cluster_3water__compressed,compressed,2.0815407109742656,-1.9891915326820069,-5.306861836412935,-4.662497044135647
nextgen_prospective_010,nextgen_prospective__nextgen_prospective_010__cluster_3water__compressed,compressed,1.3557289855825885,0.07643440712965993,-6.979509168521858,-7.057869279171976
nextgen_prospective_010,nextgen_prospective__nextgen_prospective_010__cluster_3water__compressed,compressed,0.6470180296980799,-2.3835791686183723,-4.997264120752298,-4.667676464557465
nextgen_prospective_010,nextgen_prospective__nextgen_prospective_010__cluster_3water__compressed,compressed,-0.29735894255833284,-0.47590924384122935,-6.250295354369939,-7.011308616735805
nextgen_prospective_010,nextgen_prospective__nextgen_prospective_010__cluster_3water__compressed,compressed,1.0059699620075424,-1.1399406703273847,-5.472812439516694,-5.21731235109657
nextgen_prospective_010,nextgen_prospective__nextgen_prospective_010__cluster_3water__compressed,compressed,4.254411834497083,-0.10834898847973817,-2.8908282314530354,-3.530566198534879
nextgen_prospective_010,nextgen_prospective__nextgen_prospective_010__cluster_3water__compressed,compressed,5.211993735002819,0.9334641408246719,-2.491438853218675,-2.7853768458469803
nextgen_prospective_010,nextgen_prospective__nextgen_prospective_010__cluster_3water__compressed,compressed,5.0466788961009765,-1.1620470784248351,-2.4734602484999257,-2.7116409682446316
nextgen_prospective_010,nextgen_prospective__nextgen_prospective_010__cluster_3water__compressed,compressed,3.4972206804013135,0.8370262207675518,-3.6750546335655443,-4.519110682122562
nextgen_prospective_010,nextgen_prospective__nextgen_prospective_010__cluster_3water__compressed,compressed,3.5939587397889956,-1.3456316699122364,-3.5799411732968522,-4.255750512819178
nextgen_prospective_010,nextgen_prospective__nextgen_prospective_010__cluster_3water__compressed,compressed,4.448099334177935,1.823410296625627,-2.9528478859597307,-3.050226100492532
nextgen_prospective_010,nextgen_prospective__nextgen_prospective_010__cluster_3water__compressed,compressed,2.5803469414855575,0.002498160620136941,-6.204080494470965,-8.016826775309958
nextgen_prospective_010,nextgen_prospective__nextgen_prospective_010__cluster_3water__compressed,compressed,4.2915804923779755,-2.1344979290597608,-3.00146761773723,-2.94777502656674
nextgen_prospective_010,nextgen_prospective__nextgen_prospective_010__cluster_3water__compressed,compressed,4.890112988114998,1.8962338267629948,-2.801449947760659,-2.669804992317371
nextgen_prospective_010,nextgen_prospective__nextgen_prospective_010__cluster_3water__compressed,compressed,5.256052132670763,-2.0047473244321585,-2.4822442997400884,-2.1515017270328034
nextgen_prospective_010,nextgen_prospective__nextgen_prospective_010__cluster_3water__compressed,compressed,6.063827739240666,0.5521618244123041,-2.314345695077602,-2.2631711554426395
nextgen_prospective_010,nextgen_prospective__nextgen_prospective_010__cluster_3water__compressed,compressed,3.6510463836977247,1.5629413238046204,-3.9826395127424696,-3.9575504679119207
nextgen_prospective_010,nextgen_prospective__nextgen_prospective_010__cluster_3water__compressed,compressed,5.629908884943001,-1.111496291249954,-2.401761693850979,-2.2643006178360587
nextgen_prospective_010,nextgen_prospective__nextgen_prospective_010__cluster_3water__compressed,compressed,4.914849925853423,0.9235277827867251,-2.827122843715557,-2.9291617006643342
nextgen_prospective_010,nextgen_prospective__nextgen_prospective_010__cluster_3water__compressed,compressed,4.2166383915375745,-1.5000411473946689,-3.300492689487289,-3.492632310529379
nextgen_prospective_010,nextgen_prospective__nextgen_prospective_010__cluster_3water__compressed,compressed,3.286252189240516,0.3793670007191086,-4.76689372796546,-5.612747233705516
nextgen_prospective_010,nextgen_prospective__nextgen_prospective_010__cluster_3water__compressed,compressed,4.5702725174424526,-0.2748269231524364,-3.0350190597814297,-3.3322237385640894
nextgen_prospective_010,nextgen_prospective__nextgen_prospective_010__cluster_3water__compressed,compressed,4.214136593590483,-0.10975266703061554,-2.484832426457473,-2.910920126284015
nextgen_prospective_010,nextgen_prospective__nextgen_prospective_010__cluster_3water__compressed,compressed,5.445313322812145,1.2297213563607694,-2.0929034277936687,-2.368298787140631
nextgen_prospective_010,nextgen_prospective__nextgen_prospective_010__cluster_3water__compressed,compressed,5.23276567279549,-1.4645073541028841,-2.1157985380053645,-2.278437109644551
nextgen_prospective_010,nextgen_prospective__nextgen_prospective_010__cluster_3water__compressed,compressed,3.240605109753065,1.1057297448587577,-3.239365648611603,-3.814381696010588
nextgen_prospective_010,nextgen_prospective__nextgen_prospective_010__cluster_3water__compressed,compressed,3.3649826146800836,-1.700544686015257,-3.217331701329318,-3.5461032093213163
nextgen_prospective_010,nextgen_prospective__nextgen_prospective_010__cluster_3water__compressed,compressed,4.463163378894435,2.3739378423905686,-2.5085653625898097,-2.656995387070595
nextgen_prospective_010,nextgen_prospective__nextgen_prospective_010__cluster_3water__compressed,compressed,2.0617674454328068,0.03276509609779535,-6.115032600258807,-7.129199807845028
nextgen_prospective_010,nextgen_prospective__nextgen_prospective_010__cluster_3water__compressed,compressed,4.261924868008773,-2.714801304919216,-2.6609296822854844,-2.590541266270444
nextgen_prospective_010,nextgen_prospective__nextgen_prospective_010__cluster_3water__compressed,compressed,2.8392666857199655,2.1054974081849847,-4.268689796318448,-4.567440345574543
nextgen_prospective_010,nextgen_prospective__nextgen_prospective_010__cluster_3water__compressed,compressed,5.031466648242088,2.4675680954243275,-2.372010480319098,-2.368411094507109
nextgen_prospective_010,nextgen_prospective__nextgen_prospective_010__cluster_3water__compressed,compressed,5.5019598340995,-2.547979098969442,-2.146449049763799,-1.8994348948779298
nextgen_prospective_010,nextgen_prospective__nextgen_prospective_010__cluster_3water__compressed,compressed,6.5405284711179466,0.7394755209734389,-1.959326440351905,-2.027843851791799
nextgen_prospective_010,nextgen_prospective__nextgen_prospective_010__cluster_3water__compressed,compressed,3.1348944780450028,-2.422346084709467,-4.130608306312844,-3.871532099464849
nextgen_prospective_010,nextgen_prospective__nextgen_prospective_010__cluster_3water__compressed,compressed,3.4383810139913082,2.039049163049275,-3.5615885184241414,-3.704733917715387
nextgen_prospective_010,nextgen_prospective__nextgen_prospective_010__cluster_3water__compressed,compressed,5.982632801306664,-1.3995134848780357,-2.0535602442799394,-1.95746090307318
nextgen_prospective_010,nextgen_prospective__nextgen_prospective_010__cluster_3water__compressed,compressed,5.063271282477207,1.2169460388834095,-2.4137323541872924,-2.504986838869104
nextgen_prospective_010,nextgen_prospective__nextgen_prospective_010__cluster_3water__compressed,compressed,4.16557073835683,-1.899071157064098,-2.9296671121321616,-2.97163391506596
nextgen_prospective_010,nextgen_prospective__nextgen_prospective_010__cluster_3water__compressed,compressed,2.96935990683204,0.5173107476536163,-4.405150933196822,-4.894053645440365
nextgen_prospective_010,nextgen_prospective__nextgen_prospective_010__cluster_3water__compressed,compressed,4.620243185948815,-0.323795725895514,-2.6364560393612457,-2.804167381588915
nextgen_prospective_010,nextgen_prospective__nextgen_prospective_010__cluster_3water__compressed,compressed,3.610230438072037,0.5678545206578929,-3.7632717615152522,-4.836451299680799
nextgen_prospective_010,nextgen_prospective__nextgen_prospective_010__cluster_3water__compressed,compressed,4.3662161489976175,1.390338570108743,-3.099528513657468,-3.422294741952152
nextgen_prospective_010,nextgen_prospective__nextgen_prospective_010__cluster_3water__compressed,compressed,3.0124479479964283,1.3142033700636482,-4.315004540401901,-5.012709470283722
nextgen_prospective_010,nextgen_prospective__nextgen_prospective_010__cluster_3water__compressed,compressed,3.088820100144598,-0.4089475962625011,-5.1455324516229695,-7.179432776806188
nextgen_prospective_010,nextgen_prospective__nextgen_prospective_010__cluster_3water__compressed,compressed,3.7631416220306018,2.092927640477918,-3.3491918791401787,-3.39830880161191
nextgen_prospective_010,nextgen_prospective__nextgen_prospective_010__cluster_3water__compressed,compressed,2.2886002593787267,0.6553654278420048,-7.157521152471702,-8.836772088234579
nextgen_prospective_010,nextgen_prospective__nextgen_prospective_010__cluster_3water__compressed,compressed,4.982010602089157,1.6768867852870852,-2.88684014838525,-2.714779143902122
nextgen_prospective_010,nextgen_prospective__nextgen_prospective_010__cluster_3water__compressed,compressed,2.7660120735901397,1.928095794913086,-4.775211191845763,-5.095807746436014
nextgen_prospective_010,nextgen_prospective__nextgen_prospective_010__cluster_3water__compressed,compressed,4.112099769875653,2.150419901112682,-3.1913174516082776,-3.0445487398239997
nextgen_prospective_010,nextgen_prospective__nextgen_prospective_010__cluster_3water__compressed,compressed,5.038716678659074,1.0893104255726629,-3.0342352774721526,-2.8976172200393457
nextgen_prospective_010,nextgen_prospective__nextgen_prospective_010__cluster_3water__compressed,compressed,3.1338892927041213,1.8872942408823865,-4.293173697494268,-4.43738031337069
nextgen_prospective_010,nextgen_prospective__nextgen_prospective_010__cluster_3water__compressed,compressed,4.131628931248095,1.3824940769208902,-3.4167106099829425,-3.539149545915153
nextgen_prospective_010,nextgen_prospective__nextgen_prospective_010__cluster_3water__compressed,compressed,3.580409298893477,-0.5308498153275789,-4.7782777083140715,-6.259148132858624
nextgen_prospective_010,nextgen_prospective__nextgen_prospective_010__cluster_3water__compressed,compressed,2.845893876027378,0.9528934594990874,-5.481818990260123,-6.231062684911744
nextgen_prospective_010,nextgen_prospective__nextgen_prospective_010__cluster_3water__compressed,compressed,3.859594135134171,0.43642457223207837,-3.9503966635243692,-4.630535300593423
nextgen_prospective_010,nextgen_prospective__nextgen_prospective_010__cluster_3water__compressed,compressed,3.5784341952510372,0.5667463533808844,-3.305336827156946,-4.039555390766134
nextgen_prospective_010,nextgen_prospective__nextgen_prospective_010__cluster_3water__compressed,compressed,4.550415823583927,1.6242258455319774,-2.6549854218065327,-2.938292405850671
nextgen_prospective_010,nextgen_prospective__nextgen_prospective_010__cluster_3water__compressed,compressed,4.38261504725499,-0.5027968206235378,-3.083956396362275,-3.8858566404034387
nextgen_prospective_010,nextgen_prospective__nextgen_prospective_010__cluster_3water__compressed,compressed,2.8098567080109698,1.5263377311882842,-3.8447582272223,-4.425959221143848
nextgen_prospective_010,nextgen_prospective__nextgen_prospective_010__cluster_3water__compressed,compressed,5.575406507215359,0.9500083497987115,-2.5592730928054586,-2.6222257724154
nextgen_prospective_010,nextgen_prospective__nextgen_prospective_010__cluster_3water__compressed,compressed,2.9080494750586157,-0.6891420826596222,-4.757723587982987,-5.898883081647769
nextgen_prospective_010,nextgen_prospective__nextgen_prospective_010__cluster_3water__compressed,compressed,3.7750342889120496,2.527554650292345,-2.887910937772631,-3.03270416579464
nextgen_prospective_010,nextgen_prospective__nextgen_prospective_010__cluster_3water__compressed,compressed,1.8791953940739234,0.6792603769033141,-7.122260028843641,-8.313976349069943
nextgen_prospective_010,nextgen_prospective__nextgen_prospective_010__cluster_3water__compressed,compressed,5.342151548987334,1.9926449793327035,-2.4595376807305946,-2.4206106311681217
nextgen_prospective_010,nextgen_prospective__nextgen_prospective_010__cluster_3water__compressed,compressed,2.4930105837743124,2.31562799170899,-4.376851145774019,-4.736289121547899
nextgen_prospective_010,nextgen_prospective__nextgen_prospective_010__cluster_3water__compressed,compressed,4.22369476471283,2.6014732711084707,-2.7453371757952816,-2.744627680717911
nextgen_prospective_010,nextgen_prospective__nextgen_prospective_010__cluster_3water__compressed,compressed,5.415059361720087,1.237189659699875,-2.5937629033059295,-2.5229694464824353
nextgen_prospective_010,nextgen_prospective__nextgen_prospective_010__cluster_3water__compressed,compressed,2.9659955797780033,2.2631688508123764,-3.8432595087813937,-4.055567839968168
nextgen_prospective_010,nextgen_prospective__nextgen_prospective_010__cluster_3water__compressed,compressed,4.974615411869074,-0.4514858712354998,-3.0058202400931044,-3.1599153917340814
nextgen_prospective_010,nextgen_prospective__nextgen_prospective_010__cluster_3water__compressed,compressed,4.248803686477397,1.6141400685761669,-2.9677599069581895,-3.099470198983111
nextgen_prospective_010,nextgen_prospective__nextgen_prospective_010__cluster_3water__compressed,compressed,3.5400927305928893,-0.8458735071718647,-4.381646662374727,-5.085266282353928
nextgen_prospective_010,nextgen_prospective__nextgen_prospective_010__cluster_3water__compressed,compressed,2.595715758336476,1.0617964176052779,-5.096457541452715,-5.641874658678016
nextgen_prospective_010,nextgen_prospective__nextgen_prospective_010__cluster_3water__compressed,compressed,3.8990446629023507,0.3977649911191225,-3.5006420726051424,-3.9228768040200994
nextgen_prospective_010,nextgen_prospective__nextgen_prospective_010__cluster_3water__compressed,compressed,3.8009710203535345,-0.9331394935355921,-3.456085139105003,-4.355970785502746
nextgen_prospective_010,nextgen_prospective__nextgen_prospective_010__cluster_3water__compressed,compressed,4.42644501635661,-1.7650064066501427,-2.8286354166433547,-3.0527978865525838
nextgen_prospective_010,nextgen_prospective__nextgen_prospective_010__cluster_3water__compressed,compressed,3.2031885302779264,-0.18679064412983662,-4.716711069672641,-6.55663902703632
nextgen_prospective_010,nextgen_prospective__nextgen_prospective_010__cluster_3water__compressed,compressed,3.279560682426096,-1.9099416104559859,-3.8350264598294714,-4.1040632284386644
nextgen_prospective_010,nextgen_prospective__nextgen_prospective_010__cluster_3water__compressed,compressed,5.149387994863569,-1.911663141564474,-2.513811843847691,-2.2588155498428537
nextgen_prospective_010,nextgen_prospective__nextgen_prospective_010__cluster_3water__compressed,compressed,3.8303146976279225,-2.532730762414557,-3.1817599528780605,-3.086465445795465
nextgen_prospective_010,nextgen_prospective__nextgen_prospective_010__cluster_3water__compressed,compressed,5.545737943548716,-1.247550444494946,-2.5502951849483146,-1.817297132023778
nextgen_prospective_010,nextgen_prospective__nextgen_prospective_010__cluster_3water__compressed,compressed,2.5084184832786622,-1.8040668859550237,-6.112812427955916,-5.702658738721141
nextgen_prospective_010,nextgen_prospective__nextgen_prospective_010__cluster_3water__compressed,compressed,4.591739676806439,-2.4302960745506605,-2.744768743385251,-2.535974412005048
nextgen_prospective_010,nextgen_prospective__nextgen_prospective_010__cluster_3water__compressed,compressed,3.1382784932642047,-2.3531529956190975,-4.269629932260877,-4.015708601256521
nextgen_prospective_010,nextgen_prospective__nextgen_prospective_010__cluster_3water__compressed,compressed,4.886889744389785,-1.725097890459446,-2.777147118379286,-2.676192624954457
nextgen_prospective_010,nextgen_prospective__nextgen_prospective_010__cluster_3water__compressed,compressed,3.7711498811749746,-2.0318438295210637,-3.5756161299698164,-3.5754500598155023
nextgen_prospective_010,nextgen_prospective__nextgen_prospective_010__cluster_3water__compressed,compressed,3.0366344583088756,-0.5481005546943973,-5.939049904712945,-7.211490020528248
nextgen_prospective_010,nextgen_prospective__nextgen_prospective_010__cluster_3water__compressed,compressed,4.0503347174156685,-1.0645694419614065,-3.610633620555248,-4.065787968090772
nextgen_prospective_010,nextgen_prospective__nextgen_prospective_010__cluster_3water__compressed,compressed,3.769174777532535,-0.9342476608126004,-3.0905738180178055,-3.683466508397846
nextgen_prospective_010,nextgen_prospective__nextgen_prospective_010__cluster_3water__compressed,compressed,4.741156405865425,0.12323183133849272,-2.9095984160045774,-3.4781300209015846
nextgen_prospective_010,nextgen_prospective__nextgen_prospective_010__cluster_3water__compressed,compressed,4.573355629536487,-2.003790834817023,-2.4842951375094735,-2.6241248246232103
nextgen_prospective_010,nextgen_prospective__nextgen_prospective_010__cluster_3water__compressed,compressed,3.0005972902924674,0.025343716994799287,-4.405225009488589,-5.579610157191578
nextgen_prospective_010,nextgen_prospective__nextgen_prospective_010__cluster_3water__compressed,compressed,3.0987900573401137,-2.1901360968531067,-3.4781498672158406,-3.589410852795798
nextgen_prospective_010,nextgen_prospective__nextgen_prospective_010__cluster_3water__compressed,compressed,5.502853744759721,-2.1923494939925914,-2.1841225990590907,-1.9259350867669152
nextgen_prospective_010,nextgen_prospective__nextgen_prospective_010__cluster_3water__compressed,compressed,3.806902362599605,-2.9908650065141273,-2.8284782879621773,-2.71182361952701
nextgen_prospective_010,nextgen_prospective__nextgen_prospective_010__cluster_3water__compressed,compressed,2.1073215155791267,-2.0540114510661556,-6.025126226453459,-5.053932774392228
nextgen_prospective_010,nextgen_prospective__nextgen_prospective_010__cluster_3water__compressed,compressed,4.7858773358291264,-2.8591632649748315,-2.409234624674017,-2.2295812383388185
nextgen_prospective_010,nextgen_prospective__nextgen_prospective_010__cluster_3water__compressed,compressed,5.605799944001584,-0.2638043544936103,-2.6541139460607432,-2.4785343941823967
nextgen_prospective_010,nextgen_prospective__nextgen_prospective_010__cluster_3water__compressed,compressed,2.9171415284176816,-2.7599793063485367,-3.9300017333374626,-3.578707594314297
nextgen_prospective_010,nextgen_prospective__nextgen_prospective_010__cluster_3water__compressed,compressed,5.1653559941505724,-1.9524798854289849,-2.4372617497228077,-2.329283283350798
nextgen_prospective_010,nextgen_prospective__nextgen_prospective_010__cluster_3water__compressed,compressed,4.439544268758896,0.11314605438268249,-3.3221162921370784,-3.762580702160053
nextgen_prospective_010,nextgen_prospective__nextgen_prospective_010__cluster_3water__compressed,compressed,3.730833312874387,-2.346867521365349,-3.2073472390212743,-3.140014898966649
nextgen_prospective_010,nextgen_prospective__nextgen_prospective_010__cluster_3water__compressed,compressed,2.786456340617974,-0.4391975965882071,-5.690032720774951,-6.412687844260755
nextgen_prospective_010,nextgen_prospective__nextgen_prospective_010__cluster_3water__compressed,compressed,4.089785245183849,-1.1032290230743624,-3.2423046586056437,-3.497788572894776
nextgen_prospective_010,nextgen_prospective__nextgen_prospective_010__cluster_3water__compressed,compressed,7.0606280058544675,-0.0939427311865727,-1.5271086419517133,-1.735015401819722
nextgen_prospective_010,nextgen_prospective__nextgen_prospective_010__cluster_3water__compressed,compressed,8.018209906360205,0.947870398117838,-1.3411236477498534,-1.402309331125735
nextgen_prospective_010,nextgen_prospective__nextgen_prospective_010__cluster_3water__compressed,compressed,7.852895067458362,-1.1476408211316693,-1.3385473645364243,-1.3092667684776145
nextgen_prospective_010,nextgen_prospective__nextgen_prospective_010__cluster_3water__compressed,compressed,6.303436851758698,0.8514324780607172,-1.849737791571382,-2.2151026970760044
nextgen_prospective_010,nextgen_prospective__nextgen_prospective_010__cluster_3water__compressed,compressed,9.028015542826726,0.2836413097287683,-1.196790477389964,-0.9691186590449584
nextgen_prospective_010,nextgen_prospective__nextgen_prospective_010__cluster_3water__compressed,compressed,6.40017491114638,-1.3312254126190712,-1.7563014317096837,-1.8661755701898188
nextgen_prospective_010,nextgen_prospective__nextgen_prospective_010__cluster_3water__compressed,compressed,7.254315505535319,1.8378165539187927,-1.5484500123217337,-1.8611775902965113
nextgen_prospective_010,nextgen_prospective__nextgen_prospective_010__cluster_3water__compressed,compressed,8.768622840233844,-1.3334060186898227,-1.2112429603292618,-0.9625168845811606
nextgen_prospective_010,nextgen_prospective__nextgen_prospective_010__cluster_3water__compressed,compressed,5.386563112842943,0.016904417913303493,-2.613789804367439,-2.8892671676836637
nextgen_prospective_010,nextgen_prospective__nextgen_prospective_010__cluster_3water__compressed,compressed,8.79821621360949,1.3108314706770714,-1.2516045618125027,-1.1418291128212514
nextgen_prospective_010,nextgen_prospective__nextgen_prospective_010__cluster_3water__compressed,compressed,7.097796663735361,-2.1200916717665943,-1.5290905999356674,-1.343986197097171
nextgen_prospective_010,nextgen_prospective__nextgen_prospective_010__cluster_3water__compressed,compressed,9.270666108568365,-0.4921966024017534,-1.1792678282414037,-0.8440320143979589
nextgen_prospective_010,nextgen_prospective__nextgen_prospective_010__cluster_3water__compressed,compressed,5.423394792226297,-1.1971174282511847,-2.5553351437164196,-2.137935217724626
nextgen_prospective_010,nextgen_prospective__nextgen_prospective_010__cluster_3water__compressed,compressed,7.696329159472383,1.910640084056161,-1.4805675663356332,-1.668114257286938
nextgen_prospective_010,nextgen_prospective__nextgen_prospective_010__cluster_3water__compressed,compressed,8.062268304028146,-1.9903410671389923,-1.3376827599582697,-1.1220047419527226
nextgen_prospective_010,nextgen_prospective__nextgen_prospective_010__cluster_3water__compressed,compressed,8.870043910598051,0.5665680817054699,-1.2602456268542284,-1.0581796991394938
nextgen_prospective_010,nextgen_prospective__nextgen_prospective_010__cluster_3water__compressed,compressed,6.4572625550551095,1.5773475810977862,-1.9667596032517665,-2.067371109292735
nextgen_prospective_010,nextgen_prospective__nextgen_prospective_010__cluster_3water__compressed,compressed,8.436125056300389,-1.0970900339567875,-1.3096186004721844,-1.0967311797488564
nextgen_prospective_010,nextgen_prospective__nextgen_prospective_010__cluster_3water__compressed,compressed,7.721066097210809,0.9379340400798918,-1.5014749004347294,-1.5237213094119224
nextgen_prospective_010,nextgen_prospective__nextgen_prospective_010__cluster_3water__compressed,compressed,7.022854562894961,-1.4856348901015028,-1.6595806014083614,-1.5132232113666972
nextgen_prospective_010,nextgen_prospective__nextgen_prospective_010__cluster_3water__compressed,compressed,6.092468360597901,0.3937732580122748,-2.2386227433401906,-2.233934489571779
nextgen_prospective_010,nextgen_prospective__nextgen_prospective_010__cluster_3water__compressed,compressed,7.376488688799837,-0.26042066585927065,-1.5890931835094158,-1.5747403530895838
nextgen_prospective_010,nextgen_prospective__nextgen_prospective_010__cluster_3water__compressed,compressed,7.020352764947869,-0.09534640973744957,-1.4019791117796387,-1.5429423398906756
nextgen_prospective_010,nextgen_prospective__nextgen_prospective_010__cluster_3water__compressed,compressed,8.25152949416953,1.2441276136539352,-1.1867617812568731,-1.2434060313894084
nextgen_prospective_010,nextgen_prospective__nextgen_prospective_010__cluster_3water__compressed,compressed,8.038981844152874,-1.4501010968097179,-1.204682712064642,-1.1822747215057685
nextgen_prospective_010,nextgen_prospective__nextgen_prospective_010__cluster_3water__compressed,compressed,6.04682128111045,1.1201360021519238,-1.767124342767712,-2.0255524489405063
nextgen_prospective_010,nextgen_prospective__nextgen_prospective_010__cluster_3water__compressed,compressed,9.549851026769346,0.3901187857251318,-1.0408572761226864,-0.9225181464431057
nextgen_prospective_010,nextgen_prospective__nextgen_prospective_010__cluster_3water__compressed,compressed,6.171198786037469,-1.6861384287220906,-1.6991112868733893,-1.7650824157721374
nextgen_prospective_010,nextgen_prospective__nextgen_prospective_010__cluster_3water__compressed,compressed,7.26937955025182,2.3883440996837346,-1.4067914873505671,-1.5900226800854143
nextgen_prospective_010,nextgen_prospective__nextgen_prospective_010__cluster_3water__compressed,compressed,9.21634612343564,-1.6889420650987716,-1.0703650117629415,-0.9165062682712067
nextgen_prospective_010,nextgen_prospective__nextgen_prospective_010__cluster_3water__compressed,compressed,4.867983616790192,0.047171353390961235,-2.783589678534426,-3.271436006584344
nextgen_prospective_010,nextgen_prospective__nextgen_prospective_010__cluster_3water__compressed,compressed,9.25439474634718,1.7107918498015218,-1.093885516191495,-1.0440656588134052
nextgen_prospective_010,nextgen_prospective__nextgen_prospective_010__cluster_3water__compressed,compressed,7.068141039366158,-2.700395047626051,-1.440549302085703,-1.3001935431290965
nextgen_prospective_010,nextgen_prospective__nextgen_prospective_010__cluster_3water__compressed,compressed,5.645482857077351,2.1199036654781507,-2.151590457843078,-2.2653587784703273
nextgen_prospective_010,nextgen_prospective__nextgen_prospective_010__cluster_3water__compressed,compressed,9.861830325580021,-0.6073871012998264,-1.030088532798512,-0.8356160246744255
nextgen_prospective_010,nextgen_prospective__nextgen_prospective_010__cluster_3water__compressed,compressed,4.915338633140219,-1.513713877391952,-2.7782070749862164,-2.727426475566679
nextgen_prospective_010,nextgen_prospective__nextgen_prospective_010__cluster_3water__compressed,compressed,7.837682819599473,2.4819743527174936,-1.3347384978334986,-1.4362322342348681
nextgen_prospective_010,nextgen_prospective__nextgen_prospective_010__cluster_3water__compressed,compressed,8.308176005456883,-2.5335728416762753,-1.2165418618503843,-1.0533899541854352
nextgen_prospective_010,nextgen_prospective__nextgen_prospective_010__cluster_3water__compressed,compressed,9.346744642475333,0.7538817782666053,-1.1080996888201966,-0.994716069793116
nextgen_prospective_010,nextgen_prospective__nextgen_prospective_010__cluster_3water__compressed,compressed,5.941110649402389,-2.4079398274163015,-1.974562664925461,-1.6501379811342891
nextgen_prospective_010,nextgen_prospective__nextgen_prospective_010__cluster_3water__compressed,compressed,6.244597185348693,2.0534554203424404,-1.9048335668325755,-1.9615932156892708
nextgen_prospective_010,nextgen_prospective__nextgen_prospective_010__cluster_3water__compressed,compressed,8.788848972664049,-1.3851072275848697,-1.1760722057942985,-1.0318588362762666
nextgen_prospective_010,nextgen_prospective__nextgen_prospective_010__cluster_3water__compressed,compressed,7.869487453834592,1.2313522961765753,-1.368205384655763,-1.3765298808095368
nextgen_prospective_010,nextgen_prospective__nextgen_prospective_010__cluster_3water__compressed,compressed,6.971786909714215,-1.8846648997709317,-1.5860039006692084,-1.46086598026787
nextgen_prospective_010,nextgen_prospective__nextgen_prospective_010__cluster_3water__compressed,compressed,5.775576078189426,0.5317170049467823,-2.2716362605907925,-2.2932757438917677
nextgen_prospective_010,nextgen_prospective__nextgen_prospective_010__cluster_3water__compressed,compressed,7.426459357306201,-0.3093894686023478,-1.4823518301865235,-1.454487376402374
nextgen_prospective_010,nextgen_prospective__nextgen_prospective_010__cluster_3water__compressed,compressed,6.5072254262137585,0.6605007559099905,-1.8170667417689579,-2.259675902459012
nextgen_prospective_010,nextgen_prospective__nextgen_prospective_010__cluster_3water__compressed,compressed,7.263211137139339,1.48298480536084,-1.559169518046577,-1.8807737318386224
nextgen_prospective_010,nextgen_prospective__nextgen_prospective_010__cluster_3water__compressed,compressed,5.9094429361381495,1.4068496053157453,-2.056397316562819,-2.3368894850831414
nextgen_prospective_010,nextgen_prospective__nextgen_prospective_010__cluster_3water__compressed,compressed,5.985815088286319,-0.31630136101040357,-2.1667737101704887,-2.6606877447672983
nextgen_prospective_010,nextgen_prospective__nextgen_prospective_010__cluster_3water__compressed,compressed,6.660136610172325,2.1855738757300154,-1.6942181449484117,-1.9616242525693262
nextgen_prospective_010,nextgen_prospective__nextgen_prospective_010__cluster_3water__compressed,compressed,7.8790055902308795,1.7695330205391833,-1.4515689118907993,-1.6421127050906947
nextgen_prospective_010,nextgen_prospective__nextgen_prospective_010__cluster_3water__compressed,compressed,5.663007061731861,2.020742030165183,-2.222327104906885,-2.2944338880311252
nextgen_prospective_010,nextgen_prospective__nextgen_prospective_010__cluster_3water__compressed,compressed,7.009094758017374,2.2430661363647797,-1.6248960811608981,-1.830758980804692
nextgen_prospective_010,nextgen_prospective__nextgen_prospective_010__cluster_3water__compressed,compressed,7.935711666800797,1.181956660824761,-1.503408570549869,-1.5449308110905693
nextgen_prospective_010,nextgen_prospective__nextgen_prospective_010__cluster_3water__compressed,compressed,6.030884280845842,1.9799404761344839,-2.071026078274585,-2.1065771699282405
nextgen_prospective_010,nextgen_prospective__nextgen_prospective_010__cluster_3water__compressed,compressed,7.0286239193898155,1.4751403121729876,-1.7053553720742798,-1.8274800559734192
nextgen_prospective_010,nextgen_prospective__nextgen_prospective_010__cluster_3water__compressed,compressed,5.7428888641691,1.0455396947511855,-2.4458571656418293,-2.353091016667354
nextgen_prospective_010,nextgen_prospective__nextgen_prospective_010__cluster_3water__compressed,compressed,6.756589123275892,0.5290708074841761,-1.877426796843551,-1.9809805519670451
nextgen_prospective_010,nextgen_prospective__nextgen_prospective_010__cluster_3water__compressed,compressed,6.475429183392758,0.6593925886329819,-1.700055061007788,-1.99395299607993
nextgen_prospective_010,nextgen_prospective__nextgen_prospective_010__cluster_3water__compressed,compressed,7.44741081172565,1.7168720807840754,-1.4089826615628631,-1.6006708980166158
nextgen_prospective_010,nextgen_prospective__nextgen_prospective_010__cluster_3water__compressed,compressed,7.279610035396711,-0.41015058537144,-1.553428211071406,-1.7644236706159726
nextgen_prospective_010,nextgen_prospective__nextgen_prospective_010__cluster_3water__compressed,compressed,5.7068516961526905,1.618983966440382,-1.975711023558091,-2.2199597696374305
nextgen_prospective_010,nextgen_prospective__nextgen_prospective_010__cluster_3water__compressed,compressed,8.472401495357081,1.0426545850508098,-1.3178292760565036,-1.2290002710597328
nextgen_prospective_010,nextgen_prospective__nextgen_prospective_010__cluster_3water__compressed,compressed,5.805044463200337,-0.5964958474075241,-2.13698520979122,-2.4251573160285522
nextgen_prospective_010,nextgen_prospective__nextgen_prospective_010__cluster_3water__compressed,compressed,6.672029277053771,2.6202008855444427,-1.559916061090405,-1.7448534812244065
nextgen_prospective_010,nextgen_prospective__nextgen_prospective_010__cluster_3water__compressed,compressed,4.7761903822156455,0.771906612155412,-3.0148788880151045,-3.429563244302648
nextgen_prospective_010,nextgen_prospective__nextgen_prospective_010__cluster_3water__compressed,compressed,8.239146537129056,2.085291214584801,-1.2955941946524163,-1.38033067058115
nextgen_prospective_010,nextgen_prospective__nextgen_prospective_010__cluster_3water__compressed,compressed,5.390005571916034,2.4082742269610873,-2.181979873161044,-2.2608686409305987
nextgen_prospective_010,nextgen_prospective__nextgen_prospective_010__cluster_3water__compressed,compressed,8.718700941786565,0.25514993739952707,-1.3707079241580544,-0.8317835298496123
nextgen_prospective_010,nextgen_prospective__nextgen_prospective_010__cluster_3water__compressed,compressed,7.120689752854551,2.6941195063605687,-1.486359325153952,-1.6157205795041925
nextgen_prospective_010,nextgen_prospective__nextgen_prospective_010__cluster_3water__compressed,compressed,8.312054349861809,1.3298358949519724,-1.3487056584051693,-1.3245054627689057
nextgen_prospective_010,nextgen_prospective__nextgen_prospective_010__cluster_3water__compressed,compressed,5.8629905679197245,2.355815086064474,-1.9982199330641492,-2.0386181363608307
nextgen_prospective_010,nextgen_prospective__nextgen_prospective_010__cluster_3water__compressed,compressed,7.871610400010796,-0.35883963598340207,-1.509963211554055,-1.3638945252922459
nextgen_prospective_010,nextgen_prospective__nextgen_prospective_010__cluster_3water__compressed,compressed,7.145798674619118,1.7067863038282645,-1.5770122170142287,-1.6447618143048746
nextgen_prospective_010,nextgen_prospective__nextgen_prospective_010__cluster_3water__compressed,compressed,6.4370877187346105,-0.7532272719197675,-1.986129047003793,-1.9455082259767986
nextgen_prospective_010,nextgen_prospective__nextgen_prospective_010__cluster_3water__compressed,compressed,5.492710746478196,1.1544426528573752,-2.4631047739549494,-2.4514695609102595
nextgen_prospective_010,nextgen_prospective__nextgen_prospective_010__cluster_3water__compressed,compressed,6.796039651044073,0.49041122637122,-1.7779775131607778,-1.8197363921942078
nextgen_prospective_010,nextgen_prospective__nextgen_prospective_010__cluster_3water__compressed,compressed,6.508645006762159,-0.852297047205113,-1.752344101019876,-2.0202557950285507
nextgen_prospective_010,nextgen_prospective__nextgen_prospective_010__cluster_3water__compressed,compressed,7.1341190027652335,-1.684163960319664,-1.5103734884682751,-1.5066978525853276
nextgen_prospective_010,nextgen_prospective__nextgen_prospective_010__cluster_3water__compressed,compressed,5.910862516686553,-0.10594819779935735,-2.1784716813941785,-2.6215573530607843
nextgen_prospective_010,nextgen_prospective__nextgen_prospective_010__cluster_3water__compressed,compressed,5.987234668834721,-1.8290991641255068,-1.906790205144837,-1.8206251135174798
nextgen_prospective_010,nextgen_prospective__nextgen_prospective_010__cluster_3water__compressed,compressed,7.857061981272194,-1.830820695233995,-1.3796971993143003,-1.2108335923975293
nextgen_prospective_010,nextgen_prospective__nextgen_prospective_010__cluster_3water__compressed,compressed,6.5379886840365495,-2.4518883160840783,-1.667117465253387,-1.4114618728403514
nextgen_prospective_010,nextgen_prospective__nextgen_prospective_010__cluster_3water__compressed,compressed,5.216092469687287,-1.7232244396245444,-2.535859700391274,-2.2407895161196305
nextgen_prospective_010,nextgen_prospective__nextgen_prospective_010__cluster_3water__compressed,compressed,7.299413663215065,-2.3494536282201812,-1.4841037128610068,-1.2368485710675017
nextgen_prospective_010,nextgen_prospective__nextgen_prospective_010__cluster_3water__compressed,compressed,5.845952479672831,-2.2723105492886186,-2.0529951195547014,-1.661383324772172
nextgen_prospective_010,nextgen_prospective__nextgen_prospective_010__cluster_3water__compressed,compressed,7.594563730798412,-1.6442554441289667,-1.4867390329622587,-1.2977052161392824
nextgen_prospective_010,nextgen_prospective__nextgen_prospective_010__cluster_3water__compressed,compressed,6.4788238675836,-1.9510013831905848,-1.8167172550778155,-1.5361336379170545
nextgen_prospective_010,nextgen_prospective__nextgen_prospective_010__cluster_3water__compressed,compressed,5.744308444717502,-0.46725810836391823,-2.5310050725844135,-2.334916140567271
nextgen_prospective_010,nextgen_prospective__nextgen_prospective_010__cluster_3water__compressed,compressed,6.758008703824293,-0.983726995630928,-1.8116459537229623,-1.7516821594610041
nextgen_prospective_010,nextgen_prospective__nextgen_prospective_010__cluster_3water__compressed,compressed,6.4768487639411605,-0.8534052144821211,-1.6594220989762931,-1.8453083378973953
nextgen_prospective_010,nextgen_prospective__nextgen_prospective_010__cluster_3water__compressed,compressed,7.4488303922740515,0.20407427766897168,-1.5305765089212997,-1.7184715545533802
nextgen_prospective_010,nextgen_prospective__nextgen_prospective_010__cluster_3water__compressed,compressed,7.281029615945113,-1.922948388486544,-1.3948435115440638,-1.376465208976431
nextgen_prospective_010,nextgen_prospective__nextgen_prospective_010__cluster_3water__compressed,compressed,5.708271276701093,0.1061861633252783,-2.158913166724119,-2.50666307956018
nextgen_prospective_010,nextgen_prospective__nextgen_prospective_010__cluster_3water__compressed,compressed,8.473821075905484,-0.4701432180642941,-1.3456276922942934,-0.9629340615100305
nextgen_prospective_010,nextgen_prospective__nextgen_prospective_010__cluster_3water__compressed,compressed,5.806464043748739,-2.109293650522628,-1.855089347439165,-1.838447664706548
nextgen_prospective_010,nextgen_prospective__nextgen_prospective_010__cluster_3water__compressed,compressed,8.210527731168346,-2.1115070476621134,-1.253526478417477,-1.1003540742108717
nextgen_prospective_010,nextgen_prospective__nextgen_prospective_010__cluster_3water__compressed,compressed,6.51457634900823,-2.910022560183648,-1.5788262926239582,-1.4126210579284704
nextgen_prospective_010,nextgen_prospective__nextgen_prospective_010__cluster_3water__compressed,compressed,8.720120522334966,-1.2576478657155763,-1.2660825438399748,-0.9242481800244935
nextgen_prospective_010,nextgen_prospective__nextgen_prospective_010__cluster_3water__compressed,compressed,4.814995501987752,-1.9731690047356762,-2.689626359904995,-2.561036884031989
nextgen_prospective_010,nextgen_prospective__nextgen_prospective_010__cluster_3water__compressed,compressed,7.493551322237751,-2.7783208186443527,-1.373187606443338,-1.1891263145253033
nextgen_prospective_010,nextgen_prospective__nextgen_prospective_010__cluster_3water__compressed,compressed,8.313473930410211,-0.1829619081631309,-1.4301020823288546,-1.0890853730862582
nextgen_prospective_010,nextgen_prospective__nextgen_prospective_010__cluster_3water__compressed,compressed,5.624815514826307,-2.6791368600180574,-2.046343409424889,-1.795737628798976
nextgen_prospective_010,nextgen_prospective__nextgen_prospective_010__cluster_3water__compressed,compressed,5.864410148468126,0.8430172829493707,-2.4816971377394914,-2.2651946756043686
nextgen_prospective_010,nextgen_prospective__nextgen_prospective_010__cluster_3water__compressed,compressed,7.873029980559196,-1.8716374390985067,-1.371130888427441,-1.208704418014536
nextgen_prospective_010,nextgen_prospective__nextgen_prospective_010__cluster_3water__compressed,compressed,7.1472182551675205,0.19398850071316118,-1.714332976491928,-1.786568147212445
nextgen_prospective_010,nextgen_prospective__nextgen_prospective_010__cluster_3water__compressed,compressed,6.438507299283013,-2.26602507503487,-1.7503005164947183,-1.565271337458052
nextgen_prospective_010,nextgen_prospective__nextgen_prospective_010__cluster_3water__compressed,compressed,5.494130327026599,-0.3583551502577275,-2.620006528098795,-2.566442706390686
nextgen_prospective_010,nextgen_prospective__nextgen_prospective_010__cluster_3water__compressed,compressed,6.797459231592474,-1.0223865767438831,-1.7349397998369653,-1.6766220889274703
