molecule_id,base_index,clearance_A,region,direction,n_orientations,method,energy_mae,energy_rmse,energy_signal,energy_nrmse,centered_orientation_rmse,orientation_signal,torque_vrmse,torque_signal,centered_orientation_nrmse
2OJ9-original,0,0.8,near,0,4,glider,0.06475317462582111,0.0897592334301246,0.1332028862273756,0.6738535175349485,0.06525318198642077,0.1133021294110602,0.2097874619716977,0.4062374351344154,0.5759219383219373
2OJ9-original,0,0.8,near,0,4,mace_polar_l,0.17694936488230054,0.1840746749033626,0.1332028862273756,1.381912059992075,0.05071891371598063,0.1133021294110602,0.2516827584693471,0.4062374351344154,0.4476430759034756
2OJ9-original,0,0.8,near,0,4,exact_dipole_base_com,0.5147183994560323,0.6606869410522346,0.1332028862273756,4.960004694826585,0.4492626368128065,0.1133021294110602,1.4811600849158377,0.4062374351344154,3.96517381577959
2OJ9-original,0,0.8,near,0,4,exact_dipole_solute_com,0.4341890788580264,0.5713538357002871,0.1332028862273756,4.289350267718625,0.3713826185618401,0.1133021294110602,1.3207147823915804,0.4062374351344154,3.277807932580541
2OJ9-original,0,0.8,near,0,4,exact_dipole_nuclear_center,0.5127491691072743,0.6579107877449833,0.1332028862273756,4.939163154632687,0.44983448453632635,0.1133021294110602,1.4749257405588805,0.4062374351344154,3.9702209206000583
2OJ9-original,0,0.8,near,0,4,zero,0.11123625833617376,0.1332028862273756,0.1332028862273756,1.0,0.1133021294110602,0.1133021294110602,0.4062374351344154,0.4062374351344154,1.0
2OJ9-original,0,1.8,near,0,4,glider,0.02074665863110483,0.023622549836767103,0.0813616223801673,0.2903402015066668,0.020860553437591838,0.05384378939232248,0.05851560557255958,0.19534937885320605,0.38742729055704833
2OJ9-original,0,1.8,near,0,4,mace_polar_l,0.08663803795430944,0.08952621445592483,0.0813616223801673,1.100349425649454,0.02255645039087227,0.05384378939232248,0.0742194709745304,0.19534937885320605,0.4189239027461274
2OJ9-original,0,1.8,near,0,4,exact_dipole_base_com,0.22247734582644074,0.29018004609193504,0.0813616223801673,3.5665469493227473,0.18630160961177936,0.05384378939232248,0.6235394371382327,0.19534937885320605,3.4600389704061927
2OJ9-original,0,1.8,near,0,4,exact_dipole_solute_com,0.2076349934842748,0.2648391234044578,0.0813616223801673,3.2550865587092197,0.16440033688051495,0.05384378939232248,0.5805482895614757,0.19534937885320605,3.053283187084834
2OJ9-original,0,1.8,near,0,4,exact_dipole_nuclear_center,0.2212520214679719,0.28928808262275435,0.0813616223801673,3.5555839984487725,0.1863736508841463,0.05384378939232248,0.6211710913947242,0.19534937885320605,3.4613769385020494
2OJ9-original,0,1.8,near,0,4,zero,0.06764388914764558,0.0813616223801673,0.0813616223801673,1.0,0.05384378939232248,0.05384378939232248,0.19534937885320605,0.19534937885320605,1.0
2OJ9-original,0,3.5,intermediate,0,4,glider,0.006890476780531301,0.00939900684957426,0.025355829341909105,0.37068426052383996,0.00700195945107296,0.02043197876370616,0.013303956891461325,0.06693550460457716,0.34269610065916456
2OJ9-original,0,3.5,intermediate,0,4,mace_polar_l,0.0067042366368556695,0.007342949909890472,0.025355829341909105,0.2895961244601752,0.005764959909734428,0.02043197876370616,0.011669464200506024,0.06693550460457716,0.2821537735725759
2OJ9-original,0,3.5,intermediate,0,4,exact_dipole_base_com,0.07281739628972636,0.09845865080189962,0.025355829341909105,3.8830775154005046,0.0662701495042478,0.02043197876370616,0.21930864112469056,0.06693550460457716,3.243452348431623
2OJ9-original,0,3.5,intermediate,0,4,exact_dipole_solute_com,0.06893734690397174,0.09208849094438534,0.025355829341909105,3.6318469296595985,0.06105679623314345,0.02043197876370616,0.20937796491707988,0.06693550460457716,2.9882957954909477
2OJ9-original,0,3.5,intermediate,0,4,exact_dipole_nuclear_center,0.07251118516640366,0.09821559738426398,0.025355829341909105,3.8734918136528633,0.06624523828405603,0.02043197876370616,0.2185924227141053,0.06693550460457716,3.242233121430662
2OJ9-original,0,3.5,intermediate,0,4,zero,0.022405303074698506,0.025355829341909105,0.025355829341909105,1.0,0.02043197876370616,0.02043197876370616,0.06693550460457716,0.06693550460457716,1.0
2OJ9-original,0,7.5,far,0,4,glider,0.0017250075313455535,0.002002907638610131,0.003727535422665885,0.5373275935705736,0.0013296406369065453,0.003214848678017335,0.0023831320201885774,0.0054302654774477845,0.41359353738744636
2OJ9-original,0,7.5,far,0,4,mace_polar_l,0.001461356066102519,0.0017244291023787424,0.003727535422665885,0.462619105345873,0.0014521504702046562,0.003214848678017335,0.002819844315747859,0.0054302654774477845,0.451701033437203
2OJ9-original,0,7.5,far,0,4,exact_dipole_base_com,0.008261923834254697,0.012148295162339217,0.003727535422665885,3.2590690053458737,0.008906272503594787,0.003214848678017335,0.028202979941497727,0.0054302654774477845,2.770355122620413
2OJ9-original,0,7.5,far,0,4,exact_dipole_solute_com,0.007867761323392168,0.011523220106958804,0.003727535422665885,3.091377760460703,0.008419200282185594,0.003214848678017335,0.027373749615531,0.0054302654774477845,2.6188480782174457
2OJ9-original,0,7.5,far,0,4,exact_dipole_nuclear_center,0.008232756287510247,0.012123044901655732,0.003727535422665885,3.2522950225877363,0.008898873052135397,0.003214848678017335,0.0281230675395598,0.0054302654774477845,2.7680534741758107
2OJ9-original,0,7.5,far,0,4,zero,0.0035712485028442068,0.003727535422665885,0.003727535422665885,1.0,0.003214848678017335,0.003214848678017335,0.0054302654774477845,0.0054302654774477845,1.0
2OJ9-original,0,15.0,far,0,4,glider,0.00036474805006054775,0.0004177210246158383,0.0014185969046417615,0.2944606908763314,0.00026533846492420374,0.0009721660750816028,0.00046359211313658097,0.002073416267710624,0.27293532630413114
2OJ9-original,0,15.0,far,0,4,mace_polar_l,0.0004075091931260062,0.00042451816686178885,0.0014185969046417615,0.29925214518143367,0.00031736865371567583,0.0009721660750816028,0.0005580624245665137,0.002073416267710624,0.32645518276189195
2OJ9-original,0,15.0,far,0,4,exact_dipole_base_com,0.000983990669942648,0.0015397034269332395,0.0014185969046417615,1.0853706376315977,0.001184250397667563,0.0009721660750816028,0.0034021459288133336,0.002073416267710624,1.21815647348953
2OJ9-original,0,15.0,far,0,4,exact_dipole_solute_com,0.0009373579065038823,0.0014509557415455063,0.0014185969046417615,1.0228104522136374,0.001107534522729892,0.0009721660750816028,0.0032985402847227757,0.002073416267710624,1.1392441591185194
2OJ9-original,0,15.0,far,0,4,exact_dipole_nuclear_center,0.0009816086626504884,0.0015375718300831452,0.0014185969046417615,1.0838680283680926,0.0011842186304532045,0.0009721660750816028,0.003393890540121145,0.002073416267710624,1.2181237967533503
2OJ9-original,0,15.0,far,0,4,zero,0.0011986907382085376,0.0014185969046417615,0.0014185969046417615,1.0,0.0009721660750816028,0.0009721660750816028,0.002073416267710624,0.002073416267710624,1.0
2OJ9-original,0,0.8,near,4,4,glider,0.1659542749534284,0.18047218912368376,0.24533919856138908,0.7356027499149337,0.07091818999224778,0.24282291500778078,0.1828818656040719,0.282844226155876,0.2920572384611038
2OJ9-original,0,0.8,near,4,4,mace_polar_l,0.09359711530030532,0.11306727267955236,0.24533919856138908,0.4608610174915058,0.0789007485271525,0.24282291500778078,0.17361107637726514,0.282844226155876,0.3249312303355895
2OJ9-original,0,0.8,near,4,4,exact_dipole_base_com,0.2687888819010227,0.2894611699695801,0.24533919856138908,1.179840692669218,0.2884208041327894,0.24282291500778078,0.36066661566325964,0.282844226155876,1.187782479769455
2OJ9-original,0,0.8,near,4,4,exact_dipole_solute_com,0.2657929695485153,0.287916469419557,0.24533919856138908,1.1735445094295203,0.2864756673112115,0.24282291500778078,0.3606644204306273,0.282844226155876,1.1797719638693571
2OJ9-original,0,0.8,near,4,4,exact_dipole_nuclear_center,0.26893031139790907,0.28948249970688705,0.24533919856138908,1.1799276324547558,0.28844168435099815,0.24282291500778078,0.36105855388504177,0.282844226155876,1.1878684692577537
2OJ9-original,0,0.8,near,4,4,zero,0.23360742693926115,0.24533919856138908,0.24533919856138908,1.0,0.24282291500778078,0.24282291500778078,0.282844226155876,0.282844226155876,1.0
2OJ9-original,0,1.8,near,4,4,glider,0.030287354991519005,0.03405079793109843,0.13332164500642643,0.25540337376918126,0.015560622332098602,0.13306284914246588,0.059123566951259546,0.11414887819933682,0.1169418995037328
2OJ9-original,0,1.8,near,4,4,mace_polar_l,0.08589351724704822,0.09235784104134825,0.13332164500642643,0.6927445354945656,0.03394516897512786,0.13306284914246588,0.028112170591637727,0.11414887819933682,0.25510628393943313
2OJ9-original,0,1.8,near,4,4,exact_dipole_base_com,0.14580479903593327,0.16077703560623097,0.13332164500642643,1.2059334821324859,0.15847958021182587,0.13306284914246588,0.1647230358374454,0.11414887819933682,1.191012977951097
2OJ9-original,0,1.8,near,4,4,exact_dipole_solute_com,0.14427590787330985,0.1601029080684172,0.13332164500642643,1.2008770823424797,0.1574095833472809,0.13306284914246588,0.16449342844339157,0.11414887819933682,1.1829716886547934
2OJ9-original,0,1.8,near,4,4,exact_dipole_nuclear_center,0.14587930290611545,0.16079166055742292,0.13332164500642643,1.2060431788827115,0.15849577699424325,0.13306284914246588,0.16483063549029361,0.11414887819933682,1.191134700749923
2OJ9-original,0,1.8,near,4,4,zero,0.12498067595026793,0.13332164500642643,0.13332164500642643,1.0,0.13306284914246588,0.13306284914246588,0.11414887819933682,0.11414887819933682,1.0
2OJ9-original,0,3.5,intermediate,4,4,glider,0.0074469390151958754,0.007844816137387689,0.06866599169696205,0.1142460182037211,0.005234717594772277,0.06429615734252087,0.010787710014786624,0.04014546737585498,0.08141571457973291
2OJ9-original,0,3.5,intermediate,4,4,mace_polar_l,0.008444891928154239,0.010657246953151874,0.06866599169696205,0.1552041511347367,0.010208117585616404,0.06429615734252087,0.0021141131428815945,0.04014546737585498,0.158767148886291
2OJ9-original,0,3.5,intermediate,4,4,exact_dipole_base_com,0.06930478448566685,0.07504439621672122,0.06866599169696205,1.0928902992897627,0.07492191167320389,0.06429615734252087,0.06791730315738165,0.04014546737585498,1.1652626652954874
2OJ9-original,0,3.5,intermediate,4,4,exact_dipole_solute_com,0.06858755814585699,0.07435985243592928,0.06866599169696205,1.082921117109842,0.07428788556958114,0.06429615734252087,0.06770803859291027,0.04014546737585498,1.1554016389164903
2OJ9-original,0,3.5,intermediate,4,4,exact_dipole_nuclear_center,0.06934038848754677,0.07506057475485656,0.06866599169696205,1.0931259113844185,0.07493763959170822,0.06429615734252087,0.06791663266429211,0.04014546737585498,1.1655072820681593
2OJ9-original,0,3.5,intermediate,4,4,zero,0.060157743826437904,0.06866599169696205,0.06866599169696205,1.0,0.06429615734252087,0.06429615734252087,0.04014546737585498,0.04014546737585498,1.0
2OJ9-original,0,7.5,far,4,4,glider,0.0021948379912797526,0.0028300626965872,0.018474412360363096,0.15318823902941062,0.0019214836276222641,0.014111794882526724,0.0022789550241293153,0.007440725232790143,0.13616153321513
2OJ9-original,0,7.5,far,4,4,mace_polar_l,0.001555734631311561,0.0024028073356778196,0.018474412360363096,0.13006136751786757,0.0020019947127768935,0.014111794882526724,0.000765494316353899,0.007440725232790143,0.14186676673254164
2OJ9-original,0,7.5,far,4,4,exact_dipole_base_com,0.012856212851466688,0.01474128599659176,0.018474412360363096,0.7979298994223617,0.013911868944101376,0.014111794882526724,0.011708269990879424,0.007440725232790143,0.9858327066053875
2OJ9-original,0,7.5,far,4,4,exact_dipole_solute_com,0.012672811480651382,0.014436691798147088,0.018474412360363096,0.781442544235997,0.013679932457816308,0.014111794882526724,0.011650257517185894,0.007440725232790143,0.9693970591051355
2OJ9-original,0,7.5,far,4,4,exact_dipole_nuclear_center,0.012865419404593471,0.01475044867902759,0.018474412360363096,0.7984258655325199,0.013920282991051565,0.014111794882526724,0.011694248602411037,0.007440725232790143,0.9864289487574476
2OJ9-original,0,7.5,far,4,4,zero,0.014966356900221007,0.018474412360363096,0.018474412360363096,1.0,0.014111794882526724,0.014111794882526724,0.007440725232790143,0.007440725232790143,1.0
2OJ9-original,0,15.0,far,4,4,glider,0.0006261960437786438,0.0007046258774273235,0.004190529132272097,0.16814723276849686,0.0005023656882917369,0.0029683776209316354,0.0007117305920673597,0.0030713045772586085,0.16923914422116812
2OJ9-original,0,15.0,far,4,4,mace_polar_l,0.0004354151123923776,0.0005163117301501353,0.004190529132272097,0.12320919718083241,0.0003951013760520001,0.0029683776209316354,0.00042888607867792,0.0030713045772586085,0.13310347486314636
2OJ9-original,0,15.0,far,4,4,exact_dipole_base_com,0.001808182994186469,0.002059564663166768,0.004190529132272097,0.4914808126032704,0.001819970157000965,0.0029683776209316354,0.0011910180255601582,0.0030713045772586085,0.6131194845855767
2OJ9-original,0,15.0,far,4,4,exact_dipole_solute_com,0.001747468785469586,0.001991381333281379,0.004190529132272097,0.4752099962616549,0.0017690435372773514,0.0029683776209316354,0.0011811283997828898,0.0030713045772586085,0.5959631028083722
2OJ9-original,0,15.0,far,4,4,exact_dipole_nuclear_center,0.0018091329227114704,0.002061726757571834,0.004190529132272097,0.49199676043153284,0.0018219217101301426,0.0029683776209316354,0.0011868236503551613,0.0030713045772586085,0.6137769323157497
2OJ9-original,0,15.0,far,4,4,zero,0.0031887658155217023,0.004190529132272097,0.004190529132272097,1.0,0.0029683776209316354,0.0029683776209316354,0.0030713045772586085,0.0030713045772586085,1.0
2OJ9-original,0,0.8,near,8,4,glider,0.09508003610156979,0.10518538838429899,0.20866775942796217,0.5040806911074917,0.10457666961426977,0.2081936165709892,0.273380586356849,0.14232542272578422,0.5023048801239857
2OJ9-original,0,0.8,near,8,4,mace_polar_l,0.12350626351423627,0.13020407299798867,0.20866775942796217,0.6239779128070749,0.0913216260351332,0.2081936165709892,0.14591073693782103,0.14232542272578422,0.4386379733405258
2OJ9-original,0,0.8,near,8,4,exact_dipole_base_com,1.0380871603263473,1.1398665472035032,0.20866775942796217,5.462590628894045,1.0839047702885953,0.2081936165709892,2.690053403049845,0.14232542272578422,5.206234408820161
2OJ9-original,0,0.8,near,8,4,exact_dipole_solute_com,0.8593693673929859,0.9865638328367301,0.20866775942796217,4.727916931399836,0.9416899977545553,0.2081936165709892,2.229561465623671,0.14232542272578422,4.5231453935258426
2OJ9-original,0,0.8,near,8,4,exact_dipole_nuclear_center,1.0463075943955173,1.1513495592954572,0.20866775942796217,5.517620750094529,1.0934426072238839,0.2081936165709892,2.714870041027106,0.14232542272578422,5.252046749718886
2OJ9-original,0,0.8,near,8,4,zero,0.16949795724462657,0.20866775942796217,0.20866775942796217,1.0,0.2081936165709892,0.2081936165709892,0.14232542272578422,0.14232542272578422,1.0
2OJ9-original,0,1.8,near,8,4,glider,0.06594403465933937,0.07960909347399402,0.12926465860601738,0.6158612441520667,0.07958460066195053,0.12742682221615131,0.23635882278035256,0.5075923230851708,0.624551403525962
2OJ9-original,0,1.8,near,8,4,mace_polar_l,0.16436287259206755,0.1963953345582585,0.12926465860601738,1.5193273759136832,0.10749871417618938,0.12742682221615131,0.3496519066965266,0.5075923230851708,0.8436113551811069
2OJ9-original,0,1.8,near,8,4,exact_dipole_base_com,0.1949488277628738,0.22399771736708324,0.12926465860601738,1.7328612459326602,0.21425846907643575,0.12742682221615131,0.8087489742218581,0.5075923230851708,1.681423622987269
2OJ9-original,0,1.8,near,8,4,exact_dipole_solute_com,0.1954781079058009,0.22390865838344085,0.12926465860601738,1.7321722797093877,0.21639127846763917,0.12742682221615131,0.7858625257731654,0.5075923230851708,1.6981611461720312
2OJ9-original,0,1.8,near,8,4,exact_dipole_nuclear_center,0.19572551212813022,0.22465079127695145,0.12926465860601738,1.737913469153693,0.21471338002448956,0.12742682221615131,0.8107427053818467,0.5075923230851708,1.6849936009569162
2OJ9-original,0,1.8,near,8,4,zero,0.11230873398128119,0.12926465860601738,0.12926465860601738,1.0,0.12742682221615131,0.12742682221615131,0.5075923230851708,0.5075923230851708,1.0
2OJ9-original,0,3.5,intermediate,8,4,glider,0.01508552399346447,0.01615995036281648,0.06682282996996307,0.24183277436888553,0.015095251813826911,0.061048435542718674,0.026913427130989875,0.11825617128146994,0.2472668083896106
2OJ9-original,0,3.5,intermediate,8,4,mace_polar_l,0.027853994262972154,0.031760813733068556,0.06682282996996307,0.4752988424367103,0.0316560405823021,0.061048435542718674,0.02890124463101975,0.11825617128146994,0.5185397512791424
2OJ9-original,0,3.5,intermediate,8,4,exact_dipole_base_com,0.02511159148357882,0.02549986605968458,0.06682282996996307,0.38160410253721366,0.025457600070808634,0.061048435542718674,0.051723494534452776,0.11825617128146994,0.4170065922982525
2OJ9-original,0,3.5,intermediate,8,4,exact_dipole_solute_com,0.027314299311458953,0.028016046706500885,0.06682282996996307,0.41925860845902707,0.027863243158632298,0.061048435542718674,0.053909347283488555,0.11825617128146994,0.4564120752797175
2OJ9-original,0,3.5,intermediate,8,4,exact_dipole_nuclear_center,0.024999443140991593,0.025383933502313646,0.06682282996996307,0.37986917814949994,0.025348322503305667,0.061048435542718674,0.05170123861527524,0.11825617128146994,0.41521657808197504
2OJ9-original,0,3.5,intermediate,8,4,zero,0.05896903897827952,0.06682282996996307,0.06682282996996307,1.0,0.061048435542718674,0.061048435542718674,0.11825617128146994,0.11825617128146994,1.0
2OJ9-original,0,7.5,far,8,4,glider,0.0022611126394600414,0.0026738359595714213,0.01238009108706983,0.2159786984414083,0.002365067927521862,0.010856521711563446,0.004408109976188926,0.02034093086565954,0.2178476670850105
2OJ9-original,0,7.5,far,8,4,mace_polar_l,0.004201000694131245,0.005153235462783337,0.01238009108706983,0.4162518212943961,0.004499133152621901,0.010856521711563446,0.008358435028332405,0.02034093086565954,0.4144175521548311
2OJ9-original,0,7.5,far,8,4,exact_dipole_base_com,0.0027885301588998082,0.0029275959588385817,0.01238009108706983,0.23647612430705445,0.0028050799107969533,0.010856521711563446,0.0029424469920618806,0.02034093086565954,0.2583774053350089
2OJ9-original,0,7.5,far,8,4,exact_dipole_solute_com,0.002573801418047329,0.0026476822670012884,0.01238009108706983,0.21386613784825978,0.002579198755474707,0.010856521711563446,0.0032636081121829026,0.02034093086565954,0.2375713717522955
2OJ9-original,0,7.5,far,8,4,exact_dipole_nuclear_center,0.002787541554700518,0.002933056743347676,0.01238009108706983,0.23691721835641869,0.0028050430458407454,0.010856521711563446,0.00292325678028726,0.02034093086565954,0.2583740096842483
2OJ9-original,0,7.5,far,8,4,zero,0.011273076095226871,0.01238009108706983,0.01238009108706983,1.0,0.010856521711563446,0.010856521711563446,0.02034093086565954,0.02034093086565954,1.0
2OJ9-original,0,15.0,far,8,4,glider,0.0006389070914918397,0.0007016708702551199,0.0031870420380440967,0.2201636695968211,0.000598931711434745,0.002700630196630208,0.0010972760176609737,0.004892821648502525,0.22177479618723064
2OJ9-original,0,15.0,far,8,4,mace_polar_l,0.0009399868792980847,0.0010418449477000934,0.0031870420380440967,0.32690028410779254,0.0008920317121242961,0.002700630196630208,0.0016563458257203374,0.004892821648502525,0.33030502037537585
2OJ9-original,0,15.0,far,8,4,exact_dipole_base_com,0.0005937307095720491,0.0006783194539405404,0.0031870420380440967,0.21283668236670902,0.0006195918305322277,0.002700630196630208,0.00020223764906706685,0.004892821648502525,0.22942490656637918
2OJ9-original,0,15.0,far,8,4,exact_dipole_solute_com,0.0005188361114045123,0.0006071705191844714,0.0031870420380440967,0.19051224048399906,0.0005616417822535328,0.002700630196630208,0.00021583831294804223,0.004892821648502525,0.20796693414534803
2OJ9-original,0,15.0,far,8,4,exact_dipole_nuclear_center,0.0005963149548134761,0.000680686358734293,0.0031870420380440967,0.21357934743528942,0.0006206333955130321,0.002700630196630208,0.00019586055853611383,0.004892821648502525,0.22981058135521332
2OJ9-original,0,15.0,far,8,4,zero,0.002966589979981864,0.0031870420380440967,0.0031870420380440967,1.0,0.002700630196630208,0.002700630196630208,0.004892821648502525,0.004892821648502525,1.0
cdk2-1h1q,1,0.8,near,0,4,glider,0.1396588862143749,0.15027995153062645,0.39052233120882673,0.3848178183958095,0.05549287642038134,0.3543087771047781,0.05382545269130063,0.6809621443955971,0.15662292329825825
cdk2-1h1q,1,0.8,near,0,4,mace_polar_l,0.1449155387387258,0.16825328412900337,0.39052233120882673,0.43084164638726413,0.09597686531433595,0.3543087771047781,0.2122170674588952,0.6809621443955971,0.2708848087213859
cdk2-1h1q,1,0.8,near,0,4,exact_dipole_base_com,6.780182107216685,7.440454220822491,0.39052233120882673,19.052570432505703,7.374654561468354,0.3543087771047781,23.072446529839702,0.6809621443955971,20.814202294761333
cdk2-1h1q,1,0.8,near,0,4,exact_dipole_solute_com,2.806950294273771,2.9682138415017403,0.39052233120882673,7.600625122547798,2.9318567098917283,0.3543087771047781,9.670842148829204,0.6809621443955971,8.274863337705867
cdk2-1h1q,1,0.8,near,0,4,exact_dipole_nuclear_center,6.478773105927421,7.151662408834801,0.39052233120882673,18.313069029106412,7.083675220091034,0.3543087771047781,22.796085385800893,0.6809621443955971,19.992943098884087
cdk2-1h1q,1,0.8,near,0,4,zero,0.3483029349631932,0.39052233120882673,0.39052233120882673,1.0,0.3543087771047781,0.3543087771047781,0.6809621443955971,0.6809621443955971,1.0
cdk2-1h1q,1,1.8,near,0,4,glider,0.021613357479576573,0.022668931996747247,0.22259614643505515,0.1018388339591546,0.02127959523076469,0.21841395203230693,0.13385522232931638,0.5433645905047898,0.09742782012211883
cdk2-1h1q,1,1.8,near,0,4,mace_polar_l,0.0847240722608992,0.09461565276924216,0.22259614643505515,0.42505521449737815,0.09023018669788783,0.21841395203230693,0.2003144051544315,0.5433645905047898,0.41311548945619253
cdk2-1h1q,1,1.8,near,0,4,exact_dipole_base_com,1.4430391742827688,1.669378857338311,0.22259614643505515,7.4995856131110985,1.6393002452981513,0.21841395203230693,3.5365482720321313,0.5433645905047898,7.505474032426612
cdk2-1h1q,1,1.8,near,0,4,exact_dipole_solute_com,1.0340976807378008,1.0695356718882203,0.22259614643505515,4.80482564059243,1.0622177958454813,0.21841395203230693,2.6888482844453625,0.5433645905047898,4.8633239129721995
cdk2-1h1q,1,1.8,near,0,4,exact_dipole_nuclear_center,1.403209251150802,1.651408678355034,0.22259614643505515,7.418855648684153,1.6239969146358852,0.21841395203230693,3.5840632636066903,0.5433645905047898,7.435408313090137
cdk2-1h1q,1,1.8,near,0,4,zero,0.20600045506185047,0.22259614643505515,0.22259614643505515,1.0,0.21841395203230693,0.21841395203230693,0.5433645905047898,0.5433645905047898,1.0
cdk2-1h1q,1,3.5,intermediate,0,4,glider,0.025130844458481585,0.025652035644068427,0.09392385445151906,0.2731152356753982,0.02561098480407984,0.08613776024447667,0.030851918320250037,0.29462674413932427,0.29732587347744593
cdk2-1h1q,1,3.5,intermediate,0,4,mace_polar_l,0.04461587289878234,0.04518047775722085,0.09392385445151906,0.4810330455565129,0.04495359410524178,0.08613776024447667,0.08285649862635218,0.29462674413932427,0.521880229734953
cdk2-1h1q,1,3.5,intermediate,0,4,exact_dipole_base_com,0.3035254805857323,0.31473389310897626,0.09392385445151906,3.3509473705791466,0.3134115468375086,0.08613776024447667,0.6540042467533952,0.29462674413932427,3.6384919453208697
cdk2-1h1q,1,3.5,intermediate,0,4,exact_dipole_solute_com,0.26103805325217866,0.26489020659733353,0.09392385445151906,2.820265502775577,0.2648884200762124,0.08613776024447667,0.6341750083427962,0.29462674413932427,3.0751719028264097
cdk2-1h1q,1,3.5,intermediate,0,4,exact_dipole_nuclear_center,0.30583514607302115,0.3159710051955989,0.09392385445151906,3.3641188070991546,0.31490534351941035,0.08613776024447667,0.6638561794759205,0.29462674413932427,3.655833894747719
cdk2-1h1q,1,3.5,intermediate,0,4,zero,0.06706184766776162,0.09392385445151906,0.09392385445151906,1.0,0.08613776024447667,0.08613776024447667,0.29462674413932427,0.29462674413932427,1.0
cdk2-1h1q,1,7.5,far,0,4,glider,0.003186408006170942,0.0037392401492236543,0.023911973390629705,0.15637522207552038,0.0034949917223180372,0.022346197557703753,0.009448912759558944,0.05295943975363548,0.15640207750303156
cdk2-1h1q,1,7.5,far,0,4,mace_polar_l,0.004112299553722214,0.004241066578439073,0.023911973390629705,0.17736163005689037,0.0041579620897858344,0.022346197557703753,0.010971652531382504,0.05295943975363548,0.18607022868427095
cdk2-1h1q,1,7.5,far,0,4,exact_dipole_base_com,0.013569811174447399,0.015671205073522248,0.023911973390629705,0.6553706303329722,0.015334646916768753,0.022346197557703753,0.03740970406542526,0.05295943975363548,0.6862307055672745
cdk2-1h1q,1,7.5,far,0,4,exact_dipole_solute_com,0.011897379154352464,0.016652890036333894,0.023911973390629705,0.6964247477315946,0.01592456304874939,0.022346197557703753,0.04187536597345509,0.05295943975363548,0.7126296546706876
cdk2-1h1q,1,7.5,far,0,4,exact_dipole_nuclear_center,0.01374099468661959,0.01596844118773965,0.023911973390629705,0.6678010604510435,0.015601545588866656,0.022346197557703753,0.03811235266825745,0.05295943975363548,0.6981745126247706
cdk2-1h1q,1,7.5,far,0,4,zero,0.021042691878922885,0.023911973390629705,0.023911973390629705,1.0,0.022346197557703753,0.022346197557703753,0.05295943975363548,0.05295943975363548,1.0
cdk2-1h1q,1,15.0,far,0,4,glider,0.000928748382420798,0.0011960096629239254,0.005687934166636359,0.2102713617782962,0.0011862856582739677,0.005532545826020746,0.002182103121272911,0.011902349018592743,0.21441949069714208
cdk2-1h1q,1,15.0,far,0,4,mace_polar_l,0.0008443779975723551,0.0010504897779740365,0.005687934166636359,0.18468740094354127,0.001043154990618995,0.005532545826020746,0.001784636963760902,0.011902349018592743,0.1885488206374747
cdk2-1h1q,1,15.0,far,0,4,exact_dipole_base_com,0.000993462466945302,0.0014046170872353831,0.005687934166636359,0.24694679053678703,0.0013099865383988329,0.005532545826020746,0.003285912906675095,0.011902349018592743,0.2367782535551149
cdk2-1h1q,1,15.0,far,0,4,exact_dipole_solute_com,0.001404293930959252,0.001743637094277586,0.005687934166636359,0.3065501539214739,0.001602266216334438,0.005532545826020746,0.004127906870807635,0.011902349018592743,0.28960740077355296
cdk2-1h1q,1,15.0,far,0,4,exact_dipole_nuclear_center,0.0010121833277704356,0.0014416209512676155,0.005687934166636359,0.2534524678087367,0.0013419186637592807,0.005532545826020746,0.003369959858922617,0.011902349018592743,0.24254994101412594
cdk2-1h1q,1,15.0,far,0,4,zero,0.004506447299928736,0.005687934166636359,0.005687934166636359,1.0,0.005532545826020746,0.005532545826020746,0.011902349018592743,0.011902349018592743,1.0
cdk2-1h1q,1,0.8,near,4,3,glider,0.02675555648314566,0.02944790686792721,0.016571333335054908,1.7770390754033816,0.02734727323818821,0.014817651540286138,,,1.845587552375396
cdk2-1h1q,1,0.8,near,4,3,mace_polar_l,0.028367064873115095,0.0296888218270708,0.016571333335054908,1.7915771306263708,0.008759895659426278,0.014817651540286138,,,0.5911797585204328
cdk2-1h1q,1,0.8,near,4,3,exact_dipole_base_com,0.07362357804018756,0.08020193493279373,0.016571333335054908,4.839799750037916,0.06329379692040832,0.014817651540286138,,,4.271513387146778
cdk2-1h1q,1,0.8,near,4,3,exact_dipole_solute_com,0.09567115388021573,0.10283134114422424,0.016571333335054908,6.205375214237914,0.07860793216458885,0.014817651540286138,,,5.3050196214204455
cdk2-1h1q,1,0.8,near,4,3,exact_dipole_nuclear_center,0.07540220545349859,0.08222516763019765,0.016571333335054908,4.961892079996905,0.06485238611837514,0.014817651540286138,,,4.376698017364957
cdk2-1h1q,1,0.8,near,4,3,zero,0.016419801525711087,0.016571333335054908,0.016571333335054908,1.0,0.014817651540286138,0.014817651540286138,,,1.0
cdk2-1h1q,1,1.8,near,4,4,glider,0.022010665695463543,0.023459991579691537,0.03346728109050982,0.7009828947934461,0.018430496015952872,0.021692412527061198,0.08685271526781455,0.1277014878409263,0.8496286889695142
cdk2-1h1q,1,1.8,near,4,4,mace_polar_l,0.024555749524941356,0.026517584721763014,0.03346728109050982,0.7923435623601492,0.010009868367976755,0.021692412527061198,0.05371048348477232,0.1277014878409263,0.4614456024884039
cdk2-1h1q,1,1.8,near,4,4,exact_dipole_base_com,0.028488418741158532,0.030314847120599186,0.03346728109050982,0.9058054951824407,0.027539472426166695,0.021692412527061198,0.021774141430502002,0.1277014878409263,1.269544011843372
cdk2-1h1q,1,1.8,near,4,4,exact_dipole_solute_com,0.038373662926460904,0.03903717962904991,0.03346728109050982,1.1664281757301018,0.03297160755774905,0.021692412527061198,0.04131942167076797,0.1277014878409263,1.5199603786170441
cdk2-1h1q,1,1.8,near,4,4,exact_dipole_nuclear_center,0.02938578536332776,0.031114779648597782,0.03346728109050982,0.9297074227347638,0.02807361137658207,0.021692412527061198,0.02158955884609419,0.1277014878409263,1.2941673196358565
cdk2-1h1q,1,1.8,near,4,4,zero,0.02553026747256811,0.03346728109050982,0.03346728109050982,1.0,0.021692412527061198,0.021692412527061198,0.1277014878409263,0.1277014878409263,1.0
cdk2-1h1q,1,3.5,intermediate,4,4,glider,0.00732835312627532,0.00878000954151263,0.02007011646394889,0.43746679583468256,0.00483568071792003,0.011578880101728917,0.027627053189914857,0.06092775638647385,0.41762939726770154
cdk2-1h1q,1,3.5,intermediate,4,4,mace_polar_l,0.004698979712434468,0.005605463612643036,0.02007011646394889,0.2792940251598388,0.0030562741982345758,0.011578880101728917,0.01346988572630094,0.06092775638647385,0.2639524868884534
cdk2-1h1q,1,3.5,intermediate,4,4,exact_dipole_base_com,0.010962017263588005,0.01105765001800333,0.02007011646394889,0.5509509642291177,0.009337098997761247,0.011578880101728917,0.011740361665761565,0.06092775638647385,0.8063905071758248
cdk2-1h1q,1,3.5,intermediate,4,4,exact_dipole_solute_com,0.015488257995021376,0.015774210150835792,0.02007011646394889,0.785955087962262,0.012331846604227677,0.011578880101728917,0.02576149045519685,0.06092775638647385,1.0650293029967839
cdk2-1h1q,1,3.5,intermediate,4,4,exact_dipole_nuclear_center,0.011376379444187155,0.01147051599078091,0.02007011646394889,0.5715221439489361,0.009594449330678595,0.011578880101728917,0.012763229363742535,0.06092775638647385,0.8286163468646667
cdk2-1h1q,1,3.5,intermediate,4,4,zero,0.016393264179725107,0.02007011646394889,0.02007011646394889,1.0,0.011578880101728917,0.011578880101728917,0.06092775638647385,0.06092775638647385,1.0
cdk2-1h1q,1,7.5,far,4,4,glider,0.002454529746195895,0.0027791857048234015,0.008380547880722448,0.33162339078287334,0.001665703633228236,0.004783570513354546,0.006558215023447658,0.02250142841066163,0.3482134586660745
cdk2-1h1q,1,7.5,far,4,4,mace_polar_l,0.0012538843490613298,0.0016611492150762173,0.008380547880722448,0.19821487076009847,0.0010895828348167834,0.004783570513354546,0.0041482683059566846,0.02250142841066163,0.22777605802505418
cdk2-1h1q,1,7.5,far,4,4,exact_dipole_base_com,0.002978282693478455,0.0030886768230337165,0.008380547880722448,0.3685530906802069,0.0021758438165189933,0.004783570513354546,0.005519684961296524,0.02250142841066163,0.4548576864174104
cdk2-1h1q,1,7.5,far,4,4,exact_dipole_solute_com,0.0042225308667648296,0.004501128801325158,0.008380547880722448,0.5370924270570645,0.00302703080557271,0.004783570513354546,0.009418815997693434,0.02250142841066163,0.632797362790407
cdk2-1h1q,1,7.5,far,4,4,exact_dipole_nuclear_center,0.0030934145273437746,0.0032152962250617087,0.008380547880722448,0.38366181672415106,0.002245925109964446,0.004783570513354546,0.005851906143423592,0.02250142841066163,0.46950810146821886
cdk2-1h1q,1,7.5,far,4,4,zero,0.006881208899956931,0.008380547880722448,0.008380547880722448,1.0,0.004783570513354546,0.004783570513354546,0.02250142841066163,0.02250142841066163,1.0
cdk2-1h1q,1,15.0,far,4,4,glider,0.0007153570550960222,0.0007884053998443691,0.002768218327361956,0.28480607618680864,0.000494850755081095,0.0015042205179091551,0.0015675970940686598,0.007095595724099623,0.3289748738229754
cdk2-1h1q,1,15.0,far,4,4,mace_polar_l,0.00041169978909418015,0.0005257950970047438,0.002768218327361956,0.1899398944828942,0.00033075136743956955,0.0015042205179091551,0.0011795778822842565,0.007095595724099623,0.2198822336895851
cdk2-1h1q,1,15.0,far,4,4,exact_dipole_base_com,0.0005967554145505808,0.0006556617486065747,0.002768218327361956,0.2368533370817627,0.0003892552636926954,0.0015042205179091551,0.0014506803965150085,0.007095595724099623,0.2587753983264067
cdk2-1h1q,1,15.0,far,4,4,exact_dipole_solute_com,0.0008403580204177978,0.0009433153538339715,0.002768218327361956,0.3407662410547393,0.0005529698353309081,0.0015042205179091551,0.0022137053735520936,0.007095595724099623,0.3676122142646533
cdk2-1h1q,1,15.0,far,4,4,exact_dipole_nuclear_center,0.0006194986276390543,0.0006819295989956898,0.002768218327361956,0.2463424189686483,0.0004021431324763585,0.0015042205179091551,0.0015195157444754988,0.007095595724099623,0.2673432037978924
cdk2-1h1q,1,15.0,far,4,4,zero,0.0023238660334545403,0.002768218327361956,0.002768218327361956,1.0,0.0015042205179091551,0.0015042205179091551,0.007095595724099623,0.007095595724099623,1.0
cdk2-1h1q,1,0.8,near,8,4,glider,0.06747674326891165,0.10398309026817636,0.37136905865698255,0.2799993371666998,0.08283644398065924,0.3707861332854418,0.23507449596069668,1.1391703903177617,0.22340761032961653
cdk2-1h1q,1,0.8,near,8,4,mace_polar_l,0.18504737754956485,0.2293094824917709,0.37136905865698255,0.617470618906822,0.13542638894496373,0.3707861332854418,0.5255740664075409,1.1391703903177617,0.36524124498665816
cdk2-1h1q,1,0.8,near,8,4,exact_dipole_base_com,0.4648634603061764,0.6121348355497102,0.37136905865698255,1.648319431251036,0.556094706094359,0.3707861332854418,2.1552401524464275,1.1391703903177617,1.4997721224549174
cdk2-1h1q,1,0.8,near,8,4,exact_dipole_solute_com,0.5028983712592503,0.5570521754841999,0.37136905865698255,1.499996196502533,0.5152646465808153,0.3707861332854418,1.7863513488143163,1.1391703903177617,1.389654575307836
cdk2-1h1q,1,0.8,near,8,4,exact_dipole_nuclear_center,0.4603632656804973,0.5949661897659937,0.37136905865698255,1.6020887467513498,0.5399216607845876,0.3707861332854418,2.0996508867565526,1.1391703903177617,1.4561538642248533
cdk2-1h1q,1,0.8,near,8,4,zero,0.34940694236379766,0.37136905865698255,0.37136905865698255,1.0,0.3707861332854418,0.3707861332854418,1.1391703903177617,1.1391703903177617,1.0
cdk2-1h1q,1,1.8,near,8,4,glider,0.03583242901920916,0.043684917504079684,0.27429030484163863,0.15926526287285708,0.03473282718453427,0.2742298832446508,0.15138692085965022,0.7598755033125554,0.12665587999958344
cdk2-1h1q,1,1.8,near,8,4,mace_polar_l,0.1369018891230123,0.17037127719969752,0.27429030484163863,0.6211348858942035,0.10141126588898604,0.2742298832446508,0.32062375095841184,0.7598755033125554,0.3698038473746978
cdk2-1h1q,1,1.8,near,8,4,exact_dipole_base_com,0.30603764455190174,0.3412117383617973,0.27429030484163863,1.243980309689749,0.3141952465506423,0.2742298832446508,1.083891852458399,0.7598755033125554,1.1457367185265395
cdk2-1h1q,1,1.8,near,8,4,exact_dipole_solute_com,0.32554328209523214,0.3455587478930393,0.27429030484163863,1.2598285166971084,0.3265400889962445,0.2742298832446508,0.986148938528654,0.7598755033125554,1.1907531197281143
cdk2-1h1q,1,1.8,near,8,4,exact_dipole_nuclear_center,0.30436622011277126,0.3371535527504172,0.27429030484163863,1.229185088933685,0.31091784564447844,0.2742298832446508,1.0663531915161089,0.7598755033125554,1.133785428363024
cdk2-1h1q,1,1.8,near,8,4,zero,0.2494167112860633,0.27429030484163863,0.27429030484163863,1.0,0.2742298832446508,0.2742298832446508,0.7598755033125554,0.7598755033125554,1.0
cdk2-1h1q,1,3.5,intermediate,8,4,glider,0.01011834929628468,0.011923391227211859,0.07905696761934249,0.1508202450241036,0.011548054424133144,0.07772676138533836,0.03179976899212442,0.25912540568186776,0.1485724378362104
cdk2-1h1q,1,3.5,intermediate,8,4,mace_polar_l,0.015882273624711278,0.019754546728028746,0.07905696761934249,0.24987736467639945,0.015680348034099862,0.07772676138533836,0.04089258137425279,0.25912540568186776,0.2017367989431971
cdk2-1h1q,1,3.5,intermediate,8,4,exact_dipole_base_com,0.057181657325738336,0.07027314995984028,0.07905696761934249,0.8888925552799333,0.06770046836998261,0.07772676138533836,0.16867856766495254,0.25912540568186776,0.8710059079182603
cdk2-1h1q,1,3.5,intermediate,8,4,exact_dipole_solute_com,0.06077774541252133,0.07750387218222624,0.07905696761934249,0.9803547304698762,0.07598900784219731,0.07772676138533836,0.18661738313078172,0.25912540568186776,0.9776427897912024
cdk2-1h1q,1,3.5,intermediate,8,4,exact_dipole_nuclear_center,0.056942557419860866,0.07044149190445932,0.07905696761934249,0.8910219304594823,0.06800498287546056,0.07772676138533836,0.16966263435312515,0.25912540568186776,0.8749236641717117
cdk2-1h1q,1,3.5,intermediate,8,4,zero,0.07422118799287887,0.07905696761934249,0.07905696761934249,1.0,0.07772676138533836,0.07772676138533836,0.25912540568186776,0.25912540568186776,1.0
cdk2-1h1q,1,7.5,far,8,4,glider,0.0016305209265884283,0.002066583939367958,0.015986275452788253,0.12927238401910018,0.0019529717948421374,0.01304197618761951,0.0074208474189029466,0.05925185061763919,0.14974508209086096
cdk2-1h1q,1,7.5,far,8,4,mace_polar_l,0.0022719661229735635,0.002445825137431044,0.015986275452788253,0.15299530804746983,0.0019704557017679336,0.01304197618761951,0.006633417360727576,0.05925185061763919,0.1510856693357904
cdk2-1h1q,1,7.5,far,8,4,exact_dipole_base_com,0.007486792618321346,0.008601193983702437,0.015986275452788253,0.5380361428841923,0.008599942138645185,0.01304197618761951,0.021892800694502404,0.05925185061763919,0.6594048336638537
cdk2-1h1q,1,7.5,far,8,4,exact_dipole_solute_com,0.009151720769192379,0.01019487046901828,0.015986275452788253,0.6377264359748123,0.01016163300236367,0.01304197618761951,0.026802796336197223,0.05925185061763919,0.7791482560756327
cdk2-1h1q,1,7.5,far,8,4,exact_dipole_nuclear_center,0.007600788376286124,0.008694477233719152,0.015986275452788253,0.5438713513598755,0.008691317902132277,0.01304197618761951,0.022326689134965022,0.05925185061763919,0.6664111157006078
cdk2-1h1q,1,7.5,far,8,4,zero,0.014166221349030266,0.015986275452788253,0.015986275452788253,1.0,0.01304197618761951,0.01304197618761951,0.05925185061763919,0.05925185061763919,1.0
cdk2-1h1q,1,15.0,far,8,4,glider,0.0003806552064593002,0.0004792152512786955,0.0034486118343320373,0.13895888383492566,0.00029111659322946675,0.002262153284283299,0.0018926479747526175,0.013207519720700306,0.12869003849210822
cdk2-1h1q,1,15.0,far,8,4,mace_polar_l,0.0004678351893368063,0.0005629999928172891,0.0034486118343320373,0.163254091751482,0.00031320796211217576,0.002262153284283299,0.001711847461860193,0.013207519720700306,0.13845567596512678
cdk2-1h1q,1,15.0,far,8,4,exact_dipole_base_com,0.0009401076941686338,0.001071989017845177,0.0034486118343320373,0.3108465287896951,0.0010534360149280263,0.002262153284283299,0.0030291628860551166,0.013207519720700306,0.4656784410883892
cdk2-1h1q,1,15.0,far,8,4,exact_dipole_solute_com,0.0012046888387983192,0.0013378417247721748,0.0034486118343320373,0.3879363027910335,0.0012994092361372663,0.002262153284283299,0.0038712246635307737,0.013207519720700306,0.5744125498325585
cdk2-1h1q,1,15.0,far,8,4,exact_dipole_nuclear_center,0.0009566833944545299,0.0010902431564045077,0.0034486118343320373,0.3161397132465844,0.001069063296265623,0.002262153284283299,0.0031074953280402005,0.013207519720700306,0.4725865853976939
cdk2-1h1q,1,15.0,far,8,4,zero,0.002602995601667675,0.0034486118343320373,0.0034486118343320373,1.0,0.002262153284283299,0.002262153284283299,0.013207519720700306,0.013207519720700306,1.0
cdk2-28,2,0.8,near,0,2,glider,0.056818035414873354,0.0638889984942149,0.12145611373599048,0.5260253809296962,0.029214978695662086,0.06300186392405768,,,0.46371610101691213
cdk2-28,2,0.8,near,0,2,mace_polar_l,0.09430112131607744,0.09534536326222606,0.12145611373599048,0.7850190519801956,0.01407255535204223,0.06300186392405768,,,0.22336728591086225
cdk2-28,2,0.8,near,0,2,exact_dipole_base_com,1.2678504684865004,1.2831344316392324,0.12145611373599048,10.564593186542965,0.1974567274536295,0.06300186392405768,,,3.134141042106999
cdk2-28,2,0.8,near,0,2,exact_dipole_solute_com,1.3906665332167325,1.3920320381983025,0.12145611373599048,11.461193639244597,0.06164242663518929,0.06300186392405768,,,0.9784222687362543
cdk2-28,2,0.8,near,0,2,exact_dipole_nuclear_center,1.2844076127687662,1.3002672915692541,0.12145611373599048,10.70565533156815,0.2024650927604125,0.06300186392405768,,,3.2136365521576233
cdk2-28,2,0.8,near,0,2,zero,0.10383810815853867,0.12145611373599048,0.12145611373599048,1.0,0.06300186392405768,0.06300186392405768,,,1.0
cdk2-28,2,1.8,near,0,4,glider,0.0259687631147243,0.026010159064276065,0.04081972895338472,0.6371957808435996,0.026008940661984233,0.04067304197190894,0.05627657037406297,0.11630597256801865,0.6394638660159092
cdk2-28,2,1.8,near,0,4,mace_polar_l,0.08810681003182258,0.09316181402022089,0.04081972895338472,2.282274194583941,0.030270672565282628,0.04067304197190894,0.08912162930402805,0.11630597256801865,0.7442441257821146
cdk2-28,2,1.8,near,0,4,exact_dipole_base_com,0.1674437776332992,0.18275779615823642,0.04081972895338472,4.477192789960513,0.17734224658038528,0.04067304197190894,0.4250522121838049,0.11630597256801865,4.360191369577611
cdk2-28,2,1.8,near,0,4,exact_dipole_solute_com,0.16644554865083955,0.18268848139398763,0.04081972895338472,4.4754947197864565,0.17161468578096553,0.04067304197190894,0.4387692424812973,0.11630597256801865,4.219371786833455
cdk2-28,2,1.8,near,0,4,exact_dipole_nuclear_center,0.1641280917991011,0.18243084840915758,0.04081972895338472,4.469183237779207,0.1755081652526086,0.04067304197190894,0.42627646437465344,0.11630597256801865,4.31509807832481
cdk2-28,2,1.8,near,0,4,zero,0.03588996244765235,0.04081972895338472,0.04081972895338472,1.0,0.04067304197190894,0.04067304197190894,0.11630597256801865,0.11630597256801865,1.0
cdk2-28,2,3.5,intermediate,0,4,glider,0.0053122601348497035,0.005592994863859689,0.037120774936971496,0.15067020754163152,0.005383194961540784,0.033835273928759034,0.01351650169449138,0.09224677114315977,0.15910008510276072
cdk2-28,2,3.5,intermediate,0,4,mace_polar_l,0.013031442300713039,0.017551747434992358,0.037120774936971496,0.47282815255861466,0.012802084978281893,0.033835273928759034,0.02905501353402439,0.09224677114315977,0.3783650460533284
cdk2-28,2,3.5,intermediate,0,4,exact_dipole_base_com,0.031229449438896554,0.039379225700736445,0.037120774936971496,1.0608406146584937,0.03937645632184383,0.033835273928759034,0.07418018349819268,0.09224677114315977,1.1637693965401872
cdk2-28,2,3.5,intermediate,0,4,exact_dipole_solute_com,0.03110039279043114,0.037336426117028344,0.037120774936971496,1.0058094471471302,0.03718595505438788,0.033835273928759034,0.07241095182739041,0.09224677114315977,1.09902923004802
cdk2-28,2,3.5,intermediate,0,4,exact_dipole_nuclear_center,0.030709141774604237,0.03963267421950752,0.037120774936971496,1.0676682878199892,0.039628825586567086,0.033835273928759034,0.0750957900835702,0.09224677114315977,1.1712281588145705
cdk2-28,2,3.5,intermediate,0,4,zero,0.03233887406724011,0.037120774936971496,0.037120774936971496,1.0,0.033835273928759034,0.033835273928759034,0.09224677114315977,0.09224677114315977,1.0
cdk2-28,2,7.5,far,0,4,glider,0.0006463602349483507,0.0007421644001612299,0.014796634656857507,0.050157648504031524,0.00036472790343513754,0.014322308150375027,0.0009832778028097294,0.03228941287430135,0.025465721000115977
cdk2-28,2,7.5,far,0,4,mace_polar_l,0.0016141732303913729,0.0017496505777158317,0.014796634656857507,0.11824652147540558,0.0017308793938584034,0.014322308150375027,0.0027776121102989406,0.03228941287430135,0.12085198668296218
cdk2-28,2,7.5,far,0,4,exact_dipole_base_com,0.0030808195810473225,0.0038923374477954505,0.014796634656857507,0.26305558919720606,0.003802020358662819,0.014322308150375027,0.007967010780844169,0.03228941287430135,0.26546142693929287
cdk2-28,2,7.5,far,0,4,exact_dipole_solute_com,0.0027171328581774767,0.0034864056276531696,0.014796634656857507,0.23562152533362668,0.0034597901655126547,0.014322308150375027,0.006881062257740489,0.03228941287430135,0.2415665219032493
cdk2-28,2,7.5,far,0,4,exact_dipole_nuclear_center,0.0032374873885880934,0.0040149669751878315,0.014796634656857507,0.27134325259068914,0.0039466676789571995,0.014322308150375027,0.008026783843143624,0.03228941287430135,0.2755608689269723
cdk2-28,2,7.5,far,0,4,zero,0.013264438325147607,0.014796634656857507,0.014796634656857507,1.0,0.014322308150375027,0.014322308150375027,0.03228941287430135,0.03228941287430135,1.0
cdk2-28,2,15.0,far,0,4,glider,0.0001558209564655947,0.00017702190293207793,0.0034181221232318206,0.05178922711067574,8.40034739986463e-05,0.003349431061211709,0.00031904107147675593,0.007041715332449035,0.025079923265611783
cdk2-28,2,15.0,far,0,4,mace_polar_l,0.00022599653247184278,0.0002428024017664713,0.0034181221232318206,0.07103385806967676,0.0002312433797423757,0.003349431061211709,0.00036336443410689916,0.007041715332449035,0.0690395997159947
cdk2-28,2,15.0,far,0,4,exact_dipole_base_com,0.0007411511844826572,0.0008383771085181476,0.0034181221232318206,0.24527418222420486,0.0008324127784542103,0.003349431061211709,0.0017164537748365761,0.007041715332449035,0.24852363378784456
cdk2-28,2,15.0,far,0,4,exact_dipole_solute_com,0.0007454347628287092,0.0008195722839164788,0.0034181221232318206,0.23977267469354682,0.000817747967490972,0.003349431061211709,0.0016375545579224902,0.007041715332449035,0.24414533469906347
cdk2-28,2,15.0,far,0,4,exact_dipole_nuclear_center,0.0007452998226415738,0.0008468845351423735,0.0034181221232318206,0.2477631005008234,0.0008421207634452809,0.003349431061211709,0.0017169873999101379,0.007041715332449035,0.2514220319974672
cdk2-28,2,15.0,far,0,4,zero,0.002978486663011054,0.0034181221232318206,0.0034181221232318206,1.0,0.003349431061211709,0.003349431061211709,0.007041715332449035,0.007041715332449035,1.0
cdk2-28,2,0.8,near,4,4,glider,0.23364342768855956,0.25889099371545304,0.3286395742234459,0.7877657288450295,0.11151365532936129,0.2825442147710698,0.4017933010774135,0.8280652095860599,0.39467683109248847
cdk2-28,2,0.8,near,4,4,mace_polar_l,0.1629628510394891,0.2128210752816636,0.3286395742234459,0.6475820076889585,0.17765786336376713,0.2825442147710698,0.671984169761896,0.8280652095860599,0.6287789806905572
cdk2-28,2,0.8,near,4,4,exact_dipole_base_com,0.29762635768720813,0.32901279837147374,0.3286395742234459,1.0011356640444466,0.278510041245199,0.2825442147710698,0.8139540303643662,0.8280652095860599,0.9857219744203949
cdk2-28,2,0.8,near,4,4,exact_dipole_solute_com,0.2976405111120985,0.32893474992203,0.3286395742234459,1.000898174540548,0.27878684477425514,0.2825442147710698,0.8149988643000011,0.8280652095860599,0.9867016565890084
cdk2-28,2,0.8,near,4,4,exact_dipole_nuclear_center,0.2977041383028008,0.3290797815435819,0.3286395742234459,1.0013394836004648,0.27857776072161206,0.2825442147710698,0.8140828649222369,0.8280652095860599,0.985961651868641
cdk2-28,2,0.8,near,4,4,zero,0.29834770131502486,0.3286395742234459,0.3286395742234459,1.0,0.2825442147710698,0.2825442147710698,0.8280652095860599,0.8280652095860599,1.0
cdk2-28,2,1.8,near,4,4,glider,0.057256627375744884,0.06192608358522231,0.17627770613811466,0.35129844233792584,0.059762837299785154,0.1646328703205681,0.10148794953394034,0.3090614932163813,0.3630067141720653
cdk2-28,2,1.8,near,4,4,mace_polar_l,0.17488600006462868,0.19061384606799198,0.17627770613811466,1.0813270165805586,0.07581902989505232,0.1646328703205681,0.1476837239267364,0.3090614932163813,0.4605339732425234
cdk2-28,2,1.8,near,4,4,exact_dipole_base_com,0.15718017445324384,0.17219024210484946,0.17627770613811466,0.9768123597543148,0.16226301594653367,0.1646328703205681,0.298232433547701,0.3090614932163813,0.9856052174184905
cdk2-28,2,1.8,near,4,4,exact_dipole_solute_com,0.1574736195983181,0.17245979692788174,0.17627770613811466,0.9783415084421307,0.162409060862275,0.1646328703205681,0.29894307351304034,0.3090614932163813,0.9864923119304003
cdk2-28,2,1.8,near,4,4,exact_dipole_nuclear_center,0.15717992507943207,0.1722144921710458,0.17627770613811466,0.9769499271570661,0.16229329984191068,0.1646328703205681,0.2983148910640654,0.3090614932163813,0.9857891654679781
cdk2-28,2,1.8,near,4,4,zero,0.16135131583148843,0.17627770613811466,0.17627770613811466,1.0,0.1646328703205681,0.1646328703205681,0.3090614932163813,0.3090614932163813,1.0
cdk2-28,2,3.5,intermediate,4,4,glider,0.020643227417458998,0.020914662929706205,0.07394662259592616,0.28283459332540806,0.018789396976462223,0.0663419729984114,0.021930574880452903,0.10275192949627206,0.2832203524744757
cdk2-28,2,3.5,intermediate,4,4,mace_polar_l,0.02176333106303447,0.025111482163083697,0.07394662259592616,0.3395893048463194,0.012527727546032829,0.0663419729984114,0.013544663040035687,0.10275192949627206,0.18883561913862307
cdk2-28,2,3.5,intermediate,4,4,exact_dipole_base_com,0.06802901759636933,0.07139172666724185,0.07394662259592616,0.9654494574735984,0.0651484832964939,0.0663419729984114,0.09600051852485209,0.10275192949627206,0.9820100360604882
cdk2-28,2,3.5,intermediate,4,4,exact_dipole_solute_com,0.06818888943608252,0.07153645531621179,0.07394662259592616,0.9674066617905663,0.0652081222808031,0.0663419729984114,0.09636470710256465,0.10275192949627206,0.9829089991394219
cdk2-28,2,3.5,intermediate,4,4,exact_dipole_nuclear_center,0.06802943216483878,0.0714019915090754,0.07394662259592616,0.9655882716813771,0.06516317576444665,0.0663419729984114,0.09604071547300441,0.10275192949627206,0.9822315017071775
cdk2-28,2,3.5,intermediate,4,4,zero,0.07065912211378512,0.07394662259592616,0.07394662259592616,1.0,0.0663419729984114,0.0663419729984114,0.10275192949627206,0.10275192949627206,1.0
cdk2-28,2,7.5,far,4,4,glider,0.002639997560450981,0.0026794799665792704,0.014904708381426634,0.17977406186076608,0.0023396294808558787,0.013040339650627118,0.003212352889440771,0.02150987562993487,0.1794147655305408
cdk2-28,2,7.5,far,4,4,mace_polar_l,0.001168221874537521,0.0013763523934885666,0.014904708381426634,0.09234346343895568,0.0013032979053058474,0.013040339650627118,0.001936611733657903,0.02150987562993487,0.0999435551698357
cdk2-28,2,7.5,far,4,4,exact_dipole_base_com,0.013199155720343716,0.013899713708421982,0.014904708381426634,0.9325720002508054,0.012652819224144587,0.013040339650627118,0.01889791388954439,0.02150987562993487,0.9702829499181109
cdk2-28,2,7.5,far,4,4,exact_dipole_solute_com,0.013247927073060214,0.013939268326289637,0.014904708381426634,0.9352258339827654,0.012663984988530325,0.013040339650627118,0.01899396474175951,0.02150987562993487,0.9711391978905477
cdk2-28,2,7.5,far,4,4,exact_dipole_nuclear_center,0.013199595351971483,0.013903132403111817,0.014904708381426634,0.932801370366768,0.012657822335522241,0.013040339650627118,0.018908064103053464,0.02150987562993487,0.9706666141102789
cdk2-28,2,7.5,far,4,4,zero,0.014270919764034242,0.014904708381426634,0.014904708381426634,1.0,0.013040339650627118,0.013040339650627118,0.02150987562993487,0.02150987562993487,1.0
cdk2-28,2,15.0,far,4,4,glider,0.0003484207052389056,0.00035520220174392305,0.002644725421319247,0.1343058900862156,0.0002921989054959229,0.0022230993061805753,0.0004928931228476713,0.004211546219304865,0.13143763064635156
cdk2-28,2,15.0,far,4,4,mace_polar_l,0.00016679264942449332,0.00018738575912599962,0.002644725421319247,0.07085263279714213,0.0001837953104848012,0.0022230993061805753,0.0002839111178704687,0.004211546219304865,0.0826752588036983
cdk2-28,2,15.0,far,4,4,exact_dipole_base_com,0.002169891291610322,0.0023153151760722146,0.002644725421319247,0.8754463345829242,0.0021106419583964467,0.0022230993061805753,0.003346699545566641,0.004211546219304865,0.9494141591104459
cdk2-28,2,15.0,far,4,4,exact_dipole_solute_com,0.002180448705127292,0.002322972370735659,0.002644725421319247,0.8783416047692806,0.0021116879196736204,0.0022230993061805753,0.0033662157435283523,0.004211546219304865,0.9498846559858063
cdk2-28,2,15.0,far,4,4,exact_dipole_nuclear_center,0.0021700654679256953,0.00231621815081313,0.002644725421319247,0.8757877593424234,0.0021119454178138235,0.0022230993061805753,0.0033485531571651414,0.004211546219304865,0.9500004844328249
cdk2-28,2,15.0,far,4,4,zero,0.0025085982015448038,0.002644725421319247,0.002644725421319247,1.0,0.0022230993061805753,0.0022230993061805753,0.004211546219304865,0.004211546219304865,1.0
cdk2-28,2,0.8,near,8,4,glider,0.8223177145196565,0.8595615808129689,1.4797417531702182,0.5808862113753517,0.2502792192669191,0.9113953909298583,0.2656649862792456,1.331809999897758,0.27461102147068106
cdk2-28,2,0.8,near,8,4,mace_polar_l,0.6575129699095358,0.8139580422842743,1.4797417531702182,0.5500676320989388,0.6813980839587498,0.9113953909298583,0.942940901620319,1.331809999897758,0.7476426705028079
cdk2-28,2,0.8,near,8,4,exact_dipole_base_com,1.1678654361712577,1.4761576263554408,1.4797417531702182,0.9975778700525962,0.9028464215157787,0.9113953909298583,1.3284935459623615,1.331809999897758,0.9906199115124364
cdk2-28,2,0.8,near,8,4,exact_dipole_solute_com,1.167475905524022,1.4747019634258023,1.4797417531702182,0.9965941423673296,0.9009694173237964,0.9113953909298583,1.326724213306251,1.331809999897758,0.9885604275489864
cdk2-28,2,0.8,near,8,4,exact_dipole_nuclear_center,1.1677494845277074,1.476172757440228,1.4797417531702182,0.9975880955427905,0.9030211244450261,0.9113953909298583,1.3281643457145305,1.331809999897758,0.9908115988206959
cdk2-28,2,0.8,near,8,4,zero,1.1657590220397531,1.4797417531702182,1.4797417531702182,1.0,0.9113953909298583,0.9113953909298583,1.331809999897758,1.331809999897758,1.0
cdk2-28,2,1.8,near,8,4,glider,0.09651357624244858,0.11926181756909594,0.4882251756514236,0.24427625513159706,0.0910535269219999,0.4536955598323208,0.1040598537015642,0.5667920288361268,0.20069300866786519
cdk2-28,2,1.8,near,8,4,mace_polar_l,0.2580870439886837,0.2917983516047556,0.4882251756514236,0.5976716608589842,0.25094482758567216,0.4536955598323208,0.22281208462799185,0.5667920288361268,0.5531128135316503
cdk2-28,2,1.8,near,8,4,exact_dipole_base_com,0.4341449701399264,0.4849977913658442,0.4882251756514236,0.9933895578381979,0.4494712057203411,0.4536955598323208,0.5674401583330373,0.5667920288361268,0.9906890115619801
cdk2-28,2,1.8,near,8,4,exact_dipole_solute_com,0.4329012042629681,0.48409238418197253,0.4882251756514236,0.9915350709558621,0.44856118198700207,0.4536955598323208,0.5668031614838271,0.5667920288361268,0.9886832089623793
cdk2-28,2,1.8,near,8,4,exact_dipole_nuclear_center,0.43424714860053243,0.4850555354285883,0.4882251756514236,0.9935078312612492,0.44956310085891127,0.4536955598323208,0.5672444415811495,0.5667920288361268,0.9908915595847206
cdk2-28,2,1.8,near,8,4,zero,0.44149560821748773,0.4882251756514236,0.4882251756514236,1.0,0.4536955598323208,0.4536955598323208,0.5667920288361268,0.5667920288361268,1.0
cdk2-28,2,3.5,intermediate,8,4,glider,0.01919213302568362,0.019820615740029506,0.14699131607608873,0.13484208638399797,0.019725753327427105,0.14262966669610663,0.028798819108163645,0.19411537296770862,0.1383004937497029
cdk2-28,2,3.5,intermediate,8,4,mace_polar_l,0.034538025390292784,0.040048690711129376,0.14699131607608873,0.2724561680255896,0.03538772212396943,0.14262966669610663,0.027733346233455903,0.19411537296770862,0.2481091272502806
cdk2-28,2,3.5,intermediate,8,4,exact_dipole_base_com,0.1367612332835228,0.1444767717680402,0.14699131607608873,0.9828932458380949,0.139683984073934,0.14262966669610663,0.19493617250567702,0.19411537296770862,0.9793473357232978
cdk2-28,2,3.5,intermediate,8,4,exact_dipole_solute_com,0.1362148321359289,0.14403717240671932,0.14699131607608873,0.9799025973218701,0.1392406057913127,0.14262966669610663,0.19472391322589258,0.19411537296770862,0.9762387378215304
cdk2-28,2,3.5,intermediate,8,4,exact_dipole_nuclear_center,0.1368050627029493,0.14450667315625004,0.14699131607608873,0.9830966686593068,0.13972476041705378,0.14262966669610663,0.19484612561301826,0.19411537296770862,0.9796332253566702
cdk2-28,2,3.5,intermediate,8,4,zero,0.14071559863793348,0.14699131607608873,0.14699131607608873,1.0,0.14262966669610663,0.14262966669610663,0.19411537296770862,0.19411537296770862,1.0
cdk2-28,2,7.5,far,8,4,glider,0.0016445393535647079,0.0021218228158196364,0.025852935104988477,0.08207280168394568,0.002116865966295169,0.02512284953698905,0.004255390363454645,0.036050052894168585,0.08426058370402809
cdk2-28,2,7.5,far,8,4,mace_polar_l,0.004423257308745253,0.004504840692899937,0.025852935104988477,0.17424871391220492,0.004481739670414388,0.02512284953698905,0.004712452398136547,0.036050052894168585,0.17839296708025904
cdk2-28,2,7.5,far,8,4,exact_dipole_base_com,0.023255186697905515,0.024757544735240895,0.025852935104988477,0.9576299416178777,0.02381932625805381,0.02512284953698905,0.036108953100940575,0.036050052894168585,0.9481140355111378
cdk2-28,2,7.5,far,8,4,exact_dipole_solute_com,0.023125844219694033,0.024645001134910204,0.025852935104988477,0.9532767182846796,0.023702064083349,0.02512284953698905,0.03606036905979255,0.036050052894168585,0.9434464847807893
cdk2-28,2,7.5,far,8,4,exact_dipole_nuclear_center,0.023264975459289773,0.02476315128464327,0.025852935104988477,0.9578468047856228,0.023828224758874895,0.02512284953698905,0.03608703967855137,0.036050052894168585,0.9484682350141833
cdk2-28,2,7.5,far,8,4,zero,0.024588988164314787,0.025852935104988477,0.025852935104988477,1.0,0.02512284953698905,0.02512284953698905,0.036050052894168585,0.036050052894168585,1.0
cdk2-28,2,15.0,far,8,4,glider,0.00021117279982548826,0.0002544403447814405,0.0038350854283823103,0.06634541773135072,0.0002542591993027972,0.0037545648143626166,0.0005787698731188434,0.005370056318108543,0.06772001866372383
cdk2-28,2,15.0,far,8,4,mace_polar_l,0.0006651938710711902,0.0006964437991326252,0.0038350854283823103,0.181597988399021,0.0006851486147193101,0.0037545648143626166,0.0008978489464144682,0.005370056318108543,0.18248416223855293
cdk2-28,2,15.0,far,8,4,exact_dipole_base_com,0.0032295268061888023,0.0034942640495136436,0.0038350854283823103,0.9111306944178217,0.0033482673365586007,0.0037545648143626166,0.005252686505093207,0.005370056318108543,0.891785733395845
cdk2-28,2,15.0,far,8,4,exact_dipole_solute_com,0.0032080104288048665,0.003475307141381055,0.0038350854283823103,0.9061876733335208,0.003327870740391936,0.0037545648143626166,0.005245648982858463,0.005370056318108543,0.8863532539541158
cdk2-28,2,15.0,far,8,4,exact_dipole_nuclear_center,0.0032310246676044924,0.0034948408675934965,0.0038350854283823103,0.9112810999539237,0.003349510302487803,0.0037545648143626166,0.005248924663777883,0.005370056318108543,0.8921167879895618
cdk2-28,2,15.0,far,8,4,zero,0.003574425102780442,0.0038350854283823103,0.0038350854283823103,1.0,0.0037545648143626166,0.0037545648143626166,0.005370056318108543,0.005370056318108543,1.0
ethane,3,0.8,near,0,4,glider,0.06853991405235077,0.07671417510845938,0.10315582945935683,0.7436727086633973,0.051913540307602306,0.057006759101806706,0.27585391903523515,0.21916247152235752,0.9106558788036245
ethane,3,0.8,near,0,4,mace_polar_l,0.14121772316372205,0.14844169001321456,0.10315582945935683,1.4390043761094495,0.045743742724373086,0.057006759101806706,0.0682621274446399,0.21916247152235752,0.8024266498413052
ethane,3,0.8,near,0,4,exact_dipole_base_com,0.09200174477915846,0.09764800544640413,0.10315582945935683,0.9466067594839827,0.03272326275375913,0.057006759101806706,0.07097022032837697,0.21916247152235752,0.5740242607954542
ethane,3,0.8,near,0,4,exact_dipole_solute_com,0.03380059979675183,0.04079468000432767,0.10315582945935683,0.3954665501516876,0.022841308413383676,0.057006759101806706,0.07720585206108288,0.21916247152235752,0.40067719641090366
ethane,3,0.8,near,0,4,exact_dipole_nuclear_center,0.09062625308691201,0.0959890482950031,0.10315582945935683,0.9305247100244836,0.031635101454040075,0.057006759101806706,0.07075126744846412,0.21916247152235752,0.5549359751804847
ethane,3,0.8,near,0,4,zero,0.09077110604787761,0.10315582945935683,0.10315582945935683,1.0,0.057006759101806706,0.057006759101806706,0.21916247152235752,0.21916247152235752,1.0
ethane,3,1.8,near,0,4,glider,0.0114377018569474,0.0118325010597347,0.03988889074629444,0.2966365030051357,0.011412836934801617,0.030599247316166006,0.08375805723995362,0.10649631236401469,0.3729777016041848
ethane,3,1.8,near,0,4,mace_polar_l,0.0451947197014179,0.050260345302759885,0.03988889074629444,1.2600085979434994,0.030286564988864548,0.030599247316166006,0.010405868446357677,0.10649631236401469,0.9897813719379868
ethane,3,1.8,near,0,4,exact_dipole_base_com,0.02878541941677995,0.03199329672480207,0.03988889074629444,0.8020603262268995,0.013963189618468213,0.030599247316166006,0.03406871515561801,0.10649631236401469,0.4563246106740432
ethane,3,1.8,near,0,4,exact_dipole_solute_com,0.00877906719548584,0.010025526438628548,0.03988889074629444,0.2513363056995986,0.008795236228523188,0.030599247316166006,0.03332948046580836,0.10649631236401469,0.2874330906785587
ethane,3,1.8,near,0,4,exact_dipole_nuclear_center,0.028245613546142457,0.03133291037876013,0.03988889074629444,0.7855046804396502,0.013562322375072341,0.030599247316166006,0.034063105063741925,0.10649631236401469,0.4432240517206179
ethane,3,1.8,near,0,4,zero,0.03768582550777949,0.03988889074629444,0.03988889074629444,1.0,0.030599247316166006,0.030599247316166006,0.10649631236401469,0.10649631236401469,1.0
ethane,3,3.5,intermediate,0,4,glider,0.0037961038552918325,0.004965670121256843,0.015080356748915204,0.3292806797567336,0.0035346133994160903,0.013216693810917418,0.01524088857770164,0.038766741329335254,0.26743552131747084
ethane,3,3.5,intermediate,0,4,mace_polar_l,0.01379630575569298,0.014088071652822762,0.015080356748915204,0.9342001576876607,0.01071226671008995,0.013216693810917418,0.006831764578512088,0.038766741329335254,0.8105103184913969
ethane,3,3.5,intermediate,0,4,exact_dipole_base_com,0.008757105551657042,0.010007192530769704,0.015080356748915204,0.663591233111217,0.004843243201102993,0.013216693810917418,0.009405274291492256,0.038766741329335254,0.36644892212773494
ethane,3,3.5,intermediate,0,4,exact_dipole_solute_com,0.0022734082088830317,0.0024999458116158517,0.015080356748915204,0.1657749782209684,0.00220479845712629,0.013216693810917418,0.0076025345966905175,0.038766741329335254,0.1668192127826291
ethane,3,3.5,intermediate,0,4,exact_dipole_nuclear_center,0.0085892482760494,0.009798806959293926,0.015080356748915204,0.6497728881645188,0.004716082259448991,0.013216693810917418,0.009415582073747325,0.038766741329335254,0.3568276852682593
ethane,3,3.5,intermediate,0,4,zero,0.014008563777238773,0.015080356748915204,0.015080356748915204,1.0,0.013216693810917418,0.013216693810917418,0.038766741329335254,0.038766741329335254,1.0
ethane,3,7.5,far,0,4,glider,0.0013336755849124077,0.0013842921238207948,0.003651477270981881,0.37910468040475004,0.0011169954105716361,0.0035494175487653136,0.001663098759736887,0.0086088539816174,0.3146982273077986
ethane,3,7.5,far,0,4,mace_polar_l,0.0021195588690911442,0.002187030630610209,0.003651477270981881,0.5989440624457502,0.0015833026699234255,0.0035494175487653136,0.0013862969386535203,0.0086088539816174,0.4460739397860325
ethane,3,7.5,far,0,4,exact_dipole_base_com,0.0013044328604699662,0.0015572154926061855,0.003651477270981881,0.42646177890283044,0.0008505145518677893,0.0035494175487653136,0.0014690180555250341,0.0086088539816174,0.23962087868857412
ethane,3,7.5,far,0,4,exact_dipole_solute_com,0.0002885029272839359,0.0003142396545347671,0.003651477270981881,0.08605822553847314,0.00028268804560214306,0.0035494175487653136,0.0007937797806342763,0.0086088539816174,0.07964350255170113
ethane,3,7.5,far,0,4,exact_dipole_nuclear_center,0.0012779056305270934,0.0015238306682071121,0.003651477270981881,0.41731895206275094,0.0008300705420840364,0.0035494175487653136,0.001466058067974387,0.0086088539816174,0.23386105767488008
ethane,3,7.5,far,0,4,zero,0.003067814885826828,0.003651477270981881,0.003651477270981881,1.0,0.0035494175487653136,0.0035494175487653136,0.0086088539816174,0.0086088539816174,1.0
ethane,3,15.0,far,0,4,glider,0.00030315151961798404,0.0003091388445832265,0.0007833664162832744,0.39462866693973553,0.0002633690921920973,0.0007823531333209233,0.0003180203474044661,0.0016719808222271791,0.3366371028312385
ethane,3,15.0,far,0,4,mace_polar_l,0.00032009442068356767,0.000328073418512161,0.0007833664162832744,0.4187994426270194,0.0002486681588640029,0.0007823531333209233,0.00024643940095030826,0.0016719808222271791,0.3178464407862205
ethane,3,15.0,far,0,4,exact_dipole_base_com,0.00014718626498458622,0.00018568244415276822,0.0007833664162832744,0.2370314073888295,0.00011319970612343946,0.0007823531333209233,0.00019808159361704792,0.0016719808222271791,0.14469131815569103
ethane,3,15.0,far,0,4,exact_dipole_solute_com,2.989919146607475e-05,3.349561862962312e-05,0.0007833664162832744,0.04275855836218375,3.1316771192931275e-05,0.0007823531333209233,7.299524618628842e-05,0.0016719808222271791,0.04002894582910178
ethane,3,15.0,far,0,4,exact_dipole_nuclear_center,0.00014394244405409578,0.00018156861898491772,0.0007833664162832744,0.23177993747342418,0.00011066949082662177,0.0007823531333209233,0.00019692836022007233,0.0016719808222271791,0.141457209172095
ethane,3,15.0,far,0,4,zero,0.0006875179442742391,0.0007833664162832744,0.0007833664162832744,1.0,0.0007823531333209233,0.0007823531333209233,0.0016719808222271791,0.0016719808222271791,1.0
ethane,3,0.8,near,4,4,glider,0.03616933363215244,0.045562118309304844,0.017587106319405733,2.5906546240089137,0.04548151991940408,0.017181285577593058,0.12071251545029148,0.04386569888748933,2.647154644744321
ethane,3,0.8,near,4,4,mace_polar_l,0.061581788417509706,0.06266992850164019,0.017587106319405733,3.563401924311435,0.011627694255602096,0.017181285577593058,0.03386465167269779,0.04386569888748933,0.6767650885662673
ethane,3,0.8,near,4,4,exact_dipole_base_com,0.017055317854379182,0.027375331478110557,0.017587106319405733,1.55655688780959,0.0219630552760479,0.017181285577593058,0.01727534726337431,0.04386569888748933,1.2783126836964387
ethane,3,0.8,near,4,4,exact_dipole_solute_com,0.011324246306815321,0.012744982820208474,0.017587106319405733,0.7246776467226774,0.005847737397488775,0.017181285577593058,0.02273785004719299,0.04386569888748933,0.3403550549858208
ethane,3,0.8,near,4,4,exact_dipole_nuclear_center,0.0166659991325833,0.02705563217747087,0.017587106319405733,1.5383788376611736,0.021548136180778957,0.017181285577593058,0.01778675283058526,0.04386569888748933,1.254163204695283
ethane,3,0.8,near,4,4,zero,0.01271294732331428,0.017587106319405733,0.017587106319405733,1.0,0.017181285577593058,0.017181285577593058,0.04386569888748933,0.04386569888748933,1.0
ethane,3,1.8,near,4,4,glider,0.010276544352486377,0.012543176390346555,0.011619647727657986,1.0794799192139288,0.012541485917683974,0.011345247121523214,0.03848054782017278,0.02535031676157054,1.1054396421115729
ethane,3,1.8,near,4,4,mace_polar_l,0.013890886357718991,0.01581261268874252,0.011619647727657986,1.3608512976778215,0.007555262817474811,0.011345247121523214,0.019741763526592022,0.02535031676157054,0.6659407888208644
ethane,3,1.8,near,4,4,exact_dipole_base_com,0.008802036665095199,0.012849465394337565,0.011619647727657986,1.105839496644315,0.011674629001454506,0.011345247121523214,0.0053848580552754354,0.02535031676157054,1.0290325875146797
ethane,3,1.8,near,4,4,exact_dipole_solute_com,0.0032008772621459243,0.004081957175515211,0.011619647727657986,0.3512978423432769,0.0029410369588057446,0.011345247121523214,0.008658779695638415,0.02535031676157054,0.2592307533985986
ethane,3,1.8,near,4,4,exact_dipole_nuclear_center,0.008453486495721908,0.01264702765846391,0.011619647727657986,1.0884174765780958,0.01144350125202257,0.011345247121523214,0.005266694845002887,0.02535031676157054,1.008660378169547
ethane,3,1.8,near,4,4,zero,0.010648995868423695,0.011619647727657986,0.011619647727657986,1.0,0.011345247121523214,0.011345247121523214,0.02535031676157054,0.02535031676157054,1.0
ethane,3,3.5,intermediate,4,4,glider,0.0036592417153258256,0.0044547416479858454,0.006582040493895071,0.6768025283523669,0.004449869522228065,0.006144353110637098,0.012100180864600272,0.011806329493563458,0.7242209948065086
ethane,3,3.5,intermediate,4,4,mace_polar_l,0.0023726667664283187,0.003008245345720551,0.006582040493895071,0.4570384136212377,0.002692145901105791,0.006144353110637098,0.006731463046966132,0.011806329493563458,0.4381496070668775
ethane,3,3.5,intermediate,4,4,exact_dipole_base_com,0.003952419087512454,0.004940911584765142,0.006582040493895071,0.7506656316301764,0.004575833702290974,0.006144353110637098,0.002473824529504244,0.011806329493563458,0.7447217990074977
ethane,3,3.5,intermediate,4,4,exact_dipole_solute_com,0.0008432415803783448,0.001232088951622846,0.006582040493895071,0.18718951254791347,0.0008983244524291409,0.006144353110637098,0.002063739060676291,0.011806329493563458,0.14620325952197674
ethane,3,3.5,intermediate,4,4,exact_dipole_nuclear_center,0.003817022208167796,0.0048483422860833535,0.006582040493895071,0.7366017104544184,0.00447174910207401,0.006144353110637098,0.0022827261208024155,0.011806329493563458,0.7277819196837048
ethane,3,3.5,intermediate,4,4,zero,0.006424759644506692,0.006582040493895071,0.006582040493895071,1.0,0.006144353110637098,0.006144353110637098,0.011806329493563458,0.011806329493563458,1.0
ethane,3,7.5,far,4,4,glider,0.0009541343485674731,0.0010980384064469028,0.002238121008527416,0.49060725593624777,0.0010794266332594662,0.0019441186711391144,0.0023490898088746577,0.0032056012880925413,0.5552267200988299
ethane,3,7.5,far,4,4,mace_polar_l,0.0004907283893538924,0.0005419935285641228,0.002238121008527416,0.24216453288230846,0.0004981037160567853,0.0019441186711391144,0.0012785874381717388,0.0032056012880925413,0.25621055105907303
ethane,3,7.5,far,4,4,exact_dipole_base_com,0.0008982732919725755,0.001005150812552547,0.002238121008527416,0.44910476632981144,0.000948278857072415,0.0019441186711391144,0.0008168655835328972,0.0032056012880925413,0.4877679902723178
ethane,3,7.5,far,4,4,exact_dipole_solute_com,0.00012346901810109898,0.00017086965674457437,0.002238121008527416,0.0763451377711695,0.00012094541557220416,0.0019441186711391144,0.00026404019265188153,0.0032056012880925413,0.06221092228970714
ethane,3,7.5,far,4,4,exact_dipole_nuclear_center,0.0008702351145064428,0.000983153933617987,0.002238121008527416,0.43927648678158765,0.0009239511966068073,0.0019441186711391144,0.0007783785749210565,0.0032056012880925413,0.4752545255200075
ethane,3,7.5,far,4,4,zero,0.0022107162945817953,0.002238121008527416,0.002238121008527416,1.0,0.0019441186711391144,0.0019441186711391144,0.0032056012880925413,0.0032056012880925413,1.0
ethane,3,15.0,far,4,4,glider,0.00020353027727587058,0.00022257689411453208,0.0005701222569142407,0.39040204344804713,0.0002127706605104647,0.0004612768561174858,0.00042976176411091156,0.0007011133676497936,0.46126454793620225
ethane,3,15.0,far,4,4,mace_polar_l,9.449293222092832e-05,0.00011130922254854426,0.0005701222569142407,0.19523746213838428,0.00011130840666498525,0.0004612768561174858,0.00026095072504259977,0.0007011133676497936,0.2413049889427692
ethane,3,15.0,far,4,4,exact_dipole_base_com,0.00014118367584896893,0.00015045042601948062,0.0005701222569142407,0.263891514837162,0.0001437982593568704,0.0004612768561174858,0.0001514568330822937,0.0007011133676497936,0.31173959293601633
ethane,3,15.0,far,4,4,exact_dipole_solute_com,1.4367156892919832e-05,1.859290913801637e-05,0.0005701222569142407,0.03261214399635895,1.281685299076357e-05,0.0004612768561174858,3.0738753735715365e-05,0.0007011133676497936,0.02778559734958642
ethane,3,15.0,far,4,4,exact_dipole_nuclear_center,0.00013695363298793113,0.0001468626042373939,0.0005701222569142407,0.2575984404332514,0.0001398828356944351,0.0004612768561174858,0.00014573809153610852,0.0007011133676497936,0.303251363772752
ethane,3,15.0,far,4,4,zero,0.0005483043985452224,0.0005701222569142407,0.0005701222569142407,1.0,0.0004612768561174858,0.0004612768561174858,0.0007011133676497936,0.0007011133676497936,1.0
ethane,3,0.8,near,8,4,glider,0.1789600801279725,0.19623932080269105,0.11065928279554021,1.77336519671172,0.08051807716091562,0.06260407316758156,0.0893174084589036,0.2848752919207039,1.2861475793337123
ethane,3,0.8,near,8,4,mace_polar_l,0.0989517265107838,0.10777607231912317,0.11065928279554021,0.9739451548611225,0.07596927615816894,0.06260407316758156,0.20973421225519429,0.2848752919207039,1.21348775430012
ethane,3,0.8,near,8,4,exact_dipole_base_com,0.18788519581632024,0.2225854378113579,0.11065928279554021,2.0114484044019894,0.11934584332408438,0.06260407316758156,0.29368325737870377,0.2848752919207039,1.9063590799373988
ethane,3,0.8,near,8,4,exact_dipole_solute_com,0.12780482635970494,0.17097581345265334,0.11065928279554021,1.5450652591753828,0.11357224636750912,0.06260407316758156,0.146454457330724,0.2848752919207039,1.8141350973041888
ethane,3,0.8,near,8,4,exact_dipole_nuclear_center,0.18879083782553133,0.22190346016099347,0.11065928279554021,2.005285544557466,0.11661545860028832,0.06260407316758156,0.288658437492634,0.2848752919207039,1.8627455483308015
ethane,3,0.8,near,8,4,zero,0.09195933430479387,0.11065928279554021,0.11065928279554021,1.0,0.06260407316758156,0.06260407316758156,0.2848752919207039,0.2848752919207039,1.0
ethane,3,1.8,near,8,4,glider,0.010101755900599078,0.0114581352239242,0.057812021983013044,0.198196410208433,0.005407715833366631,0.023753679896447957,0.007953915122966495,0.0896311273846346,0.22765802422787057
ethane,3,1.8,near,8,4,mace_polar_l,0.01975792261337094,0.022806121326007987,0.057812021983013044,0.3944875225555876,0.021969545953023157,0.023753679896447957,0.0450756214429692,0.0896311273846346,0.9248902085402105
ethane,3,1.8,near,8,4,exact_dipole_base_com,0.02896962602503821,0.03248847013697927,0.057812021983013044,0.5619673732658128,0.031045847201832958,0.023753679896447957,0.08198409889451506,0.0896311273846346,1.3069910572666867
ethane,3,1.8,near,8,4,exact_dipole_solute_com,0.03982886850365282,0.0421826047753886,0.057812021983013044,0.7296510886227634,0.03987302021687614,0.023753679896447957,0.029755558888703088,0.0896311273846346,1.6786039211902746
ethane,3,1.8,near,8,4,exact_dipole_nuclear_center,0.02798416340727791,0.031414801134651726,0.057812021983013044,0.5433956477751698,0.03002487589491204,0.023753679896447957,0.08011452071833318,0.0896311273846346,1.2640094514114362
ethane,3,1.8,near,8,4,zero,0.05270666539576818,0.057812021983013044,0.057812021983013044,1.0,0.023753679896447957,0.023753679896447957,0.0896311273846346,0.0896311273846346,1.0
ethane,3,3.5,intermediate,8,4,glider,0.002113731222909425,0.0022397145163672587,0.0249003418504326,0.08994713927304367,0.002238193620285908,0.013331941229870666,0.0052246088426588745,0.025762384271180567,0.1678820497101472
ethane,3,3.5,intermediate,8,4,mace_polar_l,0.0065963859453594285,0.00730397723883021,0.0249003418504326,0.2933283921442756,0.005474361446454535,0.013331941229870666,0.010645723217290159,0.025762384271180567,0.4106199803963314
ethane,3,3.5,intermediate,8,4,exact_dipole_base_com,0.007235848737454826,0.008969960888385137,0.0249003418504326,0.3602344474732302,0.007365225614746941,0.013331941229870666,0.016702961669100007,0.025762384271180567,0.5524496011312219
ethane,3,3.5,intermediate,8,4,exact_dipole_solute_com,0.008835496535729787,0.009200331774375594,0.0249003418504326,0.3694861632679053,0.008879052190132427,0.013331941229870666,0.007188212495300499,0.025762384271180567,0.6659984496660254
ethane,3,3.5,intermediate,8,4,exact_dipole_nuclear_center,0.006948454229819991,0.008677698140265616,0.0249003418504326,0.34849714884998084,0.007074745042473629,0.013331941229870666,0.01618391510357352,0.025762384271180567,0.5306612833412754
ethane,3,3.5,intermediate,8,4,zero,0.021371265737035204,0.0249003418504326,0.0249003418504326,1.0,0.013331941229870666,0.013331941229870666,0.025762384271180567,0.025762384271180567,1.0
ethane,3,7.5,far,8,4,glider,0.000880065615126445,0.0008843757156729975,0.005457953912975019,0.1620342952274843,0.0007552757510704436,0.0036903704463223867,0.0010072814183783943,0.004965974000806583,0.2046612290164822
ethane,3,7.5,far,8,4,mace_polar_l,0.0005059067430207325,0.0005405775301586449,0.005457953912975019,0.09904398952023895,0.0005097033913021999,0.0036903704463223867,0.0013090824723703683,0.004965974000806583,0.1381171345034321
ethane,3,7.5,far,8,4,exact_dipole_base_com,0.0009005204571550858,0.0011892589748289696,0.005457953912975019,0.21789465315963594,0.0009531033295079556,0.0036903704463223867,0.0016605645994486483,0.004965974000806583,0.2582676572368945
ethane,3,7.5,far,8,4,exact_dipole_solute_com,0.0007624153721374229,0.0007696751365464456,0.005457953912975019,0.14101898785123881,0.0007693267298664988,0.0036903704463223867,0.0009092368268980692,0.004965974000806583,0.20846870010927115
ethane,3,7.5,far,8,4,exact_dipole_nuclear_center,0.0008611323016385297,0.001152180627680853,0.005457953912975019,0.2111012013021603,0.0009162453389995475,0.0036903704463223867,0.0015961407719908593,0.004965974000806583,0.24828004459894412
ethane,3,7.5,far,8,4,zero,0.005160087183858994,0.005457953912975019,0.005457953912975019,1.0,0.0036903704463223867,0.0036903704463223867,0.004965974000806583,0.004965974000806583,1.0
ethane,3,15.0,far,8,4,glider,0.0002204322232811824,0.0002243967608208095,0.0010586140102130878,0.2119722190108185,0.00018928997565951708,0.0007879830189252596,0.0002528242790471828,0.0009629294821009199,0.24022088181251947
ethane,3,15.0,far,8,4,mace_polar_l,5.4417795987121964e-05,7.194640259302824e-05,0.0010586140102130878,0.06796282865984948,7.111377309498767e-05,0.0007879830189252596,0.0002140069725743023,0.0009629294821009199,0.09024784974678855
ethane,3,15.0,far,8,4,exact_dipole_base_com,9.496032522972032e-05,0.00013999279880916787,0.0010586140102130878,0.13224158896309032,0.00010864635268437835,0.0007879830189252596,0.00015737574415684846,0.0009629294821009199,0.1378790533234619
ethane,3,15.0,far,8,4,exact_dipole_solute_com,5.976026860248453e-05,6.1018484785463974e-05,0.0010586140102130878,0.0576399747186244,6.023850816570834e-05,0.0007879830189252596,8.527371673676771e-05,0.0009629294821009199,0.07644645470643319
ethane,3,15.0,far,8,4,exact_dipole_nuclear_center,9.104966699902706e-05,0.00013603310527006947,0.0010586140102130878,0.12850113824082815,0.00010469615155759539,0.0007879830189252596,0.00015063254874077191,0.0009629294821009199,0.1328659997018614
ethane,3,15.0,far,8,4,zero,0.0010341342562306482,0.0010586140102130878,0.0010586140102130878,1.0,0.0007879830189252596,0.0007879830189252596,0.0009629294821009199,0.0009629294821009199,1.0
ethanol,4,0.8,near,0,3,glider,0.42477584464191404,0.46693692254971236,0.9652922597584475,0.4837259574282276,0.19389577470626998,0.7034514703036606,,,0.27563489862715124
ethanol,4,0.8,near,0,3,mace_polar_l,0.43304123221029117,0.44568171391713185,0.9652922597584475,0.4617065033015578,0.3749819846680534,0.7034514703036606,,,0.5330602045741464
ethanol,4,0.8,near,0,3,exact_dipole_base_com,0.7821880943980882,0.8731368850546156,0.9652922597584475,0.9045311160716314,0.6137934945879496,0.7034514703036606,,,0.8725456133071865
ethanol,4,0.8,near,0,3,exact_dipole_solute_com,0.7762569658976471,0.8683256121716658,0.9652922597584475,0.8995468505973037,0.608340391313694,0.7034514703036606,,,0.8647936879726618
ethanol,4,0.8,near,0,3,exact_dipole_nuclear_center,0.7802857393287894,0.8715873017762633,0.9652922597584475,0.9029258164717567,0.6120037820587179,0.7034514703036606,,,0.8700014256769307
ethanol,4,0.8,near,0,3,zero,0.8823623638238288,0.9652922597584475,0.9652922597584475,1.0,0.7034514703036606,0.7034514703036606,,,1.0
ethanol,4,1.8,near,0,4,glider,0.06481305136150109,0.07269079154376168,0.287323317822325,0.2529930118261832,0.045552395947582494,0.23337216441647446,0.07206371741417146,0.6717094760299416,0.195192070406006
ethanol,4,1.8,near,0,4,mace_polar_l,0.08869390551605112,0.10758811292937258,0.287323317822325,0.3744496400250498,0.06089821974420288,0.23337216441647446,0.3271365716573673,0.6717094760299416,0.2609489434889258
ethanol,4,1.8,near,0,4,exact_dipole_base_com,0.21342804455496733,0.22090231604566127,0.287323317822325,0.7688283628350095,0.18557640931371075,0.23337216441647446,0.6332115192928709,0.6717094760299416,0.7951951329659535
ethanol,4,1.8,near,0,4,exact_dipole_solute_com,0.20954997278316112,0.21778658373950077,0.287323317822325,0.7579843689337308,0.1835593930590724,0.23337216441647446,0.6360906800563847,0.6717094760299416,0.786552215933917
ethanol,4,1.8,near,0,4,exact_dipole_nuclear_center,0.21242434148443032,0.22005603116564587,0.287323317822325,0.7658829531605371,0.18494929198930227,0.23337216441647446,0.6339885663816098,0.6717094760299416,0.792507934490606
ethanol,4,1.8,near,0,4,zero,0.28447812927018157,0.287323317822325,0.287323317822325,1.0,0.23337216441647446,0.23337216441647446,0.6717094760299416,0.6717094760299416,1.0
ethanol,4,3.5,intermediate,0,4,glider,0.007282689612043312,0.009384714311444387,0.08135672147702713,0.11535266098566137,0.0071637842859606496,0.0654643101225508,0.008910158468614584,0.13856131765460672,0.10943037927918081
ethanol,4,3.5,intermediate,0,4,mace_polar_l,0.012968394360631946,0.015975887320727928,0.08135672147702713,0.19636837658507506,0.009330044125925929,0.0654643101225508,0.010032628322469008,0.13856131765460672,0.14252107917214518
ethanol,4,3.5,intermediate,0,4,exact_dipole_base_com,0.052076882792585974,0.052430214818519255,0.08135672147702713,0.6444484717015555,0.04357329052117127,0.0654643101225508,0.11836103330130729,0.13856131765460672,0.6656037532451041
ethanol,4,3.5,intermediate,0,4,exact_dipole_solute_com,0.05099792683361985,0.05141322830937376,0.08135672147702713,0.6319481337985261,0.042854083180812685,0.0654643101225508,0.11884898677086801,0.13856131765460672,0.6546175022785513
ethanol,4,3.5,intermediate,0,4,exact_dipole_nuclear_center,0.05180285390210687,0.0521698504750521,0.08135672147702713,0.6412481910272577,0.04337213664750247,0.0654643101225508,0.11854733866233105,0.13856131765460672,0.6625310274607455
ethanol,4,3.5,intermediate,0,4,zero,0.08069770655291043,0.08135672147702713,0.08135672147702713,1.0,0.0654643101225508,0.0654643101225508,0.13856131765460672,0.13856131765460672,1.0
ethanol,4,7.5,far,0,4,glider,0.0006174259512887505,0.0007857103053659896,0.014990779833938456,0.05241290406968532,0.0005939524146670625,0.011819705685705707,0.0016260530616834805,0.019394965264882685,0.05025103250966439
ethanol,4,7.5,far,0,4,mace_polar_l,0.0016756922804177137,0.0017276623752633816,0.014990779833938456,0.11524833226834745,0.0016155609815655804,0.011819705685705707,0.0022672086669539835,0.019394965264882685,0.13668368946947443
ethanol,4,7.5,far,0,4,exact_dipole_base_com,0.007205685402786933,0.00728523454875882,0.014990779833938456,0.485981024967452,0.0059085626870151765,0.011819705685705707,0.01234026739380676,0.019394965264882685,0.4998908470420514
ethanol,4,7.5,far,0,4,exact_dipole_solute_com,0.007036824290143118,0.007121876458159998,0.014990779833938456,0.4750837873048064,0.005795053710799061,0.011819705685705707,0.012339523296096083,0.019394965264882685,0.4902874796457389
ethanol,4,7.5,far,0,4,exact_dipole_nuclear_center,0.007164025544558162,0.007245034030516534,0.014990779833938456,0.48329934204717623,0.0058783497702775975,0.011819705685705707,0.012357925848730085,0.019394965264882685,0.4973346990684079
ethanol,4,7.5,far,0,4,zero,0.014707430280187436,0.014990779833938456,0.014990779833938456,1.0,0.011819705685705707,0.011819705685705707,0.019394965264882685,0.019394965264882685,1.0
ethanol,4,15.0,far,0,4,glider,7.846578042666584e-05,8.652529605169889e-05,0.0026245080454503234,0.03296819615458734,7.669201507234538e-05,0.0020714577632283382,0.00027002199705041983,0.003207892201900688,0.037023209661210726
ethanol,4,15.0,far,0,4,mace_polar_l,0.0003530775056360854,0.00035674653003981826,0.0026245080454503234,0.13592891462392384,0.0003254406138158945,0.0020714577632283382,0.00033973544536334925,0.003207892201900688,0.15710704779647539
ethanol,4,15.0,far,0,4,exact_dipole_base_com,0.0008714521076125968,0.000887896483725778,0.0026245080454503234,0.3383096825574521,0.0007260695941490306,0.0020714577632283382,0.0013771750455698496,0.003207892201900688,0.35051141618135684
ethanol,4,15.0,far,0,4,exact_dipole_solute_com,0.0008494771708015831,0.0008670354834951059,0.0026245080454503234,0.33036114520515275,0.0007119633534794027,0.0020714577632283382,0.0013689498015765696,0.003207892201900688,0.34370160286049845
ethanol,4,15.0,far,0,4,exact_dipole_nuclear_center,0.0008661720543561998,0.0008829270097343593,0.0026245080454503234,0.3364161947474096,0.0007224914398092033,0.0020714577632283382,0.001377969038686924,0.003207892201900688,0.34878405567063575
ethanol,4,15.0,far,0,4,zero,0.0025565255420825967,0.0026245080454503234,0.0026245080454503234,1.0,0.0020714577632283382,0.0020714577632283382,0.003207892201900688,0.003207892201900688,1.0
ethanol,4,0.8,near,4,4,glider,0.5188219492043735,0.5743365155830144,0.6088773836556317,0.9432712250449543,0.246345728917334,0.2673191863309854,0.4377529531759783,1.5150705077714846,0.9215415185811512
ethanol,4,0.8,near,4,4,mace_polar_l,0.3768628943583114,0.41757805479900245,0.6088773836556317,0.6858163334823023,0.281755282177813,0.2673191863309854,1.3976400096073742,1.5150705077714846,1.0540032163234003
ethanol,4,0.8,near,4,4,exact_dipole_base_com,0.6673354711376305,0.7107059533182827,0.6088773836556317,1.1672398620741726,0.2444715137670763,0.2673191863309854,1.5328019528766545,1.5150705077714846,0.9145303676945212
ethanol,4,0.8,near,4,4,exact_dipole_solute_com,0.6530562943508069,0.6940626446391099,0.6088773836556317,1.1399054444624555,0.23503282981793766,0.2673191863309854,1.4740303274633477,1.5150705077714846,0.8792217013818384
ethanol,4,0.8,near,4,4,exact_dipole_nuclear_center,0.6624827242874716,0.7049078733781742,0.6088773836556317,1.157717288078572,0.2408562848903674,0.2673191863309854,1.5128061032069995,1.5150705077714846,0.9010063519800912
ethanol,4,0.8,near,4,4,zero,0.547057694349204,0.6088773836556317,0.6088773836556317,1.0,0.2673191863309854,0.2673191863309854,1.5150705077714846,1.5150705077714846,1.0
ethanol,4,1.8,near,4,4,glider,0.02741129361434313,0.029694950582122893,0.06003423815336938,0.49463358735828783,0.029654272441689798,0.05992908564685722,0.08807898577352546,0.3295515963966113,0.4948227078990136
ethanol,4,1.8,near,4,4,mace_polar_l,0.08039665806874502,0.09513395914249022,0.06003423815336938,1.5846617208575484,0.050861061269917456,0.05992908564685722,0.24627934912513627,0.3295515963966113,0.8486874231591867
ethanol,4,1.8,near,4,4,exact_dipole_base_com,0.05598442594663514,0.06365974130007854,0.06003423815336938,1.0603905914063085,0.05624809405696223,0.05992908564685722,0.2662155236281198,0.3295515963966113,0.9385775446068728
ethanol,4,1.8,near,4,4,exact_dipole_solute_com,0.05322337171525102,0.059777710598803255,0.06003423815336938,0.9957269790963154,0.05329878857037834,0.05992908564685722,0.25960467074441945,0.3295515963966113,0.8893642877258452
ethanol,4,1.8,near,4,4,exact_dipole_nuclear_center,0.05497440410720142,0.062254654913367145,0.06003423815336938,1.0369858405519408,0.05515687720264943,0.05992908564685722,0.2640021714808977,0.3295515963966113,0.9203690763391774
ethanol,4,1.8,near,4,4,zero,0.05225568886414341,0.06003423815336938,0.06003423815336938,1.0,0.05992908564685722,0.05992908564685722,0.3295515963966113,0.3295515963966113,1.0
ethanol,4,3.5,intermediate,4,4,glider,0.00608782822165989,0.006323054220564119,0.03398675284455503,0.18604467009495806,0.006317577832480423,0.03279796883955457,0.01504438786280851,0.08094598945652576,0.19262100843456445
ethanol,4,3.5,intermediate,4,4,mace_polar_l,0.011448344747497551,0.012213978290700693,0.03398675284455503,0.35937467596753586,0.011892989531111134,0.03279796883955457,0.024596759040577815,0.08094598945652576,0.3626135993143609
ethanol,4,3.5,intermediate,4,4,exact_dipole_base_com,0.00970666421696549,0.011813019062886438,0.03398675284455503,0.3475771609284229,0.011806776792650311,0.03279796883955457,0.043986011020090865,0.08094598945652576,0.35998499938847617
ethanol,4,3.5,intermediate,4,4,exact_dipole_solute_com,0.009472328114545545,0.012038764889318838,0.03398675284455503,0.3542193319962178,0.012038194349158093,0.03279796883955457,0.04371398962336006,0.08094598945652576,0.3670408496345649
ethanol,4,3.5,intermediate,4,4,exact_dipole_nuclear_center,0.009621976221026805,0.011881428264055308,0.03398675284455503,0.3495899804961454,0.011879590648810492,0.03279796883955457,0.04388333006725631,0.08094598945652576,0.3622050715068558
ethanol,4,3.5,intermediate,4,4,zero,0.030784741336856984,0.03398675284455503,0.03398675284455503,1.0,0.03279796883955457,0.03279796883955457,0.08094598945652576,0.08094598945652576,1.0
ethanol,4,7.5,far,4,4,glider,0.0007302394547998297,0.0009506577368124177,0.009093634686710716,0.10454100803078145,0.0009332412126852166,0.008794489953652231,0.0018384152685806553,0.016908404696023695,0.10611658181469118
ethanol,4,7.5,far,4,4,mace_polar_l,0.0030754733781395726,0.0033147551782930595,0.009093634686710716,0.3645137827162979,0.0029339388990427483,0.008794489953652231,0.00040083497324305546,0.016908404696023695,0.3336110353761134
ethanol,4,7.5,far,4,4,exact_dipole_base_com,0.00284286273699101,0.003472821031913442,0.009093634686710716,0.3818958152111129,0.003408949973675836,0.008794489953652231,0.007143697372252387,0.016908404696023695,0.3876233859656802
ethanol,4,7.5,far,4,4,exact_dipole_solute_com,0.0029294513587033123,0.0035598811847990944,0.009093634686710716,0.3914695616705875,0.0034882844711627416,0.008794489953652231,0.007231261912428855,0.016908404696023695,0.39664431815219764
ethanol,4,7.5,far,4,4,exact_dipole_nuclear_center,0.0028526097001586636,0.0035028580227164387,0.009093634686710716,0.38519889388513223,0.0034362217728585065,0.008794489953652231,0.007170877224367258,0.016908404696023695,0.3907243957259273
ethanol,4,7.5,far,4,4,zero,0.00837126012552692,0.009093634686710716,0.009093634686710716,1.0,0.008794489953652231,0.008794489953652231,0.016908404696023695,0.016908404696023695,1.0
ethanol,4,15.0,far,4,4,glider,0.00012541160026231617,0.0001582826687199243,0.0017106355182021273,0.09252857609684084,0.00015074970002202281,0.0016672854682456596,0.000225164543975471,0.0030435513027331504,0.09041625018218608
ethanol,4,15.0,far,4,4,mace_polar_l,0.0005054108678406516,0.0005227899742128068,0.0017106355182021273,0.30561155117500277,0.00046130357619239765,0.0016672854682456596,0.00016873361535199366,0.0030435513027331504,0.27667941991828643
ethanol,4,15.0,far,4,4,exact_dipole_base_com,0.00045765503997337656,0.000531871540502354,0.0017106355182021273,0.31092043561760563,0.0005232563039635649,0.0016672854682456596,0.000959555389490779,0.0030435513027331504,0.31383726058270167
ethanol,4,15.0,far,4,4,exact_dipole_solute_com,0.0004629935425420476,0.0005427080496262404,0.0017106355182021273,0.3172552211453115,0.0005334907564740499,0.0016672854682456596,0.0009757442329071238,0.0030435513027331504,0.3199756530208328
ethanol,4,15.0,far,4,4,exact_dipole_nuclear_center,0.00045955140198611897,0.0005356058472104223,0.0017106355182021273,0.3131034294046124,0.0005267647953342737,0.0016672854682456596,0.0009648235288313163,0.0030435513027331504,0.3159415741136056
ethanol,4,15.0,far,4,4,zero,0.0015477328040870149,0.0017106355182021273,0.0017106355182021273,1.0,0.0016672854682456596,0.0016672854682456596,0.0030435513027331504,0.0030435513027331504,1.0
ethanol,4,0.8,near,8,4,glider,0.22422620942516544,0.2293137467178758,0.23146043795438195,0.9907254507272243,0.2292975532079494,0.2304908920443899,0.10279604152904244,0.19849904202606974,0.9948226204261005
ethanol,4,0.8,near,8,4,mace_polar_l,0.25942805311146777,0.29554638955819973,0.23146043795438195,1.276876481225912,0.23909012918470632,0.2304908920443899,0.14443929513505574,0.19849904202606974,1.0373083598403545
ethanol,4,0.8,near,8,4,exact_dipole_base_com,0.4035788096679585,0.42526836006165136,0.23146043795438195,1.837326343197651,0.42510475065641534,0.2304908920443899,0.4373599916997917,0.19849904202606974,1.844345114402807
ethanol,4,0.8,near,8,4,exact_dipole_solute_com,0.4066277065935263,0.4297967646290265,0.23146043795438195,1.8568908294977573,0.42960091204101525,0.2304908920443899,0.4575638686743189,0.19849904202606974,1.8638520083400043
ethanol,4,0.8,near,8,4,exact_dipole_nuclear_center,0.40574281292160463,0.4278760935093073,0.23146043795438195,1.8485927759008063,0.4276950185198474,0.2304908920443899,0.4442201490542814,0.19849904202606974,1.8555831630756077
ethanol,4,0.8,near,8,4,zero,0.22067416559324043,0.23146043795438195,0.23146043795438195,1.0,0.2304908920443899,0.2304908920443899,0.19849904202606974,0.19849904202606974,1.0
ethanol,4,1.8,near,8,4,glider,0.056574468028049024,0.05729882933388447,0.06669343354880146,0.8591374935278645,0.05698271751193936,0.0666932333159204,0.0614940732586659,0.041473063190633194,0.8544002843889256
ethanol,4,1.8,near,8,4,mace_polar_l,0.10179134391944039,0.1311982806463204,0.06669343354880146,1.967184378808731,0.08399246483934066,0.0666932333159204,0.09258694343512248,0.041473063190633194,1.259385107953534
ethanol,4,1.8,near,8,4,exact_dipole_base_com,0.14807661508716755,0.15477834912449287,0.06669343354880146,2.320743450871175,0.15428843205658244,0.0666932333159204,0.16053186917609363,0.041473063190633194,2.3134045897239788
ethanol,4,1.8,near,8,4,exact_dipole_solute_com,0.14921903843649933,0.15648537490914122,0.06669343354880146,2.3463385611214105,0.1559756277804311,0.0666932333159204,0.16815316743197778,0.041473063190633194,2.3387024443932303
ethanol,4,1.8,near,8,4,exact_dipole_nuclear_center,0.14883096604731044,0.15571131912146713,0.06669343354880146,2.334732384223835,0.1552103473755298,0.0666932333159204,0.16314484584539463,0.041473063190633194,2.327227810958138
ethanol,4,1.8,near,8,4,zero,0.06604169936145285,0.06669343354880146,0.06669343354880146,1.0,0.0666932333159204,0.0666932333159204,0.041473063190633194,0.041473063190633194,1.0
ethanol,4,3.5,intermediate,8,4,glider,0.00862197179656626,0.009022475722259723,0.011208377649938428,0.8049760638025332,0.009011587977636668,0.011058103119852886,0.0033889878527943395,0.0030761064461609514,0.8149307236480677
ethanol,4,3.5,intermediate,8,4,mace_polar_l,0.02027364134383646,0.02054153555911632,0.011208377649938428,1.8326948110308507,0.020456490204670826,0.011058103119852886,0.01131944735531887,0.0030761064461609514,1.8499095172973006
ethanol,4,3.5,intermediate,8,4,exact_dipole_base_com,0.030038095860130266,0.030989847444779745,0.011208377649938428,2.7648825202592975,0.030979380675769642,0.011058103119852886,0.03404598194395629,0.0030761064461609514,2.8015094759020283
ethanol,4,3.5,intermediate,8,4,exact_dipole_solute_com,0.030243716168672517,0.03126868388804035,0.011208377649938428,2.7897600227818984,0.03125691238228795,0.011058103119852886,0.03545027621177233,0.0030761064461609514,2.826607063029792
ethanol,4,3.5,intermediate,8,4,exact_dipole_nuclear_center,0.030160802533077603,0.03113623994866298,0.011208377649938428,2.777943509856132,0.031125129654516033,0.011058103119852886,0.0345328949098237,0.0030761064461609514,2.8146897634401977
ethanol,4,3.5,intermediate,8,4,zero,0.009616594553626177,0.011208377649938428,0.011208377649938428,1.0,0.011058103119852886,0.011058103119852886,0.0030761064461609514,0.0030761064461609514,1.0
ethanol,4,7.5,far,8,4,glider,0.0006464245428252605,0.0007403407748226438,0.001924160769654091,0.384760351888754,0.0007218898188610885,0.0018142332357912413,0.00044136968556776233,0.0031519092875628824,0.3979035355651231
ethanol,4,7.5,far,8,4,mace_polar_l,0.0016447005017148303,0.0017123468930223581,0.001924160769654091,0.8899188259254392,0.0017050895626673354,0.0018142332357912413,0.00226885567475297,0.0031519092875628824,0.9398403298039543
ethanol,4,7.5,far,8,4,exact_dipole_base_com,0.0042802722487535125,0.004463956164079613,0.001924160769654091,2.3199496811704066,0.004463678626068767,0.0018142332357912413,0.005634340849090236,0.0031519092875628824,2.460366472187366
ethanol,4,7.5,far,8,4,exact_dipole_solute_com,0.004309196809779704,0.004503185388537013,0.001924160769654091,2.3403373873725517,0.004503007386876635,0.0018142332357912413,0.00582245749406894,0.0031519092875628824,2.4820443689604983
ethanol,4,7.5,far,8,4,exact_dipole_nuclear_center,0.0042963844929027216,0.004483459902104221,0.001924160769654091,2.330085912161185,0.0044832296985749176,0.0018142332357912413,0.005700837534061009,0.0031519092875628824,2.4711429655954062
ethanol,4,7.5,far,8,4,zero,0.001592127084227556,0.001924160769654091,0.001924160769654091,1.0,0.0018142332357912413,0.0018142332357912413,0.0031519092875628824,0.0031519092875628824,1.0
ethanol,4,15.0,far,8,4,glider,4.597392185877725e-05,4.934621592963002e-05,0.0006012156296102162,0.08207740035238682,4.887234273133721e-05,0.0005840275005096044,4.788357251388574e-05,0.0011462871170595,0.0836815778172992
ethanol,4,15.0,far,8,4,mace_polar_l,0.00016752056049976373,0.00019241602775220483,0.0006012156296102162,0.3200449527184667,0.00019215528058431455,0.0005840275005096044,0.0003484443820322345,0.0011462871170595,0.32901752129248324
ethanol,4,15.0,far,8,4,exact_dipole_base_com,0.0005366437390430858,0.0005659145105344523,0.0006012156296102162,0.9412837635331429,0.0005658580971156256,0.0005840275005096044,0.000797436539153019,0.0011462871170595,0.9688894728790599
ethanol,4,15.0,far,8,4,exact_dipole_solute_com,0.0005402950120615418,0.0005710384780686648,0.0006012156296102162,0.949806442056212,0.0005710028554855347,0.0005840275005096044,0.0008196499246484152,0.0011462871170595,0.9776985758158565
ethanol,4,15.0,far,8,4,exact_dipole_nuclear_center,0.000538597712445309,0.00056836461090958,0.0006012156296102162,0.9453590075129378,0.0005683175772118696,0.0005840275005096044,0.0008054560828314143,0.0011462871170595,0.9731007130930874
ethanol,4,15.0,far,8,4,zero,0.0005764897670304725,0.0006012156296102162,0.0006012156296102162,1.0,0.0005840275005096044,0.0005840275005096044,0.0011462871170595,0.0011462871170595,1.0
jnk1-17124,5,0.8,near,0,4,glider,0.167689502920834,0.20587956491190576,0.16367937397301446,1.25782228948315,0.16815666004312235,0.05772775963049694,0.09737618645056126,0.16054509699915367,2.912925447297058
jnk1-17124,5,0.8,near,0,4,mace_polar_l,0.039617779773963704,0.04219612916420436,0.16367937397301446,0.2577974740492419,0.039976230286522085,0.05772775963049694,0.08588794026496822,0.16054509699915367,0.6924957861244122
jnk1-17124,5,0.8,near,0,4,exact_dipole_base_com,21.14346563249427,21.296500180019475,0.16367937397301446,130.11108035842435,2.5484860143040184,0.05772775963049694,13.370057495345877,0.16054509699915367,44.14662946589878
jnk1-17124,5,0.8,near,0,4,exact_dipole_solute_com,6.60969701325978,7.4546528221616715,0.16367937397301446,45.544240799642274,3.4472821311676425,0.05772775963049694,4.066426902357081,0.16054509699915367,59.71619465631369
jnk1-17124,5,0.8,near,0,4,exact_dipole_nuclear_center,13.516037148491128,14.025982579063417,0.16367937397301446,85.69181466551709,3.747656215396262,0.05772775963049694,9.549524767054796,0.16054509699915367,64.91948136189951
jnk1-17124,5,0.8,near,0,4,zero,0.15316149396059536,0.16367937397301446,0.16367937397301446,1.0,0.05772775963049694,0.05772775963049694,0.16054509699915367,0.16054509699915367,1.0
jnk1-17124,5,1.8,near,0,4,glider,0.035877770261189185,0.045862504657974555,0.03773905575716579,1.2152531041868027,0.03743374652663083,0.012331403022350328,0.0833891392063387,0.16080357565924336,3.0356437510624867
jnk1-17124,5,1.8,near,0,4,mace_polar_l,0.022140620644311673,0.026069834974008325,0.03773905575716579,0.6907919249955865,0.013763328560225076,0.012331403022350328,0.10076872954614421,0.16080357565924336,1.1161202448155674
jnk1-17124,5,1.8,near,0,4,exact_dipole_base_com,0.03307586648543974,0.03389934406160986,0.03773905575716579,0.8982562860008267,0.007426478576335343,0.012331403022350328,0.12851813187842856,0.16080357565924336,0.6022411693847858
jnk1-17124,5,1.8,near,0,4,exact_dipole_solute_com,0.03343185206387518,0.034925200928704,0.03773905575716579,0.9254391830424241,0.010103510651724566,0.012331403022350328,0.12974513190070833,0.16080357565924336,0.8193318013702279
jnk1-17124,5,1.8,near,0,4,exact_dipole_nuclear_center,0.033080318705743954,0.033888966853666824,0.03773905575716579,0.897981313356842,0.0073589801423386905,0.012331403022350328,0.1302095679624999,0.16080357565924336,0.5967674666865354
jnk1-17124,5,1.8,near,0,4,zero,0.035667531859421356,0.03773905575716579,0.03773905575716579,1.0,0.012331403022350328,0.012331403022350328,0.16080357565924336,0.16080357565924336,1.0
jnk1-17124,5,3.5,intermediate,0,4,glider,0.006272181210362284,0.007916230834997514,0.01474507428007913,0.536872903088219,0.007460961692308252,0.01470822082499745,0.012643456618738913,0.028757710468553816,0.5072647318177279
jnk1-17124,5,3.5,intermediate,0,4,mace_polar_l,0.012620876856284002,0.014529717082916997,0.01474507428007913,0.9853946346372032,0.01413609179839348,0.01470822082499745,0.021919491550011813,0.028757710468553816,0.9611014116927314
jnk1-17124,5,3.5,intermediate,0,4,exact_dipole_base_com,0.011125617152850811,0.012259546579202219,0.01474507428007913,0.8314333550537005,0.012154358488578054,0.01470822082499745,0.02123593698025816,0.028757710468553816,0.8263649718884446
jnk1-17124,5,3.5,intermediate,0,4,exact_dipole_solute_com,0.012306822754260267,0.013336726834611902,0.01474507428007913,0.9044869209394264,0.01323659497995577,0.01470822082499745,0.022018051686371363,0.028757710468553816,0.8999453528369272
jnk1-17124,5,3.5,intermediate,0,4,exact_dipole_nuclear_center,0.011089056555996962,0.012236083517957885,0.01474507428007913,0.8298421076446567,0.012131362467583876,0.01470822082499745,0.021401388642890547,0.028757710468553816,0.824801491079461
jnk1-17124,5,3.5,intermediate,0,4,zero,0.013860001403168589,0.01474507428007913,0.01474507428007913,1.0,0.01470822082499745,0.01470822082499745,0.028757710468553816,0.028757710468553816,1.0
jnk1-17124,5,7.5,far,0,4,glider,0.002112207743159285,0.002204201802897154,0.004786291267173062,0.4605239589188283,0.002047467216301284,0.004765958337113093,0.0027601701336202236,0.004994154892741926,0.4296024160256311
jnk1-17124,5,7.5,far,0,4,mace_polar_l,0.003096183288032696,0.003338956603890503,0.004786291267173062,0.6976083187395735,0.003279342323589119,0.004765958337113093,0.00392433449698986,0.004994154892741926,0.6880761625741635
jnk1-17124,5,7.5,far,0,4,exact_dipole_base_com,0.003922675391050359,0.004007238119629408,0.004786291267173062,0.837232398937604,0.003969868935612136,0.004765958337113093,0.0036804991902115213,0.004994154892741926,0.8329634157097613
jnk1-17124,5,7.5,far,0,4,exact_dipole_solute_com,0.00414867294237838,0.0042331425590008956,0.004786291267173062,0.8844306212691326,0.004195426612547741,0.004765958337113093,0.003883862340711824,0.004994154892741926,0.8802902408687561
jnk1-17124,5,7.5,far,0,4,exact_dipole_nuclear_center,0.003914553486047923,0.003999625331926137,0.004786291267173062,0.8356418589394466,0.003962374349708546,0.004765958337113093,0.003670649326523489,0.004994154892741926,0.8313908912826742
jnk1-17124,5,7.5,far,0,4,zero,0.004721723427107899,0.004786291267173062,0.004786291267173062,1.0,0.004765958337113093,0.004765958337113093,0.004994154892741926,0.004994154892741926,1.0
jnk1-17124,5,15.0,far,0,4,glider,0.0004276347830077403,0.0004600177187263338,0.0008823320995101267,0.5213657295044994,0.00044810050116561817,0.000881951218393614,0.0005026290126124459,0.0009065147114019932,0.5080785556164755
jnk1-17124,5,15.0,far,0,4,mace_polar_l,0.0005274262059411657,0.0005411345460342455,0.0008823320995101267,0.6133003053325216,0.0005369303266580151,0.000881951218393614,0.000594607820352085,0.0009065147114019932,0.6087982140735403
jnk1-17124,5,15.0,far,0,4,exact_dipole_base_com,0.0006806800558198237,0.0006843974258006457,0.0008823320995101267,0.7756687376336248,0.0006830256976514147,0.000881951218393614,0.0005555074509901236,0.0009065147114019932,0.7744483860405315
jnk1-17124,5,15.0,far,0,4,exact_dipole_solute_com,0.0007159837503070212,0.0007199390362874754,0.0008823320995101267,0.8159501809887542,0.000718387898947645,0.000881951218393614,0.0005900781468320424,0.0009065147114019932,0.8145438023841236
jnk1-17124,5,15.0,far,0,4,exact_dipole_nuclear_center,0.000679285429583288,0.0006829467608846574,0.0008823320995101267,0.7740246118936752,0.0006815879788200386,0.000881951218393614,0.0005527267366155999,0.0009065147114019932,0.772818229177667
jnk1-17124,5,15.0,far,0,4,zero,0.0008807988922009081,0.0008823320995101267,0.0008823320995101267,1.0,0.000881951218393614,0.000881951218393614,0.0009065147114019932,0.0009065147114019932,1.0
jnk1-17124,5,0.8,near,4,4,glider,0.05012963445283887,0.05836764180809967,0.05503185032364092,1.0606156519332177,0.029896510830920958,0.028095246782044465,0.03712262941053881,0.08656117312601473,1.0641127683572322
jnk1-17124,5,0.8,near,4,4,mace_polar_l,0.015942881667123453,0.017326384249156317,0.05503185032364092,0.314842843685253,0.016721047219860417,0.028095246782044465,0.06777269550411384,0.08656117312601473,0.5951557339779894
jnk1-17124,5,0.8,near,4,4,exact_dipole_base_com,0.047227524906020626,0.054858373629102994,0.05503185032364092,0.9968477037657699,0.027910608171114144,0.028095246782044465,0.08483466213930282,0.08656117312601473,0.9934281192700424
jnk1-17124,5,0.8,near,4,4,exact_dipole_solute_com,0.04709151885539726,0.054588259307938286,0.05503185032364092,0.9919393766865209,0.027609181555462214,0.028095246782044465,0.08431819247814819,0.08656117312601473,0.9826993786403438
jnk1-17124,5,0.8,near,4,4,exact_dipole_nuclear_center,0.04725474176779475,0.05490657016508787,0.05503185032364092,0.9977234972508414,0.027959270873053037,0.028095246782044465,0.08485241209325307,0.08656117312601473,0.9951601810069051
jnk1-17124,5,0.8,near,4,4,zero,0.047319780835287456,0.05503185032364092,0.05503185032364092,1.0,0.028095246782044465,0.028095246782044465,0.08656117312601473,0.08656117312601473,1.0
jnk1-17124,5,1.8,near,4,4,glider,0.008396124333365083,0.009141354284452915,0.014114988667621507,0.6476345464890344,0.009003537975991262,0.01297377946802187,0.011376719321308031,0.0346238766027561,0.6939795761276374
jnk1-17124,5,1.8,near,4,4,mace_polar_l,0.014999981392440864,0.015792476793494586,0.014114988667621507,1.1188444543155096,0.004939927276741316,0.01297377946802187,0.016160494795653634,0.0346238766027561,0.3807623899355916
jnk1-17124,5,1.8,near,4,4,exact_dipole_base_com,0.010677911093997957,0.014003274873483873,0.014114988667621507,0.992085449250562,0.0128971538346831,0.01297377946802187,0.033117593094287724,0.0346238766027561,0.9940938079356413
jnk1-17124,5,1.8,near,4,4,exact_dipole_solute_com,0.010502642556954015,0.013768506983057946,0.014114988667621507,0.9754529250626777,0.012684043794702716,0.01297377946802187,0.03277692958323351,0.0346238766027561,0.9776675968607834
jnk1-17124,5,1.8,near,4,4,exact_dipole_nuclear_center,0.010707718770671254,0.014043755526854015,0.014114988667621507,0.994953368901323,0.012933514798671813,0.01297377946802187,0.033126394909028634,0.0346238766027561,0.9968964580098418
jnk1-17124,5,1.8,near,4,4,zero,0.010708752207147646,0.014114988667621507,0.014114988667621507,1.0,0.01297377946802187,0.01297377946802187,0.0346238766027561,0.0346238766027561,1.0
jnk1-17124,5,3.5,intermediate,4,4,glider,0.0019495956892464942,0.0028318551134033213,0.005770736062295609,0.4907268471184947,0.002705362873199379,0.0052978808312925596,0.004766644425914338,0.01178493381985099,0.5106500050397195
jnk1-17124,5,3.5,intermediate,4,4,mace_polar_l,0.0018444761539663853,0.0020627114995767767,0.005770736062295609,0.3574433967018458,0.0014350538233168285,0.0052978808312925596,0.0027244883864079275,0.01178493381985099,0.27087317910975145
jnk1-17124,5,3.5,intermediate,4,4,exact_dipole_base_com,0.0043241773769049936,0.00563617379395158,0.005770736062295609,0.9766819575715442,0.0051934464990030845,0.0052978808312925596,0.010512496681193473,0.01178493381985099,0.9802875271046828
jnk1-17124,5,3.5,intermediate,4,4,exact_dipole_solute_com,0.0042229478161382285,0.005501780996833371,0.005770736062295609,0.9533932824931093,0.0050728615482399245,0.0052978808312925596,0.010332274031082757,0.01178493381985099,0.9575265487808763
jnk1-17124,5,3.5,intermediate,4,4,exact_dipole_nuclear_center,0.004341339560261496,0.005657636062104042,0.005770736062295609,0.9804011136585278,0.005212661410177443,0.0052978808312925596,0.01051087308638909,0.01178493381985099,0.9839144322364222
jnk1-17124,5,3.5,intermediate,4,4,zero,0.004670108035010278,0.005770736062295609,0.005770736062295609,1.0,0.0052978808312925596,0.0052978808312925596,0.01178493381985099,0.01178493381985099,1.0
jnk1-17124,5,7.5,far,4,4,glider,0.00050798767854083,0.0008037334727002039,0.00173174141758882,0.464118640656685,0.0007334738047914865,0.001527635041268773,0.0013548517240138237,0.0031256425148891527,0.48013680295150984
jnk1-17124,5,7.5,far,4,4,mace_polar_l,0.0004049018697332258,0.00042325819592305933,0.00173174141758882,0.2444118917663703,0.0003832962493587222,0.001527635041268773,0.0006480391614245533,0.0031256425148891527,0.2509082595018091
jnk1-17124,5,7.5,far,4,4,exact_dipole_base_com,0.0014515983666630106,0.0016193672745417496,0.00173174141758882,0.935109167046698,0.0014334900632053688,0.001527635041268773,0.0024439885041874034,0.0031256425148891527,0.9383720747952913
jnk1-17124,5,7.5,far,4,4,exact_dipole_solute_com,0.0014162030422747577,0.0015738136408721612,0.00173174141758882,0.908804065599731,0.0013936570627690536,0.001527635041268773,0.0023886120561146455,0.0031256425148891527,0.912297129300959
jnk1-17124,5,7.5,far,4,4,exact_dipole_nuclear_center,0.001454511402660507,0.0016255185089892777,0.00173174141758882,0.9386612184009312,0.0014388516094857968,0.001527635041268773,0.002441681318828973,0.0031256425148891527,0.9418817784454346
jnk1-17124,5,7.5,far,4,4,zero,0.001624410265439675,0.00173174141758882,0.00173174141758882,1.0,0.001527635041268773,0.001527635041268773,0.0031256425148891527,0.0031256425148891527,1.0
jnk1-17124,5,15.0,far,4,4,glider,0.0001337193248963496,0.000211238779942916,0.00042427693535840224,0.4978794799780358,0.0001892227825785419,0.0003697434207985757,0.00029118751601845766,0.0007342714851210731,0.5117678150157657
jnk1-17124,5,15.0,far,4,4,mace_polar_l,8.540528398745397e-05,0.00011363735154293507,0.00042427693535840224,0.26783768353314197,0.0001020608041685099,0.0003697434207985757,0.00010099258624296589,0.0007342714851210731,0.27603142727483265
jnk1-17124,5,15.0,far,4,4,exact_dipole_base_com,0.0003531295819939901,0.00037660790238237623,0.00042427693535840224,0.8876464191112386,0.0003298376693728213,0.0003697434207985757,0.0004927749553482374,0.0007342714851210731,0.8920717741520173
jnk1-17124,5,15.0,far,4,4,exact_dipole_solute_com,0.00034421249763326683,0.0003659347464716861,0.00042427693535840224,0.862490312282867,0.0003206453480602092,0.0003697434207985757,0.0004810274329328991,0.0007342714851210731,0.8672104222102887
jnk1-17124,5,15.0,far,4,4,exact_dipole_nuclear_center,0.0003538344307824439,0.00037789281418348697,0.00042427693535840224,0.8906748934260758,0.0003309533544003139,0.0003697434207985757,0.0004923298660228121,0.0007342714851210731,0.8950892315690632
jnk1-17124,5,15.0,far,4,4,zero,0.00041490998500346907,0.00042427693535840224,0.00042427693535840224,1.0,0.0003697434207985757,0.0003697434207985757,0.0007342714851210731,0.0007342714851210731,1.0
jnk1-17124,5,0.8,near,8,4,glider,0.09385118839702512,0.09651971060004286,0.10609076681874835,0.9097842677010974,0.022539054345338504,0.05496431362436714,0.12401252019451836,0.10567857613388554,0.4100670573160099
jnk1-17124,5,0.8,near,8,4,mace_polar_l,0.05562621103772325,0.08060041091881669,0.10609076681874835,0.7597306847307375,0.07749047915731605,0.05496431362436714,0.10395118475449674,0.10567857613388554,1.4098325631226014
jnk1-17124,5,0.8,near,8,4,exact_dipole_base_com,0.08270329252343217,0.10756786317020439,0.10609076681874835,1.0139229491476822,0.0763590795414949,0.05496431362436714,0.14371203136161348,0.10567857613388554,1.3892483050610294
jnk1-17124,5,0.8,near,8,4,exact_dipole_solute_com,0.08213464526526051,0.10609931493096443,0.10609076681874835,1.000080573573671,0.06948532031490785,0.05496431362436714,0.14335052203263587,0.10567857613388554,1.264189721166702
jnk1-17124,5,0.8,near,8,4,exact_dipole_nuclear_center,0.08222302092949177,0.10732085210907928,0.10609076681874835,1.0115946498193615,0.07575441580525302,0.05496431362436714,0.14116932359796389,0.10567857613388554,1.3782472810079642
jnk1-17124,5,0.8,near,8,4,zero,0.090742355226169,0.10609076681874835,0.10609076681874835,1.0,0.05496431362436714,0.05496431362436714,0.10567857613388554,0.10567857613388554,1.0
jnk1-17124,5,1.8,near,8,4,glider,0.01698243742888889,0.018323073035156085,0.03440260471415521,0.5326071437729516,0.018064955741358822,0.03440228845218166,0.045216307394638514,0.03807437437731402,0.5251091294833095
jnk1-17124,5,1.8,near,8,4,mace_polar_l,0.05595942864382249,0.059325081752899536,0.03440260471415521,1.724435758449702,0.03894808755467979,0.03440228845218166,0.06355427270312217,0.03807437437731402,1.1321365323942525
jnk1-17124,5,1.8,near,8,4,exact_dipole_base_com,0.043558908383992345,0.04559196993888109,0.03440260471415521,1.325247617664308,0.04506596648962858,0.03440228845218166,0.06056880544695068,0.03807437437731402,1.3099700199383295
jnk1-17124,5,1.8,near,8,4,exact_dipole_solute_com,0.041415405899989315,0.042587575892924216,0.03440260471415521,1.2379171939676195,0.0422762043692698,0.03440228845218166,0.06051368836787217,0.03807437437731402,1.22887767853097
jnk1-17124,5,1.8,near,8,4,exact_dipole_nuclear_center,0.04331683821415199,0.04536844570726022,0.03440260471415521,1.318750312199269,0.04485312238254095,0.03440228845218166,0.05938790743632357,0.03807437437731402,1.3037831028271765
jnk1-17124,5,1.8,near,8,4,zero,0.03405945467988599,0.03440260471415521,0.03440260471415521,1.0,0.03440228845218166,0.03440228845218166,0.03807437437731402,0.03807437437731402,1.0
jnk1-17124,5,3.5,intermediate,8,4,glider,0.004870217023920861,0.004920580727341807,0.013410872529599278,0.36690981265249833,0.004429701047448557,0.01338004364404109,0.010157274772136524,0.015726376430552174,0.3310677577215049
jnk1-17124,5,3.5,intermediate,8,4,mace_polar_l,0.005128886274059568,0.006891472273764453,0.013410872529599278,0.5138720287255144,0.004602924688480962,0.01338004364404109,0.022153205598331283,0.015726376430552174,0.34401417595755834
jnk1-17124,5,3.5,intermediate,8,4,exact_dipole_base_com,0.017073728755379054,0.01763193032144898,0.013410872529599278,1.314748930953848,0.01720390540350951,0.01338004364404109,0.017912471789246206,0.015726376430552174,1.2857884369586048
jnk1-17124,5,3.5,intermediate,8,4,exact_dipole_solute_com,0.016476993860653343,0.01687916896921225,0.013410872529599278,1.2586182541037547,0.016560477490739505,0.01338004364404109,0.017508295449491347,0.015726376430552174,1.2376998111000068
jnk1-17124,5,3.5,intermediate,8,4,exact_dipole_nuclear_center,0.016989477611016074,0.01754618919009455,0.013410872529599278,1.308355526560123,0.017121326169202346,0.01338004364404109,0.017757058189812287,0.015726376430552174,1.279616615961299
jnk1-17124,5,3.5,intermediate,8,4,zero,0.013256534664046419,0.013410872529599278,0.013410872529599278,1.0,0.01338004364404109,0.01338004364404109,0.015726376430552174,0.015726376430552174,1.0
jnk1-17124,5,7.5,far,8,4,glider,0.0008217905378450072,0.0010586568539416,0.002530917303499461,0.4182897846870821,0.0010581233346487172,0.002523123807648424,0.0031662126498349856,0.007672986615295081,0.41937035806217465
jnk1-17124,5,7.5,far,8,4,mace_polar_l,0.00036164916558246627,0.0004145316370218793,0.002530917303499461,0.16378711246262875,0.0003467173292138845,0.002523123807648424,0.0027459801430541712,0.007672986615295081,0.13741590014840704
jnk1-17124,5,7.5,far,8,4,exact_dipole_base_com,0.0032167542711254143,0.0036775251573904913,0.002530917303499461,1.4530404262144927,0.0035696579117918976,0.002523123807648424,0.005921749001776088,0.007672986615295081,1.41477715083623
jnk1-17124,5,7.5,far,8,4,exact_dipole_solute_com,0.003140465465823087,0.003512334562952571,0.002530917303499461,1.3877713657795612,0.0034224213983796202,0.002523123807648424,0.005784496483425178,0.007672986615295081,1.3564223000096653
jnk1-17124,5,7.5,far,8,4,exact_dipole_nuclear_center,0.0032027387913168112,0.0036695498533011153,0.002530917303499461,1.4498892746227956,0.0035620161719474145,0.002523123807648424,0.005969690217814045,0.007672986615295081,1.4117484687631117
jnk1-17124,5,7.5,far,8,4,zero,0.0023525960749515595,0.002530917303499461,0.002530917303499461,1.0,0.002523123807648424,0.002523123807648424,0.007672986615295081,0.007672986615295081,1.0
jnk1-17124,5,15.0,far,8,4,glider,0.00025049618430076465,0.0003264102156265922,0.000462135547952189,0.7063083917109998,0.0003137638365888812,0.00045296060642468366,0.0005827115176463476,0.0013200376651472771,0.6926956387344304
jnk1-17124,5,15.0,far,8,4,mace_polar_l,0.00018785013260826035,0.00021012297988320334,0.000462135547952189,0.4546782449744419,0.00020232438637101353,0.00045296060642468366,0.0006755010153713307,0.0013200376651472771,0.4466710426939857
jnk1-17124,5,15.0,far,8,4,exact_dipole_base_com,0.0006688504492399097,0.0007039765733677539,0.000462135547952189,1.5233118864956585,0.0006668311416848921,0.00045296060642468366,0.000966311229112054,0.0013200376651472771,1.472161446772016
jnk1-17124,5,15.0,far,8,4,exact_dipole_solute_com,0.0006433230228296283,0.0006805079880133679,0.000462135547952189,1.4725289820894083,0.0006460118638743599,0.00045296060642468366,0.0009456979571233486,0.0013200376651472771,1.4261987791244624
jnk1-17124,5,15.0,far,8,4,exact_dipole_nuclear_center,0.0006687877302218026,0.0007035530196845283,0.000462135547952189,1.5223953725310815,0.0006664266575251548,0.00045296060642468366,0.000971788424576249,0.0013200376651472771,1.4712684681023478
jnk1-17124,5,15.0,far,8,4,zero,0.0004166424200493358,0.000462135547952189,0.000462135547952189,1.0,0.00045296060642468366,0.00045296060642468366,0.0013200376651472771,0.0013200376651472771,1.0
jnk1-18631,6,0.8,near,0,4,glider,0.11224168177456194,0.12757772594310038,0.09363876950131411,1.3624455620522649,0.11357707817035716,0.09161799106300145,0.2743678071491504,0.04519134134597365,1.2396809496974832
jnk1-18631,6,0.8,near,0,4,mace_polar_l,0.04368296631319672,0.05588593105319413,0.09363876950131411,0.596824705736974,0.03485736283430646,0.09161799106300145,0.10440979208649966,0.04519134134597365,0.380464168989873
jnk1-18631,6,0.8,near,0,4,exact_dipole_base_com,1.8294433437404156,1.9192584960847452,0.09363876950131411,20.496408766433124,1.3087123529564197,0.09161799106300145,1.4473527999102351,0.04519134134597365,14.284447167767288
jnk1-18631,6,0.8,near,0,4,exact_dipole_solute_com,1.3262121743383344,1.4231603442994234,0.09363876950131411,15.198409290069227,0.5162815454993918,0.09161799106300145,1.5905115868729938,0.04519134134597365,5.635154618751342
jnk1-18631,6,0.8,near,0,4,exact_dipole_nuclear_center,1.7707415929966497,1.8772318514494104,0.09363876950131411,20.047592054518248,1.2417096069119433,0.09161799106300145,1.452947492098251,0.04519134134597365,13.553119780350533
jnk1-18631,6,0.8,near,0,4,zero,0.07058643449568942,0.09363876950131411,0.09363876950131411,1.0,0.09161799106300145,0.09161799106300145,0.04519134134597365,0.04519134134597365,1.0
jnk1-18631,6,1.8,near,0,4,glider,0.06438111083496108,0.0754806724256926,0.053056588947254124,1.4226446502380927,0.07380967400325221,0.049037728105982475,0.13943524527233028,0.09896402127187584,1.5051609618563797
jnk1-18631,6,1.8,near,0,4,mace_polar_l,0.03518702123041495,0.04431065727215985,0.053056588947254124,0.8351584252091858,0.028640650754038297,0.049037728105982475,0.019348846179264533,0.09896402127187584,0.584053378087559
jnk1-18631,6,1.8,near,0,4,exact_dipole_base_com,0.5826037795135499,0.6012083946635667,0.053056588947254124,11.331455839749786,0.5163630287749282,0.049037728105982475,0.416062215913829,0.09896402127187584,10.529913369129622
jnk1-18631,6,1.8,near,0,4,exact_dipole_solute_com,0.4687019827310384,0.48161584340669683,0.053056588947254124,9.077399300688029,0.3640304801040401,0.049037728105982475,0.3324246433298294,0.09896402127187584,7.4234776806397225
jnk1-18631,6,1.8,near,0,4,exact_dipole_nuclear_center,0.5739208980060346,0.592380273660765,0.053056588947254124,11.165065176912826,0.5061845113843632,0.049037728105982475,0.41023263443899755,0.09896402127187584,10.32234834147241
jnk1-18631,6,1.8,near,0,4,zero,0.03958556536658577,0.053056588947254124,0.053056588947254124,1.0,0.049037728105982475,0.049037728105982475,0.09896402127187584,0.09896402127187584,1.0
jnk1-18631,6,3.5,intermediate,0,4,glider,0.0031651820972041144,0.004051904125736168,0.011280497928814992,0.35919550283201174,0.003925065875357824,0.010328320968166665,0.012566121556314454,0.05857597593168222,0.38002942467177653
jnk1-18631,6,3.5,intermediate,0,4,mace_polar_l,0.004237138528075634,0.004637764172079826,0.011280497928814992,0.4111311576267467,0.004331857857294365,0.010328320968166665,0.007404285151122968,0.05857597593168222,0.41941549557239355
jnk1-18631,6,3.5,intermediate,0,4,exact_dipole_base_com,0.05407199443447984,0.05654040212180024,0.011280497928814992,5.012225743809854,0.05235903712048453,0.010328320968166665,0.026400446261225435,0.05857597593168222,5.069462624357088
jnk1-18631,6,3.5,intermediate,0,4,exact_dipole_solute_com,0.05219827546152365,0.053218253398693065,0.011280497928814992,4.717722013205813,0.04789825224905044,0.010328320968166665,0.018466020107447873,0.05857597593168222,4.637564265932437
jnk1-18631,6,3.5,intermediate,0,4,exact_dipole_nuclear_center,0.05379383092311009,0.056200628713184625,0.011280497928814992,4.982105317321614,0.052007715014352245,0.010328320968166665,0.02561042292181331,0.05857597593168222,5.035447211085647
jnk1-18631,6,3.5,intermediate,0,4,zero,0.009484601585961247,0.011280497928814992,0.011280497928814992,1.0,0.010328320968166665,0.010328320968166665,0.05857597593168222,0.05857597593168222,1.0
jnk1-18631,6,7.5,far,0,4,glider,0.0018262559771736783,0.0018773480088982019,0.007209756325574867,0.2603899388719649,0.0018757804346910577,0.007171381631069575,0.0023390819454612993,0.014214713304881839,0.26156472088507365
jnk1-18631,6,7.5,far,0,4,mace_polar_l,0.0014556388713362859,0.0015577865387447784,0.007209756325574867,0.21606646166652088,0.001547617406423392,0.007171381631069575,0.002335557730870978,0.014214713304881839,0.21580463654568788
jnk1-18631,6,7.5,far,0,4,exact_dipole_base_com,0.00599278657383537,0.006154332195879613,0.007209756325574867,0.853611678115751,0.005293021089921733,0.007171381631069575,0.004977825156389204,0.014214713304881839,0.7380755009592629
jnk1-18631,6,7.5,far,0,4,exact_dipole_solute_com,0.005862261014061622,0.006136003546280631,0.007209756325574867,0.8510694771353982,0.00513240560254011,0.007171381631069575,0.005734176291383873,0.014214713304881839,0.7156787724563807
jnk1-18631,6,7.5,far,0,4,exact_dipole_nuclear_center,0.005963833350704335,0.006127965462526348,0.007209756325574867,0.8499545873400565,0.005265558944346383,0.007171381631069575,0.004969708951939329,0.014214713304881839,0.7342460930448421
jnk1-18631,6,7.5,far,0,4,zero,0.0068126014406393095,0.007209756325574867,0.007209756325574867,1.0,0.007171381631069575,0.007171381631069575,0.014214713304881839,0.014214713304881839,1.0
jnk1-18631,6,15.0,far,0,4,glider,0.0006873172661942479,0.0007258916611822479,0.0021151208569876456,0.3431915763981745,0.0007211905433994061,0.002114933247975913,0.0006295456215830587,0.0029631707600569694,0.3409991989532616
jnk1-18631,6,15.0,far,0,4,mace_polar_l,0.0004232867896406479,0.00043891566017579094,0.0021151208569876456,0.207513276948578,0.00043877650619721396,0.002114933247975913,0.00047891716762722876,0.0029631707600569694,0.2074658888724469
jnk1-18631,6,15.0,far,0,4,exact_dipole_base_com,0.0006169189148307251,0.0007149367690573805,0.0021151208569876456,0.3380122543331132,0.0005509949298641643,0.002114933247975913,0.0009226503515944661,0.0029631707600569694,0.2605259198565682
jnk1-18631,6,15.0,far,0,4,exact_dipole_solute_com,0.000603810124635972,0.0007510472749715173,0.0021151208569876456,0.3550848040150096,0.0005742221472561245,0.002114933247975913,0.0010478030734376064,0.0029631707600569694,0.27150840236006557
jnk1-18631,6,15.0,far,0,4,exact_dipole_nuclear_center,0.0006132714373805358,0.0007133887904493194,0.0021151208569876456,0.33728039137457494,0.0005496285730735759,0.002114933247975913,0.0009244647486309517,0.0029631707600569694,0.2598798678868921
jnk1-18631,6,15.0,far,0,4,zero,0.002018439033186054,0.0021151208569876456,0.0021151208569876456,1.0,0.002114933247975913,0.002114933247975913,0.0029631707600569694,0.0029631707600569694,1.0
jnk1-18631,6,0.8,near,4,4,glider,0.2787170263290588,0.28961172673467944,0.47502724463999024,0.609673929237823,0.07868781034270424,0.3085631064372801,0.4087384911126054,0.6943100640463242,0.2550136704651652
jnk1-18631,6,0.8,near,4,4,mace_polar_l,0.5473578325576736,0.5932457915791318,0.47502724463999024,1.2488668771593008,0.22877930930072438,0.3085631064372801,0.6410007544349181,0.6943100640463242,0.7414344246862419
jnk1-18631,6,0.8,near,4,4,exact_dipole_base_com,0.3719910943591654,0.4876577338831125,0.47502724463999024,1.0265889786020475,0.3153294961361576,0.3085631064372801,0.7258659639238695,0.6943100640463242,1.0219287061794373
jnk1-18631,6,0.8,near,4,4,exact_dipole_solute_com,0.3740620473179144,0.48997041670487734,0.47502724463999024,1.0314575052978532,0.31646262654898366,0.3085631064372801,0.7323264642758106,0.6943100640463242,1.025600987113828
jnk1-18631,6,0.8,near,4,4,exact_dipole_nuclear_center,0.3719353628597326,0.4875794505378965,0.47502724463999024,1.0264241810118053,0.3152741766165382,0.3085631064372801,0.7256168825181198,0.6943100640463242,1.0217494251232602
jnk1-18631,6,0.8,near,4,4,zero,0.3627503528622261,0.47502724463999024,0.47502724463999024,1.0,0.3085631064372801,0.3085631064372801,0.6943100640463242,0.6943100640463242,1.0
jnk1-18631,6,1.8,near,4,4,glider,0.05039395154529522,0.06138588668430431,0.1448185398328488,0.42388140879722025,0.05316024691553244,0.13803821332061864,0.18575240288430195,0.2307606319145876,0.38511253975780013
jnk1-18631,6,1.8,near,4,4,mace_polar_l,0.16067709358298843,0.17627684665311388,0.1448185398328488,1.2172256871017662,0.0725010225009897,0.13803821332061864,0.24782329771085532,0.2307606319145876,0.5252242893972628
jnk1-18631,6,1.8,near,4,4,exact_dipole_base_com,0.1307070168723878,0.14756442086703528,0.1448185398328488,1.0189608391118692,0.1381554352093497,0.13803821332061864,0.25219103608432863,0.2307606319145876,1.000849198826261
jnk1-18631,6,1.8,near,4,4,exact_dipole_solute_com,0.1311860851903518,0.14852215734991714,0.1448185398328488,1.0255741945840848,0.13870199302650982,0.13803821332061864,0.25650184370751894,0.2307606319145876,1.004808666310027
jnk1-18631,6,1.8,near,4,4,exact_dipole_nuclear_center,0.13070654637080031,0.14756191357958973,0.1448185398328488,1.018943525807589,0.13816868752463685,0.13803821332061864,0.25206291226785776,0.2307606319145876,1.0009452035119808
jnk1-18631,6,1.8,near,4,4,zero,0.12884993545087572,0.1448185398328488,0.1448185398328488,1.0,0.13803821332061864,0.13803821332061864,0.2307606319145876,0.2307606319145876,1.0
jnk1-18631,6,3.5,intermediate,4,4,glider,0.017387272365486914,0.020816793581537277,0.040944185485277125,0.5084187982936591,0.02052323528658767,0.04094229348805163,0.032798389865925405,0.032684493938789215,0.5012722429088409
jnk1-18631,6,3.5,intermediate,4,4,mace_polar_l,0.022511699742700165,0.02605879056370075,0.040944185485277125,0.6364466713612138,0.013125697708591823,0.04094229348805163,0.06179835590120245,0.032684493938789215,0.32059019147088946
jnk1-18631,6,3.5,intermediate,4,4,exact_dipole_base_com,0.035512602993752425,0.03874462375333038,0.040944185485277125,0.9462790209189125,0.03848030330987071,0.04094229348805163,0.04010627715945156,0.032684493938789215,0.9398668230713697
jnk1-18631,6,3.5,intermediate,4,4,exact_dipole_solute_com,0.035688673254335355,0.03893062169888537,0.040944185485277125,0.9508217403148538,0.0385968374897556,0.04094229348805163,0.042206456562784024,0.032684493938789215,0.9427131262448569
jnk1-18631,6,3.5,intermediate,4,4,exact_dipole_nuclear_center,0.03551189471537464,0.03876634416009252,0.040944185485277125,0.9468095091067882,0.03850508911125511,0.04094229348805163,0.04008243262647652,0.032684493938789215,0.9404722068755679
jnk1-18631,6,3.5,intermediate,4,4,zero,0.034512372074723255,0.040944185485277125,0.040944185485277125,1.0,0.04094229348805163,0.04094229348805163,0.032684493938789215,0.032684493938789215,1.0
jnk1-18631,6,7.5,far,4,4,glider,0.0027595383446904964,0.003133182004507177,0.0069945632117592305,0.4479453412101108,0.003077032371341693,0.006570801931746149,0.0034067954309805744,0.00490703072619384,0.46828871168301844
jnk1-18631,6,7.5,far,4,4,mace_polar_l,0.0022036248413696076,0.0026057162317892337,0.0069945632117592305,0.3725345175819577,0.0025601321473182202,0.006570801931746149,0.006378157418732507,0.00490703072619384,0.38962248046912
jnk1-18631,6,7.5,far,4,4,exact_dipole_base_com,0.004791936957173319,0.005275954983924116,0.0069945632117592305,0.754293702722452,0.0052603421589652866,0.006570801931746149,0.003978852582529512,0.00490703072619384,0.8005631905522046
jnk1-18631,6,7.5,far,4,4,exact_dipole_solute_com,0.0048218685704808206,0.005271621756587966,0.0069945632117592305,0.7536741890795036,0.005265132365970863,0.006570801931746149,0.004535130219829785,0.00490703072619384,0.8012922046140093
jnk1-18631,6,7.5,far,4,4,exact_dipole_nuclear_center,0.004791515684592373,0.005283319750561083,0.0069945632117592305,0.7553466300338508,0.005267071350024801,0.006570801931746149,0.003979692884079038,0.00490703072619384,0.8015872955441695
jnk1-18631,6,7.5,far,4,4,zero,0.006541671180711004,0.0069945632117592305,0.0069945632117592305,1.0,0.006570801931746149,0.006570801931746149,0.00490703072619384,0.00490703072619384,1.0
jnk1-18631,6,15.0,far,4,4,glider,0.0003818409666012086,0.00040472351040822004,0.0013342087775758329,0.3033434625902966,0.0003728762126253857,0.0011441458239206954,0.0006161999188057057,0.0012662765837354638,0.3258992034316344
jnk1-18631,6,15.0,far,4,4,mace_polar_l,0.0003987590594014296,0.0004323752317249873,0.0013342087775758329,0.32406864577115424,0.00042103519953179863,0.0011441458239206954,0.0007238227977944753,0.0012662765837354638,0.3679908546001755
jnk1-18631,6,15.0,far,4,4,exact_dipole_base_com,0.000674357915329944,0.0007130343831991179,0.0013342087775758329,0.5344248930026178,0.0007117095852495828,0.0011441458239206954,0.0007084193989745551,0.0012662765837354638,0.622044472277787
jnk1-18631,6,15.0,far,4,4,exact_dipole_solute_com,0.0006776809037570721,0.000711983611682622,0.0013342087775758329,0.5336373314649062,0.0007118154331073537,0.0011441458239206954,0.0008173811441891796,0.0012662765837354638,0.6221369848365518
jnk1-18631,6,15.0,far,4,4,exact_dipole_nuclear_center,0.0006742236967845466,0.0007139733029923843,0.0013342087775758329,0.5351286207917366,0.0007125246013567157,0.0011441458239206954,0.0007075735331337745,0.0012662765837354638,0.6227568081445037
jnk1-18631,6,15.0,far,4,4,zero,0.0012773331465795977,0.0013342087775758329,0.0013342087775758329,1.0,0.0011441458239206954,0.0011441458239206954,0.0012662765837354638,0.0012662765837354638,1.0
jnk1-18631,6,0.8,near,8,4,glider,0.09355557120078349,0.10007685376765607,0.32300764917379593,0.30982812333899007,0.09902567996607683,0.3229093521848764,0.1456061826848278,0.3780190255530577,0.30666711662591095
jnk1-18631,6,0.8,near,8,4,mace_polar_l,0.16208817653985005,0.1659111093735282,0.32300764917379593,0.5136445214158346,0.163825203942294,0.3229093521848764,0.24113606159175482,0.3780190255530577,0.5073411557572313
jnk1-18631,6,0.8,near,8,4,exact_dipole_base_com,0.2877211404207408,0.30884839533230657,0.32300764917379593,0.956164338901241,0.29494699143713643,0.3229093521848764,0.22933346816170405,0.3780190255530577,0.913404921354738
jnk1-18631,6,0.8,near,8,4,exact_dipole_solute_com,0.2892772931727363,0.30731118492564746,0.32300764917379593,0.9514052862577786,0.29425070988022956,0.3229093521848764,0.24135808344076912,0.3780190255530577,0.9112486457554231
jnk1-18631,6,0.8,near,8,4,exact_dipole_nuclear_center,0.2869582555641662,0.30880195843662,0.32300764917379593,0.956020574826906,0.29429438522019025,0.3229093521848764,0.22655836048739678,0.3780190255530577,0.9113839014848256
jnk1-18631,6,0.8,near,8,4,zero,0.3220992593918395,0.32300764917379593,0.32300764917379593,1.0,0.3229093521848764,0.3229093521848764,0.3780190255530577,0.3780190255530577,1.0
jnk1-18631,6,1.8,near,8,4,glider,0.06433324286253754,0.0707262114451414,0.16938098151647768,0.4175569819700273,0.06843154645152924,0.16817847637614028,0.11512355904209312,0.22247599355626807,0.4068983613484426
jnk1-18631,6,1.8,near,8,4,mace_polar_l,0.07579037761934825,0.07777506426271343,0.16938098151647768,0.45917235551706453,0.0691426392231889,0.16817847637614028,0.09742906069496755,0.22247599355626807,0.41112656454650975
jnk1-18631,6,1.8,near,8,4,exact_dipole_base_com,0.14539574712924277,0.15095423664176322,0.16938098151647768,0.8912112522330503,0.14941413475272208,0.16817847637614028,0.14632863423594092,0.22247599355626807,0.888426021999089
jnk1-18631,6,1.8,near,8,4,exact_dipole_solute_com,0.14625264859705034,0.15248481023210428,0.16938098151647768,0.9002475299581983,0.1511236393040399,0.16817847637614028,0.15274819512551788,0.22247599355626807,0.8985908456326105
jnk1-18631,6,1.8,near,8,4,exact_dipole_nuclear_center,0.14507292334813648,0.15078566001087695,0.16938098151647768,0.8902160009989567,0.14913346186250473,0.16817847637614028,0.14524162000570534,0.22247599355626807,0.8867571230040142
jnk1-18631,6,1.8,near,8,4,zero,0.16374872643497523,0.16938098151647768,0.16938098151647768,1.0,0.16817847637614028,0.16817847637614028,0.22247599355626807,0.22247599355626807,1.0
jnk1-18631,6,3.5,intermediate,8,4,glider,0.017327662860397004,0.02133197897356506,0.047012716166208286,0.4537491281751983,0.018229258651308526,0.045297424584071426,0.0376876255295087,0.0660173121558104,0.40243477015951007
jnk1-18631,6,3.5,intermediate,8,4,mace_polar_l,0.01132482461101222,0.01328974778001187,0.047012716166208286,0.28268410897654644,0.01108762145492554,0.045297424584071426,0.020076405773983324,0.0660173121558104,0.24477377150542104
jnk1-18631,6,3.5,intermediate,8,4,exact_dipole_base_com,0.03712934609383629,0.038571664420644386,0.047012716166208286,0.8204517323414905,0.038569336629678326,0.045297424584071426,0.03951676846257804,0.0660173121558104,0.8514686427281124
jnk1-18631,6,3.5,intermediate,8,4,exact_dipole_solute_com,0.037417136236313965,0.03907372192029763,0.047012716166208286,0.8311309174768117,0.03907346606771213,0.045297424584071426,0.04101580767257941,0.0660173121558104,0.8625979606233968
jnk1-18631,6,3.5,intermediate,8,4,exact_dipole_nuclear_center,0.03705444384512689,0.03850977020110982,0.047012716166208286,0.8191351902528407,0.03850539898895714,0.045297424584071426,0.03923914442529433,0.0660173121558104,0.8500571355329843
jnk1-18631,6,3.5,intermediate,8,4,zero,0.0434659355219314,0.047012716166208286,0.047012716166208286,1.0,0.045297424584071426,0.045297424584071426,0.0660173121558104,0.0660173121558104,1.0
jnk1-18631,6,7.5,far,8,4,glider,0.003136944842204858,0.0035299033496801785,0.010079457199582214,0.3502076827933245,0.0032055256373411884,0.009458181997796048,0.006265772815378301,0.01524124386214462,0.33891562227161015
jnk1-18631,6,7.5,far,8,4,mace_polar_l,0.0015342384889777093,0.0015836193025055795,0.010079457199582214,0.15711354998076874,0.001535127539688873,0.009458181997796048,0.002572958898724701,0.01524124386214462,0.16230683021817402
jnk1-18631,6,7.5,far,8,4,exact_dipole_base_com,0.006935531075944001,0.007261598923112863,0.010079457199582214,0.7204355134732703,0.007255461288550491,0.009458181997796048,0.0070377272985431135,0.01524124386214462,0.7671095026762187
jnk1-18631,6,7.5,far,8,4,exact_dipole_solute_com,0.007014323378462408,0.007374468017679914,0.010079457199582214,0.7316334472838062,0.007370769263625043,0.009458181997796048,0.007443996822150288,0.01524124386214462,0.7793008492903376
jnk1-18631,6,7.5,far,8,4,exact_dipole_nuclear_center,0.0069200065774497966,0.00725051346703278,0.010079457199582214,0.7193357066225062,0.007243089766781158,0.009458181997796048,0.006984279722444885,0.01524124386214462,0.7658014794459387
jnk1-18631,6,7.5,far,8,4,zero,0.00894241366897671,0.010079457199582214,0.010079457199582214,1.0,0.009458181997796048,0.009458181997796048,0.01524124386214462,0.01524124386214462,1.0
jnk1-18631,6,15.0,far,8,4,glider,0.0005049335898945186,0.0005546767763050847,0.0019496381368292925,0.28450242423302136,0.0005199862945012722,0.0017426775348696915,0.001017552150118996,0.0031819935818991414,0.29838354147381263
jnk1-18631,6,15.0,far,8,4,mace_polar_l,0.00023146467904981764,0.00023256817807412294,0.0019496381368292925,0.11928786869770093,0.00023159808877047265,0.0017426775348696915,0.00035103637682409677,0.0031819935818991414,0.1328978449175856
jnk1-18631,6,15.0,far,8,4,exact_dipole_base_com,0.0010360530237310864,0.0010883275170677912,0.0019496381368292925,0.5582202648321931,0.001085409355376482,0.0017426775348696915,0.0009914373005029428,0.0031819935818991414,0.6228400456528771
jnk1-18631,6,15.0,far,8,4,exact_dipole_solute_com,0.0010523623946869453,0.0011087214206676555,0.0019496381368292925,0.5686806180714004,0.0011066736432125991,0.0017426775348696915,0.0010739740995656952,0.0031819935818991414,0.6350421240125474
jnk1-18631,6,15.0,far,8,4,exact_dipole_nuclear_center,0.0010334268634176183,0.001086687065027003,0.0019496381368292925,0.5573788512335361,0.0010834161728875559,0.0017426775348696915,0.000982955021250542,0.0031819935818991414,0.6216962984885027
jnk1-18631,6,15.0,far,8,4,zero,0.0016965362766593241,0.0019496381368292925,0.0019496381368292925,1.0,0.0017426775348696915,0.0017426775348696915,0.0031819935818991414,0.0031819935818991414,1.0
methane,7,0.8,near,0,4,glider,0.1281057554017514,0.14132728258348895,0.09058778296952998,1.5601141561332357,0.1329799555473249,0.09038066667332313,0.3284542784191758,0.1597142835710813,1.4713318726445666
methane,7,0.8,near,0,4,mace_polar_l,0.005749867483814776,0.00728009427586123,0.09058778296952998,0.08036507834958226,0.005942476470787598,0.09038066667332313,0.03829812591019869,0.1597142835710813,0.06574942063955351
methane,7,0.8,near,0,4,exact_dipole_base_com,0.08535743717424071,0.09231954934944056,0.09058778296952998,1.019116997051281,0.08957871907739313,0.09038066667332313,0.17166838394724518,0.1597142835710813,0.9911270006579106
methane,7,0.8,near,0,4,exact_dipole_solute_com,0.016681025936284136,0.02053051399492113,0.09058778296952998,0.22663667574055493,0.01444657869098938,0.09038066667332313,0.03137571512906085,0.1597142835710813,0.15984147077832356
methane,7,0.8,near,0,4,exact_dipole_nuclear_center,0.0827618293489342,0.0896886450086952,0.09058778296952998,0.9900744015212601,0.08666612201837681,0.09038066667332313,0.1684772894644993,0.1597142835710813,0.9589011146778506
methane,7,0.8,near,0,4,zero,0.07793850773631625,0.09058778296952998,0.09058778296952998,1.0,0.09038066667332313,0.09038066667332313,0.1597142835710813,0.1597142835710813,1.0
methane,7,1.8,near,0,4,glider,0.03932329544084938,0.04292828373151245,0.042646159922079284,1.0066154563493794,0.04261631997106094,0.04051923136870462,0.09592452639609689,0.07322631822733902,1.0517553895155085
methane,7,1.8,near,0,4,mace_polar_l,0.004838573083733924,0.005696624583236842,0.042646159922079284,0.13357884024365618,0.004835151052716112,0.04051923136870462,0.01190647980496589,0.07322631822733902,0.11932978216488536
methane,7,1.8,near,0,4,exact_dipole_base_com,0.03636366706764029,0.03869154659076499,0.042646159922079284,0.9072691811281498,0.03862011897281835,0.04051923136870462,0.06681372155720444,0.07322631822733902,0.9531305917773883
methane,7,1.8,near,0,4,exact_dipole_solute_com,0.005699502198158983,0.006137619683379897,0.042646159922079284,0.1439196329656461,0.005893264372791036,0.04051923136870462,0.013163233730263338,0.07322631822733902,0.14544363685394956
methane,7,1.8,near,0,4,exact_dipole_nuclear_center,0.03530492244639098,0.0375100269854114,0.042646159922079284,0.8795639995241695,0.03740987537076119,0.04051923136870462,0.06532292735266292,0.07322631822733902,0.9232622166583109
methane,7,1.8,near,0,4,zero,0.03955235381513061,0.042646159922079284,0.042646159922079284,1.0,0.04051923136870462,0.04051923136870462,0.07322631822733902,0.07322631822733902,1.0
methane,7,3.5,intermediate,0,4,glider,0.010550156825505138,0.01109635130040173,0.01703797497570302,0.6512717219168163,0.011095601011367456,0.015023469955825007,0.021091976223729065,0.02757256165244164,0.7385511499003191
methane,7,3.5,intermediate,0,4,mace_polar_l,0.004109490205170407,0.004367001708371054,0.01703797497570302,0.25630990270842696,0.004241880891424974,0.015023469955825007,0.005085506360342063,0.02757256165244164,0.28235027619436753
methane,7,3.5,intermediate,0,4,exact_dipole_base_com,0.012382442415279755,0.013298758796525,0.01703797497570302,0.7805363498590459,0.013283923259385636,0.015023469955825007,0.02051118066603127,0.02757256165244164,0.8842113904740827
methane,7,3.5,intermediate,0,4,exact_dipole_solute_com,0.0017467485654689835,0.001817764447252118,0.01703797497570302,0.10668899618906229,0.001814694239024739,0.015023469955825007,0.0036576696873283094,0.02757256165244164,0.12079061923514765
methane,7,3.5,intermediate,0,4,exact_dipole_nuclear_center,0.0120286861719134,0.012881388810058828,0.01703797497570302,0.756039894907013,0.012872770630742766,0.015023469955825007,0.019984259093622666,0.02757256165244164,0.8568440359380253
methane,7,3.5,intermediate,0,4,zero,0.016422480468123328,0.01703797497570302,0.01703797497570302,1.0,0.015023469955825007,0.015023469955825007,0.02757256165244164,0.02757256165244164,1.0
methane,7,7.5,far,0,4,glider,0.001643439442802588,0.0017805984800396666,0.004192232732850366,0.42473750707752556,0.0017498572151356852,0.003340571112505945,0.0028384091020042866,0.0061814490185688065,0.5238197769790991
methane,7,7.5,far,0,4,mace_polar_l,0.0014556459003665686,0.0016415686210845394,0.004192232732850366,0.39157382848075106,0.0015811392991872508,0.003340571112505945,0.0021334197289785274,0.0061814490185688065,0.47331406694741834
methane,7,7.5,far,0,4,exact_dipole_base_com,0.0022065641312396063,0.002424142980083179,0.004192232732850366,0.5782462793841517,0.002399382762818881,0.003340571112505945,0.0033425347455596026,0.0061814490185688065,0.7182552569638228
methane,7,7.5,far,0,4,exact_dipole_solute_com,0.0002963116605737036,0.00030962189098931005,0.004192232732850366,0.07385608355259256,0.0003094464285895825,0.003340571112505945,0.0005299703682216021,0.0061814490185688065,0.09263279186936685
methane,7,7.5,far,0,4,exact_dipole_nuclear_center,0.0021446548591671265,0.0023466231313709835,0.004192232732850366,0.5597549756679365,0.002325719228865817,0.003340571112505945,0.003247604507829269,0.0061814490185688065,0.6962040772486857
methane,7,7.5,far,0,4,zero,0.003916245753028241,0.004192232732850366,0.004192232732850366,1.0,0.003340571112505945,0.003340571112505945,0.0061814490185688065,0.0061814490185688065,1.0
methane,7,15.0,far,0,4,glider,0.0002709442141616905,0.00030444807585550067,0.000880830050411681,0.34563770356518625,0.0002856599818035563,0.0006603797842089317,0.00043674349030063447,0.0011746758331818612,0.4325692406616416
methane,7,15.0,far,0,4,mace_polar_l,0.00036659396255057453,0.000414364998316396,0.000880830050411681,0.47042559245422055,0.0003963321966255419,0.0006603797842089317,0.0005333181395671148,0.0011746758331818612,0.600157978942841
methane,7,15.0,far,0,4,exact_dipole_base_com,0.00029453743299591396,0.00033117565822213463,0.000880830050411681,0.3759813349548534,0.0003241699076253675,0.0006603797842089317,0.00043131316606951286,0.0011746758331818612,0.4908840569880411
methane,7,15.0,far,0,4,exact_dipole_solute_com,3.833197089712668e-05,4.0241671447314486e-05,0.000880830050411681,0.04568607920280013,4.01906554254074e-05,0.0006603797842089317,6.133607595118593e-05,0.0011746758331818612,0.060859911805979564
methane,7,15.0,far,0,4,exact_dipole_nuclear_center,0.0002862934168407692,0.0003203612484057281,0.000880830050411681,0.3637038135290663,0.00031415076810123845,0.0006603797842089317,0.0004184964171303187,0.0011746758331818612,0.4757122728666798
methane,7,15.0,far,0,4,zero,0.0007480196410644079,0.000880830050411681,0.000880830050411681,1.0,0.0006603797842089317,0.0006603797842089317,0.0011746758331818612,0.0011746758331818612,1.0
methane,7,0.8,near,4,4,glider,0.19980155727644372,0.21574063642796287,0.4603036564785294,0.46869198928039796,0.17575220887142945,0.43565870527879913,0.189012813289255,0.22478122819053642,0.40341718584265884
methane,7,0.8,near,4,4,mace_polar_l,0.490584322734117,0.5748099399289367,0.4603036564785294,1.248762489367165,0.29955548622686845,0.43565870527879913,0.059289038770490556,0.22478122819053642,0.6875921050060697
methane,7,0.8,near,4,4,exact_dipole_base_com,0.2840259056967809,0.40867952849885153,0.4603036564785294,0.8878476691351552,0.3286857768251692,0.43565870527879913,0.20993165937616143,0.22478122819053642,0.7544570390595713
methane,7,0.8,near,4,4,exact_dipole_solute_com,0.41985398181274547,0.42083785155311315,0.4603036564785294,0.9142613699240577,0.02875988970463803,0.43565870527879913,0.06773301411116994,0.22478122819053642,0.06601472518776637
methane,7,0.8,near,4,4,exact_dipole_nuclear_center,0.2822099693230188,0.4051006930587631,0.4603036564785294,0.8800727245095409,0.3226170156838217,0.43565870527879913,0.2057057951514342,0.22478122819053642,0.7405269578565253
methane,7,0.8,near,4,4,zero,0.35206837328543417,0.4603036564785294,0.4603036564785294,1.0,0.43565870527879913,0.43565870527879913,0.22478122819053642,0.22478122819053642,1.0
methane,7,1.8,near,4,4,glider,0.02050199560089043,0.02293142230714428,0.17268916596086017,0.13279016190478135,0.021583886063539722,0.156117399760922,0.032034503422517784,0.06845488615793081,0.13825419906168857
methane,7,1.8,near,4,4,mace_polar_l,0.279030102960627,0.28323867748034043,0.17268916596086017,1.6401647196821612,0.04864514428588103,0.156117399760922,0.06118843931238489,0.06845488615793081,0.31159335449076236
methane,7,1.8,near,4,4,exact_dipole_base_com,0.09073460108431017,0.10284173618262138,0.17268916596086017,0.595530910178409,0.0996207024812036,0.156117399760922,0.05930860616426477,0.06845488615793081,0.6381140259430571
methane,7,1.8,near,4,4,exact_dipole_solute_com,0.038017734017754365,0.041349589876115964,0.17268916596086017,0.2394451883882965,0.016261626089609682,0.156117399760922,0.005914720040725775,0.06845488615793081,0.10416280385474468
methane,7,1.8,near,4,4,exact_dipole_nuclear_center,0.08840310275823006,0.10023155801801407,0.17268916596086017,0.5804160177641454,0.0971503436476203,0.156117399760922,0.057482659697854564,0.06845488615793081,0.6222903007377539
methane,7,1.8,near,4,4,zero,0.1572563752432606,0.17268916596086017,0.17268916596086017,1.0,0.156117399760922,0.156117399760922,0.06845488615793081,0.06845488615793081,1.0
methane,7,3.5,intermediate,4,4,glider,0.005423719755389241,0.006478669765001979,0.060476890854102835,0.10712636965136671,0.004240597050231568,0.050261602296106406,0.003937189063873559,0.020663324455670408,0.08437051061860143
methane,7,3.5,intermediate,4,4,mace_polar_l,0.027271202069608754,0.030743171571749956,0.060476890854102835,0.5083457687319966,0.014192397118479378,0.050261602296106406,0.020609821514776624,0.020663324455670408,0.282370566598089
methane,7,3.5,intermediate,4,4,exact_dipole_base_com,0.02583930750081705,0.028249707753212762,0.060476890854102835,0.4671157421330343,0.025052865388349232,0.050261602296106406,0.014350423232865409,0.020663324455670408,0.498449397628734
methane,7,3.5,intermediate,4,4,exact_dipole_solute_com,0.00618812429255673,0.006747651484393102,0.060476890854102835,0.11157404736085788,0.00520033743056305,0.050261602296106406,0.0022025198914435483,0.020663324455670408,0.10346541282003463
methane,7,3.5,intermediate,4,4,exact_dipole_nuclear_center,0.0251051981503845,0.027432678795683865,0.060476890854102835,0.45360597094621957,0.02427674094443828,0.050261602296106406,0.013722156684463964,0.020663324455670408,0.48300770041942964
methane,7,3.5,intermediate,4,4,zero,0.05384294819381968,0.060476890854102835,0.060476890854102835,1.0,0.050261602296106406,0.050261602296106406,0.020663324455670408,0.020663324455670408,1.0
methane,7,7.5,far,4,4,glider,0.0015176357721902413,0.0019809184571693414,0.012566597119132529,0.15763364086475018,0.0015628170588588273,0.010199191866822527,0.000522454701474708,0.004774008218621663,0.15322949889222057
methane,7,7.5,far,4,4,mace_polar_l,0.0033664698476944285,0.0034133880371098758,0.012566597119132529,0.2716238934654015,0.0028076697412384353,0.010199191866822527,0.003238437822599571,0.004774008218621663,0.27528354970668295
methane,7,7.5,far,4,4,exact_dipole_base_com,0.0035782670985195636,0.0039594371958963665,0.012566597119132529,0.31507632164543253,0.0033872146680434066,0.010199191866822527,0.0022025444744133106,0.004774008218621663,0.33210618177130785
methane,7,7.5,far,4,4,exact_dipole_solute_com,0.0006134531565187417,0.0007083865480435256,0.012566597119132529,0.0563705943087022,0.0006220230009806388,0.010199191866822527,0.00041703594947019974,0.004774008218621663,0.06098747911626697
methane,7,7.5,far,4,4,exact_dipole_nuclear_center,0.003461484381348933,0.0038321447486289414,0.012566597119132529,0.3049468931246738,0.0032655706249603827,0.010199191866822527,0.0020938833653051203,0.004774008218621663,0.32017935024667243
methane,7,7.5,far,4,4,zero,0.010645602963962381,0.012566597119132529,0.012566597119132529,1.0,0.010199191866822527,0.010199191866822527,0.004774008218621663,0.004774008218621663,1.0
methane,7,15.0,far,4,4,glider,0.0003844773596994335,0.00048629822504285823,0.0023121974639946676,0.21031863956926292,0.00039620417063710686,0.0018693776268304861,0.00018977521034085903,0.0009822970332725941,0.21194442735942426
methane,7,15.0,far,4,4,mace_polar_l,0.0005854780145396514,0.0006059633495509139,0.0023121974639946676,0.2620724912067075,0.0004875661521660718,0.0018693776268304861,0.0004747836156302807,0.0009822970332725941,0.2608173678598775
methane,7,15.0,far,4,4,exact_dipole_base_com,0.000404018063008234,0.0004546708061537822,0.0023121974639946676,0.19664012837738792,0.0003845621083176124,0.0018693776268304861,0.00029556306471196066,0.0009822970332725941,0.20571665285715127
methane,7,15.0,far,4,4,exact_dipole_solute_com,5.073963739615539e-05,6.34697064332888e-05,0.0023121974639946676,0.027449950716421676,5.787852648909539e-05,0.0018693776268304861,5.026149001158356e-05,0.0009822970332725941,0.03096138824942927
methane,7,15.0,far,4,4,exact_dipole_nuclear_center,0.00038963432550865684,0.000439256532618122,0.0023121974639946676,0.1899736244235994,0.00036984222435571706,0.0018693776268304861,0.00028107494221656386,0.0009822970332725941,0.19784243645987215
methane,7,15.0,far,4,4,zero,0.0018755049593769044,0.0023121974639946676,0.0023121974639946676,1.0,0.0018693776268304861,0.0018693776268304861,0.0009822970332725941,0.0009822970332725941,1.0
methane,7,0.8,near,8,4,glider,1.1406998869231315,1.1424254962826306,1.9343006617756617,0.5906142301755196,0.06276768699076066,0.8983271504172601,1.1505910294990709,0.8271952414903122,0.06987174656983924
methane,7,0.8,near,8,4,mace_polar_l,0.8346709592713868,0.8944082216419659,1.9343006617756617,0.46239358715873635,0.8042555917975618,0.8983271504172601,0.8442453543056911,0.8271952414903122,0.8952814032437922
methane,7,0.8,near,8,4,exact_dipole_base_com,24.579628747158292,25.048181466491926,1.9343006617756617,12.949476759987268,4.822161904185641,0.8983271504172601,29.36827312422326,0.8271952414903122,5.367935169215153
methane,7,0.8,near,8,4,exact_dipole_solute_com,1.063214880101941,1.0943271755569692,1.9343006617756617,0.5657482299325648,0.2590870237821829,0.8983271504172601,2.0047124030233747,0.8271952414903122,0.28841054582602865
methane,7,0.8,near,8,4,exact_dipole_nuclear_center,20.481120398634538,21.571621921461375,1.9343006617756617,11.152155581469387,6.771896303038699,0.8983271504172601,68.9872211158034,0.8271952414903122,7.538340903860303
methane,7,0.8,near,8,4,zero,1.7130462284973422,1.9343006617756617,1.9343006617756617,1.0,0.8983271504172601,0.8983271504172601,0.8271952414903122,0.8271952414903122,1.0
methane,7,1.8,near,8,4,glider,0.050210722757927935,0.06336935019345716,0.17892302633932813,0.35417101694488984,0.05155482906671986,0.15083277977036155,0.07463583518256466,0.07772551586934293,0.3418012261340709
methane,7,1.8,near,8,4,mace_polar_l,0.10829342873431796,0.11102591907312094,0.17892302633932813,0.6205233688734948,0.024480359453986723,0.15083277977036155,0.06896264994263157,0.07772551586934293,0.16230132131263075
methane,7,1.8,near,8,4,exact_dipole_base_com,0.33978456460988626,0.3589565965373975,0.17892302633932813,2.0062068246969793,0.3546173469849983,0.15083277977036155,0.9634933466441158,0.07772551586934293,2.351062862627691
methane,7,1.8,near,8,4,exact_dipole_solute_com,0.016895468418671608,0.017337705294532508,0.17892302633932813,0.09690035793185998,0.0038909088647424,0.15083277977036155,0.040638838383437396,0.07772551586934293,0.025796175543977864
methane,7,1.8,near,8,4,exact_dipole_nuclear_center,0.3185991021760045,0.339140017976694,0.17892302633932813,1.8954520550838092,0.3338316282490431,0.15083277977036155,0.871792414688793,0.07772551586934293,2.2132564868014226
methane,7,1.8,near,8,4,zero,0.15953549142191886,0.17892302633932813,0.17892302633932813,1.0,0.15083277977036155,0.15083277977036155,0.07772551586934293,0.07772551586934293,1.0
methane,7,3.5,intermediate,8,4,glider,0.02039651196993259,0.02415059938003067,0.05386110953637927,0.44838659262521674,0.0209087720574821,0.0455696649229583,0.025313694712885346,0.020458828082925876,0.45883093704619543
methane,7,3.5,intermediate,8,4,mace_polar_l,0.005942388451158165,0.007226848879339221,0.05386110953637927,0.13417564067182852,0.006663592396286054,0.0455696649229583,0.023935316036322436,0.020458828082925876,0.14622868979949183
methane,7,3.5,intermediate,8,4,exact_dipole_base_com,0.04755198839693181,0.051643729843855554,0.05386110953637927,0.9588315259078345,0.049320753626682666,0.0455696649229583,0.08159747037736695,0.020458828082925876,1.0823154769750027
methane,7,3.5,intermediate,8,4,exact_dipole_solute_com,0.0030536588811045295,0.003521054242683235,0.05386110953637927,0.0653728501509056,0.001752994699869067,0.0455696649229583,0.006342921921318408,0.020458828082925876,0.03846845709383078
methane,7,3.5,intermediate,8,4,exact_dipole_nuclear_center,0.04505457099459633,0.04918813517093927,0.05386110953637927,0.9132402877388973,0.04685633949093646,0.0455696649229583,0.07496696547002793,0.020458828082925876,1.0282353308972856
methane,7,3.5,intermediate,8,4,zero,0.046757958765664014,0.05386110953637927,0.05386110953637927,1.0,0.0455696649229583,0.0455696649229583,0.020458828082925876,0.020458828082925876,1.0
methane,7,7.5,far,8,4,glider,0.004131347571883924,0.00497065582608479,0.011424038546665004,0.4351049592296643,0.004240240426900376,0.00949480098976426,0.004946566185667113,0.0058177899161451566,0.4465854978394502
methane,7,7.5,far,8,4,mace_polar_l,0.0011569088138409212,0.0012732549920974475,0.011424038546665004,0.1114540174997174,0.0011610290547571778,0.00949480098976426,0.0020044566555356097,0.0058177899161451566,0.12228050445805123
methane,7,7.5,far,8,4,exact_dipole_base_com,0.004529004631240953,0.005200691306540965,0.011424038546665004,0.45524105029032763,0.004647521212527343,0.00949480098976426,0.006328812436298723,0.0058177899161451566,0.48948063445853573
methane,7,7.5,far,8,4,exact_dipole_solute_com,0.00037675655450080856,0.00044537794299216976,0.011424038546665004,0.03898603293160176,0.00031952475615507276,0.00949480098976426,0.00047502320467179057,0.0058177899161451566,0.03365260172377831
methane,7,7.5,far,8,4,exact_dipole_nuclear_center,0.004323556086574335,0.004979534839993557,0.011424038546665004,0.43588218121403505,0.00444420712982254,0.00949480098976426,0.005923810960456367,0.0058177899161451566,0.46806743338944723
methane,7,7.5,far,8,4,zero,0.009594753588150874,0.011424038546665004,0.011424038546665004,1.0,0.00949480098976426,0.00949480098976426,0.0058177899161451566,0.0058177899161451566,1.0
methane,7,15.0,far,8,4,glider,0.0006712577866517396,0.0008423497428116966,0.002182065221362501,0.3860332562771547,0.0006886663493460024,0.0017644833901328276,0.0007531522592859208,0.0013257413176149162,0.3902934724107325
methane,7,15.0,far,8,4,mace_polar_l,0.0003257772519444487,0.0003320100692472225,0.002182065221362501,0.1521540538737483,0.00029206385572278225,0.0017644833901328276,0.0003236482102568195,0.0013257413176149162,0.16552372062895765
methane,7,15.0,far,8,4,exact_dipole_base_com,0.0004158440107344726,0.0005067223062598595,0.002182065221362501,0.23222143009247795,0.00042367456996324383,0.0017644833901328276,0.0005757209274061887,0.0013257413176149162,0.24011252944203135
methane,7,15.0,far,8,4,exact_dipole_solute_com,3.9495002187903633e-05,5.197254243844062e-05,0.002182065221362501,0.023818051783983107,4.172628286363035e-05,0.0017644833901328276,2.9065579998641315e-05,0.0013257413176149162,0.023647875121391344
methane,7,15.0,far,8,4,exact_dipole_nuclear_center,0.0003985014054659776,0.00048648684647494727,0.002182065221362501,0.22294789436732806,0.00040644401647279394,0.0017644833901328276,0.0005463139653595143,0.0013257413176149162,0.23034731794341087
methane,7,15.0,far,8,4,zero,0.00179008930289918,0.002182065221362501,0.002182065221362501,1.0,0.0017644833901328276,0.0017644833901328276,0.0013257413176149162,0.0013257413176149162,1.0
tyk2-ejm_42,8,0.8,near,0,4,glider,0.37238879266963876,0.3773296896332173,0.5218936746374256,0.7230010785153871,0.06086281108155332,0.1430466931926491,0.20803114691122826,0.7595134807646854,0.425475134888899
tyk2-ejm_42,8,0.8,near,0,4,mace_polar_l,0.4374075735479701,0.44895246725081234,0.5218936746374256,0.8602374182111181,0.10115795793445452,0.1430466931926491,0.6381762798608659,0.7595134807646854,0.7071673988172474
tyk2-ejm_42,8,0.8,near,0,4,exact_dipole_base_com,2.6694649118341447,2.969484425846174,0.5218936746374256,5.689826434300357,2.9603050564714137,0.1430466931926491,5.5612805049801874,0.7595134807646854,20.69467661503089
tyk2-ejm_42,8,0.8,near,0,4,exact_dipole_solute_com,1.914481985715475,1.9977213993060063,0.5218936746374256,3.8278321742333437,1.9958889724534117,0.1430466931926491,3.533912856597935,0.7595134807646854,13.952709621643855
tyk2-ejm_42,8,0.8,near,0,4,exact_dipole_nuclear_center,2.1903455991351755,2.6640456407776134,0.5218936746374256,5.104575453282513,2.6637768415649994,0.1430466931926491,5.055033426927415,0.7595134807646854,18.621729605294266
tyk2-ejm_42,8,0.8,near,0,4,zero,0.5019070144889423,0.5218936746374256,0.5218936746374256,1.0,0.1430466931926491,0.1430466931926491,0.7595134807646854,0.7595134807646854,1.0
tyk2-ejm_42,8,1.8,near,0,4,glider,0.12011771216213735,0.12632468157038693,0.06983591560549608,1.8088784327536644,0.12058933968502548,0.06844625657012494,0.14854987497475816,0.06254186263228916,1.7618105902034045
tyk2-ejm_42,8,1.8,near,0,4,mace_polar_l,0.17018675826563473,0.1908889460110173,0.06983591560549608,2.733392185896885,0.08645841208483696,0.06844625657012494,0.14880911940978464,0.06254186263228916,1.2631576424673874
tyk2-ejm_42,8,1.8,near,0,4,exact_dipole_base_com,0.04202070984369538,0.042983111780752675,0.06983591560549608,0.6154871946344168,0.04217140944429775,0.06844625657012494,0.047808416509205406,0.06254186263228916,0.6161244099754682
tyk2-ejm_42,8,1.8,near,0,4,exact_dipole_solute_com,0.04387943054749992,0.04522961499236991,0.06983591560549608,0.6476555021899124,0.0441621970618232,0.06844625657012494,0.04724843306480284,0.06254186263228916,0.6452098226376762
tyk2-ejm_42,8,1.8,near,0,4,exact_dipole_nuclear_center,0.04258805524346684,0.04341774151908156,0.06983591560549608,0.6217107793695854,0.042721643326798044,0.06844625657012494,0.04783293850303414,0.06254186263228916,0.6241633285383347
tyk2-ejm_42,8,1.8,near,0,4,zero,0.06706968096595348,0.06983591560549608,0.06983591560549608,1.0,0.06844625657012494,0.06844625657012494,0.06254186263228916,0.06254186263228916,1.0
tyk2-ejm_42,8,3.5,intermediate,0,4,glider,0.019554390770858965,0.02639899675157074,0.030356835769328967,0.869622807599828,0.021221104402180502,0.02872526133547547,0.018490827783938228,0.021756660639042014,0.7387610561430334
tyk2-ejm_42,8,3.5,intermediate,0,4,mace_polar_l,0.043381775019161295,0.05514121676548449,0.030356835769328967,1.8164349270287394,0.04021573633756031,0.02872526133547547,0.0178625623425764,0.021756660639042014,1.4000128969373098
tyk2-ejm_42,8,3.5,intermediate,0,4,exact_dipole_base_com,0.016720054443011705,0.019511244701637218,0.030356835769328967,0.6427298566259138,0.01806769468275876,0.02872526133547547,0.01751013234537716,0.021756660639042014,0.6289827783201158
tyk2-ejm_42,8,3.5,intermediate,0,4,exact_dipole_solute_com,0.017343213531864077,0.020404925157583412,0.030356835769328967,0.6721690400354418,0.01883137483293593,0.02872526133547547,0.017901726763839946,0.021756660639042014,0.655568442459367
tyk2-ejm_42,8,3.5,intermediate,0,4,exact_dipole_nuclear_center,0.0168711663275593,0.01949444151226283,0.030356835769328967,0.6421763342001224,0.018122303077444037,0.02872526133547547,0.017121955487250137,0.021756660639042014,0.6308838365575855
tyk2-ejm_42,8,3.5,intermediate,0,4,zero,0.02718022956430087,0.030356835769328967,0.030356835769328967,1.0,0.02872526133547547,0.02872526133547547,0.021756660639042014,0.021756660639042014,1.0
tyk2-ejm_42,8,7.5,far,0,4,glider,0.005244060089214454,0.005500953522906795,0.007470530332099417,0.7363538167123513,0.004440431279779801,0.006755045543658113,0.005959793011470717,0.008162104454433935,0.6573503096435289
tyk2-ejm_42,8,7.5,far,0,4,mace_polar_l,0.005833465903062853,0.007482241931938663,0.007470530332099417,1.0015677066176847,0.0058264975401464926,0.006755045543658113,0.008867322139057818,0.008162104454433935,0.8625400824449844
tyk2-ejm_42,8,7.5,far,0,4,exact_dipole_base_com,0.0029613264435712303,0.004581593690459098,0.007470530332099417,0.6132889482789301,0.003903876311397184,0.006755045543658113,0.007462389179119401,0.008162104454433935,0.5779200578539827
tyk2-ejm_42,8,7.5,far,0,4,exact_dipole_solute_com,0.0031483936772365865,0.0047901022098848205,0.007470530332099417,0.6411997538250641,0.00408020754706791,0.006755045543658113,0.007531364730353042,0.008162104454433935,0.6040236917275206
tyk2-ejm_42,8,7.5,far,0,4,exact_dipole_nuclear_center,0.002952039004830046,0.004537506915955746,0.007470530332099417,0.6073875232738111,0.0038760485772445395,0.006755045543658113,0.007378397700010357,0.008162104454433935,0.5738005098845732
tyk2-ejm_42,8,7.5,far,0,4,zero,0.005995661552555069,0.007470530332099417,0.007470530332099417,1.0,0.006755045543658113,0.006755045543658113,0.008162104454433935,0.008162104454433935,1.0
tyk2-ejm_42,8,15.0,far,0,4,glider,0.0011277973170218435,0.0011313408541566029,0.0015745577711122841,0.718513397801474,0.0010106918593872298,0.001432779662081845,0.00131411567028536,0.0018819430715902438,0.7054063413481757
tyk2-ejm_42,8,15.0,far,0,4,mace_polar_l,0.0013120862345014296,0.001371918689773658,0.0015745577711122841,0.8713041305588428,0.0011697250596677607,0.001432779662081845,0.0016692940296977668,0.0018819430715902438,0.8164026127842553
tyk2-ejm_42,8,15.0,far,0,4,exact_dipole_base_com,0.0005514017636431648,0.000874099729343767,0.0015745577711122841,0.5551398274363053,0.0007520009533042246,0.001432779662081845,0.0015050836344198202,0.0018819430715902438,0.5248545699005517
tyk2-ejm_42,8,15.0,far,0,4,exact_dipole_solute_com,0.0005744599592442191,0.0009089637778637176,0.0015745577711122841,0.5772819483286511,0.0007811877189393692,0.001432779662081845,0.0015147565759691928,0.0018819430715902438,0.5452252984972544
tyk2-ejm_42,8,15.0,far,0,4,exact_dipole_nuclear_center,0.0005434942055002846,0.0008638860275246069,0.0015745577711122841,0.5486531160519749,0.0007439944898939106,0.001432779662081845,0.0014914877705608518,0.0018819430715902438,0.5192665066259233
tyk2-ejm_42,8,15.0,far,0,4,zero,0.001259498159132838,0.0015745577711122841,0.0015745577711122841,1.0,0.001432779662081845,0.001432779662081845,0.0018819430715902438,0.0018819430715902438,1.0
tyk2-ejm_42,8,0.8,near,4,4,glider,0.27592228040576017,0.2867987708919341,0.2395051784752502,1.1974637572254876,0.2769909696392378,0.19161012929273927,0.5620919392328793,0.7230925148264903,1.4455966950267796
tyk2-ejm_42,8,0.8,near,4,4,mace_polar_l,0.10448681231397416,0.1481516589490334,0.2395051784752502,0.6185739276795761,0.11051136327888424,0.19161012929273927,0.8764538902428599,0.7230925148264903,0.5767511544760064
tyk2-ejm_42,8,0.8,near,4,4,exact_dipole_base_com,0.20175248254166733,0.20969633832234366,0.2395051784752502,0.8755398929464612,0.15812471563462785,0.19161012929273927,0.7246075530456991,0.7230925148264903,0.8252419442452708
tyk2-ejm_42,8,0.8,near,4,4,exact_dipole_solute_com,0.20419544789242483,0.21204967253661303,0.2395051784752502,0.8853657106145855,0.16024672954536523,0.19161012929273927,0.7257759691902869,0.7230925148264903,0.8363165879427101
tyk2-ejm_42,8,0.8,near,4,4,exact_dipole_nuclear_center,0.20059815087611382,0.2088424567180343,0.2395051784752502,0.8719747023741932,0.1571592735012959,0.19161012929273927,0.7240467730516784,0.7230925148264903,0.8202033685870029
tyk2-ejm_42,8,0.8,near,4,4,zero,0.23747894115917065,0.2395051784752502,0.2395051784752502,1.0,0.19161012929273927,0.19161012929273927,0.7230925148264903,0.7230925148264903,1.0
tyk2-ejm_42,8,1.8,near,4,4,glider,0.01606992869509173,0.02065203161322473,0.18581621760167027,0.11114224516988065,0.012971653768440672,0.17506471839852006,0.10967933036576215,0.28879486000723786,0.07409633355655248
tyk2-ejm_42,8,1.8,near,4,4,mace_polar_l,0.025531491109894566,0.03301333395320531,0.18581621760167027,0.17766659110441693,0.030074357829131725,0.17506471839852006,0.11272485023151904,0.28879486000723786,0.17178994205257272
tyk2-ejm_42,8,1.8,near,4,4,exact_dipole_base_com,0.1481776887287716,0.15777086091405623,0.18581621760167027,0.8490693812973086,0.1465681730495781,0.17506471839852006,0.2597783482443967,0.28879486000723786,0.8372227961771715
tyk2-ejm_42,8,1.8,near,4,4,exact_dipole_solute_com,0.14954991051338778,0.15903731727654208,0.18581621760167027,0.8558850208514444,0.14768656681449333,0.17506471839852006,0.2605451617021557,0.28879486000723786,0.8436112551147932
tyk2-ejm_42,8,1.8,near,4,4,exact_dipole_nuclear_center,0.14754623918743948,0.15700998312855732,0.18581621760167027,0.8449745945487698,0.14579010229623252,0.17506471839852006,0.25925365877289114,0.28879486000723786,0.8327783212397695
tyk2-ejm_42,8,1.8,near,4,4,zero,0.1710387572824309,0.18581621760167027,0.18581621760167027,1.0,0.17506471839852006,0.17506471839852006,0.28879486000723786,0.28879486000723786,1.0
tyk2-ejm_42,8,3.5,intermediate,4,4,glider,0.016036594325520542,0.0183722904225846,0.09369468842055646,0.1960867871198742,0.01757325642272236,0.0902026976939017,0.032783614641113165,0.14044267700281016,0.1948196325830112
tyk2-ejm_42,8,3.5,intermediate,4,4,mace_polar_l,0.020903989010068666,0.0218900463610325,0.09369468842055646,0.23363166824118345,0.021843216048254583,0.0902026976939017,0.040388083696616645,0.14044267700281016,0.24215701532983452
tyk2-ejm_42,8,3.5,intermediate,4,4,exact_dipole_base_com,0.06895344267742298,0.0770074961715454,0.09369468842055646,0.8218982043666211,0.07347726204886126,0.0902026976939017,0.11869705416096286,0.14044267700281016,0.8145794297439157
tyk2-ejm_42,8,3.5,intermediate,4,4,exact_dipole_solute_com,0.0696285458084194,0.07760475682677367,0.09369468842055646,0.8282727456057938,0.07401271741627864,0.0902026976939017,0.11936209117340477,0.14044267700281016,0.8205155644838591
tyk2-ejm_42,8,3.5,intermediate,4,4,exact_dipole_nuclear_center,0.06865157926937254,0.07663030582467323,0.09369468842055646,0.8178724655202617,0.07309690546298855,0.0902026976939017,0.11825630338417273,0.14044267700281016,0.8103627422656383
tyk2-ejm_42,8,3.5,intermediate,4,4,zero,0.08218004802220517,0.09369468842055646,0.09369468842055646,1.0,0.0902026976939017,0.0902026976939017,0.14044267700281016,0.14044267700281016,1.0
tyk2-ejm_42,8,7.5,far,4,4,glider,0.004180093246315337,0.004837597669709494,0.02229669068949121,0.21696482841687048,0.004698160845215534,0.02153129665016625,0.007039740046726726,0.029821161765217683,0.2182014823143156
tyk2-ejm_42,8,7.5,far,4,4,mace_polar_l,0.0031301171982823363,0.003546050348476653,0.02229669068949121,0.15903931206024055,0.0034765110023481484,0.02153129665016625,0.005475630884939237,0.029821161765217683,0.1614631510044847
tyk2-ejm_42,8,7.5,far,4,4,exact_dipole_base_com,0.01448300181485481,0.015885704321359852,0.02229669068949121,0.7124691526015132,0.015111880791604585,0.02153129665016625,0.020501967175096003,0.029821161765217683,0.7018565132020463
tyk2-ejm_42,8,7.5,far,4,4,exact_dipole_solute_com,0.01467819149382819,0.01606378332573606,0.02229669068949121,0.7204559434152791,0.01527371251131047,0.02153129665016625,0.020714747322337877,0.029821161765217683,0.7093726290373012
tyk2-ejm_42,8,7.5,far,4,4,exact_dipole_nuclear_center,0.014399260932232915,0.015781706597011745,0.02229669068949121,0.7078048853433625,0.015006576864397351,0.02153129665016625,0.020356625418195863,0.029821161765217683,0.6969657753650188
tyk2-ejm_42,8,7.5,far,4,4,zero,0.019583828828621704,0.02229669068949121,0.02229669068949121,1.0,0.02153129665016625,0.02153129665016625,0.029821161765217683,0.029821161765217683,1.0
tyk2-ejm_42,8,15.0,far,4,4,glider,0.0009076180533541655,0.0010174934962476317,0.004336562371314234,0.2346313529301946,0.000985779860018929,0.004198816969885662,0.0015115446340945391,0.00579409851437907,0.23477562063053503
tyk2-ejm_42,8,15.0,far,4,4,mace_polar_l,0.0006095798029243005,0.0006729893968428487,0.004336562371314234,0.1551896039348082,0.0006497953391054174,0.004198816969885662,0.001002418831900803,0.00579409851437907,0.15475676690977835
tyk2-ejm_42,8,15.0,far,4,4,exact_dipole_base_com,0.002263895229647848,0.002420573105290346,0.004336562371314234,0.5581778602568028,0.0022790050286190314,0.004198816969885662,0.0028518169567764732,0.00579409851437907,0.5427731298992751
tyk2-ejm_42,8,15.0,far,4,4,exact_dipole_solute_com,0.0023042841236648464,0.002458670292243154,0.004336562371314234,0.5669629724472364,0.002313981232059028,0.004198816969885662,0.002895010571005995,0.00579409851437907,0.551103143731945
tyk2-ejm_42,8,15.0,far,4,4,exact_dipole_nuclear_center,0.0022472318244281327,0.002400216760910558,0.004336562371314234,0.553483740205759,0.002258195968539335,0.004198816969885662,0.0028209735647771106,0.00579409851437907,0.5378171958280972
tyk2-ejm_42,8,15.0,far,4,4,zero,0.0037960664578152235,0.004336562371314234,0.004336562371314234,1.0,0.004198816969885662,0.004198816969885662,0.00579409851437907,0.00579409851437907,1.0
tyk2-ejm_42,8,0.8,near,8,4,glider,0.05090047351412853,0.05823963933327345,0.07770551832297111,0.7494916781998583,0.058170943902685915,0.0724491467377156,0.039354731680853974,0.13691586421939736,0.8029210352646329
tyk2-ejm_42,8,0.8,near,8,4,mace_polar_l,0.028527867135214744,0.043065038669235965,0.07770551832297111,0.5542082415594053,0.03226078660383723,0.0724491467377156,0.02237249516051205,0.13691586421939736,0.4452887032697501
tyk2-ejm_42,8,0.8,near,8,4,exact_dipole_base_com,0.09484601459108831,0.11176223680518756,0.07770551832297111,1.438279278193151,0.11147951874614485,0.0724491467377156,0.2585021525482107,0.13691586421939736,1.5387278355358573
tyk2-ejm_42,8,0.8,near,8,4,exact_dipole_solute_com,0.09791547730066885,0.11653109604916523,0.07770551832297111,1.4996501994211213,0.11637401260343992,0.0724491467377156,0.2693482704637578,0.13691586421939736,1.6062854822120065
tyk2-ejm_42,8,0.8,near,8,4,exact_dipole_nuclear_center,0.09435018728412334,0.11124414980550804,0.07770551832297111,1.431611965357965,0.11082743407633558,0.0724491467377156,0.2540482751738402,0.13691586421939736,1.529727250999369
tyk2-ejm_42,8,0.8,near,8,4,zero,0.07084316638701327,0.07770551832297111,0.07770551832297111,1.0,0.0724491467377156,0.0724491467377156,0.13691586421939736,0.13691586421939736,1.0
tyk2-ejm_42,8,1.8,near,8,4,glider,0.0258548897076903,0.028131770667623134,0.0385771439066416,0.7292341479634487,0.026430726076482558,0.035181394088948284,0.00826452530036377,0.0702151705094997,0.7512700039588648
tyk2-ejm_42,8,1.8,near,8,4,mace_polar_l,0.01872398755942145,0.02044611681393395,0.0385771439066416,0.5300059761659509,0.020048668583922014,0.035181394088948284,0.009734938023603973,0.0702151705094997,0.569865666301723
tyk2-ejm_42,8,1.8,near,8,4,exact_dipole_base_com,0.05286281805066925,0.06186941111342825,0.0385771439066416,1.603784128321033,0.06170434837177234,0.035181394088948284,0.14508301835657963,0.0702151705094997,1.7538915091245872
tyk2-ejm_42,8,1.8,near,8,4,exact_dipole_solute_com,0.0546019589675974,0.0644752588719114,0.0385771439066416,1.671333135183475,0.06436984074594562,0.035181394088948284,0.1509017280850087,0.0702151705094997,1.8296557715479063
tyk2-ejm_42,8,1.8,near,8,4,exact_dipole_nuclear_center,0.052511758299586764,0.061485098171009056,0.0385771439066416,1.5938219355949657,0.06125245100632308,0.035181394088948284,0.14269175851277965,0.0702151705094997,1.7410467263309681
tyk2-ejm_42,8,1.8,near,8,4,zero,0.0356069704552062,0.0385771439066416,0.0385771439066416,1.0,0.035181394088948284,0.035181394088948284,0.0702151705094997,0.0702151705094997,1.0
tyk2-ejm_42,8,3.5,intermediate,8,4,glider,0.009282976171152257,0.011783869183140543,0.016335686623342484,0.7213574461144638,0.00994772097529055,0.014632308014518073,0.014150906188193596,0.026692610111434843,0.6798463349336613
tyk2-ejm_42,8,3.5,intermediate,8,4,mace_polar_l,0.010379339282272543,0.011574826999379508,0.016335686623342484,0.7085607887972054,0.00973525106407942,0.014632308014518073,0.006045277744016751,0.026692610111434843,0.6653257336040338
tyk2-ejm_42,8,3.5,intermediate,8,4,exact_dipole_base_com,0.024870815812636025,0.029340824156291908,0.016335686623342484,1.7961182062813354,0.02927598663585716,0.014632308014518073,0.06671154855743601,0.026692610111434843,2.0007770890832624
tyk2-ejm_42,8,3.5,intermediate,8,4,exact_dipole_solute_com,0.025674237500384944,0.03052404629350351,0.016335686623342484,1.8685499420567306,0.03047796884659354,0.014632308014518073,0.06932852507751305,0.026692610111434843,2.0829228592203988
tyk2-ejm_42,8,3.5,intermediate,8,4,exact_dipole_nuclear_center,0.024675283149949448,0.02913800946957567,0.016335686623342484,1.7837027693675034,0.029049033732538188,0.014632308014518073,0.06565648421856646,0.026692610111434843,1.9852666922891413
tyk2-ejm_42,8,3.5,intermediate,8,4,zero,0.015862016108625223,0.016335686623342484,0.016335686623342484,1.0,0.014632308014518073,0.014632308014518073,0.026692610111434843,0.026692610111434843,1.0
tyk2-ejm_42,8,7.5,far,8,4,glider,0.002761980365531755,0.003033545374939722,0.004107458627227534,0.7385455704485852,0.0025970484575229854,0.0033909262329287347,0.006493015449518466,0.0033915682465480664,0.7658817323430599
tyk2-ejm_42,8,7.5,far,8,4,mace_polar_l,0.002309290760684852,0.0027470685668907965,0.004107458627227534,0.6688000577001604,0.0022999374770840265,0.0033909262329287347,0.005089243776911893,0.0033915682465480664,0.6782623151013156
tyk2-ejm_42,8,7.5,far,8,4,exact_dipole_base_com,0.006720752450167485,0.007983977887136496,0.004107458627227534,1.9437756071874417,0.007938935658865673,0.0033909262329287347,0.01569267191928937,0.0033915682465480664,2.341229243435601
tyk2-ejm_42,8,7.5,far,8,4,exact_dipole_solute_com,0.006921615718920141,0.008267747889467313,0.004107458627227534,2.012862122252928,0.008227988064058065,0.0033909262329287347,0.016317110805659306,0.0033915682465480664,2.426472149160134
tyk2-ejm_42,8,7.5,far,8,4,exact_dipole_nuclear_center,0.006661858423176299,0.007932605574746093,0.004107458627227534,1.9312685274934758,0.00787998121187371,0.0033909262329287347,0.01544803593528748,0.0033915682465480664,2.323843301382522
tyk2-ejm_42,8,7.5,far,8,4,zero,0.004029893441451632,0.004107458627227534,0.004107458627227534,1.0,0.0033909262329287347,0.0033909262329287347,0.0033915682465480664,0.0033915682465480664,1.0
tyk2-ejm_42,8,15.0,far,8,4,glider,0.0006930011182278467,0.000738812356527786,0.0009069769792196572,0.8145877717463609,0.000694069889108508,0.0007107526290884663,0.0017641952905166796,0.001199828610794602,0.9765280643402562
tyk2-ejm_42,8,15.0,far,8,4,mace_polar_l,0.0006306985202564635,0.0006823271969224468,0.0009069769792196572,0.7523092785767351,0.0006492614277055844,0.0007107526290884663,0.0016300373665912922,0.001199828610794602,0.9134843842058752
tyk2-ejm_42,8,15.0,far,8,4,exact_dipole_base_com,0.0013091891544493636,0.0015466381467337958,0.0009069769792196572,1.7052672583426416,0.001529302161258831,0.0007107526290884663,0.002674941012260236,0.001199828610794602,2.151665852042147
tyk2-ejm_42,8,15.0,far,8,4,exact_dipole_solute_com,0.0013455635231070528,0.0015958807738614223,0.0009069769792196572,1.7595603972600082,0.0015795060415229874,0.0007107526290884663,0.0027809963694937333,0.001199828610794602,2.22230066675756
tyk2-ejm_42,8,15.0,far,8,4,exact_dipole_nuclear_center,0.001297199523539326,0.0015369776220954833,0.0009069769792196572,1.6946159134246876,0.0015180058548637013,0.0007107526290884663,0.0026339886362978827,0.001199828610794602,2.135772409045507
tyk2-ejm_42,8,15.0,far,8,4,zero,0.0006671812882751738,0.0009069769792196572,0.0009069769792196572,1.0,0.0007107526290884663,0.0007107526290884663,0.001199828610794602,0.001199828610794602,1.0
tyk2-ejm_45,9,0.8,near,0,4,glider,0.2184554823796048,0.25092491667217204,0.1228415196315484,2.0426718704294586,0.25089997032873895,0.12123362483796017,0.2527072686575356,0.20965088225981687,2.069557605524785
tyk2-ejm_45,9,0.8,near,0,4,mace_polar_l,0.07203425059248632,0.07272323354430024,0.1228415196315484,0.5920085795293542,0.009986763175209528,0.12123362483796017,0.03823703596745193,0.20965088225981687,0.08237618225601809
tyk2-ejm_45,9,0.8,near,0,4,exact_dipole_base_com,1.7097785445850975,1.9125089458020572,0.1228415196315484,15.56891311291531,1.9073625244591166,0.12123362483796017,1.6232719537105558,0.20965088225981687,15.732949724207959
tyk2-ejm_45,9,0.8,near,0,4,exact_dipole_solute_com,0.8920570629440399,0.9475486922141387,0.1228415196315484,7.713586538624905,0.9169351010171322,0.12123362483796017,1.4136729169897098,0.20965088225981687,7.563372803895782
tyk2-ejm_45,9,0.8,near,0,4,exact_dipole_nuclear_center,1.639816659305702,1.7975498750350418,0.1228415196315484,14.633080740344338,1.7850816054375467,0.12123362483796017,1.680397304581283,0.20965088225981687,14.724311079731152
tyk2-ejm_45,9,0.8,near,0,4,zero,0.10109330436604218,0.1228415196315484,0.1228415196315484,1.0,0.12123362483796017,0.12123362483796017,0.20965088225981687,0.20965088225981687,1.0
tyk2-ejm_45,9,1.8,near,0,4,glider,0.07127425736492243,0.07618423448448863,0.10522879172591035,0.723986593734972,0.07385510943383981,0.10520418236611892,0.08993308537458299,0.18834816962125717,0.7020168568661858
tyk2-ejm_45,9,1.8,near,0,4,mace_polar_l,0.03633274286163811,0.03764704174928317,0.10522879172591035,0.35776369881108677,0.00986060589529643,0.10520418236611892,0.035477360414029775,0.18834816962125717,0.09372826891026763
tyk2-ejm_45,9,1.8,near,0,4,exact_dipole_base_com,0.5379453498531508,0.5743324010165097,0.10522879172591035,5.457939710193333,0.5615890023659278,0.10520418236611892,0.7686891392743536,0.18834816962125717,5.338086278847293
tyk2-ejm_45,9,1.8,near,0,4,exact_dipole_solute_com,0.35565472953432276,0.3872104643344915,0.10522879172591035,3.6797007547426697,0.3742013781497588,0.10520418236611892,0.6544779536329902,0.18834816962125717,3.556905911283149
tyk2-ejm_45,9,1.8,near,0,4,exact_dipole_nuclear_center,0.5269749650566847,0.5597253590407759,0.10522879172591035,5.319127492204736,0.5447180878158918,0.10520418236611892,0.7751548634719663,0.18834816962125717,5.1777227441417635
tyk2-ejm_45,9,1.8,near,0,4,zero,0.0848338417901908,0.10522879172591035,0.10522879172591035,1.0,0.10520418236611892,0.10520418236611892,0.18834816962125717,0.18834816962125717,1.0
tyk2-ejm_45,9,3.5,intermediate,0,4,glider,0.008395266287477351,0.009235849503115803,0.037387643289364114,0.24702946456491898,0.00846407670277766,0.03726559575148093,0.007307062533480631,0.073331895636413,0.2271284419877092
tyk2-ejm_45,9,3.5,intermediate,0,4,mace_polar_l,0.007777294149909566,0.008727557770907442,0.037387643289364114,0.23343428478120265,0.008721855226411172,0.03726559575148093,0.01647097852704396,0.073331895636413,0.23404577467581653
tyk2-ejm_45,9,3.5,intermediate,0,4,exact_dipole_base_com,0.06587655370938898,0.08062401229452401,0.037387643289364114,2.156434725519584,0.07900431126889058,0.03726559575148093,0.17249396518512358,0.073331895636413,2.120033496734074
tyk2-ejm_45,9,3.5,intermediate,0,4,exact_dipole_solute_com,0.059579516365488,0.07093781714173517,0.037387643289364114,1.8973599537341064,0.06969305245202433,0.03726559575148093,0.15771014522931115,0.073331895636413,1.8701714288105733
tyk2-ejm_45,9,3.5,intermediate,0,4,exact_dipole_nuclear_center,0.06560630467716941,0.07994839064048921,0.037387643289364114,2.138364004966117,0.07826069944935506,0.03726559575148093,0.17249066591051215,0.073331895636413,2.1000791177810427
tyk2-ejm_45,9,3.5,intermediate,0,4,zero,0.03269753215087956,0.037387643289364114,0.037387643289364114,1.0,0.03726559575148093,0.03726559575148093,0.073331895636413,0.073331895636413,1.0
tyk2-ejm_45,9,7.5,far,0,4,glider,0.001452248206125228,0.0015437820296540226,0.004995768977598054,0.3090178982608333,0.0014626624435848529,0.004746085012748687,0.00043084073964413813,0.002749984498500329,0.3081829422894712
tyk2-ejm_45,9,7.5,far,0,4,mace_polar_l,0.0014422660449374025,0.0016908413100041738,0.004995768977598054,0.33845466385379647,0.0016861901730886911,0.004746085012748687,0.003414860628322974,0.002749984498500329,0.35528022961226663
tyk2-ejm_45,9,7.5,far,0,4,exact_dipole_base_com,0.004323382561375173,0.005454648273131969,0.004995768977598054,1.0918535860228153,0.005417232189836706,0.004746085012748687,0.013091011812799588,0.002749984498500329,1.1414106943481246
tyk2-ejm_45,9,7.5,far,0,4,exact_dipole_solute_com,0.003935147896038759,0.005288269940127176,0.004995768977598054,1.05854973755607,0.005268693603284702,0.004746085012748687,0.012271012515822874,0.002749984498500329,1.1101136176727158
tyk2-ejm_45,9,7.5,far,0,4,exact_dipole_nuclear_center,0.004305567647261688,0.0054478696246903525,0.004995768977598054,1.0904967081383468,0.005409522408760059,0.004746085012748687,0.013120473256544094,0.002749984498500329,1.1397862436575157
tyk2-ejm_45,9,7.5,far,0,4,zero,0.004702789637210355,0.004995768977598054,0.004995768977598054,1.0,0.004746085012748687,0.004746085012748687,0.002749984498500329,0.002749984498500329,1.0
tyk2-ejm_45,9,15.0,far,0,4,glider,0.00033785237784672974,0.00037865902459375097,0.0010799781434132664,0.3506173036030162,0.00035451496762719484,0.0009813982359079556,0.0002175215410080292,0.0012797143443929488,0.36123456784004704
tyk2-ejm_45,9,15.0,far,0,4,mace_polar_l,0.0005186128979449927,0.0006398238462275458,0.0010799781434132664,0.5924414768296933,0.0006363426600672897,0.0009813982359079556,0.0007011235254971234,0.0012797143443929488,0.6484041205541475
tyk2-ejm_45,9,15.0,far,0,4,exact_dipole_base_com,0.0005643864827143072,0.0007677878998242498,0.0010799781434132664,0.7109291095444389,0.0007653639383043483,0.0009813982359079556,0.0015363019465115518,0.0012797143443929488,0.7798709130511735
tyk2-ejm_45,9,15.0,far,0,4,exact_dipole_solute_com,0.0005618438812005125,0.0007543563900975714,0.0010799781434132664,0.6984922747727387,0.0007536089832977686,0.0009813982359079556,0.001412572587594273,0.0012797143443929488,0.767893150531859
tyk2-ejm_45,9,15.0,far,0,4,exact_dipole_nuclear_center,0.0005685170876481208,0.0007678954198277058,0.0010799781434132664,0.7110286671179988,0.0007654101639919018,0.0009813982359079556,0.001539372694796895,0.0012797143443929488,0.7799180149165144
tyk2-ejm_45,9,15.0,far,0,4,zero,0.0009955842165410187,0.0010799781434132664,0.0010799781434132664,1.0,0.0009813982359079556,0.0009813982359079556,0.0012797143443929488,0.0012797143443929488,1.0
tyk2-ejm_45,9,0.8,near,4,4,glider,0.32995394634707187,0.35815980561245037,0.3581251534466872,1.0000967599327488,0.13931561163897557,0.2022637971452242,0.5165364044970666,0.2529130591745465,0.6887817474273352
tyk2-ejm_45,9,0.8,near,4,4,mace_polar_l,0.1082295207522415,0.12146624241414795,0.3581251534466872,0.3391726083608651,0.11497153778621827,0.2022637971452242,0.27944587515675257,0.2529130591745465,0.5684237090816079
tyk2-ejm_45,9,0.8,near,4,4,exact_dipole_base_com,0.2891571086148604,0.36122097354149724,0.3581251534466872,1.008644520121011,0.21649193579383247,0.2022637971452242,0.2462972655706205,0.2529130591745465,1.0703444652450214
tyk2-ejm_45,9,0.8,near,4,4,exact_dipole_solute_com,0.2882835075693372,0.36056372851345375,0.3581251534466872,1.006809281736558,0.21656135754802497,0.2022637971452242,0.2426474447317532,0.2529130591745465,1.0706876890704036
tyk2-ejm_45,9,0.8,near,4,4,exact_dipole_nuclear_center,0.28895118299026934,0.3612960856825049,0.3581251534466872,1.0088542572486177,0.21689185180182272,0.2022637971452242,0.24620361969727284,0.2529130591745465,1.0723216653848127
tyk2-ejm_45,9,0.8,near,4,4,zero,0.2955384609413957,0.3581251534466872,0.3581251534466872,1.0,0.2022637971452242,0.2022637971452242,0.2529130591745465,0.2529130591745465,1.0
tyk2-ejm_45,9,1.8,near,4,4,glider,0.03008180642857102,0.037704225327424304,0.15328564809037215,0.2459736172116723,0.026930181080802917,0.15048995432306475,0.04768355663713878,0.3701747526449093,0.17895002494977486
tyk2-ejm_45,9,1.8,near,4,4,mace_polar_l,0.0469394091949174,0.050138096344176174,0.15328564809037215,0.3270893065906367,0.017621593839661494,0.15048995432306475,0.05784895346349483,0.3701747526449093,0.11709481818189861
tyk2-ejm_45,9,1.8,near,4,4,exact_dipole_base_com,0.11240562404558418,0.16075964947353646,0.15328564809037215,1.0487586507691697,0.15881495862708525,0.15048995432306475,0.37637431998604554,0.3701747526449093,1.055319335708939
tyk2-ejm_45,9,1.8,near,4,4,exact_dipole_solute_com,0.11214145949093829,0.1608358170022243,0.15328564809037215,1.0492555500525451,0.1589713330668075,0.15048995432306475,0.3754706834889072,0.3701747526449093,1.0563584378897166
tyk2-ejm_45,9,1.8,near,4,4,exact_dipole_nuclear_center,0.1124576672624327,0.16091829575823297,0.15328564809037215,1.0497936223185151,0.1589939422223271,0.15048995432306475,0.37653446643269184,0.3701747526449093,1.0565086748648111
tyk2-ejm_45,9,1.8,near,4,4,zero,0.11268304325662049,0.15328564809037215,0.15328564809037215,1.0,0.15048995432306475,0.15048995432306475,0.3701747526449093,0.3701747526449093,1.0
tyk2-ejm_45,9,3.5,intermediate,4,4,glider,0.0013008995409764064,0.0014452622885078102,0.05252382834350149,0.027516316576467244,0.001381804670059414,0.05210037475214614,0.004069597636127823,0.11042436945427112,0.026521971802179675
tyk2-ejm_45,9,3.5,intermediate,4,4,mace_polar_l,0.007238639182019972,0.00843358289867978,0.05252382834350149,0.16056679729293238,0.008100590716646134,0.05210037475214614,0.0072062340880574925,0.11042436945427112,0.15548046928995365
tyk2-ejm_45,9,3.5,intermediate,4,4,exact_dipole_base_com,0.043498599112645975,0.05603903247095435,0.05252382834350149,1.0669258932243801,0.055842823053904485,0.05210037475214614,0.11338099872970872,0.11042436945427112,1.0718315044673299
tyk2-ejm_45,9,3.5,intermediate,4,4,exact_dipole_solute_com,0.04337020365528674,0.05610362799457582,0.05252382834350149,1.0681557259623715,0.055923317075638836,0.05210037475214614,0.11310193742477598,0.11042436945427112,1.0733764841746214
tyk2-ejm_45,9,3.5,intermediate,4,4,exact_dipole_nuclear_center,0.04352401606790385,0.05609911957724858,0.05252382834350149,1.0680698903051198,0.05590664660009391,0.05210037475214614,0.11344174627098252,0.11042436945427112,1.0730565157363092
tyk2-ejm_45,9,3.5,intermediate,4,4,zero,0.04179899859409134,0.05252382834350149,0.05252382834350149,1.0,0.05210037475214614,0.05210037475214614,0.11042436945427112,0.11042436945427112,1.0
tyk2-ejm_45,9,7.5,far,4,4,glider,0.0004915772427643934,0.0005233187812275201,0.009622260672224396,0.05438626109331369,0.0004776174487832281,0.009391749073774523,0.0008481556357798273,0.020454583546571703,0.050855005285109764
tyk2-ejm_45,9,7.5,far,4,4,mace_polar_l,0.002504551692988042,0.0028274510214981053,0.009622260672224396,0.29384477492485955,0.002811885444141275,0.009391749073774523,0.003783470308513823,0.020454583546571703,0.2993995497593916
tyk2-ejm_45,9,7.5,far,4,4,exact_dipole_base_com,0.009080988855414184,0.010849175528343519,0.009622260672224396,1.1275079628283957,0.010763924326325341,0.009391749073774523,0.02131377016036586,0.020454583546571703,1.146104334961682
tyk2-ejm_45,9,7.5,far,4,4,exact_dipole_solute_com,0.00905496451494053,0.010868952647324156,0.009622260672224396,1.1295633134008163,0.010790394879148842,0.009391749073774523,0.0212371931215479,0.020454583546571703,1.1489228251721388
tyk2-ejm_45,9,7.5,far,4,4,exact_dipole_nuclear_center,0.009089574116379541,0.010865872077091937,0.009622260672224396,1.1292431630393622,0.01078216240962921,0.009391749073774523,0.02132836862516882,0.020454583546571703,1.1480462611311957
tyk2-ejm_45,9,7.5,far,4,4,zero,0.008352187408272708,0.009622260672224396,0.009622260672224396,1.0,0.009391749073774523,0.009391749073774523,0.020454583546571703,0.020454583546571703,1.0
tyk2-ejm_45,9,15.0,far,4,4,glider,0.0002338522938945285,0.0002456520823981716,0.0014479849913120616,0.1696509866276853,0.00023969618083119476,0.001371610040453641,0.000311672898452399,0.0032673281553905406,0.1747553413592092
tyk2-ejm_45,9,15.0,far,4,4,mace_polar_l,0.0007164863650884332,0.0008342148231460415,0.0014479849913120616,0.5761211809178596,0.0008320639555609854,0.001371610040453641,0.001142837561573287,0.0032673281553905406,0.6066330305410945
tyk2-ejm_45,9,15.0,far,4,4,exact_dipole_base_com,0.0015694048772515613,0.0018050845559281468,0.0014479849913120616,1.246618277646999,0.0017898812691781007,0.001371610040453641,0.0034412084485959376,0.0032673281553905406,1.3049490863934783
tyk2-ejm_45,9,15.0,far,4,4,exact_dipole_solute_com,0.0015654121187025855,0.001810192359043334,0.0014479849913120616,1.2501458025494214,0.0017964990388822772,0.001371610040453641,0.003425679573075065,0.0032673281553905406,1.30977390504382
tyk2-ejm_45,9,15.0,far,4,4,exact_dipole_nuclear_center,0.0015715373818035653,0.0018090069809538257,0.0014479849913120616,1.2493271627868405,0.001794143427120673,0.001371610040453641,0.0034440699395898145,0.0032673281553905406,1.3080564987168546
tyk2-ejm_45,9,15.0,far,4,4,zero,0.001317031948518163,0.0014479849913120616,0.0014479849913120616,1.0,0.001371610040453641,0.001371610040453641,0.0032673281553905406,0.0032673281553905406,1.0
tyk2-ejm_45,9,0.8,near,8,4,glider,0.1833073344307278,0.19331477995364424,0.4358446791863623,0.443540529884466,0.06139238790295755,0.3163139417587569,0.1543353701241966,0.3145755822763802,0.19408688583755082
tyk2-ejm_45,9,0.8,near,8,4,mace_polar_l,0.13465601426303764,0.17369171944052547,0.4358446791863623,0.3985174713266531,0.10971130855567632,0.3163139417587569,0.1511465372200647,0.3145755822763802,0.3468431013368036
tyk2-ejm_45,9,0.8,near,8,4,exact_dipole_base_com,0.3758671378997515,0.40347210756107266,0.4358446791863623,0.9257245225851489,0.2885721585745033,0.3163139417587569,0.21216771919500033,0.3145755822763802,0.9122966789576054
tyk2-ejm_45,9,0.8,near,8,4,exact_dipole_solute_com,0.38600270794484565,0.41269686240189035,0.4358446791863623,0.946889757085748,0.2990818729674237,0.3163139417587569,0.22777355457489473,0.3145755822763802,0.9455222596401536
tyk2-ejm_45,9,0.8,near,8,4,exact_dipole_nuclear_center,0.3767474565926537,0.4046459192563223,0.4358446791863623,0.928417710666373,0.28963590777409054,0.3163139417587569,0.21572717680676157,0.3145755822763802,0.9156596328434589
tyk2-ejm_45,9,0.8,near,8,4,zero,0.39721640058654284,0.4358446791863623,0.4358446791863623,1.0,0.3163139417587569,0.3163139417587569,0.3145755822763802,0.3145755822763802,1.0
tyk2-ejm_45,9,1.8,near,8,4,glider,0.028978506603602763,0.04704082215927046,0.1251201651030843,0.37596515414213494,0.03994180983861721,0.11191723436771893,0.08730048828495086,0.22524136680836523,0.35688703410399775
tyk2-ejm_45,9,1.8,near,8,4,mace_polar_l,0.04581591558456723,0.05848676901971577,0.1251201651030843,0.4674447877488777,0.05626068828934168,0.11191723436771893,0.09564154350597771,0.22524136680836523,0.5026990579886
tyk2-ejm_45,9,1.8,near,8,4,exact_dipole_base_com,0.09850787657640828,0.11406257049543396,0.1251201651030843,0.9116242006351241,0.10186077756663559,0.11191723436771893,0.19838832124415223,0.22524136680836523,0.9101438053048959
tyk2-ejm_45,9,1.8,near,8,4,exact_dipole_solute_com,0.09836400408017291,0.1147831840606795,0.1251201651030843,0.9173835725529267,0.10248795313097883,0.11191723436771893,0.20111315484784362,0.22524136680836523,0.9157477283100212
tyk2-ejm_45,9,1.8,near,8,4,exact_dipole_nuclear_center,0.09869599746692667,0.114306462644108,0.1251201651030843,0.9135734639570922,0.10208288886197224,0.11191723436771893,0.19903460657073138,0.22524136680836523,0.912128408450171
tyk2-ejm_45,9,1.8,near,8,4,zero,0.10763664377799728,0.1251201651030843,0.1251201651030843,1.0,0.11191723436771893,0.11191723436771893,0.22524136680836523,0.22524136680836523,1.0
tyk2-ejm_45,9,3.5,intermediate,8,4,glider,0.011838633073942832,0.012187742003531161,0.03985825647987609,0.3057770981448873,0.011339452991596416,0.03778335395312686,0.01980931460924627,0.07077256213472378,0.3001176921896313
tyk2-ejm_45,9,3.5,intermediate,8,4,mace_polar_l,0.02143692282174462,0.02237530689574318,0.03985825647987609,0.5613719432770516,0.02032480958650097,0.03778335395312686,0.04052964930305761,0.07077256213472378,0.5379302645211288
tyk2-ejm_45,9,3.5,intermediate,8,4,exact_dipole_base_com,0.03447149561987238,0.03563168978740594,0.03985825647987609,0.893960070867523,0.034008698850089586,0.03778335395312686,0.05947235133056911,0.07077256213472378,0.9000974051239595
tyk2-ejm_45,9,3.5,intermediate,8,4,exact_dipole_solute_com,0.03439178388725868,0.03556651323118441,0.03985825647987609,0.892324862457079,0.03390448792335706,0.03778335395312686,0.060314581477104265,0.07077256213472378,0.8973392877037377
tyk2-ejm_45,9,3.5,intermediate,8,4,exact_dipole_nuclear_center,0.03453561907880659,0.03569735976611008,0.03985825647987609,0.8956076587076308,0.03406653126985332,0.03778335395312686,0.05967709358934728,0.07077256213472378,0.9016280373657525
tyk2-ejm_45,9,3.5,intermediate,8,4,zero,0.038535136639041324,0.03985825647987609,0.03985825647987609,1.0,0.03778335395312686,0.03778335395312686,0.07077256213472378,0.07077256213472378,1.0
tyk2-ejm_45,9,7.5,far,8,4,glider,0.0024515455213274173,0.002653358497554328,0.0093465131252164,0.28388752703890247,0.0025529332839311233,0.008971368380900416,0.002505919203563758,0.013629088781298348,0.2845645363717521
tyk2-ejm_45,9,7.5,far,8,4,mace_polar_l,0.0054497205058014675,0.005674453336376649,0.0093465131252164,0.607119816808182,0.0053800198252049545,0.008971368380900416,0.006807739827511534,0.013629088781298348,0.5996877618645937
tyk2-ejm_45,9,7.5,far,8,4,exact_dipole_base_com,0.007616238011088984,0.008009220543938917,0.0093465131252164,0.8569206972309772,0.007785521707463274,0.008971368380900416,0.010001804692837747,0.013629088781298348,0.8678187514892657
tyk2-ejm_45,9,7.5,far,8,4,exact_dipole_solute_com,0.007587404283893101,0.007954352340789651,0.0093465131252164,0.8510502509571433,0.007722475013780076,0.008971368380900416,0.010156323156893153,0.013629088781298348,0.8607912066369753
tyk2-ejm_45,9,7.5,far,8,4,exact_dipole_nuclear_center,0.007632508416273607,0.008022834993424991,0.0093465131252164,0.8583773313044203,0.007797327131415442,0.008971368380900416,0.010045578646491346,0.013629088781298348,0.8691346515226765
tyk2-ejm_45,9,7.5,far,8,4,zero,0.009068530137126126,0.0093465131252164,0.0093465131252164,1.0,0.008971368380900416,0.008971368380900416,0.013629088781298348,0.013629088781298348,1.0
tyk2-ejm_45,9,15.0,far,8,4,glider,0.0005663335197500844,0.0006135849896530947,0.001999282976208429,0.3069025230319009,0.0005978002007937012,0.0019228392492799617,0.0005829323932371398,0.0027926728612540463,0.31089452798384326
tyk2-ejm_45,9,15.0,far,8,4,mace_polar_l,0.0013068866084094777,0.0014118495454480112,0.001999282976208429,0.7061779459181586,0.0013611392519679022,0.0019228392492799617,0.0013078773741658117,0.0027926728612540463,0.7078798981649677
tyk2-ejm_45,9,15.0,far,8,4,exact_dipole_base_com,0.0014971023413666482,0.0016016237655094151,0.001999282976208429,0.8010990863068514,0.0015692948136774652,0.0019228392492799617,0.0018177620394498985,0.0027926728612540463,0.8161341694398598
tyk2-ejm_45,9,15.0,far,8,4,exact_dipole_solute_com,0.0014895785535488171,0.001587209644502473,0.001999282976208429,0.793889441059795,0.0015535178232503747,0.0019228392492799617,0.0018351050419933442,0.0027926728612540463,0.807929120352684
tyk2-ejm_45,9,15.0,far,8,4,exact_dipole_nuclear_center,0.0015004211540945458,0.0016041947672853858,0.001999282976208429,0.8023850482274829,0.001571530116581398,0.0019228392492799617,0.0018247778800878423,0.0027926728612540463,0.8172966706238616
tyk2-ejm_45,9,15.0,far,8,4,zero,0.0019384274986047486,0.001999282976208429,0.001999282976208429,1.0,0.0019228392492799617,0.0019228392492799617,0.0027926728612540463,0.0027926728612540463,1.0
