config_id,molecule_id,method,dipole_mse_D2,esp_nrmse,esp_rmse_mEh_per_e,response_rms_mEh_per_e,regime,perturbant
nonwater_environment__pros_azaaryl_sulfoxide__ch3cn__altered_orientation,pros_azaaryl_sulfoxide,aimnet2,0.1774553758029149,0.5565997333372923,2.4974937605456278,4.487055258850041,altered_orientation,CH3CN
nonwater_environment__pros_azaaryl_sulfoxide__ch3cn__equilibrium_like,pros_azaaryl_sulfoxide,aimnet2,0.07404906288066314,0.3950176902221034,1.4942766802431005,3.782809522791057,equilibrium_like,CH3CN
nonwater_environment__pros_azaaryl_sulfoxide__ch3oh__altered_orientation,pros_azaaryl_sulfoxide,aimnet2,1.8661838214449246e-05,0.5729874258617936,1.7365232391378262,3.0306480749137434,altered_orientation,CH3OH
nonwater_environment__pros_azaaryl_sulfoxide__ch3oh__equilibrium_like,pros_azaaryl_sulfoxide,aimnet2,0.8284697358355907,0.9388611531635218,5.55186908651689,5.913408034627585,equilibrium_like,CH3OH
nonwater_environment__pros_azaaryl_sulfoxide__nh3__altered_orientation,pros_azaaryl_sulfoxide,aimnet2,0.0190866529741139,0.93205295214802,2.767135235958507,2.96886054551014,altered_orientation,NH3
nonwater_environment__pros_azaaryl_sulfoxide__nh3__equilibrium_like,pros_azaaryl_sulfoxide,aimnet2,0.00191584944753136,0.6828986741563328,2.438268474128083,3.5704688944379206,equilibrium_like,NH3
nonwater_environment__pros_cyano_cyclic_acetal__ch3cn__altered_orientation,pros_cyano_cyclic_acetal,aimnet2,0.04753341703593297,0.6020566784611486,3.0433503274229414,5.05492329260713,altered_orientation,CH3CN
nonwater_environment__pros_cyano_cyclic_acetal__ch3cn__equilibrium_like,pros_cyano_cyclic_acetal,aimnet2,0.2737157587965773,0.8190227692062035,3.1501105105568654,3.8461818510979264,equilibrium_like,CH3CN
nonwater_environment__pros_cyano_cyclic_acetal__ch3oh__altered_orientation,pros_cyano_cyclic_acetal,aimnet2,0.17043541917708183,0.9464652361080401,3.601421073600319,3.8051276858405525,altered_orientation,CH3OH
nonwater_environment__pros_cyano_cyclic_acetal__ch3oh__equilibrium_like,pros_cyano_cyclic_acetal,aimnet2,0.0019369228976224197,0.6269416871012196,2.9108355208663683,4.642912699465166,equilibrium_like,CH3OH
nonwater_environment__pros_cyano_cyclic_acetal__nh3__altered_orientation,pros_cyano_cyclic_acetal,aimnet2,0.3373059734850013,1.1017426900264036,4.537284622394936,4.118279761208308,altered_orientation,NH3
nonwater_environment__pros_cyano_cyclic_acetal__nh3__equilibrium_like,pros_cyano_cyclic_acetal,aimnet2,0.09311062685406586,0.7668478075662835,4.866899307121141,6.346630008067754,equilibrium_like,NH3
nonwater_environment__pros_halogen_oxazinanone__ch3cn__altered_orientation,pros_halogen_oxazinanone,aimnet2,0.9248838386214281,1.2257102372976851,6.410564366547926,5.230081442969141,altered_orientation,CH3CN
nonwater_environment__pros_halogen_oxazinanone__ch3cn__equilibrium_like,pros_halogen_oxazinanone,aimnet2,1.2520263420334947,1.1415469199608586,6.292615879740084,5.512358510814296,equilibrium_like,CH3CN
nonwater_environment__pros_halogen_oxazinanone__ch3oh__altered_orientation,pros_halogen_oxazinanone,aimnet2,0.41104879970901176,0.9655160869884927,4.861622472398155,5.035257866662658,altered_orientation,CH3OH
nonwater_environment__pros_halogen_oxazinanone__ch3oh__equilibrium_like,pros_halogen_oxazinanone,aimnet2,0.4326145497516178,0.9274080163596086,4.679430478136278,5.0457084644411765,equilibrium_like,CH3OH
nonwater_environment__pros_halogen_oxazinanone__nh3__altered_orientation,pros_halogen_oxazinanone,aimnet2,0.376749259506653,1.0074094977478112,4.86166485525048,4.825907305936003,altered_orientation,NH3
nonwater_environment__pros_halogen_oxazinanone__nh3__equilibrium_like,pros_halogen_oxazinanone,aimnet2,2.5693970219943707,1.0993429486087865,9.318528700540678,8.476452877906057,equilibrium_like,NH3
nonwater_environment__pros_heteroaryl_amide__ch3cn__altered_orientation,pros_heteroaryl_amide,aimnet2,0.046160031222681704,1.0428680777017003,1.3498071231280124,1.2943220259486248,altered_orientation,CH3CN
nonwater_environment__pros_heteroaryl_amide__ch3cn__equilibrium_like,pros_heteroaryl_amide,aimnet2,0.09793708811657864,0.9429525800494823,1.7950220620729422,1.9036185912750212,equilibrium_like,CH3CN
nonwater_environment__pros_heteroaryl_amide__ch3oh__altered_orientation,pros_heteroaryl_amide,aimnet2,0.022005767245089763,0.9987727840369466,1.1492104235808318,1.1506224858629308,altered_orientation,CH3OH
nonwater_environment__pros_heteroaryl_amide__ch3oh__equilibrium_like,pros_heteroaryl_amide,aimnet2,0.09623365180917876,1.7529898591188944,1.7497429015170454,0.9981477601909909,equilibrium_like,CH3OH
nonwater_environment__pros_heteroaryl_amide__nh3__altered_orientation,pros_heteroaryl_amide,aimnet2,0.006162147890324161,0.8647090063153411,1.1812802240765754,1.3661014462081218,altered_orientation,NH3
nonwater_environment__pros_heteroaryl_amide__nh3__equilibrium_like,pros_heteroaryl_amide,aimnet2,0.017250997439052316,2.429679243380438,1.474336673408332,0.6068030080205451,equilibrium_like,NH3
nonwater_environment__pros_isoxazole_thioether__ch3cn__altered_orientation,pros_isoxazole_thioether,aimnet2,0.3886558982971546,1.0936941779143292,2.9360040279536936,2.6844835487308187,altered_orientation,CH3CN
nonwater_environment__pros_isoxazole_thioether__ch3cn__equilibrium_like,pros_isoxazole_thioether,aimnet2,0.32892985818518544,1.0828553056475572,2.720027780389967,2.5119032674114905,equilibrium_like,CH3CN
nonwater_environment__pros_isoxazole_thioether__ch3oh__altered_orientation,pros_isoxazole_thioether,aimnet2,0.14630044409102397,0.8159257116752238,1.7892806093159077,2.1929454896601226,altered_orientation,CH3OH
nonwater_environment__pros_isoxazole_thioether__ch3oh__equilibrium_like,pros_isoxazole_thioether,aimnet2,0.04907896208663572,0.5131405484533863,1.1242731258763827,2.190965280886415,equilibrium_like,CH3OH
nonwater_environment__pros_isoxazole_thioether__nh3__altered_orientation,pros_isoxazole_thioether,aimnet2,0.0065368073466315025,0.8090557748038447,1.8163888443267053,2.2450724670583906,altered_orientation,NH3
nonwater_environment__pros_isoxazole_thioether__nh3__equilibrium_like,pros_isoxazole_thioether,aimnet2,0.00896163869518544,0.7684678021484649,2.2053059094855083,2.8697440586579734,equilibrium_like,NH3
nonwater_environment__pros_polyfunctional_oxane__ch3cn__altered_orientation,pros_polyfunctional_oxane,aimnet2,0.3053154375898219,0.6285340925137548,3.7851725281559885,6.022223095357638,altered_orientation,CH3CN
nonwater_environment__pros_polyfunctional_oxane__ch3cn__equilibrium_like,pros_polyfunctional_oxane,aimnet2,0.018974756886206864,0.3581147415669208,1.22459806711048,3.419568995546751,equilibrium_like,CH3CN
nonwater_environment__pros_polyfunctional_oxane__ch3oh__altered_orientation,pros_polyfunctional_oxane,aimnet2,0.08280006853561195,1.1985383106945824,3.539387918694083,2.9530870119979067,altered_orientation,CH3OH
nonwater_environment__pros_polyfunctional_oxane__ch3oh__equilibrium_like,pros_polyfunctional_oxane,aimnet2,0.09376300895910465,1.0652585336894302,3.02956503832897,2.843971620519514,equilibrium_like,CH3OH
nonwater_environment__pros_polyfunctional_oxane__nh3__altered_orientation,pros_polyfunctional_oxane,aimnet2,0.21412417694356942,2.150098955924029,4.354391517021655,2.0252051678943803,altered_orientation,NH3
nonwater_environment__pros_polyfunctional_oxane__nh3__equilibrium_like,pros_polyfunctional_oxane,aimnet2,0.10361450234207592,0.9504035190991251,3.2969431356137804,3.468992979675526,equilibrium_like,NH3
nonwater_environment__pros_sulfonyl_piperidinol__ch3cn__altered_orientation,pros_sulfonyl_piperidinol,aimnet2,0.006141338227060405,0.647875488007081,1.7714669806633432,2.734270725556424,altered_orientation,CH3CN
nonwater_environment__pros_sulfonyl_piperidinol__ch3cn__equilibrium_like,pros_sulfonyl_piperidinol,aimnet2,0.046237808605643756,0.456930951615627,1.6360613165092233,3.5805438671300336,equilibrium_like,CH3CN
nonwater_environment__pros_sulfonyl_piperidinol__ch3oh__altered_orientation,pros_sulfonyl_piperidinol,aimnet2,0.04620851480849671,1.023845132799477,3.0322794856417854,2.961658349003126,altered_orientation,CH3OH
nonwater_environment__pros_sulfonyl_piperidinol__ch3oh__equilibrium_like,pros_sulfonyl_piperidinol,aimnet2,0.5519105605343192,1.2070763893306569,7.099441436705961,5.881517938266288,equilibrium_like,CH3OH
nonwater_environment__pros_sulfonyl_piperidinol__nh3__altered_orientation,pros_sulfonyl_piperidinol,aimnet2,0.08617587003988704,1.643276278683765,3.6200271838290488,2.20293278177704,altered_orientation,NH3
nonwater_environment__pros_sulfonyl_piperidinol__nh3__equilibrium_like,pros_sulfonyl_piperidinol,aimnet2,0.028114546487560777,0.9685668790890046,2.601579479256972,2.6860091289761154,equilibrium_like,NH3
nonwater_environment__prospective_diverse_01__ch3cn__altered_orientation,prospective_diverse_01,aimnet2,0.006999435754356048,0.2736998939749064,1.4864521644754778,5.4309563035919926,altered_orientation,CH3CN
nonwater_environment__prospective_diverse_01__ch3cn__equilibrium_like,prospective_diverse_01,aimnet2,0.006320682675525963,0.262747106556473,1.4604785149571562,5.558495140433645,equilibrium_like,CH3CN
nonwater_environment__prospective_diverse_01__ch3oh__altered_orientation,prospective_diverse_01,aimnet2,0.00808795619527094,0.42690573738390125,1.9041875976675715,4.4604403991769335,altered_orientation,CH3OH
nonwater_environment__prospective_diverse_01__ch3oh__equilibrium_like,prospective_diverse_01,aimnet2,0.01239385452581236,0.540353059849955,2.8776624026456106,5.3255225452867405,equilibrium_like,CH3OH
nonwater_environment__prospective_diverse_01__nh3__altered_orientation,prospective_diverse_01,aimnet2,0.06798304147141031,0.6980543951175421,4.436534302755694,6.355571046879014,altered_orientation,NH3
nonwater_environment__prospective_diverse_01__nh3__equilibrium_like,prospective_diverse_01,aimnet2,0.030408604489456485,0.7779660674427248,3.9363246949807436,5.059763991917992,equilibrium_like,NH3
nonwater_environment__prospective_diverse_02__ch3cn__altered_orientation,prospective_diverse_02,aimnet2,0.011018329553160988,0.6226177349037813,4.394951406647319,7.058827849364924,altered_orientation,CH3CN
nonwater_environment__prospective_diverse_02__ch3cn__equilibrium_like,prospective_diverse_02,aimnet2,0.13754848607714668,0.6670635308292764,3.7081028202747772,5.558845070821003,equilibrium_like,CH3CN
nonwater_environment__prospective_diverse_02__ch3oh__altered_orientation,prospective_diverse_02,aimnet2,0.04367967441370637,0.7345956577401501,3.1709471100340325,4.316588420613423,altered_orientation,CH3OH
nonwater_environment__prospective_diverse_02__ch3oh__equilibrium_like,prospective_diverse_02,aimnet2,0.015391292658446076,0.5344049961207576,2.2549797535503946,4.219608293184528,equilibrium_like,CH3OH
nonwater_environment__prospective_diverse_02__nh3__altered_orientation,prospective_diverse_02,aimnet2,0.03256412705920961,0.9644673516895771,4.163635358756346,4.317030899451795,altered_orientation,NH3
nonwater_environment__prospective_diverse_02__nh3__equilibrium_like,prospective_diverse_02,aimnet2,0.04044254170820027,0.7727388399453925,3.924234667851691,5.078345315383665,equilibrium_like,NH3
nonwater_environment__prospective_diverse_03__ch3cn__altered_orientation,prospective_diverse_03,aimnet2,0.005798963729937532,1.2799126539744834,1.3139609434578843,1.026602041457807,altered_orientation,CH3CN
nonwater_environment__prospective_diverse_03__ch3cn__equilibrium_like,prospective_diverse_03,aimnet2,0.027327291400355353,0.5309000187315047,3.6338523390467867,6.844701847495239,equilibrium_like,CH3CN
nonwater_environment__prospective_diverse_03__ch3oh__altered_orientation,prospective_diverse_03,aimnet2,0.0009173585175914251,0.9289250862989527,0.6198312182062394,0.6672564099606645,altered_orientation,CH3OH
nonwater_environment__prospective_diverse_03__ch3oh__equilibrium_like,prospective_diverse_03,aimnet2,0.03633056753479542,0.9434805384084415,1.2615962611991292,1.3371725328084854,equilibrium_like,CH3OH
nonwater_environment__prospective_diverse_03__nh3__altered_orientation,prospective_diverse_03,aimnet2,0.0009608561007156518,1.0359425140251959,1.1283364571250034,1.089188291675382,altered_orientation,NH3
nonwater_environment__prospective_diverse_03__nh3__equilibrium_like,prospective_diverse_03,aimnet2,0.006400102467197045,1.3128174692715011,1.03048714302416,0.7849431982315032,equilibrium_like,NH3
nonwater_environment__prospective_diverse_04__ch3cn__altered_orientation,prospective_diverse_04,aimnet2,0.21664246730206463,0.5173662604351116,3.372062746945336,6.517747686347751,altered_orientation,CH3CN
nonwater_environment__prospective_diverse_04__ch3cn__equilibrium_like,prospective_diverse_04,aimnet2,0.02142997730159023,0.44714741372778216,2.8653012470709465,6.407956658372414,equilibrium_like,CH3CN
nonwater_environment__prospective_diverse_04__ch3oh__altered_orientation,prospective_diverse_04,aimnet2,0.051654000041547195,0.49467670193204827,3.597911674651705,7.273258798321041,altered_orientation,CH3OH
nonwater_environment__prospective_diverse_04__ch3oh__equilibrium_like,prospective_diverse_04,aimnet2,0.032471967872957204,0.7848239964060458,4.044099671565412,5.152874644614089,equilibrium_like,CH3OH
nonwater_environment__prospective_diverse_04__nh3__altered_orientation,prospective_diverse_04,aimnet2,0.318893264544636,1.614621008285313,7.103832994033931,4.3996906751374585,altered_orientation,NH3
nonwater_environment__prospective_diverse_04__nh3__equilibrium_like,prospective_diverse_04,aimnet2,0.2921758438038212,1.2235196046922947,6.850237658245696,5.598796808792023,equilibrium_like,NH3
nonwater_environment__prospective_diverse_05__ch3cn__altered_orientation,prospective_diverse_05,aimnet2,0.0220645677571626,0.5677830219221941,2.885861323349882,5.0826833701014476,altered_orientation,CH3CN
nonwater_environment__prospective_diverse_05__ch3cn__equilibrium_like,prospective_diverse_05,aimnet2,0.002622842442144958,0.3851055898734073,1.843455582628676,4.786883470672707,equilibrium_like,CH3CN
nonwater_environment__prospective_diverse_05__ch3oh__altered_orientation,prospective_diverse_05,aimnet2,0.028210856359880996,0.49929463442792726,3.626611652839209,7.263470109176002,altered_orientation,CH3OH
nonwater_environment__prospective_diverse_05__ch3oh__equilibrium_like,prospective_diverse_05,aimnet2,0.010496551743354371,0.532339537937844,2.263052200122529,4.2511443145648204,equilibrium_like,CH3OH
nonwater_environment__prospective_diverse_05__nh3__altered_orientation,prospective_diverse_05,aimnet2,0.001083115489654708,0.8371754896735302,3.983278592397708,4.757997148185801,altered_orientation,NH3
nonwater_environment__prospective_diverse_05__nh3__equilibrium_like,prospective_diverse_05,aimnet2,0.1008923866000949,1.0888315575882552,4.343924792838217,3.9895287407539337,equilibrium_like,NH3
nonwater_environment__pros_azaaryl_sulfoxide__ch3cn__altered_orientation,pros_azaaryl_sulfoxide,aimnet2_2025,1.718793873079278,1.4057343849733226,6.307607864640875,4.487055258850041,altered_orientation,CH3CN
nonwater_environment__pros_azaaryl_sulfoxide__ch3cn__equilibrium_like,pros_azaaryl_sulfoxide,aimnet2_2025,0.2716363541779045,0.859055848018432,3.2496446424934713,3.782809522791057,equilibrium_like,CH3CN
nonwater_environment__pros_azaaryl_sulfoxide__ch3oh__altered_orientation,pros_azaaryl_sulfoxide,aimnet2_2025,0.19051135496242352,1.0090130430973512,3.0579634366258457,3.0306480749137434,altered_orientation,CH3OH
nonwater_environment__pros_azaaryl_sulfoxide__ch3oh__equilibrium_like,pros_azaaryl_sulfoxide,aimnet2_2025,8.33511216447864,2.5727209093916117,15.213548496450745,5.913408034627585,equilibrium_like,CH3OH
nonwater_environment__pros_azaaryl_sulfoxide__nh3__altered_orientation,pros_azaaryl_sulfoxide,aimnet2_2025,0.14140399680656024,0.9859962213194894,2.9272852794975157,2.96886054551014,altered_orientation,NH3
nonwater_environment__pros_azaaryl_sulfoxide__nh3__equilibrium_like,pros_azaaryl_sulfoxide,aimnet2_2025,0.28833998920963383,1.14511463703157,4.08859619208679,3.5704688944379206,equilibrium_like,NH3
nonwater_environment__pros_cyano_cyclic_acetal__ch3cn__altered_orientation,pros_cyano_cyclic_acetal,aimnet2_2025,0.28928008739749306,0.789290522434292,3.9898030464871526,5.05492329260713,altered_orientation,CH3CN
nonwater_environment__pros_cyano_cyclic_acetal__ch3cn__equilibrium_like,pros_cyano_cyclic_acetal,aimnet2_2025,0.6105339924020793,1.1350015026665996,4.36542218052515,3.8461818510979264,equilibrium_like,CH3CN
nonwater_environment__pros_cyano_cyclic_acetal__ch3oh__altered_orientation,pros_cyano_cyclic_acetal,aimnet2_2025,0.12545425532690943,0.8666485695141124,3.2977084657522595,3.8051276858405525,altered_orientation,CH3OH
nonwater_environment__pros_cyano_cyclic_acetal__ch3oh__equilibrium_like,pros_cyano_cyclic_acetal,aimnet2_2025,0.1894678534526205,0.6380302291412719,2.962318653522681,4.642912699465166,equilibrium_like,CH3OH
nonwater_environment__pros_cyano_cyclic_acetal__nh3__altered_orientation,pros_cyano_cyclic_acetal,aimnet2_2025,1.2586228015768317,1.6026551880119018,6.600182424984911,4.118279761208308,altered_orientation,NH3
nonwater_environment__pros_cyano_cyclic_acetal__nh3__equilibrium_like,pros_cyano_cyclic_acetal,aimnet2_2025,1.1398687135644945,1.0969465865092713,6.961914123187232,6.346630008067754,equilibrium_like,NH3
nonwater_environment__pros_halogen_oxazinanone__ch3cn__altered_orientation,pros_halogen_oxazinanone,aimnet2_2025,3.15645123163308,1.5802690991193769,8.264936090201815,5.230081442969141,altered_orientation,CH3CN
nonwater_environment__pros_halogen_oxazinanone__ch3cn__equilibrium_like,pros_halogen_oxazinanone,aimnet2_2025,4.100667239817297,1.7262695964852752,9.515816902145566,5.512358510814296,equilibrium_like,CH3CN
nonwater_environment__pros_halogen_oxazinanone__ch3oh__altered_orientation,pros_halogen_oxazinanone,aimnet2_2025,2.790662704510591,1.5610101170699655,7.860088471916542,5.035257866662658,altered_orientation,CH3OH
nonwater_environment__pros_halogen_oxazinanone__ch3oh__equilibrium_like,pros_halogen_oxazinanone,aimnet2_2025,3.4726308549571443,1.8382948696430965,9.275499983896962,5.0457084644411765,equilibrium_like,CH3OH
nonwater_environment__pros_halogen_oxazinanone__nh3__altered_orientation,pros_halogen_oxazinanone,aimnet2_2025,5.03700310623581,2.443376653127503,11.791509241481476,4.825907305936003,altered_orientation,NH3
nonwater_environment__pros_halogen_oxazinanone__nh3__equilibrium_like,pros_halogen_oxazinanone,aimnet2_2025,10.941815681288553,2.197081896924515,18.623461168181105,8.476452877906057,equilibrium_like,NH3
nonwater_environment__pros_heteroaryl_amide__ch3cn__altered_orientation,pros_heteroaryl_amide,aimnet2_2025,0.13735086176712294,1.780044026532673,2.303950190699517,1.2943220259486248,altered_orientation,CH3CN
nonwater_environment__pros_heteroaryl_amide__ch3cn__equilibrium_like,pros_heteroaryl_amide,aimnet2_2025,0.08989028205810455,1.0256393224524216,1.9524260821631465,1.9036185912750212,equilibrium_like,CH3CN
nonwater_environment__pros_heteroaryl_amide__ch3oh__altered_orientation,pros_heteroaryl_amide,aimnet2_2025,0.24041658852136485,2.3044341145212845,2.6515337093578224,1.1506224858629308,altered_orientation,CH3OH
nonwater_environment__pros_heteroaryl_amide__ch3oh__equilibrium_like,pros_heteroaryl_amide,aimnet2_2025,0.10321375275497753,1.8909948538741774,1.8874922779272005,0.9981477601909909,equilibrium_like,CH3OH
nonwater_environment__pros_heteroaryl_amide__nh3__altered_orientation,pros_heteroaryl_amide,aimnet2_2025,0.07851112935557358,1.4415213711705728,1.9692644298960342,1.3661014462081218,altered_orientation,NH3
nonwater_environment__pros_heteroaryl_amide__nh3__equilibrium_like,pros_heteroaryl_amide,aimnet2_2025,0.00019502097240817567,0.8789118046817479,0.5333263268656505,0.6068030080205451,equilibrium_like,NH3
nonwater_environment__pros_isoxazole_thioether__ch3cn__altered_orientation,pros_isoxazole_thioether,aimnet2_2025,0.6638833170452368,1.529659012920205,4.1063444553521125,2.6844835487308187,altered_orientation,CH3CN
nonwater_environment__pros_isoxazole_thioether__ch3cn__equilibrium_like,pros_isoxazole_thioether,aimnet2_2025,0.4879505218685367,1.4399489551709639,3.6170124853997057,2.5119032674114905,equilibrium_like,CH3CN
nonwater_environment__pros_isoxazole_thioether__ch3oh__altered_orientation,pros_isoxazole_thioether,aimnet2_2025,0.08311676401088437,0.7092677047138534,1.5553854140138328,2.1929454896601226,altered_orientation,CH3OH
nonwater_environment__pros_isoxazole_thioether__ch3oh__equilibrium_like,pros_isoxazole_thioether,aimnet2_2025,0.2696079543750929,1.2216090265972916,2.676502964092115,2.190965280886415,equilibrium_like,CH3OH
nonwater_environment__pros_isoxazole_thioether__nh3__altered_orientation,pros_isoxazole_thioether,aimnet2_2025,0.06388523239052629,0.6627794964949232,1.4879879993115752,2.2450724670583906,altered_orientation,NH3
nonwater_environment__pros_isoxazole_thioether__nh3__equilibrium_like,pros_isoxazole_thioether,aimnet2_2025,0.01086750227995699,0.6350352911352475,1.8223887537735128,2.8697440586579734,equilibrium_like,NH3
nonwater_environment__pros_polyfunctional_oxane__ch3cn__altered_orientation,pros_polyfunctional_oxane,aimnet2_2025,0.40452022285020656,0.6398863223365614,3.853538188778702,6.022223095357638,altered_orientation,CH3CN
nonwater_environment__pros_polyfunctional_oxane__ch3cn__equilibrium_like,pros_polyfunctional_oxane,aimnet2_2025,1.0839443859983482,1.2867961833537935,4.400288332184525,3.419568995546751,equilibrium_like,CH3CN
nonwater_environment__pros_polyfunctional_oxane__ch3oh__altered_orientation,pros_polyfunctional_oxane,aimnet2_2025,0.14442324479561267,1.218132069420306,3.597249993103238,2.9530870119979067,altered_orientation,CH3OH
nonwater_environment__pros_polyfunctional_oxane__ch3oh__equilibrium_like,pros_polyfunctional_oxane,aimnet2_2025,0.1599302765232654,0.8454460044436003,2.404424443319214,2.843971620519514,equilibrium_like,CH3OH
nonwater_environment__pros_polyfunctional_oxane__nh3__altered_orientation,pros_polyfunctional_oxane,aimnet2_2025,0.3864316871538899,1.5524870212984918,3.144104738622658,2.0252051678943803,altered_orientation,NH3
nonwater_environment__pros_polyfunctional_oxane__nh3__equilibrium_like,pros_polyfunctional_oxane,aimnet2_2025,0.8870464945511544,1.416803972538776,4.9148830343134104,3.468992979675526,equilibrium_like,NH3
nonwater_environment__pros_sulfonyl_piperidinol__ch3cn__altered_orientation,pros_sulfonyl_piperidinol,aimnet2_2025,0.05308272260194383,0.8280107061651898,2.2640054343147806,2.734270725556424,altered_orientation,CH3CN
nonwater_environment__pros_sulfonyl_piperidinol__ch3cn__equilibrium_like,pros_sulfonyl_piperidinol,aimnet2_2025,0.1533307738003887,0.857911782850535,3.0717907726240763,3.5805438671300336,equilibrium_like,CH3CN
nonwater_environment__pros_sulfonyl_piperidinol__ch3oh__altered_orientation,pros_sulfonyl_piperidinol,aimnet2_2025,0.0896958300357318,0.8478611133154879,2.5110749450458996,2.961658349003126,altered_orientation,CH3OH
nonwater_environment__pros_sulfonyl_piperidinol__ch3oh__equilibrium_like,pros_sulfonyl_piperidinol,aimnet2_2025,1.3446276135749093,1.098977964485621,6.463658611881552,5.881517938266288,equilibrium_like,CH3OH
nonwater_environment__pros_sulfonyl_piperidinol__nh3__altered_orientation,pros_sulfonyl_piperidinol,aimnet2_2025,0.03833350398905362,1.0483038047818312,2.3093428168154944,2.20293278177704,altered_orientation,NH3
nonwater_environment__pros_sulfonyl_piperidinol__nh3__equilibrium_like,pros_sulfonyl_piperidinol,aimnet2_2025,0.04646825296591264,0.9321492697444138,2.503761448101915,2.6860091289761154,equilibrium_like,NH3
nonwater_environment__prospective_diverse_01__ch3cn__altered_orientation,prospective_diverse_01,aimnet2_2025,0.12874244597481832,0.6610177646092683,3.5899585954909936,5.4309563035919926,altered_orientation,CH3CN
nonwater_environment__prospective_diverse_01__ch3cn__equilibrium_like,prospective_diverse_01,aimnet2_2025,0.1627290815959923,0.6811903008268891,3.7863929768567965,5.558495140433645,equilibrium_like,CH3CN
nonwater_environment__prospective_diverse_01__ch3oh__altered_orientation,prospective_diverse_01,aimnet2_2025,0.07258462051211383,0.6997256768042615,3.1210846771591494,4.4604403991769335,altered_orientation,CH3OH
nonwater_environment__prospective_diverse_01__ch3oh__equilibrium_like,prospective_diverse_01,aimnet2_2025,0.07562274709928914,0.665491344280281,3.544089157657816,5.3255225452867405,equilibrium_like,CH3OH
nonwater_environment__prospective_diverse_01__nh3__altered_orientation,prospective_diverse_01,aimnet2_2025,0.423255501709982,1.0447183201542765,6.6397815077166,6.355571046879014,altered_orientation,NH3
nonwater_environment__prospective_diverse_01__nh3__equilibrium_like,prospective_diverse_01,aimnet2_2025,0.11166956420071515,0.6705398157439579,3.3927732148486043,5.059763991917992,equilibrium_like,NH3
nonwater_environment__prospective_diverse_02__ch3cn__altered_orientation,prospective_diverse_02,aimnet2_2025,0.008602584205251992,0.7232975276433207,5.105632731505468,7.058827849364924,altered_orientation,CH3CN
nonwater_environment__prospective_diverse_02__ch3cn__equilibrium_like,prospective_diverse_02,aimnet2_2025,0.1832512179397506,0.6147905211084382,3.417525257851118,5.558845070821003,equilibrium_like,CH3CN
nonwater_environment__prospective_diverse_02__ch3oh__altered_orientation,prospective_diverse_02,aimnet2_2025,0.0754895214412397,0.7890467800820338,3.4059901942244117,4.316588420613423,altered_orientation,CH3OH
nonwater_environment__prospective_diverse_02__ch3oh__equilibrium_like,prospective_diverse_02,aimnet2_2025,0.0897437620892302,0.7344259713842782,3.0989899195832034,4.219608293184528,equilibrium_like,CH3OH
nonwater_environment__prospective_diverse_02__nh3__altered_orientation,prospective_diverse_02,aimnet2_2025,0.18015500551882893,0.7558385027181482,3.262978171229625,4.317030899451795,altered_orientation,NH3
nonwater_environment__prospective_diverse_02__nh3__equilibrium_like,prospective_diverse_02,aimnet2_2025,0.3245273223653565,0.9813220386320636,4.983492177769888,5.078345315383665,equilibrium_like,NH3
nonwater_environment__prospective_diverse_03__ch3cn__altered_orientation,prospective_diverse_03,aimnet2_2025,0.004645703145944566,1.3179711097021913,1.353031831802681,1.026602041457807,altered_orientation,CH3CN
nonwater_environment__prospective_diverse_03__ch3cn__equilibrium_like,prospective_diverse_03,aimnet2_2025,0.02645869685024374,0.5861800860312982,4.012227917823345,6.844701847495239,equilibrium_like,CH3CN
nonwater_environment__prospective_diverse_03__ch3oh__altered_orientation,prospective_diverse_03,aimnet2_2025,0.0025997215909495117,0.8637469177899818,0.5763406674791324,0.6672564099606645,altered_orientation,CH3OH
nonwater_environment__prospective_diverse_03__ch3oh__equilibrium_like,prospective_diverse_03,aimnet2_2025,0.006205507279775095,0.9446027638170298,1.2630968701911134,1.3371725328084854,equilibrium_like,CH3OH
nonwater_environment__prospective_diverse_03__nh3__altered_orientation,prospective_diverse_03,aimnet2_2025,0.009722604442372575,0.8274003616138614,0.9011947863977949,1.089188291675382,altered_orientation,NH3
nonwater_environment__prospective_diverse_03__nh3__equilibrium_like,prospective_diverse_03,aimnet2_2025,0.023133653391945907,1.4862429604516658,1.1666163027259877,0.7849431982315032,equilibrium_like,NH3
nonwater_environment__prospective_diverse_04__ch3cn__altered_orientation,prospective_diverse_04,aimnet2_2025,0.34184887097333005,0.7722610419610878,5.033402619498383,6.517747686347751,altered_orientation,CH3CN
nonwater_environment__prospective_diverse_04__ch3cn__equilibrium_like,prospective_diverse_04,aimnet2_2025,0.029880721475439614,0.5489826020680304,3.517856720252449,6.407956658372414,equilibrium_like,CH3CN
nonwater_environment__prospective_diverse_04__ch3oh__altered_orientation,prospective_diverse_04,aimnet2_2025,0.914526517077137,1.0317032555028383,7.503844780342479,7.273258798321041,altered_orientation,CH3OH
nonwater_environment__prospective_diverse_04__ch3oh__equilibrium_like,prospective_diverse_04,aimnet2_2025,0.12810828486134773,0.812941383805261,4.18898504416762,5.152874644614089,equilibrium_like,CH3OH
nonwater_environment__prospective_diverse_04__nh3__altered_orientation,prospective_diverse_04,aimnet2_2025,0.4320789353663524,1.1740836776642363,5.1656050084504335,4.3996906751374585,altered_orientation,NH3
nonwater_environment__prospective_diverse_04__nh3__equilibrium_like,prospective_diverse_04,aimnet2_2025,0.7394226509817389,1.3016207179943637,7.287509922164425,5.598796808792023,equilibrium_like,NH3
nonwater_environment__prospective_diverse_05__ch3cn__altered_orientation,prospective_diverse_05,aimnet2_2025,0.007840665197391803,0.5894407272314702,2.995940581959897,5.0826833701014476,altered_orientation,CH3CN
nonwater_environment__prospective_diverse_05__ch3cn__equilibrium_like,prospective_diverse_05,aimnet2_2025,0.26157645479810365,0.8930412028532111,4.274884172567708,4.786883470672707,equilibrium_like,CH3CN
nonwater_environment__prospective_diverse_05__ch3oh__altered_orientation,prospective_diverse_05,aimnet2_2025,0.5269667897036608,0.7977831507042723,5.794674068744735,7.263470109176002,altered_orientation,CH3OH
nonwater_environment__prospective_diverse_05__ch3oh__equilibrium_like,prospective_diverse_05,aimnet2_2025,0.014009919704982983,0.6357425265347679,2.702633227205353,4.2511443145648204,equilibrium_like,CH3OH
nonwater_environment__prospective_diverse_05__nh3__altered_orientation,prospective_diverse_05,aimnet2_2025,0.3503451959691392,0.8135580222921577,3.870906749949767,4.757997148185801,altered_orientation,NH3
nonwater_environment__prospective_diverse_05__nh3__equilibrium_like,prospective_diverse_05,aimnet2_2025,0.2009269607064739,0.8807412700749974,3.5137426101323253,3.9895287407539337,equilibrium_like,NH3
nonwater_environment__pros_azaaryl_sulfoxide__ch3cn__altered_orientation,pros_azaaryl_sulfoxide,gfn2_xtb,0.15849481867377255,,,,altered_orientation,CH3CN
nonwater_environment__pros_azaaryl_sulfoxide__ch3cn__equilibrium_like,pros_azaaryl_sulfoxide,gfn2_xtb,0.025086576125521103,,,,equilibrium_like,CH3CN
nonwater_environment__pros_azaaryl_sulfoxide__ch3oh__altered_orientation,pros_azaaryl_sulfoxide,gfn2_xtb,0.002612596258313476,,,,altered_orientation,CH3OH
nonwater_environment__pros_azaaryl_sulfoxide__ch3oh__equilibrium_like,pros_azaaryl_sulfoxide,gfn2_xtb,0.055777163789866156,,,,equilibrium_like,CH3OH
nonwater_environment__pros_azaaryl_sulfoxide__nh3__altered_orientation,pros_azaaryl_sulfoxide,gfn2_xtb,0.016016280582949242,,,,altered_orientation,NH3
nonwater_environment__pros_azaaryl_sulfoxide__nh3__equilibrium_like,pros_azaaryl_sulfoxide,gfn2_xtb,0.022878727142012528,,,,equilibrium_like,NH3
nonwater_environment__pros_cyano_cyclic_acetal__ch3cn__altered_orientation,pros_cyano_cyclic_acetal,gfn2_xtb,0.017329019937360073,,,,altered_orientation,CH3CN
nonwater_environment__pros_cyano_cyclic_acetal__ch3cn__equilibrium_like,pros_cyano_cyclic_acetal,gfn2_xtb,0.006453769967977814,,,,equilibrium_like,CH3CN
nonwater_environment__pros_cyano_cyclic_acetal__ch3oh__altered_orientation,pros_cyano_cyclic_acetal,gfn2_xtb,0.11729587983806694,,,,altered_orientation,CH3OH
nonwater_environment__pros_cyano_cyclic_acetal__ch3oh__equilibrium_like,pros_cyano_cyclic_acetal,gfn2_xtb,0.02685656680270036,,,,equilibrium_like,CH3OH
nonwater_environment__pros_cyano_cyclic_acetal__nh3__altered_orientation,pros_cyano_cyclic_acetal,gfn2_xtb,0.2021766336613736,,,,altered_orientation,NH3
nonwater_environment__pros_cyano_cyclic_acetal__nh3__equilibrium_like,pros_cyano_cyclic_acetal,gfn2_xtb,0.09117761348710267,,,,equilibrium_like,NH3
nonwater_environment__pros_halogen_oxazinanone__ch3cn__altered_orientation,pros_halogen_oxazinanone,gfn2_xtb,0.23949513516916965,,,,altered_orientation,CH3CN
nonwater_environment__pros_halogen_oxazinanone__ch3cn__equilibrium_like,pros_halogen_oxazinanone,gfn2_xtb,0.024585969211899084,,,,equilibrium_like,CH3CN
nonwater_environment__pros_halogen_oxazinanone__ch3oh__altered_orientation,pros_halogen_oxazinanone,gfn2_xtb,0.015309207741733675,,,,altered_orientation,CH3OH
nonwater_environment__pros_halogen_oxazinanone__ch3oh__equilibrium_like,pros_halogen_oxazinanone,gfn2_xtb,0.11001273200642557,,,,equilibrium_like,CH3OH
nonwater_environment__pros_halogen_oxazinanone__nh3__altered_orientation,pros_halogen_oxazinanone,gfn2_xtb,1.4524400917669835,,,,altered_orientation,NH3
nonwater_environment__pros_halogen_oxazinanone__nh3__equilibrium_like,pros_halogen_oxazinanone,gfn2_xtb,1.876064402982621,,,,equilibrium_like,NH3
nonwater_environment__pros_heteroaryl_amide__ch3cn__altered_orientation,pros_heteroaryl_amide,gfn2_xtb,0.013663028620819336,,,,altered_orientation,CH3CN
nonwater_environment__pros_heteroaryl_amide__ch3cn__equilibrium_like,pros_heteroaryl_amide,gfn2_xtb,0.0045363857102283835,,,,equilibrium_like,CH3CN
nonwater_environment__pros_heteroaryl_amide__ch3oh__altered_orientation,pros_heteroaryl_amide,gfn2_xtb,0.009167701372406844,,,,altered_orientation,CH3OH
nonwater_environment__pros_heteroaryl_amide__ch3oh__equilibrium_like,pros_heteroaryl_amide,gfn2_xtb,0.0011878467826644545,,,,equilibrium_like,CH3OH
nonwater_environment__pros_heteroaryl_amide__nh3__altered_orientation,pros_heteroaryl_amide,gfn2_xtb,0.004613410965413559,,,,altered_orientation,NH3
nonwater_environment__pros_heteroaryl_amide__nh3__equilibrium_like,pros_heteroaryl_amide,gfn2_xtb,0.0015912490231668544,,,,equilibrium_like,NH3
nonwater_environment__pros_isoxazole_thioether__ch3cn__altered_orientation,pros_isoxazole_thioether,gfn2_xtb,0.011237347893495847,,,,altered_orientation,CH3CN
nonwater_environment__pros_isoxazole_thioether__ch3cn__equilibrium_like,pros_isoxazole_thioether,gfn2_xtb,0.00982943121983853,,,,equilibrium_like,CH3CN
nonwater_environment__pros_isoxazole_thioether__ch3oh__altered_orientation,pros_isoxazole_thioether,gfn2_xtb,0.005941503878777242,,,,altered_orientation,CH3OH
nonwater_environment__pros_isoxazole_thioether__ch3oh__equilibrium_like,pros_isoxazole_thioether,gfn2_xtb,0.01032543307865823,,,,equilibrium_like,CH3OH
nonwater_environment__pros_isoxazole_thioether__nh3__altered_orientation,pros_isoxazole_thioether,gfn2_xtb,0.007476823495550924,,,,altered_orientation,NH3
nonwater_environment__pros_isoxazole_thioether__nh3__equilibrium_like,pros_isoxazole_thioether,gfn2_xtb,0.016064727236314098,,,,equilibrium_like,NH3
nonwater_environment__pros_polyfunctional_oxane__ch3cn__altered_orientation,pros_polyfunctional_oxane,gfn2_xtb,0.25326980273500216,,,,altered_orientation,CH3CN
nonwater_environment__pros_polyfunctional_oxane__ch3cn__equilibrium_like,pros_polyfunctional_oxane,gfn2_xtb,0.0037479372823679374,,,,equilibrium_like,CH3CN
nonwater_environment__pros_polyfunctional_oxane__ch3oh__altered_orientation,pros_polyfunctional_oxane,gfn2_xtb,0.32445988205907716,,,,altered_orientation,CH3OH
nonwater_environment__pros_polyfunctional_oxane__ch3oh__equilibrium_like,pros_polyfunctional_oxane,gfn2_xtb,0.06893415611275909,,,,equilibrium_like,CH3OH
nonwater_environment__pros_polyfunctional_oxane__nh3__altered_orientation,pros_polyfunctional_oxane,gfn2_xtb,0.10308677188134903,,,,altered_orientation,NH3
nonwater_environment__pros_polyfunctional_oxane__nh3__equilibrium_like,pros_polyfunctional_oxane,gfn2_xtb,0.06193467032058874,,,,equilibrium_like,NH3
nonwater_environment__pros_sulfonyl_piperidinol__ch3cn__altered_orientation,pros_sulfonyl_piperidinol,gfn2_xtb,0.049275149804389906,,,,altered_orientation,CH3CN
nonwater_environment__pros_sulfonyl_piperidinol__ch3cn__equilibrium_like,pros_sulfonyl_piperidinol,gfn2_xtb,0.06627737816531791,,,,equilibrium_like,CH3CN
nonwater_environment__pros_sulfonyl_piperidinol__ch3oh__altered_orientation,pros_sulfonyl_piperidinol,gfn2_xtb,0.030604952166995377,,,,altered_orientation,CH3OH
nonwater_environment__pros_sulfonyl_piperidinol__ch3oh__equilibrium_like,pros_sulfonyl_piperidinol,gfn2_xtb,0.32111841227756177,,,,equilibrium_like,CH3OH
nonwater_environment__pros_sulfonyl_piperidinol__nh3__altered_orientation,pros_sulfonyl_piperidinol,gfn2_xtb,0.02667952809887912,,,,altered_orientation,NH3
nonwater_environment__pros_sulfonyl_piperidinol__nh3__equilibrium_like,pros_sulfonyl_piperidinol,gfn2_xtb,0.021341369328149857,,,,equilibrium_like,NH3
nonwater_environment__prospective_diverse_01__ch3cn__altered_orientation,prospective_diverse_01,gfn2_xtb,0.0041689953987105,,,,altered_orientation,CH3CN
nonwater_environment__prospective_diverse_01__ch3cn__equilibrium_like,prospective_diverse_01,gfn2_xtb,0.005205148613154262,,,,equilibrium_like,CH3CN
nonwater_environment__prospective_diverse_01__ch3oh__altered_orientation,prospective_diverse_01,gfn2_xtb,0.03168574673180998,,,,altered_orientation,CH3OH
nonwater_environment__prospective_diverse_01__ch3oh__equilibrium_like,prospective_diverse_01,gfn2_xtb,0.05140824447203099,,,,equilibrium_like,CH3OH
nonwater_environment__prospective_diverse_01__nh3__altered_orientation,prospective_diverse_01,gfn2_xtb,0.16490464310192912,,,,altered_orientation,NH3
nonwater_environment__prospective_diverse_01__nh3__equilibrium_like,prospective_diverse_01,gfn2_xtb,0.1510346255143115,,,,equilibrium_like,NH3
nonwater_environment__prospective_diverse_02__ch3cn__altered_orientation,prospective_diverse_02,gfn2_xtb,0.16642285721941397,,,,altered_orientation,CH3CN
nonwater_environment__prospective_diverse_02__ch3cn__equilibrium_like,prospective_diverse_02,gfn2_xtb,0.04279020189905606,,,,equilibrium_like,CH3CN
nonwater_environment__prospective_diverse_02__ch3oh__altered_orientation,prospective_diverse_02,gfn2_xtb,0.05842241482075156,,,,altered_orientation,CH3OH
nonwater_environment__prospective_diverse_02__ch3oh__equilibrium_like,prospective_diverse_02,gfn2_xtb,0.008834135466598437,,,,equilibrium_like,CH3OH
nonwater_environment__prospective_diverse_02__nh3__altered_orientation,prospective_diverse_02,gfn2_xtb,0.10657883915661963,,,,altered_orientation,NH3
nonwater_environment__prospective_diverse_02__nh3__equilibrium_like,prospective_diverse_02,gfn2_xtb,0.048437446390365735,,,,equilibrium_like,NH3
nonwater_environment__prospective_diverse_03__ch3cn__altered_orientation,prospective_diverse_03,gfn2_xtb,0.006499043849936151,,,,altered_orientation,CH3CN
nonwater_environment__prospective_diverse_03__ch3cn__equilibrium_like,prospective_diverse_03,gfn2_xtb,0.029552413662007043,,,,equilibrium_like,CH3CN
nonwater_environment__prospective_diverse_03__ch3oh__altered_orientation,prospective_diverse_03,gfn2_xtb,0.002033715465018551,,,,altered_orientation,CH3OH
nonwater_environment__prospective_diverse_03__ch3oh__equilibrium_like,prospective_diverse_03,gfn2_xtb,0.001859637667788764,,,,equilibrium_like,CH3OH
nonwater_environment__prospective_diverse_03__nh3__altered_orientation,prospective_diverse_03,gfn2_xtb,0.004927454315597245,,,,altered_orientation,NH3
nonwater_environment__prospective_diverse_03__nh3__equilibrium_like,prospective_diverse_03,gfn2_xtb,0.00022192745657778507,,,,equilibrium_like,NH3
nonwater_environment__prospective_diverse_04__ch3cn__altered_orientation,prospective_diverse_04,gfn2_xtb,0.007642900566529764,,,,altered_orientation,CH3CN
nonwater_environment__prospective_diverse_04__ch3cn__equilibrium_like,prospective_diverse_04,gfn2_xtb,0.12718753964776178,,,,equilibrium_like,CH3CN
nonwater_environment__prospective_diverse_04__ch3oh__altered_orientation,prospective_diverse_04,gfn2_xtb,0.10015772749399365,,,,altered_orientation,CH3OH
nonwater_environment__prospective_diverse_04__ch3oh__equilibrium_like,prospective_diverse_04,gfn2_xtb,0.0075917121707916,,,,equilibrium_like,CH3OH
nonwater_environment__prospective_diverse_04__nh3__altered_orientation,prospective_diverse_04,gfn2_xtb,0.019127367924206957,,,,altered_orientation,NH3
nonwater_environment__prospective_diverse_04__nh3__equilibrium_like,prospective_diverse_04,gfn2_xtb,0.045290640887274254,,,,equilibrium_like,NH3
nonwater_environment__prospective_diverse_05__ch3cn__altered_orientation,prospective_diverse_05,gfn2_xtb,0.1146331927356597,,,,altered_orientation,CH3CN
nonwater_environment__prospective_diverse_05__ch3cn__equilibrium_like,prospective_diverse_05,gfn2_xtb,0.0015744152322390269,,,,equilibrium_like,CH3CN
nonwater_environment__prospective_diverse_05__ch3oh__altered_orientation,prospective_diverse_05,gfn2_xtb,0.8382214908718177,,,,altered_orientation,CH3OH
nonwater_environment__prospective_diverse_05__ch3oh__equilibrium_like,prospective_diverse_05,gfn2_xtb,0.0353136091232559,,,,equilibrium_like,CH3OH
nonwater_environment__prospective_diverse_05__nh3__altered_orientation,prospective_diverse_05,gfn2_xtb,0.39711363541341993,,,,altered_orientation,NH3
nonwater_environment__prospective_diverse_05__nh3__equilibrium_like,prospective_diverse_05,gfn2_xtb,0.06512834302967528,,,,equilibrium_like,NH3
nonwater_environment__pros_azaaryl_sulfoxide__ch3cn__altered_orientation,pros_azaaryl_sulfoxide,glider,0.030969727417333556,0.40409593149354395,1.813200774488012,4.487055258850041,altered_orientation,CH3CN
nonwater_environment__pros_azaaryl_sulfoxide__ch3cn__equilibrium_like,pros_azaaryl_sulfoxide,glider,0.013611946561845084,0.3571586959304467,1.3510633161133294,3.782809522791057,equilibrium_like,CH3CN
nonwater_environment__pros_azaaryl_sulfoxide__ch3oh__altered_orientation,pros_azaaryl_sulfoxide,glider,0.005608408017000452,0.29335258765383354,0.8890484550440558,3.0306480749137434,altered_orientation,CH3OH
nonwater_environment__pros_azaaryl_sulfoxide__ch3oh__equilibrium_like,pros_azaaryl_sulfoxide,glider,0.14040826101928294,0.5843548044036814,3.4555283954339604,5.913408034627585,equilibrium_like,CH3OH
nonwater_environment__pros_azaaryl_sulfoxide__nh3__altered_orientation,pros_azaaryl_sulfoxide,glider,0.019403598478333412,0.42177433916753104,1.252189194663095,2.96886054551014,altered_orientation,NH3
nonwater_environment__pros_azaaryl_sulfoxide__nh3__equilibrium_like,pros_azaaryl_sulfoxide,glider,0.018735240287925083,0.3662551392626158,1.3077025821651986,3.5704688944379206,equilibrium_like,NH3
nonwater_environment__pros_cyano_cyclic_acetal__ch3cn__altered_orientation,pros_cyano_cyclic_acetal,glider,0.008619149674802191,0.46262797446376575,2.338548923928546,5.05492329260713,altered_orientation,CH3CN
nonwater_environment__pros_cyano_cyclic_acetal__ch3cn__equilibrium_like,pros_cyano_cyclic_acetal,glider,0.024986813835957244,0.4095850215101469,1.5753384762138807,3.8461818510979264,equilibrium_like,CH3CN
nonwater_environment__pros_cyano_cyclic_acetal__ch3oh__altered_orientation,pros_cyano_cyclic_acetal,glider,0.06412241457588093,0.44069589906198064,1.676904166557136,3.8051276858405525,altered_orientation,CH3OH
nonwater_environment__pros_cyano_cyclic_acetal__ch3oh__equilibrium_like,pros_cyano_cyclic_acetal,glider,0.009436969550306576,0.3122069170695479,1.4495494601230718,4.642912699465166,equilibrium_like,CH3OH
nonwater_environment__pros_cyano_cyclic_acetal__nh3__altered_orientation,pros_cyano_cyclic_acetal,glider,0.04959935315365551,0.49137212009921744,2.023607857426625,4.118279761208308,altered_orientation,NH3
nonwater_environment__pros_cyano_cyclic_acetal__nh3__equilibrium_like,pros_cyano_cyclic_acetal,glider,0.00898226826863884,0.3625131621277957,2.3007369130797986,6.346630008067754,equilibrium_like,NH3
nonwater_environment__pros_halogen_oxazinanone__ch3cn__altered_orientation,pros_halogen_oxazinanone,glider,0.024514121491933896,0.44805985763956224,2.3433895467800694,5.230081442969141,altered_orientation,CH3CN
nonwater_environment__pros_halogen_oxazinanone__ch3cn__equilibrium_like,pros_halogen_oxazinanone,glider,0.009546072334139974,0.3496890911394748,1.9276116376815997,5.512358510814296,equilibrium_like,CH3CN
nonwater_environment__pros_halogen_oxazinanone__ch3oh__altered_orientation,pros_halogen_oxazinanone,glider,0.01805833463504918,0.3520420793564382,1.772622649475785,5.035257866662658,altered_orientation,CH3OH
nonwater_environment__pros_halogen_oxazinanone__ch3oh__equilibrium_like,pros_halogen_oxazinanone,glider,0.010134690091219622,0.32176076686306865,1.6235110248860696,5.0457084644411765,equilibrium_like,CH3OH
nonwater_environment__pros_halogen_oxazinanone__nh3__altered_orientation,pros_halogen_oxazinanone,glider,0.3157646177202245,1.0580438722818997,5.106021653246038,4.825907305936003,altered_orientation,NH3
nonwater_environment__pros_halogen_oxazinanone__nh3__equilibrium_like,pros_halogen_oxazinanone,glider,0.1816494846627812,0.4848888566168676,4.110137544134624,8.476452877906057,equilibrium_like,NH3
nonwater_environment__pros_heteroaryl_amide__ch3cn__altered_orientation,pros_heteroaryl_amide,glider,0.0004857795589362744,0.5381757496525454,0.6965727266067024,1.2943220259486248,altered_orientation,CH3CN
nonwater_environment__pros_heteroaryl_amide__ch3cn__equilibrium_like,pros_heteroaryl_amide,glider,5.542820782428334e-05,0.2974372535807585,0.5662070856541148,1.9036185912750212,equilibrium_like,CH3CN
nonwater_environment__pros_heteroaryl_amide__ch3oh__altered_orientation,pros_heteroaryl_amide,glider,0.002065163833541344,0.3975336613225657,0.457411169605163,1.1506224858629308,altered_orientation,CH3OH
nonwater_environment__pros_heteroaryl_amide__ch3oh__equilibrium_like,pros_heteroaryl_amide,glider,0.00015243484510572334,0.40734781604411335,0.40659331020312356,0.9981477601909909,equilibrium_like,CH3OH
nonwater_environment__pros_heteroaryl_amide__nh3__altered_orientation,pros_heteroaryl_amide,glider,0.010669807608181621,0.5371741147754687,0.7338343350603355,1.3661014462081218,altered_orientation,NH3
nonwater_environment__pros_heteroaryl_amide__nh3__equilibrium_like,pros_heteroaryl_amide,glider,0.00027745108481234244,0.9067232505203795,0.5502023958579325,0.6068030080205451,equilibrium_like,NH3
nonwater_environment__pros_isoxazole_thioether__ch3cn__altered_orientation,pros_isoxazole_thioether,glider,0.0036683033421218546,0.42045862180612104,1.128714253160565,2.6844835487308187,altered_orientation,CH3CN
nonwater_environment__pros_isoxazole_thioether__ch3cn__equilibrium_like,pros_isoxazole_thioether,glider,0.0015481199416473995,0.40813555349998654,1.0251970303834133,2.5119032674114905,equilibrium_like,CH3CN
nonwater_environment__pros_isoxazole_thioether__ch3oh__altered_orientation,pros_isoxazole_thioether,glider,0.001340577878587803,0.5004294797977173,1.0974145706153655,2.1929454896601226,altered_orientation,CH3OH
nonwater_environment__pros_isoxazole_thioether__ch3oh__equilibrium_like,pros_isoxazole_thioether,glider,0.00474416645897312,0.4567174389820285,1.0006520519849842,2.190965280886415,equilibrium_like,CH3OH
nonwater_environment__pros_isoxazole_thioether__nh3__altered_orientation,pros_isoxazole_thioether,glider,0.011394484884658275,0.5086720605839298,1.1420056379788384,2.2450724670583906,altered_orientation,NH3
nonwater_environment__pros_isoxazole_thioether__nh3__equilibrium_like,pros_isoxazole_thioether,glider,0.007650884653844094,0.45115103176262,1.2946879929581934,2.8697440586579734,equilibrium_like,NH3
nonwater_environment__pros_polyfunctional_oxane__ch3cn__altered_orientation,pros_polyfunctional_oxane,glider,0.05836174537369865,0.753374481678848,4.5369892030194485,6.022223095357638,altered_orientation,CH3CN
nonwater_environment__pros_polyfunctional_oxane__ch3cn__equilibrium_like,pros_polyfunctional_oxane,glider,1.04710048329178,3.561248905724672,12.177936343440884,3.419568995546751,equilibrium_like,CH3CN
nonwater_environment__pros_polyfunctional_oxane__ch3oh__altered_orientation,pros_polyfunctional_oxane,glider,0.004590308767924028,0.46202058381993927,1.3643869853543529,2.9530870119979067,altered_orientation,CH3OH
nonwater_environment__pros_polyfunctional_oxane__ch3oh__equilibrium_like,pros_polyfunctional_oxane,glider,0.004802678182793024,0.395108755708864,1.1236780882547865,2.843971620519514,equilibrium_like,CH3OH
nonwater_environment__pros_polyfunctional_oxane__nh3__altered_orientation,pros_polyfunctional_oxane,glider,0.017647211197580327,0.6660731692849617,1.3489348246316928,2.0252051678943803,altered_orientation,NH3
nonwater_environment__pros_polyfunctional_oxane__nh3__equilibrium_like,pros_polyfunctional_oxane,glider,0.004677216529449494,0.3694167683378428,1.281504175938397,3.468992979675526,equilibrium_like,NH3
nonwater_environment__pros_sulfonyl_piperidinol__ch3cn__altered_orientation,pros_sulfonyl_piperidinol,glider,0.011709038552096311,0.4926585119248701,1.3470617468523627,2.734270725556424,altered_orientation,CH3CN
nonwater_environment__pros_sulfonyl_piperidinol__ch3cn__equilibrium_like,pros_sulfonyl_piperidinol,glider,0.010287863301285831,0.3813389728665636,1.3654009205950404,3.5805438671300336,equilibrium_like,CH3CN
nonwater_environment__pros_sulfonyl_piperidinol__ch3oh__altered_orientation,pros_sulfonyl_piperidinol,glider,0.010537214095287453,0.4145272624347651,1.2276881276793317,2.961658349003126,altered_orientation,CH3OH
nonwater_environment__pros_sulfonyl_piperidinol__ch3oh__equilibrium_like,pros_sulfonyl_piperidinol,glider,0.1178493160049569,0.5175826210394041,3.0441714701781377,5.881517938266288,equilibrium_like,CH3OH
nonwater_environment__pros_sulfonyl_piperidinol__nh3__altered_orientation,pros_sulfonyl_piperidinol,glider,0.009758375677824588,0.7397799076654897,1.6296854098962992,2.20293278177704,altered_orientation,NH3
nonwater_environment__pros_sulfonyl_piperidinol__nh3__equilibrium_like,pros_sulfonyl_piperidinol,glider,0.027554606385874786,0.4622218069647334,1.2415319931191098,2.6860091289761154,equilibrium_like,NH3
nonwater_environment__prospective_diverse_01__ch3cn__altered_orientation,prospective_diverse_01,glider,0.007189186502636398,0.27309239089144627,1.4831528417749085,5.4309563035919926,altered_orientation,CH3CN
nonwater_environment__prospective_diverse_01__ch3cn__equilibrium_like,prospective_diverse_01,glider,0.010054220423344149,0.24883819672230023,1.3831659072351772,5.558495140433645,equilibrium_like,CH3CN
nonwater_environment__prospective_diverse_01__ch3oh__altered_orientation,prospective_diverse_01,glider,0.0004670085569958373,0.20217753327425447,0.9018008372224233,4.4604403991769335,altered_orientation,CH3OH
nonwater_environment__prospective_diverse_01__ch3oh__equilibrium_like,prospective_diverse_01,glider,0.0035952306310415845,0.2825145747518189,1.5045377372129074,5.3255225452867405,equilibrium_like,CH3OH
nonwater_environment__prospective_diverse_01__nh3__altered_orientation,prospective_diverse_01,glider,0.00011228059488157338,0.21925560167808947,1.393494553891303,6.355571046879014,altered_orientation,NH3
nonwater_environment__prospective_diverse_01__nh3__equilibrium_like,prospective_diverse_01,glider,0.004468594140722839,0.28655730240633986,1.4499123203367537,5.059763991917992,equilibrium_like,NH3
nonwater_environment__prospective_diverse_02__ch3cn__altered_orientation,prospective_diverse_02,glider,0.02214864135999864,0.2456689910539409,1.7341351157769407,7.058827849364924,altered_orientation,CH3CN
nonwater_environment__prospective_diverse_02__ch3cn__equilibrium_like,prospective_diverse_02,glider,0.008950780269440269,0.25303567189893406,1.4065860974772704,5.558845070821003,equilibrium_like,CH3CN
nonwater_environment__prospective_diverse_02__ch3oh__altered_orientation,prospective_diverse_02,glider,0.0016622557654637337,0.2076710764106936,0.8964305637307252,4.316588420613423,altered_orientation,CH3OH
nonwater_environment__prospective_diverse_02__ch3oh__equilibrium_like,prospective_diverse_02,glider,0.00117647109760612,0.24432411196108225,1.0309520490559279,4.219608293184528,equilibrium_like,CH3OH
nonwater_environment__prospective_diverse_02__nh3__altered_orientation,prospective_diverse_02,glider,0.005199493304207922,0.276598340513601,1.1940835827343046,4.317030899451795,altered_orientation,NH3
nonwater_environment__prospective_diverse_02__nh3__equilibrium_like,prospective_diverse_02,glider,0.012256406494640012,0.2592514454131703,1.316568363320417,5.078345315383665,equilibrium_like,NH3
nonwater_environment__prospective_diverse_03__ch3cn__altered_orientation,prospective_diverse_03,glider,0.001474967477140842,0.6441133466949653,0.6612480766472716,1.026602041457807,altered_orientation,CH3CN
nonwater_environment__prospective_diverse_03__ch3cn__equilibrium_like,prospective_diverse_03,glider,0.018497300301201638,0.2681366761652253,1.83531560272935,6.844701847495239,equilibrium_like,CH3CN
nonwater_environment__prospective_diverse_03__ch3oh__altered_orientation,prospective_diverse_03,glider,6.826462119999756e-05,0.5997427880368305,0.40018221964525524,0.6672564099606645,altered_orientation,CH3OH
nonwater_environment__prospective_diverse_03__ch3oh__equilibrium_like,prospective_diverse_03,glider,0.0005766223494334824,0.36503101310279934,0.48810944434431763,1.3371725328084854,equilibrium_like,CH3OH
nonwater_environment__prospective_diverse_03__nh3__altered_orientation,prospective_diverse_03,glider,0.002401156630592679,0.5211501924300779,0.567630687799213,1.089188291675382,altered_orientation,NH3
nonwater_environment__prospective_diverse_03__nh3__equilibrium_like,prospective_diverse_03,glider,0.0008190369012411157,0.6212993651822789,0.4876847107653806,0.7849431982315032,equilibrium_like,NH3
nonwater_environment__prospective_diverse_04__ch3cn__altered_orientation,prospective_diverse_04,glider,0.02776280106472745,0.2483267387427693,1.618531026898967,6.517747686347751,altered_orientation,CH3CN
nonwater_environment__prospective_diverse_04__ch3cn__equilibrium_like,prospective_diverse_04,glider,0.10718275487877786,0.4122202724239782,2.641489639395321,6.407956658372414,equilibrium_like,CH3CN
nonwater_environment__prospective_diverse_04__ch3oh__altered_orientation,prospective_diverse_04,glider,0.04728942810870853,0.3227604289814946,2.347520129839529,7.273258798321041,altered_orientation,CH3OH
nonwater_environment__prospective_diverse_04__ch3oh__equilibrium_like,prospective_diverse_04,glider,0.0031697297493177173,0.23060207689620565,1.1882635950338065,5.152874644614089,equilibrium_like,CH3OH
nonwater_environment__prospective_diverse_04__nh3__altered_orientation,prospective_diverse_04,glider,0.013609425072576675,0.3758758695154664,1.6537375581163816,4.3996906751374585,altered_orientation,NH3
nonwater_environment__prospective_diverse_04__nh3__equilibrium_like,prospective_diverse_04,glider,0.01692801851337598,0.3237007235451032,1.8123345779879927,5.598796808792023,equilibrium_like,NH3
nonwater_environment__prospective_diverse_05__ch3cn__altered_orientation,prospective_diverse_05,glider,0.00222055943578226,0.29521416931015204,1.500480148971023,5.0826833701014476,altered_orientation,CH3CN
nonwater_environment__prospective_diverse_05__ch3cn__equilibrium_like,prospective_diverse_05,glider,0.0024926174932751077,0.24855134551292762,1.1897863274492941,4.786883470672707,equilibrium_like,CH3CN
nonwater_environment__prospective_diverse_05__ch3oh__altered_orientation,prospective_diverse_05,glider,0.004406957227622837,0.25481179330088644,1.8508178441065228,7.263470109176002,altered_orientation,CH3OH
nonwater_environment__prospective_diverse_05__ch3oh__equilibrium_like,prospective_diverse_05,glider,0.006594276901022843,0.2389312609631127,1.0157312716151399,4.2511443145648204,equilibrium_like,CH3OH
nonwater_environment__prospective_diverse_05__nh3__altered_orientation,prospective_diverse_05,glider,0.001914929012817243,0.20677703369463027,0.9838445366293701,4.757997148185801,altered_orientation,NH3
nonwater_environment__prospective_diverse_05__nh3__equilibrium_like,prospective_diverse_05,glider,0.009947152408641554,0.2847006400342715,1.1358213859277664,3.9895287407539337,equilibrium_like,NH3
nonwater_environment__pros_azaaryl_sulfoxide__ch3cn__altered_orientation,pros_azaaryl_sulfoxide,mace_mdp,0.008329403091598894,,,,altered_orientation,CH3CN
nonwater_environment__pros_azaaryl_sulfoxide__ch3cn__equilibrium_like,pros_azaaryl_sulfoxide,mace_mdp,0.019254850528826754,,,,equilibrium_like,CH3CN
nonwater_environment__pros_azaaryl_sulfoxide__ch3oh__altered_orientation,pros_azaaryl_sulfoxide,mace_mdp,0.0014661048584228102,,,,altered_orientation,CH3OH
nonwater_environment__pros_azaaryl_sulfoxide__ch3oh__equilibrium_like,pros_azaaryl_sulfoxide,mace_mdp,10.423400587528498,,,,equilibrium_like,CH3OH
nonwater_environment__pros_azaaryl_sulfoxide__nh3__altered_orientation,pros_azaaryl_sulfoxide,mace_mdp,0.0036119823457572836,,,,altered_orientation,NH3
nonwater_environment__pros_azaaryl_sulfoxide__nh3__equilibrium_like,pros_azaaryl_sulfoxide,mace_mdp,0.0324366163046848,,,,equilibrium_like,NH3
nonwater_environment__pros_cyano_cyclic_acetal__ch3cn__altered_orientation,pros_cyano_cyclic_acetal,mace_mdp,0.08291531823012528,,,,altered_orientation,CH3CN
nonwater_environment__pros_cyano_cyclic_acetal__ch3cn__equilibrium_like,pros_cyano_cyclic_acetal,mace_mdp,0.05230118173938637,,,,equilibrium_like,CH3CN
nonwater_environment__pros_cyano_cyclic_acetal__ch3oh__altered_orientation,pros_cyano_cyclic_acetal,mace_mdp,0.02111253488991015,,,,altered_orientation,CH3OH
nonwater_environment__pros_cyano_cyclic_acetal__ch3oh__equilibrium_like,pros_cyano_cyclic_acetal,mace_mdp,0.0023699638051212827,,,,equilibrium_like,CH3OH
nonwater_environment__pros_cyano_cyclic_acetal__nh3__altered_orientation,pros_cyano_cyclic_acetal,mace_mdp,0.15895971746344495,,,,altered_orientation,NH3
nonwater_environment__pros_cyano_cyclic_acetal__nh3__equilibrium_like,pros_cyano_cyclic_acetal,mace_mdp,0.091229125012881,,,,equilibrium_like,NH3
nonwater_environment__pros_halogen_oxazinanone__ch3cn__altered_orientation,pros_halogen_oxazinanone,mace_mdp,0.29598890095001545,,,,altered_orientation,CH3CN
nonwater_environment__pros_halogen_oxazinanone__ch3cn__equilibrium_like,pros_halogen_oxazinanone,mace_mdp,0.43244230781596826,,,,equilibrium_like,CH3CN
nonwater_environment__pros_halogen_oxazinanone__ch3oh__altered_orientation,pros_halogen_oxazinanone,mace_mdp,0.16424083495736716,,,,altered_orientation,CH3OH
nonwater_environment__pros_halogen_oxazinanone__ch3oh__equilibrium_like,pros_halogen_oxazinanone,mace_mdp,0.021474367828479685,,,,equilibrium_like,CH3OH
nonwater_environment__pros_halogen_oxazinanone__nh3__altered_orientation,pros_halogen_oxazinanone,mace_mdp,4.2746240866244145,,,,altered_orientation,NH3
nonwater_environment__pros_halogen_oxazinanone__nh3__equilibrium_like,pros_halogen_oxazinanone,mace_mdp,12.403958285008173,,,,equilibrium_like,NH3
nonwater_environment__pros_heteroaryl_amide__ch3cn__altered_orientation,pros_heteroaryl_amide,mace_mdp,0.0004401441179796266,,,,altered_orientation,CH3CN
nonwater_environment__pros_heteroaryl_amide__ch3cn__equilibrium_like,pros_heteroaryl_amide,mace_mdp,0.0002380743603821381,,,,equilibrium_like,CH3CN
nonwater_environment__pros_heteroaryl_amide__ch3oh__altered_orientation,pros_heteroaryl_amide,mace_mdp,0.000611917417996213,,,,altered_orientation,CH3OH
nonwater_environment__pros_heteroaryl_amide__ch3oh__equilibrium_like,pros_heteroaryl_amide,mace_mdp,0.0002317063309642959,,,,equilibrium_like,CH3OH
nonwater_environment__pros_heteroaryl_amide__nh3__altered_orientation,pros_heteroaryl_amide,mace_mdp,0.0005350326200454157,,,,altered_orientation,NH3
nonwater_environment__pros_heteroaryl_amide__nh3__equilibrium_like,pros_heteroaryl_amide,mace_mdp,0.0005646513631502734,,,,equilibrium_like,NH3
nonwater_environment__pros_isoxazole_thioether__ch3cn__altered_orientation,pros_isoxazole_thioether,mace_mdp,0.006634023631080208,,,,altered_orientation,CH3CN
nonwater_environment__pros_isoxazole_thioether__ch3cn__equilibrium_like,pros_isoxazole_thioether,mace_mdp,0.00626270174118673,,,,equilibrium_like,CH3CN
nonwater_environment__pros_isoxazole_thioether__ch3oh__altered_orientation,pros_isoxazole_thioether,mace_mdp,0.0005128752945522378,,,,altered_orientation,CH3OH
nonwater_environment__pros_isoxazole_thioether__ch3oh__equilibrium_like,pros_isoxazole_thioether,mace_mdp,0.0018706187003886081,,,,equilibrium_like,CH3OH
nonwater_environment__pros_isoxazole_thioether__nh3__altered_orientation,pros_isoxazole_thioether,mace_mdp,0.0012355733226038857,,,,altered_orientation,NH3
nonwater_environment__pros_isoxazole_thioether__nh3__equilibrium_like,pros_isoxazole_thioether,mace_mdp,0.0011914698272691374,,,,equilibrium_like,NH3
nonwater_environment__pros_polyfunctional_oxane__ch3cn__altered_orientation,pros_polyfunctional_oxane,mace_mdp,2.4197572931256413,,,,altered_orientation,CH3CN
nonwater_environment__pros_polyfunctional_oxane__ch3cn__equilibrium_like,pros_polyfunctional_oxane,mace_mdp,5.309954566981268,,,,equilibrium_like,CH3CN
nonwater_environment__pros_polyfunctional_oxane__ch3oh__altered_orientation,pros_polyfunctional_oxane,mace_mdp,0.00987382360661609,,,,altered_orientation,CH3OH
nonwater_environment__pros_polyfunctional_oxane__ch3oh__equilibrium_like,pros_polyfunctional_oxane,mace_mdp,0.07412106315510429,,,,equilibrium_like,CH3OH
nonwater_environment__pros_polyfunctional_oxane__nh3__altered_orientation,pros_polyfunctional_oxane,mace_mdp,0.12636095743546938,,,,altered_orientation,NH3
nonwater_environment__pros_polyfunctional_oxane__nh3__equilibrium_like,pros_polyfunctional_oxane,mace_mdp,0.2101541295532597,,,,equilibrium_like,NH3
nonwater_environment__pros_sulfonyl_piperidinol__ch3cn__altered_orientation,pros_sulfonyl_piperidinol,mace_mdp,0.00809272937326707,,,,altered_orientation,CH3CN
nonwater_environment__pros_sulfonyl_piperidinol__ch3cn__equilibrium_like,pros_sulfonyl_piperidinol,mace_mdp,0.018869272661867376,,,,equilibrium_like,CH3CN
nonwater_environment__pros_sulfonyl_piperidinol__ch3oh__altered_orientation,pros_sulfonyl_piperidinol,mace_mdp,0.00023328117201101262,,,,altered_orientation,CH3OH
nonwater_environment__pros_sulfonyl_piperidinol__ch3oh__equilibrium_like,pros_sulfonyl_piperidinol,mace_mdp,2.938895718962449,,,,equilibrium_like,CH3OH
nonwater_environment__pros_sulfonyl_piperidinol__nh3__altered_orientation,pros_sulfonyl_piperidinol,mace_mdp,0.0007635679835205697,,,,altered_orientation,NH3
nonwater_environment__pros_sulfonyl_piperidinol__nh3__equilibrium_like,pros_sulfonyl_piperidinol,mace_mdp,0.004403979159608296,,,,equilibrium_like,NH3
nonwater_environment__prospective_diverse_01__ch3cn__altered_orientation,prospective_diverse_01,mace_mdp,0.08288762500156525,,,,altered_orientation,CH3CN
nonwater_environment__prospective_diverse_01__ch3cn__equilibrium_like,prospective_diverse_01,mace_mdp,0.08810140993040848,,,,equilibrium_like,CH3CN
nonwater_environment__prospective_diverse_01__ch3oh__altered_orientation,prospective_diverse_01,mace_mdp,0.0042367402122204635,,,,altered_orientation,CH3OH
nonwater_environment__prospective_diverse_01__ch3oh__equilibrium_like,prospective_diverse_01,mace_mdp,9.112020193054327e-05,,,,equilibrium_like,CH3OH
nonwater_environment__prospective_diverse_01__nh3__altered_orientation,prospective_diverse_01,mace_mdp,0.07110555773786471,,,,altered_orientation,NH3
nonwater_environment__prospective_diverse_01__nh3__equilibrium_like,prospective_diverse_01,mace_mdp,0.0012614940577496067,,,,equilibrium_like,NH3
nonwater_environment__prospective_diverse_02__ch3cn__altered_orientation,prospective_diverse_02,mace_mdp,0.17052866920367724,,,,altered_orientation,CH3CN
nonwater_environment__prospective_diverse_02__ch3cn__equilibrium_like,prospective_diverse_02,mace_mdp,0.010706956132571733,,,,equilibrium_like,CH3CN
nonwater_environment__prospective_diverse_02__ch3oh__altered_orientation,prospective_diverse_02,mace_mdp,0.001372412466755048,,,,altered_orientation,CH3OH
nonwater_environment__prospective_diverse_02__ch3oh__equilibrium_like,prospective_diverse_02,mace_mdp,0.0007660073651414604,,,,equilibrium_like,CH3OH
nonwater_environment__prospective_diverse_02__nh3__altered_orientation,prospective_diverse_02,mace_mdp,0.0029509278932693915,,,,altered_orientation,NH3
nonwater_environment__prospective_diverse_02__nh3__equilibrium_like,prospective_diverse_02,mace_mdp,0.007321771094411261,,,,equilibrium_like,NH3
nonwater_environment__prospective_diverse_03__ch3cn__altered_orientation,prospective_diverse_03,mace_mdp,0.00029593911459420104,,,,altered_orientation,CH3CN
nonwater_environment__prospective_diverse_03__ch3cn__equilibrium_like,prospective_diverse_03,mace_mdp,0.22524593164756423,,,,equilibrium_like,CH3CN
nonwater_environment__prospective_diverse_03__ch3oh__altered_orientation,prospective_diverse_03,mace_mdp,0.10175432234854768,,,,altered_orientation,CH3OH
nonwater_environment__prospective_diverse_03__ch3oh__equilibrium_like,prospective_diverse_03,mace_mdp,0.0001459306734046395,,,,equilibrium_like,CH3OH
nonwater_environment__prospective_diverse_03__nh3__altered_orientation,prospective_diverse_03,mace_mdp,5.770751308980579e-05,,,,altered_orientation,NH3
nonwater_environment__prospective_diverse_03__nh3__equilibrium_like,prospective_diverse_03,mace_mdp,0.00016130988977751536,,,,equilibrium_like,NH3
nonwater_environment__prospective_diverse_04__ch3cn__altered_orientation,prospective_diverse_04,mace_mdp,0.011799491100104968,,,,altered_orientation,CH3CN
nonwater_environment__prospective_diverse_04__ch3cn__equilibrium_like,prospective_diverse_04,mace_mdp,0.009303630732320265,,,,equilibrium_like,CH3CN
nonwater_environment__prospective_diverse_04__ch3oh__altered_orientation,prospective_diverse_04,mace_mdp,0.02570280113703524,,,,altered_orientation,CH3OH
nonwater_environment__prospective_diverse_04__ch3oh__equilibrium_like,prospective_diverse_04,mace_mdp,0.014199825044657435,,,,equilibrium_like,CH3OH
nonwater_environment__prospective_diverse_04__nh3__altered_orientation,prospective_diverse_04,mace_mdp,0.000668872925944994,,,,altered_orientation,NH3
nonwater_environment__prospective_diverse_04__nh3__equilibrium_like,prospective_diverse_04,mace_mdp,0.019228528425414514,,,,equilibrium_like,NH3
nonwater_environment__prospective_diverse_05__ch3cn__altered_orientation,prospective_diverse_05,mace_mdp,0.014413373485272746,,,,altered_orientation,CH3CN
nonwater_environment__prospective_diverse_05__ch3cn__equilibrium_like,prospective_diverse_05,mace_mdp,0.04803552967831532,,,,equilibrium_like,CH3CN
nonwater_environment__prospective_diverse_05__ch3oh__altered_orientation,prospective_diverse_05,mace_mdp,0.0793321463293528,,,,altered_orientation,CH3OH
nonwater_environment__prospective_diverse_05__ch3oh__equilibrium_like,prospective_diverse_05,mace_mdp,0.002238959297097877,,,,equilibrium_like,CH3OH
nonwater_environment__prospective_diverse_05__nh3__altered_orientation,prospective_diverse_05,mace_mdp,0.0028610645417299963,,,,altered_orientation,NH3
nonwater_environment__prospective_diverse_05__nh3__equilibrium_like,prospective_diverse_05,mace_mdp,0.0035121027721104997,,,,equilibrium_like,NH3
nonwater_environment__pros_azaaryl_sulfoxide__ch3cn__altered_orientation,pros_azaaryl_sulfoxide,mace_polar_l,0.04586054548046519,0.6552020280961305,2.9399277057779547,4.487055258850041,altered_orientation,CH3CN
nonwater_environment__pros_azaaryl_sulfoxide__ch3cn__equilibrium_like,pros_azaaryl_sulfoxide,mace_polar_l,0.013989288828410001,0.527328726833611,1.9947841295074675,3.782809522791057,equilibrium_like,CH3CN
nonwater_environment__pros_azaaryl_sulfoxide__ch3oh__altered_orientation,pros_azaaryl_sulfoxide,mace_polar_l,0.011363335372059387,0.3621103474695392,1.0974290274649057,3.0306480749137434,altered_orientation,CH3OH
nonwater_environment__pros_azaaryl_sulfoxide__ch3oh__equilibrium_like,pros_azaaryl_sulfoxide,mace_polar_l,0.18156555259449356,0.6799626202555432,4.020896421865555,5.913408034627585,equilibrium_like,CH3OH
nonwater_environment__pros_azaaryl_sulfoxide__nh3__altered_orientation,pros_azaaryl_sulfoxide,mace_polar_l,0.027304097419096836,0.45627496293292646,1.3546167353556668,2.96886054551014,altered_orientation,NH3
nonwater_environment__pros_azaaryl_sulfoxide__nh3__equilibrium_like,pros_azaaryl_sulfoxide,mace_polar_l,0.03597496895796303,0.42855622888038475,1.530146684735032,3.5704688944379206,equilibrium_like,NH3
nonwater_environment__pros_cyano_cyclic_acetal__ch3cn__altered_orientation,pros_cyano_cyclic_acetal,mace_polar_l,0.0033261792632959947,0.3584144381253773,1.8117574916866663,5.05492329260713,altered_orientation,CH3CN
nonwater_environment__pros_cyano_cyclic_acetal__ch3cn__equilibrium_like,pros_cyano_cyclic_acetal,mace_polar_l,0.013784129338410049,0.5706370627092545,2.1947739141561637,3.8461818510979264,equilibrium_like,CH3CN
nonwater_environment__pros_cyano_cyclic_acetal__ch3oh__altered_orientation,pros_cyano_cyclic_acetal,mace_polar_l,0.045524435426050176,0.7432595725125233,2.8281975771334165,3.8051276858405525,altered_orientation,CH3OH
nonwater_environment__pros_cyano_cyclic_acetal__ch3oh__equilibrium_like,pros_cyano_cyclic_acetal,mace_polar_l,0.007685377265431473,0.3507539587695468,1.62852000955881,4.642912699465166,equilibrium_like,CH3OH
nonwater_environment__pros_cyano_cyclic_acetal__nh3__altered_orientation,pros_cyano_cyclic_acetal,mace_polar_l,0.05031337599261989,0.7281181468989145,2.9985942281422973,4.118279761208308,altered_orientation,NH3
nonwater_environment__pros_cyano_cyclic_acetal__nh3__equilibrium_like,pros_cyano_cyclic_acetal,mace_polar_l,0.015074319829128444,0.3986328216115524,2.529975027840598,6.346630008067754,equilibrium_like,NH3
nonwater_environment__pros_halogen_oxazinanone__ch3cn__altered_orientation,pros_halogen_oxazinanone,mace_polar_l,0.05076044751890533,0.7625863493302293,3.9883887142936154,5.230081442969141,altered_orientation,CH3CN
nonwater_environment__pros_halogen_oxazinanone__ch3cn__equilibrium_like,pros_halogen_oxazinanone,mace_polar_l,0.03005128425421431,0.6053369724325007,3.336834411898854,5.512358510814296,equilibrium_like,CH3CN
nonwater_environment__pros_halogen_oxazinanone__ch3oh__altered_orientation,pros_halogen_oxazinanone,mace_polar_l,0.06760702100067094,0.4937539301466967,2.486178360966759,5.035257866662658,altered_orientation,CH3OH
nonwater_environment__pros_halogen_oxazinanone__ch3oh__equilibrium_like,pros_halogen_oxazinanone,mace_polar_l,0.07094792949459076,0.552055185607383,2.785509522857817,5.0457084644411765,equilibrium_like,CH3OH
nonwater_environment__pros_halogen_oxazinanone__nh3__altered_orientation,pros_halogen_oxazinanone,mace_polar_l,0.397280426559725,1.240545754962276,5.986758822220342,4.825907305936003,altered_orientation,NH3
nonwater_environment__pros_halogen_oxazinanone__nh3__equilibrium_like,pros_halogen_oxazinanone,mace_polar_l,0.21923281409775877,0.7076215610512604,5.998120817641333,8.476452877906057,equilibrium_like,NH3
nonwater_environment__pros_heteroaryl_amide__ch3cn__altered_orientation,pros_heteroaryl_amide,mace_polar_l,0.0003221786955750275,0.9362907598299066,1.211861753140022,1.2943220259486248,altered_orientation,CH3CN
nonwater_environment__pros_heteroaryl_amide__ch3cn__equilibrium_like,pros_heteroaryl_amide,mace_polar_l,0.0003890689319346429,0.4601520407116057,0.8759539795117531,1.9036185912750212,equilibrium_like,CH3CN
nonwater_environment__pros_heteroaryl_amide__ch3oh__altered_orientation,pros_heteroaryl_amide,mace_polar_l,0.0006688832440860824,0.5350702268453081,0.6156638345239908,1.1506224858629308,altered_orientation,CH3OH
nonwater_environment__pros_heteroaryl_amide__ch3oh__equilibrium_like,pros_heteroaryl_amide,mace_polar_l,0.0004441510062700089,0.47323611400783144,0.4723595672384054,0.9981477601909909,equilibrium_like,CH3OH
nonwater_environment__pros_heteroaryl_amide__nh3__altered_orientation,pros_heteroaryl_amide,mace_polar_l,0.00790569459569953,0.5605704070143877,0.7657960437238305,1.3661014462081218,altered_orientation,NH3
nonwater_environment__pros_heteroaryl_amide__nh3__equilibrium_like,pros_heteroaryl_amide,mace_polar_l,0.0010041015256060386,1.0889444382763085,0.6607747607133069,0.6068030080205451,equilibrium_like,NH3
nonwater_environment__pros_isoxazole_thioether__ch3cn__altered_orientation,pros_isoxazole_thioether,mace_polar_l,0.003746078947950678,0.5685941272418696,1.5263815804857568,2.6844835487308187,altered_orientation,CH3CN
nonwater_environment__pros_isoxazole_thioether__ch3cn__equilibrium_like,pros_isoxazole_thioether,mace_polar_l,0.0019213002771440353,0.6594837182580202,1.6565593066969997,2.5119032674114905,equilibrium_like,CH3CN
nonwater_environment__pros_isoxazole_thioether__ch3oh__altered_orientation,pros_isoxazole_thioether,mace_polar_l,0.006526245561979442,0.5915299745079,1.2971929895958667,2.1929454896601226,altered_orientation,CH3OH
nonwater_environment__pros_isoxazole_thioether__ch3oh__equilibrium_like,pros_isoxazole_thioether,mace_polar_l,0.009235410739578656,0.4387384831191293,0.9612607839027827,2.190965280886415,equilibrium_like,CH3OH
nonwater_environment__pros_isoxazole_thioether__nh3__altered_orientation,pros_isoxazole_thioether,mace_polar_l,0.020840077617326813,0.6049319084999284,1.3581159722182747,2.2450724670583906,altered_orientation,NH3
nonwater_environment__pros_isoxazole_thioether__nh3__equilibrium_like,pros_isoxazole_thioether,mace_polar_l,0.019263782251122855,0.5398022563619489,1.549094318044871,2.8697440586579734,equilibrium_like,NH3
nonwater_environment__pros_polyfunctional_oxane__ch3cn__altered_orientation,pros_polyfunctional_oxane,mace_polar_l,0.0475200378106081,1.0113348342699167,6.090483996079981,6.022223095357638,altered_orientation,CH3CN
nonwater_environment__pros_polyfunctional_oxane__ch3cn__equilibrium_like,pros_polyfunctional_oxane,mace_polar_l,0.8697462598370961,3.7136518500546245,12.699088726701627,3.419568995546751,equilibrium_like,CH3CN
nonwater_environment__pros_polyfunctional_oxane__ch3oh__altered_orientation,pros_polyfunctional_oxane,mace_polar_l,0.03996089631972802,1.0915418223114421,3.223417978520447,2.9530870119979067,altered_orientation,CH3OH
nonwater_environment__pros_polyfunctional_oxane__ch3oh__equilibrium_like,pros_polyfunctional_oxane,mace_polar_l,0.036377319590276784,0.92245441213956,2.6234341693479197,2.843971620519514,equilibrium_like,CH3OH
nonwater_environment__pros_polyfunctional_oxane__nh3__altered_orientation,pros_polyfunctional_oxane,mace_polar_l,0.05804664740996293,1.388451624175077,2.811899404650712,2.0252051678943803,altered_orientation,NH3
nonwater_environment__pros_polyfunctional_oxane__nh3__equilibrium_like,pros_polyfunctional_oxane,mace_polar_l,0.01840591131129492,0.5759233187387586,1.997873949536184,3.468992979675526,equilibrium_like,NH3
nonwater_environment__pros_sulfonyl_piperidinol__ch3cn__altered_orientation,pros_sulfonyl_piperidinol,mace_polar_l,0.006421664028689913,0.6503765494301551,1.7783055596952735,2.734270725556424,altered_orientation,CH3CN
nonwater_environment__pros_sulfonyl_piperidinol__ch3cn__equilibrium_like,pros_sulfonyl_piperidinol,mace_polar_l,0.0014477387371252754,0.45531950054121306,1.6302914452475503,3.5805438671300336,equilibrium_like,CH3CN
nonwater_environment__pros_sulfonyl_piperidinol__ch3oh__altered_orientation,pros_sulfonyl_piperidinol,mace_polar_l,0.013534468100104413,0.6328359921845566,1.8742439998030684,2.961658349003126,altered_orientation,CH3OH
nonwater_environment__pros_sulfonyl_piperidinol__ch3oh__equilibrium_like,pros_sulfonyl_piperidinol,mace_polar_l,0.1227440849647295,0.8220832996152303,4.835097673436117,5.881517938266288,equilibrium_like,CH3OH
nonwater_environment__pros_sulfonyl_piperidinol__nh3__altered_orientation,pros_sulfonyl_piperidinol,mace_polar_l,0.008632074315298313,0.7616109027957554,1.6777776247275764,2.20293278177704,altered_orientation,NH3
nonwater_environment__pros_sulfonyl_piperidinol__nh3__equilibrium_like,pros_sulfonyl_piperidinol,mace_polar_l,0.016784940625672484,0.41129110057049334,1.1047316507989788,2.6860091289761154,equilibrium_like,NH3
nonwater_environment__prospective_diverse_01__ch3cn__altered_orientation,prospective_diverse_01,mace_polar_l,0.017355266581791987,0.3859815348211098,2.096248849606819,5.4309563035919926,altered_orientation,CH3CN
nonwater_environment__prospective_diverse_01__ch3cn__equilibrium_like,prospective_diverse_01,mace_polar_l,0.027092124797176164,0.38139276227362745,2.1199698156945224,5.558495140433645,equilibrium_like,CH3CN
nonwater_environment__prospective_diverse_01__ch3oh__altered_orientation,prospective_diverse_01,mace_polar_l,0.003842832499641975,0.30300582712957624,1.3515394325147838,4.4604403991769335,altered_orientation,CH3OH
nonwater_environment__prospective_diverse_01__ch3oh__equilibrium_like,prospective_diverse_01,mace_polar_l,0.011657854216574878,0.4387223884115165,2.336425970607577,5.3255225452867405,equilibrium_like,CH3OH
nonwater_environment__prospective_diverse_01__nh3__altered_orientation,prospective_diverse_01,mace_polar_l,0.000552458857605683,0.3171445023761316,2.0156344169785947,6.355571046879014,altered_orientation,NH3
nonwater_environment__prospective_diverse_01__nh3__equilibrium_like,prospective_diverse_01,mace_polar_l,0.013962437343849485,0.4923573137075828,2.4912118070550986,5.059763991917992,equilibrium_like,NH3
nonwater_environment__prospective_diverse_02__ch3cn__altered_orientation,prospective_diverse_02,mace_polar_l,0.031182476226936404,0.3678216306660978,2.596389570144671,7.058827849364924,altered_orientation,CH3CN
nonwater_environment__prospective_diverse_02__ch3cn__equilibrium_like,prospective_diverse_02,mace_polar_l,0.004002122396335294,0.3734255098748637,2.075814554886706,5.558845070821003,equilibrium_like,CH3CN
nonwater_environment__prospective_diverse_02__ch3oh__altered_orientation,prospective_diverse_02,mace_polar_l,0.0016498009301119541,0.29276869074610207,1.2637619403927762,4.316588420613423,altered_orientation,CH3OH
nonwater_environment__prospective_diverse_02__ch3oh__equilibrium_like,prospective_diverse_02,mace_polar_l,0.0025380214861022237,0.27964912422191923,1.1800097637486007,4.219608293184528,equilibrium_like,CH3OH
nonwater_environment__prospective_diverse_02__nh3__altered_orientation,prospective_diverse_02,mace_polar_l,0.013081553579864826,0.49494757728007777,2.1367039847269007,4.317030899451795,altered_orientation,NH3
nonwater_environment__prospective_diverse_02__nh3__equilibrium_like,prospective_diverse_02,mace_polar_l,0.01742202563767785,0.3067000391919765,1.5575287072585602,5.078345315383665,equilibrium_like,NH3
nonwater_environment__prospective_diverse_03__ch3cn__altered_orientation,prospective_diverse_03,mace_polar_l,0.0017663324926387644,0.8080327668346435,0.8295280879972453,1.026602041457807,altered_orientation,CH3CN
nonwater_environment__prospective_diverse_03__ch3cn__equilibrium_like,prospective_diverse_03,mace_polar_l,0.0204912177577878,0.3337887678635089,2.2846845960685185,6.844701847495239,equilibrium_like,CH3CN
nonwater_environment__prospective_diverse_03__ch3oh__altered_orientation,prospective_diverse_03,mace_polar_l,0.00023163381439099198,1.0396716917832838,0.6937276005970443,0.6672564099606645,altered_orientation,CH3OH
nonwater_environment__prospective_diverse_03__ch3oh__equilibrium_like,prospective_diverse_03,mace_polar_l,0.0003879306881673301,0.46239845401613805,0.6183065119234873,1.3371725328084854,equilibrium_like,CH3OH
nonwater_environment__prospective_diverse_03__nh3__altered_orientation,prospective_diverse_03,mace_polar_l,0.002696883918226958,0.6432956923054566,0.7006701361443124,1.089188291675382,altered_orientation,NH3
nonwater_environment__prospective_diverse_03__nh3__equilibrium_like,prospective_diverse_03,mace_polar_l,0.0012755786779067551,0.9292977129768953,0.7294459189333057,0.7849431982315032,equilibrium_like,NH3
nonwater_environment__prospective_diverse_04__ch3cn__altered_orientation,prospective_diverse_04,mace_polar_l,0.026252545321107792,0.44413865576130773,2.894783696005864,6.517747686347751,altered_orientation,CH3CN
nonwater_environment__prospective_diverse_04__ch3cn__equilibrium_like,prospective_diverse_04,mace_polar_l,0.09524977652862,0.5897587324740565,3.779148396590406,6.407956658372414,equilibrium_like,CH3CN
nonwater_environment__prospective_diverse_04__ch3oh__altered_orientation,prospective_diverse_04,mace_polar_l,0.07350742289920094,0.48746472505341365,3.545457100365888,7.273258798321041,altered_orientation,CH3OH
nonwater_environment__prospective_diverse_04__ch3oh__equilibrium_like,prospective_diverse_04,mace_polar_l,0.0031339710184266054,0.30467082689414426,1.5699305788564442,5.152874644614089,equilibrium_like,CH3OH
nonwater_environment__prospective_diverse_04__nh3__altered_orientation,prospective_diverse_04,mace_polar_l,0.00628346042833395,0.4197339348354537,1.8466994791342992,4.3996906751374585,altered_orientation,NH3
nonwater_environment__prospective_diverse_04__nh3__equilibrium_like,prospective_diverse_04,mace_polar_l,0.017930305536668793,0.32723879711541315,1.8321435330027152,5.598796808792023,equilibrium_like,NH3
nonwater_environment__prospective_diverse_05__ch3cn__altered_orientation,prospective_diverse_05,mace_polar_l,0.0005963703533315281,0.5001552641614241,2.5421308436219667,5.0826833701014476,altered_orientation,CH3CN
nonwater_environment__prospective_diverse_05__ch3cn__equilibrium_like,prospective_diverse_05,mace_polar_l,0.0048943527798514805,0.31758223407039987,1.520229146850908,4.786883470672707,equilibrium_like,CH3CN
nonwater_environment__prospective_diverse_05__ch3oh__altered_orientation,prospective_diverse_05,mace_polar_l,0.011812331653063113,0.5044315561133854,3.663923529954712,7.263470109176002,altered_orientation,CH3OH
nonwater_environment__prospective_diverse_05__ch3oh__equilibrium_like,prospective_diverse_05,mace_polar_l,0.030201066988744127,0.42695156966165426,1.8150327379616673,4.2511443145648204,equilibrium_like,CH3OH
nonwater_environment__prospective_diverse_05__nh3__altered_orientation,prospective_diverse_05,mace_polar_l,0.0015010464869990262,0.4775933353320224,2.272387727502308,4.757997148185801,altered_orientation,NH3
nonwater_environment__prospective_diverse_05__nh3__equilibrium_like,prospective_diverse_05,mace_polar_l,0.019332169583120572,0.47076261174710465,1.87812096963746,3.9895287407539337,equilibrium_like,NH3
nonwater_environment__pros_azaaryl_sulfoxide__ch3cn__altered_orientation,pros_azaaryl_sulfoxide,mace_polar_m,0.03238811524419514,0.5506264459053339,2.470691289761436,4.487055258850041,altered_orientation,CH3CN
nonwater_environment__pros_azaaryl_sulfoxide__ch3cn__equilibrium_like,pros_azaaryl_sulfoxide,mace_polar_m,0.016249994644120178,0.4108979670015751,1.5543487424690439,3.782809522791057,equilibrium_like,CH3CN
nonwater_environment__pros_azaaryl_sulfoxide__ch3oh__altered_orientation,pros_azaaryl_sulfoxide,mace_polar_m,0.00781910823788252,0.28748238911141794,0.8712579491321226,3.0306480749137434,altered_orientation,CH3OH
nonwater_environment__pros_azaaryl_sulfoxide__ch3oh__equilibrium_like,pros_azaaryl_sulfoxide,mace_polar_m,0.07402128440223917,0.4567464984711681,2.7009284138474214,5.913408034627585,equilibrium_like,CH3OH
nonwater_environment__pros_azaaryl_sulfoxide__nh3__altered_orientation,pros_azaaryl_sulfoxide,mace_polar_m,0.0329335488767307,0.4610839312141476,1.368893891550394,2.96886054551014,altered_orientation,NH3
nonwater_environment__pros_azaaryl_sulfoxide__nh3__equilibrium_like,pros_azaaryl_sulfoxide,mace_polar_m,0.028742042327898797,0.3460305999561177,1.2354914936670098,3.5704688944379206,equilibrium_like,NH3
nonwater_environment__pros_cyano_cyclic_acetal__ch3cn__altered_orientation,pros_cyano_cyclic_acetal,mace_polar_m,0.020316464991137848,0.3927789952845628,1.9854676921107623,5.05492329260713,altered_orientation,CH3CN
nonwater_environment__pros_cyano_cyclic_acetal__ch3cn__equilibrium_like,pros_cyano_cyclic_acetal,mace_polar_m,0.045125116716445667,0.6523068900150637,2.5088909217220685,3.8461818510979264,equilibrium_like,CH3CN
nonwater_environment__pros_cyano_cyclic_acetal__ch3oh__altered_orientation,pros_cyano_cyclic_acetal,mace_polar_m,0.16415934372113017,0.7015288920878983,2.669407009700711,3.8051276858405525,altered_orientation,CH3OH
nonwater_environment__pros_cyano_cyclic_acetal__ch3oh__equilibrium_like,pros_cyano_cyclic_acetal,mace_polar_m,0.024416904408876876,0.3299978679236178,1.5321512917789935,4.642912699465166,equilibrium_like,CH3OH
nonwater_environment__pros_cyano_cyclic_acetal__nh3__altered_orientation,pros_cyano_cyclic_acetal,mace_polar_m,0.12229529223553075,0.7334995076975988,3.020756177407278,4.118279761208308,altered_orientation,NH3
nonwater_environment__pros_cyano_cyclic_acetal__nh3__equilibrium_like,pros_cyano_cyclic_acetal,mace_polar_m,0.030156847933641106,0.42090352910034706,2.6713189682898815,6.346630008067754,equilibrium_like,NH3
nonwater_environment__pros_halogen_oxazinanone__ch3cn__altered_orientation,pros_halogen_oxazinanone,mace_polar_m,0.012284638551389698,0.5988424953441702,3.131995022160879,5.230081442969141,altered_orientation,CH3CN
nonwater_environment__pros_halogen_oxazinanone__ch3cn__equilibrium_like,pros_halogen_oxazinanone,mace_polar_m,0.005748318418445665,0.5982342441211245,3.297681627041638,5.512358510814296,equilibrium_like,CH3CN
nonwater_environment__pros_halogen_oxazinanone__ch3oh__altered_orientation,pros_halogen_oxazinanone,mace_polar_m,0.002648024668811457,0.5696398278619685,2.8682834244063398,5.035257866662658,altered_orientation,CH3OH
nonwater_environment__pros_halogen_oxazinanone__ch3oh__equilibrium_like,pros_halogen_oxazinanone,mace_polar_m,0.005769618177208175,0.6426085351818681,3.2424153252892975,5.0457084644411765,equilibrium_like,CH3OH
nonwater_environment__pros_halogen_oxazinanone__nh3__altered_orientation,pros_halogen_oxazinanone,mace_polar_m,0.45936248951889386,1.2918776382359771,6.234481732738349,4.825907305936003,altered_orientation,NH3
nonwater_environment__pros_halogen_oxazinanone__nh3__equilibrium_like,pros_halogen_oxazinanone,mace_polar_m,0.3450454223644319,0.5831525111379765,4.943064781293645,8.476452877906057,equilibrium_like,NH3
nonwater_environment__pros_heteroaryl_amide__ch3cn__altered_orientation,pros_heteroaryl_amide,mace_polar_m,0.0003122086087127465,0.6621419197189456,0.8570248709961373,1.2943220259486248,altered_orientation,CH3CN
nonwater_environment__pros_heteroaryl_amide__ch3cn__equilibrium_like,pros_heteroaryl_amide,mace_polar_m,0.001300729926742689,0.37050731078292404,0.7053046050096864,1.9036185912750212,equilibrium_like,CH3CN
nonwater_environment__pros_heteroaryl_amide__ch3oh__altered_orientation,pros_heteroaryl_amide,mace_polar_m,0.0017377262717294909,0.5534336088220577,0.636793154742929,1.1506224858629308,altered_orientation,CH3OH
nonwater_environment__pros_heteroaryl_amide__ch3oh__equilibrium_like,pros_heteroaryl_amide,mace_polar_m,0.0014016150114949033,0.6168311464746129,0.6156886272696761,0.9981477601909909,equilibrium_like,CH3OH
nonwater_environment__pros_heteroaryl_amide__nh3__altered_orientation,pros_heteroaryl_amide,mace_polar_m,0.009572846368190448,0.6317996982159833,0.8631024814467096,1.3661014462081218,altered_orientation,NH3
nonwater_environment__pros_heteroaryl_amide__nh3__equilibrium_like,pros_heteroaryl_amide,mace_polar_m,0.0020413681266370325,1.1165080529441611,0.6775004450056791,0.6068030080205451,equilibrium_like,NH3
nonwater_environment__pros_isoxazole_thioether__ch3cn__altered_orientation,pros_isoxazole_thioether,mace_polar_m,0.009062698171480527,0.5335339982698689,1.43226324104404,2.6844835487308187,altered_orientation,CH3CN
nonwater_environment__pros_isoxazole_thioether__ch3cn__equilibrium_like,pros_isoxazole_thioether,mace_polar_m,0.007277972090984911,0.5936623388935405,1.491222368805832,2.5119032674114905,equilibrium_like,CH3CN
nonwater_environment__pros_isoxazole_thioether__ch3oh__altered_orientation,pros_isoxazole_thioether,mace_polar_m,0.0036278793676615124,0.5890834967718607,1.2918279972790652,2.1929454896601226,altered_orientation,CH3OH
nonwater_environment__pros_isoxazole_thioether__ch3oh__equilibrium_like,pros_isoxazole_thioether,mace_polar_m,0.0058743561088363426,0.4556160478225003,0.9982389421937826,2.190965280886415,equilibrium_like,CH3OH
nonwater_environment__pros_isoxazole_thioether__nh3__altered_orientation,pros_isoxazole_thioether,mace_polar_m,0.020261169212496436,0.7426151399904246,1.6672248044132145,2.2450724670583906,altered_orientation,NH3
nonwater_environment__pros_isoxazole_thioether__nh3__equilibrium_like,pros_isoxazole_thioether,mace_polar_m,0.01323127415254653,0.643383152837625,1.8463449802964096,2.8697440586579734,equilibrium_like,NH3
nonwater_environment__pros_polyfunctional_oxane__ch3cn__altered_orientation,pros_polyfunctional_oxane,mace_polar_m,0.0929623335842547,0.7914578017608217,4.7663354527650075,6.022223095357638,altered_orientation,CH3CN
nonwater_environment__pros_polyfunctional_oxane__ch3cn__equilibrium_like,pros_polyfunctional_oxane,mace_polar_m,1.2417929002239263,3.518751238963169,12.03261263980017,3.419568995546751,equilibrium_like,CH3CN
nonwater_environment__pros_polyfunctional_oxane__ch3oh__altered_orientation,pros_polyfunctional_oxane,mace_polar_m,0.014333336930154572,1.1356527100544285,3.353681268201957,2.9530870119979067,altered_orientation,CH3OH
nonwater_environment__pros_polyfunctional_oxane__ch3oh__equilibrium_like,pros_polyfunctional_oxane,mace_polar_m,0.0024378173073222775,0.9665623189392882,2.7488758045268664,2.843971620519514,equilibrium_like,CH3OH
nonwater_environment__pros_polyfunctional_oxane__nh3__altered_orientation,pros_polyfunctional_oxane,mace_polar_m,0.004764681728660185,1.2022017473835154,2.4347051916527493,2.0252051678943803,altered_orientation,NH3
nonwater_environment__pros_polyfunctional_oxane__nh3__equilibrium_like,pros_polyfunctional_oxane,mace_polar_m,0.003989127322835345,0.572982633064721,1.987672731577515,3.468992979675526,equilibrium_like,NH3
nonwater_environment__pros_sulfonyl_piperidinol__ch3cn__altered_orientation,pros_sulfonyl_piperidinol,mace_polar_m,0.015159677139804656,0.5581984323039595,1.5262656325002055,2.734270725556424,altered_orientation,CH3CN
nonwater_environment__pros_sulfonyl_piperidinol__ch3cn__equilibrium_like,pros_sulfonyl_piperidinol,mace_polar_m,0.010176451909587644,0.4064869184660216,1.4554442429820993,3.5805438671300336,equilibrium_like,CH3CN
nonwater_environment__pros_sulfonyl_piperidinol__ch3oh__altered_orientation,pros_sulfonyl_piperidinol,mace_polar_m,0.00414637971324336,0.5698454904386124,1.6876876543992971,2.961658349003126,altered_orientation,CH3OH
nonwater_environment__pros_sulfonyl_piperidinol__ch3oh__equilibrium_like,pros_sulfonyl_piperidinol,mace_polar_m,0.08369421062592486,0.6718771411441348,3.951657457950299,5.881517938266288,equilibrium_like,CH3OH
nonwater_environment__pros_sulfonyl_piperidinol__nh3__altered_orientation,pros_sulfonyl_piperidinol,mace_polar_m,0.019564859546682373,1.0506333370129828,2.314474619733705,2.20293278177704,altered_orientation,NH3
nonwater_environment__pros_sulfonyl_piperidinol__nh3__equilibrium_like,pros_sulfonyl_piperidinol,mace_polar_m,0.04272611634804097,0.5691308831816282,1.5286907478080924,2.6860091289761154,equilibrium_like,NH3
nonwater_environment__prospective_diverse_01__ch3cn__altered_orientation,prospective_diverse_01,mace_polar_m,0.0047023086508386,0.3683627974917183,2.000562257046428,5.4309563035919926,altered_orientation,CH3CN
nonwater_environment__prospective_diverse_01__ch3cn__equilibrium_like,prospective_diverse_01,mace_polar_m,0.0018807564270476348,0.3615233693003578,2.0095258914092367,5.558495140433645,equilibrium_like,CH3CN
nonwater_environment__prospective_diverse_01__ch3oh__altered_orientation,prospective_diverse_01,mace_polar_m,0.0014762891419634163,0.28590698357352085,1.2752710599381483,4.4604403991769335,altered_orientation,CH3OH
nonwater_environment__prospective_diverse_01__ch3oh__equilibrium_like,prospective_diverse_01,mace_polar_m,0.0033441453100411245,0.3637927593322271,1.9373865416358484,5.3255225452867405,equilibrium_like,CH3OH
nonwater_environment__prospective_diverse_01__nh3__altered_orientation,prospective_diverse_01,mace_polar_m,0.011221907290133547,0.2817584123954302,1.7907356080349932,6.355571046879014,altered_orientation,NH3
nonwater_environment__prospective_diverse_01__nh3__equilibrium_like,prospective_diverse_01,mace_polar_m,0.00876492837873698,0.36865153909512927,1.8652897830786832,5.059763991917992,equilibrium_like,NH3
nonwater_environment__prospective_diverse_02__ch3cn__altered_orientation,prospective_diverse_02,mace_polar_m,0.0619309711594655,0.3321786442532692,2.344791865019261,7.058827849364924,altered_orientation,CH3CN
nonwater_environment__prospective_diverse_02__ch3cn__equilibrium_like,prospective_diverse_02,mace_polar_m,0.007471760219451826,0.39240092046007113,2.181295922485091,5.558845070821003,equilibrium_like,CH3CN
nonwater_environment__prospective_diverse_02__ch3oh__altered_orientation,prospective_diverse_02,mace_polar_m,0.0001392445043933458,0.24958927809128648,1.0773741877181104,4.316588420613423,altered_orientation,CH3OH
nonwater_environment__prospective_diverse_02__ch3oh__equilibrium_like,prospective_diverse_02,mace_polar_m,0.0010216172829574956,0.21723223827918475,0.9166349541898855,4.219608293184528,equilibrium_like,CH3OH
nonwater_environment__prospective_diverse_02__nh3__altered_orientation,prospective_diverse_02,mace_polar_m,0.005015152319706715,0.38903052880978956,1.6794568137019332,4.317030899451795,altered_orientation,NH3
nonwater_environment__prospective_diverse_02__nh3__equilibrium_like,prospective_diverse_02,mace_polar_m,0.012800414330125805,0.24925158791592197,1.2657856338447617,5.078345315383665,equilibrium_like,NH3
nonwater_environment__prospective_diverse_03__ch3cn__altered_orientation,prospective_diverse_03,mace_polar_m,0.0015654983182389684,0.9671043632632166,0.9928313136287708,1.026602041457807,altered_orientation,CH3CN
nonwater_environment__prospective_diverse_03__ch3cn__equilibrium_like,prospective_diverse_03,mace_polar_m,0.03232942038830258,0.2951930840351734,2.0205086476633687,6.844701847495239,equilibrium_like,CH3CN
nonwater_environment__prospective_diverse_03__ch3oh__altered_orientation,prospective_diverse_03,mace_polar_m,0.00038465725956447907,1.1339873907736948,0.7566603553083167,0.6672564099606645,altered_orientation,CH3OH
nonwater_environment__prospective_diverse_03__ch3oh__equilibrium_like,prospective_diverse_03,mace_polar_m,0.0005515943163706814,0.6553143517586042,0.8762683515268036,1.3371725328084854,equilibrium_like,CH3OH
nonwater_environment__prospective_diverse_03__nh3__altered_orientation,prospective_diverse_03,mace_polar_m,0.004240395862525209,0.7546525356240193,0.8219587060848208,1.089188291675382,altered_orientation,NH3
nonwater_environment__prospective_diverse_03__nh3__equilibrium_like,prospective_diverse_03,mace_polar_m,0.0010283469925968318,1.3368981289079478,1.0493890930147167,0.7849431982315032,equilibrium_like,NH3
nonwater_environment__prospective_diverse_04__ch3cn__altered_orientation,prospective_diverse_04,mace_polar_m,0.03642263565399267,0.4418530560839625,2.8798867339969294,6.517747686347751,altered_orientation,CH3CN
nonwater_environment__prospective_diverse_04__ch3cn__equilibrium_like,prospective_diverse_04,mace_polar_m,0.09130670373403815,0.45601809704407215,2.9221442012918795,6.407956658372414,equilibrium_like,CH3CN
nonwater_environment__prospective_diverse_04__ch3oh__altered_orientation,prospective_diverse_04,mace_polar_m,0.0544220587726488,0.4262180489974674,3.0999941748740585,7.273258798321041,altered_orientation,CH3OH
nonwater_environment__prospective_diverse_04__ch3oh__equilibrium_like,prospective_diverse_04,mace_polar_m,0.006222400231149416,0.2740557950094023,1.4121751573135055,5.152874644614089,equilibrium_like,CH3OH
nonwater_environment__prospective_diverse_04__nh3__altered_orientation,prospective_diverse_04,mace_polar_m,0.051149253869606226,0.5737855614478026,2.524478984230408,4.3996906751374585,altered_orientation,NH3
nonwater_environment__prospective_diverse_04__nh3__equilibrium_like,prospective_diverse_04,mace_polar_m,0.03907836015995123,0.452733531538224,2.534763051609351,5.598796808792023,equilibrium_like,NH3
nonwater_environment__prospective_diverse_05__ch3cn__altered_orientation,prospective_diverse_05,mace_polar_m,0.011109590032290858,0.3994784489593442,2.0304224692395785,5.0826833701014476,altered_orientation,CH3CN
nonwater_environment__prospective_diverse_05__ch3cn__equilibrium_like,prospective_diverse_05,mace_polar_m,0.006945524897779616,0.4016748928693461,1.9227709052605029,4.786883470672707,equilibrium_like,CH3CN
nonwater_environment__prospective_diverse_05__ch3oh__altered_orientation,prospective_diverse_05,mace_polar_m,0.0077622850383385,0.5182311939529122,3.764156786919569,7.263470109176002,altered_orientation,CH3OH
nonwater_environment__prospective_diverse_05__ch3oh__equilibrium_like,prospective_diverse_05,mace_polar_m,0.009904622472439978,0.3679705058939641,1.564295724058666,4.2511443145648204,equilibrium_like,CH3OH
nonwater_environment__prospective_diverse_05__nh3__altered_orientation,prospective_diverse_05,mace_polar_m,0.006244730096569046,0.35278877806102205,1.6785679999262964,4.757997148185801,altered_orientation,NH3
nonwater_environment__prospective_diverse_05__nh3__equilibrium_like,prospective_diverse_05,mace_polar_m,0.029899566136633884,0.42363907542635865,1.6901202671198816,3.9895287407539337,equilibrium_like,NH3
nonwater_environment__pros_azaaryl_sulfoxide__ch3cn__altered_orientation,pros_azaaryl_sulfoxide,mace_polar_s,0.05005332200785051,1.0256693316277081,4.602234968321315,4.487055258850041,altered_orientation,CH3CN
nonwater_environment__pros_azaaryl_sulfoxide__ch3cn__equilibrium_like,pros_azaaryl_sulfoxide,mace_polar_s,0.06783208915967455,0.7098290883671234,2.6851482350292493,3.782809522791057,equilibrium_like,CH3CN
nonwater_environment__pros_azaaryl_sulfoxide__ch3oh__altered_orientation,pros_azaaryl_sulfoxide,mace_polar_s,0.010795762177507736,0.7864231471552996,2.3833717969938166,3.0306480749137434,altered_orientation,CH3OH
nonwater_environment__pros_azaaryl_sulfoxide__ch3oh__equilibrium_like,pros_azaaryl_sulfoxide,mace_polar_s,0.0859759787214814,0.9689219858855469,5.729631056262909,5.913408034627585,equilibrium_like,CH3OH
nonwater_environment__pros_azaaryl_sulfoxide__nh3__altered_orientation,pros_azaaryl_sulfoxide,mace_polar_s,0.038037835128680225,0.7940019570208574,2.3572810832570616,2.96886054551014,altered_orientation,NH3
nonwater_environment__pros_azaaryl_sulfoxide__nh3__equilibrium_like,pros_azaaryl_sulfoxide,mace_polar_s,0.07923960159271888,0.932575570341232,3.3297320656160716,3.5704688944379206,equilibrium_like,NH3
nonwater_environment__pros_cyano_cyclic_acetal__ch3cn__altered_orientation,pros_cyano_cyclic_acetal,mace_polar_s,0.009083637752665914,0.5996940546047641,3.031407445059634,5.05492329260713,altered_orientation,CH3CN
nonwater_environment__pros_cyano_cyclic_acetal__ch3cn__equilibrium_like,pros_cyano_cyclic_acetal,mace_polar_s,0.2074719599636415,0.9323329010802772,3.58592188331644,3.8461818510979264,equilibrium_like,CH3CN
nonwater_environment__pros_cyano_cyclic_acetal__ch3oh__altered_orientation,pros_cyano_cyclic_acetal,mace_polar_s,0.14881722040587106,1.168020147838641,4.444465802160387,3.8051276858405525,altered_orientation,CH3OH
nonwater_environment__pros_cyano_cyclic_acetal__ch3oh__equilibrium_like,pros_cyano_cyclic_acetal,mace_polar_s,0.04235293714410319,0.6390689597406818,2.967141389014004,4.642912699465166,equilibrium_like,CH3OH
nonwater_environment__pros_cyano_cyclic_acetal__nh3__altered_orientation,pros_cyano_cyclic_acetal,mace_polar_s,0.09769868951926582,1.518317780658761,6.25285738716969,4.118279761208308,altered_orientation,NH3
nonwater_environment__pros_cyano_cyclic_acetal__nh3__equilibrium_like,pros_cyano_cyclic_acetal,mace_polar_s,0.042550617688087454,0.7481551180343707,4.748263722806409,6.346630008067754,equilibrium_like,NH3
nonwater_environment__pros_halogen_oxazinanone__ch3cn__altered_orientation,pros_halogen_oxazinanone,mace_polar_s,0.7152539724145525,1.1491650437173653,6.010226770055013,5.230081442969141,altered_orientation,CH3CN
nonwater_environment__pros_halogen_oxazinanone__ch3cn__equilibrium_like,pros_halogen_oxazinanone,mace_polar_s,0.4445874100426816,0.8291149603529284,4.570378908144922,5.512358510814296,equilibrium_like,CH3CN
nonwater_environment__pros_halogen_oxazinanone__ch3oh__altered_orientation,pros_halogen_oxazinanone,mace_polar_s,0.23085658845948362,0.7703948886112673,3.8791369233165858,5.035257866662658,altered_orientation,CH3OH
nonwater_environment__pros_halogen_oxazinanone__ch3oh__equilibrium_like,pros_halogen_oxazinanone,mace_polar_s,0.3632953954374633,0.8836925487923599,4.458854973405208,5.0457084644411765,equilibrium_like,CH3OH
nonwater_environment__pros_halogen_oxazinanone__nh3__altered_orientation,pros_halogen_oxazinanone,mace_polar_s,0.7252511232409615,2.138426711487514,10.319849090176294,4.825907305936003,altered_orientation,NH3
nonwater_environment__pros_halogen_oxazinanone__nh3__equilibrium_like,pros_halogen_oxazinanone,mace_polar_s,0.050229285699096876,0.9154177457263171,7.7594953852481146,8.476452877906057,equilibrium_like,NH3
nonwater_environment__pros_heteroaryl_amide__ch3cn__altered_orientation,pros_heteroaryl_amide,mace_polar_s,0.024651567753683327,1.1916523291898167,1.5423818569433612,1.2943220259486248,altered_orientation,CH3CN
nonwater_environment__pros_heteroaryl_amide__ch3cn__equilibrium_like,pros_heteroaryl_amide,mace_polar_s,0.022353188712589334,0.8318631684333154,1.5835501928266036,1.9036185912750212,equilibrium_like,CH3CN
nonwater_environment__pros_heteroaryl_amide__ch3oh__altered_orientation,pros_heteroaryl_amide,mace_polar_s,0.008424348076346537,0.8513145557717161,0.9795416704133487,1.1506224858629308,altered_orientation,CH3OH
nonwater_environment__pros_heteroaryl_amide__ch3oh__equilibrium_like,pros_heteroaryl_amide,mace_polar_s,0.007936212941644304,0.8876279882813976,0.8859838883859121,0.9981477601909909,equilibrium_like,CH3OH
nonwater_environment__pros_heteroaryl_amide__nh3__altered_orientation,pros_heteroaryl_amide,mace_polar_s,0.014246219336866817,0.82053799582511,1.1209381427653966,1.3661014462081218,altered_orientation,NH3
nonwater_environment__pros_heteroaryl_amide__nh3__equilibrium_like,pros_heteroaryl_amide,mace_polar_s,0.002115596356311827,0.8364712914422368,0.5075732957699793,0.6068030080205451,equilibrium_like,NH3
nonwater_environment__pros_isoxazole_thioether__ch3cn__altered_orientation,pros_isoxazole_thioether,mace_polar_s,0.05807899408171413,0.8239881162505078,2.2119825424241855,2.6844835487308187,altered_orientation,CH3CN
nonwater_environment__pros_isoxazole_thioether__ch3cn__equilibrium_like,pros_isoxazole_thioether,mace_polar_s,0.08128021630049115,0.9516799099879528,2.3905278754286114,2.5119032674114905,equilibrium_like,CH3CN
nonwater_environment__pros_isoxazole_thioether__ch3oh__altered_orientation,pros_isoxazole_thioether,mace_polar_s,0.02228074863300501,0.760603414086592,1.6679618263412828,2.1929454896601226,altered_orientation,CH3OH
nonwater_environment__pros_isoxazole_thioether__ch3oh__equilibrium_like,pros_isoxazole_thioether,mace_polar_s,0.011215410404263016,0.5687048063831704,1.2460124858587573,2.190965280886415,equilibrium_like,CH3OH
nonwater_environment__pros_isoxazole_thioether__nh3__altered_orientation,pros_isoxazole_thioether,mace_polar_s,0.05187005049018212,0.9535305177649491,2.140745111934019,2.2450724670583906,altered_orientation,NH3
nonwater_environment__pros_isoxazole_thioether__nh3__equilibrium_like,pros_isoxazole_thioether,mace_polar_s,0.08247413722002979,1.0810982156053597,3.102475181059218,2.8697440586579734,equilibrium_like,NH3
nonwater_environment__pros_polyfunctional_oxane__ch3cn__altered_orientation,pros_polyfunctional_oxane,mace_polar_s,0.4233316884961556,1.1135420675350094,6.705998756761629,6.022223095357638,altered_orientation,CH3CN
nonwater_environment__pros_polyfunctional_oxane__ch3cn__equilibrium_like,pros_polyfunctional_oxane,mace_polar_s,0.08539202084707058,0.5939015265083221,2.0308872464557455,3.419568995546751,equilibrium_like,CH3CN
nonwater_environment__pros_polyfunctional_oxane__ch3oh__altered_orientation,pros_polyfunctional_oxane,mace_polar_s,0.15826757336509267,1.7846187572483232,5.270134473397868,2.9530870119979067,altered_orientation,CH3OH
nonwater_environment__pros_polyfunctional_oxane__ch3oh__equilibrium_like,pros_polyfunctional_oxane,mace_polar_s,0.08934253670082287,1.2441156596937737,3.538229628813005,2.843971620519514,equilibrium_like,CH3OH
nonwater_environment__pros_polyfunctional_oxane__nh3__altered_orientation,pros_polyfunctional_oxane,mace_polar_s,0.0011982042387153633,1.7612702537807563,3.566933620015434,2.0252051678943803,altered_orientation,NH3
nonwater_environment__pros_polyfunctional_oxane__nh3__equilibrium_like,pros_polyfunctional_oxane,mace_polar_s,0.04031649196205517,0.6529516660922521,2.265084745741461,3.468992979675526,equilibrium_like,NH3
nonwater_environment__pros_sulfonyl_piperidinol__ch3cn__altered_orientation,pros_sulfonyl_piperidinol,mace_polar_s,0.03371916376753471,0.8454861581903176,2.311788051202953,2.734270725556424,altered_orientation,CH3CN
nonwater_environment__pros_sulfonyl_piperidinol__ch3cn__equilibrium_like,pros_sulfonyl_piperidinol,mace_polar_s,0.05828453406860349,0.6726474604859455,2.408443739383544,3.5805438671300336,equilibrium_like,CH3CN
nonwater_environment__pros_sulfonyl_piperidinol__ch3oh__altered_orientation,pros_sulfonyl_piperidinol,mace_polar_s,0.022277481551763165,1.166424875925542,3.454551972269816,2.961658349003126,altered_orientation,CH3OH
nonwater_environment__pros_sulfonyl_piperidinol__ch3oh__equilibrium_like,pros_sulfonyl_piperidinol,mace_polar_s,0.1555558188421251,1.0125883773212843,5.955556705295086,5.881517938266288,equilibrium_like,CH3OH
nonwater_environment__pros_sulfonyl_piperidinol__nh3__altered_orientation,pros_sulfonyl_piperidinol,mace_polar_s,0.022452719808618838,0.9789193346428549,2.1564934930001134,2.20293278177704,altered_orientation,NH3
nonwater_environment__pros_sulfonyl_piperidinol__nh3__equilibrium_like,pros_sulfonyl_piperidinol,mace_polar_s,0.05857764716296476,0.9428584560171865,2.5325264201944884,2.6860091289761154,equilibrium_like,NH3
nonwater_environment__prospective_diverse_01__ch3cn__altered_orientation,prospective_diverse_01,mace_polar_s,0.009780618022821324,0.7321205893221209,3.9761149295684564,5.4309563035919926,altered_orientation,CH3CN
nonwater_environment__prospective_diverse_01__ch3cn__equilibrium_like,prospective_diverse_01,mace_polar_s,0.02451718890631581,0.7183501820567674,3.992945996092166,5.558495140433645,equilibrium_like,CH3CN
nonwater_environment__prospective_diverse_01__ch3oh__altered_orientation,prospective_diverse_01,mace_polar_s,0.039037404349489664,0.7108025368702013,3.170492351293298,4.4604403991769335,altered_orientation,CH3OH
nonwater_environment__prospective_diverse_01__ch3oh__equilibrium_like,prospective_diverse_01,mace_polar_s,0.06369296557087246,0.8318905831881626,4.4302520559802945,5.3255225452867405,equilibrium_like,CH3OH
nonwater_environment__prospective_diverse_01__nh3__altered_orientation,prospective_diverse_01,mace_polar_s,0.08361584107944886,0.9415900726123233,5.984342603523591,6.355571046879014,altered_orientation,NH3
nonwater_environment__prospective_diverse_01__nh3__equilibrium_like,prospective_diverse_01,mace_polar_s,0.07399571387051672,0.8849165527356971,4.47746890938428,5.059763991917992,equilibrium_like,NH3
nonwater_environment__prospective_diverse_02__ch3cn__altered_orientation,prospective_diverse_02,mace_polar_s,0.32666923411688137,0.9185718676864175,6.484040681268036,7.058827849364924,altered_orientation,CH3CN
nonwater_environment__prospective_diverse_02__ch3cn__equilibrium_like,prospective_diverse_02,mace_polar_s,0.28278575810603634,0.8714356254730193,4.844175631198512,5.558845070821003,equilibrium_like,CH3CN
nonwater_environment__prospective_diverse_02__ch3oh__altered_orientation,prospective_diverse_02,mace_polar_s,0.0312568581908916,0.7903976723495704,3.4118214401439566,4.316588420613423,altered_orientation,CH3OH
nonwater_environment__prospective_diverse_02__ch3oh__equilibrium_like,prospective_diverse_02,mace_polar_s,0.03749178751979789,0.7066750236955549,2.9818917905721367,4.219608293184528,equilibrium_like,CH3OH
nonwater_environment__prospective_diverse_02__nh3__altered_orientation,prospective_diverse_02,mace_polar_s,0.0016103963111965436,0.7382385561606819,3.1869986581123433,4.317030899451795,altered_orientation,NH3
nonwater_environment__prospective_diverse_02__nh3__equilibrium_like,prospective_diverse_02,mace_polar_s,0.07251831777170308,0.8681562730463417,4.408797342245831,5.078345315383665,equilibrium_like,NH3
nonwater_environment__prospective_diverse_03__ch3cn__altered_orientation,prospective_diverse_03,mace_polar_s,0.002353062982191194,1.2678812141167164,1.301609442738224,1.026602041457807,altered_orientation,CH3CN
nonwater_environment__prospective_diverse_03__ch3cn__equilibrium_like,prospective_diverse_03,mace_polar_s,0.33802579909015296,0.7591787661098192,5.196352302971035,6.844701847495239,equilibrium_like,CH3CN
nonwater_environment__prospective_diverse_03__ch3oh__altered_orientation,prospective_diverse_03,mace_polar_s,0.002967559144567034,1.041850549419561,0.6951814573212419,0.6672564099606645,altered_orientation,CH3OH
nonwater_environment__prospective_diverse_03__ch3oh__equilibrium_like,prospective_diverse_03,mace_polar_s,0.0030677824521165593,0.7628864846220764,1.0201108528874636,1.3371725328084854,equilibrium_like,CH3OH
nonwater_environment__prospective_diverse_03__nh3__altered_orientation,prospective_diverse_03,mace_polar_s,0.009266153054708827,0.9971248726251741,1.0860567366016463,1.089188291675382,altered_orientation,NH3
nonwater_environment__prospective_diverse_03__nh3__equilibrium_like,prospective_diverse_03,mace_polar_s,0.007056173558529795,0.9326033776530794,0.7320406779365104,0.7849431982315032,equilibrium_like,NH3
nonwater_environment__prospective_diverse_04__ch3cn__altered_orientation,prospective_diverse_04,mace_polar_s,0.05756540422704415,0.7248226049395485,4.724210856357293,6.517747686347751,altered_orientation,CH3CN
nonwater_environment__prospective_diverse_04__ch3cn__equilibrium_like,prospective_diverse_04,mace_polar_s,0.4094062370795591,1.3145368026776523,8.423494857393845,6.407956658372414,equilibrium_like,CH3CN
nonwater_environment__prospective_diverse_04__ch3oh__altered_orientation,prospective_diverse_04,mace_polar_s,0.2288054554913618,1.0766505205348307,7.830757871196885,7.273258798321041,altered_orientation,CH3OH
nonwater_environment__prospective_diverse_04__ch3oh__equilibrium_like,prospective_diverse_04,mace_polar_s,0.009330939068760107,0.8453099447119107,4.355776180946142,5.152874644614089,equilibrium_like,CH3OH
nonwater_environment__prospective_diverse_04__nh3__altered_orientation,prospective_diverse_04,mace_polar_s,0.028998995895137016,1.245081833711048,5.477974933561545,4.3996906751374585,altered_orientation,NH3
nonwater_environment__prospective_diverse_04__nh3__equilibrium_like,prospective_diverse_04,mace_polar_s,0.015807112503115107,1.0237704131397376,5.731882522022453,5.598796808792023,equilibrium_like,NH3
nonwater_environment__prospective_diverse_05__ch3cn__altered_orientation,prospective_diverse_05,mace_polar_s,0.5192535597679959,0.9733222569804495,4.947088849304139,5.0826833701014476,altered_orientation,CH3CN
nonwater_environment__prospective_diverse_05__ch3cn__equilibrium_like,prospective_diverse_05,mace_polar_s,0.11376379389082397,0.6405299556803579,3.066142257317026,4.786883470672707,equilibrium_like,CH3CN
nonwater_environment__prospective_diverse_05__ch3oh__altered_orientation,prospective_diverse_05,mace_polar_s,0.04447488507770076,0.9012313712674785,6.546067126653031,7.263470109176002,altered_orientation,CH3OH
nonwater_environment__prospective_diverse_05__ch3oh__equilibrium_like,prospective_diverse_05,mace_polar_s,0.004643402039210241,0.7239393125978426,3.077570492840283,4.2511443145648204,equilibrium_like,CH3OH
nonwater_environment__prospective_diverse_05__nh3__altered_orientation,prospective_diverse_05,mace_polar_s,0.06144955675108941,0.7089021419479397,3.372954369731103,4.757997148185801,altered_orientation,NH3
nonwater_environment__prospective_diverse_05__nh3__equilibrium_like,prospective_diverse_05,mace_polar_s,0.04783502793174327,0.8075634093569042,3.2217974316106037,3.9895287407539337,equilibrium_like,NH3
