method,method_label,config_id,molecule_id,perturbant,regime,reference_esp_rms_hartree_per_e,reference_esp_rms_mEh_per_e,esp_absolute_rmse_hartree_per_e,esp_absolute_rmse_mEh_per_e,esp_nrmse,dipole_mse_D2,dipole_vector_error_D
glider,GLIDER,nonwater_environment__pros_azaaryl_sulfoxide__ch3cn__altered_orientation,pros_azaaryl_sulfoxide,CH3CN,altered_orientation,0.00448705525885,4.487055258850041,0.001813200774488,1.813200774488012,0.4040959314935439,0.0309697274173335,0.3048100757061693
mace_polar_s,MACE-POLAR-1-S,nonwater_environment__pros_azaaryl_sulfoxide__ch3cn__altered_orientation,pros_azaaryl_sulfoxide,CH3CN,altered_orientation,0.00448705525885,4.487055258850041,0.0046022349683213,4.602234968321315,1.0256693316277083,0.0500533220078505,0.3875047948394336
mace_polar_m,MACE-POLAR-1-M,nonwater_environment__pros_azaaryl_sulfoxide__ch3cn__altered_orientation,pros_azaaryl_sulfoxide,CH3CN,altered_orientation,0.00448705525885,4.487055258850041,0.0024706912897614,2.470691289761436,0.550626445905334,0.0323881152441951,0.3117119595597599
mace_polar_l,MACE-POLAR-1-L,nonwater_environment__pros_azaaryl_sulfoxide__ch3cn__altered_orientation,pros_azaaryl_sulfoxide,CH3CN,altered_orientation,0.00448705525885,4.487055258850041,0.0029399277057779,2.9399277057779547,0.6552020280961306,0.0458605454804651,0.3709199865758052
aimnet2,AIMNet2,nonwater_environment__pros_azaaryl_sulfoxide__ch3cn__altered_orientation,pros_azaaryl_sulfoxide,CH3CN,altered_orientation,0.00448705525885,4.487055258850041,0.0024974937605456,2.497493760545628,0.5565997333372923,0.1774553758029149,0.7296342422123188
aimnet2_2025,AIMNet2-2025,nonwater_environment__pros_azaaryl_sulfoxide__ch3cn__altered_orientation,pros_azaaryl_sulfoxide,CH3CN,altered_orientation,0.00448705525885,4.487055258850041,0.0063076078646408,6.307607864640875,1.4057343849733228,1.718793873079278,2.270766746990504
mace_mdp,MACE-MDP,nonwater_environment__pros_azaaryl_sulfoxide__ch3cn__altered_orientation,pros_azaaryl_sulfoxide,CH3CN,altered_orientation,0.00448705525885,4.487055258850041,,,,0.0083294030915988,0.1580765930642379
gfn2_xtb,GFN2-xTB,nonwater_environment__pros_azaaryl_sulfoxide__ch3cn__altered_orientation,pros_azaaryl_sulfoxide,CH3CN,altered_orientation,0.00448705525885,4.487055258850041,,,,0.1584948186737725,0.689553809373364
zero,Zero response,nonwater_environment__pros_azaaryl_sulfoxide__ch3cn__altered_orientation,pros_azaaryl_sulfoxide,CH3CN,altered_orientation,0.00448705525885,4.487055258850041,0.00448705525885,4.487055258850041,1.0,0.2160462642413824,0.8050706756081402
glider,GLIDER,nonwater_environment__pros_azaaryl_sulfoxide__ch3cn__equilibrium_like,pros_azaaryl_sulfoxide,CH3CN,equilibrium_like,0.003782809522791,3.782809522791057,0.0013510633161133,1.3510633161133294,0.3571586959304467,0.013611946561845,0.2020787957345729
mace_polar_s,MACE-POLAR-1-S,nonwater_environment__pros_azaaryl_sulfoxide__ch3cn__equilibrium_like,pros_azaaryl_sulfoxide,CH3CN,equilibrium_like,0.003782809522791,3.782809522791057,0.0026851482350292,2.6851482350292493,0.7098290883671234,0.0678320891596745,0.4511056056834404
mace_polar_m,MACE-POLAR-1-M,nonwater_environment__pros_azaaryl_sulfoxide__ch3cn__equilibrium_like,pros_azaaryl_sulfoxide,CH3CN,equilibrium_like,0.003782809522791,3.782809522791057,0.001554348742469,1.554348742469044,0.4108979670015751,0.0162499946441201,0.2207939852721548
mace_polar_l,MACE-POLAR-1-L,nonwater_environment__pros_azaaryl_sulfoxide__ch3cn__equilibrium_like,pros_azaaryl_sulfoxide,CH3CN,equilibrium_like,0.003782809522791,3.782809522791057,0.0019947841295074,1.9947841295074675,0.527328726833611,0.01398928882841,0.204860602569723
aimnet2,AIMNet2,nonwater_environment__pros_azaaryl_sulfoxide__ch3cn__equilibrium_like,pros_azaaryl_sulfoxide,CH3CN,equilibrium_like,0.003782809522791,3.782809522791057,0.0014942766802431,1.4942766802431005,0.3950176902221034,0.0740490628806631,0.4713249289417964
aimnet2_2025,AIMNet2-2025,nonwater_environment__pros_azaaryl_sulfoxide__ch3cn__equilibrium_like,pros_azaaryl_sulfoxide,CH3CN,equilibrium_like,0.003782809522791,3.782809522791057,0.0032496446424934,3.2496446424934717,0.859055848018432,0.2716363541779045,0.9027231372540052
mace_mdp,MACE-MDP,nonwater_environment__pros_azaaryl_sulfoxide__ch3cn__equilibrium_like,pros_azaaryl_sulfoxide,CH3CN,equilibrium_like,0.003782809522791,3.782809522791057,,,,0.0192548505288267,0.2403425713153628
gfn2_xtb,GFN2-xTB,nonwater_environment__pros_azaaryl_sulfoxide__ch3cn__equilibrium_like,pros_azaaryl_sulfoxide,CH3CN,equilibrium_like,0.003782809522791,3.782809522791057,,,,0.0250865761255211,0.2743350658894398
zero,Zero response,nonwater_environment__pros_azaaryl_sulfoxide__ch3cn__equilibrium_like,pros_azaaryl_sulfoxide,CH3CN,equilibrium_like,0.003782809522791,3.782809522791057,0.003782809522791,3.782809522791057,1.0,0.2002481174257946,0.7750769976443528
glider,GLIDER,nonwater_environment__pros_azaaryl_sulfoxide__ch3oh__altered_orientation,pros_azaaryl_sulfoxide,CH3OH,altered_orientation,0.0030306480749137,3.0306480749137434,0.000889048455044,0.8890484550440558,0.2933525876538335,0.0056084080170004,0.1297120813609948
mace_polar_s,MACE-POLAR-1-S,nonwater_environment__pros_azaaryl_sulfoxide__ch3oh__altered_orientation,pros_azaaryl_sulfoxide,CH3OH,altered_orientation,0.0030306480749137,3.0306480749137434,0.0023833717969938,2.3833717969938166,0.7864231471552996,0.0107957621775077,0.1799646813475444
mace_polar_m,MACE-POLAR-1-M,nonwater_environment__pros_azaaryl_sulfoxide__ch3oh__altered_orientation,pros_azaaryl_sulfoxide,CH3OH,altered_orientation,0.0030306480749137,3.0306480749137434,0.0008712579491321,0.8712579491321226,0.2874823891114179,0.0078191082378825,0.1531578424816945
mace_polar_l,MACE-POLAR-1-L,nonwater_environment__pros_azaaryl_sulfoxide__ch3oh__altered_orientation,pros_azaaryl_sulfoxide,CH3OH,altered_orientation,0.0030306480749137,3.0306480749137434,0.0010974290274649,1.0974290274649057,0.3621103474695391,0.0113633353720593,0.1846347911856759
aimnet2,AIMNet2,nonwater_environment__pros_azaaryl_sulfoxide__ch3oh__altered_orientation,pros_azaaryl_sulfoxide,CH3OH,altered_orientation,0.0030306480749137,3.0306480749137434,0.0017365232391378,1.7365232391378262,0.5729874258617936,1.866183821444925e-05,0.0074823468673503
aimnet2_2025,AIMNet2-2025,nonwater_environment__pros_azaaryl_sulfoxide__ch3oh__altered_orientation,pros_azaaryl_sulfoxide,CH3OH,altered_orientation,0.0030306480749137,3.0306480749137434,0.0030579634366258,3.0579634366258457,1.0090130430973512,0.1905113549624235,0.7559987201624554
mace_mdp,MACE-MDP,nonwater_environment__pros_azaaryl_sulfoxide__ch3oh__altered_orientation,pros_azaaryl_sulfoxide,CH3OH,altered_orientation,0.0030306480749137,3.0306480749137434,,,,0.0014661048584228,0.0663197902233445
gfn2_xtb,GFN2-xTB,nonwater_environment__pros_azaaryl_sulfoxide__ch3oh__altered_orientation,pros_azaaryl_sulfoxide,CH3OH,altered_orientation,0.0030306480749137,3.0306480749137434,,,,0.0026125962583134,0.0885312869834186
zero,Zero response,nonwater_environment__pros_azaaryl_sulfoxide__ch3oh__altered_orientation,pros_azaaryl_sulfoxide,CH3OH,altered_orientation,0.0030306480749137,3.0306480749137434,0.0030306480749137,3.0306480749137434,1.0,0.0382951776172833,0.338947684535313
glider,GLIDER,nonwater_environment__pros_azaaryl_sulfoxide__ch3oh__equilibrium_like,pros_azaaryl_sulfoxide,CH3OH,equilibrium_like,0.0059134080346275,5.913408034627585,0.0034555283954339,3.4555283954339604,0.5843548044036815,0.1404082610192829,0.64901832259024
mace_polar_s,MACE-POLAR-1-S,nonwater_environment__pros_azaaryl_sulfoxide__ch3oh__equilibrium_like,pros_azaaryl_sulfoxide,CH3OH,equilibrium_like,0.0059134080346275,5.913408034627585,0.0057296310562629,5.729631056262909,0.968921985885547,0.0859759787214814,0.5078660612449352
mace_polar_m,MACE-POLAR-1-M,nonwater_environment__pros_azaaryl_sulfoxide__ch3oh__equilibrium_like,pros_azaaryl_sulfoxide,CH3OH,equilibrium_like,0.0059134080346275,5.913408034627585,0.0027009284138474,2.700928413847421,0.4567464984711681,0.0740212844022391,0.4712365151457572
mace_polar_l,MACE-POLAR-1-L,nonwater_environment__pros_azaaryl_sulfoxide__ch3oh__equilibrium_like,pros_azaaryl_sulfoxide,CH3OH,equilibrium_like,0.0059134080346275,5.913408034627585,0.0040208964218655,4.020896421865555,0.6799626202555433,0.1815655525944935,0.7380356751427946
aimnet2,AIMNet2,nonwater_environment__pros_azaaryl_sulfoxide__ch3oh__equilibrium_like,pros_azaaryl_sulfoxide,CH3OH,equilibrium_like,0.0059134080346275,5.913408034627585,0.0055518690865168,5.55186908651689,0.9388611531635218,0.8284697358355907,1.5765180644403578
aimnet2_2025,AIMNet2-2025,nonwater_environment__pros_azaaryl_sulfoxide__ch3oh__equilibrium_like,pros_azaaryl_sulfoxide,CH3OH,equilibrium_like,0.0059134080346275,5.913408034627585,0.0152135484964507,15.213548496450745,2.572720909391612,8.33511216447864,5.0005336208684685
mace_mdp,MACE-MDP,nonwater_environment__pros_azaaryl_sulfoxide__ch3oh__equilibrium_like,pros_azaaryl_sulfoxide,CH3OH,equilibrium_like,0.0059134080346275,5.913408034627585,,,,10.423400587528498,5.591976552399473
gfn2_xtb,GFN2-xTB,nonwater_environment__pros_azaaryl_sulfoxide__ch3oh__equilibrium_like,pros_azaaryl_sulfoxide,CH3OH,equilibrium_like,0.0059134080346275,5.913408034627585,,,,0.0557771637898661,0.4090617207336791
zero,Zero response,nonwater_environment__pros_azaaryl_sulfoxide__ch3oh__equilibrium_like,pros_azaaryl_sulfoxide,CH3OH,equilibrium_like,0.0059134080346275,5.913408034627585,0.0059134080346275,5.913408034627585,1.0,0.531619036644591,1.2628765220455138
glider,GLIDER,nonwater_environment__pros_azaaryl_sulfoxide__nh3__altered_orientation,pros_azaaryl_sulfoxide,NH3,altered_orientation,0.0029688605455101,2.96886054551014,0.001252189194663,1.252189194663095,0.421774339167531,0.0194035984783334,0.2412691348577356
mace_polar_s,MACE-POLAR-1-S,nonwater_environment__pros_azaaryl_sulfoxide__nh3__altered_orientation,pros_azaaryl_sulfoxide,NH3,altered_orientation,0.0029688605455101,2.96886054551014,0.002357281083257,2.3572810832570616,0.7940019570208574,0.0380378351286802,0.3378069054741786
mace_polar_m,MACE-POLAR-1-M,nonwater_environment__pros_azaaryl_sulfoxide__nh3__altered_orientation,pros_azaaryl_sulfoxide,NH3,altered_orientation,0.0029688605455101,2.96886054551014,0.0013688938915503,1.368893891550394,0.4610839312141476,0.0329335488767307,0.3143257015106975
mace_polar_l,MACE-POLAR-1-L,nonwater_environment__pros_azaaryl_sulfoxide__nh3__altered_orientation,pros_azaaryl_sulfoxide,NH3,altered_orientation,0.0029688605455101,2.96886054551014,0.0013546167353556,1.3546167353556668,0.4562749629329264,0.0273040974190968,0.2862032359308512
aimnet2,AIMNet2,nonwater_environment__pros_azaaryl_sulfoxide__nh3__altered_orientation,pros_azaaryl_sulfoxide,NH3,altered_orientation,0.0029688605455101,2.96886054551014,0.0027671352359585,2.767135235958507,0.93205295214802,0.0190866529741139,0.2392905324544657
aimnet2_2025,AIMNet2-2025,nonwater_environment__pros_azaaryl_sulfoxide__nh3__altered_orientation,pros_azaaryl_sulfoxide,NH3,altered_orientation,0.0029688605455101,2.96886054551014,0.0029272852794975,2.927285279497516,0.9859962213194894,0.1414039968065602,0.6513155843519183
mace_mdp,MACE-MDP,nonwater_environment__pros_azaaryl_sulfoxide__nh3__altered_orientation,pros_azaaryl_sulfoxide,NH3,altered_orientation,0.0029688605455101,2.96886054551014,,,,0.0036119823457572,0.1040958550436656
gfn2_xtb,GFN2-xTB,nonwater_environment__pros_azaaryl_sulfoxide__nh3__altered_orientation,pros_azaaryl_sulfoxide,NH3,altered_orientation,0.0029688605455101,2.96886054551014,,,,0.0160162805829492,0.2192004601930564
zero,Zero response,nonwater_environment__pros_azaaryl_sulfoxide__nh3__altered_orientation,pros_azaaryl_sulfoxide,NH3,altered_orientation,0.0029688605455101,2.96886054551014,0.0029688605455101,2.96886054551014,1.0,0.0463301261350713,0.3728141338592382
glider,GLIDER,nonwater_environment__pros_azaaryl_sulfoxide__nh3__equilibrium_like,pros_azaaryl_sulfoxide,NH3,equilibrium_like,0.0035704688944379,3.5704688944379206,0.0013077025821651,1.3077025821651986,0.3662551392626158,0.018735240287925,0.2370774575192151
mace_polar_s,MACE-POLAR-1-S,nonwater_environment__pros_azaaryl_sulfoxide__nh3__equilibrium_like,pros_azaaryl_sulfoxide,NH3,equilibrium_like,0.0035704688944379,3.5704688944379206,0.003329732065616,3.329732065616072,0.932575570341232,0.0792396015927188,0.4875641545254908
mace_polar_m,MACE-POLAR-1-M,nonwater_environment__pros_azaaryl_sulfoxide__nh3__equilibrium_like,pros_azaaryl_sulfoxide,NH3,equilibrium_like,0.0035704688944379,3.5704688944379206,0.001235491493667,1.2354914936670098,0.3460305999561177,0.0287420423278987,0.2936428561768469
mace_polar_l,MACE-POLAR-1-L,nonwater_environment__pros_azaaryl_sulfoxide__nh3__equilibrium_like,pros_azaaryl_sulfoxide,NH3,equilibrium_like,0.0035704688944379,3.5704688944379206,0.001530146684735,1.530146684735032,0.4285562288803848,0.035974968957963,0.3285192640833853
aimnet2,AIMNet2,nonwater_environment__pros_azaaryl_sulfoxide__nh3__equilibrium_like,pros_azaaryl_sulfoxide,NH3,equilibrium_like,0.0035704688944379,3.5704688944379206,0.002438268474128,2.438268474128083,0.6828986741563328,0.0019158494475313,0.0758125869667701
aimnet2_2025,AIMNet2-2025,nonwater_environment__pros_azaaryl_sulfoxide__nh3__equilibrium_like,pros_azaaryl_sulfoxide,NH3,equilibrium_like,0.0035704688944379,3.5704688944379206,0.0040885961920867,4.08859619208679,1.14511463703157,0.2883399892096338,0.9300644964887658
mace_mdp,MACE-MDP,nonwater_environment__pros_azaaryl_sulfoxide__nh3__equilibrium_like,pros_azaaryl_sulfoxide,NH3,equilibrium_like,0.0035704688944379,3.5704688944379206,,,,0.0324366163046848,0.3119452658946027
gfn2_xtb,GFN2-xTB,nonwater_environment__pros_azaaryl_sulfoxide__nh3__equilibrium_like,pros_azaaryl_sulfoxide,NH3,equilibrium_like,0.0035704688944379,3.5704688944379206,,,,0.0228787271420125,0.2619850786324244
zero,Zero response,nonwater_environment__pros_azaaryl_sulfoxide__nh3__equilibrium_like,pros_azaaryl_sulfoxide,NH3,equilibrium_like,0.0035704688944379,3.5704688944379206,0.0035704688944379,3.5704688944379206,1.0,0.0440124474480486,0.3633694295674116
glider,GLIDER,nonwater_environment__pros_cyano_cyclic_acetal__ch3cn__altered_orientation,pros_cyano_cyclic_acetal,CH3CN,altered_orientation,0.0050549232926071,5.05492329260713,0.0023385489239285,2.338548923928546,0.4626279744637657,0.0086191496748021,0.1608025156034773
mace_polar_s,MACE-POLAR-1-S,nonwater_environment__pros_cyano_cyclic_acetal__ch3cn__altered_orientation,pros_cyano_cyclic_acetal,CH3CN,altered_orientation,0.0050549232926071,5.05492329260713,0.0030314074450596,3.031407445059634,0.5996940546047642,0.0090836377526659,0.1650785063477306
mace_polar_m,MACE-POLAR-1-M,nonwater_environment__pros_cyano_cyclic_acetal__ch3cn__altered_orientation,pros_cyano_cyclic_acetal,CH3CN,altered_orientation,0.0050549232926071,5.05492329260713,0.0019854676921107,1.9854676921107623,0.3927789952845628,0.0203164649911378,0.2468793125667145
mace_polar_l,MACE-POLAR-1-L,nonwater_environment__pros_cyano_cyclic_acetal__ch3cn__altered_orientation,pros_cyano_cyclic_acetal,CH3CN,altered_orientation,0.0050549232926071,5.05492329260713,0.0018117574916866,1.8117574916866663,0.3584144381253772,0.0033261792632959,0.0998926313092611
aimnet2,AIMNet2,nonwater_environment__pros_cyano_cyclic_acetal__ch3cn__altered_orientation,pros_cyano_cyclic_acetal,CH3CN,altered_orientation,0.0050549232926071,5.05492329260713,0.0030433503274229,3.043350327422941,0.6020566784611486,0.0475334170359329,0.377624484253602
aimnet2_2025,AIMNet2-2025,nonwater_environment__pros_cyano_cyclic_acetal__ch3cn__altered_orientation,pros_cyano_cyclic_acetal,CH3CN,altered_orientation,0.0050549232926071,5.05492329260713,0.0039898030464871,3.989803046487153,0.789290522434292,0.289280087397493,0.9315794449173292
mace_mdp,MACE-MDP,nonwater_environment__pros_cyano_cyclic_acetal__ch3cn__altered_orientation,pros_cyano_cyclic_acetal,CH3CN,altered_orientation,0.0050549232926071,5.05492329260713,,,,0.0829153182301252,0.4987443781040302
gfn2_xtb,GFN2-xTB,nonwater_environment__pros_cyano_cyclic_acetal__ch3cn__altered_orientation,pros_cyano_cyclic_acetal,CH3CN,altered_orientation,0.0050549232926071,5.05492329260713,,,,0.01732901993736,0.2280067100154734
zero,Zero response,nonwater_environment__pros_cyano_cyclic_acetal__ch3cn__altered_orientation,pros_cyano_cyclic_acetal,CH3CN,altered_orientation,0.0050549232926071,5.05492329260713,0.0050549232926071,5.05492329260713,1.0,0.3237640475976705,0.9855415479790852
glider,GLIDER,nonwater_environment__pros_cyano_cyclic_acetal__ch3cn__equilibrium_like,pros_cyano_cyclic_acetal,CH3CN,equilibrium_like,0.0038461818510979,3.8461818510979264,0.0015753384762138,1.575338476213881,0.4095850215101469,0.0249868138359572,0.2737890456316171
mace_polar_s,MACE-POLAR-1-S,nonwater_environment__pros_cyano_cyclic_acetal__ch3cn__equilibrium_like,pros_cyano_cyclic_acetal,CH3CN,equilibrium_like,0.0038461818510979,3.8461818510979264,0.0035859218833164,3.58592188331644,0.9323329010802772,0.2074719599636415,0.7889333811488296
mace_polar_m,MACE-POLAR-1-M,nonwater_environment__pros_cyano_cyclic_acetal__ch3cn__equilibrium_like,pros_cyano_cyclic_acetal,CH3CN,equilibrium_like,0.0038461818510979,3.8461818510979264,0.002508890921722,2.5088909217220685,0.6523068900150636,0.0451251167164456,0.3679338937218709
mace_polar_l,MACE-POLAR-1-L,nonwater_environment__pros_cyano_cyclic_acetal__ch3cn__equilibrium_like,pros_cyano_cyclic_acetal,CH3CN,equilibrium_like,0.0038461818510979,3.8461818510979264,0.0021947739141561,2.194773914156164,0.5706370627092544,0.01378412933841,0.2033528657659639
aimnet2,AIMNet2,nonwater_environment__pros_cyano_cyclic_acetal__ch3cn__equilibrium_like,pros_cyano_cyclic_acetal,CH3CN,equilibrium_like,0.0038461818510979,3.8461818510979264,0.0031501105105568,3.1501105105568654,0.8190227692062034,0.2737157587965773,0.90617176980401
aimnet2_2025,AIMNet2-2025,nonwater_environment__pros_cyano_cyclic_acetal__ch3cn__equilibrium_like,pros_cyano_cyclic_acetal,CH3CN,equilibrium_like,0.0038461818510979,3.8461818510979264,0.0043654221805251,4.36542218052515,1.1350015026665996,0.6105339924020793,1.353366904134366
mace_mdp,MACE-MDP,nonwater_environment__pros_cyano_cyclic_acetal__ch3cn__equilibrium_like,pros_cyano_cyclic_acetal,CH3CN,equilibrium_like,0.0038461818510979,3.8461818510979264,,,,0.0523011817393863,0.3961105214686415
gfn2_xtb,GFN2-xTB,nonwater_environment__pros_cyano_cyclic_acetal__ch3cn__equilibrium_like,pros_cyano_cyclic_acetal,CH3CN,equilibrium_like,0.0038461818510979,3.8461818510979264,,,,0.0064537699679778,0.1391449241040917
zero,Zero response,nonwater_environment__pros_cyano_cyclic_acetal__ch3cn__equilibrium_like,pros_cyano_cyclic_acetal,CH3CN,equilibrium_like,0.0038461818510979,3.8461818510979264,0.0038461818510979,3.8461818510979264,1.0,0.2667845882311408,0.8946249296176708
glider,GLIDER,nonwater_environment__pros_cyano_cyclic_acetal__ch3oh__altered_orientation,pros_cyano_cyclic_acetal,CH3OH,altered_orientation,0.0038051276858405,3.805127685840553,0.0016769041665571,1.676904166557136,0.4406958990619806,0.0641224145758809,0.4385969034633541
mace_polar_s,MACE-POLAR-1-S,nonwater_environment__pros_cyano_cyclic_acetal__ch3oh__altered_orientation,pros_cyano_cyclic_acetal,CH3OH,altered_orientation,0.0038051276858405,3.805127685840553,0.0044444658021603,4.444465802160387,1.168020147838641,0.148817220405871,0.6681703833735921
mace_polar_m,MACE-POLAR-1-M,nonwater_environment__pros_cyano_cyclic_acetal__ch3oh__altered_orientation,pros_cyano_cyclic_acetal,CH3OH,altered_orientation,0.0038051276858405,3.805127685840553,0.0026694070097007,2.669407009700711,0.7015288920878983,0.1641593437211301,0.7017677900583572
mace_polar_l,MACE-POLAR-1-L,nonwater_environment__pros_cyano_cyclic_acetal__ch3oh__altered_orientation,pros_cyano_cyclic_acetal,CH3OH,altered_orientation,0.0038051276858405,3.805127685840553,0.0028281975771334,2.8281975771334165,0.7432595725125234,0.0455244354260501,0.3695582583005696
aimnet2,AIMNet2,nonwater_environment__pros_cyano_cyclic_acetal__ch3oh__altered_orientation,pros_cyano_cyclic_acetal,CH3OH,altered_orientation,0.0038051276858405,3.805127685840553,0.0036014210736003,3.601421073600319,0.9464652361080402,0.1704354191770818,0.7150568211906279
aimnet2_2025,AIMNet2-2025,nonwater_environment__pros_cyano_cyclic_acetal__ch3oh__altered_orientation,pros_cyano_cyclic_acetal,CH3OH,altered_orientation,0.0038051276858405,3.805127685840553,0.0032977084657522,3.2977084657522595,0.8666485695141124,0.1254542553269094,0.6134841203981798
mace_mdp,MACE-MDP,nonwater_environment__pros_cyano_cyclic_acetal__ch3oh__altered_orientation,pros_cyano_cyclic_acetal,CH3OH,altered_orientation,0.0038051276858405,3.805127685840553,,,,0.0211125348899101,0.2516696339841787
gfn2_xtb,GFN2-xTB,nonwater_environment__pros_cyano_cyclic_acetal__ch3oh__altered_orientation,pros_cyano_cyclic_acetal,CH3OH,altered_orientation,0.0038051276858405,3.805127685840553,,,,0.1172958798380669,0.5932011796298123
zero,Zero response,nonwater_environment__pros_cyano_cyclic_acetal__ch3oh__altered_orientation,pros_cyano_cyclic_acetal,CH3OH,altered_orientation,0.0038051276858405,3.805127685840553,0.0038051276858405,3.805127685840553,1.0,0.3799968807628069,1.0677034430441914
glider,GLIDER,nonwater_environment__pros_cyano_cyclic_acetal__ch3oh__equilibrium_like,pros_cyano_cyclic_acetal,CH3OH,equilibrium_like,0.0046429126994651,4.642912699465166,0.001449549460123,1.4495494601230718,0.3122069170695479,0.0094369695503065,0.1682584578882135
mace_polar_s,MACE-POLAR-1-S,nonwater_environment__pros_cyano_cyclic_acetal__ch3oh__equilibrium_like,pros_cyano_cyclic_acetal,CH3OH,equilibrium_like,0.0046429126994651,4.642912699465166,0.002967141389014,2.967141389014004,0.6390689597406818,0.0423529371441031,0.356453098502888
mace_polar_m,MACE-POLAR-1-M,nonwater_environment__pros_cyano_cyclic_acetal__ch3oh__equilibrium_like,pros_cyano_cyclic_acetal,CH3OH,equilibrium_like,0.0046429126994651,4.642912699465166,0.0015321512917789,1.5321512917789937,0.3299978679236178,0.0244169044088768,0.270648689682087
mace_polar_l,MACE-POLAR-1-L,nonwater_environment__pros_cyano_cyclic_acetal__ch3oh__equilibrium_like,pros_cyano_cyclic_acetal,CH3OH,equilibrium_like,0.0046429126994651,4.642912699465166,0.0016285200095588,1.62852000955881,0.3507539587695468,0.0076853772654314,0.151842457159697
aimnet2,AIMNet2,nonwater_environment__pros_cyano_cyclic_acetal__ch3oh__equilibrium_like,pros_cyano_cyclic_acetal,CH3OH,equilibrium_like,0.0046429126994651,4.642912699465166,0.0029108355208663,2.9108355208663683,0.6269416871012196,0.0019369228976224,0.0762283982047849
aimnet2_2025,AIMNet2-2025,nonwater_environment__pros_cyano_cyclic_acetal__ch3oh__equilibrium_like,pros_cyano_cyclic_acetal,CH3OH,equilibrium_like,0.0046429126994651,4.642912699465166,0.0029623186535226,2.962318653522681,0.6380302291412719,0.1894678534526205,0.7539254342160513
mace_mdp,MACE-MDP,nonwater_environment__pros_cyano_cyclic_acetal__ch3oh__equilibrium_like,pros_cyano_cyclic_acetal,CH3OH,equilibrium_like,0.0046429126994651,4.642912699465166,,,,0.0023699638051212,0.0843201720548757
gfn2_xtb,GFN2-xTB,nonwater_environment__pros_cyano_cyclic_acetal__ch3oh__equilibrium_like,pros_cyano_cyclic_acetal,CH3OH,equilibrium_like,0.0046429126994651,4.642912699465166,,,,0.0268565668027003,0.283848023435255
zero,Zero response,nonwater_environment__pros_cyano_cyclic_acetal__ch3oh__equilibrium_like,pros_cyano_cyclic_acetal,CH3OH,equilibrium_like,0.0046429126994651,4.642912699465166,0.0046429126994651,4.642912699465166,1.0,0.300660065883313,0.949726380411716
glider,GLIDER,nonwater_environment__pros_cyano_cyclic_acetal__nh3__altered_orientation,pros_cyano_cyclic_acetal,NH3,altered_orientation,0.0041182797612083,4.118279761208308,0.0020236078574266,2.023607857426625,0.4913721200992174,0.0495993531536555,0.3857435151249681
mace_polar_s,MACE-POLAR-1-S,nonwater_environment__pros_cyano_cyclic_acetal__nh3__altered_orientation,pros_cyano_cyclic_acetal,NH3,altered_orientation,0.0041182797612083,4.118279761208308,0.0062528573871696,6.25285738716969,1.5183177806587609,0.0976986895192658,0.5413834764358786
mace_polar_m,MACE-POLAR-1-M,nonwater_environment__pros_cyano_cyclic_acetal__nh3__altered_orientation,pros_cyano_cyclic_acetal,NH3,altered_orientation,0.0041182797612083,4.118279761208308,0.0030207561774072,3.020756177407278,0.7334995076975986,0.1222952922355307,0.6057110505072466
mace_polar_l,MACE-POLAR-1-L,nonwater_environment__pros_cyano_cyclic_acetal__nh3__altered_orientation,pros_cyano_cyclic_acetal,NH3,altered_orientation,0.0041182797612083,4.118279761208308,0.0029985942281422,2.9985942281422973,0.7281181468989145,0.0503133759926198,0.3885101388353458
aimnet2,AIMNet2,nonwater_environment__pros_cyano_cyclic_acetal__nh3__altered_orientation,pros_cyano_cyclic_acetal,NH3,altered_orientation,0.0041182797612083,4.118279761208308,0.0045372846223949,4.537284622394936,1.1017426900264036,0.3373059734850013,1.005941310641433
aimnet2_2025,AIMNet2-2025,nonwater_environment__pros_cyano_cyclic_acetal__nh3__altered_orientation,pros_cyano_cyclic_acetal,NH3,altered_orientation,0.0041182797612083,4.118279761208308,0.0066001824249849,6.600182424984911,1.6026551880119018,1.2586228015768317,1.943159387371632
mace_mdp,MACE-MDP,nonwater_environment__pros_cyano_cyclic_acetal__nh3__altered_orientation,pros_cyano_cyclic_acetal,NH3,altered_orientation,0.0041182797612083,4.118279761208308,,,,0.1589597174634449,0.6905643723725796
gfn2_xtb,GFN2-xTB,nonwater_environment__pros_cyano_cyclic_acetal__nh3__altered_orientation,pros_cyano_cyclic_acetal,NH3,altered_orientation,0.0041182797612083,4.118279761208308,,,,0.2021766336613736,0.7788002959579052
zero,Zero response,nonwater_environment__pros_cyano_cyclic_acetal__nh3__altered_orientation,pros_cyano_cyclic_acetal,NH3,altered_orientation,0.0041182797612083,4.118279761208308,0.0041182797612083,4.118279761208308,1.0,0.2715992512362939,0.9026614834526184
glider,GLIDER,nonwater_environment__pros_cyano_cyclic_acetal__nh3__equilibrium_like,pros_cyano_cyclic_acetal,NH3,equilibrium_like,0.0063466300080677,6.346630008067754,0.0023007369130797,2.3007369130797986,0.3625131621277956,0.0089822682686388,0.1641548196243915
mace_polar_s,MACE-POLAR-1-S,nonwater_environment__pros_cyano_cyclic_acetal__nh3__equilibrium_like,pros_cyano_cyclic_acetal,NH3,equilibrium_like,0.0063466300080677,6.346630008067754,0.0047482637228064,4.748263722806409,0.7481551180343707,0.0425506176880874,0.3572839949735537
mace_polar_m,MACE-POLAR-1-M,nonwater_environment__pros_cyano_cyclic_acetal__nh3__equilibrium_like,pros_cyano_cyclic_acetal,NH3,equilibrium_like,0.0063466300080677,6.346630008067754,0.0026713189682898,2.671318968289881,0.420903529100347,0.0301568479336411,0.3007832172860104
mace_polar_l,MACE-POLAR-1-L,nonwater_environment__pros_cyano_cyclic_acetal__nh3__equilibrium_like,pros_cyano_cyclic_acetal,NH3,equilibrium_like,0.0063466300080677,6.346630008067754,0.0025299750278405,2.529975027840598,0.3986328216115524,0.0150743198291284,0.2126569055718279
aimnet2,AIMNet2,nonwater_environment__pros_cyano_cyclic_acetal__nh3__equilibrium_like,pros_cyano_cyclic_acetal,NH3,equilibrium_like,0.0063466300080677,6.346630008067754,0.0048668993071211,4.866899307121141,0.7668478075662835,0.0931106268540658,0.5285185716341457
aimnet2_2025,AIMNet2-2025,nonwater_environment__pros_cyano_cyclic_acetal__nh3__equilibrium_like,pros_cyano_cyclic_acetal,NH3,equilibrium_like,0.0063466300080677,6.346630008067754,0.0069619141231872,6.961914123187232,1.0969465865092711,1.1398687135644945,1.8492177104639365
mace_mdp,MACE-MDP,nonwater_environment__pros_cyano_cyclic_acetal__nh3__equilibrium_like,pros_cyano_cyclic_acetal,NH3,equilibrium_like,0.0063466300080677,6.346630008067754,,,,0.091229125012881,0.5231513882602654
gfn2_xtb,GFN2-xTB,nonwater_environment__pros_cyano_cyclic_acetal__nh3__equilibrium_like,pros_cyano_cyclic_acetal,NH3,equilibrium_like,0.0063466300080677,6.346630008067754,,,,0.0911776134871026,0.5230036715562406
zero,Zero response,nonwater_environment__pros_cyano_cyclic_acetal__nh3__equilibrium_like,pros_cyano_cyclic_acetal,NH3,equilibrium_like,0.0063466300080677,6.346630008067754,0.0063466300080677,6.346630008067754,1.0,0.2372365688051011,0.8436288914062293
glider,GLIDER,nonwater_environment__pros_halogen_oxazinanone__ch3cn__altered_orientation,pros_halogen_oxazinanone,CH3CN,altered_orientation,0.0052300814429691,5.230081442969141,0.00234338954678,2.3433895467800694,0.4480598576395622,0.0245141214919338,0.271186954840755
mace_polar_s,MACE-POLAR-1-S,nonwater_environment__pros_halogen_oxazinanone__ch3cn__altered_orientation,pros_halogen_oxazinanone,CH3CN,altered_orientation,0.0052300814429691,5.230081442969141,0.006010226770055,6.010226770055013,1.1491650437173653,0.7152539724145525,1.4648419427513868
mace_polar_m,MACE-POLAR-1-M,nonwater_environment__pros_halogen_oxazinanone__ch3cn__altered_orientation,pros_halogen_oxazinanone,CH3CN,altered_orientation,0.0052300814429691,5.230081442969141,0.0031319950221608,3.131995022160879,0.5988424953441703,0.0122846385513896,0.1919737368865051
mace_polar_l,MACE-POLAR-1-L,nonwater_environment__pros_halogen_oxazinanone__ch3cn__altered_orientation,pros_halogen_oxazinanone,CH3CN,altered_orientation,0.0052300814429691,5.230081442969141,0.0039883887142936,3.988388714293616,0.7625863493302294,0.0507604475189053,0.3902324212014117
aimnet2,AIMNet2,nonwater_environment__pros_halogen_oxazinanone__ch3cn__altered_orientation,pros_halogen_oxazinanone,CH3CN,altered_orientation,0.0052300814429691,5.230081442969141,0.0064105643665479,6.410564366547926,1.2257102372976854,0.924883838621428,1.665728524059153
aimnet2_2025,AIMNet2-2025,nonwater_environment__pros_halogen_oxazinanone__ch3cn__altered_orientation,pros_halogen_oxazinanone,CH3CN,altered_orientation,0.0052300814429691,5.230081442969141,0.0082649360902018,8.264936090201815,1.580269099119377,3.15645123163308,3.077231498425044
mace_mdp,MACE-MDP,nonwater_environment__pros_halogen_oxazinanone__ch3cn__altered_orientation,pros_halogen_oxazinanone,CH3CN,altered_orientation,0.0052300814429691,5.230081442969141,,,,0.2959889009500154,0.9423198516692972
gfn2_xtb,GFN2-xTB,nonwater_environment__pros_halogen_oxazinanone__ch3cn__altered_orientation,pros_halogen_oxazinanone,CH3CN,altered_orientation,0.0052300814429691,5.230081442969141,,,,0.2394951351691696,0.8476351842081055
zero,Zero response,nonwater_environment__pros_halogen_oxazinanone__ch3cn__altered_orientation,pros_halogen_oxazinanone,CH3CN,altered_orientation,0.0052300814429691,5.230081442969141,0.0052300814429691,5.230081442969141,1.0,0.2231715908965428,0.818238823748683
glider,GLIDER,nonwater_environment__pros_halogen_oxazinanone__ch3cn__equilibrium_like,pros_halogen_oxazinanone,CH3CN,equilibrium_like,0.0055123585108142,5.512358510814296,0.0019276116376815,1.9276116376816,0.3496890911394748,0.0095460723341399,0.1692282984681342
mace_polar_s,MACE-POLAR-1-S,nonwater_environment__pros_halogen_oxazinanone__ch3cn__equilibrium_like,pros_halogen_oxazinanone,CH3CN,equilibrium_like,0.0055123585108142,5.512358510814296,0.0045703789081449,4.570378908144922,0.8291149603529284,0.4445874100426816,1.1548862412064855
mace_polar_m,MACE-POLAR-1-M,nonwater_environment__pros_halogen_oxazinanone__ch3cn__equilibrium_like,pros_halogen_oxazinanone,CH3CN,equilibrium_like,0.0055123585108142,5.512358510814296,0.0032976816270416,3.297681627041638,0.5982342441211246,0.0057483184184456,0.1313200489465983
mace_polar_l,MACE-POLAR-1-L,nonwater_environment__pros_halogen_oxazinanone__ch3cn__equilibrium_like,pros_halogen_oxazinanone,CH3CN,equilibrium_like,0.0055123585108142,5.512358510814296,0.0033368344118988,3.336834411898854,0.6053369724325008,0.0300512842542143,0.3002563117781921
aimnet2,AIMNet2,nonwater_environment__pros_halogen_oxazinanone__ch3cn__equilibrium_like,pros_halogen_oxazinanone,CH3CN,equilibrium_like,0.0055123585108142,5.512358510814296,0.00629261587974,6.292615879740084,1.1415469199608586,1.2520263420334947,1.9380606353002692
aimnet2_2025,AIMNet2-2025,nonwater_environment__pros_halogen_oxazinanone__ch3cn__equilibrium_like,pros_halogen_oxazinanone,CH3CN,equilibrium_like,0.0055123585108142,5.512358510814296,0.0095158169021455,9.515816902145566,1.7262695964852752,4.100667239817297,3.507420949850743
mace_mdp,MACE-MDP,nonwater_environment__pros_halogen_oxazinanone__ch3cn__equilibrium_like,pros_halogen_oxazinanone,CH3CN,equilibrium_like,0.0055123585108142,5.512358510814296,,,,0.4324423078159682,1.1390026002814502
gfn2_xtb,GFN2-xTB,nonwater_environment__pros_halogen_oxazinanone__ch3cn__equilibrium_like,pros_halogen_oxazinanone,CH3CN,equilibrium_like,0.0055123585108142,5.512358510814296,,,,0.024585969211899,0.2715840710271817
zero,Zero response,nonwater_environment__pros_halogen_oxazinanone__ch3cn__equilibrium_like,pros_halogen_oxazinanone,CH3CN,equilibrium_like,0.0055123585108142,5.512358510814296,0.0055123585108142,5.512358510814296,1.0,0.1665186396398962,0.7067926986887235
glider,GLIDER,nonwater_environment__pros_halogen_oxazinanone__ch3oh__altered_orientation,pros_halogen_oxazinanone,CH3OH,altered_orientation,0.0050352578666626,5.035257866662658,0.0017726226494757,1.772622649475785,0.3520420793564382,0.0180583346350491,0.2327552446351049
mace_polar_s,MACE-POLAR-1-S,nonwater_environment__pros_halogen_oxazinanone__ch3oh__altered_orientation,pros_halogen_oxazinanone,CH3OH,altered_orientation,0.0050352578666626,5.035257866662658,0.0038791369233165,3.8791369233165858,0.7703948886112673,0.2308565884594836,0.8322077657523095
mace_polar_m,MACE-POLAR-1-M,nonwater_environment__pros_halogen_oxazinanone__ch3oh__altered_orientation,pros_halogen_oxazinanone,CH3OH,altered_orientation,0.0050352578666626,5.035257866662658,0.0028682834244063,2.86828342440634,0.5696398278619685,0.0026480246688114,0.0891295349838333
mace_polar_l,MACE-POLAR-1-L,nonwater_environment__pros_halogen_oxazinanone__ch3oh__altered_orientation,pros_halogen_oxazinanone,CH3OH,altered_orientation,0.0050352578666626,5.035257866662658,0.0024861783609667,2.486178360966759,0.4937539301466967,0.0676070210006709,0.45035659537972
aimnet2,AIMNet2,nonwater_environment__pros_halogen_oxazinanone__ch3oh__altered_orientation,pros_halogen_oxazinanone,CH3OH,altered_orientation,0.0050352578666626,5.035257866662658,0.0048616224723981,4.861622472398155,0.9655160869884928,0.4110487997090117,1.1104712509232444
aimnet2_2025,AIMNet2-2025,nonwater_environment__pros_halogen_oxazinanone__ch3oh__altered_orientation,pros_halogen_oxazinanone,CH3OH,altered_orientation,0.0050352578666626,5.035257866662658,0.0078600884719165,7.860088471916542,1.5610101170699655,2.790662704510591,2.8934388041795134
mace_mdp,MACE-MDP,nonwater_environment__pros_halogen_oxazinanone__ch3oh__altered_orientation,pros_halogen_oxazinanone,CH3OH,altered_orientation,0.0050352578666626,5.035257866662658,,,,0.1642408349573671,0.7019419526371832
gfn2_xtb,GFN2-xTB,nonwater_environment__pros_halogen_oxazinanone__ch3oh__altered_orientation,pros_halogen_oxazinanone,CH3OH,altered_orientation,0.0050352578666626,5.035257866662658,,,,0.0153092077417336,0.2143073102467599
zero,Zero response,nonwater_environment__pros_halogen_oxazinanone__ch3oh__altered_orientation,pros_halogen_oxazinanone,CH3OH,altered_orientation,0.0050352578666626,5.035257866662658,0.0050352578666626,5.035257866662658,1.0,0.1387375660394477,0.6451454860094297
glider,GLIDER,nonwater_environment__pros_halogen_oxazinanone__ch3oh__equilibrium_like,pros_halogen_oxazinanone,CH3OH,equilibrium_like,0.0050457084644411,5.0457084644411765,0.001623511024886,1.6235110248860696,0.3217607668630686,0.0101346900912196,0.1743676296611812
mace_polar_s,MACE-POLAR-1-S,nonwater_environment__pros_halogen_oxazinanone__ch3oh__equilibrium_like,pros_halogen_oxazinanone,CH3OH,equilibrium_like,0.0050457084644411,5.0457084644411765,0.0044588549734052,4.458854973405208,0.8836925487923599,0.3632953954374633,1.0439761425973249
mace_polar_m,MACE-POLAR-1-M,nonwater_environment__pros_halogen_oxazinanone__ch3oh__equilibrium_like,pros_halogen_oxazinanone,CH3OH,equilibrium_like,0.0050457084644411,5.0457084644411765,0.0032424153252892,3.242415325289297,0.6426085351818681,0.0057696181772081,0.1315631199524567
mace_polar_l,MACE-POLAR-1-L,nonwater_environment__pros_halogen_oxazinanone__ch3oh__equilibrium_like,pros_halogen_oxazinanone,CH3OH,equilibrium_like,0.0050457084644411,5.0457084644411765,0.0027855095228578,2.785509522857817,0.5520551856073829,0.0709479294945907,0.4613499631340315
aimnet2,AIMNet2,nonwater_environment__pros_halogen_oxazinanone__ch3oh__equilibrium_like,pros_halogen_oxazinanone,CH3OH,equilibrium_like,0.0050457084644411,5.0457084644411765,0.0046794304781362,4.679430478136278,0.9274080163596083,0.4326145497516178,1.1392294102834837
aimnet2_2025,AIMNet2-2025,nonwater_environment__pros_halogen_oxazinanone__ch3oh__equilibrium_like,pros_halogen_oxazinanone,CH3OH,equilibrium_like,0.0050457084644411,5.0457084644411765,0.0092754999838969,9.275499983896962,1.8382948696430963,3.4726308549571443,3.2276760315854864
mace_mdp,MACE-MDP,nonwater_environment__pros_halogen_oxazinanone__ch3oh__equilibrium_like,pros_halogen_oxazinanone,CH3OH,equilibrium_like,0.0050457084644411,5.0457084644411765,,,,0.0214743678284796,0.2538170669703656
gfn2_xtb,GFN2-xTB,nonwater_environment__pros_halogen_oxazinanone__ch3oh__equilibrium_like,pros_halogen_oxazinanone,CH3OH,equilibrium_like,0.0050457084644411,5.0457084644411765,,,,0.1100127320064255,0.5744895090593707
zero,Zero response,nonwater_environment__pros_halogen_oxazinanone__ch3oh__equilibrium_like,pros_halogen_oxazinanone,CH3OH,equilibrium_like,0.0050457084644411,5.0457084644411765,0.0050457084644411,5.0457084644411765,1.0,0.3379951412175542,1.006968432301958
glider,GLIDER,nonwater_environment__pros_halogen_oxazinanone__nh3__altered_orientation,pros_halogen_oxazinanone,NH3,altered_orientation,0.004825907305936,4.825907305936003,0.005106021653246,5.106021653246038,1.0580438722818994,0.3157646177202245,0.9732902204176684
mace_polar_s,MACE-POLAR-1-S,nonwater_environment__pros_halogen_oxazinanone__nh3__altered_orientation,pros_halogen_oxazinanone,NH3,altered_orientation,0.004825907305936,4.825907305936003,0.0103198490901762,10.319849090176294,2.1384267114875137,0.7252511232409615,1.4750435145184309
mace_polar_m,MACE-POLAR-1-M,nonwater_environment__pros_halogen_oxazinanone__nh3__altered_orientation,pros_halogen_oxazinanone,NH3,altered_orientation,0.004825907305936,4.825907305936003,0.0062344817327383,6.234481732738349,1.291877638235977,0.4593624895188938,1.1739197027721622
mace_polar_l,MACE-POLAR-1-L,nonwater_environment__pros_halogen_oxazinanone__nh3__altered_orientation,pros_halogen_oxazinanone,NH3,altered_orientation,0.004825907305936,4.825907305936003,0.0059867588222203,5.986758822220342,1.2405457549622758,0.397280426559725,1.0917148344138112
aimnet2,AIMNet2,nonwater_environment__pros_halogen_oxazinanone__nh3__altered_orientation,pros_halogen_oxazinanone,NH3,altered_orientation,0.004825907305936,4.825907305936003,0.0048616648552504,4.86166485525048,1.007409497747811,0.376749259506653,1.0631311200975913
aimnet2_2025,AIMNet2-2025,nonwater_environment__pros_halogen_oxazinanone__nh3__altered_orientation,pros_halogen_oxazinanone,NH3,altered_orientation,0.004825907305936,4.825907305936003,0.0117915092414814,11.791509241481476,2.443376653127503,5.03700310623581,3.887288170268244
mace_mdp,MACE-MDP,nonwater_environment__pros_halogen_oxazinanone__nh3__altered_orientation,pros_halogen_oxazinanone,NH3,altered_orientation,0.004825907305936,4.825907305936003,,,,4.274624086624415,3.5810434596459797
gfn2_xtb,GFN2-xTB,nonwater_environment__pros_halogen_oxazinanone__nh3__altered_orientation,pros_halogen_oxazinanone,NH3,altered_orientation,0.004825907305936,4.825907305936003,,,,1.4524400917669835,2.087419525467018
zero,Zero response,nonwater_environment__pros_halogen_oxazinanone__nh3__altered_orientation,pros_halogen_oxazinanone,NH3,altered_orientation,0.004825907305936,4.825907305936003,0.004825907305936,4.825907305936003,1.0,0.0507944408264753,0.390363064952905
glider,GLIDER,nonwater_environment__pros_halogen_oxazinanone__nh3__equilibrium_like,pros_halogen_oxazinanone,NH3,equilibrium_like,0.008476452877906,8.476452877906057,0.0041101375441346,4.110137544134624,0.4848888566168675,0.1816494846627812,0.738206240821861
mace_polar_s,MACE-POLAR-1-S,nonwater_environment__pros_halogen_oxazinanone__nh3__equilibrium_like,pros_halogen_oxazinanone,NH3,equilibrium_like,0.008476452877906,8.476452877906057,0.0077594953852481,7.759495385248114,0.915417745726317,0.0502292856990968,0.3881853385913623
mace_polar_m,MACE-POLAR-1-M,nonwater_environment__pros_halogen_oxazinanone__nh3__equilibrium_like,pros_halogen_oxazinanone,NH3,equilibrium_like,0.008476452877906,8.476452877906057,0.0049430647812936,4.943064781293645,0.5831525111379765,0.3450454223644319,1.017416466887231
mace_polar_l,MACE-POLAR-1-L,nonwater_environment__pros_halogen_oxazinanone__nh3__equilibrium_like,pros_halogen_oxazinanone,NH3,equilibrium_like,0.008476452877906,8.476452877906057,0.0059981208176413,5.998120817641333,0.7076215610512604,0.2192328140977587,0.810986092539987
aimnet2,AIMNet2,nonwater_environment__pros_halogen_oxazinanone__nh3__equilibrium_like,pros_halogen_oxazinanone,NH3,equilibrium_like,0.008476452877906,8.476452877906057,0.0093185287005406,9.318528700540678,1.0993429486087865,2.5693970219943707,2.776362920438016
aimnet2_2025,AIMNet2-2025,nonwater_environment__pros_halogen_oxazinanone__nh3__equilibrium_like,pros_halogen_oxazinanone,NH3,equilibrium_like,0.008476452877906,8.476452877906057,0.0186234611681811,18.623461168181105,2.197081896924515,10.941815681288553,5.729349617876855
mace_mdp,MACE-MDP,nonwater_environment__pros_halogen_oxazinanone__nh3__equilibrium_like,pros_halogen_oxazinanone,NH3,equilibrium_like,0.008476452877906,8.476452877906057,,,,12.403958285008173,6.100153674705624
gfn2_xtb,GFN2-xTB,nonwater_environment__pros_halogen_oxazinanone__nh3__equilibrium_like,pros_halogen_oxazinanone,NH3,equilibrium_like,0.008476452877906,8.476452877906057,,,,1.876064402982621,2.372381337169019
zero,Zero response,nonwater_environment__pros_halogen_oxazinanone__nh3__equilibrium_like,pros_halogen_oxazinanone,NH3,equilibrium_like,0.008476452877906,8.476452877906057,0.008476452877906,8.476452877906057,1.0,0.9709399957450268,1.7066985636705387
glider,GLIDER,nonwater_environment__pros_heteroaryl_amide__ch3cn__altered_orientation,pros_heteroaryl_amide,CH3CN,altered_orientation,0.0012943220259486,1.2943220259486248,0.0006965727266067,0.6965727266067024,0.5381757496525453,0.0004857795589362,0.0381751054590399
mace_polar_s,MACE-POLAR-1-S,nonwater_environment__pros_heteroaryl_amide__ch3cn__altered_orientation,pros_heteroaryl_amide,CH3CN,altered_orientation,0.0012943220259486,1.2943220259486248,0.0015423818569433,1.5423818569433612,1.191652329189817,0.0246515677536833,0.2719461403679963
mace_polar_m,MACE-POLAR-1-M,nonwater_environment__pros_heteroaryl_amide__ch3cn__altered_orientation,pros_heteroaryl_amide,CH3CN,altered_orientation,0.0012943220259486,1.2943220259486248,0.0008570248709961,0.8570248709961373,0.6621419197189455,0.0003122086087127,0.030604343256117
mace_polar_l,MACE-POLAR-1-L,nonwater_environment__pros_heteroaryl_amide__ch3cn__altered_orientation,pros_heteroaryl_amide,CH3CN,altered_orientation,0.0012943220259486,1.2943220259486248,0.00121186175314,1.211861753140022,0.9362907598299064,0.000322178695575,0.0310891634934921
aimnet2,AIMNet2,nonwater_environment__pros_heteroaryl_amide__ch3cn__altered_orientation,pros_heteroaryl_amide,CH3CN,altered_orientation,0.0012943220259486,1.2943220259486248,0.001349807123128,1.3498071231280124,1.0428680777017,0.0461600312226817,0.3721291357419425
aimnet2_2025,AIMNet2-2025,nonwater_environment__pros_heteroaryl_amide__ch3cn__altered_orientation,pros_heteroaryl_amide,CH3CN,altered_orientation,0.0012943220259486,1.2943220259486248,0.0023039501906995,2.303950190699517,1.780044026532673,0.1373508617671229,0.6419132225631193
mace_mdp,MACE-MDP,nonwater_environment__pros_heteroaryl_amide__ch3cn__altered_orientation,pros_heteroaryl_amide,CH3CN,altered_orientation,0.0012943220259486,1.2943220259486248,,,,0.0004401441179796,0.0363377538372816
gfn2_xtb,GFN2-xTB,nonwater_environment__pros_heteroaryl_amide__ch3cn__altered_orientation,pros_heteroaryl_amide,CH3CN,altered_orientation,0.0012943220259486,1.2943220259486248,,,,0.0136630286208193,0.2024576149776985
zero,Zero response,nonwater_environment__pros_heteroaryl_amide__ch3cn__altered_orientation,pros_heteroaryl_amide,CH3CN,altered_orientation,0.0012943220259486,1.2943220259486248,0.0012943220259486,1.2943220259486248,1.0,0.0348436101045745,0.3233122798684323
glider,GLIDER,nonwater_environment__pros_heteroaryl_amide__ch3cn__equilibrium_like,pros_heteroaryl_amide,CH3CN,equilibrium_like,0.001903618591275,1.9036185912750208,0.0005662070856541,0.5662070856541148,0.2974372535807585,5.542820782428334e-05,0.0128951395290182
mace_polar_s,MACE-POLAR-1-S,nonwater_environment__pros_heteroaryl_amide__ch3cn__equilibrium_like,pros_heteroaryl_amide,CH3CN,equilibrium_like,0.001903618591275,1.9036185912750208,0.0015835501928266,1.5835501928266036,0.8318631684333154,0.0223531887125893,0.2589586185817494
mace_polar_m,MACE-POLAR-1-M,nonwater_environment__pros_heteroaryl_amide__ch3cn__equilibrium_like,pros_heteroaryl_amide,CH3CN,equilibrium_like,0.001903618591275,1.9036185912750208,0.0007053046050096,0.7053046050096864,0.370507310782924,0.0013007299267426,0.0624675097969181
mace_polar_l,MACE-POLAR-1-L,nonwater_environment__pros_heteroaryl_amide__ch3cn__equilibrium_like,pros_heteroaryl_amide,CH3CN,equilibrium_like,0.001903618591275,1.9036185912750208,0.0008759539795117,0.8759539795117531,0.4601520407116057,0.0003890689319346,0.0341644083192425
aimnet2,AIMNet2,nonwater_environment__pros_heteroaryl_amide__ch3cn__equilibrium_like,pros_heteroaryl_amide,CH3CN,equilibrium_like,0.001903618591275,1.9036185912750208,0.0017950220620729,1.7950220620729422,0.9429525800494823,0.0979370881165786,0.5420436000449926
aimnet2_2025,AIMNet2-2025,nonwater_environment__pros_heteroaryl_amide__ch3cn__equilibrium_like,pros_heteroaryl_amide,CH3CN,equilibrium_like,0.001903618591275,1.9036185912750208,0.0019524260821631,1.9524260821631465,1.0256393224524218,0.0898902820581045,0.5192984172653655
mace_mdp,MACE-MDP,nonwater_environment__pros_heteroaryl_amide__ch3cn__equilibrium_like,pros_heteroaryl_amide,CH3CN,equilibrium_like,0.001903618591275,1.9036185912750208,,,,0.0002380743603821,0.0267249524068128
gfn2_xtb,GFN2-xTB,nonwater_environment__pros_heteroaryl_amide__ch3cn__equilibrium_like,pros_heteroaryl_amide,CH3CN,equilibrium_like,0.001903618591275,1.9036185912750208,,,,0.0045363857102283,0.1166582921642741
zero,Zero response,nonwater_environment__pros_heteroaryl_amide__ch3cn__equilibrium_like,pros_heteroaryl_amide,CH3CN,equilibrium_like,0.001903618591275,1.9036185912750208,0.001903618591275,1.9036185912750208,1.0,0.0474525011390519,0.3773029332209807
glider,GLIDER,nonwater_environment__pros_heteroaryl_amide__ch3oh__altered_orientation,pros_heteroaryl_amide,CH3OH,altered_orientation,0.0011506224858629,1.1506224858629308,0.0004574111696051,0.457411169605163,0.3975336613225657,0.0020651638335413,0.0787114445339687
mace_polar_s,MACE-POLAR-1-S,nonwater_environment__pros_heteroaryl_amide__ch3oh__altered_orientation,pros_heteroaryl_amide,CH3OH,altered_orientation,0.0011506224858629,1.1506224858629308,0.0009795416704133,0.9795416704133488,0.8513145557717162,0.0084243480763465,0.1589749798837528
mace_polar_m,MACE-POLAR-1-M,nonwater_environment__pros_heteroaryl_amide__ch3oh__altered_orientation,pros_heteroaryl_amide,CH3OH,altered_orientation,0.0011506224858629,1.1506224858629308,0.0006367931547429,0.636793154742929,0.5534336088220577,0.0017377262717294,0.0722023463274461
mace_polar_l,MACE-POLAR-1-L,nonwater_environment__pros_heteroaryl_amide__ch3oh__altered_orientation,pros_heteroaryl_amide,CH3OH,altered_orientation,0.0011506224858629,1.1506224858629308,0.0006156638345239,0.6156638345239908,0.5350702268453081,0.000668883244086,0.0447956441214795
aimnet2,AIMNet2,nonwater_environment__pros_heteroaryl_amide__ch3oh__altered_orientation,pros_heteroaryl_amide,CH3OH,altered_orientation,0.0011506224858629,1.1506224858629308,0.0011492104235808,1.1492104235808318,0.9987727840369468,0.0220057672450897,0.2569383228233369
aimnet2_2025,AIMNet2-2025,nonwater_environment__pros_heteroaryl_amide__ch3oh__altered_orientation,pros_heteroaryl_amide,CH3OH,altered_orientation,0.0011506224858629,1.1506224858629308,0.0026515337093578,2.6515337093578224,2.3044341145212845,0.2404165885213648,0.8492642495502177
mace_mdp,MACE-MDP,nonwater_environment__pros_heteroaryl_amide__ch3oh__altered_orientation,pros_heteroaryl_amide,CH3OH,altered_orientation,0.0011506224858629,1.1506224858629308,,,,0.0006119174179962,0.0428456795253458
gfn2_xtb,GFN2-xTB,nonwater_environment__pros_heteroaryl_amide__ch3oh__altered_orientation,pros_heteroaryl_amide,CH3OH,altered_orientation,0.0011506224858629,1.1506224858629308,,,,0.0091677013724068,0.1658405985192423
zero,Zero response,nonwater_environment__pros_heteroaryl_amide__ch3oh__altered_orientation,pros_heteroaryl_amide,CH3OH,altered_orientation,0.0011506224858629,1.1506224858629308,0.0011506224858629,1.1506224858629308,1.0,0.0455148447236066,0.3695193285483451
glider,GLIDER,nonwater_environment__pros_heteroaryl_amide__ch3oh__equilibrium_like,pros_heteroaryl_amide,CH3OH,equilibrium_like,0.0009981477601909,0.9981477601909908,0.0004065933102031,0.4065933102031235,0.4073478160441134,0.0001524348451057,0.0213846799208491
mace_polar_s,MACE-POLAR-1-S,nonwater_environment__pros_heteroaryl_amide__ch3oh__equilibrium_like,pros_heteroaryl_amide,CH3OH,equilibrium_like,0.0009981477601909,0.9981477601909908,0.0008859838883859,0.8859838883859121,0.8876279882813977,0.0079362129416443,0.1543004822576161
mace_polar_m,MACE-POLAR-1-M,nonwater_environment__pros_heteroaryl_amide__ch3oh__equilibrium_like,pros_heteroaryl_amide,CH3OH,equilibrium_like,0.0009981477601909,0.9981477601909908,0.0006156886272696,0.6156886272696761,0.6168311464746131,0.0014016150114949,0.0648447764626011
mace_polar_l,MACE-POLAR-1-L,nonwater_environment__pros_heteroaryl_amide__ch3oh__equilibrium_like,pros_heteroaryl_amide,CH3OH,equilibrium_like,0.0009981477601909,0.9981477601909908,0.0004723595672384,0.4723595672384054,0.4732361140078314,0.00044415100627,0.0365027809736467
aimnet2,AIMNet2,nonwater_environment__pros_heteroaryl_amide__ch3oh__equilibrium_like,pros_heteroaryl_amide,CH3OH,equilibrium_like,0.0009981477601909,0.9981477601909908,0.001749742901517,1.7497429015170454,1.7529898591188946,0.0962336518091787,0.5373089943668692
aimnet2_2025,AIMNet2-2025,nonwater_environment__pros_heteroaryl_amide__ch3oh__equilibrium_like,pros_heteroaryl_amide,CH3OH,equilibrium_like,0.0009981477601909,0.9981477601909908,0.0018874922779272,1.8874922779272003,1.8909948538741777,0.1032137527549775,0.5564541834373542
mace_mdp,MACE-MDP,nonwater_environment__pros_heteroaryl_amide__ch3oh__equilibrium_like,pros_heteroaryl_amide,CH3OH,equilibrium_like,0.0009981477601909,0.9981477601909908,,,,0.0002317063309642,0.0263651093851872
gfn2_xtb,GFN2-xTB,nonwater_environment__pros_heteroaryl_amide__ch3oh__equilibrium_like,pros_heteroaryl_amide,CH3OH,equilibrium_like,0.0009981477601909,0.9981477601909908,,,,0.0011878467826644,0.059695396371859
zero,Zero response,nonwater_environment__pros_heteroaryl_amide__ch3oh__equilibrium_like,pros_heteroaryl_amide,CH3OH,equilibrium_like,0.0009981477601909,0.9981477601909908,0.0009981477601909,0.9981477601909908,1.0,0.0113481295047911,0.1845112151452412
glider,GLIDER,nonwater_environment__pros_heteroaryl_amide__nh3__altered_orientation,pros_heteroaryl_amide,NH3,altered_orientation,0.0013661014462081,1.3661014462081218,0.0007338343350603,0.7338343350603355,0.5371741147754687,0.0106698076081816,0.1789117738566829
mace_polar_s,MACE-POLAR-1-S,nonwater_environment__pros_heteroaryl_amide__nh3__altered_orientation,pros_heteroaryl_amide,NH3,altered_orientation,0.0013661014462081,1.3661014462081218,0.0011209381427653,1.1209381427653966,0.82053799582511,0.0142462193368668,0.2067333016487678
mace_polar_m,MACE-POLAR-1-M,nonwater_environment__pros_heteroaryl_amide__nh3__altered_orientation,pros_heteroaryl_amide,NH3,altered_orientation,0.0013661014462081,1.3661014462081218,0.0008631024814467,0.8631024814467096,0.6317996982159833,0.0095728463681904,0.1694654510647268
mace_polar_l,MACE-POLAR-1-L,nonwater_environment__pros_heteroaryl_amide__nh3__altered_orientation,pros_heteroaryl_amide,NH3,altered_orientation,0.0013661014462081,1.3661014462081218,0.0007657960437238,0.7657960437238305,0.5605704070143877,0.0079056945956995,0.1540035187490811
aimnet2,AIMNet2,nonwater_environment__pros_heteroaryl_amide__nh3__altered_orientation,pros_heteroaryl_amide,NH3,altered_orientation,0.0013661014462081,1.3661014462081218,0.0011812802240765,1.1812802240765754,0.8647090063153411,0.0061621478903241,0.1359648618981113
aimnet2_2025,AIMNet2-2025,nonwater_environment__pros_heteroaryl_amide__nh3__altered_orientation,pros_heteroaryl_amide,NH3,altered_orientation,0.0013661014462081,1.3661014462081218,0.001969264429896,1.9692644298960345,1.4415213711705728,0.0785111293555735,0.4853178217073022
mace_mdp,MACE-MDP,nonwater_environment__pros_heteroaryl_amide__nh3__altered_orientation,pros_heteroaryl_amide,NH3,altered_orientation,0.0013661014462081,1.3661014462081218,,,,0.0005350326200454,0.0400636725742442
gfn2_xtb,GFN2-xTB,nonwater_environment__pros_heteroaryl_amide__nh3__altered_orientation,pros_heteroaryl_amide,NH3,altered_orientation,0.0013661014462081,1.3661014462081218,,,,0.0046134109654135,0.1176445191933762
zero,Zero response,nonwater_environment__pros_heteroaryl_amide__nh3__altered_orientation,pros_heteroaryl_amide,NH3,altered_orientation,0.0013661014462081,1.3661014462081218,0.0013661014462081,1.3661014462081218,1.0,0.0427696606345147,0.3582024314595647
glider,GLIDER,nonwater_environment__pros_heteroaryl_amide__nh3__equilibrium_like,pros_heteroaryl_amide,NH3,equilibrium_like,0.0006068030080205,0.6068030080205451,0.0005502023958579,0.5502023958579325,0.9067232505203796,0.0002774510848123,0.0288505330009174
mace_polar_s,MACE-POLAR-1-S,nonwater_environment__pros_heteroaryl_amide__nh3__equilibrium_like,pros_heteroaryl_amide,NH3,equilibrium_like,0.0006068030080205,0.6068030080205451,0.0005075732957699,0.5075732957699793,0.8364712914422369,0.0021155963563118,0.0796667375316416
mace_polar_m,MACE-POLAR-1-M,nonwater_environment__pros_heteroaryl_amide__nh3__equilibrium_like,pros_heteroaryl_amide,NH3,equilibrium_like,0.0006068030080205,0.6068030080205451,0.0006775004450056,0.6775004450056791,1.1165080529441611,0.002041368126637,0.0782566570964483
mace_polar_l,MACE-POLAR-1-L,nonwater_environment__pros_heteroaryl_amide__nh3__equilibrium_like,pros_heteroaryl_amide,NH3,equilibrium_like,0.0006068030080205,0.6068030080205451,0.0006607747607133,0.6607747607133069,1.0889444382763085,0.001004101525606,0.0548844657149736
aimnet2,AIMNet2,nonwater_environment__pros_heteroaryl_amide__nh3__equilibrium_like,pros_heteroaryl_amide,NH3,equilibrium_like,0.0006068030080205,0.6068030080205451,0.0014743366734083,1.474336673408332,2.429679243380438,0.0172509974390523,0.2274928401448207
aimnet2_2025,AIMNet2-2025,nonwater_environment__pros_heteroaryl_amide__nh3__equilibrium_like,pros_heteroaryl_amide,NH3,equilibrium_like,0.0006068030080205,0.6068030080205451,0.0005333263268656,0.5333263268656505,0.878911804681748,0.0001950209724081,0.0241880738634668
mace_mdp,MACE-MDP,nonwater_environment__pros_heteroaryl_amide__nh3__equilibrium_like,pros_heteroaryl_amide,NH3,equilibrium_like,0.0006068030080205,0.6068030080205451,,,,0.0005646513631502,0.0411576735184439
gfn2_xtb,GFN2-xTB,nonwater_environment__pros_heteroaryl_amide__nh3__equilibrium_like,pros_heteroaryl_amide,NH3,equilibrium_like,0.0006068030080205,0.6068030080205451,,,,0.0015912490231668,0.0690923083237241
zero,Zero response,nonwater_environment__pros_heteroaryl_amide__nh3__equilibrium_like,pros_heteroaryl_amide,NH3,equilibrium_like,0.0006068030080205,0.6068030080205451,0.0006068030080205,0.6068030080205451,1.0,0.0031301991913849,0.0969050957078872
glider,GLIDER,nonwater_environment__pros_isoxazole_thioether__ch3cn__altered_orientation,pros_isoxazole_thioether,CH3CN,altered_orientation,0.0026844835487308,2.6844835487308187,0.0011287142531605,1.128714253160565,0.420458621806121,0.0036683033421218,0.1049042898377638
mace_polar_s,MACE-POLAR-1-S,nonwater_environment__pros_isoxazole_thioether__ch3cn__altered_orientation,pros_isoxazole_thioether,CH3CN,altered_orientation,0.0026844835487308,2.6844835487308187,0.0022119825424241,2.211982542424185,0.8239881162505077,0.0580789940817141,0.4174170363618888
mace_polar_m,MACE-POLAR-1-M,nonwater_environment__pros_isoxazole_thioether__ch3cn__altered_orientation,pros_isoxazole_thioether,CH3CN,altered_orientation,0.0026844835487308,2.6844835487308187,0.001432263241044,1.43226324104404,0.5335339982698688,0.0090626981714805,0.1648881272694962
mace_polar_l,MACE-POLAR-1-L,nonwater_environment__pros_isoxazole_thioether__ch3cn__altered_orientation,pros_isoxazole_thioether,CH3CN,altered_orientation,0.0026844835487308,2.6844835487308187,0.0015263815804857,1.5263815804857568,0.5685941272418696,0.0037460789479506,0.1060105506251714
aimnet2,AIMNet2,nonwater_environment__pros_isoxazole_thioether__ch3cn__altered_orientation,pros_isoxazole_thioether,CH3CN,altered_orientation,0.0026844835487308,2.6844835487308187,0.0029360040279536,2.9360040279536936,1.093694177914329,0.3886558982971546,1.0797998401979247
aimnet2_2025,AIMNet2-2025,nonwater_environment__pros_isoxazole_thioether__ch3cn__altered_orientation,pros_isoxazole_thioether,CH3CN,altered_orientation,0.0026844835487308,2.6844835487308187,0.0041063444553521,4.1063444553521125,1.5296590129202048,0.6638833170452368,1.411258286471938
mace_mdp,MACE-MDP,nonwater_environment__pros_isoxazole_thioether__ch3cn__altered_orientation,pros_isoxazole_thioether,CH3CN,altered_orientation,0.0026844835487308,2.6844835487308187,,,,0.0066340236310802,0.1410746996921865
gfn2_xtb,GFN2-xTB,nonwater_environment__pros_isoxazole_thioether__ch3cn__altered_orientation,pros_isoxazole_thioether,CH3CN,altered_orientation,0.0026844835487308,2.6844835487308187,,,,0.0112373478934958,0.18360839763063
zero,Zero response,nonwater_environment__pros_isoxazole_thioether__ch3cn__altered_orientation,pros_isoxazole_thioether,CH3CN,altered_orientation,0.0026844835487308,2.6844835487308187,0.0026844835487308,2.6844835487308187,1.0,0.0658221765654442,0.4443720622365145
glider,GLIDER,nonwater_environment__pros_isoxazole_thioether__ch3cn__equilibrium_like,pros_isoxazole_thioether,CH3CN,equilibrium_like,0.0025119032674114,2.5119032674114905,0.0010251970303834,1.0251970303834133,0.4081355534999865,0.0015481199416473,0.06814954016677
mace_polar_s,MACE-POLAR-1-S,nonwater_environment__pros_isoxazole_thioether__ch3cn__equilibrium_like,pros_isoxazole_thioether,CH3CN,equilibrium_like,0.0025119032674114,2.5119032674114905,0.0023905278754286,2.3905278754286114,0.9516799099879528,0.0812802163004911,0.4938022366306915
mace_polar_m,MACE-POLAR-1-M,nonwater_environment__pros_isoxazole_thioether__ch3cn__equilibrium_like,pros_isoxazole_thioether,CH3CN,equilibrium_like,0.0025119032674114,2.5119032674114905,0.0014912223688058,1.491222368805832,0.5936623388935406,0.0072779720909849,0.1477630409573203
mace_polar_l,MACE-POLAR-1-L,nonwater_environment__pros_isoxazole_thioether__ch3cn__equilibrium_like,pros_isoxazole_thioether,CH3CN,equilibrium_like,0.0025119032674114,2.5119032674114905,0.0016565593066969,1.6565593066969997,0.6594837182580202,0.001921300277144,0.0759203584780268
aimnet2,AIMNet2,nonwater_environment__pros_isoxazole_thioether__ch3cn__equilibrium_like,pros_isoxazole_thioether,CH3CN,equilibrium_like,0.0025119032674114,2.5119032674114905,0.0027200277803899,2.720027780389967,1.0828553056475572,0.3289298581851854,0.9933728275705735
aimnet2_2025,AIMNet2-2025,nonwater_environment__pros_isoxazole_thioether__ch3cn__equilibrium_like,pros_isoxazole_thioether,CH3CN,equilibrium_like,0.0025119032674114,2.5119032674114905,0.0036170124853997,3.6170124853997057,1.439948955170964,0.4879505218685367,1.209897336804082
mace_mdp,MACE-MDP,nonwater_environment__pros_isoxazole_thioether__ch3cn__equilibrium_like,pros_isoxazole_thioether,CH3CN,equilibrium_like,0.0025119032674114,2.5119032674114905,,,,0.0062627017411867,0.1370697093582684
gfn2_xtb,GFN2-xTB,nonwater_environment__pros_isoxazole_thioether__ch3cn__equilibrium_like,pros_isoxazole_thioether,CH3CN,equilibrium_like,0.0025119032674114,2.5119032674114905,,,,0.0098294312198385,0.1717215585170237
zero,Zero response,nonwater_environment__pros_isoxazole_thioether__ch3cn__equilibrium_like,pros_isoxazole_thioether,CH3CN,equilibrium_like,0.0025119032674114,2.5119032674114905,0.0025119032674114,2.5119032674114905,1.0,0.0536919355702021,0.4013425054870296
glider,GLIDER,nonwater_environment__pros_isoxazole_thioether__ch3oh__altered_orientation,pros_isoxazole_thioether,CH3OH,altered_orientation,0.0021929454896601,2.1929454896601226,0.0010974145706153,1.0974145706153655,0.5004294797977172,0.0013405778785878,0.0634171399210293
mace_polar_s,MACE-POLAR-1-S,nonwater_environment__pros_isoxazole_thioether__ch3oh__altered_orientation,pros_isoxazole_thioether,CH3OH,altered_orientation,0.0021929454896601,2.1929454896601226,0.0016679618263412,1.6679618263412828,0.7606034140865922,0.022280748633005,0.2585386738942842
mace_polar_m,MACE-POLAR-1-M,nonwater_environment__pros_isoxazole_thioether__ch3oh__altered_orientation,pros_isoxazole_thioether,CH3OH,altered_orientation,0.0021929454896601,2.1929454896601226,0.001291827997279,1.2918279972790652,0.5890834967718607,0.0036278793676615,0.1043246763857168
mace_polar_l,MACE-POLAR-1-L,nonwater_environment__pros_isoxazole_thioether__ch3oh__altered_orientation,pros_isoxazole_thioether,CH3OH,altered_orientation,0.0021929454896601,2.1929454896601226,0.0012971929895958,1.2971929895958667,0.5915299745079,0.0065262455619794,0.1399240389852234
aimnet2,AIMNet2,nonwater_environment__pros_isoxazole_thioether__ch3oh__altered_orientation,pros_isoxazole_thioether,CH3OH,altered_orientation,0.0021929454896601,2.1929454896601226,0.0017892806093159,1.7892806093159077,0.8159257116752238,0.1463004440910239,0.6624962884975824
aimnet2_2025,AIMNet2-2025,nonwater_environment__pros_isoxazole_thioether__ch3oh__altered_orientation,pros_isoxazole_thioether,CH3OH,altered_orientation,0.0021929454896601,2.1929454896601226,0.0015553854140138,1.5553854140138328,0.7092677047138535,0.0831167640108843,0.4993498693628077
mace_mdp,MACE-MDP,nonwater_environment__pros_isoxazole_thioether__ch3oh__altered_orientation,pros_isoxazole_thioether,CH3OH,altered_orientation,0.0021929454896601,2.1929454896601226,,,,0.0005128752945522,0.0392253219700834
gfn2_xtb,GFN2-xTB,nonwater_environment__pros_isoxazole_thioether__ch3oh__altered_orientation,pros_isoxazole_thioether,CH3OH,altered_orientation,0.0021929454896601,2.1929454896601226,,,,0.0059415038787772,0.1335084702793486
zero,Zero response,nonwater_environment__pros_isoxazole_thioether__ch3oh__altered_orientation,pros_isoxazole_thioether,CH3OH,altered_orientation,0.0021929454896601,2.1929454896601226,0.0021929454896601,2.1929454896601226,1.0,0.1183694355505653,0.5959096463824831
glider,GLIDER,nonwater_environment__pros_isoxazole_thioether__ch3oh__equilibrium_like,pros_isoxazole_thioether,CH3OH,equilibrium_like,0.0021909652808864,2.190965280886415,0.0010006520519849,1.0006520519849842,0.4567174389820285,0.0047441664589731,0.1193000392997393
mace_polar_s,MACE-POLAR-1-S,nonwater_environment__pros_isoxazole_thioether__ch3oh__equilibrium_like,pros_isoxazole_thioether,CH3OH,equilibrium_like,0.0021909652808864,2.190965280886415,0.0012460124858587,1.2460124858587571,0.5687048063831706,0.011215410404263,0.1834290904213098
mace_polar_m,MACE-POLAR-1-M,nonwater_environment__pros_isoxazole_thioether__ch3oh__equilibrium_like,pros_isoxazole_thioether,CH3OH,equilibrium_like,0.0021909652808864,2.190965280886415,0.0009982389421937,0.9982389421937826,0.4556160478225003,0.0058743561088363,0.1327519051709203
mace_polar_l,MACE-POLAR-1-L,nonwater_environment__pros_isoxazole_thioether__ch3oh__equilibrium_like,pros_isoxazole_thioether,CH3OH,equilibrium_like,0.0021909652808864,2.190965280886415,0.0009612607839027,0.9612607839027828,0.4387384831191293,0.0092354107395786,0.1664518916045593
aimnet2,AIMNet2,nonwater_environment__pros_isoxazole_thioether__ch3oh__equilibrium_like,pros_isoxazole_thioether,CH3OH,equilibrium_like,0.0021909652808864,2.190965280886415,0.0011242731258763,1.1242731258763827,0.5131405484533864,0.0490789620866357,0.3837145895843774
aimnet2_2025,AIMNet2-2025,nonwater_environment__pros_isoxazole_thioether__ch3oh__equilibrium_like,pros_isoxazole_thioether,CH3OH,equilibrium_like,0.0021909652808864,2.190965280886415,0.0026765029640921,2.676502964092115,1.2216090265972916,0.2696079543750929,0.899346353261789
mace_mdp,MACE-MDP,nonwater_environment__pros_isoxazole_thioether__ch3oh__equilibrium_like,pros_isoxazole_thioether,CH3OH,equilibrium_like,0.0021909652808864,2.190965280886415,,,,0.0018706187003886,0.074912322759115
gfn2_xtb,GFN2-xTB,nonwater_environment__pros_isoxazole_thioether__ch3oh__equilibrium_like,pros_isoxazole_thioether,CH3OH,equilibrium_like,0.0021909652808864,2.190965280886415,,,,0.0103254330786582,0.1760008501001478
zero,Zero response,nonwater_environment__pros_isoxazole_thioether__ch3oh__equilibrium_like,pros_isoxazole_thioether,CH3OH,equilibrium_like,0.0021909652808864,2.190965280886415,0.0021909652808864,2.190965280886415,1.0,0.0679762882072486,0.4515848365719846
glider,GLIDER,nonwater_environment__pros_isoxazole_thioether__nh3__altered_orientation,pros_isoxazole_thioether,NH3,altered_orientation,0.0022450724670583,2.2450724670583906,0.0011420056379788,1.1420056379788384,0.5086720605839298,0.0113944848846582,0.1848876811850233
mace_polar_s,MACE-POLAR-1-S,nonwater_environment__pros_isoxazole_thioether__nh3__altered_orientation,pros_isoxazole_thioether,NH3,altered_orientation,0.0022450724670583,2.2450724670583906,0.002140745111934,2.140745111934019,0.9535305177649492,0.0518700504901821,0.3944745257561587
mace_polar_m,MACE-POLAR-1-M,nonwater_environment__pros_isoxazole_thioether__nh3__altered_orientation,pros_isoxazole_thioether,NH3,altered_orientation,0.0022450724670583,2.2450724670583906,0.0016672248044132,1.6672248044132143,0.7426151399904246,0.0202611692124964,0.2465431151695161
mace_polar_l,MACE-POLAR-1-L,nonwater_environment__pros_isoxazole_thioether__nh3__altered_orientation,pros_isoxazole_thioether,NH3,altered_orientation,0.0022450724670583,2.2450724670583906,0.0013581159722182,1.3581159722182747,0.6049319084999283,0.0208400776173268,0.2500404624295445
aimnet2,AIMNet2,nonwater_environment__pros_isoxazole_thioether__nh3__altered_orientation,pros_isoxazole_thioether,NH3,altered_orientation,0.0022450724670583,2.2450724670583906,0.0018163888443267,1.816388844326705,0.8090557748038447,0.0065368073466315,0.1400372166243478
aimnet2_2025,AIMNet2-2025,nonwater_environment__pros_isoxazole_thioether__nh3__altered_orientation,pros_isoxazole_thioether,NH3,altered_orientation,0.0022450724670583,2.2450724670583906,0.0014879879993115,1.4879879993115752,0.6627794964949232,0.0638852323905262,0.4377849896599686
mace_mdp,MACE-MDP,nonwater_environment__pros_isoxazole_thioether__nh3__altered_orientation,pros_isoxazole_thioether,NH3,altered_orientation,0.0022450724670583,2.2450724670583906,,,,0.0012355733226038,0.0608828380400557
gfn2_xtb,GFN2-xTB,nonwater_environment__pros_isoxazole_thioether__nh3__altered_orientation,pros_isoxazole_thioether,NH3,altered_orientation,0.0022450724670583,2.2450724670583906,,,,0.0074768234955509,0.1497680556282039
zero,Zero response,nonwater_environment__pros_isoxazole_thioether__nh3__altered_orientation,pros_isoxazole_thioether,NH3,altered_orientation,0.0022450724670583,2.2450724670583906,0.0022450724670583,2.2450724670583906,1.0,0.0805986874829823,0.4917276303493094
glider,GLIDER,nonwater_environment__pros_isoxazole_thioether__nh3__equilibrium_like,pros_isoxazole_thioether,NH3,equilibrium_like,0.0028697440586579,2.869744058657973,0.0012946879929581,1.2946879929581934,0.45115103176262,0.007650884653844,0.151501333200511
mace_polar_s,MACE-POLAR-1-S,nonwater_environment__pros_isoxazole_thioether__nh3__equilibrium_like,pros_isoxazole_thioether,NH3,equilibrium_like,0.0028697440586579,2.869744058657973,0.0031024751810592,3.102475181059218,1.0810982156053597,0.0824741372200297,0.4974157332253267
mace_polar_m,MACE-POLAR-1-M,nonwater_environment__pros_isoxazole_thioether__nh3__equilibrium_like,pros_isoxazole_thioether,NH3,equilibrium_like,0.0028697440586579,2.869744058657973,0.0018463449802964,1.8463449802964096,0.6433831528376251,0.0132312741525465,0.1992330857504335
mace_polar_l,MACE-POLAR-1-L,nonwater_environment__pros_isoxazole_thioether__nh3__equilibrium_like,pros_isoxazole_thioether,NH3,equilibrium_like,0.0028697440586579,2.869744058657973,0.0015490943180448,1.549094318044871,0.5398022563619489,0.0192637822511228,0.2403983085493085
aimnet2,AIMNet2,nonwater_environment__pros_isoxazole_thioether__nh3__equilibrium_like,pros_isoxazole_thioether,NH3,equilibrium_like,0.0028697440586579,2.869744058657973,0.0022053059094855,2.2053059094855083,0.768467802148465,0.0089616386951854,0.1639662040957109
aimnet2_2025,AIMNet2-2025,nonwater_environment__pros_isoxazole_thioether__nh3__equilibrium_like,pros_isoxazole_thioether,NH3,equilibrium_like,0.0028697440586579,2.869744058657973,0.0018223887537735,1.8223887537735128,0.6350352911352475,0.0108675022799569,0.1805616427701935
mace_mdp,MACE-MDP,nonwater_environment__pros_isoxazole_thioether__nh3__equilibrium_like,pros_isoxazole_thioether,NH3,equilibrium_like,0.0028697440586579,2.869744058657973,,,,0.0011914698272691,0.0597863653503657
gfn2_xtb,GFN2-xTB,nonwater_environment__pros_isoxazole_thioether__nh3__equilibrium_like,pros_isoxazole_thioether,NH3,equilibrium_like,0.0028697440586579,2.869744058657973,,,,0.016064727236314,0.2195317328063127
zero,Zero response,nonwater_environment__pros_isoxazole_thioether__nh3__equilibrium_like,pros_isoxazole_thioether,NH3,equilibrium_like,0.0028697440586579,2.869744058657973,0.0028697440586579,2.869744058657973,1.0,0.1592386033870042,0.6911698851664566
glider,GLIDER,nonwater_environment__pros_polyfunctional_oxane__ch3cn__altered_orientation,pros_polyfunctional_oxane,CH3CN,altered_orientation,0.0060222230953576,6.022223095357638,0.0045369892030194,4.5369892030194485,0.7533744816788481,0.0583617453736986,0.4184318775154397
mace_polar_s,MACE-POLAR-1-S,nonwater_environment__pros_polyfunctional_oxane__ch3cn__altered_orientation,pros_polyfunctional_oxane,CH3CN,altered_orientation,0.0060222230953576,6.022223095357638,0.0067059987567616,6.705998756761629,1.1135420675350094,0.4233316884961556,1.126940577620873
mace_polar_m,MACE-POLAR-1-M,nonwater_environment__pros_polyfunctional_oxane__ch3cn__altered_orientation,pros_polyfunctional_oxane,CH3CN,altered_orientation,0.0060222230953576,6.022223095357638,0.004766335452765,4.766335452765008,0.7914578017608218,0.0929623335842547,0.5280975295840382
mace_polar_l,MACE-POLAR-1-L,nonwater_environment__pros_polyfunctional_oxane__ch3cn__altered_orientation,pros_polyfunctional_oxane,CH3CN,altered_orientation,0.0060222230953576,6.022223095357638,0.0060904839960799,6.090483996079981,1.0113348342699169,0.0475200378106081,0.3775713355537259
aimnet2,AIMNet2,nonwater_environment__pros_polyfunctional_oxane__ch3cn__altered_orientation,pros_polyfunctional_oxane,CH3CN,altered_orientation,0.0060222230953576,6.022223095357638,0.0037851725281559,3.785172528155989,0.6285340925137548,0.3053154375898219,0.9570508412667874
aimnet2_2025,AIMNet2-2025,nonwater_environment__pros_polyfunctional_oxane__ch3cn__altered_orientation,pros_polyfunctional_oxane,CH3CN,altered_orientation,0.0060222230953576,6.022223095357638,0.0038535381887787,3.853538188778702,0.6398863223365614,0.4045202228502065,1.10161729677353
mace_mdp,MACE-MDP,nonwater_environment__pros_polyfunctional_oxane__ch3cn__altered_orientation,pros_polyfunctional_oxane,CH3CN,altered_orientation,0.0060222230953576,6.022223095357638,,,,2.4197572931256413,2.694303598219199
gfn2_xtb,GFN2-xTB,nonwater_environment__pros_polyfunctional_oxane__ch3cn__altered_orientation,pros_polyfunctional_oxane,CH3CN,altered_orientation,0.0060222230953576,6.022223095357638,,,,0.2532698027350021,0.871670469962707
zero,Zero response,nonwater_environment__pros_polyfunctional_oxane__ch3cn__altered_orientation,pros_polyfunctional_oxane,CH3CN,altered_orientation,0.0060222230953576,6.022223095357638,0.0060222230953576,6.022223095357638,1.0,0.607136511651163,1.3495960636255164
glider,GLIDER,nonwater_environment__pros_polyfunctional_oxane__ch3cn__equilibrium_like,pros_polyfunctional_oxane,CH3CN,equilibrium_like,0.0034195689955467,3.419568995546751,0.0121779363434408,12.177936343440884,3.561248905724672,1.04710048329178,1.7723717019506209
mace_polar_s,MACE-POLAR-1-S,nonwater_environment__pros_polyfunctional_oxane__ch3cn__equilibrium_like,pros_polyfunctional_oxane,CH3CN,equilibrium_like,0.0034195689955467,3.419568995546751,0.0020308872464557,2.030887246455745,0.5939015265083222,0.0853920208470705,0.506138382797839
mace_polar_m,MACE-POLAR-1-M,nonwater_environment__pros_polyfunctional_oxane__ch3cn__equilibrium_like,pros_polyfunctional_oxane,CH3CN,equilibrium_like,0.0034195689955467,3.419568995546751,0.0120326126398001,12.03261263980017,3.518751238963169,1.2417929002239263,1.930124011733904
mace_polar_l,MACE-POLAR-1-L,nonwater_environment__pros_polyfunctional_oxane__ch3cn__equilibrium_like,pros_polyfunctional_oxane,CH3CN,equilibrium_like,0.0034195689955467,3.419568995546751,0.0126990887267016,12.699088726701628,3.713651850054625,0.8697462598370961,1.6153138331331434
aimnet2,AIMNet2,nonwater_environment__pros_polyfunctional_oxane__ch3cn__equilibrium_like,pros_polyfunctional_oxane,CH3CN,equilibrium_like,0.0034195689955467,3.419568995546751,0.0012245980671104,1.22459806711048,0.3581147415669208,0.0189747568862068,0.2385880773605852
aimnet2_2025,AIMNet2-2025,nonwater_environment__pros_polyfunctional_oxane__ch3cn__equilibrium_like,pros_polyfunctional_oxane,CH3CN,equilibrium_like,0.0034195689955467,3.419568995546751,0.0044002883321845,4.400288332184525,1.2867961833537935,1.0839443859983482,1.803283992607666
mace_mdp,MACE-MDP,nonwater_environment__pros_polyfunctional_oxane__ch3cn__equilibrium_like,pros_polyfunctional_oxane,CH3CN,equilibrium_like,0.0034195689955467,3.419568995546751,,,,5.309954566981268,3.991223333884463
gfn2_xtb,GFN2-xTB,nonwater_environment__pros_polyfunctional_oxane__ch3cn__equilibrium_like,pros_polyfunctional_oxane,CH3CN,equilibrium_like,0.0034195689955467,3.419568995546751,,,,0.0037479372823679,0.1060368419329046
zero,Zero response,nonwater_environment__pros_polyfunctional_oxane__ch3cn__equilibrium_like,pros_polyfunctional_oxane,CH3CN,equilibrium_like,0.0034195689955467,3.419568995546751,0.0034195689955467,3.419568995546751,1.0,0.0387402050042858,0.3409114474652583
glider,GLIDER,nonwater_environment__pros_polyfunctional_oxane__ch3oh__altered_orientation,pros_polyfunctional_oxane,CH3OH,altered_orientation,0.0029530870119979,2.9530870119979067,0.0013643869853543,1.3643869853543529,0.4620205838199392,0.004590308767924,0.1173495901303966
mace_polar_s,MACE-POLAR-1-S,nonwater_environment__pros_polyfunctional_oxane__ch3oh__altered_orientation,pros_polyfunctional_oxane,CH3OH,altered_orientation,0.0029530870119979,2.9530870119979067,0.0052701344733978,5.270134473397868,1.784618757248323,0.1582675733650926,0.6890593008553604
mace_polar_m,MACE-POLAR-1-M,nonwater_environment__pros_polyfunctional_oxane__ch3oh__altered_orientation,pros_polyfunctional_oxane,CH3OH,altered_orientation,0.0029530870119979,2.9530870119979067,0.0033536812682019,3.353681268201957,1.1356527100544285,0.0143333369301545,0.2073644395513939
mace_polar_l,MACE-POLAR-1-L,nonwater_environment__pros_polyfunctional_oxane__ch3oh__altered_orientation,pros_polyfunctional_oxane,CH3OH,altered_orientation,0.0029530870119979,2.9530870119979067,0.0032234179785204,3.223417978520447,1.091541822311442,0.039960896319728,0.3462407962086271
aimnet2,AIMNet2,nonwater_environment__pros_polyfunctional_oxane__ch3oh__altered_orientation,pros_polyfunctional_oxane,CH3OH,altered_orientation,0.0029530870119979,2.9530870119979067,0.003539387918694,3.539387918694083,1.1985383106945824,0.0828000685356119,0.4983976380429946
aimnet2_2025,AIMNet2-2025,nonwater_environment__pros_polyfunctional_oxane__ch3oh__altered_orientation,pros_polyfunctional_oxane,CH3OH,altered_orientation,0.0029530870119979,2.9530870119979067,0.0035972499931032,3.597249993103238,1.218132069420306,0.1444232447956126,0.6582322799641765
mace_mdp,MACE-MDP,nonwater_environment__pros_polyfunctional_oxane__ch3oh__altered_orientation,pros_polyfunctional_oxane,CH3OH,altered_orientation,0.0029530870119979,2.9530870119979067,,,,0.009873823606616,0.1721088923322914
gfn2_xtb,GFN2-xTB,nonwater_environment__pros_polyfunctional_oxane__ch3oh__altered_orientation,pros_polyfunctional_oxane,CH3OH,altered_orientation,0.0029530870119979,2.9530870119979067,,,,0.3244598820590771,0.9866000436738444
zero,Zero response,nonwater_environment__pros_polyfunctional_oxane__ch3oh__altered_orientation,pros_polyfunctional_oxane,CH3OH,altered_orientation,0.0029530870119979,2.9530870119979067,0.0029530870119979,2.9530870119979067,1.0,0.1183307772062635,0.5958123291933379
glider,GLIDER,nonwater_environment__pros_polyfunctional_oxane__ch3oh__equilibrium_like,pros_polyfunctional_oxane,CH3OH,equilibrium_like,0.0028439716205195,2.843971620519514,0.0011236780882547,1.1236780882547863,0.395108755708864,0.004802678182793,0.1200334726165125
mace_polar_s,MACE-POLAR-1-S,nonwater_environment__pros_polyfunctional_oxane__ch3oh__equilibrium_like,pros_polyfunctional_oxane,CH3OH,equilibrium_like,0.0028439716205195,2.843971620519514,0.003538229628813,3.538229628813005,1.2441156596937737,0.0893425367008228,0.5177138303179359
mace_polar_m,MACE-POLAR-1-M,nonwater_environment__pros_polyfunctional_oxane__ch3oh__equilibrium_like,pros_polyfunctional_oxane,CH3OH,equilibrium_like,0.0028439716205195,2.843971620519514,0.0027488758045268,2.7488758045268664,0.9665623189392882,0.0024378173073222,0.0855187226399391
mace_polar_l,MACE-POLAR-1-L,nonwater_environment__pros_polyfunctional_oxane__ch3oh__equilibrium_like,pros_polyfunctional_oxane,CH3OH,equilibrium_like,0.0028439716205195,2.843971620519514,0.0026234341693479,2.62343416934792,0.92245441213956,0.0363773195902767,0.3303512657321451
aimnet2,AIMNet2,nonwater_environment__pros_polyfunctional_oxane__ch3oh__equilibrium_like,pros_polyfunctional_oxane,CH3OH,equilibrium_like,0.0028439716205195,2.843971620519514,0.0030295650383289,3.02956503832897,1.0652585336894302,0.0937630089591046,0.5303668795063602
aimnet2_2025,AIMNet2-2025,nonwater_environment__pros_polyfunctional_oxane__ch3oh__equilibrium_like,pros_polyfunctional_oxane,CH3OH,equilibrium_like,0.0028439716205195,2.843971620519514,0.0024044244433192,2.404424443319214,0.8454460044436003,0.1599302765232654,0.6926693508231733
mace_mdp,MACE-MDP,nonwater_environment__pros_polyfunctional_oxane__ch3oh__equilibrium_like,pros_polyfunctional_oxane,CH3OH,equilibrium_like,0.0028439716205195,2.843971620519514,,,,0.0741210631551042,0.4715540154269846
gfn2_xtb,GFN2-xTB,nonwater_environment__pros_polyfunctional_oxane__ch3oh__equilibrium_like,pros_polyfunctional_oxane,CH3OH,equilibrium_like,0.0028439716205195,2.843971620519514,,,,0.068934156112759,0.4547553939628174
zero,Zero response,nonwater_environment__pros_polyfunctional_oxane__ch3oh__equilibrium_like,pros_polyfunctional_oxane,CH3OH,equilibrium_like,0.0028439716205195,2.843971620519514,0.0028439716205195,2.843971620519514,1.0,0.0650545871550902,0.4417734277491922
glider,GLIDER,nonwater_environment__pros_polyfunctional_oxane__nh3__altered_orientation,pros_polyfunctional_oxane,NH3,altered_orientation,0.0020252051678943,2.0252051678943803,0.0013489348246316,1.3489348246316928,0.6660731692849616,0.0176472111975803,0.230090490009346
mace_polar_s,MACE-POLAR-1-S,nonwater_environment__pros_polyfunctional_oxane__nh3__altered_orientation,pros_polyfunctional_oxane,NH3,altered_orientation,0.0020252051678943,2.0252051678943803,0.0035669336200154,3.566933620015434,1.761270253780756,0.0011982042387153,0.0599550891596876
mace_polar_m,MACE-POLAR-1-M,nonwater_environment__pros_polyfunctional_oxane__nh3__altered_orientation,pros_polyfunctional_oxane,NH3,altered_orientation,0.0020252051678943,2.0252051678943803,0.0024347051916527,2.4347051916527493,1.2022017473835154,0.0047646817286601,0.119557706510206
mace_polar_l,MACE-POLAR-1-L,nonwater_environment__pros_polyfunctional_oxane__nh3__altered_orientation,pros_polyfunctional_oxane,NH3,altered_orientation,0.0020252051678943,2.0252051678943803,0.0028118994046507,2.811899404650712,1.388451624175077,0.0580466474099629,0.417300781487273
aimnet2,AIMNet2,nonwater_environment__pros_polyfunctional_oxane__nh3__altered_orientation,pros_polyfunctional_oxane,NH3,altered_orientation,0.0020252051678943,2.0252051678943803,0.0043543915170216,4.354391517021655,2.1500989559240296,0.2141241769435694,0.8014814600667368
aimnet2_2025,AIMNet2-2025,nonwater_environment__pros_polyfunctional_oxane__nh3__altered_orientation,pros_polyfunctional_oxane,NH3,altered_orientation,0.0020252051678943,2.0252051678943803,0.0031441047386226,3.144104738622658,1.5524870212984918,0.3864316871538899,1.0767056521917535
mace_mdp,MACE-MDP,nonwater_environment__pros_polyfunctional_oxane__nh3__altered_orientation,pros_polyfunctional_oxane,NH3,altered_orientation,0.0020252051678943,2.0252051678943803,,,,0.1263609574354693,0.615697062122606
gfn2_xtb,GFN2-xTB,nonwater_environment__pros_polyfunctional_oxane__nh3__altered_orientation,pros_polyfunctional_oxane,NH3,altered_orientation,0.0020252051678943,2.0252051678943803,,,,0.103086771881349,0.5561117834069398
zero,Zero response,nonwater_environment__pros_polyfunctional_oxane__nh3__altered_orientation,pros_polyfunctional_oxane,NH3,altered_orientation,0.0020252051678943,2.0252051678943803,0.0020252051678943,2.0252051678943803,1.0,0.0737535400798,0.4703834821073123
glider,GLIDER,nonwater_environment__pros_polyfunctional_oxane__nh3__equilibrium_like,pros_polyfunctional_oxane,NH3,equilibrium_like,0.0034689929796755,3.468992979675526,0.0012815041759383,1.281504175938397,0.3694167683378428,0.0046772165294494,0.1184552640803627
mace_polar_s,MACE-POLAR-1-S,nonwater_environment__pros_polyfunctional_oxane__nh3__equilibrium_like,pros_polyfunctional_oxane,NH3,equilibrium_like,0.0034689929796755,3.468992979675526,0.0022650847457414,2.265084745741461,0.6529516660922521,0.0403164919620551,0.3477779117283981
mace_polar_m,MACE-POLAR-1-M,nonwater_environment__pros_polyfunctional_oxane__nh3__equilibrium_like,pros_polyfunctional_oxane,NH3,equilibrium_like,0.0034689929796755,3.468992979675526,0.0019876727315775,1.987672731577515,0.572982633064721,0.0039891273228353,0.109395529929271
mace_polar_l,MACE-POLAR-1-L,nonwater_environment__pros_polyfunctional_oxane__nh3__equilibrium_like,pros_polyfunctional_oxane,NH3,equilibrium_like,0.0034689929796755,3.468992979675526,0.0019978739495361,1.997873949536184,0.5759233187387586,0.0184059113112949,0.2349845397763111
aimnet2,AIMNet2,nonwater_environment__pros_polyfunctional_oxane__nh3__equilibrium_like,pros_polyfunctional_oxane,NH3,equilibrium_like,0.0034689929796755,3.468992979675526,0.0032969431356137,3.2969431356137804,0.9504035190991252,0.1036145023420759,0.5575334133719949
aimnet2_2025,AIMNet2-2025,nonwater_environment__pros_polyfunctional_oxane__nh3__equilibrium_like,pros_polyfunctional_oxane,NH3,equilibrium_like,0.0034689929796755,3.468992979675526,0.0049148830343134,4.91488303431341,1.416803972538776,0.8870464945511544,1.631299936753957
mace_mdp,MACE-MDP,nonwater_environment__pros_polyfunctional_oxane__nh3__equilibrium_like,pros_polyfunctional_oxane,NH3,equilibrium_like,0.0034689929796755,3.468992979675526,,,,0.2101541295532597,0.7940166173700517
gfn2_xtb,GFN2-xTB,nonwater_environment__pros_polyfunctional_oxane__nh3__equilibrium_like,pros_polyfunctional_oxane,NH3,equilibrium_like,0.0034689929796755,3.468992979675526,,,,0.0619346703205887,0.4310498938194582
zero,Zero response,nonwater_environment__pros_polyfunctional_oxane__nh3__equilibrium_like,pros_polyfunctional_oxane,NH3,equilibrium_like,0.0034689929796755,3.468992979675526,0.0034689929796755,3.468992979675526,1.0,0.0555842712888925,0.4083537851749115
glider,GLIDER,nonwater_environment__pros_sulfonyl_piperidinol__ch3cn__altered_orientation,pros_sulfonyl_piperidinol,CH3CN,altered_orientation,0.0027342707255564,2.734270725556424,0.0013470617468523,1.347061746852363,0.49265851192487,0.0117090385520963,0.1874222923141453
mace_polar_s,MACE-POLAR-1-S,nonwater_environment__pros_sulfonyl_piperidinol__ch3cn__altered_orientation,pros_sulfonyl_piperidinol,CH3CN,altered_orientation,0.0027342707255564,2.734270725556424,0.0023117880512029,2.311788051202953,0.8454861581903175,0.0337191637675347,0.3180526549214833
mace_polar_m,MACE-POLAR-1-M,nonwater_environment__pros_sulfonyl_piperidinol__ch3cn__altered_orientation,pros_sulfonyl_piperidinol,CH3CN,altered_orientation,0.0027342707255564,2.734270725556424,0.0015262656325002,1.5262656325002055,0.5581984323039595,0.0151596771398046,0.213258133301907
mace_polar_l,MACE-POLAR-1-L,nonwater_environment__pros_sulfonyl_piperidinol__ch3cn__altered_orientation,pros_sulfonyl_piperidinol,CH3CN,altered_orientation,0.0027342707255564,2.734270725556424,0.0017783055596952,1.7783055596952737,0.650376549430155,0.0064216640286899,0.1387983864678179
aimnet2,AIMNet2,nonwater_environment__pros_sulfonyl_piperidinol__ch3cn__altered_orientation,pros_sulfonyl_piperidinol,CH3CN,altered_orientation,0.0027342707255564,2.734270725556424,0.0017714669806633,1.7714669806633432,0.6478754880070808,0.0061413382270604,0.1357350900879401
aimnet2_2025,AIMNet2-2025,nonwater_environment__pros_sulfonyl_piperidinol__ch3cn__altered_orientation,pros_sulfonyl_piperidinol,CH3CN,altered_orientation,0.0027342707255564,2.734270725556424,0.0022640054343147,2.2640054343147806,0.8280107061651899,0.0530827226019438,0.3990591031486833
mace_mdp,MACE-MDP,nonwater_environment__pros_sulfonyl_piperidinol__ch3cn__altered_orientation,pros_sulfonyl_piperidinol,CH3CN,altered_orientation,0.0027342707255564,2.734270725556424,,,,0.008092729373267,0.155814595336256
gfn2_xtb,GFN2-xTB,nonwater_environment__pros_sulfonyl_piperidinol__ch3cn__altered_orientation,pros_sulfonyl_piperidinol,CH3CN,altered_orientation,0.0027342707255564,2.734270725556424,,,,0.0492751498043899,0.384480752981433
zero,Zero response,nonwater_environment__pros_sulfonyl_piperidinol__ch3cn__altered_orientation,pros_sulfonyl_piperidinol,CH3CN,altered_orientation,0.0027342707255564,2.734270725556424,0.0027342707255564,2.734270725556424,1.0,0.1331991293182352,0.632137159131391
glider,GLIDER,nonwater_environment__pros_sulfonyl_piperidinol__ch3cn__equilibrium_like,pros_sulfonyl_piperidinol,CH3CN,equilibrium_like,0.00358054386713,3.5805438671300336,0.001365400920595,1.3654009205950404,0.3813389728665636,0.0102878633012858,0.175680362886287
mace_polar_s,MACE-POLAR-1-S,nonwater_environment__pros_sulfonyl_piperidinol__ch3cn__equilibrium_like,pros_sulfonyl_piperidinol,CH3CN,equilibrium_like,0.00358054386713,3.5805438671300336,0.0024084437393835,2.408443739383544,0.6726474604859455,0.0582845340686034,0.4181549978247426
mace_polar_m,MACE-POLAR-1-M,nonwater_environment__pros_sulfonyl_piperidinol__ch3cn__equilibrium_like,pros_sulfonyl_piperidinol,CH3CN,equilibrium_like,0.00358054386713,3.5805438671300336,0.001455444242982,1.4554442429820993,0.4064869184660215,0.0101764519095876,0.1747265169593984
mace_polar_l,MACE-POLAR-1-L,nonwater_environment__pros_sulfonyl_piperidinol__ch3cn__equilibrium_like,pros_sulfonyl_piperidinol,CH3CN,equilibrium_like,0.00358054386713,3.5805438671300336,0.0016302914452475,1.6302914452475503,0.455319500541213,0.0014477387371252,0.0659030819565809
aimnet2,AIMNet2,nonwater_environment__pros_sulfonyl_piperidinol__ch3cn__equilibrium_like,pros_sulfonyl_piperidinol,CH3CN,equilibrium_like,0.00358054386713,3.5805438671300336,0.0016360613165092,1.6360613165092233,0.4569309516156269,0.0462378086056437,0.3724425134392303
aimnet2_2025,AIMNet2-2025,nonwater_environment__pros_sulfonyl_piperidinol__ch3cn__equilibrium_like,pros_sulfonyl_piperidinol,CH3CN,equilibrium_like,0.00358054386713,3.5805438671300336,0.003071790772624,3.0717907726240763,0.857911782850535,0.1533307738003887,0.6782273375507405
mace_mdp,MACE-MDP,nonwater_environment__pros_sulfonyl_piperidinol__ch3cn__equilibrium_like,pros_sulfonyl_piperidinol,CH3CN,equilibrium_like,0.00358054386713,3.5805438671300336,,,,0.0188692726618673,0.2379239752223431
gfn2_xtb,GFN2-xTB,nonwater_environment__pros_sulfonyl_piperidinol__ch3cn__equilibrium_like,pros_sulfonyl_piperidinol,CH3CN,equilibrium_like,0.00358054386713,3.5805438671300336,,,,0.0662773781653179,0.4459059704645742
zero,Zero response,nonwater_environment__pros_sulfonyl_piperidinol__ch3cn__equilibrium_like,pros_sulfonyl_piperidinol,CH3CN,equilibrium_like,0.00358054386713,3.5805438671300336,0.00358054386713,3.5805438671300336,1.0,0.2817609774027973,0.9193926974956848
glider,GLIDER,nonwater_environment__pros_sulfonyl_piperidinol__ch3oh__altered_orientation,pros_sulfonyl_piperidinol,CH3OH,altered_orientation,0.0029616583490031,2.961658349003126,0.0012276881276793,1.2276881276793317,0.414527262434765,0.0105372140952874,0.1777966318181038
mace_polar_s,MACE-POLAR-1-S,nonwater_environment__pros_sulfonyl_piperidinol__ch3oh__altered_orientation,pros_sulfonyl_piperidinol,CH3OH,altered_orientation,0.0029616583490031,2.961658349003126,0.0034545519722698,3.454551972269816,1.1664248759255418,0.0222774815517631,0.2585197181169929
mace_polar_m,MACE-POLAR-1-M,nonwater_environment__pros_sulfonyl_piperidinol__ch3oh__altered_orientation,pros_sulfonyl_piperidinol,CH3OH,altered_orientation,0.0029616583490031,2.961658349003126,0.0016876876543992,1.6876876543992971,0.5698454904386123,0.0041463797132433,0.1115308887247388
mace_polar_l,MACE-POLAR-1-L,nonwater_environment__pros_sulfonyl_piperidinol__ch3oh__altered_orientation,pros_sulfonyl_piperidinol,CH3OH,altered_orientation,0.0029616583490031,2.961658349003126,0.001874243999803,1.8742439998030684,0.6328359921845564,0.0135344681001044,0.2015028642484102
aimnet2,AIMNet2,nonwater_environment__pros_sulfonyl_piperidinol__ch3oh__altered_orientation,pros_sulfonyl_piperidinol,CH3OH,altered_orientation,0.0029616583490031,2.961658349003126,0.0030322794856417,3.0322794856417854,1.023845132799477,0.0462085148084967,0.3723245149402469
aimnet2_2025,AIMNet2-2025,nonwater_environment__pros_sulfonyl_piperidinol__ch3oh__altered_orientation,pros_sulfonyl_piperidinol,CH3OH,altered_orientation,0.0029616583490031,2.961658349003126,0.0025110749450458,2.5110749450459,0.8478611133154877,0.0896958300357318,0.5187364360705689
mace_mdp,MACE-MDP,nonwater_environment__pros_sulfonyl_piperidinol__ch3oh__altered_orientation,pros_sulfonyl_piperidinol,CH3OH,altered_orientation,0.0029616583490031,2.961658349003126,,,,0.000233281172011,0.0264545556763487
gfn2_xtb,GFN2-xTB,nonwater_environment__pros_sulfonyl_piperidinol__ch3oh__altered_orientation,pros_sulfonyl_piperidinol,CH3OH,altered_orientation,0.0029616583490031,2.961658349003126,,,,0.0306049521669953,0.3030096640389315
zero,Zero response,nonwater_environment__pros_sulfonyl_piperidinol__ch3oh__altered_orientation,pros_sulfonyl_piperidinol,CH3OH,altered_orientation,0.0029616583490031,2.961658349003126,0.0029616583490031,2.961658349003126,1.0,0.0154613897867242,0.2153698432004182
glider,GLIDER,nonwater_environment__pros_sulfonyl_piperidinol__ch3oh__equilibrium_like,pros_sulfonyl_piperidinol,CH3OH,equilibrium_like,0.0058815179382662,5.881517938266288,0.0030441714701781,3.0441714701781377,0.5175826210394041,0.1178493160049569,0.5945989808390784
mace_polar_s,MACE-POLAR-1-S,nonwater_environment__pros_sulfonyl_piperidinol__ch3oh__equilibrium_like,pros_sulfonyl_piperidinol,CH3OH,equilibrium_like,0.0058815179382662,5.881517938266288,0.005955556705295,5.955556705295086,1.0125883773212845,0.1555558188421251,0.6831306291818391
mace_polar_m,MACE-POLAR-1-M,nonwater_environment__pros_sulfonyl_piperidinol__ch3oh__equilibrium_like,pros_sulfonyl_piperidinol,CH3OH,equilibrium_like,0.0058815179382662,5.881517938266288,0.0039516574579502,3.951657457950299,0.6718771411441347,0.0836942106259248,0.5010814623170314
mace_polar_l,MACE-POLAR-1-L,nonwater_environment__pros_sulfonyl_piperidinol__ch3oh__equilibrium_like,pros_sulfonyl_piperidinol,CH3OH,equilibrium_like,0.0058815179382662,5.881517938266288,0.0048350976734361,4.835097673436117,0.8220832996152303,0.1227440849647295,0.6068214357570013
aimnet2,AIMNet2,nonwater_environment__pros_sulfonyl_piperidinol__ch3oh__equilibrium_like,pros_sulfonyl_piperidinol,CH3OH,equilibrium_like,0.0058815179382662,5.881517938266288,0.0070994414367059,7.099441436705961,1.2070763893306569,0.5519105605343192,1.2867523777335552
aimnet2_2025,AIMNet2-2025,nonwater_environment__pros_sulfonyl_piperidinol__ch3oh__equilibrium_like,pros_sulfonyl_piperidinol,CH3OH,equilibrium_like,0.0058815179382662,5.881517938266288,0.0064636586118815,6.463658611881552,1.098977964485621,1.3446276135749091,2.008452847523369
mace_mdp,MACE-MDP,nonwater_environment__pros_sulfonyl_piperidinol__ch3oh__equilibrium_like,pros_sulfonyl_piperidinol,CH3OH,equilibrium_like,0.0058815179382662,5.881517938266288,,,,2.938895718962449,2.9692906824504988
gfn2_xtb,GFN2-xTB,nonwater_environment__pros_sulfonyl_piperidinol__ch3oh__equilibrium_like,pros_sulfonyl_piperidinol,CH3OH,equilibrium_like,0.0058815179382662,5.881517938266288,,,,0.3211184122775617,0.9815066157865088
zero,Zero response,nonwater_environment__pros_sulfonyl_piperidinol__ch3oh__equilibrium_like,pros_sulfonyl_piperidinol,CH3OH,equilibrium_like,0.0058815179382662,5.881517938266288,0.0058815179382662,5.881517938266288,1.0,0.2932562320578548,0.9379598585086488
glider,GLIDER,nonwater_environment__pros_sulfonyl_piperidinol__nh3__altered_orientation,pros_sulfonyl_piperidinol,NH3,altered_orientation,0.002202932781777,2.20293278177704,0.0016296854098962,1.6296854098962992,0.7397799076654897,0.0097583756778245,0.1710997575494301
mace_polar_s,MACE-POLAR-1-S,nonwater_environment__pros_sulfonyl_piperidinol__nh3__altered_orientation,pros_sulfonyl_piperidinol,NH3,altered_orientation,0.002202932781777,2.20293278177704,0.0021564934930001,2.1564934930001134,0.9789193346428549,0.0224527198086188,0.2595345052702174
mace_polar_m,MACE-POLAR-1-M,nonwater_environment__pros_sulfonyl_piperidinol__nh3__altered_orientation,pros_sulfonyl_piperidinol,NH3,altered_orientation,0.002202932781777,2.20293278177704,0.0023144746197337,2.314474619733705,1.0506333370129828,0.0195648595466823,0.2422696403597593
mace_polar_l,MACE-POLAR-1-L,nonwater_environment__pros_sulfonyl_piperidinol__nh3__altered_orientation,pros_sulfonyl_piperidinol,NH3,altered_orientation,0.002202932781777,2.20293278177704,0.0016777776247275,1.6777776247275764,0.7616109027957554,0.0086320743152983,0.1609230342303268
aimnet2,AIMNet2,nonwater_environment__pros_sulfonyl_piperidinol__nh3__altered_orientation,pros_sulfonyl_piperidinol,NH3,altered_orientation,0.002202932781777,2.20293278177704,0.003620027183829,3.6200271838290488,1.643276278683765,0.086175870039887,0.5084561044177375
aimnet2_2025,AIMNet2-2025,nonwater_environment__pros_sulfonyl_piperidinol__nh3__altered_orientation,pros_sulfonyl_piperidinol,NH3,altered_orientation,0.002202932781777,2.20293278177704,0.0023093428168154,2.3093428168154944,1.0483038047818312,0.0383335039890536,0.3391172540098201
mace_mdp,MACE-MDP,nonwater_environment__pros_sulfonyl_piperidinol__nh3__altered_orientation,pros_sulfonyl_piperidinol,NH3,altered_orientation,0.002202932781777,2.20293278177704,,,,0.0007635679835205,0.0478612990897834
gfn2_xtb,GFN2-xTB,nonwater_environment__pros_sulfonyl_piperidinol__nh3__altered_orientation,pros_sulfonyl_piperidinol,NH3,altered_orientation,0.002202932781777,2.20293278177704,,,,0.0266795280988791,0.2829109122968525
zero,Zero response,nonwater_environment__pros_sulfonyl_piperidinol__nh3__altered_orientation,pros_sulfonyl_piperidinol,NH3,altered_orientation,0.002202932781777,2.20293278177704,0.002202932781777,2.20293278177704,1.0,0.0645534287411342,0.4400685017396753
glider,GLIDER,nonwater_environment__pros_sulfonyl_piperidinol__nh3__equilibrium_like,pros_sulfonyl_piperidinol,NH3,equilibrium_like,0.0026860091289761,2.6860091289761154,0.0012415319931191,1.2415319931191098,0.4622218069647335,0.0275546063858747,0.2875131634510398
mace_polar_s,MACE-POLAR-1-S,nonwater_environment__pros_sulfonyl_piperidinol__nh3__equilibrium_like,pros_sulfonyl_piperidinol,NH3,equilibrium_like,0.0026860091289761,2.6860091289761154,0.0025325264201944,2.5325264201944884,0.9428584560171864,0.0585776471629647,0.4192051305612734
mace_polar_m,MACE-POLAR-1-M,nonwater_environment__pros_sulfonyl_piperidinol__nh3__equilibrium_like,pros_sulfonyl_piperidinol,NH3,equilibrium_like,0.0026860091289761,2.6860091289761154,0.001528690747808,1.5286907478080924,0.5691308831816282,0.0427261163480409,0.3580200400035212
mace_polar_l,MACE-POLAR-1-L,nonwater_environment__pros_sulfonyl_piperidinol__nh3__equilibrium_like,pros_sulfonyl_piperidinol,NH3,equilibrium_like,0.0026860091289761,2.6860091289761154,0.0011047316507989,1.1047316507989788,0.4112911005704934,0.0167849406256724,0.2243988009705431
aimnet2,AIMNet2,nonwater_environment__pros_sulfonyl_piperidinol__nh3__equilibrium_like,pros_sulfonyl_piperidinol,NH3,equilibrium_like,0.0026860091289761,2.6860091289761154,0.0026015794792569,2.601579479256972,0.9685668790890046,0.0281145464875607,0.2904197642425224
aimnet2_2025,AIMNet2-2025,nonwater_environment__pros_sulfonyl_piperidinol__nh3__equilibrium_like,pros_sulfonyl_piperidinol,NH3,equilibrium_like,0.0026860091289761,2.6860091289761154,0.0025037614481019,2.503761448101915,0.9321492697444138,0.0464682529659126,0.3733694670132226
mace_mdp,MACE-MDP,nonwater_environment__pros_sulfonyl_piperidinol__nh3__equilibrium_like,pros_sulfonyl_piperidinol,NH3,equilibrium_like,0.0026860091289761,2.6860091289761154,,,,0.0044039791596082,0.1149431923987884
gfn2_xtb,GFN2-xTB,nonwater_environment__pros_sulfonyl_piperidinol__nh3__equilibrium_like,pros_sulfonyl_piperidinol,NH3,equilibrium_like,0.0026860091289761,2.6860091289761154,,,,0.0213413693281498,0.2530298559151658
zero,Zero response,nonwater_environment__pros_sulfonyl_piperidinol__nh3__equilibrium_like,pros_sulfonyl_piperidinol,NH3,equilibrium_like,0.0026860091289761,2.6860091289761154,0.0026860091289761,2.6860091289761154,1.0,0.0507022319286068,0.3900085842463222
glider,GLIDER,nonwater_environment__prospective_diverse_01__ch3cn__altered_orientation,prospective_diverse_01,CH3CN,altered_orientation,0.0054309563035919,5.4309563035919926,0.0014831528417749,1.4831528417749085,0.2730923908914462,0.0071891865026363,0.1468589783020064
mace_polar_s,MACE-POLAR-1-S,nonwater_environment__prospective_diverse_01__ch3cn__altered_orientation,prospective_diverse_01,CH3CN,altered_orientation,0.0054309563035919,5.4309563035919926,0.0039761149295684,3.976114929568456,0.7321205893221208,0.0097806180228213,0.1712946410967487
mace_polar_m,MACE-POLAR-1-M,nonwater_environment__prospective_diverse_01__ch3cn__altered_orientation,prospective_diverse_01,CH3CN,altered_orientation,0.0054309563035919,5.4309563035919926,0.0020005622570464,2.000562257046428,0.3683627974917183,0.0047023086508386,0.1187725808110432
mace_polar_l,MACE-POLAR-1-L,nonwater_environment__prospective_diverse_01__ch3cn__altered_orientation,prospective_diverse_01,CH3CN,altered_orientation,0.0054309563035919,5.4309563035919926,0.0020962488496068,2.096248849606819,0.3859815348211098,0.0173552665817919,0.2281793148937387
aimnet2,AIMNet2,nonwater_environment__prospective_diverse_01__ch3cn__altered_orientation,prospective_diverse_01,CH3CN,altered_orientation,0.0054309563035919,5.4309563035919926,0.0014864521644754,1.4864521644754778,0.2736998939749064,0.006999435754356,0.1449079268469056
aimnet2_2025,AIMNet2-2025,nonwater_environment__prospective_diverse_01__ch3cn__altered_orientation,prospective_diverse_01,CH3CN,altered_orientation,0.0054309563035919,5.4309563035919926,0.0035899585954909,3.5899585954909936,0.6610177646092683,0.1287424459748183,0.6214719124179748
mace_mdp,MACE-MDP,nonwater_environment__prospective_diverse_01__ch3cn__altered_orientation,prospective_diverse_01,CH3CN,altered_orientation,0.0054309563035919,5.4309563035919926,,,,0.0828876250015652,0.4986610823040993
gfn2_xtb,GFN2-xTB,nonwater_environment__prospective_diverse_01__ch3cn__altered_orientation,prospective_diverse_01,CH3CN,altered_orientation,0.0054309563035919,5.4309563035919926,,,,0.0041689953987105,0.1118346377296922
zero,Zero response,nonwater_environment__prospective_diverse_01__ch3cn__altered_orientation,prospective_diverse_01,CH3CN,altered_orientation,0.0054309563035919,5.4309563035919926,0.0054309563035919,5.4309563035919926,1.0,0.0886463363595114,0.5156927467771233
glider,GLIDER,nonwater_environment__prospective_diverse_01__ch3cn__equilibrium_like,prospective_diverse_01,CH3CN,equilibrium_like,0.0055584951404336,5.558495140433645,0.0013831659072351,1.3831659072351772,0.2488381967223002,0.0100542204233441,0.1736740086196908
mace_polar_s,MACE-POLAR-1-S,nonwater_environment__prospective_diverse_01__ch3cn__equilibrium_like,prospective_diverse_01,CH3CN,equilibrium_like,0.0055584951404336,5.558495140433645,0.0039929459960921,3.992945996092166,0.7183501820567674,0.0245171889063158,0.2712039209136686
mace_polar_m,MACE-POLAR-1-M,nonwater_environment__prospective_diverse_01__ch3cn__equilibrium_like,prospective_diverse_01,CH3CN,equilibrium_like,0.0055584951404336,5.558495140433645,0.0020095258914092,2.0095258914092367,0.3615233693003578,0.0018807564270476,0.0751150403124627
mace_polar_l,MACE-POLAR-1-L,nonwater_environment__prospective_diverse_01__ch3cn__equilibrium_like,prospective_diverse_01,CH3CN,equilibrium_like,0.0055584951404336,5.558495140433645,0.0021199698156945,2.1199698156945224,0.3813927622736274,0.0270921247971761,0.2850901162641884
aimnet2,AIMNet2,nonwater_environment__prospective_diverse_01__ch3cn__equilibrium_like,prospective_diverse_01,CH3CN,equilibrium_like,0.0055584951404336,5.558495140433645,0.0014604785149571,1.4604785149571562,0.262747106556473,0.0063206826755259,0.1377027524292012
aimnet2_2025,AIMNet2-2025,nonwater_environment__prospective_diverse_01__ch3cn__equilibrium_like,prospective_diverse_01,CH3CN,equilibrium_like,0.0055584951404336,5.558495140433645,0.0037863929768567,3.786392976856797,0.6811903008268893,0.1627290815959923,0.6987039750766965
mace_mdp,MACE-MDP,nonwater_environment__prospective_diverse_01__ch3cn__equilibrium_like,prospective_diverse_01,CH3CN,equilibrium_like,0.0055584951404336,5.558495140433645,,,,0.0881014099304084,0.5141052711179155
gfn2_xtb,GFN2-xTB,nonwater_environment__prospective_diverse_01__ch3cn__equilibrium_like,prospective_diverse_01,CH3CN,equilibrium_like,0.0055584951404336,5.558495140433645,,,,0.0052051486131542,0.1249617775140174
zero,Zero response,nonwater_environment__prospective_diverse_01__ch3cn__equilibrium_like,prospective_diverse_01,CH3CN,equilibrium_like,0.0055584951404336,5.558495140433645,0.0055584951404336,5.558495140433645,1.0,0.1016471028973422,0.5522149116893048
glider,GLIDER,nonwater_environment__prospective_diverse_01__ch3oh__altered_orientation,prospective_diverse_01,CH3OH,altered_orientation,0.0044604403991769,4.4604403991769335,0.0009018008372224,0.9018008372224232,0.2021775332742544,0.0004670085569958,0.0374302774634053
mace_polar_s,MACE-POLAR-1-S,nonwater_environment__prospective_diverse_01__ch3oh__altered_orientation,prospective_diverse_01,CH3OH,altered_orientation,0.0044604403991769,4.4604403991769335,0.0031704923512932,3.170492351293298,0.7108025368702013,0.0390374043494896,0.3422166171425183
mace_polar_m,MACE-POLAR-1-M,nonwater_environment__prospective_diverse_01__ch3oh__altered_orientation,prospective_diverse_01,CH3OH,altered_orientation,0.0044604403991769,4.4604403991769335,0.0012752710599381,1.2752710599381485,0.2859069835735208,0.0014762891419634,0.0665497364825004
mace_polar_l,MACE-POLAR-1-L,nonwater_environment__prospective_diverse_01__ch3oh__altered_orientation,prospective_diverse_01,CH3OH,altered_orientation,0.0044604403991769,4.4604403991769335,0.0013515394325147,1.3515394325147838,0.3030058271295762,0.0038428324996419,0.1073708410087483
aimnet2,AIMNet2,nonwater_environment__prospective_diverse_01__ch3oh__altered_orientation,prospective_diverse_01,CH3OH,altered_orientation,0.0044604403991769,4.4604403991769335,0.0019041875976675,1.9041875976675715,0.4269057373839012,0.0080879561952709,0.1557686380046151
aimnet2_2025,AIMNet2-2025,nonwater_environment__prospective_diverse_01__ch3oh__altered_orientation,prospective_diverse_01,CH3OH,altered_orientation,0.0044604403991769,4.4604403991769335,0.0031210846771591,3.1210846771591494,0.6997256768042615,0.0725846205121138,0.4666410414187135
mace_mdp,MACE-MDP,nonwater_environment__prospective_diverse_01__ch3oh__altered_orientation,prospective_diverse_01,CH3OH,altered_orientation,0.0044604403991769,4.4604403991769335,,,,0.0042367402122204,0.1127396143183991
gfn2_xtb,GFN2-xTB,nonwater_environment__prospective_diverse_01__ch3oh__altered_orientation,prospective_diverse_01,CH3OH,altered_orientation,0.0044604403991769,4.4604403991769335,,,,0.0316857467318099,0.3083135420240732
zero,Zero response,nonwater_environment__prospective_diverse_01__ch3oh__altered_orientation,prospective_diverse_01,CH3OH,altered_orientation,0.0044604403991769,4.4604403991769335,0.0044604403991769,4.4604403991769335,1.0,0.0961382349629828,0.5370425540764423
glider,GLIDER,nonwater_environment__prospective_diverse_01__ch3oh__equilibrium_like,prospective_diverse_01,CH3OH,equilibrium_like,0.0053255225452867,5.3255225452867405,0.0015045377372129,1.5045377372129074,0.2825145747518188,0.0035952306310415,0.1038541857275129
mace_polar_s,MACE-POLAR-1-S,nonwater_environment__prospective_diverse_01__ch3oh__equilibrium_like,prospective_diverse_01,CH3OH,equilibrium_like,0.0053255225452867,5.3255225452867405,0.0044302520559802,4.430252055980295,0.8318905831881626,0.0636929655708724,0.4371257218611339
mace_polar_m,MACE-POLAR-1-M,nonwater_environment__prospective_diverse_01__ch3oh__equilibrium_like,prospective_diverse_01,CH3OH,equilibrium_like,0.0053255225452867,5.3255225452867405,0.0019373865416358,1.9373865416358484,0.3637927593322271,0.0033441453100411,0.1001620483522744
mace_polar_l,MACE-POLAR-1-L,nonwater_environment__prospective_diverse_01__ch3oh__equilibrium_like,prospective_diverse_01,CH3OH,equilibrium_like,0.0053255225452867,5.3255225452867405,0.0023364259706075,2.336425970607577,0.4387223884115164,0.0116578542165748,0.1870121992002784
aimnet2,AIMNet2,nonwater_environment__prospective_diverse_01__ch3oh__equilibrium_like,prospective_diverse_01,CH3OH,equilibrium_like,0.0053255225452867,5.3255225452867405,0.0028776624026456,2.8776624026456106,0.540353059849955,0.0123938545258123,0.1928252150976035
aimnet2_2025,AIMNet2-2025,nonwater_environment__prospective_diverse_01__ch3oh__equilibrium_like,prospective_diverse_01,CH3OH,equilibrium_like,0.0053255225452867,5.3255225452867405,0.0035440891576578,3.544089157657816,0.665491344280281,0.0756227470992891,0.4763068772313364
mace_mdp,MACE-MDP,nonwater_environment__prospective_diverse_01__ch3oh__equilibrium_like,prospective_diverse_01,CH3OH,equilibrium_like,0.0053255225452867,5.3255225452867405,,,,9.112020193054329e-05,0.0165336204683556
gfn2_xtb,GFN2-xTB,nonwater_environment__prospective_diverse_01__ch3oh__equilibrium_like,prospective_diverse_01,CH3OH,equilibrium_like,0.0053255225452867,5.3255225452867405,,,,0.0514082444720309,0.3927145699055396
zero,Zero response,nonwater_environment__prospective_diverse_01__ch3oh__equilibrium_like,prospective_diverse_01,CH3OH,equilibrium_like,0.0053255225452867,5.3255225452867405,0.0053255225452867,5.3255225452867405,1.0,0.1977843445083321,0.7702941214399839
glider,GLIDER,nonwater_environment__prospective_diverse_01__nh3__altered_orientation,prospective_diverse_01,NH3,altered_orientation,0.006355571046879,6.355571046879014,0.0013934945538913,1.393494553891303,0.2192556016780894,0.0001122805948815,0.0183532499749968
mace_polar_s,MACE-POLAR-1-S,nonwater_environment__prospective_diverse_01__nh3__altered_orientation,prospective_diverse_01,NH3,altered_orientation,0.006355571046879,6.355571046879014,0.0059843426035235,5.984342603523591,0.9415900726123234,0.0836158410794488,0.5008468061576778
mace_polar_m,MACE-POLAR-1-M,nonwater_environment__prospective_diverse_01__nh3__altered_orientation,prospective_diverse_01,NH3,altered_orientation,0.006355571046879,6.355571046879014,0.0017907356080349,1.7907356080349932,0.2817584123954302,0.0112219072901335,0.1834822113187015
mace_polar_l,MACE-POLAR-1-L,nonwater_environment__prospective_diverse_01__nh3__altered_orientation,prospective_diverse_01,NH3,altered_orientation,0.006355571046879,6.355571046879014,0.0020156344169785,2.0156344169785947,0.3171445023761316,0.0005524588576056,0.0407108901010165
aimnet2,AIMNet2,nonwater_environment__prospective_diverse_01__nh3__altered_orientation,prospective_diverse_01,NH3,altered_orientation,0.006355571046879,6.355571046879014,0.0044365343027556,4.436534302755694,0.6980543951175422,0.0679830414714103,0.4516072678934994
aimnet2_2025,AIMNet2-2025,nonwater_environment__prospective_diverse_01__nh3__altered_orientation,prospective_diverse_01,NH3,altered_orientation,0.006355571046879,6.355571046879014,0.0066397815077166,6.6397815077166,1.0447183201542765,0.423255501709982,1.12683916559993
mace_mdp,MACE-MDP,nonwater_environment__prospective_diverse_01__nh3__altered_orientation,prospective_diverse_01,NH3,altered_orientation,0.006355571046879,6.355571046879014,,,,0.0711055577378647,0.4618621798909217
gfn2_xtb,GFN2-xTB,nonwater_environment__prospective_diverse_01__nh3__altered_orientation,prospective_diverse_01,NH3,altered_orientation,0.006355571046879,6.355571046879014,,,,0.1649046431019291,0.7033590330021983
zero,Zero response,nonwater_environment__prospective_diverse_01__nh3__altered_orientation,prospective_diverse_01,NH3,altered_orientation,0.006355571046879,6.355571046879014,0.006355571046879,6.355571046879014,1.0,0.0911248832276833,0.5228524167325327
glider,GLIDER,nonwater_environment__prospective_diverse_01__nh3__equilibrium_like,prospective_diverse_01,NH3,equilibrium_like,0.0050597639919179,5.059763991917992,0.0014499123203367,1.4499123203367537,0.2865573024063399,0.0044685941407228,0.1157833425936931
mace_polar_s,MACE-POLAR-1-S,nonwater_environment__prospective_diverse_01__nh3__equilibrium_like,prospective_diverse_01,NH3,equilibrium_like,0.0050597639919179,5.059763991917992,0.0044774689093842,4.47746890938428,0.8849165527356971,0.0739957138705167,0.4711551141731883
mace_polar_m,MACE-POLAR-1-M,nonwater_environment__prospective_diverse_01__nh3__equilibrium_like,prospective_diverse_01,NH3,equilibrium_like,0.0050597639919179,5.059763991917992,0.0018652897830786,1.8652897830786832,0.3686515390951293,0.0087649283787369,0.1621566684913418
mace_polar_l,MACE-POLAR-1-L,nonwater_environment__prospective_diverse_01__nh3__equilibrium_like,prospective_diverse_01,NH3,equilibrium_like,0.0050597639919179,5.059763991917992,0.002491211807055,2.4912118070550986,0.4923573137075828,0.0139624373438494,0.2046639001669528
aimnet2,AIMNet2,nonwater_environment__prospective_diverse_01__nh3__equilibrium_like,prospective_diverse_01,NH3,equilibrium_like,0.0050597639919179,5.059763991917992,0.0039363246949807,3.936324694980744,0.7779660674427249,0.0304086044894564,0.3020361128546874
aimnet2_2025,AIMNet2-2025,nonwater_environment__prospective_diverse_01__nh3__equilibrium_like,prospective_diverse_01,NH3,equilibrium_like,0.0050597639919179,5.059763991917992,0.0033927732148486,3.3927732148486043,0.670539815743958,0.1116695642007151,0.5787993543553288
mace_mdp,MACE-MDP,nonwater_environment__prospective_diverse_01__nh3__equilibrium_like,prospective_diverse_01,NH3,equilibrium_like,0.0050597639919179,5.059763991917992,,,,0.0012614940577496,0.0615181450732125
gfn2_xtb,GFN2-xTB,nonwater_environment__prospective_diverse_01__nh3__equilibrium_like,prospective_diverse_01,NH3,equilibrium_like,0.0050597639919179,5.059763991917992,,,,0.1510346255143115,0.6731299105989381
zero,Zero response,nonwater_environment__prospective_diverse_01__nh3__equilibrium_like,prospective_diverse_01,NH3,equilibrium_like,0.0050597639919179,5.059763991917992,0.0050597639919179,5.059763991917992,1.0,0.2697285931989813,0.8995475415990775
glider,GLIDER,nonwater_environment__prospective_diverse_02__ch3cn__altered_orientation,prospective_diverse_02,CH3CN,altered_orientation,0.0070588278493649,7.058827849364924,0.0017341351157769,1.734135115776941,0.2456689910539409,0.0221486413599986,0.2577710691291711
mace_polar_s,MACE-POLAR-1-S,nonwater_environment__prospective_diverse_02__ch3cn__altered_orientation,prospective_diverse_02,CH3CN,altered_orientation,0.0070588278493649,7.058827849364924,0.006484040681268,6.484040681268036,0.9185718676864176,0.3266692341168813,0.9899533839280736
mace_polar_m,MACE-POLAR-1-M,nonwater_environment__prospective_diverse_02__ch3cn__altered_orientation,prospective_diverse_02,CH3CN,altered_orientation,0.0070588278493649,7.058827849364924,0.0023447918650192,2.344791865019261,0.3321786442532692,0.0619309711594655,0.4310370210067767
mace_polar_l,MACE-POLAR-1-L,nonwater_environment__prospective_diverse_02__ch3cn__altered_orientation,prospective_diverse_02,CH3CN,altered_orientation,0.0070588278493649,7.058827849364924,0.0025963895701446,2.596389570144671,0.3678216306660978,0.0311824762269364,0.3058552413819472
aimnet2,AIMNet2,nonwater_environment__prospective_diverse_02__ch3cn__altered_orientation,prospective_diverse_02,CH3CN,altered_orientation,0.0070588278493649,7.058827849364924,0.0043949514066473,4.394951406647319,0.6226177349037814,0.0110183295531609,0.1818103095522444
aimnet2_2025,AIMNet2-2025,nonwater_environment__prospective_diverse_02__ch3cn__altered_orientation,prospective_diverse_02,CH3CN,altered_orientation,0.0070588278493649,7.058827849364924,0.0051056327315054,5.105632731505468,0.7232975276433207,0.0086025842052519,0.1606479150681887
mace_mdp,MACE-MDP,nonwater_environment__prospective_diverse_02__ch3cn__altered_orientation,prospective_diverse_02,CH3CN,altered_orientation,0.0070588278493649,7.058827849364924,,,,0.1705286692036772,0.7152524083224269
gfn2_xtb,GFN2-xTB,nonwater_environment__prospective_diverse_02__ch3cn__altered_orientation,prospective_diverse_02,CH3CN,altered_orientation,0.0070588278493649,7.058827849364924,,,,0.1664228572194139,0.7065893939610486
zero,Zero response,nonwater_environment__prospective_diverse_02__ch3cn__altered_orientation,prospective_diverse_02,CH3CN,altered_orientation,0.0070588278493649,7.058827849364924,0.0070588278493649,7.058827849364924,1.0,0.2980349397507768,0.9455711603323836
glider,GLIDER,nonwater_environment__prospective_diverse_02__ch3cn__equilibrium_like,prospective_diverse_02,CH3CN,equilibrium_like,0.005558845070821,5.558845070821003,0.0014065860974772,1.4065860974772704,0.2530356718989341,0.0089507802694402,0.1638668386474847
mace_polar_s,MACE-POLAR-1-S,nonwater_environment__prospective_diverse_02__ch3cn__equilibrium_like,prospective_diverse_02,CH3CN,equilibrium_like,0.005558845070821,5.558845070821003,0.0048441756311985,4.844175631198512,0.8714356254730194,0.2827857581060363,0.9210631217881372
mace_polar_m,MACE-POLAR-1-M,nonwater_environment__prospective_diverse_02__ch3cn__equilibrium_like,prospective_diverse_02,CH3CN,equilibrium_like,0.005558845070821,5.558845070821003,0.002181295922485,2.181295922485091,0.3924009204600711,0.0074717602194518,0.1497173358644732
mace_polar_l,MACE-POLAR-1-L,nonwater_environment__prospective_diverse_02__ch3cn__equilibrium_like,prospective_diverse_02,CH3CN,equilibrium_like,0.005558845070821,5.558845070821003,0.0020758145548867,2.075814554886706,0.3734255098748637,0.0040021223963352,0.1095735697556937
aimnet2,AIMNet2,nonwater_environment__prospective_diverse_02__ch3cn__equilibrium_like,prospective_diverse_02,CH3CN,equilibrium_like,0.005558845070821,5.558845070821003,0.0037081028202747,3.708102820274777,0.6670635308292764,0.1375484860771466,0.6423748580318505
aimnet2_2025,AIMNet2-2025,nonwater_environment__prospective_diverse_02__ch3cn__equilibrium_like,prospective_diverse_02,CH3CN,equilibrium_like,0.005558845070821,5.558845070821003,0.0034175252578511,3.417525257851118,0.6147905211084383,0.1832512179397506,0.7414537435465895
mace_mdp,MACE-MDP,nonwater_environment__prospective_diverse_02__ch3cn__equilibrium_like,prospective_diverse_02,CH3CN,equilibrium_like,0.005558845070821,5.558845070821003,,,,0.0107069561325717,0.1792229572284622
gfn2_xtb,GFN2-xTB,nonwater_environment__prospective_diverse_02__ch3cn__equilibrium_like,prospective_diverse_02,CH3CN,equilibrium_like,0.005558845070821,5.558845070821003,,,,0.042790201899056,0.3582884392457677
zero,Zero response,nonwater_environment__prospective_diverse_02__ch3cn__equilibrium_like,prospective_diverse_02,CH3CN,equilibrium_like,0.005558845070821,5.558845070821003,0.005558845070821,5.558845070821003,1.0,0.2986718305907919,0.946580948346403
glider,GLIDER,nonwater_environment__prospective_diverse_02__ch3oh__altered_orientation,prospective_diverse_02,CH3OH,altered_orientation,0.0043165884206134,4.316588420613423,0.0008964305637307,0.8964305637307252,0.2076710764106935,0.0016622557654637,0.0706170467832746
mace_polar_s,MACE-POLAR-1-S,nonwater_environment__prospective_diverse_02__ch3oh__altered_orientation,prospective_diverse_02,CH3OH,altered_orientation,0.0043165884206134,4.316588420613423,0.0034118214401439,3.4118214401439566,0.7903976723495703,0.0312568581908916,0.3062198141412061
mace_polar_m,MACE-POLAR-1-M,nonwater_environment__prospective_diverse_02__ch3oh__altered_orientation,prospective_diverse_02,CH3OH,altered_orientation,0.0043165884206134,4.316588420613423,0.0010773741877181,1.0773741877181104,0.2495892780912864,0.0001392445043933,0.0204385301130007
mace_polar_l,MACE-POLAR-1-L,nonwater_environment__prospective_diverse_02__ch3oh__altered_orientation,prospective_diverse_02,CH3OH,altered_orientation,0.0043165884206134,4.316588420613423,0.0012637619403927,1.2637619403927762,0.292768690746102,0.0016498009301119,0.0703519920850565
aimnet2,AIMNet2,nonwater_environment__prospective_diverse_02__ch3oh__altered_orientation,prospective_diverse_02,CH3OH,altered_orientation,0.0043165884206134,4.316588420613423,0.003170947110034,3.1709471100340325,0.7345956577401501,0.0436796744137063,0.3619931259583793
aimnet2_2025,AIMNet2-2025,nonwater_environment__prospective_diverse_02__ch3oh__altered_orientation,prospective_diverse_02,CH3OH,altered_orientation,0.0043165884206134,4.316588420613423,0.0034059901942244,3.405990194224412,0.7890467800820337,0.0754895214412397,0.4758871340178457
mace_mdp,MACE-MDP,nonwater_environment__prospective_diverse_02__ch3oh__altered_orientation,prospective_diverse_02,CH3OH,altered_orientation,0.0043165884206134,4.316588420613423,,,,0.001372412466755,0.0641657026788076
gfn2_xtb,GFN2-xTB,nonwater_environment__prospective_diverse_02__ch3oh__altered_orientation,prospective_diverse_02,CH3OH,altered_orientation,0.0043165884206134,4.316588420613423,,,,0.0584224148207515,0.4186493096402461
zero,Zero response,nonwater_environment__prospective_diverse_02__ch3oh__altered_orientation,prospective_diverse_02,CH3OH,altered_orientation,0.0043165884206134,4.316588420613423,0.0043165884206134,4.316588420613423,1.0,0.0934882974246042,0.529589361934143
glider,GLIDER,nonwater_environment__prospective_diverse_02__ch3oh__equilibrium_like,prospective_diverse_02,CH3OH,equilibrium_like,0.0042196082931845,4.219608293184528,0.0010309520490559,1.030952049055928,0.2443241119610822,0.0011764710976061,0.0594088654395819
mace_polar_s,MACE-POLAR-1-S,nonwater_environment__prospective_diverse_02__ch3oh__equilibrium_like,prospective_diverse_02,CH3OH,equilibrium_like,0.0042196082931845,4.219608293184528,0.0029818917905721,2.9818917905721367,0.7066750236955549,0.0374917875197978,0.3353734672859403
mace_polar_m,MACE-POLAR-1-M,nonwater_environment__prospective_diverse_02__ch3oh__equilibrium_like,prospective_diverse_02,CH3OH,equilibrium_like,0.0042196082931845,4.219608293184528,0.0009166349541898,0.9166349541898856,0.2172322382791847,0.0010216172829574,0.0553611041153668
mace_polar_l,MACE-POLAR-1-L,nonwater_environment__prospective_diverse_02__ch3oh__equilibrium_like,prospective_diverse_02,CH3OH,equilibrium_like,0.0042196082931845,4.219608293184528,0.0011800097637486,1.180009763748601,0.2796491242219192,0.0025380214861022,0.0872586067864177
aimnet2,AIMNet2,nonwater_environment__prospective_diverse_02__ch3oh__equilibrium_like,prospective_diverse_02,CH3OH,equilibrium_like,0.0042196082931845,4.219608293184528,0.0022549797535503,2.2549797535503946,0.5344049961207576,0.015391292658446,0.2148810786815308
aimnet2_2025,AIMNet2-2025,nonwater_environment__prospective_diverse_02__ch3oh__equilibrium_like,prospective_diverse_02,CH3OH,equilibrium_like,0.0042196082931845,4.219608293184528,0.0030989899195832,3.098989919583204,0.7344259713842781,0.0897437620892302,0.5188750198917756
mace_mdp,MACE-MDP,nonwater_environment__prospective_diverse_02__ch3oh__equilibrium_like,prospective_diverse_02,CH3OH,equilibrium_like,0.0042196082931845,4.219608293184528,,,,0.0007660073651414,0.0479376897172191
gfn2_xtb,GFN2-xTB,nonwater_environment__prospective_diverse_02__ch3oh__equilibrium_like,prospective_diverse_02,CH3OH,equilibrium_like,0.0042196082931845,4.219608293184528,,,,0.0088341354665984,0.1627955969914276
zero,Zero response,nonwater_environment__prospective_diverse_02__ch3oh__equilibrium_like,prospective_diverse_02,CH3OH,equilibrium_like,0.0042196082931845,4.219608293184528,0.0042196082931845,4.219608293184528,1.0,0.0444875735442425,0.3653254995654252
glider,GLIDER,nonwater_environment__prospective_diverse_02__nh3__altered_orientation,prospective_diverse_02,NH3,altered_orientation,0.0043170308994517,4.317030899451795,0.0011940835827343,1.1940835827343046,0.276598340513601,0.0051994933042079,0.124893874600093
mace_polar_s,MACE-POLAR-1-S,nonwater_environment__prospective_diverse_02__nh3__altered_orientation,prospective_diverse_02,NH3,altered_orientation,0.0043170308994517,4.317030899451795,0.0031869986581123,3.1869986581123437,0.738238556160682,0.0016103963111965,0.0695067545896773
mace_polar_m,MACE-POLAR-1-M,nonwater_environment__prospective_diverse_02__nh3__altered_orientation,prospective_diverse_02,NH3,altered_orientation,0.0043170308994517,4.317030899451795,0.0016794568137019,1.6794568137019332,0.3890305288097896,0.0050151523197067,0.1226599240139995
mace_polar_l,MACE-POLAR-1-L,nonwater_environment__prospective_diverse_02__nh3__altered_orientation,prospective_diverse_02,NH3,altered_orientation,0.0043170308994517,4.317030899451795,0.0021367039847269,2.1367039847269007,0.4949475772800778,0.0130815535798648,0.1981026520256467
aimnet2,AIMNet2,nonwater_environment__prospective_diverse_02__nh3__altered_orientation,prospective_diverse_02,NH3,altered_orientation,0.0043170308994517,4.317030899451795,0.0041636353587563,4.163635358756346,0.9644673516895772,0.0325641270592096,0.3125578045380227
aimnet2_2025,AIMNet2-2025,nonwater_environment__prospective_diverse_02__nh3__altered_orientation,prospective_diverse_02,NH3,altered_orientation,0.0043170308994517,4.317030899451795,0.0032629781712296,3.262978171229625,0.7558385027181482,0.1801550055188289,0.7351632584375302
mace_mdp,MACE-MDP,nonwater_environment__prospective_diverse_02__nh3__altered_orientation,prospective_diverse_02,NH3,altered_orientation,0.0043170308994517,4.317030899451795,,,,0.0029509278932693,0.0940892325391602
gfn2_xtb,GFN2-xTB,nonwater_environment__prospective_diverse_02__nh3__altered_orientation,prospective_diverse_02,NH3,altered_orientation,0.0043170308994517,4.317030899451795,,,,0.1065788391566196,0.5654524891357884
zero,Zero response,nonwater_environment__prospective_diverse_02__nh3__altered_orientation,prospective_diverse_02,NH3,altered_orientation,0.0043170308994517,4.317030899451795,0.0043170308994517,4.317030899451795,1.0,0.1962476466356209,0.7672958620420566
glider,GLIDER,nonwater_environment__prospective_diverse_02__nh3__equilibrium_like,prospective_diverse_02,NH3,equilibrium_like,0.0050783453153836,5.078345315383665,0.0013165683633204,1.316568363320417,0.2592514454131703,0.01225640649464,0.19175301688349
mace_polar_s,MACE-POLAR-1-S,nonwater_environment__prospective_diverse_02__nh3__equilibrium_like,prospective_diverse_02,NH3,equilibrium_like,0.0050783453153836,5.078345315383665,0.0044087973422458,4.408797342245831,0.8681562730463417,0.072518317771703,0.4664278650714483
mace_polar_m,MACE-POLAR-1-M,nonwater_environment__prospective_diverse_02__nh3__equilibrium_like,prospective_diverse_02,NH3,equilibrium_like,0.0050783453153836,5.078345315383665,0.0012657856338447,1.2657856338447615,0.2492515879159219,0.0128004143301258,0.1959623509513432
mace_polar_l,MACE-POLAR-1-L,nonwater_environment__prospective_diverse_02__nh3__equilibrium_like,prospective_diverse_02,NH3,equilibrium_like,0.0050783453153836,5.078345315383665,0.0015575287072585,1.5575287072585602,0.3067000391919765,0.0174220256376778,0.2286177528387363
aimnet2,AIMNet2,nonwater_environment__prospective_diverse_02__nh3__equilibrium_like,prospective_diverse_02,NH3,equilibrium_like,0.0050783453153836,5.078345315383665,0.0039242346678516,3.924234667851691,0.7727388399453925,0.0404425417082002,0.3483211522784696
aimnet2_2025,AIMNet2-2025,nonwater_environment__prospective_diverse_02__nh3__equilibrium_like,prospective_diverse_02,NH3,equilibrium_like,0.0050783453153836,5.078345315383665,0.0049834921777698,4.983492177769888,0.9813220386320636,0.3245273223653565,0.986702572762466
mace_mdp,MACE-MDP,nonwater_environment__prospective_diverse_02__nh3__equilibrium_like,prospective_diverse_02,NH3,equilibrium_like,0.0050783453153836,5.078345315383665,,,,0.0073217710944112,0.1482069947176373
gfn2_xtb,GFN2-xTB,nonwater_environment__prospective_diverse_02__nh3__equilibrium_like,prospective_diverse_02,NH3,equilibrium_like,0.0050783453153836,5.078345315383665,,,,0.0484374463903657,0.381198556097865
zero,Zero response,nonwater_environment__prospective_diverse_02__nh3__equilibrium_like,prospective_diverse_02,NH3,equilibrium_like,0.0050783453153836,5.078345315383665,0.0050783453153836,5.078345315383665,1.0,0.0873974055418335,0.5120470843833608
glider,GLIDER,nonwater_environment__prospective_diverse_03__ch3cn__altered_orientation,prospective_diverse_03,CH3CN,altered_orientation,0.0010266020414578,1.026602041457807,0.0006612480766472,0.6612480766472716,0.6441133466949653,0.0014749674771408,0.0665199401038705
mace_polar_s,MACE-POLAR-1-S,nonwater_environment__prospective_diverse_03__ch3cn__altered_orientation,prospective_diverse_03,CH3CN,altered_orientation,0.0010266020414578,1.026602041457807,0.0013016094427382,1.301609442738224,1.2678812141167166,0.0023530629821911,0.0840189796806268
mace_polar_m,MACE-POLAR-1-M,nonwater_environment__prospective_diverse_03__ch3cn__altered_orientation,prospective_diverse_03,CH3CN,altered_orientation,0.0010266020414578,1.026602041457807,0.0009928313136287,0.9928313136287708,0.9671043632632168,0.0015654983182389,0.0685309780662504
mace_polar_l,MACE-POLAR-1-L,nonwater_environment__prospective_diverse_03__ch3cn__altered_orientation,prospective_diverse_03,CH3CN,altered_orientation,0.0010266020414578,1.026602041457807,0.0008295280879972,0.8295280879972453,0.8080327668346436,0.0017663324926387,0.0727942132172351
aimnet2,AIMNet2,nonwater_environment__prospective_diverse_03__ch3cn__altered_orientation,prospective_diverse_03,CH3CN,altered_orientation,0.0010266020414578,1.026602041457807,0.0013139609434578,1.3139609434578845,1.2799126539744834,0.0057989637299375,0.1318972751417276
aimnet2_2025,AIMNet2-2025,nonwater_environment__prospective_diverse_03__ch3cn__altered_orientation,prospective_diverse_03,CH3CN,altered_orientation,0.0010266020414578,1.026602041457807,0.0013530318318026,1.353031831802681,1.3179711097021911,0.0046457031459445,0.1180555353968364
mace_mdp,MACE-MDP,nonwater_environment__prospective_diverse_03__ch3cn__altered_orientation,prospective_diverse_03,CH3CN,altered_orientation,0.0010266020414578,1.026602041457807,,,,0.0002959391145942,0.029796263923227
gfn2_xtb,GFN2-xTB,nonwater_environment__prospective_diverse_03__ch3cn__altered_orientation,prospective_diverse_03,CH3CN,altered_orientation,0.0010266020414578,1.026602041457807,,,,0.0064990438499361,0.1396321293607186
zero,Zero response,nonwater_environment__prospective_diverse_03__ch3cn__altered_orientation,prospective_diverse_03,CH3CN,altered_orientation,0.0010266020414578,1.026602041457807,0.0010266020414578,1.026602041457807,1.0,0.0125639508850112,0.1941438967751339
glider,GLIDER,nonwater_environment__prospective_diverse_03__ch3cn__equilibrium_like,prospective_diverse_03,CH3CN,equilibrium_like,0.0068447018474952,6.844701847495239,0.0018353156027293,1.83531560272935,0.2681366761652253,0.0184973003012016,0.2355671897858547
mace_polar_s,MACE-POLAR-1-S,nonwater_environment__prospective_diverse_03__ch3cn__equilibrium_like,prospective_diverse_03,CH3CN,equilibrium_like,0.0068447018474952,6.844701847495239,0.005196352302971,5.196352302971035,0.7591787661098192,0.3380257990901529,1.007014099836968
mace_polar_m,MACE-POLAR-1-M,nonwater_environment__prospective_diverse_03__ch3cn__equilibrium_like,prospective_diverse_03,CH3CN,equilibrium_like,0.0068447018474952,6.844701847495239,0.0020205086476633,2.0205086476633687,0.2951930840351733,0.0323294203883025,0.3114293839137658
mace_polar_l,MACE-POLAR-1-L,nonwater_environment__prospective_diverse_03__ch3cn__equilibrium_like,prospective_diverse_03,CH3CN,equilibrium_like,0.0068447018474952,6.844701847495239,0.0022846845960685,2.2846845960685185,0.3337887678635088,0.0204912177577878,0.2479388095344563
aimnet2,AIMNet2,nonwater_environment__prospective_diverse_03__ch3cn__equilibrium_like,prospective_diverse_03,CH3CN,equilibrium_like,0.0068447018474952,6.844701847495239,0.0036338523390467,3.6338523390467863,0.5309000187315046,0.0273272914003553,0.2863247704985827
aimnet2_2025,AIMNet2-2025,nonwater_environment__prospective_diverse_03__ch3cn__equilibrium_like,prospective_diverse_03,CH3CN,equilibrium_like,0.0068447018474952,6.844701847495239,0.0040122279178233,4.012227917823345,0.5861800860312981,0.0264586968502437,0.2817376271475488
mace_mdp,MACE-MDP,nonwater_environment__prospective_diverse_03__ch3cn__equilibrium_like,prospective_diverse_03,CH3CN,equilibrium_like,0.0068447018474952,6.844701847495239,,,,0.2252459316475642,0.8220327213333376
gfn2_xtb,GFN2-xTB,nonwater_environment__prospective_diverse_03__ch3cn__equilibrium_like,prospective_diverse_03,CH3CN,equilibrium_like,0.0068447018474952,6.844701847495239,,,,0.029552413662007,0.2977536582244139
zero,Zero response,nonwater_environment__prospective_diverse_03__ch3cn__equilibrium_like,prospective_diverse_03,CH3CN,equilibrium_like,0.0068447018474952,6.844701847495239,0.0068447018474952,6.844701847495239,1.0,1.0146626199657285,1.744702799876582
glider,GLIDER,nonwater_environment__prospective_diverse_03__ch3oh__altered_orientation,prospective_diverse_03,CH3OH,altered_orientation,0.0006672564099606,0.6672564099606645,0.0004001822196452,0.4001822196452552,0.5997427880368305,6.826462119999756e-05,0.0143106206573996
mace_polar_s,MACE-POLAR-1-S,nonwater_environment__prospective_diverse_03__ch3oh__altered_orientation,prospective_diverse_03,CH3OH,altered_orientation,0.0006672564099606,0.6672564099606645,0.0006951814573212,0.6951814573212419,1.041850549419561,0.002967559144567,0.0943540006237207
mace_polar_m,MACE-POLAR-1-M,nonwater_environment__prospective_diverse_03__ch3oh__altered_orientation,prospective_diverse_03,CH3OH,altered_orientation,0.0006672564099606,0.6672564099606645,0.0007566603553083,0.7566603553083167,1.1339873907736948,0.0003846572595644,0.0339701601216926
mace_polar_l,MACE-POLAR-1-L,nonwater_environment__prospective_diverse_03__ch3oh__altered_orientation,prospective_diverse_03,CH3OH,altered_orientation,0.0006672564099606,0.6672564099606645,0.000693727600597,0.6937276005970443,1.0396716917832838,0.0002316338143909,0.0263609833498861
aimnet2,AIMNet2,nonwater_environment__prospective_diverse_03__ch3oh__altered_orientation,prospective_diverse_03,CH3OH,altered_orientation,0.0006672564099606,0.6672564099606645,0.0006198312182062,0.6198312182062394,0.9289250862989524,0.0009173585175914,0.0524602282951025
aimnet2_2025,AIMNet2-2025,nonwater_environment__prospective_diverse_03__ch3oh__altered_orientation,prospective_diverse_03,CH3OH,altered_orientation,0.0006672564099606,0.6672564099606645,0.0005763406674791,0.5763406674791324,0.8637469177899817,0.0025997215909495,0.0883128799940786
mace_mdp,MACE-MDP,nonwater_environment__prospective_diverse_03__ch3oh__altered_orientation,prospective_diverse_03,CH3OH,altered_orientation,0.0006672564099606,0.6672564099606645,,,,0.1017543223485476,0.5525060787408977
gfn2_xtb,GFN2-xTB,nonwater_environment__prospective_diverse_03__ch3oh__altered_orientation,prospective_diverse_03,CH3OH,altered_orientation,0.0006672564099606,0.6672564099606645,,,,0.0020337154650185,0.0781098354565905
zero,Zero response,nonwater_environment__prospective_diverse_03__ch3oh__altered_orientation,prospective_diverse_03,CH3OH,altered_orientation,0.0006672564099606,0.6672564099606645,0.0006672564099606,0.6672564099606645,1.0,0.0078293945604036,0.153258551739245
glider,GLIDER,nonwater_environment__prospective_diverse_03__ch3oh__equilibrium_like,prospective_diverse_03,CH3OH,equilibrium_like,0.0013371725328084,1.3371725328084854,0.0004881094443443,0.4881094443443176,0.3650310131027993,0.0005766223494334,0.0415916704196939
mace_polar_s,MACE-POLAR-1-S,nonwater_environment__prospective_diverse_03__ch3oh__equilibrium_like,prospective_diverse_03,CH3OH,equilibrium_like,0.0013371725328084,1.3371725328084854,0.0010201108528874,1.0201108528874636,0.7628864846220764,0.0030677824521165,0.0959340781805385
mace_polar_m,MACE-POLAR-1-M,nonwater_environment__prospective_diverse_03__ch3oh__equilibrium_like,prospective_diverse_03,CH3OH,equilibrium_like,0.0013371725328084,1.3371725328084854,0.0008762683515268,0.8762683515268036,0.6553143517586042,0.0005515943163706,0.0406790234532743
mace_polar_l,MACE-POLAR-1-L,nonwater_environment__prospective_diverse_03__ch3oh__equilibrium_like,prospective_diverse_03,CH3OH,equilibrium_like,0.0013371725328084,1.3371725328084854,0.0006183065119234,0.6183065119234873,0.462398454016138,0.0003879306881673,0.0341143967336664
aimnet2,AIMNet2,nonwater_environment__prospective_diverse_03__ch3oh__equilibrium_like,prospective_diverse_03,CH3OH,equilibrium_like,0.0013371725328084,1.3371725328084854,0.0012615962611991,1.2615962611991292,0.9434805384084416,0.0363305675347954,0.3301389141019069
aimnet2_2025,AIMNet2-2025,nonwater_environment__prospective_diverse_03__ch3oh__equilibrium_like,prospective_diverse_03,CH3OH,equilibrium_like,0.0013371725328084,1.3371725328084854,0.0012630968701911,1.2630968701911134,0.94460276381703,0.006205507279775,0.1364423755265397
mace_mdp,MACE-MDP,nonwater_environment__prospective_diverse_03__ch3oh__equilibrium_like,prospective_diverse_03,CH3OH,equilibrium_like,0.0013371725328084,1.3371725328084854,,,,0.0001459306734046,0.0209234801171774
gfn2_xtb,GFN2-xTB,nonwater_environment__prospective_diverse_03__ch3oh__equilibrium_like,prospective_diverse_03,CH3OH,equilibrium_like,0.0013371725328084,1.3371725328084854,,,,0.0018596376677887,0.0746921214276733
zero,Zero response,nonwater_environment__prospective_diverse_03__ch3oh__equilibrium_like,prospective_diverse_03,CH3OH,equilibrium_like,0.0013371725328084,1.3371725328084854,0.0013371725328084,1.3371725328084854,1.0,0.0092867842519404,0.1669142077710025
glider,GLIDER,nonwater_environment__prospective_diverse_03__nh3__altered_orientation,prospective_diverse_03,NH3,altered_orientation,0.0010891882916753,1.089188291675382,0.0005676306877992,0.567630687799213,0.5211501924300779,0.0024011566305926,0.0848732578129179
mace_polar_s,MACE-POLAR-1-S,nonwater_environment__prospective_diverse_03__nh3__altered_orientation,prospective_diverse_03,NH3,altered_orientation,0.0010891882916753,1.089188291675382,0.0010860567366016,1.0860567366016465,0.9971248726251742,0.0092661530547088,0.1667286992815768
mace_polar_m,MACE-POLAR-1-M,nonwater_environment__prospective_diverse_03__nh3__altered_orientation,prospective_diverse_03,NH3,altered_orientation,0.0010891882916753,1.089188291675382,0.0008219587060848,0.8219587060848208,0.7546525356240193,0.0042403958625252,0.112788242239941
mace_polar_l,MACE-POLAR-1-L,nonwater_environment__prospective_diverse_03__nh3__altered_orientation,prospective_diverse_03,NH3,altered_orientation,0.0010891882916753,1.089188291675382,0.0007006701361443,0.7006701361443124,0.6432956923054567,0.0026968839182269,0.0899480503106147
aimnet2,AIMNet2,nonwater_environment__prospective_diverse_03__nh3__altered_orientation,prospective_diverse_03,NH3,altered_orientation,0.0010891882916753,1.089188291675382,0.001128336457125,1.1283364571250034,1.035942514025196,0.0009608561007156,0.0536895548700765
aimnet2_2025,AIMNet2-2025,nonwater_environment__prospective_diverse_03__nh3__altered_orientation,prospective_diverse_03,NH3,altered_orientation,0.0010891882916753,1.089188291675382,0.0009011947863977,0.9011947863977948,0.8274003616138614,0.0097226044423725,0.1707858698110523
mace_mdp,MACE-MDP,nonwater_environment__prospective_diverse_03__nh3__altered_orientation,prospective_diverse_03,NH3,altered_orientation,0.0010891882916753,1.089188291675382,,,,5.770751308980579e-05,0.0131576038574437
gfn2_xtb,GFN2-xTB,nonwater_environment__prospective_diverse_03__nh3__altered_orientation,prospective_diverse_03,NH3,altered_orientation,0.0010891882916753,1.089188291675382,,,,0.0049274543155972,0.1215827411551151
zero,Zero response,nonwater_environment__prospective_diverse_03__nh3__altered_orientation,prospective_diverse_03,NH3,altered_orientation,0.0010891882916753,1.089188291675382,0.0010891882916753,1.089188291675382,1.0,0.0207367586528432,0.2494198788359296
glider,GLIDER,nonwater_environment__prospective_diverse_03__nh3__equilibrium_like,prospective_diverse_03,NH3,equilibrium_like,0.0007849431982315,0.7849431982315032,0.0004876847107653,0.4876847107653806,0.6212993651822789,0.0008190369012411,0.0495692515953524
mace_polar_s,MACE-POLAR-1-S,nonwater_environment__prospective_diverse_03__nh3__equilibrium_like,prospective_diverse_03,NH3,equilibrium_like,0.0007849431982315,0.7849431982315032,0.0007320406779365,0.7320406779365104,0.9326033776530792,0.0070561735585297,0.1454940571830663
mace_polar_m,MACE-POLAR-1-M,nonwater_environment__prospective_diverse_03__nh3__equilibrium_like,prospective_diverse_03,NH3,equilibrium_like,0.0007849431982315,0.7849431982315032,0.0010493890930147,1.0493890930147167,1.3368981289079476,0.0010283469925968,0.055543145191738
mace_polar_l,MACE-POLAR-1-L,nonwater_environment__prospective_diverse_03__nh3__equilibrium_like,prospective_diverse_03,NH3,equilibrium_like,0.0007849431982315,0.7849431982315032,0.0007294459189333,0.7294459189333057,0.9292977129768952,0.0012755786779067,0.0618606177929081
aimnet2,AIMNet2,nonwater_environment__prospective_diverse_03__nh3__equilibrium_like,prospective_diverse_03,NH3,equilibrium_like,0.0007849431982315,0.7849431982315032,0.0010304871430241,1.03048714302416,1.3128174692715011,0.006400102467197,0.1385651738410165
aimnet2_2025,AIMNet2-2025,nonwater_environment__prospective_diverse_03__nh3__equilibrium_like,prospective_diverse_03,NH3,equilibrium_like,0.0007849431982315,0.7849431982315032,0.0011666163027259,1.1666163027259877,1.4862429604516656,0.0231336533919459,0.2634406198289051
mace_mdp,MACE-MDP,nonwater_environment__prospective_diverse_03__nh3__equilibrium_like,prospective_diverse_03,NH3,equilibrium_like,0.0007849431982315,0.7849431982315032,,,,0.0001613098897775,0.0219984015176681
gfn2_xtb,GFN2-xTB,nonwater_environment__prospective_diverse_03__nh3__equilibrium_like,prospective_diverse_03,NH3,equilibrium_like,0.0007849431982315,0.7849431982315032,,,,0.0002219274565777,0.0258027589558433
zero,Zero response,nonwater_environment__prospective_diverse_03__nh3__equilibrium_like,prospective_diverse_03,NH3,equilibrium_like,0.0007849431982315,0.7849431982315032,0.0007849431982315,0.7849431982315032,1.0,0.0033729563443755,0.1005925893549154
glider,GLIDER,nonwater_environment__prospective_diverse_04__ch3cn__altered_orientation,prospective_diverse_04,CH3CN,altered_orientation,0.0065177476863477,6.517747686347751,0.0016185310268989,1.618531026898967,0.2483267387427693,0.0277628010647274,0.2885973028186201
mace_polar_s,MACE-POLAR-1-S,nonwater_environment__prospective_diverse_04__ch3cn__altered_orientation,prospective_diverse_04,CH3CN,altered_orientation,0.0065177476863477,6.517747686347751,0.0047242108563572,4.724210856357293,0.7248226049395485,0.0575654042270441,0.4155673383233245
mace_polar_m,MACE-POLAR-1-M,nonwater_environment__prospective_diverse_04__ch3cn__altered_orientation,prospective_diverse_04,CH3CN,altered_orientation,0.0065177476863477,6.517747686347751,0.0028798867339969,2.8798867339969294,0.4418530560839624,0.0364226356539926,0.3305569647760851
mace_polar_l,MACE-POLAR-1-L,nonwater_environment__prospective_diverse_04__ch3cn__altered_orientation,prospective_diverse_04,CH3CN,altered_orientation,0.0065177476863477,6.517747686347751,0.0028947836960058,2.894783696005864,0.4441386557613077,0.0262525453211077,0.2806379089918597
aimnet2,AIMNet2,nonwater_environment__prospective_diverse_04__ch3cn__altered_orientation,prospective_diverse_04,CH3CN,altered_orientation,0.0065177476863477,6.517747686347751,0.0033720627469453,3.372062746945336,0.5173662604351115,0.2166424673020646,0.8061807501461405
aimnet2_2025,AIMNet2-2025,nonwater_environment__prospective_diverse_04__ch3cn__altered_orientation,prospective_diverse_04,CH3CN,altered_orientation,0.0065177476863477,6.517747686347751,0.0050334026194983,5.033402619498383,0.7722610419610878,0.34184887097333,1.0126927534647368
mace_mdp,MACE-MDP,nonwater_environment__prospective_diverse_04__ch3cn__altered_orientation,prospective_diverse_04,CH3CN,altered_orientation,0.0065177476863477,6.517747686347751,,,,0.0117994911001049,0.1881448200198849
gfn2_xtb,GFN2-xTB,nonwater_environment__prospective_diverse_04__ch3cn__altered_orientation,prospective_diverse_04,CH3CN,altered_orientation,0.0065177476863477,6.517747686347751,,,,0.0076429005665297,0.1514222628928431
zero,Zero response,nonwater_environment__prospective_diverse_04__ch3cn__altered_orientation,prospective_diverse_04,CH3CN,altered_orientation,0.0065177476863477,6.517747686347751,0.0065177476863477,6.517747686347751,1.0,0.0219291595499149,0.2564906989536752
glider,GLIDER,nonwater_environment__prospective_diverse_04__ch3cn__equilibrium_like,prospective_diverse_04,CH3CN,equilibrium_like,0.0064079566583724,6.407956658372414,0.0026414896393953,2.641489639395321,0.4122202724239782,0.1071827548787778,0.5670522591757603
mace_polar_s,MACE-POLAR-1-S,nonwater_environment__prospective_diverse_04__ch3cn__equilibrium_like,prospective_diverse_04,CH3CN,equilibrium_like,0.0064079566583724,6.407956658372414,0.0084234948573938,8.423494857393845,1.314536802677652,0.4094062370795591,1.1082502926860327
mace_polar_m,MACE-POLAR-1-M,nonwater_environment__prospective_diverse_04__ch3cn__equilibrium_like,prospective_diverse_04,CH3CN,equilibrium_like,0.0064079566583724,6.407956658372414,0.0029221442012918,2.9221442012918795,0.4560180970440721,0.0913067037340381,0.5233737777173351
mace_polar_l,MACE-POLAR-1-L,nonwater_environment__prospective_diverse_04__ch3cn__equilibrium_like,prospective_diverse_04,CH3CN,equilibrium_like,0.0064079566583724,6.407956658372414,0.0037791483965904,3.779148396590406,0.5897587324740565,0.09524977652862,0.5345552633599823
aimnet2,AIMNet2,nonwater_environment__prospective_diverse_04__ch3cn__equilibrium_like,prospective_diverse_04,CH3CN,equilibrium_like,0.0064079566583724,6.407956658372414,0.0028653012470709,2.8653012470709465,0.4471474137277821,0.0214299773015902,0.2535545935390851
aimnet2_2025,AIMNet2-2025,nonwater_environment__prospective_diverse_04__ch3cn__equilibrium_like,prospective_diverse_04,CH3CN,equilibrium_like,0.0064079566583724,6.407956658372414,0.0035178567202524,3.517856720252449,0.5489826020680304,0.0298807214754396,0.2994030133888415
mace_mdp,MACE-MDP,nonwater_environment__prospective_diverse_04__ch3cn__equilibrium_like,prospective_diverse_04,CH3CN,equilibrium_like,0.0064079566583724,6.407956658372414,,,,0.0093036307323202,0.1670655326420168
gfn2_xtb,GFN2-xTB,nonwater_environment__prospective_diverse_04__ch3cn__equilibrium_like,prospective_diverse_04,CH3CN,equilibrium_like,0.0064079566583724,6.407956658372414,,,,0.1271875396477617,0.6177075513082912
zero,Zero response,nonwater_environment__prospective_diverse_04__ch3cn__equilibrium_like,prospective_diverse_04,CH3CN,equilibrium_like,0.0064079566583724,6.407956658372414,0.0064079566583724,6.407956658372414,1.0,0.2719637238585413,0.9032669436969472
glider,GLIDER,nonwater_environment__prospective_diverse_04__ch3oh__altered_orientation,prospective_diverse_04,CH3OH,altered_orientation,0.007273258798321,7.273258798321041,0.0023475201298395,2.347520129839529,0.3227604289814946,0.0472894281087085,0.3766540645288798
mace_polar_s,MACE-POLAR-1-S,nonwater_environment__prospective_diverse_04__ch3oh__altered_orientation,prospective_diverse_04,CH3OH,altered_orientation,0.007273258798321,7.273258798321041,0.0078307578711968,7.830757871196885,1.0766505205348305,0.2288054554913618,0.8285024842896281
mace_polar_m,MACE-POLAR-1-M,nonwater_environment__prospective_diverse_04__ch3oh__altered_orientation,prospective_diverse_04,CH3OH,altered_orientation,0.007273258798321,7.273258798321041,0.003099994174874,3.0999941748740585,0.4262180489974674,0.0544220587726488,0.4040620946314395
mace_polar_l,MACE-POLAR-1-L,nonwater_environment__prospective_diverse_04__ch3oh__altered_orientation,prospective_diverse_04,CH3OH,altered_orientation,0.007273258798321,7.273258798321041,0.0035454571003658,3.545457100365888,0.4874647250534136,0.0735074228992009,0.4695979862580363
aimnet2,AIMNet2,nonwater_environment__prospective_diverse_04__ch3oh__altered_orientation,prospective_diverse_04,CH3OH,altered_orientation,0.007273258798321,7.273258798321041,0.0035979116746517,3.597911674651705,0.4946767019320483,0.0516540000415471,0.3936521308524083
aimnet2_2025,AIMNet2-2025,nonwater_environment__prospective_diverse_04__ch3oh__altered_orientation,prospective_diverse_04,CH3OH,altered_orientation,0.007273258798321,7.273258798321041,0.0075038447803424,7.503844780342479,1.0317032555028385,0.914526517077137,1.6563754258112533
mace_mdp,MACE-MDP,nonwater_environment__prospective_diverse_04__ch3oh__altered_orientation,prospective_diverse_04,CH3OH,altered_orientation,0.007273258798321,7.273258798321041,,,,0.0257028011370352,0.2776839991989198
gfn2_xtb,GFN2-xTB,nonwater_environment__prospective_diverse_04__ch3oh__altered_orientation,prospective_diverse_04,CH3OH,altered_orientation,0.007273258798321,7.273258798321041,,,,0.1001577274939936,0.5481543418435915
zero,Zero response,nonwater_environment__prospective_diverse_04__ch3oh__altered_orientation,prospective_diverse_04,CH3OH,altered_orientation,0.007273258798321,7.273258798321041,0.007273258798321,7.273258798321041,1.0,0.256177687788659,0.8766601755332434
glider,GLIDER,nonwater_environment__prospective_diverse_04__ch3oh__equilibrium_like,prospective_diverse_04,CH3OH,equilibrium_like,0.005152874644614,5.152874644614089,0.0011882635950338,1.1882635950338063,0.2306020768962056,0.0031697297493177,0.0975150719014919
mace_polar_s,MACE-POLAR-1-S,nonwater_environment__prospective_diverse_04__ch3oh__equilibrium_like,prospective_diverse_04,CH3OH,equilibrium_like,0.005152874644614,5.152874644614089,0.0043557761809461,4.355776180946142,0.8453099447119108,0.0093309390687601,0.1673105412288189
mace_polar_m,MACE-POLAR-1-M,nonwater_environment__prospective_diverse_04__ch3oh__equilibrium_like,prospective_diverse_04,CH3OH,equilibrium_like,0.005152874644614,5.152874644614089,0.0014121751573135,1.4121751573135055,0.2740557950094023,0.0062224002311494,0.1366279645367237
mace_polar_l,MACE-POLAR-1-L,nonwater_environment__prospective_diverse_04__ch3oh__equilibrium_like,prospective_diverse_04,CH3OH,equilibrium_like,0.005152874644614,5.152874644614089,0.0015699305788564,1.5699305788564442,0.3046708268941442,0.0031339710184266,0.0969634624757172
aimnet2,AIMNet2,nonwater_environment__prospective_diverse_04__ch3oh__equilibrium_like,prospective_diverse_04,CH3OH,equilibrium_like,0.005152874644614,5.152874644614089,0.0040440996715654,4.044099671565412,0.7848239964060458,0.0324719678729572,0.3121152088874741
aimnet2_2025,AIMNet2-2025,nonwater_environment__prospective_diverse_04__ch3oh__equilibrium_like,prospective_diverse_04,CH3OH,equilibrium_like,0.005152874644614,5.152874644614089,0.0041889850441676,4.18898504416762,0.812941383805261,0.1281082848613477,0.6199393958961176
mace_mdp,MACE-MDP,nonwater_environment__prospective_diverse_04__ch3oh__equilibrium_like,prospective_diverse_04,CH3OH,equilibrium_like,0.005152874644614,5.152874644614089,,,,0.0141998250446574,0.2063964029094797
gfn2_xtb,GFN2-xTB,nonwater_environment__prospective_diverse_04__ch3oh__equilibrium_like,prospective_diverse_04,CH3OH,equilibrium_like,0.005152874644614,5.152874644614089,,,,0.0075917121707916,0.1509143350128635
zero,Zero response,nonwater_environment__prospective_diverse_04__ch3oh__equilibrium_like,prospective_diverse_04,CH3OH,equilibrium_like,0.005152874644614,5.152874644614089,0.005152874644614,5.152874644614089,1.0,0.0231122485313459,0.2633187148571819
glider,GLIDER,nonwater_environment__prospective_diverse_04__nh3__altered_orientation,prospective_diverse_04,NH3,altered_orientation,0.0043996906751374,4.3996906751374585,0.0016537375581163,1.6537375581163816,0.3758758695154664,0.0136094250725766,0.2020600782384536
mace_polar_s,MACE-POLAR-1-S,nonwater_environment__prospective_diverse_04__nh3__altered_orientation,prospective_diverse_04,NH3,altered_orientation,0.0043996906751374,4.3996906751374585,0.0054779749335615,5.477974933561545,1.245081833711048,0.028998995895137,0.2949525176793903
mace_polar_m,MACE-POLAR-1-M,nonwater_environment__prospective_diverse_04__nh3__altered_orientation,prospective_diverse_04,NH3,altered_orientation,0.0043996906751374,4.3996906751374585,0.0025244789842304,2.524478984230408,0.5737855614478026,0.0511492538696062,0.3917240886246577
mace_polar_l,MACE-POLAR-1-L,nonwater_environment__prospective_diverse_04__nh3__altered_orientation,prospective_diverse_04,NH3,altered_orientation,0.0043996906751374,4.3996906751374585,0.0018466994791342,1.8466994791342992,0.4197339348354537,0.0062834604283339,0.1372966907285163
aimnet2,AIMNet2,nonwater_environment__prospective_diverse_04__nh3__altered_orientation,prospective_diverse_04,NH3,altered_orientation,0.0043996906751374,4.3996906751374585,0.0071038329940339,7.103832994033931,1.6146210082853127,0.318893264544636,0.9781000938727632
aimnet2_2025,AIMNet2-2025,nonwater_environment__prospective_diverse_04__nh3__altered_orientation,prospective_diverse_04,NH3,altered_orientation,0.0043996906751374,4.3996906751374585,0.0051656050084504,5.1656050084504335,1.174083677664236,0.4320789353663524,1.138523959387354
mace_mdp,MACE-MDP,nonwater_environment__prospective_diverse_04__nh3__altered_orientation,prospective_diverse_04,NH3,altered_orientation,0.0043996906751374,4.3996906751374585,,,,0.0006688729259449,0.0447952986130797
gfn2_xtb,GFN2-xTB,nonwater_environment__prospective_diverse_04__nh3__altered_orientation,prospective_diverse_04,NH3,altered_orientation,0.0043996906751374,4.3996906751374585,,,,0.0191273679242069,0.2395456193976856
zero,Zero response,nonwater_environment__prospective_diverse_04__nh3__altered_orientation,prospective_diverse_04,NH3,altered_orientation,0.0043996906751374,4.3996906751374585,0.0043996906751374,4.3996906751374585,1.0,0.0542862996771605,0.4035578013512831
glider,GLIDER,nonwater_environment__prospective_diverse_04__nh3__equilibrium_like,prospective_diverse_04,NH3,equilibrium_like,0.005598796808792,5.598796808792023,0.0018123345779879,1.8123345779879927,0.3237007235451032,0.0169280185133759,0.2253531795651615
mace_polar_s,MACE-POLAR-1-S,nonwater_environment__prospective_diverse_04__nh3__equilibrium_like,prospective_diverse_04,NH3,equilibrium_like,0.005598796808792,5.598796808792023,0.0057318825220224,5.731882522022453,1.0237704131397376,0.0158071125031151,0.2177644082703721
mace_polar_m,MACE-POLAR-1-M,nonwater_environment__prospective_diverse_04__nh3__equilibrium_like,prospective_diverse_04,NH3,equilibrium_like,0.005598796808792,5.598796808792023,0.0025347630516093,2.534763051609351,0.4527335315382239,0.0390783601599512,0.3423960871269613
mace_polar_l,MACE-POLAR-1-L,nonwater_environment__prospective_diverse_04__nh3__equilibrium_like,prospective_diverse_04,NH3,equilibrium_like,0.005598796808792,5.598796808792023,0.0018321435330027,1.8321435330027152,0.3272387971154131,0.0179303055366687,0.2319286886308082
aimnet2,AIMNet2,nonwater_environment__prospective_diverse_04__nh3__equilibrium_like,prospective_diverse_04,NH3,equilibrium_like,0.005598796808792,5.598796808792023,0.0068502376582456,6.850237658245696,1.2235196046922947,0.2921758438038212,0.9362304905371668
aimnet2_2025,AIMNet2-2025,nonwater_environment__prospective_diverse_04__nh3__equilibrium_like,prospective_diverse_04,NH3,equilibrium_like,0.005598796808792,5.598796808792023,0.0072875099221644,7.287509922164425,1.3016207179943635,0.7394226509817389,1.4893850922260556
mace_mdp,MACE-MDP,nonwater_environment__prospective_diverse_04__nh3__equilibrium_like,prospective_diverse_04,NH3,equilibrium_like,0.005598796808792,5.598796808792023,,,,0.0192285284254145,0.2401782364750052
gfn2_xtb,GFN2-xTB,nonwater_environment__prospective_diverse_04__nh3__equilibrium_like,prospective_diverse_04,NH3,equilibrium_like,0.005598796808792,5.598796808792023,,,,0.0452906408872742,0.3686080881665821
zero,Zero response,nonwater_environment__prospective_diverse_04__nh3__equilibrium_like,prospective_diverse_04,NH3,equilibrium_like,0.005598796808792,5.598796808792023,0.005598796808792,5.598796808792023,1.0,0.035513354362619,0.3264047534700698
glider,GLIDER,nonwater_environment__prospective_diverse_05__ch3cn__altered_orientation,prospective_diverse_05,CH3CN,altered_orientation,0.0050826833701014,5.082683370101448,0.001500480148971,1.500480148971023,0.295214169310152,0.0022205594357822,0.0816191050388742
mace_polar_s,MACE-POLAR-1-S,nonwater_environment__prospective_diverse_05__ch3cn__altered_orientation,prospective_diverse_05,CH3CN,altered_orientation,0.0050826833701014,5.082683370101448,0.0049470888493041,4.947088849304139,0.9733222569804496,0.5192535597679959,1.248102832023062
mace_polar_m,MACE-POLAR-1-M,nonwater_environment__prospective_diverse_05__ch3cn__altered_orientation,prospective_diverse_05,CH3CN,altered_orientation,0.0050826833701014,5.082683370101448,0.0020304224692395,2.0304224692395785,0.3994784489593441,0.0111095900322908,0.1825616884696035
mace_polar_l,MACE-POLAR-1-L,nonwater_environment__prospective_diverse_05__ch3cn__altered_orientation,prospective_diverse_05,CH3CN,altered_orientation,0.0050826833701014,5.082683370101448,0.0025421308436219,2.5421308436219667,0.5001552641614241,0.0005963703533315,0.0422978848170281
aimnet2,AIMNet2,nonwater_environment__prospective_diverse_05__ch3cn__altered_orientation,prospective_diverse_05,CH3CN,altered_orientation,0.0050826833701014,5.082683370101448,0.0028858613233498,2.885861323349882,0.5677830219221941,0.0220645677571626,0.2572813698492135
aimnet2_2025,AIMNet2-2025,nonwater_environment__prospective_diverse_05__ch3cn__altered_orientation,prospective_diverse_05,CH3CN,altered_orientation,0.0050826833701014,5.082683370101448,0.0029959405819598,2.995940581959897,0.5894407272314702,0.0078406651973918,0.1533688220994586
mace_mdp,MACE-MDP,nonwater_environment__prospective_diverse_05__ch3cn__altered_orientation,prospective_diverse_05,CH3CN,altered_orientation,0.0050826833701014,5.082683370101448,,,,0.0144133734852727,0.2079425893265211
gfn2_xtb,GFN2-xTB,nonwater_environment__prospective_diverse_05__ch3cn__altered_orientation,prospective_diverse_05,CH3CN,altered_orientation,0.0050826833701014,5.082683370101448,,,,0.1146331927356597,0.5864295168278786
zero,Zero response,nonwater_environment__prospective_diverse_05__ch3cn__altered_orientation,prospective_diverse_05,CH3CN,altered_orientation,0.0050826833701014,5.082683370101448,0.0050826833701014,5.082683370101448,1.0,0.3044823881768765,0.9557442987173032
glider,GLIDER,nonwater_environment__prospective_diverse_05__ch3cn__equilibrium_like,prospective_diverse_05,CH3CN,equilibrium_like,0.0047868834706727,4.786883470672707,0.0011897863274492,1.189786327449294,0.2485513455129276,0.0024926174932751,0.0864745770722547
mace_polar_s,MACE-POLAR-1-S,nonwater_environment__prospective_diverse_05__ch3cn__equilibrium_like,prospective_diverse_05,CH3CN,equilibrium_like,0.0047868834706727,4.786883470672707,0.003066142257317,3.066142257317026,0.6405299556803578,0.1137637938908239,0.5842014906455408
mace_polar_m,MACE-POLAR-1-M,nonwater_environment__prospective_diverse_05__ch3cn__equilibrium_like,prospective_diverse_05,CH3CN,equilibrium_like,0.0047868834706727,4.786883470672707,0.0019227709052605,1.9227709052605029,0.401674892869346,0.0069455248977796,0.1443487952611273
mace_polar_l,MACE-POLAR-1-L,nonwater_environment__prospective_diverse_05__ch3cn__equilibrium_like,prospective_diverse_05,CH3CN,equilibrium_like,0.0047868834706727,4.786883470672707,0.0015202291468509,1.520229146850908,0.3175822340703998,0.0048943527798514,0.1211736701579779
aimnet2,AIMNet2,nonwater_environment__prospective_diverse_05__ch3cn__equilibrium_like,prospective_diverse_05,CH3CN,equilibrium_like,0.0047868834706727,4.786883470672707,0.0018434555826286,1.843455582628676,0.3851055898734073,0.0026228424421449,0.0887047198656017
aimnet2_2025,AIMNet2-2025,nonwater_environment__prospective_diverse_05__ch3cn__equilibrium_like,prospective_diverse_05,CH3CN,equilibrium_like,0.0047868834706727,4.786883470672707,0.0042748841725677,4.274884172567708,0.8930412028532111,0.2615764547981036,0.8858495156595791
mace_mdp,MACE-MDP,nonwater_environment__prospective_diverse_05__ch3cn__equilibrium_like,prospective_diverse_05,CH3CN,equilibrium_like,0.0047868834706727,4.786883470672707,,,,0.0480355296783153,0.3796137366257259
gfn2_xtb,GFN2-xTB,nonwater_environment__prospective_diverse_05__ch3cn__equilibrium_like,prospective_diverse_05,CH3CN,equilibrium_like,0.0047868834706727,4.786883470672707,,,,0.001574415232239,0.0687258735609601
zero,Zero response,nonwater_environment__prospective_diverse_05__ch3cn__equilibrium_like,prospective_diverse_05,CH3CN,equilibrium_like,0.0047868834706727,4.786883470672707,0.0047868834706727,4.786883470672707,1.0,0.024962025100646,0.2736532026158985
glider,GLIDER,nonwater_environment__prospective_diverse_05__ch3oh__altered_orientation,prospective_diverse_05,CH3OH,altered_orientation,0.007263470109176,7.263470109176002,0.0018508178441065,1.8508178441065228,0.2548117933008864,0.0044069572276228,0.1149820493941054
mace_polar_s,MACE-POLAR-1-S,nonwater_environment__prospective_diverse_05__ch3oh__altered_orientation,prospective_diverse_05,CH3OH,altered_orientation,0.007263470109176,7.263470109176002,0.006546067126653,6.546067126653031,0.9012313712674784,0.0444748850777007,0.3652733979269532
mace_polar_m,MACE-POLAR-1-M,nonwater_environment__prospective_diverse_05__ch3oh__altered_orientation,prospective_diverse_05,CH3OH,altered_orientation,0.007263470109176,7.263470109176002,0.0037641567869195,3.764156786919569,0.5182311939529122,0.0077622850383385,0.1526003116478321
mace_polar_l,MACE-POLAR-1-L,nonwater_environment__prospective_diverse_05__ch3oh__altered_orientation,prospective_diverse_05,CH3OH,altered_orientation,0.007263470109176,7.263470109176002,0.0036639235299547,3.663923529954712,0.5044315561133853,0.0118123316530631,0.1882471645448858
aimnet2,AIMNet2,nonwater_environment__prospective_diverse_05__ch3oh__altered_orientation,prospective_diverse_05,CH3OH,altered_orientation,0.007263470109176,7.263470109176002,0.0036266116528392,3.626611652839209,0.4992946344279272,0.0282108563598809,0.2909167734587385
aimnet2_2025,AIMNet2-2025,nonwater_environment__prospective_diverse_05__ch3oh__altered_orientation,prospective_diverse_05,CH3OH,altered_orientation,0.007263470109176,7.263470109176002,0.0057946740687447,5.794674068744735,0.7977831507042722,0.5269667897036608,1.2573386055915814
mace_mdp,MACE-MDP,nonwater_environment__prospective_diverse_05__ch3oh__altered_orientation,prospective_diverse_05,CH3OH,altered_orientation,0.007263470109176,7.263470109176002,,,,0.0793321463293528,0.4878487870109532
gfn2_xtb,GFN2-xTB,nonwater_environment__prospective_diverse_05__ch3oh__altered_orientation,prospective_diverse_05,CH3OH,altered_orientation,0.007263470109176,7.263470109176002,,,,0.8382214908718177,1.5857693629955945
zero,Zero response,nonwater_environment__prospective_diverse_05__ch3oh__altered_orientation,prospective_diverse_05,CH3OH,altered_orientation,0.007263470109176,7.263470109176002,0.007263470109176,7.263470109176002,1.0,0.6193149669020175,1.3630645255108258
glider,GLIDER,nonwater_environment__prospective_diverse_05__ch3oh__equilibrium_like,prospective_diverse_05,CH3OH,equilibrium_like,0.0042511443145648,4.2511443145648204,0.0010157312716151,1.01573127161514,0.2389312609631126,0.0065942769010228,0.1406514511232235
mace_polar_s,MACE-POLAR-1-S,nonwater_environment__prospective_diverse_05__ch3oh__equilibrium_like,prospective_diverse_05,CH3OH,equilibrium_like,0.0042511443145648,4.2511443145648204,0.0030775704928402,3.077570492840283,0.7239393125978426,0.0046434020392102,0.1180262941790121
mace_polar_m,MACE-POLAR-1-M,nonwater_environment__prospective_diverse_05__ch3oh__equilibrium_like,prospective_diverse_05,CH3OH,equilibrium_like,0.0042511443145648,4.2511443145648204,0.0015642957240586,1.564295724058666,0.367970505893964,0.0099046224724399,0.172377108159175
mace_polar_l,MACE-POLAR-1-L,nonwater_environment__prospective_diverse_05__ch3oh__equilibrium_like,prospective_diverse_05,CH3OH,equilibrium_like,0.0042511443145648,4.2511443145648204,0.0018150327379616,1.8150327379616675,0.4269515696616542,0.0302010669887441,0.301003656067883
aimnet2,AIMNet2,nonwater_environment__prospective_diverse_05__ch3oh__equilibrium_like,prospective_diverse_05,CH3OH,equilibrium_like,0.0042511443145648,4.2511443145648204,0.0022630522001225,2.263052200122529,0.5323395379378439,0.0104965517433543,0.1774532480121542
aimnet2_2025,AIMNet2-2025,nonwater_environment__prospective_diverse_05__ch3oh__equilibrium_like,prospective_diverse_05,CH3OH,equilibrium_like,0.0042511443145648,4.2511443145648204,0.0027026332272053,2.702633227205353,0.6357425265347678,0.0140099197049829,0.2050116072688299
mace_mdp,MACE-MDP,nonwater_environment__prospective_diverse_05__ch3oh__equilibrium_like,prospective_diverse_05,CH3OH,equilibrium_like,0.0042511443145648,4.2511443145648204,,,,0.0022389592970978,0.0819565610021164
gfn2_xtb,GFN2-xTB,nonwater_environment__prospective_diverse_05__ch3oh__equilibrium_like,prospective_diverse_05,CH3OH,equilibrium_like,0.0042511443145648,4.2511443145648204,,,,0.0353136091232559,0.325485525591796
zero,Zero response,nonwater_environment__prospective_diverse_05__ch3oh__equilibrium_like,prospective_diverse_05,CH3OH,equilibrium_like,0.0042511443145648,4.2511443145648204,0.0042511443145648,4.2511443145648204,1.0,0.0733017059828085,0.4689404204677025
glider,GLIDER,nonwater_environment__prospective_diverse_05__nh3__altered_orientation,prospective_diverse_05,NH3,altered_orientation,0.0047579971481858,4.757997148185801,0.0009838445366293,0.98384453662937,0.2067770336946302,0.0019149290128172,0.0757943733957325
mace_polar_s,MACE-POLAR-1-S,nonwater_environment__prospective_diverse_05__nh3__altered_orientation,prospective_diverse_05,NH3,altered_orientation,0.0047579971481858,4.757997148185801,0.0033729543697311,3.372954369731103,0.7089021419479397,0.0614495567510894,0.4293584402958305
mace_polar_m,MACE-POLAR-1-M,nonwater_environment__prospective_diverse_05__nh3__altered_orientation,prospective_diverse_05,NH3,altered_orientation,0.0047579971481858,4.757997148185801,0.0016785679999262,1.6785679999262964,0.352788778061022,0.006244730096569,0.1368728983024292
mace_polar_l,MACE-POLAR-1-L,nonwater_environment__prospective_diverse_05__nh3__altered_orientation,prospective_diverse_05,NH3,altered_orientation,0.0047579971481858,4.757997148185801,0.0022723877275023,2.272387727502308,0.4775933353320224,0.001501046486999,0.0671054354057633
aimnet2,AIMNet2,nonwater_environment__prospective_diverse_05__nh3__altered_orientation,prospective_diverse_05,NH3,altered_orientation,0.0047579971481858,4.757997148185801,0.0039832785923977,3.983278592397708,0.8371754896735301,0.0010831154896547,0.0570030391204199
aimnet2_2025,AIMNet2-2025,nonwater_environment__prospective_diverse_05__nh3__altered_orientation,prospective_diverse_05,NH3,altered_orientation,0.0047579971481858,4.757997148185801,0.0038709067499497,3.870906749949767,0.8135580222921577,0.3503451959691392,1.0252002672197358
mace_mdp,MACE-MDP,nonwater_environment__prospective_diverse_05__nh3__altered_orientation,prospective_diverse_05,NH3,altered_orientation,0.0047579971481858,4.757997148185801,,,,0.0028610645417299,0.092645526741392
gfn2_xtb,GFN2-xTB,nonwater_environment__prospective_diverse_05__nh3__altered_orientation,prospective_diverse_05,NH3,altered_orientation,0.0047579971481858,4.757997148185801,,,,0.3971136354134199,1.091485641792992
zero,Zero response,nonwater_environment__prospective_diverse_05__nh3__altered_orientation,prospective_diverse_05,NH3,altered_orientation,0.0047579971481858,4.757997148185801,0.0047579971481858,4.757997148185801,1.0,0.2343023060311081,0.8383954425528114
glider,GLIDER,nonwater_environment__prospective_diverse_05__nh3__equilibrium_like,prospective_diverse_05,NH3,equilibrium_like,0.0039895287407539,3.9895287407539337,0.0011358213859277,1.1358213859277664,0.2847006400342715,0.0099471524086415,0.1727468009137207
mace_polar_s,MACE-POLAR-1-S,nonwater_environment__prospective_diverse_05__nh3__equilibrium_like,prospective_diverse_05,NH3,equilibrium_like,0.0039895287407539,3.9895287407539337,0.0032217974316106,3.221797431610604,0.8075634093569043,0.0478350279317432,0.3788206485861479
mace_polar_m,MACE-POLAR-1-M,nonwater_environment__prospective_diverse_05__nh3__equilibrium_like,prospective_diverse_05,NH3,equilibrium_like,0.0039895287407539,3.9895287407539337,0.0016901202671198,1.6901202671198816,0.4236390754263587,0.0298995661366338,0.2994974096881334
mace_polar_l,MACE-POLAR-1-L,nonwater_environment__prospective_diverse_05__nh3__equilibrium_like,prospective_diverse_05,NH3,equilibrium_like,0.0039895287407539,3.9895287407539337,0.0018781209696374,1.87812096963746,0.4707626117471047,0.0193321695831205,0.2408246431521527
aimnet2,AIMNet2,nonwater_environment__prospective_diverse_05__nh3__equilibrium_like,prospective_diverse_05,NH3,equilibrium_like,0.0039895287407539,3.9895287407539337,0.0043439247928382,4.343924792838217,1.0888315575882554,0.1008923866000949,0.5501610307903357
aimnet2_2025,AIMNet2-2025,nonwater_environment__prospective_diverse_05__nh3__equilibrium_like,prospective_diverse_05,NH3,equilibrium_like,0.0039895287407539,3.9895287407539337,0.0035137426101323,3.5137426101323253,0.8807412700749975,0.2009269607064739,0.7763896458089983
mace_mdp,MACE-MDP,nonwater_environment__prospective_diverse_05__nh3__equilibrium_like,prospective_diverse_05,NH3,equilibrium_like,0.0039895287407539,3.9895287407539337,,,,0.0035121027721104,0.1026465212091062
gfn2_xtb,GFN2-xTB,nonwater_environment__prospective_diverse_05__nh3__equilibrium_like,prospective_diverse_05,NH3,equilibrium_like,0.0039895287407539,3.9895287407539337,,,,0.0651283430296752,0.4420237879221274
zero,Zero response,nonwater_environment__prospective_diverse_05__nh3__equilibrium_like,prospective_diverse_05,NH3,equilibrium_like,0.0039895287407539,3.9895287407539337,0.0039895287407539,3.9895287407539337,1.0,0.1127158817015529,0.5815046389364912
