method,method_label,config_id,molecule_id,perturbant,regime,reference_esp_rms_hartree_per_e,reference_esp_rms_mEh_per_e,esp_absolute_rmse_hartree_per_e,esp_absolute_rmse_mEh_per_e,esp_nrmse,dipole_mse_D2,dipole_vector_error_D
glider,GLIDER,nonwater_environment__pros_azaaryl_sulfoxide__ch3cn__altered_orientation,pros_azaaryl_sulfoxide,CH3CN,altered_orientation,0.004487055258850041,4.487055258850041,0.0018132007744880122,1.813200774488012,0.40409593149354395,0.030969727417333556,0.3048100757061693
mace_polar_s,MACE-POLAR-1-S,nonwater_environment__pros_azaaryl_sulfoxide__ch3cn__altered_orientation,pros_azaaryl_sulfoxide,CH3CN,altered_orientation,0.004487055258850041,4.487055258850041,0.004602234968321315,4.602234968321315,1.0256693316277083,0.05005332200785051,0.3875047948394336
mace_polar_m,MACE-POLAR-1-M,nonwater_environment__pros_azaaryl_sulfoxide__ch3cn__altered_orientation,pros_azaaryl_sulfoxide,CH3CN,altered_orientation,0.004487055258850041,4.487055258850041,0.0024706912897614363,2.470691289761436,0.550626445905334,0.03238811524419514,0.31171195955975994
mace_polar_l,MACE-POLAR-1-L,nonwater_environment__pros_azaaryl_sulfoxide__ch3cn__altered_orientation,pros_azaaryl_sulfoxide,CH3CN,altered_orientation,0.004487055258850041,4.487055258850041,0.002939927705777955,2.9399277057779547,0.6552020280961306,0.04586054548046519,0.37091998657580527
aimnet2,AIMNet2,nonwater_environment__pros_azaaryl_sulfoxide__ch3cn__altered_orientation,pros_azaaryl_sulfoxide,CH3CN,altered_orientation,0.004487055258850041,4.487055258850041,0.0024974937605456277,2.4974937605456278,0.5565997333372923,0.1774553758029149,0.7296342422123188
aimnet2_2025,AIMNet2-2025,nonwater_environment__pros_azaaryl_sulfoxide__ch3cn__altered_orientation,pros_azaaryl_sulfoxide,CH3CN,altered_orientation,0.004487055258850041,4.487055258850041,0.006307607864640875,6.307607864640875,1.4057343849733228,1.718793873079278,2.2707667469905037
mace_mdp,MACE-MDP,nonwater_environment__pros_azaaryl_sulfoxide__ch3cn__altered_orientation,pros_azaaryl_sulfoxide,CH3CN,altered_orientation,0.004487055258850041,4.487055258850041,,,,0.008329403091598894,0.15807659306423796
gfn2_xtb,GFN2-xTB,nonwater_environment__pros_azaaryl_sulfoxide__ch3cn__altered_orientation,pros_azaaryl_sulfoxide,CH3CN,altered_orientation,0.004487055258850041,4.487055258850041,,,,0.15849481867377255,0.689553809373364
zero,Zero response,nonwater_environment__pros_azaaryl_sulfoxide__ch3cn__altered_orientation,pros_azaaryl_sulfoxide,CH3CN,altered_orientation,0.004487055258850041,4.487055258850041,0.004487055258850041,4.487055258850041,1.0,0.21604626424138243,0.8050706756081402
glider,GLIDER,nonwater_environment__pros_azaaryl_sulfoxide__ch3cn__equilibrium_like,pros_azaaryl_sulfoxide,CH3CN,equilibrium_like,0.003782809522791057,3.782809522791057,0.0013510633161133293,1.3510633161133294,0.35715869593044675,0.013611946561845084,0.20207879573457294
mace_polar_s,MACE-POLAR-1-S,nonwater_environment__pros_azaaryl_sulfoxide__ch3cn__equilibrium_like,pros_azaaryl_sulfoxide,CH3CN,equilibrium_like,0.003782809522791057,3.782809522791057,0.002685148235029249,2.6851482350292493,0.7098290883671234,0.06783208915967455,0.45110560568344044
mace_polar_m,MACE-POLAR-1-M,nonwater_environment__pros_azaaryl_sulfoxide__ch3cn__equilibrium_like,pros_azaaryl_sulfoxide,CH3CN,equilibrium_like,0.003782809522791057,3.782809522791057,0.0015543487424690438,1.5543487424690439,0.4108979670015751,0.016249994644120178,0.22079398527215485
mace_polar_l,MACE-POLAR-1-L,nonwater_environment__pros_azaaryl_sulfoxide__ch3cn__equilibrium_like,pros_azaaryl_sulfoxide,CH3CN,equilibrium_like,0.003782809522791057,3.782809522791057,0.0019947841295074676,1.9947841295074675,0.527328726833611,0.013989288828410001,0.20486060256972302
aimnet2,AIMNet2,nonwater_environment__pros_azaaryl_sulfoxide__ch3cn__equilibrium_like,pros_azaaryl_sulfoxide,CH3CN,equilibrium_like,0.003782809522791057,3.782809522791057,0.0014942766802431005,1.4942766802431005,0.3950176902221034,0.07404906288066314,0.4713249289417964
aimnet2_2025,AIMNet2-2025,nonwater_environment__pros_azaaryl_sulfoxide__ch3cn__equilibrium_like,pros_azaaryl_sulfoxide,CH3CN,equilibrium_like,0.003782809522791057,3.782809522791057,0.0032496446424934715,3.2496446424934713,0.859055848018432,0.2716363541779045,0.9027231372540052
mace_mdp,MACE-MDP,nonwater_environment__pros_azaaryl_sulfoxide__ch3cn__equilibrium_like,pros_azaaryl_sulfoxide,CH3CN,equilibrium_like,0.003782809522791057,3.782809522791057,,,,0.019254850528826754,0.24034257131536282
gfn2_xtb,GFN2-xTB,nonwater_environment__pros_azaaryl_sulfoxide__ch3cn__equilibrium_like,pros_azaaryl_sulfoxide,CH3CN,equilibrium_like,0.003782809522791057,3.782809522791057,,,,0.025086576125521103,0.27433506588943984
zero,Zero response,nonwater_environment__pros_azaaryl_sulfoxide__ch3cn__equilibrium_like,pros_azaaryl_sulfoxide,CH3CN,equilibrium_like,0.003782809522791057,3.782809522791057,0.003782809522791057,3.782809522791057,1.0,0.20024811742579465,0.7750769976443528
glider,GLIDER,nonwater_environment__pros_azaaryl_sulfoxide__ch3oh__altered_orientation,pros_azaaryl_sulfoxide,CH3OH,altered_orientation,0.0030306480749137435,3.0306480749137434,0.0008890484550440559,0.8890484550440558,0.29335258765383354,0.005608408017000452,0.12971208136099488
mace_polar_s,MACE-POLAR-1-S,nonwater_environment__pros_azaaryl_sulfoxide__ch3oh__altered_orientation,pros_azaaryl_sulfoxide,CH3OH,altered_orientation,0.0030306480749137435,3.0306480749137434,0.0023833717969938164,2.3833717969938166,0.7864231471552996,0.010795762177507736,0.17996468134754443
mace_polar_m,MACE-POLAR-1-M,nonwater_environment__pros_azaaryl_sulfoxide__ch3oh__altered_orientation,pros_azaaryl_sulfoxide,CH3OH,altered_orientation,0.0030306480749137435,3.0306480749137434,0.0008712579491321226,0.8712579491321226,0.28748238911141794,0.00781910823788252,0.15315784248169456
mace_polar_l,MACE-POLAR-1-L,nonwater_environment__pros_azaaryl_sulfoxide__ch3oh__altered_orientation,pros_azaaryl_sulfoxide,CH3OH,altered_orientation,0.0030306480749137435,3.0306480749137434,0.0010974290274649056,1.0974290274649057,0.36211034746953913,0.011363335372059387,0.18463479118567597
aimnet2,AIMNet2,nonwater_environment__pros_azaaryl_sulfoxide__ch3oh__altered_orientation,pros_azaaryl_sulfoxide,CH3OH,altered_orientation,0.0030306480749137435,3.0306480749137434,0.0017365232391378263,1.7365232391378262,0.5729874258617936,1.8661838214449246e-05,0.00748234686735036
aimnet2_2025,AIMNet2-2025,nonwater_environment__pros_azaaryl_sulfoxide__ch3oh__altered_orientation,pros_azaaryl_sulfoxide,CH3OH,altered_orientation,0.0030306480749137435,3.0306480749137434,0.0030579634366258456,3.0579634366258457,1.0090130430973512,0.19051135496242352,0.7559987201624554
mace_mdp,MACE-MDP,nonwater_environment__pros_azaaryl_sulfoxide__ch3oh__altered_orientation,pros_azaaryl_sulfoxide,CH3OH,altered_orientation,0.0030306480749137435,3.0306480749137434,,,,0.0014661048584228102,0.06631979022334457
gfn2_xtb,GFN2-xTB,nonwater_environment__pros_azaaryl_sulfoxide__ch3oh__altered_orientation,pros_azaaryl_sulfoxide,CH3OH,altered_orientation,0.0030306480749137435,3.0306480749137434,,,,0.002612596258313476,0.08853128698341863
zero,Zero response,nonwater_environment__pros_azaaryl_sulfoxide__ch3oh__altered_orientation,pros_azaaryl_sulfoxide,CH3OH,altered_orientation,0.0030306480749137435,3.0306480749137434,0.0030306480749137435,3.0306480749137434,1.0,0.038295177617283356,0.33894768453531304
glider,GLIDER,nonwater_environment__pros_azaaryl_sulfoxide__ch3oh__equilibrium_like,pros_azaaryl_sulfoxide,CH3OH,equilibrium_like,0.005913408034627585,5.913408034627585,0.0034555283954339606,3.4555283954339604,0.5843548044036815,0.14040826101928294,0.64901832259024
mace_polar_s,MACE-POLAR-1-S,nonwater_environment__pros_azaaryl_sulfoxide__ch3oh__equilibrium_like,pros_azaaryl_sulfoxide,CH3OH,equilibrium_like,0.005913408034627585,5.913408034627585,0.005729631056262909,5.729631056262909,0.968921985885547,0.0859759787214814,0.5078660612449352
mace_polar_m,MACE-POLAR-1-M,nonwater_environment__pros_azaaryl_sulfoxide__ch3oh__equilibrium_like,pros_azaaryl_sulfoxide,CH3OH,equilibrium_like,0.005913408034627585,5.913408034627585,0.0027009284138474216,2.7009284138474214,0.45674649847116816,0.07402128440223917,0.47123651514575726
mace_polar_l,MACE-POLAR-1-L,nonwater_environment__pros_azaaryl_sulfoxide__ch3oh__equilibrium_like,pros_azaaryl_sulfoxide,CH3OH,equilibrium_like,0.005913408034627585,5.913408034627585,0.004020896421865555,4.020896421865555,0.6799626202555433,0.18156555259449356,0.7380356751427946
aimnet2,AIMNet2,nonwater_environment__pros_azaaryl_sulfoxide__ch3oh__equilibrium_like,pros_azaaryl_sulfoxide,CH3OH,equilibrium_like,0.005913408034627585,5.913408034627585,0.005551869086516889,5.55186908651689,0.9388611531635218,0.8284697358355907,1.5765180644403578
aimnet2_2025,AIMNet2-2025,nonwater_environment__pros_azaaryl_sulfoxide__ch3oh__equilibrium_like,pros_azaaryl_sulfoxide,CH3OH,equilibrium_like,0.005913408034627585,5.913408034627585,0.015213548496450745,15.213548496450745,2.572720909391612,8.33511216447864,5.0005336208684685
mace_mdp,MACE-MDP,nonwater_environment__pros_azaaryl_sulfoxide__ch3oh__equilibrium_like,pros_azaaryl_sulfoxide,CH3OH,equilibrium_like,0.005913408034627585,5.913408034627585,,,,10.423400587528498,5.591976552399473
gfn2_xtb,GFN2-xTB,nonwater_environment__pros_azaaryl_sulfoxide__ch3oh__equilibrium_like,pros_azaaryl_sulfoxide,CH3OH,equilibrium_like,0.005913408034627585,5.913408034627585,,,,0.055777163789866156,0.4090617207336791
zero,Zero response,nonwater_environment__pros_azaaryl_sulfoxide__ch3oh__equilibrium_like,pros_azaaryl_sulfoxide,CH3OH,equilibrium_like,0.005913408034627585,5.913408034627585,0.005913408034627585,5.913408034627585,1.0,0.531619036644591,1.2628765220455138
glider,GLIDER,nonwater_environment__pros_azaaryl_sulfoxide__nh3__altered_orientation,pros_azaaryl_sulfoxide,NH3,altered_orientation,0.00296886054551014,2.96886054551014,0.001252189194663095,1.252189194663095,0.42177433916753104,0.019403598478333412,0.24126913485773566
mace_polar_s,MACE-POLAR-1-S,nonwater_environment__pros_azaaryl_sulfoxide__nh3__altered_orientation,pros_azaaryl_sulfoxide,NH3,altered_orientation,0.00296886054551014,2.96886054551014,0.0023572810832570615,2.3572810832570616,0.7940019570208574,0.038037835128680225,0.33780690547417863
mace_polar_m,MACE-POLAR-1-M,nonwater_environment__pros_azaaryl_sulfoxide__nh3__altered_orientation,pros_azaaryl_sulfoxide,NH3,altered_orientation,0.00296886054551014,2.96886054551014,0.001368893891550394,1.368893891550394,0.4610839312141476,0.0329335488767307,0.3143257015106975
mace_polar_l,MACE-POLAR-1-L,nonwater_environment__pros_azaaryl_sulfoxide__nh3__altered_orientation,pros_azaaryl_sulfoxide,NH3,altered_orientation,0.00296886054551014,2.96886054551014,0.0013546167353556669,1.3546167353556668,0.45627496293292646,0.027304097419096836,0.28620323593085123
aimnet2,AIMNet2,nonwater_environment__pros_azaaryl_sulfoxide__nh3__altered_orientation,pros_azaaryl_sulfoxide,NH3,altered_orientation,0.00296886054551014,2.96886054551014,0.002767135235958507,2.767135235958507,0.93205295214802,0.0190866529741139,0.2392905324544657
aimnet2_2025,AIMNet2-2025,nonwater_environment__pros_azaaryl_sulfoxide__nh3__altered_orientation,pros_azaaryl_sulfoxide,NH3,altered_orientation,0.00296886054551014,2.96886054551014,0.002927285279497516,2.9272852794975157,0.9859962213194894,0.14140399680656024,0.6513155843519183
mace_mdp,MACE-MDP,nonwater_environment__pros_azaaryl_sulfoxide__nh3__altered_orientation,pros_azaaryl_sulfoxide,NH3,altered_orientation,0.00296886054551014,2.96886054551014,,,,0.0036119823457572836,0.10409585504366564
gfn2_xtb,GFN2-xTB,nonwater_environment__pros_azaaryl_sulfoxide__nh3__altered_orientation,pros_azaaryl_sulfoxide,NH3,altered_orientation,0.00296886054551014,2.96886054551014,,,,0.016016280582949242,0.21920046019305645
zero,Zero response,nonwater_environment__pros_azaaryl_sulfoxide__nh3__altered_orientation,pros_azaaryl_sulfoxide,NH3,altered_orientation,0.00296886054551014,2.96886054551014,0.00296886054551014,2.96886054551014,1.0,0.046330126135071335,0.37281413385923823
glider,GLIDER,nonwater_environment__pros_azaaryl_sulfoxide__nh3__equilibrium_like,pros_azaaryl_sulfoxide,NH3,equilibrium_like,0.0035704688944379207,3.5704688944379206,0.0013077025821651986,1.3077025821651986,0.3662551392626158,0.018735240287925083,0.2370774575192151
mace_polar_s,MACE-POLAR-1-S,nonwater_environment__pros_azaaryl_sulfoxide__nh3__equilibrium_like,pros_azaaryl_sulfoxide,NH3,equilibrium_like,0.0035704688944379207,3.5704688944379206,0.0033297320656160718,3.3297320656160716,0.932575570341232,0.07923960159271888,0.4875641545254908
mace_polar_m,MACE-POLAR-1-M,nonwater_environment__pros_azaaryl_sulfoxide__nh3__equilibrium_like,pros_azaaryl_sulfoxide,NH3,equilibrium_like,0.0035704688944379207,3.5704688944379206,0.0012354914936670099,1.2354914936670098,0.3460305999561177,0.028742042327898797,0.2936428561768469
mace_polar_l,MACE-POLAR-1-L,nonwater_environment__pros_azaaryl_sulfoxide__nh3__equilibrium_like,pros_azaaryl_sulfoxide,NH3,equilibrium_like,0.0035704688944379207,3.5704688944379206,0.001530146684735032,1.530146684735032,0.4285562288803848,0.03597496895796303,0.32851926408338533
aimnet2,AIMNet2,nonwater_environment__pros_azaaryl_sulfoxide__nh3__equilibrium_like,pros_azaaryl_sulfoxide,NH3,equilibrium_like,0.0035704688944379207,3.5704688944379206,0.002438268474128083,2.438268474128083,0.6828986741563328,0.00191584944753136,0.0758125869667701
aimnet2_2025,AIMNet2-2025,nonwater_environment__pros_azaaryl_sulfoxide__nh3__equilibrium_like,pros_azaaryl_sulfoxide,NH3,equilibrium_like,0.0035704688944379207,3.5704688944379206,0.00408859619208679,4.08859619208679,1.14511463703157,0.28833998920963383,0.9300644964887658
mace_mdp,MACE-MDP,nonwater_environment__pros_azaaryl_sulfoxide__nh3__equilibrium_like,pros_azaaryl_sulfoxide,NH3,equilibrium_like,0.0035704688944379207,3.5704688944379206,,,,0.0324366163046848,0.3119452658946027
gfn2_xtb,GFN2-xTB,nonwater_environment__pros_azaaryl_sulfoxide__nh3__equilibrium_like,pros_azaaryl_sulfoxide,NH3,equilibrium_like,0.0035704688944379207,3.5704688944379206,,,,0.022878727142012528,0.2619850786324244
zero,Zero response,nonwater_environment__pros_azaaryl_sulfoxide__nh3__equilibrium_like,pros_azaaryl_sulfoxide,NH3,equilibrium_like,0.0035704688944379207,3.5704688944379206,0.0035704688944379207,3.5704688944379206,1.0,0.04401244744804869,0.3633694295674116
glider,GLIDER,nonwater_environment__pros_cyano_cyclic_acetal__ch3cn__altered_orientation,pros_cyano_cyclic_acetal,CH3CN,altered_orientation,0.00505492329260713,5.05492329260713,0.002338548923928546,2.338548923928546,0.46262797446376575,0.008619149674802191,0.16080251560347733
mace_polar_s,MACE-POLAR-1-S,nonwater_environment__pros_cyano_cyclic_acetal__ch3cn__altered_orientation,pros_cyano_cyclic_acetal,CH3CN,altered_orientation,0.00505492329260713,5.05492329260713,0.0030314074450596344,3.031407445059634,0.5996940546047642,0.009083637752665914,0.16507850634773064
mace_polar_m,MACE-POLAR-1-M,nonwater_environment__pros_cyano_cyclic_acetal__ch3cn__altered_orientation,pros_cyano_cyclic_acetal,CH3CN,altered_orientation,0.00505492329260713,5.05492329260713,0.0019854676921107622,1.9854676921107623,0.3927789952845628,0.020316464991137848,0.24687931256671455
mace_polar_l,MACE-POLAR-1-L,nonwater_environment__pros_cyano_cyclic_acetal__ch3cn__altered_orientation,pros_cyano_cyclic_acetal,CH3CN,altered_orientation,0.00505492329260713,5.05492329260713,0.0018117574916866664,1.8117574916866663,0.35841443812537727,0.0033261792632959947,0.09989263130926117
aimnet2,AIMNet2,nonwater_environment__pros_cyano_cyclic_acetal__ch3cn__altered_orientation,pros_cyano_cyclic_acetal,CH3CN,altered_orientation,0.00505492329260713,5.05492329260713,0.0030433503274229414,3.0433503274229414,0.6020566784611486,0.04753341703593297,0.377624484253602
aimnet2_2025,AIMNet2-2025,nonwater_environment__pros_cyano_cyclic_acetal__ch3cn__altered_orientation,pros_cyano_cyclic_acetal,CH3CN,altered_orientation,0.00505492329260713,5.05492329260713,0.003989803046487153,3.9898030464871526,0.789290522434292,0.28928008739749306,0.9315794449173292
mace_mdp,MACE-MDP,nonwater_environment__pros_cyano_cyclic_acetal__ch3cn__altered_orientation,pros_cyano_cyclic_acetal,CH3CN,altered_orientation,0.00505492329260713,5.05492329260713,,,,0.08291531823012528,0.4987443781040302
gfn2_xtb,GFN2-xTB,nonwater_environment__pros_cyano_cyclic_acetal__ch3cn__altered_orientation,pros_cyano_cyclic_acetal,CH3CN,altered_orientation,0.00505492329260713,5.05492329260713,,,,0.017329019937360073,0.22800671001547348
zero,Zero response,nonwater_environment__pros_cyano_cyclic_acetal__ch3cn__altered_orientation,pros_cyano_cyclic_acetal,CH3CN,altered_orientation,0.00505492329260713,5.05492329260713,0.00505492329260713,5.05492329260713,1.0,0.3237640475976705,0.9855415479790852
glider,GLIDER,nonwater_environment__pros_cyano_cyclic_acetal__ch3cn__equilibrium_like,pros_cyano_cyclic_acetal,CH3CN,equilibrium_like,0.0038461818510979262,3.8461818510979264,0.0015753384762138807,1.5753384762138807,0.4095850215101469,0.024986813835957244,0.27378904563161716
mace_polar_s,MACE-POLAR-1-S,nonwater_environment__pros_cyano_cyclic_acetal__ch3cn__equilibrium_like,pros_cyano_cyclic_acetal,CH3CN,equilibrium_like,0.0038461818510979262,3.8461818510979264,0.00358592188331644,3.58592188331644,0.9323329010802771,0.2074719599636415,0.7889333811488296
mace_polar_m,MACE-POLAR-1-M,nonwater_environment__pros_cyano_cyclic_acetal__ch3cn__equilibrium_like,pros_cyano_cyclic_acetal,CH3CN,equilibrium_like,0.0038461818510979262,3.8461818510979264,0.0025088909217220686,2.5088909217220685,0.6523068900150636,0.045125116716445667,0.3679338937218709
mace_polar_l,MACE-POLAR-1-L,nonwater_environment__pros_cyano_cyclic_acetal__ch3cn__equilibrium_like,pros_cyano_cyclic_acetal,CH3CN,equilibrium_like,0.0038461818510979262,3.8461818510979264,0.0021947739141561637,2.1947739141561637,0.5706370627092544,0.013784129338410049,0.20335286576596392
aimnet2,AIMNet2,nonwater_environment__pros_cyano_cyclic_acetal__ch3cn__equilibrium_like,pros_cyano_cyclic_acetal,CH3CN,equilibrium_like,0.0038461818510979262,3.8461818510979264,0.0031501105105568653,3.1501105105568654,0.8190227692062034,0.2737157587965773,0.90617176980401
aimnet2_2025,AIMNet2-2025,nonwater_environment__pros_cyano_cyclic_acetal__ch3cn__equilibrium_like,pros_cyano_cyclic_acetal,CH3CN,equilibrium_like,0.0038461818510979262,3.8461818510979264,0.00436542218052515,4.36542218052515,1.1350015026665996,0.6105339924020793,1.353366904134366
mace_mdp,MACE-MDP,nonwater_environment__pros_cyano_cyclic_acetal__ch3cn__equilibrium_like,pros_cyano_cyclic_acetal,CH3CN,equilibrium_like,0.0038461818510979262,3.8461818510979264,,,,0.05230118173938637,0.3961105214686415
gfn2_xtb,GFN2-xTB,nonwater_environment__pros_cyano_cyclic_acetal__ch3cn__equilibrium_like,pros_cyano_cyclic_acetal,CH3CN,equilibrium_like,0.0038461818510979262,3.8461818510979264,,,,0.006453769967977814,0.1391449241040917
zero,Zero response,nonwater_environment__pros_cyano_cyclic_acetal__ch3cn__equilibrium_like,pros_cyano_cyclic_acetal,CH3CN,equilibrium_like,0.0038461818510979262,3.8461818510979264,0.0038461818510979262,3.8461818510979264,1.0,0.2667845882311408,0.8946249296176708
glider,GLIDER,nonwater_environment__pros_cyano_cyclic_acetal__ch3oh__altered_orientation,pros_cyano_cyclic_acetal,CH3OH,altered_orientation,0.0038051276858405525,3.8051276858405525,0.001676904166557136,1.676904166557136,0.44069589906198064,0.06412241457588093,0.43859690346335417
mace_polar_s,MACE-POLAR-1-S,nonwater_environment__pros_cyano_cyclic_acetal__ch3oh__altered_orientation,pros_cyano_cyclic_acetal,CH3OH,altered_orientation,0.0038051276858405525,3.8051276858405525,0.0044444658021603875,4.444465802160387,1.168020147838641,0.14881722040587106,0.6681703833735921
mace_polar_m,MACE-POLAR-1-M,nonwater_environment__pros_cyano_cyclic_acetal__ch3oh__altered_orientation,pros_cyano_cyclic_acetal,CH3OH,altered_orientation,0.0038051276858405525,3.8051276858405525,0.002669407009700711,2.669407009700711,0.7015288920878983,0.16415934372113017,0.7017677900583572
mace_polar_l,MACE-POLAR-1-L,nonwater_environment__pros_cyano_cyclic_acetal__ch3oh__altered_orientation,pros_cyano_cyclic_acetal,CH3OH,altered_orientation,0.0038051276858405525,3.8051276858405525,0.0028281975771334163,2.8281975771334165,0.7432595725125234,0.045524435426050176,0.3695582583005696
aimnet2,AIMNet2,nonwater_environment__pros_cyano_cyclic_acetal__ch3oh__altered_orientation,pros_cyano_cyclic_acetal,CH3OH,altered_orientation,0.0038051276858405525,3.8051276858405525,0.003601421073600319,3.601421073600319,0.9464652361080402,0.17043541917708183,0.7150568211906279
aimnet2_2025,AIMNet2-2025,nonwater_environment__pros_cyano_cyclic_acetal__ch3oh__altered_orientation,pros_cyano_cyclic_acetal,CH3OH,altered_orientation,0.0038051276858405525,3.8051276858405525,0.0032977084657522596,3.2977084657522595,0.8666485695141124,0.12545425532690943,0.6134841203981798
mace_mdp,MACE-MDP,nonwater_environment__pros_cyano_cyclic_acetal__ch3oh__altered_orientation,pros_cyano_cyclic_acetal,CH3OH,altered_orientation,0.0038051276858405525,3.8051276858405525,,,,0.02111253488991015,0.2516696339841787
gfn2_xtb,GFN2-xTB,nonwater_environment__pros_cyano_cyclic_acetal__ch3oh__altered_orientation,pros_cyano_cyclic_acetal,CH3OH,altered_orientation,0.0038051276858405525,3.8051276858405525,,,,0.11729587983806694,0.5932011796298123
zero,Zero response,nonwater_environment__pros_cyano_cyclic_acetal__ch3oh__altered_orientation,pros_cyano_cyclic_acetal,CH3OH,altered_orientation,0.0038051276858405525,3.8051276858405525,0.0038051276858405525,3.8051276858405525,1.0,0.3799968807628069,1.0677034430441914
glider,GLIDER,nonwater_environment__pros_cyano_cyclic_acetal__ch3oh__equilibrium_like,pros_cyano_cyclic_acetal,CH3OH,equilibrium_like,0.004642912699465165,4.642912699465166,0.0014495494601230719,1.4495494601230718,0.31220691706954795,0.009436969550306576,0.16825845788821353
mace_polar_s,MACE-POLAR-1-S,nonwater_environment__pros_cyano_cyclic_acetal__ch3oh__equilibrium_like,pros_cyano_cyclic_acetal,CH3OH,equilibrium_like,0.004642912699465165,4.642912699465166,0.002967141389014004,2.967141389014004,0.6390689597406818,0.04235293714410319,0.356453098502888
mace_polar_m,MACE-POLAR-1-M,nonwater_environment__pros_cyano_cyclic_acetal__ch3oh__equilibrium_like,pros_cyano_cyclic_acetal,CH3OH,equilibrium_like,0.004642912699465165,4.642912699465166,0.0015321512917789934,1.5321512917789935,0.3299978679236178,0.024416904408876876,0.270648689682087
mace_polar_l,MACE-POLAR-1-L,nonwater_environment__pros_cyano_cyclic_acetal__ch3oh__equilibrium_like,pros_cyano_cyclic_acetal,CH3OH,equilibrium_like,0.004642912699465165,4.642912699465166,0.00162852000955881,1.62852000955881,0.35075395876954685,0.007685377265431473,0.151842457159697
aimnet2,AIMNet2,nonwater_environment__pros_cyano_cyclic_acetal__ch3oh__equilibrium_like,pros_cyano_cyclic_acetal,CH3OH,equilibrium_like,0.004642912699465165,4.642912699465166,0.0029108355208663683,2.9108355208663683,0.6269416871012196,0.0019369228976224197,0.07622839820478494
aimnet2_2025,AIMNet2-2025,nonwater_environment__pros_cyano_cyclic_acetal__ch3oh__equilibrium_like,pros_cyano_cyclic_acetal,CH3OH,equilibrium_like,0.004642912699465165,4.642912699465166,0.002962318653522681,2.962318653522681,0.6380302291412719,0.1894678534526205,0.7539254342160513
mace_mdp,MACE-MDP,nonwater_environment__pros_cyano_cyclic_acetal__ch3oh__equilibrium_like,pros_cyano_cyclic_acetal,CH3OH,equilibrium_like,0.004642912699465165,4.642912699465166,,,,0.0023699638051212827,0.08432017205487574
gfn2_xtb,GFN2-xTB,nonwater_environment__pros_cyano_cyclic_acetal__ch3oh__equilibrium_like,pros_cyano_cyclic_acetal,CH3OH,equilibrium_like,0.004642912699465165,4.642912699465166,,,,0.02685656680270036,0.283848023435255
zero,Zero response,nonwater_environment__pros_cyano_cyclic_acetal__ch3oh__equilibrium_like,pros_cyano_cyclic_acetal,CH3OH,equilibrium_like,0.004642912699465165,4.642912699465166,0.004642912699465165,4.642912699465166,1.0,0.30066006588331307,0.9497263804117159
glider,GLIDER,nonwater_environment__pros_cyano_cyclic_acetal__nh3__altered_orientation,pros_cyano_cyclic_acetal,NH3,altered_orientation,0.004118279761208308,4.118279761208308,0.002023607857426625,2.023607857426625,0.4913721200992174,0.04959935315365551,0.38574351512496813
mace_polar_s,MACE-POLAR-1-S,nonwater_environment__pros_cyano_cyclic_acetal__nh3__altered_orientation,pros_cyano_cyclic_acetal,NH3,altered_orientation,0.004118279761208308,4.118279761208308,0.00625285738716969,6.25285738716969,1.5183177806587609,0.09769868951926582,0.5413834764358786
mace_polar_m,MACE-POLAR-1-M,nonwater_environment__pros_cyano_cyclic_acetal__nh3__altered_orientation,pros_cyano_cyclic_acetal,NH3,altered_orientation,0.004118279761208308,4.118279761208308,0.003020756177407278,3.020756177407278,0.7334995076975986,0.12229529223553075,0.6057110505072466
mace_polar_l,MACE-POLAR-1-L,nonwater_environment__pros_cyano_cyclic_acetal__nh3__altered_orientation,pros_cyano_cyclic_acetal,NH3,altered_orientation,0.004118279761208308,4.118279761208308,0.0029985942281422974,2.9985942281422973,0.7281181468989145,0.05031337599261989,0.3885101388353458
aimnet2,AIMNet2,nonwater_environment__pros_cyano_cyclic_acetal__nh3__altered_orientation,pros_cyano_cyclic_acetal,NH3,altered_orientation,0.004118279761208308,4.118279761208308,0.004537284622394936,4.537284622394936,1.1017426900264036,0.3373059734850013,1.005941310641433
aimnet2_2025,AIMNet2-2025,nonwater_environment__pros_cyano_cyclic_acetal__nh3__altered_orientation,pros_cyano_cyclic_acetal,NH3,altered_orientation,0.004118279761208308,4.118279761208308,0.0066001824249849106,6.600182424984911,1.6026551880119018,1.2586228015768317,1.9431593873716317
mace_mdp,MACE-MDP,nonwater_environment__pros_cyano_cyclic_acetal__nh3__altered_orientation,pros_cyano_cyclic_acetal,NH3,altered_orientation,0.004118279761208308,4.118279761208308,,,,0.15895971746344495,0.6905643723725796
gfn2_xtb,GFN2-xTB,nonwater_environment__pros_cyano_cyclic_acetal__nh3__altered_orientation,pros_cyano_cyclic_acetal,NH3,altered_orientation,0.004118279761208308,4.118279761208308,,,,0.2021766336613736,0.7788002959579052
zero,Zero response,nonwater_environment__pros_cyano_cyclic_acetal__nh3__altered_orientation,pros_cyano_cyclic_acetal,NH3,altered_orientation,0.004118279761208308,4.118279761208308,0.004118279761208308,4.118279761208308,1.0,0.2715992512362939,0.9026614834526184
glider,GLIDER,nonwater_environment__pros_cyano_cyclic_acetal__nh3__equilibrium_like,pros_cyano_cyclic_acetal,NH3,equilibrium_like,0.006346630008067754,6.346630008067754,0.0023007369130797987,2.3007369130797986,0.36251316212779566,0.00898226826863884,0.16415481962439152
mace_polar_s,MACE-POLAR-1-S,nonwater_environment__pros_cyano_cyclic_acetal__nh3__equilibrium_like,pros_cyano_cyclic_acetal,NH3,equilibrium_like,0.006346630008067754,6.346630008067754,0.004748263722806409,4.748263722806409,0.7481551180343707,0.042550617688087454,0.35728399497355373
mace_polar_m,MACE-POLAR-1-M,nonwater_environment__pros_cyano_cyclic_acetal__nh3__equilibrium_like,pros_cyano_cyclic_acetal,NH3,equilibrium_like,0.006346630008067754,6.346630008067754,0.0026713189682898817,2.6713189682898815,0.42090352910034706,0.030156847933641106,0.3007832172860104
mace_polar_l,MACE-POLAR-1-L,nonwater_environment__pros_cyano_cyclic_acetal__nh3__equilibrium_like,pros_cyano_cyclic_acetal,NH3,equilibrium_like,0.006346630008067754,6.346630008067754,0.002529975027840598,2.529975027840598,0.3986328216115524,0.015074319829128444,0.21265690557182793
aimnet2,AIMNet2,nonwater_environment__pros_cyano_cyclic_acetal__nh3__equilibrium_like,pros_cyano_cyclic_acetal,NH3,equilibrium_like,0.006346630008067754,6.346630008067754,0.004866899307121141,4.866899307121141,0.7668478075662835,0.09311062685406586,0.5285185716341457
aimnet2_2025,AIMNet2-2025,nonwater_environment__pros_cyano_cyclic_acetal__nh3__equilibrium_like,pros_cyano_cyclic_acetal,NH3,equilibrium_like,0.006346630008067754,6.346630008067754,0.006961914123187232,6.961914123187232,1.0969465865092713,1.1398687135644945,1.8492177104639365
mace_mdp,MACE-MDP,nonwater_environment__pros_cyano_cyclic_acetal__nh3__equilibrium_like,pros_cyano_cyclic_acetal,NH3,equilibrium_like,0.006346630008067754,6.346630008067754,,,,0.091229125012881,0.5231513882602654
gfn2_xtb,GFN2-xTB,nonwater_environment__pros_cyano_cyclic_acetal__nh3__equilibrium_like,pros_cyano_cyclic_acetal,NH3,equilibrium_like,0.006346630008067754,6.346630008067754,,,,0.09117761348710267,0.5230036715562406
zero,Zero response,nonwater_environment__pros_cyano_cyclic_acetal__nh3__equilibrium_like,pros_cyano_cyclic_acetal,NH3,equilibrium_like,0.006346630008067754,6.346630008067754,0.006346630008067754,6.346630008067754,1.0,0.23723656880510113,0.8436288914062293
glider,GLIDER,nonwater_environment__pros_halogen_oxazinanone__ch3cn__altered_orientation,pros_halogen_oxazinanone,CH3CN,altered_orientation,0.005230081442969141,5.230081442969141,0.0023433895467800695,2.3433895467800694,0.44805985763956224,0.024514121491933896,0.271186954840755
mace_polar_s,MACE-POLAR-1-S,nonwater_environment__pros_halogen_oxazinanone__ch3cn__altered_orientation,pros_halogen_oxazinanone,CH3CN,altered_orientation,0.005230081442969141,5.230081442969141,0.006010226770055013,6.010226770055013,1.1491650437173653,0.7152539724145525,1.4648419427513868
mace_polar_m,MACE-POLAR-1-M,nonwater_environment__pros_halogen_oxazinanone__ch3cn__altered_orientation,pros_halogen_oxazinanone,CH3CN,altered_orientation,0.005230081442969141,5.230081442969141,0.0031319950221608793,3.131995022160879,0.5988424953441703,0.012284638551389698,0.19197373688650513
mace_polar_l,MACE-POLAR-1-L,nonwater_environment__pros_halogen_oxazinanone__ch3cn__altered_orientation,pros_halogen_oxazinanone,CH3CN,altered_orientation,0.005230081442969141,5.230081442969141,0.003988388714293615,3.9883887142936154,0.7625863493302294,0.05076044751890533,0.3902324212014117
aimnet2,AIMNet2,nonwater_environment__pros_halogen_oxazinanone__ch3cn__altered_orientation,pros_halogen_oxazinanone,CH3CN,altered_orientation,0.005230081442969141,5.230081442969141,0.006410564366547926,6.410564366547926,1.2257102372976854,0.9248838386214281,1.665728524059153
aimnet2_2025,AIMNet2-2025,nonwater_environment__pros_halogen_oxazinanone__ch3cn__altered_orientation,pros_halogen_oxazinanone,CH3CN,altered_orientation,0.005230081442969141,5.230081442969141,0.008264936090201815,8.264936090201815,1.580269099119377,3.15645123163308,3.0772314984250437
mace_mdp,MACE-MDP,nonwater_environment__pros_halogen_oxazinanone__ch3cn__altered_orientation,pros_halogen_oxazinanone,CH3CN,altered_orientation,0.005230081442969141,5.230081442969141,,,,0.29598890095001545,0.9423198516692972
gfn2_xtb,GFN2-xTB,nonwater_environment__pros_halogen_oxazinanone__ch3cn__altered_orientation,pros_halogen_oxazinanone,CH3CN,altered_orientation,0.005230081442969141,5.230081442969141,,,,0.23949513516916965,0.8476351842081055
zero,Zero response,nonwater_environment__pros_halogen_oxazinanone__ch3cn__altered_orientation,pros_halogen_oxazinanone,CH3CN,altered_orientation,0.005230081442969141,5.230081442969141,0.005230081442969141,5.230081442969141,1.0,0.2231715908965428,0.818238823748683
glider,GLIDER,nonwater_environment__pros_halogen_oxazinanone__ch3cn__equilibrium_like,pros_halogen_oxazinanone,CH3CN,equilibrium_like,0.0055123585108142956,5.512358510814296,0.0019276116376815997,1.9276116376815997,0.3496890911394748,0.009546072334139974,0.16922829846813423
mace_polar_s,MACE-POLAR-1-S,nonwater_environment__pros_halogen_oxazinanone__ch3cn__equilibrium_like,pros_halogen_oxazinanone,CH3CN,equilibrium_like,0.0055123585108142956,5.512358510814296,0.004570378908144922,4.570378908144922,0.8291149603529284,0.4445874100426816,1.1548862412064855
mace_polar_m,MACE-POLAR-1-M,nonwater_environment__pros_halogen_oxazinanone__ch3cn__equilibrium_like,pros_halogen_oxazinanone,CH3CN,equilibrium_like,0.0055123585108142956,5.512358510814296,0.003297681627041638,3.297681627041638,0.5982342441211246,0.005748318418445665,0.13132004894659838
mace_polar_l,MACE-POLAR-1-L,nonwater_environment__pros_halogen_oxazinanone__ch3cn__equilibrium_like,pros_halogen_oxazinanone,CH3CN,equilibrium_like,0.0055123585108142956,5.512358510814296,0.0033368344118988543,3.336834411898854,0.6053369724325008,0.03005128425421431,0.3002563117781921
aimnet2,AIMNet2,nonwater_environment__pros_halogen_oxazinanone__ch3cn__equilibrium_like,pros_halogen_oxazinanone,CH3CN,equilibrium_like,0.0055123585108142956,5.512358510814296,0.006292615879740084,6.292615879740084,1.1415469199608586,1.2520263420334947,1.9380606353002694
aimnet2_2025,AIMNet2-2025,nonwater_environment__pros_halogen_oxazinanone__ch3cn__equilibrium_like,pros_halogen_oxazinanone,CH3CN,equilibrium_like,0.0055123585108142956,5.512358510814296,0.009515816902145566,9.515816902145566,1.7262695964852752,4.100667239817297,3.507420949850743
mace_mdp,MACE-MDP,nonwater_environment__pros_halogen_oxazinanone__ch3cn__equilibrium_like,pros_halogen_oxazinanone,CH3CN,equilibrium_like,0.0055123585108142956,5.512358510814296,,,,0.43244230781596826,1.1390026002814502
gfn2_xtb,GFN2-xTB,nonwater_environment__pros_halogen_oxazinanone__ch3cn__equilibrium_like,pros_halogen_oxazinanone,CH3CN,equilibrium_like,0.0055123585108142956,5.512358510814296,,,,0.024585969211899084,0.2715840710271817
zero,Zero response,nonwater_environment__pros_halogen_oxazinanone__ch3cn__equilibrium_like,pros_halogen_oxazinanone,CH3CN,equilibrium_like,0.0055123585108142956,5.512358510814296,0.0055123585108142956,5.512358510814296,1.0,0.16651863963989622,0.7067926986887235
glider,GLIDER,nonwater_environment__pros_halogen_oxazinanone__ch3oh__altered_orientation,pros_halogen_oxazinanone,CH3OH,altered_orientation,0.005035257866662658,5.035257866662658,0.0017726226494757852,1.772622649475785,0.3520420793564382,0.01805833463504918,0.2327552446351049
mace_polar_s,MACE-POLAR-1-S,nonwater_environment__pros_halogen_oxazinanone__ch3oh__altered_orientation,pros_halogen_oxazinanone,CH3OH,altered_orientation,0.005035257866662658,5.035257866662658,0.0038791369233165856,3.8791369233165858,0.7703948886112673,0.23085658845948362,0.8322077657523095
mace_polar_m,MACE-POLAR-1-M,nonwater_environment__pros_halogen_oxazinanone__ch3oh__altered_orientation,pros_halogen_oxazinanone,CH3OH,altered_orientation,0.005035257866662658,5.035257866662658,0.0028682834244063396,2.8682834244063398,0.5696398278619685,0.002648024668811457,0.08912953498383334
mace_polar_l,MACE-POLAR-1-L,nonwater_environment__pros_halogen_oxazinanone__ch3oh__altered_orientation,pros_halogen_oxazinanone,CH3OH,altered_orientation,0.005035257866662658,5.035257866662658,0.002486178360966759,2.486178360966759,0.4937539301466967,0.06760702100067094,0.45035659537972
aimnet2,AIMNet2,nonwater_environment__pros_halogen_oxazinanone__ch3oh__altered_orientation,pros_halogen_oxazinanone,CH3OH,altered_orientation,0.005035257866662658,5.035257866662658,0.004861622472398155,4.861622472398155,0.9655160869884927,0.41104879970901176,1.1104712509232444
aimnet2_2025,AIMNet2-2025,nonwater_environment__pros_halogen_oxazinanone__ch3oh__altered_orientation,pros_halogen_oxazinanone,CH3OH,altered_orientation,0.005035257866662658,5.035257866662658,0.007860088471916542,7.860088471916542,1.5610101170699657,2.790662704510591,2.8934388041795134
mace_mdp,MACE-MDP,nonwater_environment__pros_halogen_oxazinanone__ch3oh__altered_orientation,pros_halogen_oxazinanone,CH3OH,altered_orientation,0.005035257866662658,5.035257866662658,,,,0.16424083495736716,0.7019419526371832
gfn2_xtb,GFN2-xTB,nonwater_environment__pros_halogen_oxazinanone__ch3oh__altered_orientation,pros_halogen_oxazinanone,CH3OH,altered_orientation,0.005035257866662658,5.035257866662658,,,,0.015309207741733675,0.21430731024675995
zero,Zero response,nonwater_environment__pros_halogen_oxazinanone__ch3oh__altered_orientation,pros_halogen_oxazinanone,CH3OH,altered_orientation,0.005035257866662658,5.035257866662658,0.005035257866662658,5.035257866662658,1.0,0.13873756603944773,0.6451454860094297
glider,GLIDER,nonwater_environment__pros_halogen_oxazinanone__ch3oh__equilibrium_like,pros_halogen_oxazinanone,CH3OH,equilibrium_like,0.005045708464441177,5.0457084644411765,0.0016235110248860696,1.6235110248860696,0.32176076686306865,0.010134690091219622,0.17436762966118127
mace_polar_s,MACE-POLAR-1-S,nonwater_environment__pros_halogen_oxazinanone__ch3oh__equilibrium_like,pros_halogen_oxazinanone,CH3OH,equilibrium_like,0.005045708464441177,5.0457084644411765,0.004458854973405208,4.458854973405208,0.8836925487923599,0.3632953954374633,1.0439761425973249
mace_polar_m,MACE-POLAR-1-M,nonwater_environment__pros_halogen_oxazinanone__ch3oh__equilibrium_like,pros_halogen_oxazinanone,CH3OH,equilibrium_like,0.005045708464441177,5.0457084644411765,0.0032424153252892975,3.2424153252892975,0.6426085351818681,0.005769618177208175,0.13156311995245676
mace_polar_l,MACE-POLAR-1-L,nonwater_environment__pros_halogen_oxazinanone__ch3oh__equilibrium_like,pros_halogen_oxazinanone,CH3OH,equilibrium_like,0.005045708464441177,5.0457084644411765,0.0027855095228578168,2.785509522857817,0.5520551856073829,0.07094792949459076,0.46134996313403154
aimnet2,AIMNet2,nonwater_environment__pros_halogen_oxazinanone__ch3oh__equilibrium_like,pros_halogen_oxazinanone,CH3OH,equilibrium_like,0.005045708464441177,5.0457084644411765,0.004679430478136278,4.679430478136278,0.9274080163596085,0.4326145497516178,1.1392294102834835
aimnet2_2025,AIMNet2-2025,nonwater_environment__pros_halogen_oxazinanone__ch3oh__equilibrium_like,pros_halogen_oxazinanone,CH3OH,equilibrium_like,0.005045708464441177,5.0457084644411765,0.009275499983896962,9.275499983896962,1.8382948696430965,3.4726308549571443,3.2276760315854864
mace_mdp,MACE-MDP,nonwater_environment__pros_halogen_oxazinanone__ch3oh__equilibrium_like,pros_halogen_oxazinanone,CH3OH,equilibrium_like,0.005045708464441177,5.0457084644411765,,,,0.021474367828479685,0.2538170669703656
gfn2_xtb,GFN2-xTB,nonwater_environment__pros_halogen_oxazinanone__ch3oh__equilibrium_like,pros_halogen_oxazinanone,CH3OH,equilibrium_like,0.005045708464441177,5.0457084644411765,,,,0.11001273200642557,0.5744895090593707
zero,Zero response,nonwater_environment__pros_halogen_oxazinanone__ch3oh__equilibrium_like,pros_halogen_oxazinanone,CH3OH,equilibrium_like,0.005045708464441177,5.0457084644411765,0.005045708464441177,5.0457084644411765,1.0,0.3379951412175542,1.0069684323019579
glider,GLIDER,nonwater_environment__pros_halogen_oxazinanone__nh3__altered_orientation,pros_halogen_oxazinanone,NH3,altered_orientation,0.004825907305936003,4.825907305936003,0.005106021653246038,5.106021653246038,1.0580438722818994,0.3157646177202245,0.9732902204176684
mace_polar_s,MACE-POLAR-1-S,nonwater_environment__pros_halogen_oxazinanone__nh3__altered_orientation,pros_halogen_oxazinanone,NH3,altered_orientation,0.004825907305936003,4.825907305936003,0.010319849090176294,10.319849090176294,2.1384267114875137,0.7252511232409615,1.4750435145184309
mace_polar_m,MACE-POLAR-1-M,nonwater_environment__pros_halogen_oxazinanone__nh3__altered_orientation,pros_halogen_oxazinanone,NH3,altered_orientation,0.004825907305936003,4.825907305936003,0.006234481732738349,6.234481732738349,1.291877638235977,0.45936248951889386,1.1739197027721622
mace_polar_l,MACE-POLAR-1-L,nonwater_environment__pros_halogen_oxazinanone__nh3__altered_orientation,pros_halogen_oxazinanone,NH3,altered_orientation,0.004825907305936003,4.825907305936003,0.005986758822220341,5.986758822220342,1.2405457549622758,0.397280426559725,1.0917148344138112
aimnet2,AIMNet2,nonwater_environment__pros_halogen_oxazinanone__nh3__altered_orientation,pros_halogen_oxazinanone,NH3,altered_orientation,0.004825907305936003,4.825907305936003,0.004861664855250481,4.86166485525048,1.007409497747811,0.376749259506653,1.0631311200975913
aimnet2_2025,AIMNet2-2025,nonwater_environment__pros_halogen_oxazinanone__nh3__altered_orientation,pros_halogen_oxazinanone,NH3,altered_orientation,0.004825907305936003,4.825907305936003,0.011791509241481476,11.791509241481476,2.443376653127503,5.03700310623581,3.887288170268244
mace_mdp,MACE-MDP,nonwater_environment__pros_halogen_oxazinanone__nh3__altered_orientation,pros_halogen_oxazinanone,NH3,altered_orientation,0.004825907305936003,4.825907305936003,,,,4.2746240866244145,3.5810434596459793
gfn2_xtb,GFN2-xTB,nonwater_environment__pros_halogen_oxazinanone__nh3__altered_orientation,pros_halogen_oxazinanone,NH3,altered_orientation,0.004825907305936003,4.825907305936003,,,,1.4524400917669835,2.087419525467018
zero,Zero response,nonwater_environment__pros_halogen_oxazinanone__nh3__altered_orientation,pros_halogen_oxazinanone,NH3,altered_orientation,0.004825907305936003,4.825907305936003,0.004825907305936003,4.825907305936003,1.0,0.05079444082647531,0.390363064952905
glider,GLIDER,nonwater_environment__pros_halogen_oxazinanone__nh3__equilibrium_like,pros_halogen_oxazinanone,NH3,equilibrium_like,0.008476452877906058,8.476452877906057,0.004110137544134624,4.110137544134624,0.48488885661686754,0.1816494846627812,0.738206240821861
mace_polar_s,MACE-POLAR-1-S,nonwater_environment__pros_halogen_oxazinanone__nh3__equilibrium_like,pros_halogen_oxazinanone,NH3,equilibrium_like,0.008476452877906058,8.476452877906057,0.007759495385248115,7.7594953852481146,0.915417745726317,0.050229285699096876,0.38818533859136234
mace_polar_m,MACE-POLAR-1-M,nonwater_environment__pros_halogen_oxazinanone__nh3__equilibrium_like,pros_halogen_oxazinanone,NH3,equilibrium_like,0.008476452877906058,8.476452877906057,0.004943064781293645,4.943064781293645,0.5831525111379765,0.3450454223644319,1.017416466887231
mace_polar_l,MACE-POLAR-1-L,nonwater_environment__pros_halogen_oxazinanone__nh3__equilibrium_like,pros_halogen_oxazinanone,NH3,equilibrium_like,0.008476452877906058,8.476452877906057,0.005998120817641333,5.998120817641333,0.7076215610512604,0.21923281409775877,0.810986092539987
aimnet2,AIMNet2,nonwater_environment__pros_halogen_oxazinanone__nh3__equilibrium_like,pros_halogen_oxazinanone,NH3,equilibrium_like,0.008476452877906058,8.476452877906057,0.009318528700540679,9.318528700540678,1.0993429486087865,2.5693970219943707,2.7763629204380162
aimnet2_2025,AIMNet2-2025,nonwater_environment__pros_halogen_oxazinanone__nh3__equilibrium_like,pros_halogen_oxazinanone,NH3,equilibrium_like,0.008476452877906058,8.476452877906057,0.018623461168181105,18.623461168181105,2.197081896924515,10.941815681288553,5.729349617876855
mace_mdp,MACE-MDP,nonwater_environment__pros_halogen_oxazinanone__nh3__equilibrium_like,pros_halogen_oxazinanone,NH3,equilibrium_like,0.008476452877906058,8.476452877906057,,,,12.403958285008173,6.1001536747056235
gfn2_xtb,GFN2-xTB,nonwater_environment__pros_halogen_oxazinanone__nh3__equilibrium_like,pros_halogen_oxazinanone,NH3,equilibrium_like,0.008476452877906058,8.476452877906057,,,,1.876064402982621,2.372381337169019
zero,Zero response,nonwater_environment__pros_halogen_oxazinanone__nh3__equilibrium_like,pros_halogen_oxazinanone,NH3,equilibrium_like,0.008476452877906058,8.476452877906057,0.008476452877906058,8.476452877906057,1.0,0.9709399957450268,1.7066985636705387
glider,GLIDER,nonwater_environment__pros_heteroaryl_amide__ch3cn__altered_orientation,pros_heteroaryl_amide,CH3CN,altered_orientation,0.0012943220259486249,1.2943220259486248,0.0006965727266067024,0.6965727266067024,0.5381757496525453,0.0004857795589362744,0.03817510545903997
mace_polar_s,MACE-POLAR-1-S,nonwater_environment__pros_heteroaryl_amide__ch3cn__altered_orientation,pros_heteroaryl_amide,CH3CN,altered_orientation,0.0012943220259486249,1.2943220259486248,0.0015423818569433611,1.5423818569433612,1.1916523291898167,0.024651567753683327,0.27194614036799636
mace_polar_m,MACE-POLAR-1-M,nonwater_environment__pros_heteroaryl_amide__ch3cn__altered_orientation,pros_heteroaryl_amide,CH3CN,altered_orientation,0.0012943220259486249,1.2943220259486248,0.0008570248709961374,0.8570248709961373,0.6621419197189455,0.0003122086087127465,0.03060434325611709
mace_polar_l,MACE-POLAR-1-L,nonwater_environment__pros_heteroaryl_amide__ch3cn__altered_orientation,pros_heteroaryl_amide,CH3CN,altered_orientation,0.0012943220259486249,1.2943220259486248,0.001211861753140022,1.211861753140022,0.9362907598299065,0.0003221786955750275,0.031089163493492108
aimnet2,AIMNet2,nonwater_environment__pros_heteroaryl_amide__ch3cn__altered_orientation,pros_heteroaryl_amide,CH3CN,altered_orientation,0.0012943220259486249,1.2943220259486248,0.0013498071231280125,1.3498071231280124,1.0428680777017,0.046160031222681704,0.37212913574194256
aimnet2_2025,AIMNet2-2025,nonwater_environment__pros_heteroaryl_amide__ch3cn__altered_orientation,pros_heteroaryl_amide,CH3CN,altered_orientation,0.0012943220259486249,1.2943220259486248,0.002303950190699517,2.303950190699517,1.780044026532673,0.13735086176712294,0.6419132225631193
mace_mdp,MACE-MDP,nonwater_environment__pros_heteroaryl_amide__ch3cn__altered_orientation,pros_heteroaryl_amide,CH3CN,altered_orientation,0.0012943220259486249,1.2943220259486248,,,,0.0004401441179796266,0.03633775383728168
gfn2_xtb,GFN2-xTB,nonwater_environment__pros_heteroaryl_amide__ch3cn__altered_orientation,pros_heteroaryl_amide,CH3CN,altered_orientation,0.0012943220259486249,1.2943220259486248,,,,0.013663028620819336,0.2024576149776985
zero,Zero response,nonwater_environment__pros_heteroaryl_amide__ch3cn__altered_orientation,pros_heteroaryl_amide,CH3CN,altered_orientation,0.0012943220259486249,1.2943220259486248,0.0012943220259486249,1.2943220259486248,1.0,0.034843610104574506,0.3233122798684323
glider,GLIDER,nonwater_environment__pros_heteroaryl_amide__ch3cn__equilibrium_like,pros_heteroaryl_amide,CH3CN,equilibrium_like,0.0019036185912750213,1.9036185912750212,0.0005662070856541149,0.5662070856541148,0.29743725358075856,5.542820782428334e-05,0.01289513952901829
mace_polar_s,MACE-POLAR-1-S,nonwater_environment__pros_heteroaryl_amide__ch3cn__equilibrium_like,pros_heteroaryl_amide,CH3CN,equilibrium_like,0.0019036185912750213,1.9036185912750212,0.0015835501928266036,1.5835501928266036,0.8318631684333154,0.022353188712589334,0.25895861858174946
mace_polar_m,MACE-POLAR-1-M,nonwater_environment__pros_heteroaryl_amide__ch3cn__equilibrium_like,pros_heteroaryl_amide,CH3CN,equilibrium_like,0.0019036185912750213,1.9036185912750212,0.0007053046050096864,0.7053046050096864,0.37050731078292404,0.001300729926742689,0.06246750979691817
mace_polar_l,MACE-POLAR-1-L,nonwater_environment__pros_heteroaryl_amide__ch3cn__equilibrium_like,pros_heteroaryl_amide,CH3CN,equilibrium_like,0.0019036185912750213,1.9036185912750212,0.0008759539795117531,0.8759539795117531,0.4601520407116057,0.0003890689319346429,0.034164408319242535
aimnet2,AIMNet2,nonwater_environment__pros_heteroaryl_amide__ch3cn__equilibrium_like,pros_heteroaryl_amide,CH3CN,equilibrium_like,0.0019036185912750213,1.9036185912750212,0.0017950220620729423,1.7950220620729422,0.9429525800494823,0.09793708811657864,0.5420436000449926
aimnet2_2025,AIMNet2-2025,nonwater_environment__pros_heteroaryl_amide__ch3cn__equilibrium_like,pros_heteroaryl_amide,CH3CN,equilibrium_like,0.0019036185912750213,1.9036185912750212,0.0019524260821631465,1.9524260821631465,1.0256393224524218,0.08989028205810455,0.5192984172653655
mace_mdp,MACE-MDP,nonwater_environment__pros_heteroaryl_amide__ch3cn__equilibrium_like,pros_heteroaryl_amide,CH3CN,equilibrium_like,0.0019036185912750213,1.9036185912750212,,,,0.0002380743603821381,0.026724952406812896
gfn2_xtb,GFN2-xTB,nonwater_environment__pros_heteroaryl_amide__ch3cn__equilibrium_like,pros_heteroaryl_amide,CH3CN,equilibrium_like,0.0019036185912750213,1.9036185912750212,,,,0.0045363857102283835,0.11665829216427416
zero,Zero response,nonwater_environment__pros_heteroaryl_amide__ch3cn__equilibrium_like,pros_heteroaryl_amide,CH3CN,equilibrium_like,0.0019036185912750213,1.9036185912750212,0.0019036185912750213,1.9036185912750212,1.0,0.04745250113905195,0.37730293322098074
glider,GLIDER,nonwater_environment__pros_heteroaryl_amide__ch3oh__altered_orientation,pros_heteroaryl_amide,CH3OH,altered_orientation,0.0011506224858629309,1.1506224858629308,0.000457411169605163,0.457411169605163,0.3975336613225657,0.002065163833541344,0.07871144453396871
mace_polar_s,MACE-POLAR-1-S,nonwater_environment__pros_heteroaryl_amide__ch3oh__altered_orientation,pros_heteroaryl_amide,CH3OH,altered_orientation,0.0011506224858629309,1.1506224858629308,0.0009795416704133488,0.9795416704133487,0.8513145557717162,0.008424348076346537,0.1589749798837528
mace_polar_m,MACE-POLAR-1-M,nonwater_environment__pros_heteroaryl_amide__ch3oh__altered_orientation,pros_heteroaryl_amide,CH3OH,altered_orientation,0.0011506224858629309,1.1506224858629308,0.000636793154742929,0.636793154742929,0.5534336088220577,0.0017377262717294909,0.07220234632744613
mace_polar_l,MACE-POLAR-1-L,nonwater_environment__pros_heteroaryl_amide__ch3oh__altered_orientation,pros_heteroaryl_amide,CH3OH,altered_orientation,0.0011506224858629309,1.1506224858629308,0.0006156638345239907,0.6156638345239908,0.5350702268453081,0.0006688832440860824,0.04479564412147957
aimnet2,AIMNet2,nonwater_environment__pros_heteroaryl_amide__ch3oh__altered_orientation,pros_heteroaryl_amide,CH3OH,altered_orientation,0.0011506224858629309,1.1506224858629308,0.0011492104235808318,1.1492104235808318,0.9987727840369467,0.022005767245089763,0.2569383228233369
aimnet2_2025,AIMNet2-2025,nonwater_environment__pros_heteroaryl_amide__ch3oh__altered_orientation,pros_heteroaryl_amide,CH3OH,altered_orientation,0.0011506224858629309,1.1506224858629308,0.0026515337093578222,2.6515337093578224,2.3044341145212845,0.24041658852136485,0.8492642495502177
mace_mdp,MACE-MDP,nonwater_environment__pros_heteroaryl_amide__ch3oh__altered_orientation,pros_heteroaryl_amide,CH3OH,altered_orientation,0.0011506224858629309,1.1506224858629308,,,,0.000611917417996213,0.04284567952534583
gfn2_xtb,GFN2-xTB,nonwater_environment__pros_heteroaryl_amide__ch3oh__altered_orientation,pros_heteroaryl_amide,CH3OH,altered_orientation,0.0011506224858629309,1.1506224858629308,,,,0.009167701372406844,0.16584059851924235
zero,Zero response,nonwater_environment__pros_heteroaryl_amide__ch3oh__altered_orientation,pros_heteroaryl_amide,CH3OH,altered_orientation,0.0011506224858629309,1.1506224858629308,0.0011506224858629309,1.1506224858629308,1.0,0.04551484472360661,0.3695193285483451
glider,GLIDER,nonwater_environment__pros_heteroaryl_amide__ch3oh__equilibrium_like,pros_heteroaryl_amide,CH3OH,equilibrium_like,0.000998147760190991,0.9981477601909909,0.00040659331020312357,0.40659331020312356,0.4073478160441134,0.00015243484510572334,0.02138467992084918
mace_polar_s,MACE-POLAR-1-S,nonwater_environment__pros_heteroaryl_amide__ch3oh__equilibrium_like,pros_heteroaryl_amide,CH3OH,equilibrium_like,0.000998147760190991,0.9981477601909909,0.0008859838883859122,0.8859838883859121,0.8876279882813977,0.007936212941644304,0.15430048225761614
mace_polar_m,MACE-POLAR-1-M,nonwater_environment__pros_heteroaryl_amide__ch3oh__equilibrium_like,pros_heteroaryl_amide,CH3OH,equilibrium_like,0.000998147760190991,0.9981477601909909,0.0006156886272696761,0.6156886272696761,0.6168311464746131,0.0014016150114949033,0.06484477646260113
mace_polar_l,MACE-POLAR-1-L,nonwater_environment__pros_heteroaryl_amide__ch3oh__equilibrium_like,pros_heteroaryl_amide,CH3OH,equilibrium_like,0.000998147760190991,0.9981477601909909,0.0004723595672384054,0.4723595672384054,0.47323611400783144,0.0004441510062700089,0.036502780973646745
aimnet2,AIMNet2,nonwater_environment__pros_heteroaryl_amide__ch3oh__equilibrium_like,pros_heteroaryl_amide,CH3OH,equilibrium_like,0.000998147760190991,0.9981477601909909,0.0017497429015170454,1.7497429015170454,1.7529898591188946,0.09623365180917876,0.5373089943668692
aimnet2_2025,AIMNet2-2025,nonwater_environment__pros_heteroaryl_amide__ch3oh__equilibrium_like,pros_heteroaryl_amide,CH3OH,equilibrium_like,0.000998147760190991,0.9981477601909909,0.0018874922779272005,1.8874922779272005,1.8909948538741777,0.10321375275497753,0.5564541834373542
mace_mdp,MACE-MDP,nonwater_environment__pros_heteroaryl_amide__ch3oh__equilibrium_like,pros_heteroaryl_amide,CH3OH,equilibrium_like,0.000998147760190991,0.9981477601909909,,,,0.0002317063309642959,0.02636510938518723
gfn2_xtb,GFN2-xTB,nonwater_environment__pros_heteroaryl_amide__ch3oh__equilibrium_like,pros_heteroaryl_amide,CH3OH,equilibrium_like,0.000998147760190991,0.9981477601909909,,,,0.0011878467826644545,0.05969539637185906
zero,Zero response,nonwater_environment__pros_heteroaryl_amide__ch3oh__equilibrium_like,pros_heteroaryl_amide,CH3OH,equilibrium_like,0.000998147760190991,0.9981477601909909,0.000998147760190991,0.9981477601909909,1.0,0.011348129504791167,0.18451121514524124
glider,GLIDER,nonwater_environment__pros_heteroaryl_amide__nh3__altered_orientation,pros_heteroaryl_amide,NH3,altered_orientation,0.0013661014462081219,1.3661014462081218,0.0007338343350603354,0.7338343350603355,0.5371741147754687,0.010669807608181621,0.17891177385668297
mace_polar_s,MACE-POLAR-1-S,nonwater_environment__pros_heteroaryl_amide__nh3__altered_orientation,pros_heteroaryl_amide,NH3,altered_orientation,0.0013661014462081219,1.3661014462081218,0.0011209381427653967,1.1209381427653966,0.82053799582511,0.014246219336866817,0.20673330164876788
mace_polar_m,MACE-POLAR-1-M,nonwater_environment__pros_heteroaryl_amide__nh3__altered_orientation,pros_heteroaryl_amide,NH3,altered_orientation,0.0013661014462081219,1.3661014462081218,0.0008631024814467097,0.8631024814467096,0.6317996982159833,0.009572846368190448,0.16946545106472688
mace_polar_l,MACE-POLAR-1-L,nonwater_environment__pros_heteroaryl_amide__nh3__altered_orientation,pros_heteroaryl_amide,NH3,altered_orientation,0.0013661014462081219,1.3661014462081218,0.0007657960437238304,0.7657960437238305,0.5605704070143877,0.00790569459569953,0.15400351874908114
aimnet2,AIMNet2,nonwater_environment__pros_heteroaryl_amide__nh3__altered_orientation,pros_heteroaryl_amide,NH3,altered_orientation,0.0013661014462081219,1.3661014462081218,0.0011812802240765755,1.1812802240765754,0.8647090063153411,0.006162147890324161,0.13596486189811133
aimnet2_2025,AIMNet2-2025,nonwater_environment__pros_heteroaryl_amide__nh3__altered_orientation,pros_heteroaryl_amide,NH3,altered_orientation,0.0013661014462081219,1.3661014462081218,0.0019692644298960342,1.9692644298960342,1.4415213711705728,0.07851112935557358,0.4853178217073022
mace_mdp,MACE-MDP,nonwater_environment__pros_heteroaryl_amide__nh3__altered_orientation,pros_heteroaryl_amide,NH3,altered_orientation,0.0013661014462081219,1.3661014462081218,,,,0.0005350326200454157,0.0400636725742442
gfn2_xtb,GFN2-xTB,nonwater_environment__pros_heteroaryl_amide__nh3__altered_orientation,pros_heteroaryl_amide,NH3,altered_orientation,0.0013661014462081219,1.3661014462081218,,,,0.004613410965413559,0.11764451919337628
zero,Zero response,nonwater_environment__pros_heteroaryl_amide__nh3__altered_orientation,pros_heteroaryl_amide,NH3,altered_orientation,0.0013661014462081219,1.3661014462081218,0.0013661014462081219,1.3661014462081218,1.0,0.04276966063451473,0.35820243145956476
glider,GLIDER,nonwater_environment__pros_heteroaryl_amide__nh3__equilibrium_like,pros_heteroaryl_amide,NH3,equilibrium_like,0.0006068030080205451,0.6068030080205451,0.0005502023958579325,0.5502023958579325,0.9067232505203795,0.00027745108481234244,0.028850533000917458
mace_polar_s,MACE-POLAR-1-S,nonwater_environment__pros_heteroaryl_amide__nh3__equilibrium_like,pros_heteroaryl_amide,NH3,equilibrium_like,0.0006068030080205451,0.6068030080205451,0.0005075732957699794,0.5075732957699793,0.8364712914422369,0.002115596356311827,0.07966673753164165
mace_polar_m,MACE-POLAR-1-M,nonwater_environment__pros_heteroaryl_amide__nh3__equilibrium_like,pros_heteroaryl_amide,NH3,equilibrium_like,0.0006068030080205451,0.6068030080205451,0.000677500445005679,0.6775004450056791,1.1165080529441611,0.0020413681266370325,0.07825665709644833
mace_polar_l,MACE-POLAR-1-L,nonwater_environment__pros_heteroaryl_amide__nh3__equilibrium_like,pros_heteroaryl_amide,NH3,equilibrium_like,0.0006068030080205451,0.6068030080205451,0.0006607747607133068,0.6607747607133069,1.0889444382763085,0.0010041015256060386,0.05488446571497363
aimnet2,AIMNet2,nonwater_environment__pros_heteroaryl_amide__nh3__equilibrium_like,pros_heteroaryl_amide,NH3,equilibrium_like,0.0006068030080205451,0.6068030080205451,0.001474336673408332,1.474336673408332,2.429679243380438,0.017250997439052316,0.2274928401448207
aimnet2_2025,AIMNet2-2025,nonwater_environment__pros_heteroaryl_amide__nh3__equilibrium_like,pros_heteroaryl_amide,NH3,equilibrium_like,0.0006068030080205451,0.6068030080205451,0.0005333263268656505,0.5333263268656505,0.878911804681748,0.00019502097240817567,0.024188073863466827
mace_mdp,MACE-MDP,nonwater_environment__pros_heteroaryl_amide__nh3__equilibrium_like,pros_heteroaryl_amide,NH3,equilibrium_like,0.0006068030080205451,0.6068030080205451,,,,0.0005646513631502734,0.041157673518443925
gfn2_xtb,GFN2-xTB,nonwater_environment__pros_heteroaryl_amide__nh3__equilibrium_like,pros_heteroaryl_amide,NH3,equilibrium_like,0.0006068030080205451,0.6068030080205451,,,,0.0015912490231668544,0.06909230832372416
zero,Zero response,nonwater_environment__pros_heteroaryl_amide__nh3__equilibrium_like,pros_heteroaryl_amide,NH3,equilibrium_like,0.0006068030080205451,0.6068030080205451,0.0006068030080205451,0.6068030080205451,1.0,0.003130199191384931,0.09690509570788727
glider,GLIDER,nonwater_environment__pros_isoxazole_thioether__ch3cn__altered_orientation,pros_isoxazole_thioether,CH3CN,altered_orientation,0.0026844835487308187,2.6844835487308187,0.0011287142531605648,1.128714253160565,0.420458621806121,0.0036683033421218546,0.10490428983776386
mace_polar_s,MACE-POLAR-1-S,nonwater_environment__pros_isoxazole_thioether__ch3cn__altered_orientation,pros_isoxazole_thioether,CH3CN,altered_orientation,0.0026844835487308187,2.6844835487308187,0.0022119825424241854,2.2119825424241855,0.8239881162505077,0.05807899408171413,0.4174170363618888
mace_polar_m,MACE-POLAR-1-M,nonwater_environment__pros_isoxazole_thioether__ch3cn__altered_orientation,pros_isoxazole_thioether,CH3CN,altered_orientation,0.0026844835487308187,2.6844835487308187,0.00143226324104404,1.43226324104404,0.5335339982698688,0.009062698171480527,0.16488812726949623
mace_polar_l,MACE-POLAR-1-L,nonwater_environment__pros_isoxazole_thioether__ch3cn__altered_orientation,pros_isoxazole_thioether,CH3CN,altered_orientation,0.0026844835487308187,2.6844835487308187,0.0015263815804857567,1.5263815804857568,0.5685941272418696,0.003746078947950678,0.10601055062517142
aimnet2,AIMNet2,nonwater_environment__pros_isoxazole_thioether__ch3cn__altered_orientation,pros_isoxazole_thioether,CH3CN,altered_orientation,0.0026844835487308187,2.6844835487308187,0.0029360040279536935,2.9360040279536936,1.093694177914329,0.3886558982971546,1.0797998401979247
aimnet2_2025,AIMNet2-2025,nonwater_environment__pros_isoxazole_thioether__ch3cn__altered_orientation,pros_isoxazole_thioether,CH3CN,altered_orientation,0.0026844835487308187,2.6844835487308187,0.004106344455352112,4.1063444553521125,1.5296590129202048,0.6638833170452368,1.4112582864719379
mace_mdp,MACE-MDP,nonwater_environment__pros_isoxazole_thioether__ch3cn__altered_orientation,pros_isoxazole_thioether,CH3CN,altered_orientation,0.0026844835487308187,2.6844835487308187,,,,0.006634023631080208,0.14107469969218656
gfn2_xtb,GFN2-xTB,nonwater_environment__pros_isoxazole_thioether__ch3cn__altered_orientation,pros_isoxazole_thioether,CH3CN,altered_orientation,0.0026844835487308187,2.6844835487308187,,,,0.011237347893495847,0.18360839763063
zero,Zero response,nonwater_environment__pros_isoxazole_thioether__ch3cn__altered_orientation,pros_isoxazole_thioether,CH3CN,altered_orientation,0.0026844835487308187,2.6844835487308187,0.0026844835487308187,2.6844835487308187,1.0,0.06582217656544423,0.4443720622365145
glider,GLIDER,nonwater_environment__pros_isoxazole_thioether__ch3cn__equilibrium_like,pros_isoxazole_thioether,CH3CN,equilibrium_like,0.0025119032674114903,2.5119032674114905,0.0010251970303834133,1.0251970303834133,0.40813555349998654,0.0015481199416473995,0.06814954016677001
mace_polar_s,MACE-POLAR-1-S,nonwater_environment__pros_isoxazole_thioether__ch3cn__equilibrium_like,pros_isoxazole_thioether,CH3CN,equilibrium_like,0.0025119032674114903,2.5119032674114905,0.0023905278754286115,2.3905278754286114,0.9516799099879527,0.08128021630049115,0.4938022366306915
mace_polar_m,MACE-POLAR-1-M,nonwater_environment__pros_isoxazole_thioether__ch3cn__equilibrium_like,pros_isoxazole_thioether,CH3CN,equilibrium_like,0.0025119032674114903,2.5119032674114905,0.001491222368805832,1.491222368805832,0.5936623388935406,0.007277972090984911,0.14776304095732035
mace_polar_l,MACE-POLAR-1-L,nonwater_environment__pros_isoxazole_thioether__ch3cn__equilibrium_like,pros_isoxazole_thioether,CH3CN,equilibrium_like,0.0025119032674114903,2.5119032674114905,0.0016565593066969998,1.6565593066969997,0.6594837182580202,0.0019213002771440353,0.07592035847802686
aimnet2,AIMNet2,nonwater_environment__pros_isoxazole_thioether__ch3cn__equilibrium_like,pros_isoxazole_thioether,CH3CN,equilibrium_like,0.0025119032674114903,2.5119032674114905,0.002720027780389967,2.720027780389967,1.0828553056475572,0.32892985818518544,0.9933728275705735
aimnet2_2025,AIMNet2-2025,nonwater_environment__pros_isoxazole_thioether__ch3cn__equilibrium_like,pros_isoxazole_thioether,CH3CN,equilibrium_like,0.0025119032674114903,2.5119032674114905,0.003617012485399706,3.6170124853997057,1.4399489551709639,0.4879505218685367,1.209897336804082
mace_mdp,MACE-MDP,nonwater_environment__pros_isoxazole_thioether__ch3cn__equilibrium_like,pros_isoxazole_thioether,CH3CN,equilibrium_like,0.0025119032674114903,2.5119032674114905,,,,0.00626270174118673,0.13706970935826848
gfn2_xtb,GFN2-xTB,nonwater_environment__pros_isoxazole_thioether__ch3cn__equilibrium_like,pros_isoxazole_thioether,CH3CN,equilibrium_like,0.0025119032674114903,2.5119032674114905,,,,0.00982943121983853,0.1717215585170237
zero,Zero response,nonwater_environment__pros_isoxazole_thioether__ch3cn__equilibrium_like,pros_isoxazole_thioether,CH3CN,equilibrium_like,0.0025119032674114903,2.5119032674114905,0.0025119032674114903,2.5119032674114905,1.0,0.05369193557020214,0.40134250548702965
glider,GLIDER,nonwater_environment__pros_isoxazole_thioether__ch3oh__altered_orientation,pros_isoxazole_thioether,CH3OH,altered_orientation,0.0021929454896601227,2.1929454896601226,0.0010974145706153656,1.0974145706153655,0.5004294797977172,0.001340577878587803,0.0634171399210293
mace_polar_s,MACE-POLAR-1-S,nonwater_environment__pros_isoxazole_thioether__ch3oh__altered_orientation,pros_isoxazole_thioether,CH3OH,altered_orientation,0.0021929454896601227,2.1929454896601226,0.0016679618263412829,1.6679618263412828,0.7606034140865922,0.02228074863300501,0.2585386738942842
mace_polar_m,MACE-POLAR-1-M,nonwater_environment__pros_isoxazole_thioether__ch3oh__altered_orientation,pros_isoxazole_thioether,CH3OH,altered_orientation,0.0021929454896601227,2.1929454896601226,0.0012918279972790653,1.2918279972790652,0.5890834967718607,0.0036278793676615124,0.1043246763857168
mace_polar_l,MACE-POLAR-1-L,nonwater_environment__pros_isoxazole_thioether__ch3oh__altered_orientation,pros_isoxazole_thioether,CH3OH,altered_orientation,0.0021929454896601227,2.1929454896601226,0.0012971929895958668,1.2971929895958667,0.5915299745079,0.006526245561979442,0.13992403898522343
aimnet2,AIMNet2,nonwater_environment__pros_isoxazole_thioether__ch3oh__altered_orientation,pros_isoxazole_thioether,CH3OH,altered_orientation,0.0021929454896601227,2.1929454896601226,0.0017892806093159077,1.7892806093159077,0.8159257116752238,0.14630044409102397,0.6624962884975824
aimnet2_2025,AIMNet2-2025,nonwater_environment__pros_isoxazole_thioether__ch3oh__altered_orientation,pros_isoxazole_thioether,CH3OH,altered_orientation,0.0021929454896601227,2.1929454896601226,0.0015553854140138328,1.5553854140138328,0.7092677047138535,0.08311676401088437,0.4993498693628077
mace_mdp,MACE-MDP,nonwater_environment__pros_isoxazole_thioether__ch3oh__altered_orientation,pros_isoxazole_thioether,CH3OH,altered_orientation,0.0021929454896601227,2.1929454896601226,,,,0.0005128752945522378,0.03922532197008347
gfn2_xtb,GFN2-xTB,nonwater_environment__pros_isoxazole_thioether__ch3oh__altered_orientation,pros_isoxazole_thioether,CH3OH,altered_orientation,0.0021929454896601227,2.1929454896601226,,,,0.005941503878777242,0.13350847027934867
zero,Zero response,nonwater_environment__pros_isoxazole_thioether__ch3oh__altered_orientation,pros_isoxazole_thioether,CH3OH,altered_orientation,0.0021929454896601227,2.1929454896601226,0.0021929454896601227,2.1929454896601226,1.0,0.11836943555056538,0.5959096463824831
glider,GLIDER,nonwater_environment__pros_isoxazole_thioether__ch3oh__equilibrium_like,pros_isoxazole_thioether,CH3OH,equilibrium_like,0.002190965280886415,2.190965280886415,0.0010006520519849841,1.0006520519849842,0.4567174389820285,0.00474416645897312,0.11930003929973937
mace_polar_s,MACE-POLAR-1-S,nonwater_environment__pros_isoxazole_thioether__ch3oh__equilibrium_like,pros_isoxazole_thioether,CH3OH,equilibrium_like,0.002190965280886415,2.190965280886415,0.0012460124858587574,1.2460124858587573,0.5687048063831706,0.011215410404263016,0.1834290904213098
mace_polar_m,MACE-POLAR-1-M,nonwater_environment__pros_isoxazole_thioether__ch3oh__equilibrium_like,pros_isoxazole_thioether,CH3OH,equilibrium_like,0.002190965280886415,2.190965280886415,0.0009982389421937827,0.9982389421937826,0.4556160478225003,0.0058743561088363426,0.13275190517092034
mace_polar_l,MACE-POLAR-1-L,nonwater_environment__pros_isoxazole_thioether__ch3oh__equilibrium_like,pros_isoxazole_thioether,CH3OH,equilibrium_like,0.002190965280886415,2.190965280886415,0.0009612607839027827,0.9612607839027827,0.4387384831191293,0.009235410739578656,0.16645189160455934
aimnet2,AIMNet2,nonwater_environment__pros_isoxazole_thioether__ch3oh__equilibrium_like,pros_isoxazole_thioether,CH3OH,equilibrium_like,0.002190965280886415,2.190965280886415,0.0011242731258763827,1.1242731258763827,0.5131405484533864,0.04907896208663572,0.3837145895843774
aimnet2_2025,AIMNet2-2025,nonwater_environment__pros_isoxazole_thioether__ch3oh__equilibrium_like,pros_isoxazole_thioether,CH3OH,equilibrium_like,0.002190965280886415,2.190965280886415,0.002676502964092115,2.676502964092115,1.2216090265972916,0.2696079543750929,0.899346353261789
mace_mdp,MACE-MDP,nonwater_environment__pros_isoxazole_thioether__ch3oh__equilibrium_like,pros_isoxazole_thioether,CH3OH,equilibrium_like,0.002190965280886415,2.190965280886415,,,,0.0018706187003886081,0.07491232275911504
gfn2_xtb,GFN2-xTB,nonwater_environment__pros_isoxazole_thioether__ch3oh__equilibrium_like,pros_isoxazole_thioether,CH3OH,equilibrium_like,0.002190965280886415,2.190965280886415,,,,0.01032543307865823,0.1760008501001478
zero,Zero response,nonwater_environment__pros_isoxazole_thioether__ch3oh__equilibrium_like,pros_isoxazole_thioether,CH3OH,equilibrium_like,0.002190965280886415,2.190965280886415,0.002190965280886415,2.190965280886415,1.0,0.06797628820724867,0.4515848365719846
glider,GLIDER,nonwater_environment__pros_isoxazole_thioether__nh3__altered_orientation,pros_isoxazole_thioether,NH3,altered_orientation,0.0022450724670583905,2.2450724670583906,0.0011420056379788384,1.1420056379788384,0.5086720605839298,0.011394484884658275,0.18488768118502333
mace_polar_s,MACE-POLAR-1-S,nonwater_environment__pros_isoxazole_thioether__nh3__altered_orientation,pros_isoxazole_thioether,NH3,altered_orientation,0.0022450724670583905,2.2450724670583906,0.002140745111934019,2.140745111934019,0.9535305177649491,0.05187005049018212,0.39447452575615877
mace_polar_m,MACE-POLAR-1-M,nonwater_environment__pros_isoxazole_thioether__nh3__altered_orientation,pros_isoxazole_thioether,NH3,altered_orientation,0.0022450724670583905,2.2450724670583906,0.0016672248044132146,1.6672248044132145,0.7426151399904246,0.020261169212496436,0.24654311516951616
mace_polar_l,MACE-POLAR-1-L,nonwater_environment__pros_isoxazole_thioether__nh3__altered_orientation,pros_isoxazole_thioether,NH3,altered_orientation,0.0022450724670583905,2.2450724670583906,0.0013581159722182747,1.3581159722182747,0.6049319084999283,0.020840077617326813,0.2500404624295445
aimnet2,AIMNet2,nonwater_environment__pros_isoxazole_thioether__nh3__altered_orientation,pros_isoxazole_thioether,NH3,altered_orientation,0.0022450724670583905,2.2450724670583906,0.0018163888443267053,1.8163888443267053,0.8090557748038447,0.0065368073466315025,0.1400372166243478
aimnet2_2025,AIMNet2-2025,nonwater_environment__pros_isoxazole_thioether__nh3__altered_orientation,pros_isoxazole_thioether,NH3,altered_orientation,0.0022450724670583905,2.2450724670583906,0.0014879879993115752,1.4879879993115752,0.6627794964949232,0.06388523239052629,0.43778498965996865
mace_mdp,MACE-MDP,nonwater_environment__pros_isoxazole_thioether__nh3__altered_orientation,pros_isoxazole_thioether,NH3,altered_orientation,0.0022450724670583905,2.2450724670583906,,,,0.0012355733226038857,0.06088283804005573
gfn2_xtb,GFN2-xTB,nonwater_environment__pros_isoxazole_thioether__nh3__altered_orientation,pros_isoxazole_thioether,NH3,altered_orientation,0.0022450724670583905,2.2450724670583906,,,,0.007476823495550924,0.1497680556282039
zero,Zero response,nonwater_environment__pros_isoxazole_thioether__nh3__altered_orientation,pros_isoxazole_thioether,NH3,altered_orientation,0.0022450724670583905,2.2450724670583906,0.0022450724670583905,2.2450724670583906,1.0,0.08059868748298235,0.4917276303493094
glider,GLIDER,nonwater_environment__pros_isoxazole_thioether__nh3__equilibrium_like,pros_isoxazole_thioether,NH3,equilibrium_like,0.0028697440586579735,2.8697440586579734,0.0012946879929581934,1.2946879929581934,0.45115103176262,0.007650884653844094,0.15150133320051107
mace_polar_s,MACE-POLAR-1-S,nonwater_environment__pros_isoxazole_thioether__nh3__equilibrium_like,pros_isoxazole_thioether,NH3,equilibrium_like,0.0028697440586579735,2.8697440586579734,0.003102475181059218,3.102475181059218,1.0810982156053597,0.08247413722002979,0.4974157332253267
mace_polar_m,MACE-POLAR-1-M,nonwater_environment__pros_isoxazole_thioether__nh3__equilibrium_like,pros_isoxazole_thioether,NH3,equilibrium_like,0.0028697440586579735,2.8697440586579734,0.0018463449802964096,1.8463449802964096,0.6433831528376251,0.01323127415254653,0.1992330857504335
mace_polar_l,MACE-POLAR-1-L,nonwater_environment__pros_isoxazole_thioether__nh3__equilibrium_like,pros_isoxazole_thioether,NH3,equilibrium_like,0.0028697440586579735,2.8697440586579734,0.001549094318044871,1.549094318044871,0.5398022563619489,0.019263782251122855,0.24039830854930858
aimnet2,AIMNet2,nonwater_environment__pros_isoxazole_thioether__nh3__equilibrium_like,pros_isoxazole_thioether,NH3,equilibrium_like,0.0028697440586579735,2.8697440586579734,0.0022053059094855085,2.2053059094855083,0.768467802148465,0.00896163869518544,0.1639662040957109
aimnet2_2025,AIMNet2-2025,nonwater_environment__pros_isoxazole_thioether__nh3__equilibrium_like,pros_isoxazole_thioether,NH3,equilibrium_like,0.0028697440586579735,2.8697440586579734,0.0018223887537735129,1.8223887537735128,0.6350352911352475,0.01086750227995699,0.1805616427701935
mace_mdp,MACE-MDP,nonwater_environment__pros_isoxazole_thioether__nh3__equilibrium_like,pros_isoxazole_thioether,NH3,equilibrium_like,0.0028697440586579735,2.8697440586579734,,,,0.0011914698272691374,0.05978636535036573
gfn2_xtb,GFN2-xTB,nonwater_environment__pros_isoxazole_thioether__nh3__equilibrium_like,pros_isoxazole_thioether,NH3,equilibrium_like,0.0028697440586579735,2.8697440586579734,,,,0.016064727236314098,0.21953173280631275
zero,Zero response,nonwater_environment__pros_isoxazole_thioether__nh3__equilibrium_like,pros_isoxazole_thioether,NH3,equilibrium_like,0.0028697440586579735,2.8697440586579734,0.0028697440586579735,2.8697440586579734,1.0,0.15923860338700427,0.6911698851664566
glider,GLIDER,nonwater_environment__pros_polyfunctional_oxane__ch3cn__altered_orientation,pros_polyfunctional_oxane,CH3CN,altered_orientation,0.006022223095357638,6.022223095357638,0.004536989203019448,4.5369892030194485,0.7533744816788481,0.05836174537369865,0.4184318775154397
mace_polar_s,MACE-POLAR-1-S,nonwater_environment__pros_polyfunctional_oxane__ch3cn__altered_orientation,pros_polyfunctional_oxane,CH3CN,altered_orientation,0.006022223095357638,6.022223095357638,0.0067059987567616285,6.705998756761629,1.1135420675350094,0.4233316884961556,1.126940577620873
mace_polar_m,MACE-POLAR-1-M,nonwater_environment__pros_polyfunctional_oxane__ch3cn__altered_orientation,pros_polyfunctional_oxane,CH3CN,altered_orientation,0.006022223095357638,6.022223095357638,0.004766335452765008,4.7663354527650075,0.7914578017608218,0.0929623335842547,0.5280975295840382
mace_polar_l,MACE-POLAR-1-L,nonwater_environment__pros_polyfunctional_oxane__ch3cn__altered_orientation,pros_polyfunctional_oxane,CH3CN,altered_orientation,0.006022223095357638,6.022223095357638,0.006090483996079981,6.090483996079981,1.0113348342699167,0.0475200378106081,0.37757133555372596
aimnet2,AIMNet2,nonwater_environment__pros_polyfunctional_oxane__ch3cn__altered_orientation,pros_polyfunctional_oxane,CH3CN,altered_orientation,0.006022223095357638,6.022223095357638,0.0037851725281559884,3.7851725281559885,0.6285340925137548,0.3053154375898219,0.9570508412667874
aimnet2_2025,AIMNet2-2025,nonwater_environment__pros_polyfunctional_oxane__ch3cn__altered_orientation,pros_polyfunctional_oxane,CH3CN,altered_orientation,0.006022223095357638,6.022223095357638,0.003853538188778702,3.853538188778702,0.6398863223365614,0.40452022285020656,1.10161729677353
mace_mdp,MACE-MDP,nonwater_environment__pros_polyfunctional_oxane__ch3cn__altered_orientation,pros_polyfunctional_oxane,CH3CN,altered_orientation,0.006022223095357638,6.022223095357638,,,,2.4197572931256413,2.694303598219199
gfn2_xtb,GFN2-xTB,nonwater_environment__pros_polyfunctional_oxane__ch3cn__altered_orientation,pros_polyfunctional_oxane,CH3CN,altered_orientation,0.006022223095357638,6.022223095357638,,,,0.25326980273500216,0.871670469962707
zero,Zero response,nonwater_environment__pros_polyfunctional_oxane__ch3cn__altered_orientation,pros_polyfunctional_oxane,CH3CN,altered_orientation,0.006022223095357638,6.022223095357638,0.006022223095357638,6.022223095357638,1.0,0.607136511651163,1.3495960636255164
glider,GLIDER,nonwater_environment__pros_polyfunctional_oxane__ch3cn__equilibrium_like,pros_polyfunctional_oxane,CH3CN,equilibrium_like,0.0034195689955467514,3.419568995546751,0.012177936343440884,12.177936343440884,3.5612489057246717,1.04710048329178,1.7723717019506207
mace_polar_s,MACE-POLAR-1-S,nonwater_environment__pros_polyfunctional_oxane__ch3cn__equilibrium_like,pros_polyfunctional_oxane,CH3CN,equilibrium_like,0.0034195689955467514,3.419568995546751,0.0020308872464557455,2.0308872464557455,0.5939015265083222,0.08539202084707058,0.506138382797839
mace_polar_m,MACE-POLAR-1-M,nonwater_environment__pros_polyfunctional_oxane__ch3cn__equilibrium_like,pros_polyfunctional_oxane,CH3CN,equilibrium_like,0.0034195689955467514,3.419568995546751,0.012032612639800171,12.03261263980017,3.518751238963169,1.2417929002239263,1.9301240117339038
mace_polar_l,MACE-POLAR-1-L,nonwater_environment__pros_polyfunctional_oxane__ch3cn__equilibrium_like,pros_polyfunctional_oxane,CH3CN,equilibrium_like,0.0034195689955467514,3.419568995546751,0.012699088726701627,12.699088726701627,3.7136518500546245,0.8697462598370961,1.6153138331331434
aimnet2,AIMNet2,nonwater_environment__pros_polyfunctional_oxane__ch3cn__equilibrium_like,pros_polyfunctional_oxane,CH3CN,equilibrium_like,0.0034195689955467514,3.419568995546751,0.0012245980671104799,1.22459806711048,0.3581147415669208,0.018974756886206864,0.2385880773605852
aimnet2_2025,AIMNet2-2025,nonwater_environment__pros_polyfunctional_oxane__ch3cn__equilibrium_like,pros_polyfunctional_oxane,CH3CN,equilibrium_like,0.0034195689955467514,3.419568995546751,0.004400288332184525,4.400288332184525,1.2867961833537935,1.0839443859983482,1.803283992607666
mace_mdp,MACE-MDP,nonwater_environment__pros_polyfunctional_oxane__ch3cn__equilibrium_like,pros_polyfunctional_oxane,CH3CN,equilibrium_like,0.0034195689955467514,3.419568995546751,,,,5.309954566981268,3.991223333884463
gfn2_xtb,GFN2-xTB,nonwater_environment__pros_polyfunctional_oxane__ch3cn__equilibrium_like,pros_polyfunctional_oxane,CH3CN,equilibrium_like,0.0034195689955467514,3.419568995546751,,,,0.0037479372823679374,0.10603684193290468
zero,Zero response,nonwater_environment__pros_polyfunctional_oxane__ch3cn__equilibrium_like,pros_polyfunctional_oxane,CH3CN,equilibrium_like,0.0034195689955467514,3.419568995546751,0.0034195689955467514,3.419568995546751,1.0,0.03874020500428587,0.34091144746525837
glider,GLIDER,nonwater_environment__pros_polyfunctional_oxane__ch3oh__altered_orientation,pros_polyfunctional_oxane,CH3OH,altered_orientation,0.0029530870119979066,2.9530870119979067,0.0013643869853543528,1.3643869853543529,0.46202058381993927,0.004590308767924028,0.11734959013039663
mace_polar_s,MACE-POLAR-1-S,nonwater_environment__pros_polyfunctional_oxane__ch3oh__altered_orientation,pros_polyfunctional_oxane,CH3OH,altered_orientation,0.0029530870119979066,2.9530870119979067,0.005270134473397868,5.270134473397868,1.784618757248323,0.15826757336509267,0.6890593008553604
mace_polar_m,MACE-POLAR-1-M,nonwater_environment__pros_polyfunctional_oxane__ch3oh__altered_orientation,pros_polyfunctional_oxane,CH3OH,altered_orientation,0.0029530870119979066,2.9530870119979067,0.003353681268201957,3.353681268201957,1.1356527100544285,0.014333336930154572,0.20736443955139394
mace_polar_l,MACE-POLAR-1-L,nonwater_environment__pros_polyfunctional_oxane__ch3oh__altered_orientation,pros_polyfunctional_oxane,CH3OH,altered_orientation,0.0029530870119979066,2.9530870119979067,0.0032234179785204467,3.223417978520447,1.0915418223114421,0.03996089631972802,0.34624079620862713
aimnet2,AIMNet2,nonwater_environment__pros_polyfunctional_oxane__ch3oh__altered_orientation,pros_polyfunctional_oxane,CH3OH,altered_orientation,0.0029530870119979066,2.9530870119979067,0.0035393879186940832,3.539387918694083,1.1985383106945824,0.08280006853561195,0.4983976380429946
aimnet2_2025,AIMNet2-2025,nonwater_environment__pros_polyfunctional_oxane__ch3oh__altered_orientation,pros_polyfunctional_oxane,CH3OH,altered_orientation,0.0029530870119979066,2.9530870119979067,0.003597249993103238,3.597249993103238,1.218132069420306,0.14442324479561267,0.6582322799641765
mace_mdp,MACE-MDP,nonwater_environment__pros_polyfunctional_oxane__ch3oh__altered_orientation,pros_polyfunctional_oxane,CH3OH,altered_orientation,0.0029530870119979066,2.9530870119979067,,,,0.00987382360661609,0.1721088923322914
gfn2_xtb,GFN2-xTB,nonwater_environment__pros_polyfunctional_oxane__ch3oh__altered_orientation,pros_polyfunctional_oxane,CH3OH,altered_orientation,0.0029530870119979066,2.9530870119979067,,,,0.32445988205907716,0.9866000436738444
zero,Zero response,nonwater_environment__pros_polyfunctional_oxane__ch3oh__altered_orientation,pros_polyfunctional_oxane,CH3OH,altered_orientation,0.0029530870119979066,2.9530870119979067,0.0029530870119979066,2.9530870119979067,1.0,0.1183307772062635,0.5958123291933379
glider,GLIDER,nonwater_environment__pros_polyfunctional_oxane__ch3oh__equilibrium_like,pros_polyfunctional_oxane,CH3OH,equilibrium_like,0.0028439716205195136,2.843971620519514,0.0011236780882547866,1.1236780882547865,0.395108755708864,0.004802678182793024,0.12003347261651257
mace_polar_s,MACE-POLAR-1-S,nonwater_environment__pros_polyfunctional_oxane__ch3oh__equilibrium_like,pros_polyfunctional_oxane,CH3OH,equilibrium_like,0.0028439716205195136,2.843971620519514,0.003538229628813005,3.538229628813005,1.2441156596937737,0.08934253670082287,0.5177138303179359
mace_polar_m,MACE-POLAR-1-M,nonwater_environment__pros_polyfunctional_oxane__ch3oh__equilibrium_like,pros_polyfunctional_oxane,CH3OH,equilibrium_like,0.0028439716205195136,2.843971620519514,0.0027488758045268666,2.7488758045268664,0.9665623189392882,0.0024378173073222775,0.0855187226399391
mace_polar_l,MACE-POLAR-1-L,nonwater_environment__pros_polyfunctional_oxane__ch3oh__equilibrium_like,pros_polyfunctional_oxane,CH3OH,equilibrium_like,0.0028439716205195136,2.843971620519514,0.00262343416934792,2.6234341693479197,0.92245441213956,0.036377319590276784,0.3303512657321451
aimnet2,AIMNet2,nonwater_environment__pros_polyfunctional_oxane__ch3oh__equilibrium_like,pros_polyfunctional_oxane,CH3OH,equilibrium_like,0.0028439716205195136,2.843971620519514,0.00302956503832897,3.02956503832897,1.0652585336894302,0.09376300895910465,0.5303668795063602
aimnet2_2025,AIMNet2-2025,nonwater_environment__pros_polyfunctional_oxane__ch3oh__equilibrium_like,pros_polyfunctional_oxane,CH3OH,equilibrium_like,0.0028439716205195136,2.843971620519514,0.002404424443319214,2.404424443319214,0.8454460044436003,0.1599302765232654,0.6926693508231733
mace_mdp,MACE-MDP,nonwater_environment__pros_polyfunctional_oxane__ch3oh__equilibrium_like,pros_polyfunctional_oxane,CH3OH,equilibrium_like,0.0028439716205195136,2.843971620519514,,,,0.07412106315510429,0.4715540154269846
gfn2_xtb,GFN2-xTB,nonwater_environment__pros_polyfunctional_oxane__ch3oh__equilibrium_like,pros_polyfunctional_oxane,CH3OH,equilibrium_like,0.0028439716205195136,2.843971620519514,,,,0.06893415611275909,0.45475539396281744
zero,Zero response,nonwater_environment__pros_polyfunctional_oxane__ch3oh__equilibrium_like,pros_polyfunctional_oxane,CH3OH,equilibrium_like,0.0028439716205195136,2.843971620519514,0.0028439716205195136,2.843971620519514,1.0,0.06505458715509027,0.44177342774919226
glider,GLIDER,nonwater_environment__pros_polyfunctional_oxane__nh3__altered_orientation,pros_polyfunctional_oxane,NH3,altered_orientation,0.0020252051678943802,2.0252051678943803,0.0013489348246316928,1.3489348246316928,0.6660731692849616,0.017647211197580327,0.23009049000934606
mace_polar_s,MACE-POLAR-1-S,nonwater_environment__pros_polyfunctional_oxane__nh3__altered_orientation,pros_polyfunctional_oxane,NH3,altered_orientation,0.0020252051678943802,2.0252051678943803,0.003566933620015434,3.566933620015434,1.761270253780756,0.0011982042387153633,0.0599550891596876
mace_polar_m,MACE-POLAR-1-M,nonwater_environment__pros_polyfunctional_oxane__nh3__altered_orientation,pros_polyfunctional_oxane,NH3,altered_orientation,0.0020252051678943802,2.0252051678943803,0.0024347051916527493,2.4347051916527493,1.2022017473835154,0.004764681728660185,0.119557706510206
mace_polar_l,MACE-POLAR-1-L,nonwater_environment__pros_polyfunctional_oxane__nh3__altered_orientation,pros_polyfunctional_oxane,NH3,altered_orientation,0.0020252051678943802,2.0252051678943803,0.002811899404650712,2.811899404650712,1.388451624175077,0.05804664740996293,0.417300781487273
aimnet2,AIMNet2,nonwater_environment__pros_polyfunctional_oxane__nh3__altered_orientation,pros_polyfunctional_oxane,NH3,altered_orientation,0.0020252051678943802,2.0252051678943803,0.0043543915170216555,4.354391517021655,2.1500989559240296,0.21412417694356942,0.8014814600667368
aimnet2_2025,AIMNet2-2025,nonwater_environment__pros_polyfunctional_oxane__nh3__altered_orientation,pros_polyfunctional_oxane,NH3,altered_orientation,0.0020252051678943802,2.0252051678943803,0.0031441047386226583,3.144104738622658,1.5524870212984918,0.3864316871538899,1.0767056521917537
mace_mdp,MACE-MDP,nonwater_environment__pros_polyfunctional_oxane__nh3__altered_orientation,pros_polyfunctional_oxane,NH3,altered_orientation,0.0020252051678943802,2.0252051678943803,,,,0.12636095743546938,0.615697062122606
gfn2_xtb,GFN2-xTB,nonwater_environment__pros_polyfunctional_oxane__nh3__altered_orientation,pros_polyfunctional_oxane,NH3,altered_orientation,0.0020252051678943802,2.0252051678943803,,,,0.10308677188134903,0.5561117834069398
zero,Zero response,nonwater_environment__pros_polyfunctional_oxane__nh3__altered_orientation,pros_polyfunctional_oxane,NH3,altered_orientation,0.0020252051678943802,2.0252051678943803,0.0020252051678943802,2.0252051678943803,1.0,0.07375354007980008,0.47038348210731235
glider,GLIDER,nonwater_environment__pros_polyfunctional_oxane__nh3__equilibrium_like,pros_polyfunctional_oxane,NH3,equilibrium_like,0.003468992979675526,3.468992979675526,0.001281504175938397,1.281504175938397,0.36941676833784287,0.004677216529449494,0.11845526408036278
mace_polar_s,MACE-POLAR-1-S,nonwater_environment__pros_polyfunctional_oxane__nh3__equilibrium_like,pros_polyfunctional_oxane,NH3,equilibrium_like,0.003468992979675526,3.468992979675526,0.002265084745741461,2.265084745741461,0.6529516660922521,0.04031649196205517,0.34777791172839817
mace_polar_m,MACE-POLAR-1-M,nonwater_environment__pros_polyfunctional_oxane__nh3__equilibrium_like,pros_polyfunctional_oxane,NH3,equilibrium_like,0.003468992979675526,3.468992979675526,0.001987672731577515,1.987672731577515,0.572982633064721,0.003989127322835345,0.10939552992927104
mace_polar_l,MACE-POLAR-1-L,nonwater_environment__pros_polyfunctional_oxane__nh3__equilibrium_like,pros_polyfunctional_oxane,NH3,equilibrium_like,0.003468992979675526,3.468992979675526,0.001997873949536184,1.997873949536184,0.5759233187387586,0.01840591131129492,0.23498453977631115
aimnet2,AIMNet2,nonwater_environment__pros_polyfunctional_oxane__nh3__equilibrium_like,pros_polyfunctional_oxane,NH3,equilibrium_like,0.003468992979675526,3.468992979675526,0.0032969431356137803,3.2969431356137804,0.9504035190991252,0.10361450234207592,0.5575334133719949
aimnet2_2025,AIMNet2-2025,nonwater_environment__pros_polyfunctional_oxane__nh3__equilibrium_like,pros_polyfunctional_oxane,NH3,equilibrium_like,0.003468992979675526,3.468992979675526,0.004914883034313411,4.9148830343134104,1.416803972538776,0.8870464945511544,1.6312999367539567
mace_mdp,MACE-MDP,nonwater_environment__pros_polyfunctional_oxane__nh3__equilibrium_like,pros_polyfunctional_oxane,NH3,equilibrium_like,0.003468992979675526,3.468992979675526,,,,0.2101541295532597,0.7940166173700517
gfn2_xtb,GFN2-xTB,nonwater_environment__pros_polyfunctional_oxane__nh3__equilibrium_like,pros_polyfunctional_oxane,NH3,equilibrium_like,0.003468992979675526,3.468992979675526,,,,0.06193467032058874,0.43104989381945824
zero,Zero response,nonwater_environment__pros_polyfunctional_oxane__nh3__equilibrium_like,pros_polyfunctional_oxane,NH3,equilibrium_like,0.003468992979675526,3.468992979675526,0.003468992979675526,3.468992979675526,1.0,0.05558427128889259,0.4083537851749115
glider,GLIDER,nonwater_environment__pros_sulfonyl_piperidinol__ch3cn__altered_orientation,pros_sulfonyl_piperidinol,CH3CN,altered_orientation,0.002734270725556424,2.734270725556424,0.0013470617468523626,1.3470617468523627,0.49265851192487004,0.011709038552096311,0.1874222923141453
mace_polar_s,MACE-POLAR-1-S,nonwater_environment__pros_sulfonyl_piperidinol__ch3cn__altered_orientation,pros_sulfonyl_piperidinol,CH3CN,altered_orientation,0.002734270725556424,2.734270725556424,0.002311788051202953,2.311788051202953,0.8454861581903175,0.03371916376753471,0.3180526549214833
mace_polar_m,MACE-POLAR-1-M,nonwater_environment__pros_sulfonyl_piperidinol__ch3cn__altered_orientation,pros_sulfonyl_piperidinol,CH3CN,altered_orientation,0.002734270725556424,2.734270725556424,0.0015262656325002056,1.5262656325002055,0.5581984323039595,0.015159677139804656,0.21325813330190707
mace_polar_l,MACE-POLAR-1-L,nonwater_environment__pros_sulfonyl_piperidinol__ch3cn__altered_orientation,pros_sulfonyl_piperidinol,CH3CN,altered_orientation,0.002734270725556424,2.734270725556424,0.0017783055596952734,1.7783055596952735,0.650376549430155,0.006421664028689913,0.13879838646781792
aimnet2,AIMNet2,nonwater_environment__pros_sulfonyl_piperidinol__ch3cn__altered_orientation,pros_sulfonyl_piperidinol,CH3CN,altered_orientation,0.002734270725556424,2.734270725556424,0.0017714669806633433,1.7714669806633432,0.6478754880070808,0.006141338227060405,0.1357350900879401
aimnet2_2025,AIMNet2-2025,nonwater_environment__pros_sulfonyl_piperidinol__ch3cn__altered_orientation,pros_sulfonyl_piperidinol,CH3CN,altered_orientation,0.002734270725556424,2.734270725556424,0.0022640054343147807,2.2640054343147806,0.8280107061651899,0.05308272260194383,0.3990591031486833
mace_mdp,MACE-MDP,nonwater_environment__pros_sulfonyl_piperidinol__ch3cn__altered_orientation,pros_sulfonyl_piperidinol,CH3CN,altered_orientation,0.002734270725556424,2.734270725556424,,,,0.00809272937326707,0.155814595336256
gfn2_xtb,GFN2-xTB,nonwater_environment__pros_sulfonyl_piperidinol__ch3cn__altered_orientation,pros_sulfonyl_piperidinol,CH3CN,altered_orientation,0.002734270725556424,2.734270725556424,,,,0.049275149804389906,0.384480752981433
zero,Zero response,nonwater_environment__pros_sulfonyl_piperidinol__ch3cn__altered_orientation,pros_sulfonyl_piperidinol,CH3CN,altered_orientation,0.002734270725556424,2.734270725556424,0.002734270725556424,2.734270725556424,1.0,0.1331991293182352,0.632137159131391
glider,GLIDER,nonwater_environment__pros_sulfonyl_piperidinol__ch3cn__equilibrium_like,pros_sulfonyl_piperidinol,CH3CN,equilibrium_like,0.0035805438671300334,3.5805438671300336,0.0013654009205950404,1.3654009205950404,0.3813389728665636,0.010287863301285831,0.17568036288628702
mace_polar_s,MACE-POLAR-1-S,nonwater_environment__pros_sulfonyl_piperidinol__ch3cn__equilibrium_like,pros_sulfonyl_piperidinol,CH3CN,equilibrium_like,0.0035805438671300334,3.5805438671300336,0.0024084437393835437,2.408443739383544,0.6726474604859455,0.05828453406860349,0.4181549978247426
mace_polar_m,MACE-POLAR-1-M,nonwater_environment__pros_sulfonyl_piperidinol__ch3cn__equilibrium_like,pros_sulfonyl_piperidinol,CH3CN,equilibrium_like,0.0035805438671300334,3.5805438671300336,0.0014554442429820993,1.4554442429820993,0.40648691846602153,0.010176451909587644,0.1747265169593984
mace_polar_l,MACE-POLAR-1-L,nonwater_environment__pros_sulfonyl_piperidinol__ch3cn__equilibrium_like,pros_sulfonyl_piperidinol,CH3CN,equilibrium_like,0.0035805438671300334,3.5805438671300336,0.0016302914452475503,1.6302914452475503,0.45531950054121306,0.0014477387371252754,0.06590308195658096
aimnet2,AIMNet2,nonwater_environment__pros_sulfonyl_piperidinol__ch3cn__equilibrium_like,pros_sulfonyl_piperidinol,CH3CN,equilibrium_like,0.0035805438671300334,3.5805438671300336,0.0016360613165092232,1.6360613165092233,0.45693095161562697,0.046237808605643756,0.37244251343923035
aimnet2_2025,AIMNet2-2025,nonwater_environment__pros_sulfonyl_piperidinol__ch3cn__equilibrium_like,pros_sulfonyl_piperidinol,CH3CN,equilibrium_like,0.0035805438671300334,3.5805438671300336,0.0030717907726240763,3.0717907726240763,0.857911782850535,0.1533307738003887,0.6782273375507405
mace_mdp,MACE-MDP,nonwater_environment__pros_sulfonyl_piperidinol__ch3cn__equilibrium_like,pros_sulfonyl_piperidinol,CH3CN,equilibrium_like,0.0035805438671300334,3.5805438671300336,,,,0.018869272661867376,0.2379239752223431
gfn2_xtb,GFN2-xTB,nonwater_environment__pros_sulfonyl_piperidinol__ch3cn__equilibrium_like,pros_sulfonyl_piperidinol,CH3CN,equilibrium_like,0.0035805438671300334,3.5805438671300336,,,,0.06627737816531791,0.44590597046457425
zero,Zero response,nonwater_environment__pros_sulfonyl_piperidinol__ch3cn__equilibrium_like,pros_sulfonyl_piperidinol,CH3CN,equilibrium_like,0.0035805438671300334,3.5805438671300336,0.0035805438671300334,3.5805438671300336,1.0,0.2817609774027973,0.9193926974956849
glider,GLIDER,nonwater_environment__pros_sulfonyl_piperidinol__ch3oh__altered_orientation,pros_sulfonyl_piperidinol,CH3OH,altered_orientation,0.0029616583490031257,2.961658349003126,0.0012276881276793317,1.2276881276793317,0.41452726243476506,0.010537214095287453,0.1777966318181038
mace_polar_s,MACE-POLAR-1-S,nonwater_environment__pros_sulfonyl_piperidinol__ch3oh__altered_orientation,pros_sulfonyl_piperidinol,CH3OH,altered_orientation,0.0029616583490031257,2.961658349003126,0.003454551972269816,3.454551972269816,1.1664248759255418,0.022277481551763165,0.2585197181169929
mace_polar_m,MACE-POLAR-1-M,nonwater_environment__pros_sulfonyl_piperidinol__ch3oh__altered_orientation,pros_sulfonyl_piperidinol,CH3OH,altered_orientation,0.0029616583490031257,2.961658349003126,0.0016876876543992971,1.6876876543992971,0.5698454904386123,0.00414637971324336,0.11153088872473885
mace_polar_l,MACE-POLAR-1-L,nonwater_environment__pros_sulfonyl_piperidinol__ch3oh__altered_orientation,pros_sulfonyl_piperidinol,CH3OH,altered_orientation,0.0029616583490031257,2.961658349003126,0.0018742439998030685,1.8742439998030684,0.6328359921845564,0.013534468100104413,0.20150286424841024
aimnet2,AIMNet2,nonwater_environment__pros_sulfonyl_piperidinol__ch3oh__altered_orientation,pros_sulfonyl_piperidinol,CH3OH,altered_orientation,0.0029616583490031257,2.961658349003126,0.0030322794856417856,3.0322794856417854,1.023845132799477,0.04620851480849671,0.3723245149402469
aimnet2_2025,AIMNet2-2025,nonwater_environment__pros_sulfonyl_piperidinol__ch3oh__altered_orientation,pros_sulfonyl_piperidinol,CH3OH,altered_orientation,0.0029616583490031257,2.961658349003126,0.0025110749450458995,2.5110749450458996,0.8478611133154877,0.0896958300357318,0.5187364360705689
mace_mdp,MACE-MDP,nonwater_environment__pros_sulfonyl_piperidinol__ch3oh__altered_orientation,pros_sulfonyl_piperidinol,CH3OH,altered_orientation,0.0029616583490031257,2.961658349003126,,,,0.00023328117201101262,0.026454555676348787
gfn2_xtb,GFN2-xTB,nonwater_environment__pros_sulfonyl_piperidinol__ch3oh__altered_orientation,pros_sulfonyl_piperidinol,CH3OH,altered_orientation,0.0029616583490031257,2.961658349003126,,,,0.030604952166995377,0.3030096640389315
zero,Zero response,nonwater_environment__pros_sulfonyl_piperidinol__ch3oh__altered_orientation,pros_sulfonyl_piperidinol,CH3OH,altered_orientation,0.0029616583490031257,2.961658349003126,0.0029616583490031257,2.961658349003126,1.0,0.015461389786724239,0.2153698432004182
glider,GLIDER,nonwater_environment__pros_sulfonyl_piperidinol__ch3oh__equilibrium_like,pros_sulfonyl_piperidinol,CH3OH,equilibrium_like,0.005881517938266289,5.881517938266288,0.0030441714701781378,3.0441714701781377,0.5175826210394041,0.1178493160049569,0.5945989808390784
mace_polar_s,MACE-POLAR-1-S,nonwater_environment__pros_sulfonyl_piperidinol__ch3oh__equilibrium_like,pros_sulfonyl_piperidinol,CH3OH,equilibrium_like,0.005881517938266289,5.881517938266288,0.005955556705295086,5.955556705295086,1.0125883773212843,0.1555558188421251,0.6831306291818391
mace_polar_m,MACE-POLAR-1-M,nonwater_environment__pros_sulfonyl_piperidinol__ch3oh__equilibrium_like,pros_sulfonyl_piperidinol,CH3OH,equilibrium_like,0.005881517938266289,5.881517938266288,0.003951657457950299,3.951657457950299,0.6718771411441347,0.08369421062592486,0.5010814623170314
mace_polar_l,MACE-POLAR-1-L,nonwater_environment__pros_sulfonyl_piperidinol__ch3oh__equilibrium_like,pros_sulfonyl_piperidinol,CH3OH,equilibrium_like,0.005881517938266289,5.881517938266288,0.004835097673436117,4.835097673436117,0.8220832996152303,0.1227440849647295,0.6068214357570013
aimnet2,AIMNet2,nonwater_environment__pros_sulfonyl_piperidinol__ch3oh__equilibrium_like,pros_sulfonyl_piperidinol,CH3OH,equilibrium_like,0.005881517938266289,5.881517938266288,0.007099441436705961,7.099441436705961,1.2070763893306569,0.5519105605343192,1.2867523777335552
aimnet2_2025,AIMNet2-2025,nonwater_environment__pros_sulfonyl_piperidinol__ch3oh__equilibrium_like,pros_sulfonyl_piperidinol,CH3OH,equilibrium_like,0.005881517938266289,5.881517938266288,0.006463658611881552,6.463658611881552,1.098977964485621,1.3446276135749093,2.008452847523369
mace_mdp,MACE-MDP,nonwater_environment__pros_sulfonyl_piperidinol__ch3oh__equilibrium_like,pros_sulfonyl_piperidinol,CH3OH,equilibrium_like,0.005881517938266289,5.881517938266288,,,,2.938895718962449,2.9692906824504988
gfn2_xtb,GFN2-xTB,nonwater_environment__pros_sulfonyl_piperidinol__ch3oh__equilibrium_like,pros_sulfonyl_piperidinol,CH3OH,equilibrium_like,0.005881517938266289,5.881517938266288,,,,0.32111841227756177,0.9815066157865088
zero,Zero response,nonwater_environment__pros_sulfonyl_piperidinol__ch3oh__equilibrium_like,pros_sulfonyl_piperidinol,CH3OH,equilibrium_like,0.005881517938266289,5.881517938266288,0.005881517938266289,5.881517938266288,1.0,0.2932562320578548,0.9379598585086487
glider,GLIDER,nonwater_environment__pros_sulfonyl_piperidinol__nh3__altered_orientation,pros_sulfonyl_piperidinol,NH3,altered_orientation,0.00220293278177704,2.20293278177704,0.0016296854098962993,1.6296854098962992,0.7397799076654897,0.009758375677824588,0.1710997575494301
mace_polar_s,MACE-POLAR-1-S,nonwater_environment__pros_sulfonyl_piperidinol__nh3__altered_orientation,pros_sulfonyl_piperidinol,NH3,altered_orientation,0.00220293278177704,2.20293278177704,0.0021564934930001136,2.1564934930001134,0.9789193346428549,0.022452719808618838,0.25953450527021743
mace_polar_m,MACE-POLAR-1-M,nonwater_environment__pros_sulfonyl_piperidinol__nh3__altered_orientation,pros_sulfonyl_piperidinol,NH3,altered_orientation,0.00220293278177704,2.20293278177704,0.002314474619733705,2.314474619733705,1.0506333370129828,0.019564859546682373,0.24226964035975931
mace_polar_l,MACE-POLAR-1-L,nonwater_environment__pros_sulfonyl_piperidinol__nh3__altered_orientation,pros_sulfonyl_piperidinol,NH3,altered_orientation,0.00220293278177704,2.20293278177704,0.0016777776247275764,1.6777776247275764,0.7616109027957554,0.008632074315298313,0.16092303423032683
aimnet2,AIMNet2,nonwater_environment__pros_sulfonyl_piperidinol__nh3__altered_orientation,pros_sulfonyl_piperidinol,NH3,altered_orientation,0.00220293278177704,2.20293278177704,0.003620027183829049,3.6200271838290488,1.643276278683765,0.08617587003988704,0.5084561044177375
aimnet2_2025,AIMNet2-2025,nonwater_environment__pros_sulfonyl_piperidinol__nh3__altered_orientation,pros_sulfonyl_piperidinol,NH3,altered_orientation,0.00220293278177704,2.20293278177704,0.0023093428168154944,2.3093428168154944,1.0483038047818312,0.03833350398905362,0.3391172540098201
mace_mdp,MACE-MDP,nonwater_environment__pros_sulfonyl_piperidinol__nh3__altered_orientation,pros_sulfonyl_piperidinol,NH3,altered_orientation,0.00220293278177704,2.20293278177704,,,,0.0007635679835205697,0.04786129908978348
gfn2_xtb,GFN2-xTB,nonwater_environment__pros_sulfonyl_piperidinol__nh3__altered_orientation,pros_sulfonyl_piperidinol,NH3,altered_orientation,0.00220293278177704,2.20293278177704,,,,0.02667952809887912,0.2829109122968525
zero,Zero response,nonwater_environment__pros_sulfonyl_piperidinol__nh3__altered_orientation,pros_sulfonyl_piperidinol,NH3,altered_orientation,0.00220293278177704,2.20293278177704,0.00220293278177704,2.20293278177704,1.0,0.06455342874113422,0.4400685017396753
glider,GLIDER,nonwater_environment__pros_sulfonyl_piperidinol__nh3__equilibrium_like,pros_sulfonyl_piperidinol,NH3,equilibrium_like,0.0026860091289761154,2.6860091289761154,0.0012415319931191099,1.2415319931191098,0.4622218069647335,0.027554606385874786,0.28751316345103983
mace_polar_s,MACE-POLAR-1-S,nonwater_environment__pros_sulfonyl_piperidinol__nh3__equilibrium_like,pros_sulfonyl_piperidinol,NH3,equilibrium_like,0.0026860091289761154,2.6860091289761154,0.0025325264201944884,2.5325264201944884,0.9428584560171865,0.05857764716296476,0.4192051305612734
mace_polar_m,MACE-POLAR-1-M,nonwater_environment__pros_sulfonyl_piperidinol__nh3__equilibrium_like,pros_sulfonyl_piperidinol,NH3,equilibrium_like,0.0026860091289761154,2.6860091289761154,0.0015286907478080924,1.5286907478080924,0.5691308831816282,0.04272611634804097,0.3580200400035212
mace_polar_l,MACE-POLAR-1-L,nonwater_environment__pros_sulfonyl_piperidinol__nh3__equilibrium_like,pros_sulfonyl_piperidinol,NH3,equilibrium_like,0.0026860091289761154,2.6860091289761154,0.0011047316507989788,1.1047316507989788,0.4112911005704934,0.016784940625672484,0.22439880097054318
aimnet2,AIMNet2,nonwater_environment__pros_sulfonyl_piperidinol__nh3__equilibrium_like,pros_sulfonyl_piperidinol,NH3,equilibrium_like,0.0026860091289761154,2.6860091289761154,0.002601579479256972,2.601579479256972,0.9685668790890046,0.028114546487560777,0.29041976424252247
aimnet2_2025,AIMNet2-2025,nonwater_environment__pros_sulfonyl_piperidinol__nh3__equilibrium_like,pros_sulfonyl_piperidinol,NH3,equilibrium_like,0.0026860091289761154,2.6860091289761154,0.002503761448101915,2.503761448101915,0.9321492697444138,0.04646825296591264,0.3733694670132226
mace_mdp,MACE-MDP,nonwater_environment__pros_sulfonyl_piperidinol__nh3__equilibrium_like,pros_sulfonyl_piperidinol,NH3,equilibrium_like,0.0026860091289761154,2.6860091289761154,,,,0.004403979159608296,0.1149431923987884
gfn2_xtb,GFN2-xTB,nonwater_environment__pros_sulfonyl_piperidinol__nh3__equilibrium_like,pros_sulfonyl_piperidinol,NH3,equilibrium_like,0.0026860091289761154,2.6860091289761154,,,,0.021341369328149857,0.2530298559151658
zero,Zero response,nonwater_environment__pros_sulfonyl_piperidinol__nh3__equilibrium_like,pros_sulfonyl_piperidinol,NH3,equilibrium_like,0.0026860091289761154,2.6860091289761154,0.0026860091289761154,2.6860091289761154,1.0,0.050702231928606865,0.3900085842463222
glider,GLIDER,nonwater_environment__prospective_diverse_01__ch3cn__altered_orientation,prospective_diverse_01,CH3CN,altered_orientation,0.0054309563035919925,5.4309563035919926,0.0014831528417749084,1.4831528417749085,0.27309239089144627,0.007189186502636398,0.14685897830200642
mace_polar_s,MACE-POLAR-1-S,nonwater_environment__prospective_diverse_01__ch3cn__altered_orientation,prospective_diverse_01,CH3CN,altered_orientation,0.0054309563035919925,5.4309563035919926,0.003976114929568456,3.9761149295684564,0.7321205893221208,0.009780618022821324,0.17129464109674877
mace_polar_m,MACE-POLAR-1-M,nonwater_environment__prospective_diverse_01__ch3cn__altered_orientation,prospective_diverse_01,CH3CN,altered_orientation,0.0054309563035919925,5.4309563035919926,0.002000562257046428,2.000562257046428,0.3683627974917183,0.0047023086508386,0.11877258081104325
mace_polar_l,MACE-POLAR-1-L,nonwater_environment__prospective_diverse_01__ch3cn__altered_orientation,prospective_diverse_01,CH3CN,altered_orientation,0.0054309563035919925,5.4309563035919926,0.0020962488496068187,2.096248849606819,0.38598153482110986,0.017355266581791987,0.2281793148937387
aimnet2,AIMNet2,nonwater_environment__prospective_diverse_01__ch3cn__altered_orientation,prospective_diverse_01,CH3CN,altered_orientation,0.0054309563035919925,5.4309563035919926,0.0014864521644754778,1.4864521644754778,0.2736998939749064,0.006999435754356048,0.1449079268469056
aimnet2_2025,AIMNet2-2025,nonwater_environment__prospective_diverse_01__ch3cn__altered_orientation,prospective_diverse_01,CH3CN,altered_orientation,0.0054309563035919925,5.4309563035919926,0.0035899585954909936,3.5899585954909936,0.6610177646092683,0.12874244597481832,0.6214719124179748
mace_mdp,MACE-MDP,nonwater_environment__prospective_diverse_01__ch3cn__altered_orientation,prospective_diverse_01,CH3CN,altered_orientation,0.0054309563035919925,5.4309563035919926,,,,0.08288762500156525,0.49866108230409933
gfn2_xtb,GFN2-xTB,nonwater_environment__prospective_diverse_01__ch3cn__altered_orientation,prospective_diverse_01,CH3CN,altered_orientation,0.0054309563035919925,5.4309563035919926,,,,0.0041689953987105,0.11183463772969224
zero,Zero response,nonwater_environment__prospective_diverse_01__ch3cn__altered_orientation,prospective_diverse_01,CH3CN,altered_orientation,0.0054309563035919925,5.4309563035919926,0.0054309563035919925,5.4309563035919926,1.0,0.0886463363595114,0.5156927467771233
glider,GLIDER,nonwater_environment__prospective_diverse_01__ch3cn__equilibrium_like,prospective_diverse_01,CH3CN,equilibrium_like,0.005558495140433645,5.558495140433645,0.0013831659072351772,1.3831659072351772,0.24883819672230023,0.010054220423344149,0.17367400861969085
mace_polar_s,MACE-POLAR-1-S,nonwater_environment__prospective_diverse_01__ch3cn__equilibrium_like,prospective_diverse_01,CH3CN,equilibrium_like,0.005558495140433645,5.558495140433645,0.003992945996092166,3.992945996092166,0.7183501820567674,0.02451718890631581,0.27120392091366863
mace_polar_m,MACE-POLAR-1-M,nonwater_environment__prospective_diverse_01__ch3cn__equilibrium_like,prospective_diverse_01,CH3CN,equilibrium_like,0.005558495140433645,5.558495140433645,0.0020095258914092366,2.0095258914092367,0.3615233693003578,0.0018807564270476348,0.07511504031246276
mace_polar_l,MACE-POLAR-1-L,nonwater_environment__prospective_diverse_01__ch3cn__equilibrium_like,prospective_diverse_01,CH3CN,equilibrium_like,0.005558495140433645,5.558495140433645,0.0021199698156945225,2.1199698156945224,0.38139276227362745,0.027092124797176164,0.28509011626418845
aimnet2,AIMNet2,nonwater_environment__prospective_diverse_01__ch3cn__equilibrium_like,prospective_diverse_01,CH3CN,equilibrium_like,0.005558495140433645,5.558495140433645,0.0014604785149571562,1.4604785149571562,0.262747106556473,0.006320682675525963,0.13770275242920124
aimnet2_2025,AIMNet2-2025,nonwater_environment__prospective_diverse_01__ch3cn__equilibrium_like,prospective_diverse_01,CH3CN,equilibrium_like,0.005558495140433645,5.558495140433645,0.0037863929768567964,3.7863929768567965,0.6811903008268893,0.1627290815959923,0.6987039750766965
mace_mdp,MACE-MDP,nonwater_environment__prospective_diverse_01__ch3cn__equilibrium_like,prospective_diverse_01,CH3CN,equilibrium_like,0.005558495140433645,5.558495140433645,,,,0.08810140993040848,0.5141052711179155
gfn2_xtb,GFN2-xTB,nonwater_environment__prospective_diverse_01__ch3cn__equilibrium_like,prospective_diverse_01,CH3CN,equilibrium_like,0.005558495140433645,5.558495140433645,,,,0.005205148613154262,0.12496177751401741
zero,Zero response,nonwater_environment__prospective_diverse_01__ch3cn__equilibrium_like,prospective_diverse_01,CH3CN,equilibrium_like,0.005558495140433645,5.558495140433645,0.005558495140433645,5.558495140433645,1.0,0.10164710289734225,0.5522149116893048
glider,GLIDER,nonwater_environment__prospective_diverse_01__ch3oh__altered_orientation,prospective_diverse_01,CH3OH,altered_orientation,0.004460440399176933,4.4604403991769335,0.0009018008372224234,0.9018008372224233,0.20217753327425447,0.0004670085569958373,0.03743027746340537
mace_polar_s,MACE-POLAR-1-S,nonwater_environment__prospective_diverse_01__ch3oh__altered_orientation,prospective_diverse_01,CH3OH,altered_orientation,0.004460440399176933,4.4604403991769335,0.003170492351293298,3.170492351293298,0.7108025368702013,0.039037404349489664,0.34221661714251833
mace_polar_m,MACE-POLAR-1-M,nonwater_environment__prospective_diverse_01__ch3oh__altered_orientation,prospective_diverse_01,CH3OH,altered_orientation,0.004460440399176933,4.4604403991769335,0.0012752710599381483,1.2752710599381483,0.28590698357352085,0.0014762891419634163,0.06654973648250043
mace_polar_l,MACE-POLAR-1-L,nonwater_environment__prospective_diverse_01__ch3oh__altered_orientation,prospective_diverse_01,CH3OH,altered_orientation,0.004460440399176933,4.4604403991769335,0.0013515394325147839,1.3515394325147838,0.30300582712957624,0.003842832499641975,0.10737084100874839
aimnet2,AIMNet2,nonwater_environment__prospective_diverse_01__ch3oh__altered_orientation,prospective_diverse_01,CH3OH,altered_orientation,0.004460440399176933,4.4604403991769335,0.0019041875976675716,1.9041875976675715,0.42690573738390125,0.00808795619527094,0.1557686380046151
aimnet2_2025,AIMNet2-2025,nonwater_environment__prospective_diverse_01__ch3oh__altered_orientation,prospective_diverse_01,CH3OH,altered_orientation,0.004460440399176933,4.4604403991769335,0.0031210846771591496,3.1210846771591494,0.6997256768042615,0.07258462051211383,0.4666410414187135
mace_mdp,MACE-MDP,nonwater_environment__prospective_diverse_01__ch3oh__altered_orientation,prospective_diverse_01,CH3OH,altered_orientation,0.004460440399176933,4.4604403991769335,,,,0.0042367402122204635,0.11273961431839916
gfn2_xtb,GFN2-xTB,nonwater_environment__prospective_diverse_01__ch3oh__altered_orientation,prospective_diverse_01,CH3OH,altered_orientation,0.004460440399176933,4.4604403991769335,,,,0.03168574673180998,0.3083135420240732
zero,Zero response,nonwater_environment__prospective_diverse_01__ch3oh__altered_orientation,prospective_diverse_01,CH3OH,altered_orientation,0.004460440399176933,4.4604403991769335,0.004460440399176933,4.4604403991769335,1.0,0.09613823496298281,0.5370425540764423
glider,GLIDER,nonwater_environment__prospective_diverse_01__ch3oh__equilibrium_like,prospective_diverse_01,CH3OH,equilibrium_like,0.00532552254528674,5.3255225452867405,0.0015045377372129075,1.5045377372129074,0.28251457475181885,0.0035952306310415845,0.10385418572751294
mace_polar_s,MACE-POLAR-1-S,nonwater_environment__prospective_diverse_01__ch3oh__equilibrium_like,prospective_diverse_01,CH3OH,equilibrium_like,0.00532552254528674,5.3255225452867405,0.004430252055980294,4.4302520559802945,0.8318905831881626,0.06369296557087246,0.4371257218611339
mace_polar_m,MACE-POLAR-1-M,nonwater_environment__prospective_diverse_01__ch3oh__equilibrium_like,prospective_diverse_01,CH3OH,equilibrium_like,0.00532552254528674,5.3255225452867405,0.0019373865416358485,1.9373865416358484,0.3637927593322271,0.0033441453100411245,0.10016204835227449
mace_polar_l,MACE-POLAR-1-L,nonwater_environment__prospective_diverse_01__ch3oh__equilibrium_like,prospective_diverse_01,CH3OH,equilibrium_like,0.00532552254528674,5.3255225452867405,0.002336425970607577,2.336425970607577,0.43872238841151645,0.011657854216574878,0.18701219920027848
aimnet2,AIMNet2,nonwater_environment__prospective_diverse_01__ch3oh__equilibrium_like,prospective_diverse_01,CH3OH,equilibrium_like,0.00532552254528674,5.3255225452867405,0.0028776624026456104,2.8776624026456106,0.540353059849955,0.01239385452581236,0.19282521509760356
aimnet2_2025,AIMNet2-2025,nonwater_environment__prospective_diverse_01__ch3oh__equilibrium_like,prospective_diverse_01,CH3OH,equilibrium_like,0.00532552254528674,5.3255225452867405,0.0035440891576578163,3.544089157657816,0.665491344280281,0.07562274709928914,0.47630687723133647
mace_mdp,MACE-MDP,nonwater_environment__prospective_diverse_01__ch3oh__equilibrium_like,prospective_diverse_01,CH3OH,equilibrium_like,0.00532552254528674,5.3255225452867405,,,,9.112020193054327e-05,0.016533620468355676
gfn2_xtb,GFN2-xTB,nonwater_environment__prospective_diverse_01__ch3oh__equilibrium_like,prospective_diverse_01,CH3OH,equilibrium_like,0.00532552254528674,5.3255225452867405,,,,0.05140824447203099,0.3927145699055396
zero,Zero response,nonwater_environment__prospective_diverse_01__ch3oh__equilibrium_like,prospective_diverse_01,CH3OH,equilibrium_like,0.00532552254528674,5.3255225452867405,0.00532552254528674,5.3255225452867405,1.0,0.19778434450833218,0.7702941214399839
glider,GLIDER,nonwater_environment__prospective_diverse_01__nh3__altered_orientation,prospective_diverse_01,NH3,altered_orientation,0.006355571046879014,6.355571046879014,0.0013934945538913032,1.393494553891303,0.21925560167808947,0.00011228059488157338,0.0183532499749968
mace_polar_s,MACE-POLAR-1-S,nonwater_environment__prospective_diverse_01__nh3__altered_orientation,prospective_diverse_01,NH3,altered_orientation,0.006355571046879014,6.355571046879014,0.005984342603523591,5.984342603523591,0.9415900726123234,0.08361584107944886,0.5008468061576778
mace_polar_m,MACE-POLAR-1-M,nonwater_environment__prospective_diverse_01__nh3__altered_orientation,prospective_diverse_01,NH3,altered_orientation,0.006355571046879014,6.355571046879014,0.0017907356080349931,1.7907356080349932,0.2817584123954302,0.011221907290133547,0.18348221131870152
mace_polar_l,MACE-POLAR-1-L,nonwater_environment__prospective_diverse_01__nh3__altered_orientation,prospective_diverse_01,NH3,altered_orientation,0.006355571046879014,6.355571046879014,0.0020156344169785945,2.0156344169785947,0.3171445023761316,0.000552458857605683,0.04071089010101657
aimnet2,AIMNet2,nonwater_environment__prospective_diverse_01__nh3__altered_orientation,prospective_diverse_01,NH3,altered_orientation,0.006355571046879014,6.355571046879014,0.0044365343027556944,4.436534302755694,0.6980543951175422,0.06798304147141031,0.4516072678934994
aimnet2_2025,AIMNet2-2025,nonwater_environment__prospective_diverse_01__nh3__altered_orientation,prospective_diverse_01,NH3,altered_orientation,0.006355571046879014,6.355571046879014,0.0066397815077166,6.6397815077166,1.0447183201542765,0.423255501709982,1.12683916559993
mace_mdp,MACE-MDP,nonwater_environment__prospective_diverse_01__nh3__altered_orientation,prospective_diverse_01,NH3,altered_orientation,0.006355571046879014,6.355571046879014,,,,0.07110555773786471,0.46186217989092176
gfn2_xtb,GFN2-xTB,nonwater_environment__prospective_diverse_01__nh3__altered_orientation,prospective_diverse_01,NH3,altered_orientation,0.006355571046879014,6.355571046879014,,,,0.16490464310192912,0.7033590330021983
zero,Zero response,nonwater_environment__prospective_diverse_01__nh3__altered_orientation,prospective_diverse_01,NH3,altered_orientation,0.006355571046879014,6.355571046879014,0.006355571046879014,6.355571046879014,1.0,0.09112488322768335,0.5228524167325327
glider,GLIDER,nonwater_environment__prospective_diverse_01__nh3__equilibrium_like,prospective_diverse_01,NH3,equilibrium_like,0.005059763991917992,5.059763991917992,0.0014499123203367537,1.4499123203367537,0.2865573024063399,0.004468594140722839,0.11578334259369315
mace_polar_s,MACE-POLAR-1-S,nonwater_environment__prospective_diverse_01__nh3__equilibrium_like,prospective_diverse_01,NH3,equilibrium_like,0.005059763991917992,5.059763991917992,0.00447746890938428,4.47746890938428,0.8849165527356971,0.07399571387051672,0.47115511417318834
mace_polar_m,MACE-POLAR-1-M,nonwater_environment__prospective_diverse_01__nh3__equilibrium_like,prospective_diverse_01,NH3,equilibrium_like,0.005059763991917992,5.059763991917992,0.0018652897830786833,1.8652897830786832,0.3686515390951293,0.00876492837873698,0.16215666849134183
mace_polar_l,MACE-POLAR-1-L,nonwater_environment__prospective_diverse_01__nh3__equilibrium_like,prospective_diverse_01,NH3,equilibrium_like,0.005059763991917992,5.059763991917992,0.0024912118070550987,2.4912118070550986,0.49235731370758284,0.013962437343849485,0.20466390016695288
aimnet2,AIMNet2,nonwater_environment__prospective_diverse_01__nh3__equilibrium_like,prospective_diverse_01,NH3,equilibrium_like,0.005059763991917992,5.059763991917992,0.003936324694980744,3.9363246949807436,0.7779660674427249,0.030408604489456485,0.3020361128546874
aimnet2_2025,AIMNet2-2025,nonwater_environment__prospective_diverse_01__nh3__equilibrium_like,prospective_diverse_01,NH3,equilibrium_like,0.005059763991917992,5.059763991917992,0.003392773214848604,3.3927732148486043,0.670539815743958,0.11166956420071515,0.5787993543553288
mace_mdp,MACE-MDP,nonwater_environment__prospective_diverse_01__nh3__equilibrium_like,prospective_diverse_01,NH3,equilibrium_like,0.005059763991917992,5.059763991917992,,,,0.0012614940577496067,0.06151814507321251
gfn2_xtb,GFN2-xTB,nonwater_environment__prospective_diverse_01__nh3__equilibrium_like,prospective_diverse_01,NH3,equilibrium_like,0.005059763991917992,5.059763991917992,,,,0.1510346255143115,0.6731299105989381
zero,Zero response,nonwater_environment__prospective_diverse_01__nh3__equilibrium_like,prospective_diverse_01,NH3,equilibrium_like,0.005059763991917992,5.059763991917992,0.005059763991917992,5.059763991917992,1.0,0.2697285931989813,0.8995475415990775
glider,GLIDER,nonwater_environment__prospective_diverse_02__ch3cn__altered_orientation,prospective_diverse_02,CH3CN,altered_orientation,0.007058827849364924,7.058827849364924,0.0017341351157769407,1.7341351157769407,0.24566899105394094,0.02214864135999864,0.25777106912917114
mace_polar_s,MACE-POLAR-1-S,nonwater_environment__prospective_diverse_02__ch3cn__altered_orientation,prospective_diverse_02,CH3CN,altered_orientation,0.007058827849364924,7.058827849364924,0.006484040681268036,6.484040681268036,0.9185718676864175,0.32666923411688137,0.9899533839280737
mace_polar_m,MACE-POLAR-1-M,nonwater_environment__prospective_diverse_02__ch3cn__altered_orientation,prospective_diverse_02,CH3CN,altered_orientation,0.007058827849364924,7.058827849364924,0.002344791865019261,2.344791865019261,0.33217864425326926,0.0619309711594655,0.43103702100677677
mace_polar_l,MACE-POLAR-1-L,nonwater_environment__prospective_diverse_02__ch3cn__altered_orientation,prospective_diverse_02,CH3CN,altered_orientation,0.007058827849364924,7.058827849364924,0.002596389570144671,2.596389570144671,0.36782163066609785,0.031182476226936404,0.30585524138194725
aimnet2,AIMNet2,nonwater_environment__prospective_diverse_02__ch3cn__altered_orientation,prospective_diverse_02,CH3CN,altered_orientation,0.007058827849364924,7.058827849364924,0.004394951406647319,4.394951406647319,0.6226177349037814,0.011018329553160988,0.18181030955224448
aimnet2_2025,AIMNet2-2025,nonwater_environment__prospective_diverse_02__ch3cn__altered_orientation,prospective_diverse_02,CH3CN,altered_orientation,0.007058827849364924,7.058827849364924,0.005105632731505468,5.105632731505468,0.7232975276433207,0.008602584205251992,0.16064791506818873
mace_mdp,MACE-MDP,nonwater_environment__prospective_diverse_02__ch3cn__altered_orientation,prospective_diverse_02,CH3CN,altered_orientation,0.007058827849364924,7.058827849364924,,,,0.17052866920367724,0.7152524083224269
gfn2_xtb,GFN2-xTB,nonwater_environment__prospective_diverse_02__ch3cn__altered_orientation,prospective_diverse_02,CH3CN,altered_orientation,0.007058827849364924,7.058827849364924,,,,0.16642285721941397,0.7065893939610486
zero,Zero response,nonwater_environment__prospective_diverse_02__ch3cn__altered_orientation,prospective_diverse_02,CH3CN,altered_orientation,0.007058827849364924,7.058827849364924,0.007058827849364924,7.058827849364924,1.0,0.29803493975077683,0.9455711603323836
glider,GLIDER,nonwater_environment__prospective_diverse_02__ch3cn__equilibrium_like,prospective_diverse_02,CH3CN,equilibrium_like,0.005558845070821003,5.558845070821003,0.0014065860974772704,1.4065860974772704,0.2530356718989341,0.008950780269440269,0.16386683864748477
mace_polar_s,MACE-POLAR-1-S,nonwater_environment__prospective_diverse_02__ch3cn__equilibrium_like,prospective_diverse_02,CH3CN,equilibrium_like,0.005558845070821003,5.558845070821003,0.004844175631198512,4.844175631198512,0.8714356254730194,0.28278575810603634,0.9210631217881373
mace_polar_m,MACE-POLAR-1-M,nonwater_environment__prospective_diverse_02__ch3cn__equilibrium_like,prospective_diverse_02,CH3CN,equilibrium_like,0.005558845070821003,5.558845070821003,0.002181295922485091,2.181295922485091,0.39240092046007113,0.007471760219451826,0.14971733586447322
mace_polar_l,MACE-POLAR-1-L,nonwater_environment__prospective_diverse_02__ch3cn__equilibrium_like,prospective_diverse_02,CH3CN,equilibrium_like,0.005558845070821003,5.558845070821003,0.002075814554886706,2.075814554886706,0.3734255098748637,0.004002122396335294,0.10957356975569374
aimnet2,AIMNet2,nonwater_environment__prospective_diverse_02__ch3cn__equilibrium_like,prospective_diverse_02,CH3CN,equilibrium_like,0.005558845070821003,5.558845070821003,0.0037081028202747774,3.7081028202747772,0.6670635308292764,0.13754848607714668,0.6423748580318505
aimnet2_2025,AIMNet2-2025,nonwater_environment__prospective_diverse_02__ch3cn__equilibrium_like,prospective_diverse_02,CH3CN,equilibrium_like,0.005558845070821003,5.558845070821003,0.0034175252578511183,3.417525257851118,0.6147905211084383,0.1832512179397506,0.7414537435465895
mace_mdp,MACE-MDP,nonwater_environment__prospective_diverse_02__ch3cn__equilibrium_like,prospective_diverse_02,CH3CN,equilibrium_like,0.005558845070821003,5.558845070821003,,,,0.010706956132571733,0.1792229572284622
gfn2_xtb,GFN2-xTB,nonwater_environment__prospective_diverse_02__ch3cn__equilibrium_like,prospective_diverse_02,CH3CN,equilibrium_like,0.005558845070821003,5.558845070821003,,,,0.04279020189905606,0.3582884392457677
zero,Zero response,nonwater_environment__prospective_diverse_02__ch3cn__equilibrium_like,prospective_diverse_02,CH3CN,equilibrium_like,0.005558845070821003,5.558845070821003,0.005558845070821003,5.558845070821003,1.0,0.29867183059079194,0.946580948346403
glider,GLIDER,nonwater_environment__prospective_diverse_02__ch3oh__altered_orientation,prospective_diverse_02,CH3OH,altered_orientation,0.004316588420613422,4.316588420613423,0.0008964305637307251,0.8964305637307252,0.20767107641069357,0.0016622557654637337,0.07061704678327466
mace_polar_s,MACE-POLAR-1-S,nonwater_environment__prospective_diverse_02__ch3oh__altered_orientation,prospective_diverse_02,CH3OH,altered_orientation,0.004316588420613422,4.316588420613423,0.0034118214401439566,3.4118214401439566,0.7903976723495703,0.0312568581908916,0.3062198141412061
mace_polar_m,MACE-POLAR-1-M,nonwater_environment__prospective_diverse_02__ch3oh__altered_orientation,prospective_diverse_02,CH3OH,altered_orientation,0.004316588420613422,4.316588420613423,0.0010773741877181105,1.0773741877181104,0.24958927809128645,0.0001392445043933458,0.020438530113000727
mace_polar_l,MACE-POLAR-1-L,nonwater_environment__prospective_diverse_02__ch3oh__altered_orientation,prospective_diverse_02,CH3OH,altered_orientation,0.004316588420613422,4.316588420613423,0.0012637619403927762,1.2637619403927762,0.29276869074610207,0.0016498009301119541,0.07035199208505657
aimnet2,AIMNet2,nonwater_environment__prospective_diverse_02__ch3oh__altered_orientation,prospective_diverse_02,CH3OH,altered_orientation,0.004316588420613422,4.316588420613423,0.0031709471100340326,3.1709471100340325,0.7345956577401501,0.04367967441370637,0.36199312595837935
aimnet2_2025,AIMNet2-2025,nonwater_environment__prospective_diverse_02__ch3oh__altered_orientation,prospective_diverse_02,CH3OH,altered_orientation,0.004316588420613422,4.316588420613423,0.003405990194224412,3.4059901942244117,0.7890467800820337,0.0754895214412397,0.47588713401784577
mace_mdp,MACE-MDP,nonwater_environment__prospective_diverse_02__ch3oh__altered_orientation,prospective_diverse_02,CH3OH,altered_orientation,0.004316588420613422,4.316588420613423,,,,0.001372412466755048,0.06416570267880765
gfn2_xtb,GFN2-xTB,nonwater_environment__prospective_diverse_02__ch3oh__altered_orientation,prospective_diverse_02,CH3OH,altered_orientation,0.004316588420613422,4.316588420613423,,,,0.05842241482075156,0.41864930964024616
zero,Zero response,nonwater_environment__prospective_diverse_02__ch3oh__altered_orientation,prospective_diverse_02,CH3OH,altered_orientation,0.004316588420613422,4.316588420613423,0.004316588420613422,4.316588420613423,1.0,0.09348829742460424,0.529589361934143
glider,GLIDER,nonwater_environment__prospective_diverse_02__ch3oh__equilibrium_like,prospective_diverse_02,CH3OH,equilibrium_like,0.004219608293184528,4.219608293184528,0.0010309520490559278,1.0309520490559279,0.24432411196108222,0.00117647109760612,0.059408865439581994
mace_polar_s,MACE-POLAR-1-S,nonwater_environment__prospective_diverse_02__ch3oh__equilibrium_like,prospective_diverse_02,CH3OH,equilibrium_like,0.004219608293184528,4.219608293184528,0.002981891790572137,2.9818917905721367,0.7066750236955549,0.03749178751979789,0.3353734672859403
mace_polar_m,MACE-POLAR-1-M,nonwater_environment__prospective_diverse_02__ch3oh__equilibrium_like,prospective_diverse_02,CH3OH,equilibrium_like,0.004219608293184528,4.219608293184528,0.0009166349541898855,0.9166349541898855,0.21723223827918473,0.0010216172829574956,0.055361104115366835
mace_polar_l,MACE-POLAR-1-L,nonwater_environment__prospective_diverse_02__ch3oh__equilibrium_like,prospective_diverse_02,CH3OH,equilibrium_like,0.004219608293184528,4.219608293184528,0.0011800097637486007,1.1800097637486007,0.27964912422191923,0.0025380214861022237,0.08725860678641775
aimnet2,AIMNet2,nonwater_environment__prospective_diverse_02__ch3oh__equilibrium_like,prospective_diverse_02,CH3OH,equilibrium_like,0.004219608293184528,4.219608293184528,0.0022549797535503947,2.2549797535503946,0.5344049961207576,0.015391292658446076,0.2148810786815308
aimnet2_2025,AIMNet2-2025,nonwater_environment__prospective_diverse_02__ch3oh__equilibrium_like,prospective_diverse_02,CH3OH,equilibrium_like,0.004219608293184528,4.219608293184528,0.0030989899195832033,3.0989899195832034,0.7344259713842781,0.0897437620892302,0.5188750198917756
mace_mdp,MACE-MDP,nonwater_environment__prospective_diverse_02__ch3oh__equilibrium_like,prospective_diverse_02,CH3OH,equilibrium_like,0.004219608293184528,4.219608293184528,,,,0.0007660073651414604,0.04793768971721918
gfn2_xtb,GFN2-xTB,nonwater_environment__prospective_diverse_02__ch3oh__equilibrium_like,prospective_diverse_02,CH3OH,equilibrium_like,0.004219608293184528,4.219608293184528,,,,0.008834135466598437,0.1627955969914276
zero,Zero response,nonwater_environment__prospective_diverse_02__ch3oh__equilibrium_like,prospective_diverse_02,CH3OH,equilibrium_like,0.004219608293184528,4.219608293184528,0.004219608293184528,4.219608293184528,1.0,0.04448757354424251,0.36532549956542526
glider,GLIDER,nonwater_environment__prospective_diverse_02__nh3__altered_orientation,prospective_diverse_02,NH3,altered_orientation,0.004317030899451795,4.317030899451795,0.0011940835827343047,1.1940835827343046,0.276598340513601,0.005199493304207922,0.12489387460009305
mace_polar_s,MACE-POLAR-1-S,nonwater_environment__prospective_diverse_02__nh3__altered_orientation,prospective_diverse_02,NH3,altered_orientation,0.004317030899451795,4.317030899451795,0.003186998658112343,3.1869986581123433,0.738238556160682,0.0016103963111965436,0.06950675458967734
mace_polar_m,MACE-POLAR-1-M,nonwater_environment__prospective_diverse_02__nh3__altered_orientation,prospective_diverse_02,NH3,altered_orientation,0.004317030899451795,4.317030899451795,0.0016794568137019333,1.6794568137019332,0.3890305288097896,0.005015152319706715,0.12265992401399957
mace_polar_l,MACE-POLAR-1-L,nonwater_environment__prospective_diverse_02__nh3__altered_orientation,prospective_diverse_02,NH3,altered_orientation,0.004317030899451795,4.317030899451795,0.002136703984726901,2.1367039847269007,0.4949475772800778,0.013081553579864826,0.19810265202564672
aimnet2,AIMNet2,nonwater_environment__prospective_diverse_02__nh3__altered_orientation,prospective_diverse_02,NH3,altered_orientation,0.004317030899451795,4.317030899451795,0.0041636353587563455,4.163635358756346,0.9644673516895771,0.03256412705920961,0.31255780453802273
aimnet2_2025,AIMNet2-2025,nonwater_environment__prospective_diverse_02__nh3__altered_orientation,prospective_diverse_02,NH3,altered_orientation,0.004317030899451795,4.317030899451795,0.0032629781712296252,3.262978171229625,0.7558385027181482,0.18015500551882893,0.7351632584375302
mace_mdp,MACE-MDP,nonwater_environment__prospective_diverse_02__nh3__altered_orientation,prospective_diverse_02,NH3,altered_orientation,0.004317030899451795,4.317030899451795,,,,0.0029509278932693915,0.09408923253916027
gfn2_xtb,GFN2-xTB,nonwater_environment__prospective_diverse_02__nh3__altered_orientation,prospective_diverse_02,NH3,altered_orientation,0.004317030899451795,4.317030899451795,,,,0.10657883915661963,0.5654524891357884
zero,Zero response,nonwater_environment__prospective_diverse_02__nh3__altered_orientation,prospective_diverse_02,NH3,altered_orientation,0.004317030899451795,4.317030899451795,0.004317030899451795,4.317030899451795,1.0,0.19624764663562091,0.7672958620420566
glider,GLIDER,nonwater_environment__prospective_diverse_02__nh3__equilibrium_like,prospective_diverse_02,NH3,equilibrium_like,0.005078345315383664,5.078345315383665,0.001316568363320417,1.316568363320417,0.2592514454131703,0.012256406494640012,0.19175301688349008
mace_polar_s,MACE-POLAR-1-S,nonwater_environment__prospective_diverse_02__nh3__equilibrium_like,prospective_diverse_02,NH3,equilibrium_like,0.005078345315383664,5.078345315383665,0.0044087973422458305,4.408797342245831,0.8681562730463417,0.07251831777170308,0.46642786507144834
mace_polar_m,MACE-POLAR-1-M,nonwater_environment__prospective_diverse_02__nh3__equilibrium_like,prospective_diverse_02,NH3,equilibrium_like,0.005078345315383664,5.078345315383665,0.0012657856338447618,1.2657856338447617,0.24925158791592195,0.012800414330125805,0.19596235095134323
mace_polar_l,MACE-POLAR-1-L,nonwater_environment__prospective_diverse_02__nh3__equilibrium_like,prospective_diverse_02,NH3,equilibrium_like,0.005078345315383664,5.078345315383665,0.0015575287072585602,1.5575287072585602,0.3067000391919765,0.01742202563767785,0.22861775283873637
aimnet2,AIMNet2,nonwater_environment__prospective_diverse_02__nh3__equilibrium_like,prospective_diverse_02,NH3,equilibrium_like,0.005078345315383664,5.078345315383665,0.003924234667851691,3.924234667851691,0.7727388399453925,0.04044254170820027,0.3483211522784696
aimnet2_2025,AIMNet2-2025,nonwater_environment__prospective_diverse_02__nh3__equilibrium_like,prospective_diverse_02,NH3,equilibrium_like,0.005078345315383664,5.078345315383665,0.004983492177769887,4.983492177769888,0.9813220386320636,0.3245273223653565,0.986702572762466
mace_mdp,MACE-MDP,nonwater_environment__prospective_diverse_02__nh3__equilibrium_like,prospective_diverse_02,NH3,equilibrium_like,0.005078345315383664,5.078345315383665,,,,0.007321771094411261,0.14820699471763735
gfn2_xtb,GFN2-xTB,nonwater_environment__prospective_diverse_02__nh3__equilibrium_like,prospective_diverse_02,NH3,equilibrium_like,0.005078345315383664,5.078345315383665,,,,0.048437446390365735,0.38119855609786507
zero,Zero response,nonwater_environment__prospective_diverse_02__nh3__equilibrium_like,prospective_diverse_02,NH3,equilibrium_like,0.005078345315383664,5.078345315383665,0.005078345315383664,5.078345315383665,1.0,0.08739740554183352,0.5120470843833608
glider,GLIDER,nonwater_environment__prospective_diverse_03__ch3cn__altered_orientation,prospective_diverse_03,CH3CN,altered_orientation,0.001026602041457807,1.026602041457807,0.0006612480766472716,0.6612480766472716,0.6441133466949653,0.001474967477140842,0.06651994010387055
mace_polar_s,MACE-POLAR-1-S,nonwater_environment__prospective_diverse_03__ch3cn__altered_orientation,prospective_diverse_03,CH3CN,altered_orientation,0.001026602041457807,1.026602041457807,0.0013016094427382241,1.301609442738224,1.2678812141167166,0.002353062982191194,0.08401897968062683
mace_polar_m,MACE-POLAR-1-M,nonwater_environment__prospective_diverse_03__ch3cn__altered_orientation,prospective_diverse_03,CH3CN,altered_orientation,0.001026602041457807,1.026602041457807,0.0009928313136287707,0.9928313136287708,0.9671043632632167,0.0015654983182389684,0.06853097806625048
mace_polar_l,MACE-POLAR-1-L,nonwater_environment__prospective_diverse_03__ch3cn__altered_orientation,prospective_diverse_03,CH3CN,altered_orientation,0.001026602041457807,1.026602041457807,0.0008295280879972453,0.8295280879972453,0.8080327668346436,0.0017663324926387644,0.07279421321723516
aimnet2,AIMNet2,nonwater_environment__prospective_diverse_03__ch3cn__altered_orientation,prospective_diverse_03,CH3CN,altered_orientation,0.001026602041457807,1.026602041457807,0.0013139609434578844,1.3139609434578843,1.2799126539744834,0.005798963729937532,0.1318972751417276
aimnet2_2025,AIMNet2-2025,nonwater_environment__prospective_diverse_03__ch3cn__altered_orientation,prospective_diverse_03,CH3CN,altered_orientation,0.001026602041457807,1.026602041457807,0.001353031831802681,1.353031831802681,1.3179711097021913,0.004645703145944566,0.11805553539683641
mace_mdp,MACE-MDP,nonwater_environment__prospective_diverse_03__ch3cn__altered_orientation,prospective_diverse_03,CH3CN,altered_orientation,0.001026602041457807,1.026602041457807,,,,0.00029593911459420104,0.02979626392322707
gfn2_xtb,GFN2-xTB,nonwater_environment__prospective_diverse_03__ch3cn__altered_orientation,prospective_diverse_03,CH3CN,altered_orientation,0.001026602041457807,1.026602041457807,,,,0.006499043849936151,0.1396321293607186
zero,Zero response,nonwater_environment__prospective_diverse_03__ch3cn__altered_orientation,prospective_diverse_03,CH3CN,altered_orientation,0.001026602041457807,1.026602041457807,0.001026602041457807,1.026602041457807,1.0,0.01256395088501129,0.19414389677513397
glider,GLIDER,nonwater_environment__prospective_diverse_03__ch3cn__equilibrium_like,prospective_diverse_03,CH3CN,equilibrium_like,0.006844701847495239,6.844701847495239,0.00183531560272935,1.83531560272935,0.2681366761652253,0.018497300301201638,0.23556718978585475
mace_polar_s,MACE-POLAR-1-S,nonwater_environment__prospective_diverse_03__ch3cn__equilibrium_like,prospective_diverse_03,CH3CN,equilibrium_like,0.006844701847495239,6.844701847495239,0.005196352302971035,5.196352302971035,0.7591787661098192,0.33802579909015296,1.0070140998369679
mace_polar_m,MACE-POLAR-1-M,nonwater_environment__prospective_diverse_03__ch3cn__equilibrium_like,prospective_diverse_03,CH3CN,equilibrium_like,0.006844701847495239,6.844701847495239,0.0020205086476633685,2.0205086476633687,0.29519308403517336,0.03232942038830258,0.31142938391376584
mace_polar_l,MACE-POLAR-1-L,nonwater_environment__prospective_diverse_03__ch3cn__equilibrium_like,prospective_diverse_03,CH3CN,equilibrium_like,0.006844701847495239,6.844701847495239,0.0022846845960685187,2.2846845960685185,0.33378876786350886,0.0204912177577878,0.24793880953445632
aimnet2,AIMNet2,nonwater_environment__prospective_diverse_03__ch3cn__equilibrium_like,prospective_diverse_03,CH3CN,equilibrium_like,0.006844701847495239,6.844701847495239,0.0036338523390467867,3.6338523390467867,0.5309000187315046,0.027327291400355353,0.28632477049858274
aimnet2_2025,AIMNet2-2025,nonwater_environment__prospective_diverse_03__ch3cn__equilibrium_like,prospective_diverse_03,CH3CN,equilibrium_like,0.006844701847495239,6.844701847495239,0.004012227917823344,4.012227917823345,0.5861800860312981,0.02645869685024374,0.2817376271475488
mace_mdp,MACE-MDP,nonwater_environment__prospective_diverse_03__ch3cn__equilibrium_like,prospective_diverse_03,CH3CN,equilibrium_like,0.006844701847495239,6.844701847495239,,,,0.22524593164756423,0.8220327213333376
gfn2_xtb,GFN2-xTB,nonwater_environment__prospective_diverse_03__ch3cn__equilibrium_like,prospective_diverse_03,CH3CN,equilibrium_like,0.006844701847495239,6.844701847495239,,,,0.029552413662007043,0.29775365822441396
zero,Zero response,nonwater_environment__prospective_diverse_03__ch3cn__equilibrium_like,prospective_diverse_03,CH3CN,equilibrium_like,0.006844701847495239,6.844701847495239,0.006844701847495239,6.844701847495239,1.0,1.0146626199657283,1.744702799876582
glider,GLIDER,nonwater_environment__prospective_diverse_03__ch3oh__altered_orientation,prospective_diverse_03,CH3OH,altered_orientation,0.0006672564099606645,0.6672564099606645,0.00040018221964525523,0.40018221964525524,0.5997427880368305,6.826462119999756e-05,0.014310620657399619
mace_polar_s,MACE-POLAR-1-S,nonwater_environment__prospective_diverse_03__ch3oh__altered_orientation,prospective_diverse_03,CH3OH,altered_orientation,0.0006672564099606645,0.6672564099606645,0.000695181457321242,0.6951814573212419,1.041850549419561,0.002967559144567034,0.09435400062372079
mace_polar_m,MACE-POLAR-1-M,nonwater_environment__prospective_diverse_03__ch3oh__altered_orientation,prospective_diverse_03,CH3OH,altered_orientation,0.0006672564099606645,0.6672564099606645,0.0007566603553083167,0.7566603553083167,1.1339873907736948,0.00038465725956447907,0.03397016012169264
mace_polar_l,MACE-POLAR-1-L,nonwater_environment__prospective_diverse_03__ch3oh__altered_orientation,prospective_diverse_03,CH3OH,altered_orientation,0.0006672564099606645,0.6672564099606645,0.0006937276005970443,0.6937276005970443,1.0396716917832838,0.00023163381439099198,0.02636098334988617
aimnet2,AIMNet2,nonwater_environment__prospective_diverse_03__ch3oh__altered_orientation,prospective_diverse_03,CH3OH,altered_orientation,0.0006672564099606645,0.6672564099606645,0.0006198312182062395,0.6198312182062394,0.9289250862989525,0.0009173585175914251,0.05246022829510252
aimnet2_2025,AIMNet2-2025,nonwater_environment__prospective_diverse_03__ch3oh__altered_orientation,prospective_diverse_03,CH3OH,altered_orientation,0.0006672564099606645,0.6672564099606645,0.0005763406674791324,0.5763406674791324,0.8637469177899817,0.0025997215909495117,0.08831287999407864
mace_mdp,MACE-MDP,nonwater_environment__prospective_diverse_03__ch3oh__altered_orientation,prospective_diverse_03,CH3OH,altered_orientation,0.0006672564099606645,0.6672564099606645,,,,0.10175432234854768,0.5525060787408977
gfn2_xtb,GFN2-xTB,nonwater_environment__prospective_diverse_03__ch3oh__altered_orientation,prospective_diverse_03,CH3OH,altered_orientation,0.0006672564099606645,0.6672564099606645,,,,0.002033715465018551,0.07810983545659057
zero,Zero response,nonwater_environment__prospective_diverse_03__ch3oh__altered_orientation,prospective_diverse_03,CH3OH,altered_orientation,0.0006672564099606645,0.6672564099606645,0.0006672564099606645,0.6672564099606645,1.0,0.00782939456040361,0.153258551739245
glider,GLIDER,nonwater_environment__prospective_diverse_03__ch3oh__equilibrium_like,prospective_diverse_03,CH3OH,equilibrium_like,0.0013371725328084855,1.3371725328084854,0.00048810944434431766,0.48810944434431763,0.36503101310279934,0.0005766223494334824,0.04159167041969398
mace_polar_s,MACE-POLAR-1-S,nonwater_environment__prospective_diverse_03__ch3oh__equilibrium_like,prospective_diverse_03,CH3OH,equilibrium_like,0.0013371725328084855,1.3371725328084854,0.0010201108528874636,1.0201108528874636,0.7628864846220764,0.0030677824521165593,0.09593407818053852
mace_polar_m,MACE-POLAR-1-M,nonwater_environment__prospective_diverse_03__ch3oh__equilibrium_like,prospective_diverse_03,CH3OH,equilibrium_like,0.0013371725328084855,1.3371725328084854,0.0008762683515268036,0.8762683515268036,0.6553143517586042,0.0005515943163706814,0.04067902345327434
mace_polar_l,MACE-POLAR-1-L,nonwater_environment__prospective_diverse_03__ch3oh__equilibrium_like,prospective_diverse_03,CH3OH,equilibrium_like,0.0013371725328084855,1.3371725328084854,0.0006183065119234873,0.6183065119234873,0.46239845401613805,0.0003879306881673301,0.034114396733666424
aimnet2,AIMNet2,nonwater_environment__prospective_diverse_03__ch3oh__equilibrium_like,prospective_diverse_03,CH3OH,equilibrium_like,0.0013371725328084855,1.3371725328084854,0.0012615962611991292,1.2615962611991292,0.9434805384084415,0.03633056753479542,0.3301389141019069
aimnet2_2025,AIMNet2-2025,nonwater_environment__prospective_diverse_03__ch3oh__equilibrium_like,prospective_diverse_03,CH3OH,equilibrium_like,0.0013371725328084855,1.3371725328084854,0.0012630968701911134,1.2630968701911134,0.9446027638170299,0.006205507279775095,0.13644237552653973
mace_mdp,MACE-MDP,nonwater_environment__prospective_diverse_03__ch3oh__equilibrium_like,prospective_diverse_03,CH3OH,equilibrium_like,0.0013371725328084855,1.3371725328084854,,,,0.0001459306734046395,0.020923480117177415
gfn2_xtb,GFN2-xTB,nonwater_environment__prospective_diverse_03__ch3oh__equilibrium_like,prospective_diverse_03,CH3OH,equilibrium_like,0.0013371725328084855,1.3371725328084854,,,,0.001859637667788764,0.0746921214276733
zero,Zero response,nonwater_environment__prospective_diverse_03__ch3oh__equilibrium_like,prospective_diverse_03,CH3OH,equilibrium_like,0.0013371725328084855,1.3371725328084854,0.0013371725328084855,1.3371725328084854,1.0,0.009286784251940463,0.1669142077710025
glider,GLIDER,nonwater_environment__prospective_diverse_03__nh3__altered_orientation,prospective_diverse_03,NH3,altered_orientation,0.0010891882916753818,1.089188291675382,0.000567630687799213,0.567630687799213,0.5211501924300779,0.002401156630592679,0.08487325781291795
mace_polar_s,MACE-POLAR-1-S,nonwater_environment__prospective_diverse_03__nh3__altered_orientation,prospective_diverse_03,NH3,altered_orientation,0.0010891882916753818,1.089188291675382,0.0010860567366016462,1.0860567366016463,0.9971248726251742,0.009266153054708827,0.16672869928157683
mace_polar_m,MACE-POLAR-1-M,nonwater_environment__prospective_diverse_03__nh3__altered_orientation,prospective_diverse_03,NH3,altered_orientation,0.0010891882916753818,1.089188291675382,0.0008219587060848208,0.8219587060848208,0.7546525356240193,0.004240395862525209,0.11278824223994108
mace_polar_l,MACE-POLAR-1-L,nonwater_environment__prospective_diverse_03__nh3__altered_orientation,prospective_diverse_03,NH3,altered_orientation,0.0010891882916753818,1.089188291675382,0.0007006701361443124,0.7006701361443124,0.6432956923054567,0.002696883918226958,0.0899480503106147
aimnet2,AIMNet2,nonwater_environment__prospective_diverse_03__nh3__altered_orientation,prospective_diverse_03,NH3,altered_orientation,0.0010891882916753818,1.089188291675382,0.0011283364571250034,1.1283364571250034,1.0359425140251959,0.0009608561007156518,0.0536895548700765
aimnet2_2025,AIMNet2-2025,nonwater_environment__prospective_diverse_03__nh3__altered_orientation,prospective_diverse_03,NH3,altered_orientation,0.0010891882916753818,1.089188291675382,0.0009011947863977949,0.9011947863977949,0.8274003616138614,0.009722604442372575,0.17078586981105237
mace_mdp,MACE-MDP,nonwater_environment__prospective_diverse_03__nh3__altered_orientation,prospective_diverse_03,NH3,altered_orientation,0.0010891882916753818,1.089188291675382,,,,5.770751308980579e-05,0.013157603857443701
gfn2_xtb,GFN2-xTB,nonwater_environment__prospective_diverse_03__nh3__altered_orientation,prospective_diverse_03,NH3,altered_orientation,0.0010891882916753818,1.089188291675382,,,,0.004927454315597245,0.12158274115511516
zero,Zero response,nonwater_environment__prospective_diverse_03__nh3__altered_orientation,prospective_diverse_03,NH3,altered_orientation,0.0010891882916753818,1.089188291675382,0.0010891882916753818,1.089188291675382,1.0,0.020736758652843277,0.24941987883592964
glider,GLIDER,nonwater_environment__prospective_diverse_03__nh3__equilibrium_like,prospective_diverse_03,NH3,equilibrium_like,0.0007849431982315031,0.7849431982315032,0.00048768471076538064,0.4876847107653806,0.6212993651822789,0.0008190369012411157,0.04956925159535241
mace_polar_s,MACE-POLAR-1-S,nonwater_environment__prospective_diverse_03__nh3__equilibrium_like,prospective_diverse_03,NH3,equilibrium_like,0.0007849431982315031,0.7849431982315032,0.0007320406779365104,0.7320406779365104,0.9326033776530793,0.007056173558529795,0.14549405718306638
mace_polar_m,MACE-POLAR-1-M,nonwater_environment__prospective_diverse_03__nh3__equilibrium_like,prospective_diverse_03,NH3,equilibrium_like,0.0007849431982315031,0.7849431982315032,0.0010493890930147168,1.0493890930147167,1.3368981289079476,0.0010283469925968318,0.055543145191738065
mace_polar_l,MACE-POLAR-1-L,nonwater_environment__prospective_diverse_03__nh3__equilibrium_like,prospective_diverse_03,NH3,equilibrium_like,0.0007849431982315031,0.7849431982315032,0.0007294459189333056,0.7294459189333057,0.9292977129768953,0.0012755786779067551,0.061860617792908155
aimnet2,AIMNet2,nonwater_environment__prospective_diverse_03__nh3__equilibrium_like,prospective_diverse_03,NH3,equilibrium_like,0.0007849431982315031,0.7849431982315032,0.00103048714302416,1.03048714302416,1.3128174692715011,0.006400102467197045,0.13856517384101655
aimnet2_2025,AIMNet2-2025,nonwater_environment__prospective_diverse_03__nh3__equilibrium_like,prospective_diverse_03,NH3,equilibrium_like,0.0007849431982315031,0.7849431982315032,0.0011666163027259878,1.1666163027259877,1.4862429604516656,0.023133653391945907,0.2634406198289051
mace_mdp,MACE-MDP,nonwater_environment__prospective_diverse_03__nh3__equilibrium_like,prospective_diverse_03,NH3,equilibrium_like,0.0007849431982315031,0.7849431982315032,,,,0.00016130988977751536,0.02199840151766819
gfn2_xtb,GFN2-xTB,nonwater_environment__prospective_diverse_03__nh3__equilibrium_like,prospective_diverse_03,NH3,equilibrium_like,0.0007849431982315031,0.7849431982315032,,,,0.00022192745657778507,0.02580275895584337
zero,Zero response,nonwater_environment__prospective_diverse_03__nh3__equilibrium_like,prospective_diverse_03,NH3,equilibrium_like,0.0007849431982315031,0.7849431982315032,0.0007849431982315031,0.7849431982315032,1.0,0.0033729563443755475,0.10059258935491541
glider,GLIDER,nonwater_environment__prospective_diverse_04__ch3cn__altered_orientation,prospective_diverse_04,CH3CN,altered_orientation,0.006517747686347751,6.517747686347751,0.001618531026898967,1.618531026898967,0.2483267387427693,0.02776280106472745,0.28859730281862017
mace_polar_s,MACE-POLAR-1-S,nonwater_environment__prospective_diverse_04__ch3cn__altered_orientation,prospective_diverse_04,CH3CN,altered_orientation,0.006517747686347751,6.517747686347751,0.004724210856357293,4.724210856357293,0.7248226049395485,0.05756540422704415,0.4155673383233245
mace_polar_m,MACE-POLAR-1-M,nonwater_environment__prospective_diverse_04__ch3cn__altered_orientation,prospective_diverse_04,CH3CN,altered_orientation,0.006517747686347751,6.517747686347751,0.0028798867339969295,2.8798867339969294,0.44185305608396247,0.03642263565399267,0.33055696477608515
mace_polar_l,MACE-POLAR-1-L,nonwater_environment__prospective_diverse_04__ch3cn__altered_orientation,prospective_diverse_04,CH3CN,altered_orientation,0.006517747686347751,6.517747686347751,0.002894783696005864,2.894783696005864,0.44413865576130773,0.026252545321107792,0.28063790899185975
aimnet2,AIMNet2,nonwater_environment__prospective_diverse_04__ch3cn__altered_orientation,prospective_diverse_04,CH3CN,altered_orientation,0.006517747686347751,6.517747686347751,0.0033720627469453358,3.372062746945336,0.5173662604351115,0.21664246730206463,0.8061807501461405
aimnet2_2025,AIMNet2-2025,nonwater_environment__prospective_diverse_04__ch3cn__altered_orientation,prospective_diverse_04,CH3CN,altered_orientation,0.006517747686347751,6.517747686347751,0.005033402619498383,5.033402619498383,0.7722610419610878,0.34184887097333005,1.0126927534647368
mace_mdp,MACE-MDP,nonwater_environment__prospective_diverse_04__ch3cn__altered_orientation,prospective_diverse_04,CH3CN,altered_orientation,0.006517747686347751,6.517747686347751,,,,0.011799491100104968,0.18814482001988497
gfn2_xtb,GFN2-xTB,nonwater_environment__prospective_diverse_04__ch3cn__altered_orientation,prospective_diverse_04,CH3CN,altered_orientation,0.006517747686347751,6.517747686347751,,,,0.007642900566529764,0.1514222628928431
zero,Zero response,nonwater_environment__prospective_diverse_04__ch3cn__altered_orientation,prospective_diverse_04,CH3CN,altered_orientation,0.006517747686347751,6.517747686347751,0.006517747686347751,6.517747686347751,1.0,0.02192915954991495,0.2564906989536752
glider,GLIDER,nonwater_environment__prospective_diverse_04__ch3cn__equilibrium_like,prospective_diverse_04,CH3CN,equilibrium_like,0.006407956658372414,6.407956658372414,0.0026414896393953213,2.641489639395321,0.4122202724239782,0.10718275487877786,0.5670522591757603
mace_polar_s,MACE-POLAR-1-S,nonwater_environment__prospective_diverse_04__ch3cn__equilibrium_like,prospective_diverse_04,CH3CN,equilibrium_like,0.006407956658372414,6.407956658372414,0.008423494857393845,8.423494857393845,1.314536802677652,0.4094062370795591,1.1082502926860327
mace_polar_m,MACE-POLAR-1-M,nonwater_environment__prospective_diverse_04__ch3cn__equilibrium_like,prospective_diverse_04,CH3CN,equilibrium_like,0.006407956658372414,6.407956658372414,0.0029221442012918796,2.9221442012918795,0.45601809704407215,0.09130670373403815,0.5233737777173351
mace_polar_l,MACE-POLAR-1-L,nonwater_environment__prospective_diverse_04__ch3cn__equilibrium_like,prospective_diverse_04,CH3CN,equilibrium_like,0.006407956658372414,6.407956658372414,0.003779148396590406,3.779148396590406,0.5897587324740565,0.09524977652862,0.5345552633599823
aimnet2,AIMNet2,nonwater_environment__prospective_diverse_04__ch3cn__equilibrium_like,prospective_diverse_04,CH3CN,equilibrium_like,0.006407956658372414,6.407956658372414,0.0028653012470709464,2.8653012470709465,0.44714741372778216,0.02142997730159023,0.25355459353908516
aimnet2_2025,AIMNet2-2025,nonwater_environment__prospective_diverse_04__ch3cn__equilibrium_like,prospective_diverse_04,CH3CN,equilibrium_like,0.006407956658372414,6.407956658372414,0.003517856720252449,3.517856720252449,0.5489826020680304,0.029880721475439614,0.29940301338884157
mace_mdp,MACE-MDP,nonwater_environment__prospective_diverse_04__ch3cn__equilibrium_like,prospective_diverse_04,CH3CN,equilibrium_like,0.006407956658372414,6.407956658372414,,,,0.009303630732320265,0.16706553264201685
gfn2_xtb,GFN2-xTB,nonwater_environment__prospective_diverse_04__ch3cn__equilibrium_like,prospective_diverse_04,CH3CN,equilibrium_like,0.006407956658372414,6.407956658372414,,,,0.12718753964776178,0.6177075513082912
zero,Zero response,nonwater_environment__prospective_diverse_04__ch3cn__equilibrium_like,prospective_diverse_04,CH3CN,equilibrium_like,0.006407956658372414,6.407956658372414,0.006407956658372414,6.407956658372414,1.0,0.2719637238585413,0.9032669436969472
glider,GLIDER,nonwater_environment__prospective_diverse_04__ch3oh__altered_orientation,prospective_diverse_04,CH3OH,altered_orientation,0.007273258798321041,7.273258798321041,0.002347520129839529,2.347520129839529,0.3227604289814946,0.04728942810870853,0.37665406452887984
mace_polar_s,MACE-POLAR-1-S,nonwater_environment__prospective_diverse_04__ch3oh__altered_orientation,prospective_diverse_04,CH3OH,altered_orientation,0.007273258798321041,7.273258798321041,0.007830757871196884,7.830757871196885,1.0766505205348305,0.2288054554913618,0.8285024842896281
mace_polar_m,MACE-POLAR-1-M,nonwater_environment__prospective_diverse_04__ch3oh__altered_orientation,prospective_diverse_04,CH3OH,altered_orientation,0.007273258798321041,7.273258798321041,0.0030999941748740584,3.0999941748740585,0.4262180489974674,0.0544220587726488,0.40406209463143955
mace_polar_l,MACE-POLAR-1-L,nonwater_environment__prospective_diverse_04__ch3oh__altered_orientation,prospective_diverse_04,CH3OH,altered_orientation,0.007273258798321041,7.273258798321041,0.003545457100365888,3.545457100365888,0.48746472505341365,0.07350742289920094,0.4695979862580363
aimnet2,AIMNet2,nonwater_environment__prospective_diverse_04__ch3oh__altered_orientation,prospective_diverse_04,CH3OH,altered_orientation,0.007273258798321041,7.273258798321041,0.0035979116746517052,3.597911674651705,0.4946767019320483,0.051654000041547195,0.3936521308524083
aimnet2_2025,AIMNet2-2025,nonwater_environment__prospective_diverse_04__ch3oh__altered_orientation,prospective_diverse_04,CH3OH,altered_orientation,0.007273258798321041,7.273258798321041,0.007503844780342479,7.503844780342479,1.0317032555028383,0.914526517077137,1.6563754258112533
mace_mdp,MACE-MDP,nonwater_environment__prospective_diverse_04__ch3oh__altered_orientation,prospective_diverse_04,CH3OH,altered_orientation,0.007273258798321041,7.273258798321041,,,,0.02570280113703524,0.27768399919891984
gfn2_xtb,GFN2-xTB,nonwater_environment__prospective_diverse_04__ch3oh__altered_orientation,prospective_diverse_04,CH3OH,altered_orientation,0.007273258798321041,7.273258798321041,,,,0.10015772749399365,0.5481543418435915
zero,Zero response,nonwater_environment__prospective_diverse_04__ch3oh__altered_orientation,prospective_diverse_04,CH3OH,altered_orientation,0.007273258798321041,7.273258798321041,0.007273258798321041,7.273258798321041,1.0,0.256177687788659,0.8766601755332434
glider,GLIDER,nonwater_environment__prospective_diverse_04__ch3oh__equilibrium_like,prospective_diverse_04,CH3OH,equilibrium_like,0.005152874644614089,5.152874644614089,0.0011882635950338065,1.1882635950338065,0.23060207689620565,0.0031697297493177173,0.09751507190149199
mace_polar_s,MACE-POLAR-1-S,nonwater_environment__prospective_diverse_04__ch3oh__equilibrium_like,prospective_diverse_04,CH3OH,equilibrium_like,0.005152874644614089,5.152874644614089,0.004355776180946142,4.355776180946142,0.8453099447119108,0.009330939068760107,0.16731054122881894
mace_polar_m,MACE-POLAR-1-M,nonwater_environment__prospective_diverse_04__ch3oh__equilibrium_like,prospective_diverse_04,CH3OH,equilibrium_like,0.005152874644614089,5.152874644614089,0.0014121751573135054,1.4121751573135055,0.2740557950094023,0.006222400231149416,0.13662796453672377
mace_polar_l,MACE-POLAR-1-L,nonwater_environment__prospective_diverse_04__ch3oh__equilibrium_like,prospective_diverse_04,CH3OH,equilibrium_like,0.005152874644614089,5.152874644614089,0.001569930578856444,1.5699305788564442,0.30467082689414426,0.0031339710184266054,0.0969634624757172
aimnet2,AIMNet2,nonwater_environment__prospective_diverse_04__ch3oh__equilibrium_like,prospective_diverse_04,CH3OH,equilibrium_like,0.005152874644614089,5.152874644614089,0.0040440996715654124,4.044099671565412,0.7848239964060458,0.032471967872957204,0.3121152088874741
aimnet2_2025,AIMNet2-2025,nonwater_environment__prospective_diverse_04__ch3oh__equilibrium_like,prospective_diverse_04,CH3OH,equilibrium_like,0.005152874644614089,5.152874644614089,0.00418898504416762,4.18898504416762,0.812941383805261,0.12810828486134773,0.6199393958961176
mace_mdp,MACE-MDP,nonwater_environment__prospective_diverse_04__ch3oh__equilibrium_like,prospective_diverse_04,CH3OH,equilibrium_like,0.005152874644614089,5.152874644614089,,,,0.014199825044657435,0.20639640290947975
gfn2_xtb,GFN2-xTB,nonwater_environment__prospective_diverse_04__ch3oh__equilibrium_like,prospective_diverse_04,CH3OH,equilibrium_like,0.005152874644614089,5.152874644614089,,,,0.0075917121707916,0.1509143350128635
zero,Zero response,nonwater_environment__prospective_diverse_04__ch3oh__equilibrium_like,prospective_diverse_04,CH3OH,equilibrium_like,0.005152874644614089,5.152874644614089,0.005152874644614089,5.152874644614089,1.0,0.023112248531345955,0.2633187148571819
glider,GLIDER,nonwater_environment__prospective_diverse_04__nh3__altered_orientation,prospective_diverse_04,NH3,altered_orientation,0.0043996906751374585,4.3996906751374585,0.0016537375581163816,1.6537375581163816,0.3758758695154664,0.013609425072576675,0.20206007823845368
mace_polar_s,MACE-POLAR-1-S,nonwater_environment__prospective_diverse_04__nh3__altered_orientation,prospective_diverse_04,NH3,altered_orientation,0.0043996906751374585,4.3996906751374585,0.005477974933561545,5.477974933561545,1.2450818337110479,0.028998995895137016,0.2949525176793903
mace_polar_m,MACE-POLAR-1-M,nonwater_environment__prospective_diverse_04__nh3__altered_orientation,prospective_diverse_04,NH3,altered_orientation,0.0043996906751374585,4.3996906751374585,0.0025244789842304083,2.524478984230408,0.5737855614478026,0.051149253869606226,0.3917240886246577
mace_polar_l,MACE-POLAR-1-L,nonwater_environment__prospective_diverse_04__nh3__altered_orientation,prospective_diverse_04,NH3,altered_orientation,0.0043996906751374585,4.3996906751374585,0.0018466994791342991,1.8466994791342992,0.4197339348354537,0.00628346042833395,0.1372966907285163
aimnet2,AIMNet2,nonwater_environment__prospective_diverse_04__nh3__altered_orientation,prospective_diverse_04,NH3,altered_orientation,0.0043996906751374585,4.3996906751374585,0.007103832994033932,7.103832994033931,1.6146210082853127,0.318893264544636,0.9781000938727631
aimnet2_2025,AIMNet2-2025,nonwater_environment__prospective_diverse_04__nh3__altered_orientation,prospective_diverse_04,NH3,altered_orientation,0.0043996906751374585,4.3996906751374585,0.005165605008450433,5.1656050084504335,1.174083677664236,0.4320789353663524,1.138523959387354
mace_mdp,MACE-MDP,nonwater_environment__prospective_diverse_04__nh3__altered_orientation,prospective_diverse_04,NH3,altered_orientation,0.0043996906751374585,4.3996906751374585,,,,0.000668872925944994,0.04479529861307972
gfn2_xtb,GFN2-xTB,nonwater_environment__prospective_diverse_04__nh3__altered_orientation,prospective_diverse_04,NH3,altered_orientation,0.0043996906751374585,4.3996906751374585,,,,0.019127367924206957,0.23954561939768565
zero,Zero response,nonwater_environment__prospective_diverse_04__nh3__altered_orientation,prospective_diverse_04,NH3,altered_orientation,0.0043996906751374585,4.3996906751374585,0.0043996906751374585,4.3996906751374585,1.0,0.05428629967716056,0.4035578013512831
glider,GLIDER,nonwater_environment__prospective_diverse_04__nh3__equilibrium_like,prospective_diverse_04,NH3,equilibrium_like,0.005598796808792023,5.598796808792023,0.0018123345779879926,1.8123345779879927,0.3237007235451032,0.01692801851337598,0.22535317956516154
mace_polar_s,MACE-POLAR-1-S,nonwater_environment__prospective_diverse_04__nh3__equilibrium_like,prospective_diverse_04,NH3,equilibrium_like,0.005598796808792023,5.598796808792023,0.005731882522022454,5.731882522022453,1.0237704131397376,0.015807112503115107,0.21776440827037213
mace_polar_m,MACE-POLAR-1-M,nonwater_environment__prospective_diverse_04__nh3__equilibrium_like,prospective_diverse_04,NH3,equilibrium_like,0.005598796808792023,5.598796808792023,0.0025347630516093507,2.534763051609351,0.45273353153822393,0.03907836015995123,0.34239608712696135
mace_polar_l,MACE-POLAR-1-L,nonwater_environment__prospective_diverse_04__nh3__equilibrium_like,prospective_diverse_04,NH3,equilibrium_like,0.005598796808792023,5.598796808792023,0.0018321435330027152,1.8321435330027152,0.32723879711541315,0.017930305536668793,0.2319286886308082
aimnet2,AIMNet2,nonwater_environment__prospective_diverse_04__nh3__equilibrium_like,prospective_diverse_04,NH3,equilibrium_like,0.005598796808792023,5.598796808792023,0.006850237658245696,6.850237658245696,1.2235196046922947,0.2921758438038212,0.9362304905371667
aimnet2_2025,AIMNet2-2025,nonwater_environment__prospective_diverse_04__nh3__equilibrium_like,prospective_diverse_04,NH3,equilibrium_like,0.005598796808792023,5.598796808792023,0.007287509922164425,7.287509922164425,1.3016207179943637,0.7394226509817389,1.4893850922260556
mace_mdp,MACE-MDP,nonwater_environment__prospective_diverse_04__nh3__equilibrium_like,prospective_diverse_04,NH3,equilibrium_like,0.005598796808792023,5.598796808792023,,,,0.019228528425414514,0.24017823647500525
gfn2_xtb,GFN2-xTB,nonwater_environment__prospective_diverse_04__nh3__equilibrium_like,prospective_diverse_04,NH3,equilibrium_like,0.005598796808792023,5.598796808792023,,,,0.045290640887274254,0.3686080881665821
zero,Zero response,nonwater_environment__prospective_diverse_04__nh3__equilibrium_like,prospective_diverse_04,NH3,equilibrium_like,0.005598796808792023,5.598796808792023,0.005598796808792023,5.598796808792023,1.0,0.03551335436261902,0.32640475347006986
glider,GLIDER,nonwater_environment__prospective_diverse_05__ch3cn__altered_orientation,prospective_diverse_05,CH3CN,altered_orientation,0.005082683370101448,5.0826833701014476,0.001500480148971023,1.500480148971023,0.29521416931015204,0.00222055943578226,0.0816191050388742
mace_polar_s,MACE-POLAR-1-S,nonwater_environment__prospective_diverse_05__ch3cn__altered_orientation,prospective_diverse_05,CH3CN,altered_orientation,0.005082683370101448,5.0826833701014476,0.004947088849304139,4.947088849304139,0.9733222569804495,0.5192535597679959,1.248102832023062
mace_polar_m,MACE-POLAR-1-M,nonwater_environment__prospective_diverse_05__ch3cn__altered_orientation,prospective_diverse_05,CH3CN,altered_orientation,0.005082683370101448,5.0826833701014476,0.0020304224692395787,2.0304224692395785,0.39947844895934415,0.011109590032290858,0.18256168846960355
mace_polar_l,MACE-POLAR-1-L,nonwater_environment__prospective_diverse_05__ch3cn__altered_orientation,prospective_diverse_05,CH3CN,altered_orientation,0.005082683370101448,5.0826833701014476,0.0025421308436219666,2.5421308436219667,0.5001552641614241,0.0005963703533315281,0.042297884817028196
aimnet2,AIMNet2,nonwater_environment__prospective_diverse_05__ch3cn__altered_orientation,prospective_diverse_05,CH3CN,altered_orientation,0.005082683370101448,5.0826833701014476,0.002885861323349882,2.885861323349882,0.5677830219221941,0.0220645677571626,0.2572813698492135
aimnet2_2025,AIMNet2-2025,nonwater_environment__prospective_diverse_05__ch3cn__altered_orientation,prospective_diverse_05,CH3CN,altered_orientation,0.005082683370101448,5.0826833701014476,0.0029959405819598973,2.995940581959897,0.5894407272314702,0.007840665197391803,0.15336882209945868
mace_mdp,MACE-MDP,nonwater_environment__prospective_diverse_05__ch3cn__altered_orientation,prospective_diverse_05,CH3CN,altered_orientation,0.005082683370101448,5.0826833701014476,,,,0.014413373485272746,0.20794258932652118
gfn2_xtb,GFN2-xTB,nonwater_environment__prospective_diverse_05__ch3cn__altered_orientation,prospective_diverse_05,CH3CN,altered_orientation,0.005082683370101448,5.0826833701014476,,,,0.1146331927356597,0.5864295168278786
zero,Zero response,nonwater_environment__prospective_diverse_05__ch3cn__altered_orientation,prospective_diverse_05,CH3CN,altered_orientation,0.005082683370101448,5.0826833701014476,0.005082683370101448,5.0826833701014476,1.0,0.3044823881768765,0.9557442987173032
glider,GLIDER,nonwater_environment__prospective_diverse_05__ch3cn__equilibrium_like,prospective_diverse_05,CH3CN,equilibrium_like,0.004786883470672707,4.786883470672707,0.0011897863274492942,1.1897863274492941,0.24855134551292765,0.0024926174932751077,0.08647457707225473
mace_polar_s,MACE-POLAR-1-S,nonwater_environment__prospective_diverse_05__ch3cn__equilibrium_like,prospective_diverse_05,CH3CN,equilibrium_like,0.004786883470672707,4.786883470672707,0.003066142257317026,3.066142257317026,0.6405299556803578,0.11376379389082397,0.5842014906455408
mace_polar_m,MACE-POLAR-1-M,nonwater_environment__prospective_diverse_05__ch3cn__equilibrium_like,prospective_diverse_05,CH3CN,equilibrium_like,0.004786883470672707,4.786883470672707,0.001922770905260503,1.9227709052605029,0.40167489286934605,0.006945524897779616,0.14434879526112732
mace_polar_l,MACE-POLAR-1-L,nonwater_environment__prospective_diverse_05__ch3cn__equilibrium_like,prospective_diverse_05,CH3CN,equilibrium_like,0.004786883470672707,4.786883470672707,0.0015202291468509078,1.520229146850908,0.31758223407039987,0.0048943527798514805,0.12117367015797798
aimnet2,AIMNet2,nonwater_environment__prospective_diverse_05__ch3cn__equilibrium_like,prospective_diverse_05,CH3CN,equilibrium_like,0.004786883470672707,4.786883470672707,0.0018434555826286761,1.843455582628676,0.3851055898734073,0.002622842442144958,0.0887047198656017
aimnet2_2025,AIMNet2-2025,nonwater_environment__prospective_diverse_05__ch3cn__equilibrium_like,prospective_diverse_05,CH3CN,equilibrium_like,0.004786883470672707,4.786883470672707,0.004274884172567708,4.274884172567708,0.8930412028532111,0.26157645479810365,0.8858495156595791
mace_mdp,MACE-MDP,nonwater_environment__prospective_diverse_05__ch3cn__equilibrium_like,prospective_diverse_05,CH3CN,equilibrium_like,0.004786883470672707,4.786883470672707,,,,0.04803552967831532,0.3796137366257259
gfn2_xtb,GFN2-xTB,nonwater_environment__prospective_diverse_05__ch3cn__equilibrium_like,prospective_diverse_05,CH3CN,equilibrium_like,0.004786883470672707,4.786883470672707,,,,0.0015744152322390269,0.06872587356096015
zero,Zero response,nonwater_environment__prospective_diverse_05__ch3cn__equilibrium_like,prospective_diverse_05,CH3CN,equilibrium_like,0.004786883470672707,4.786883470672707,0.004786883470672707,4.786883470672707,1.0,0.024962025100646004,0.27365320261589854
glider,GLIDER,nonwater_environment__prospective_diverse_05__ch3oh__altered_orientation,prospective_diverse_05,CH3OH,altered_orientation,0.007263470109176003,7.263470109176002,0.0018508178441065228,1.8508178441065228,0.25481179330088644,0.004406957227622837,0.11498204939410547
mace_polar_s,MACE-POLAR-1-S,nonwater_environment__prospective_diverse_05__ch3oh__altered_orientation,prospective_diverse_05,CH3OH,altered_orientation,0.007263470109176003,7.263470109176002,0.006546067126653031,6.546067126653031,0.9012313712674785,0.04447488507770076,0.3652733979269532
mace_polar_m,MACE-POLAR-1-M,nonwater_environment__prospective_diverse_05__ch3oh__altered_orientation,prospective_diverse_05,CH3OH,altered_orientation,0.007263470109176003,7.263470109176002,0.003764156786919569,3.764156786919569,0.5182311939529122,0.0077622850383385,0.15260031164783217
mace_polar_l,MACE-POLAR-1-L,nonwater_environment__prospective_diverse_05__ch3oh__altered_orientation,prospective_diverse_05,CH3OH,altered_orientation,0.007263470109176003,7.263470109176002,0.003663923529954712,3.663923529954712,0.5044315561133853,0.011812331653063113,0.18824716454488588
aimnet2,AIMNet2,nonwater_environment__prospective_diverse_05__ch3oh__altered_orientation,prospective_diverse_05,CH3OH,altered_orientation,0.007263470109176003,7.263470109176002,0.003626611652839209,3.626611652839209,0.49929463442792726,0.028210856359880996,0.2909167734587385
aimnet2_2025,AIMNet2-2025,nonwater_environment__prospective_diverse_05__ch3oh__altered_orientation,prospective_diverse_05,CH3OH,altered_orientation,0.007263470109176003,7.263470109176002,0.005794674068744735,5.794674068744735,0.7977831507042722,0.5269667897036608,1.2573386055915814
mace_mdp,MACE-MDP,nonwater_environment__prospective_diverse_05__ch3oh__altered_orientation,prospective_diverse_05,CH3OH,altered_orientation,0.007263470109176003,7.263470109176002,,,,0.0793321463293528,0.48784878701095324
gfn2_xtb,GFN2-xTB,nonwater_environment__prospective_diverse_05__ch3oh__altered_orientation,prospective_diverse_05,CH3OH,altered_orientation,0.007263470109176003,7.263470109176002,,,,0.8382214908718177,1.5857693629955945
zero,Zero response,nonwater_environment__prospective_diverse_05__ch3oh__altered_orientation,prospective_diverse_05,CH3OH,altered_orientation,0.007263470109176003,7.263470109176002,0.007263470109176003,7.263470109176002,1.0,0.6193149669020175,1.3630645255108258
glider,GLIDER,nonwater_environment__prospective_diverse_05__ch3oh__equilibrium_like,prospective_diverse_05,CH3OH,equilibrium_like,0.0042511443145648205,4.2511443145648204,0.0010157312716151399,1.0157312716151399,0.23893126096311268,0.006594276901022843,0.1406514511232235
mace_polar_s,MACE-POLAR-1-S,nonwater_environment__prospective_diverse_05__ch3oh__equilibrium_like,prospective_diverse_05,CH3OH,equilibrium_like,0.0042511443145648205,4.2511443145648204,0.003077570492840283,3.077570492840283,0.7239393125978426,0.004643402039210241,0.11802629417901218
mace_polar_m,MACE-POLAR-1-M,nonwater_environment__prospective_diverse_05__ch3oh__equilibrium_like,prospective_diverse_05,CH3OH,equilibrium_like,0.0042511443145648205,4.2511443145648204,0.001564295724058666,1.564295724058666,0.367970505893964,0.009904622472439978,0.17237710815917506
mace_polar_l,MACE-POLAR-1-L,nonwater_environment__prospective_diverse_05__ch3oh__equilibrium_like,prospective_diverse_05,CH3OH,equilibrium_like,0.0042511443145648205,4.2511443145648204,0.0018150327379616673,1.8150327379616673,0.42695156966165426,0.030201066988744127,0.301003656067883
aimnet2,AIMNet2,nonwater_environment__prospective_diverse_05__ch3oh__equilibrium_like,prospective_diverse_05,CH3OH,equilibrium_like,0.0042511443145648205,4.2511443145648204,0.002263052200122529,2.263052200122529,0.5323395379378439,0.010496551743354371,0.1774532480121542
aimnet2_2025,AIMNet2-2025,nonwater_environment__prospective_diverse_05__ch3oh__equilibrium_like,prospective_diverse_05,CH3OH,equilibrium_like,0.0042511443145648205,4.2511443145648204,0.002702633227205353,2.702633227205353,0.6357425265347678,0.014009919704982983,0.2050116072688299
mace_mdp,MACE-MDP,nonwater_environment__prospective_diverse_05__ch3oh__equilibrium_like,prospective_diverse_05,CH3OH,equilibrium_like,0.0042511443145648205,4.2511443145648204,,,,0.002238959297097877,0.08195656100211643
gfn2_xtb,GFN2-xTB,nonwater_environment__prospective_diverse_05__ch3oh__equilibrium_like,prospective_diverse_05,CH3OH,equilibrium_like,0.0042511443145648205,4.2511443145648204,,,,0.0353136091232559,0.325485525591796
zero,Zero response,nonwater_environment__prospective_diverse_05__ch3oh__equilibrium_like,prospective_diverse_05,CH3OH,equilibrium_like,0.0042511443145648205,4.2511443145648204,0.0042511443145648205,4.2511443145648204,1.0,0.07330170598280855,0.46894042046770257
glider,GLIDER,nonwater_environment__prospective_diverse_05__nh3__altered_orientation,prospective_diverse_05,NH3,altered_orientation,0.004757997148185801,4.757997148185801,0.00098384453662937,0.9838445366293701,0.20677703369463024,0.001914929012817243,0.07579437339573254
mace_polar_s,MACE-POLAR-1-S,nonwater_environment__prospective_diverse_05__nh3__altered_orientation,prospective_diverse_05,NH3,altered_orientation,0.004757997148185801,4.757997148185801,0.003372954369731103,3.372954369731103,0.7089021419479397,0.06144955675108941,0.4293584402958305
mace_polar_m,MACE-POLAR-1-M,nonwater_environment__prospective_diverse_05__nh3__altered_orientation,prospective_diverse_05,NH3,altered_orientation,0.004757997148185801,4.757997148185801,0.0016785679999262964,1.6785679999262964,0.35278877806102205,0.006244730096569046,0.13687289830242924
mace_polar_l,MACE-POLAR-1-L,nonwater_environment__prospective_diverse_05__nh3__altered_orientation,prospective_diverse_05,NH3,altered_orientation,0.004757997148185801,4.757997148185801,0.002272387727502308,2.272387727502308,0.4775933353320224,0.0015010464869990262,0.06710543540576336
aimnet2,AIMNet2,nonwater_environment__prospective_diverse_05__nh3__altered_orientation,prospective_diverse_05,NH3,altered_orientation,0.004757997148185801,4.757997148185801,0.003983278592397708,3.983278592397708,0.8371754896735301,0.001083115489654708,0.05700303912041992
aimnet2_2025,AIMNet2-2025,nonwater_environment__prospective_diverse_05__nh3__altered_orientation,prospective_diverse_05,NH3,altered_orientation,0.004757997148185801,4.757997148185801,0.0038709067499497667,3.870906749949767,0.8135580222921577,0.3503451959691392,1.0252002672197358
mace_mdp,MACE-MDP,nonwater_environment__prospective_diverse_05__nh3__altered_orientation,prospective_diverse_05,NH3,altered_orientation,0.004757997148185801,4.757997148185801,,,,0.0028610645417299963,0.09264552674139205
gfn2_xtb,GFN2-xTB,nonwater_environment__prospective_diverse_05__nh3__altered_orientation,prospective_diverse_05,NH3,altered_orientation,0.004757997148185801,4.757997148185801,,,,0.39711363541341993,1.0914856417929921
zero,Zero response,nonwater_environment__prospective_diverse_05__nh3__altered_orientation,prospective_diverse_05,NH3,altered_orientation,0.004757997148185801,4.757997148185801,0.004757997148185801,4.757997148185801,1.0,0.23430230603110813,0.8383954425528114
glider,GLIDER,nonwater_environment__prospective_diverse_05__nh3__equilibrium_like,prospective_diverse_05,NH3,equilibrium_like,0.003989528740753934,3.9895287407539337,0.0011358213859277663,1.1358213859277664,0.28470064003427153,0.009947152408641554,0.17274680091372072
mace_polar_s,MACE-POLAR-1-S,nonwater_environment__prospective_diverse_05__nh3__equilibrium_like,prospective_diverse_05,NH3,equilibrium_like,0.003989528740753934,3.9895287407539337,0.003221797431610604,3.2217974316106037,0.8075634093569043,0.04783502793174327,0.37882064858614795
mace_polar_m,MACE-POLAR-1-M,nonwater_environment__prospective_diverse_05__nh3__equilibrium_like,prospective_diverse_05,NH3,equilibrium_like,0.003989528740753934,3.9895287407539337,0.0016901202671198816,1.6901202671198816,0.4236390754263587,0.029899566136633884,0.29949740968813343
mace_polar_l,MACE-POLAR-1-L,nonwater_environment__prospective_diverse_05__nh3__equilibrium_like,prospective_diverse_05,NH3,equilibrium_like,0.003989528740753934,3.9895287407539337,0.0018781209696374598,1.87812096963746,0.4707626117471047,0.019332169583120572,0.24082464315215277
aimnet2,AIMNet2,nonwater_environment__prospective_diverse_05__nh3__equilibrium_like,prospective_diverse_05,NH3,equilibrium_like,0.003989528740753934,3.9895287407539337,0.004343924792838217,4.343924792838217,1.0888315575882554,0.1008923866000949,0.5501610307903357
aimnet2_2025,AIMNet2-2025,nonwater_environment__prospective_diverse_05__nh3__equilibrium_like,prospective_diverse_05,NH3,equilibrium_like,0.003989528740753934,3.9895287407539337,0.003513742610132325,3.5137426101323253,0.8807412700749975,0.2009269607064739,0.7763896458089983
mace_mdp,MACE-MDP,nonwater_environment__prospective_diverse_05__nh3__equilibrium_like,prospective_diverse_05,NH3,equilibrium_like,0.003989528740753934,3.9895287407539337,,,,0.0035121027721104997,0.10264652120910625
gfn2_xtb,GFN2-xTB,nonwater_environment__prospective_diverse_05__nh3__equilibrium_like,prospective_diverse_05,NH3,equilibrium_like,0.003989528740753934,3.9895287407539337,,,,0.06512834302967528,0.4420237879221274
zero,Zero response,nonwater_environment__prospective_diverse_05__nh3__equilibrium_like,prospective_diverse_05,NH3,equilibrium_like,0.003989528740753934,3.9895287407539337,0.003989528740753934,3.9895287407539337,1.0,0.11271588170155299,0.5815046389364912
