method,config_id,molecule_id,regime,esp_nrmse,dipole_mse_D2
candidate,nextgen_prospective__nextgen_prospective_001__cluster_3water__compressed,nextgen_prospective_001,compressed,0.5145858369796151,0.021884449459488267
candidate,nextgen_prospective__nextgen_prospective_001__cluster_3water__cooperative,nextgen_prospective_001,cooperative,0.1518761669546932,0.00047178446936041435
candidate,nextgen_prospective__nextgen_prospective_001__cluster_3water__equilibrium,nextgen_prospective_001,equilibrium,0.2778691363029518,0.0015340953857991256
candidate,nextgen_prospective__nextgen_prospective_001__cluster_3water__orientation,nextgen_prospective_001,orientation,0.5593094270195094,0.0006739281246229163
candidate,nextgen_prospective__nextgen_prospective_002__cluster_3water__compressed,nextgen_prospective_002,compressed,0.23916034860010613,0.001453154832973793
candidate,nextgen_prospective__nextgen_prospective_002__cluster_3water__cooperative,nextgen_prospective_002,cooperative,0.16586546030495872,0.0005428374582342587
candidate,nextgen_prospective__nextgen_prospective_002__cluster_3water__equilibrium,nextgen_prospective_002,equilibrium,0.3323765186053347,0.0030322897540783597
candidate,nextgen_prospective__nextgen_prospective_002__cluster_3water__orientation,nextgen_prospective_002,orientation,0.4196345398160937,0.003124025082695386
candidate,nextgen_prospective__nextgen_prospective_003__cluster_3water__compressed,nextgen_prospective_003,compressed,0.7672814421993517,0.018285546919183337
candidate,nextgen_prospective__nextgen_prospective_003__cluster_3water__cooperative,nextgen_prospective_003,cooperative,0.12643611534260016,0.0011812519444565196
candidate,nextgen_prospective__nextgen_prospective_003__cluster_3water__equilibrium,nextgen_prospective_003,equilibrium,0.25140426750181044,1.5921591835205297e-05
candidate,nextgen_prospective__nextgen_prospective_003__cluster_3water__orientation,nextgen_prospective_003,orientation,0.31448956117756016,0.0005216366154275109
candidate,nextgen_prospective__nextgen_prospective_004__cluster_3water__compressed,nextgen_prospective_004,compressed,0.9350710758813485,0.04623829038178958
candidate,nextgen_prospective__nextgen_prospective_004__cluster_3water__cooperative,nextgen_prospective_004,cooperative,1.044274237210219,0.10439602610743241
candidate,nextgen_prospective__nextgen_prospective_004__cluster_3water__equilibrium,nextgen_prospective_004,equilibrium,0.6257532245226078,0.06324124192122084
candidate,nextgen_prospective__nextgen_prospective_004__cluster_3water__orientation,nextgen_prospective_004,orientation,0.8594012306921308,0.16553607534851586
candidate,nextgen_prospective__nextgen_prospective_005__cluster_3water__compressed,nextgen_prospective_005,compressed,0.2114593266323193,0.00043847910703112867
candidate,nextgen_prospective__nextgen_prospective_005__cluster_3water__cooperative,nextgen_prospective_005,cooperative,0.2592187413908368,0.0012942342684433509
candidate,nextgen_prospective__nextgen_prospective_005__cluster_3water__equilibrium,nextgen_prospective_005,equilibrium,0.4738076431224667,0.000506874513533497
candidate,nextgen_prospective__nextgen_prospective_005__cluster_3water__orientation,nextgen_prospective_005,orientation,0.6468912226085773,0.0004092859313706914
candidate,nextgen_prospective__nextgen_prospective_006__cluster_3water__compressed,nextgen_prospective_006,compressed,0.22372714188166715,9.870010413728198e-05
candidate,nextgen_prospective__nextgen_prospective_006__cluster_3water__cooperative,nextgen_prospective_006,cooperative,0.2404278767942953,0.0005709198242768496
candidate,nextgen_prospective__nextgen_prospective_006__cluster_3water__equilibrium,nextgen_prospective_006,equilibrium,0.2987914385007961,0.0004971302605760167
candidate,nextgen_prospective__nextgen_prospective_006__cluster_3water__orientation,nextgen_prospective_006,orientation,0.4059091652527602,0.0001002216124613974
candidate,nextgen_prospective__nextgen_prospective_007__cluster_3water__compressed,nextgen_prospective_007,compressed,0.34895970409189886,0.002089786440390389
candidate,nextgen_prospective__nextgen_prospective_007__cluster_3water__cooperative,nextgen_prospective_007,cooperative,0.16256484731620102,0.0005907377594184432
candidate,nextgen_prospective__nextgen_prospective_007__cluster_3water__equilibrium,nextgen_prospective_007,equilibrium,0.23025801951314542,0.0015171098856994818
candidate,nextgen_prospective__nextgen_prospective_007__cluster_3water__orientation,nextgen_prospective_007,orientation,0.29514136315233785,0.0007948735268662982
candidate,nextgen_prospective__nextgen_prospective_008__cluster_3water__compressed,nextgen_prospective_008,compressed,0.1531676345082745,0.00037940552035266767
candidate,nextgen_prospective__nextgen_prospective_008__cluster_3water__cooperative,nextgen_prospective_008,cooperative,0.20315965865842964,0.00023395086730843958
candidate,nextgen_prospective__nextgen_prospective_008__cluster_3water__equilibrium,nextgen_prospective_008,equilibrium,0.2801478737862839,2.589753114510592e-05
candidate,nextgen_prospective__nextgen_prospective_008__cluster_3water__orientation,nextgen_prospective_008,orientation,0.28286221464391725,0.0004827688666114965
candidate,nextgen_prospective__nextgen_prospective_009__cluster_3water__compressed,nextgen_prospective_009,compressed,0.16756261219334798,0.00018122196615326781
candidate,nextgen_prospective__nextgen_prospective_009__cluster_3water__cooperative,nextgen_prospective_009,cooperative,0.1817931866524543,0.0003117918012731279
candidate,nextgen_prospective__nextgen_prospective_009__cluster_3water__equilibrium,nextgen_prospective_009,equilibrium,0.22972840604101577,0.0015894746788103614
candidate,nextgen_prospective__nextgen_prospective_009__cluster_3water__orientation,nextgen_prospective_009,orientation,0.3436891081550569,0.0011463003777457974
candidate,nextgen_prospective__nextgen_prospective_010__cluster_3water__compressed,nextgen_prospective_010,compressed,0.10860393061963462,0.00011885700874765992
candidate,nextgen_prospective__nextgen_prospective_010__cluster_3water__cooperative,nextgen_prospective_010,cooperative,0.1548793478144932,0.00021602236512591037
candidate,nextgen_prospective__nextgen_prospective_010__cluster_3water__equilibrium,nextgen_prospective_010,equilibrium,0.18002503962998642,0.00188892342091221
candidate,nextgen_prospective__nextgen_prospective_010__cluster_3water__orientation,nextgen_prospective_010,orientation,0.14013706031119222,0.0006380318859115554
candidate,nextgen_prospective__nextgen_prospective_011__cluster_3water__compressed,nextgen_prospective_011,compressed,0.2346390967137653,3.2907249559585184e-05
candidate,nextgen_prospective__nextgen_prospective_011__cluster_3water__cooperative,nextgen_prospective_011,cooperative,0.18650978336128,8.664967985295058e-05
candidate,nextgen_prospective__nextgen_prospective_011__cluster_3water__equilibrium,nextgen_prospective_011,equilibrium,0.25996452791095304,0.0038178407395295295
candidate,nextgen_prospective__nextgen_prospective_011__cluster_3water__orientation,nextgen_prospective_011,orientation,0.19500277095859622,0.00016764548182499363
candidate,nextgen_prospective__nextgen_prospective_012__cluster_3water__compressed,nextgen_prospective_012,compressed,0.2167830700176427,7.538216194101557e-05
candidate,nextgen_prospective__nextgen_prospective_012__cluster_3water__cooperative,nextgen_prospective_012,cooperative,0.2505440622351269,0.0004362158811586243
candidate,nextgen_prospective__nextgen_prospective_012__cluster_3water__equilibrium,nextgen_prospective_012,equilibrium,0.331864839487082,0.001159356180115769
candidate,nextgen_prospective__nextgen_prospective_012__cluster_3water__orientation,nextgen_prospective_012,orientation,0.2538100355793888,0.00021886515884056554
candidate,nextgen_prospective__nextgen_prospective_013__cluster_3water__compressed,nextgen_prospective_013,compressed,0.15038701580754457,0.00033956174595560945
candidate,nextgen_prospective__nextgen_prospective_013__cluster_3water__cooperative,nextgen_prospective_013,cooperative,0.18056025544420218,5.194557274892587e-05
candidate,nextgen_prospective__nextgen_prospective_013__cluster_3water__equilibrium,nextgen_prospective_013,equilibrium,0.3764563610949533,0.0006577449480658052
candidate,nextgen_prospective__nextgen_prospective_013__cluster_3water__orientation,nextgen_prospective_013,orientation,0.46995278031289567,0.00026892367650996313
candidate,nextgen_prospective__nextgen_prospective_014__cluster_3water__compressed,nextgen_prospective_014,compressed,0.24157893792811444,0.0009958458450630484
candidate,nextgen_prospective__nextgen_prospective_014__cluster_3water__cooperative,nextgen_prospective_014,cooperative,0.23392529832247805,0.0013311168076142377
candidate,nextgen_prospective__nextgen_prospective_014__cluster_3water__equilibrium,nextgen_prospective_014,equilibrium,0.3990549990573234,0.0016123938885861755
candidate,nextgen_prospective__nextgen_prospective_014__cluster_3water__orientation,nextgen_prospective_014,orientation,0.3419464174528501,0.0005635085615554043
candidate,nextgen_prospective__nextgen_prospective_015__cluster_3water__compressed,nextgen_prospective_015,compressed,0.18887054500411277,0.0006681240868195442
candidate,nextgen_prospective__nextgen_prospective_015__cluster_3water__cooperative,nextgen_prospective_015,cooperative,0.23726697195773747,0.0028268287104958774
candidate,nextgen_prospective__nextgen_prospective_015__cluster_3water__equilibrium,nextgen_prospective_015,equilibrium,0.24732858875956104,0.0018960318242159364
candidate,nextgen_prospective__nextgen_prospective_015__cluster_3water__orientation,nextgen_prospective_015,orientation,0.3308147112957585,0.009525367152545944
candidate,nextgen_prospective__nextgen_prospective_016__cluster_3water__compressed,nextgen_prospective_016,compressed,0.2660201021044873,0.002374843576063752
candidate,nextgen_prospective__nextgen_prospective_016__cluster_3water__cooperative,nextgen_prospective_016,cooperative,0.29644885776390595,0.0021484145278621914
candidate,nextgen_prospective__nextgen_prospective_016__cluster_3water__equilibrium,nextgen_prospective_016,equilibrium,0.37234851967889204,0.003666855360629478
candidate,nextgen_prospective__nextgen_prospective_016__cluster_3water__orientation,nextgen_prospective_016,orientation,0.28670428078971366,0.0023513214238689226
candidate,nextgen_prospective__nextgen_prospective_017__cluster_3water__compressed,nextgen_prospective_017,compressed,0.11314102314625046,7.882935226500867e-05
candidate,nextgen_prospective__nextgen_prospective_017__cluster_3water__cooperative,nextgen_prospective_017,cooperative,0.3283454908817553,0.0005243415101987776
candidate,nextgen_prospective__nextgen_prospective_017__cluster_3water__equilibrium,nextgen_prospective_017,equilibrium,0.4667103666054106,0.0031226584635514025
candidate,nextgen_prospective__nextgen_prospective_017__cluster_3water__orientation,nextgen_prospective_017,orientation,0.5032570493417208,0.0006338482198992391
candidate,nextgen_prospective__nextgen_prospective_018__cluster_3water__compressed,nextgen_prospective_018,compressed,0.3277172521272924,0.0007259818810626924
candidate,nextgen_prospective__nextgen_prospective_018__cluster_3water__cooperative,nextgen_prospective_018,cooperative,0.23712651215989766,0.000804915159885834
candidate,nextgen_prospective__nextgen_prospective_018__cluster_3water__equilibrium,nextgen_prospective_018,equilibrium,0.22127276240059418,0.002744855974271348
candidate,nextgen_prospective__nextgen_prospective_018__cluster_3water__orientation,nextgen_prospective_018,orientation,0.22953136850624165,0.0019144925109128384
candidate,nextgen_prospective__nextgen_prospective_019__cluster_3water__compressed,nextgen_prospective_019,compressed,4.380287377299778,5.359140718784654
candidate,nextgen_prospective__nextgen_prospective_019__cluster_3water__cooperative,nextgen_prospective_019,cooperative,0.4867495585161785,0.001283446627426487
candidate,nextgen_prospective__nextgen_prospective_019__cluster_3water__equilibrium,nextgen_prospective_019,equilibrium,0.18360532835569573,0.00030102597434768675
candidate,nextgen_prospective__nextgen_prospective_019__cluster_3water__orientation,nextgen_prospective_019,orientation,0.14933149358176456,0.001428067529831707
candidate,nextgen_prospective__nextgen_prospective_020__cluster_3water__compressed,nextgen_prospective_020,compressed,0.18959571326714417,0.0013791897577098832
candidate,nextgen_prospective__nextgen_prospective_020__cluster_3water__cooperative,nextgen_prospective_020,cooperative,0.5105017227986266,0.0005684454938222949
candidate,nextgen_prospective__nextgen_prospective_020__cluster_3water__equilibrium,nextgen_prospective_020,equilibrium,0.24680493211505458,9.532225342381449e-05
candidate,nextgen_prospective__nextgen_prospective_020__cluster_3water__orientation,nextgen_prospective_020,orientation,0.20271211235975647,0.0001121085330547977
candidate,nextgen_prospective__nextgen_prospective_021__cluster_3water__compressed,nextgen_prospective_021,compressed,0.21142374537620337,0.0007349065958215171
candidate,nextgen_prospective__nextgen_prospective_021__cluster_3water__cooperative,nextgen_prospective_021,cooperative,0.458974843900863,0.00046117909591890193
candidate,nextgen_prospective__nextgen_prospective_021__cluster_3water__equilibrium,nextgen_prospective_021,equilibrium,0.21070615283850794,0.0010551629028050544
candidate,nextgen_prospective__nextgen_prospective_021__cluster_3water__orientation,nextgen_prospective_021,orientation,0.2970526921977512,0.0013439103314846108
candidate,nextgen_prospective__nextgen_prospective_022__cluster_3water__compressed,nextgen_prospective_022,compressed,1.0533891130646102,0.11364999695333615
candidate,nextgen_prospective__nextgen_prospective_022__cluster_3water__cooperative,nextgen_prospective_022,cooperative,0.32480028571388536,0.003713816821422751
candidate,nextgen_prospective__nextgen_prospective_022__cluster_3water__equilibrium,nextgen_prospective_022,equilibrium,1.002166882319495,0.008301804438720629
candidate,nextgen_prospective__nextgen_prospective_022__cluster_3water__orientation,nextgen_prospective_022,orientation,0.8095625617368514,0.01130850231001094
candidate,nextgen_prospective__nextgen_prospective_023__cluster_3water__compressed,nextgen_prospective_023,compressed,0.11625639668925246,0.0006376910787815868
candidate,nextgen_prospective__nextgen_prospective_023__cluster_3water__cooperative,nextgen_prospective_023,cooperative,0.1297297970956246,0.0006133529302067743
candidate,nextgen_prospective__nextgen_prospective_023__cluster_3water__equilibrium,nextgen_prospective_023,equilibrium,0.2767535082714911,0.0001417490453441269
candidate,nextgen_prospective__nextgen_prospective_023__cluster_3water__orientation,nextgen_prospective_023,orientation,0.20643508151632634,0.00017070730158626475
candidate,nextgen_prospective__nextgen_prospective_024__cluster_3water__compressed,nextgen_prospective_024,compressed,0.18719953901940062,0.00224501458243149
candidate,nextgen_prospective__nextgen_prospective_024__cluster_3water__cooperative,nextgen_prospective_024,cooperative,0.23716992088360192,0.000938756425248792
candidate,nextgen_prospective__nextgen_prospective_024__cluster_3water__equilibrium,nextgen_prospective_024,equilibrium,0.14100047834022097,0.003434876165555834
candidate,nextgen_prospective__nextgen_prospective_024__cluster_3water__orientation,nextgen_prospective_024,orientation,0.13433759320189928,0.0012430305489837517
previous_candidate,nextgen_prospective__nextgen_prospective_001__cluster_3water__compressed,nextgen_prospective_001,compressed,0.5192918721955259,0.01926724283441643
previous_candidate,nextgen_prospective__nextgen_prospective_001__cluster_3water__cooperative,nextgen_prospective_001,cooperative,0.16939640517940147,0.0015061252142554245
previous_candidate,nextgen_prospective__nextgen_prospective_001__cluster_3water__equilibrium,nextgen_prospective_001,equilibrium,0.32218211982905226,0.0012077829418509932
previous_candidate,nextgen_prospective__nextgen_prospective_001__cluster_3water__orientation,nextgen_prospective_001,orientation,0.5739506168430955,0.01926877650137997
previous_candidate,nextgen_prospective__nextgen_prospective_002__cluster_3water__compressed,nextgen_prospective_002,compressed,0.1973718860744507,0.002143825097191259
previous_candidate,nextgen_prospective__nextgen_prospective_002__cluster_3water__cooperative,nextgen_prospective_002,cooperative,0.17651758260759404,0.0011333117702034545
previous_candidate,nextgen_prospective__nextgen_prospective_002__cluster_3water__equilibrium,nextgen_prospective_002,equilibrium,0.4804785676313839,0.05488199578101927
previous_candidate,nextgen_prospective__nextgen_prospective_002__cluster_3water__orientation,nextgen_prospective_002,orientation,0.656910683951557,0.09058777345092833
previous_candidate,nextgen_prospective__nextgen_prospective_003__cluster_3water__compressed,nextgen_prospective_003,compressed,1.2160304957334729,0.0886759345492956
previous_candidate,nextgen_prospective__nextgen_prospective_003__cluster_3water__cooperative,nextgen_prospective_003,cooperative,0.1475487160011115,0.000758036006003225
previous_candidate,nextgen_prospective__nextgen_prospective_003__cluster_3water__equilibrium,nextgen_prospective_003,equilibrium,0.33699265583104415,0.014585607413025684
previous_candidate,nextgen_prospective__nextgen_prospective_003__cluster_3water__orientation,nextgen_prospective_003,orientation,0.32096285332548474,0.0326196232023238
previous_candidate,nextgen_prospective__nextgen_prospective_004__cluster_3water__compressed,nextgen_prospective_004,compressed,0.981318320140122,0.08821588306705203
previous_candidate,nextgen_prospective__nextgen_prospective_004__cluster_3water__cooperative,nextgen_prospective_004,cooperative,1.0472242626848274,0.0942018741825037
previous_candidate,nextgen_prospective__nextgen_prospective_004__cluster_3water__equilibrium,nextgen_prospective_004,equilibrium,0.7574157486875147,0.2382125856990127
previous_candidate,nextgen_prospective__nextgen_prospective_004__cluster_3water__orientation,nextgen_prospective_004,orientation,0.8522868875425558,0.20150987365599304
previous_candidate,nextgen_prospective__nextgen_prospective_005__cluster_3water__compressed,nextgen_prospective_005,compressed,0.23517815576283435,0.0013273713711892988
previous_candidate,nextgen_prospective__nextgen_prospective_005__cluster_3water__cooperative,nextgen_prospective_005,cooperative,0.2429516308465288,0.00013617889771758322
previous_candidate,nextgen_prospective__nextgen_prospective_005__cluster_3water__equilibrium,nextgen_prospective_005,equilibrium,0.3456769141390512,0.002397391698487055
previous_candidate,nextgen_prospective__nextgen_prospective_005__cluster_3water__orientation,nextgen_prospective_005,orientation,0.5276993225739748,0.000959193681723897
previous_candidate,nextgen_prospective__nextgen_prospective_006__cluster_3water__compressed,nextgen_prospective_006,compressed,0.28201873863637905,0.0037256602953367676
previous_candidate,nextgen_prospective__nextgen_prospective_006__cluster_3water__cooperative,nextgen_prospective_006,cooperative,0.1867680772561228,0.0006211361700990349
previous_candidate,nextgen_prospective__nextgen_prospective_006__cluster_3water__equilibrium,nextgen_prospective_006,equilibrium,0.3261018302858671,0.002521178323493299
previous_candidate,nextgen_prospective__nextgen_prospective_006__cluster_3water__orientation,nextgen_prospective_006,orientation,0.48573212493580065,0.0031762357402498474
previous_candidate,nextgen_prospective__nextgen_prospective_007__cluster_3water__compressed,nextgen_prospective_007,compressed,0.3483370812437439,0.0022156672331238897
previous_candidate,nextgen_prospective__nextgen_prospective_007__cluster_3water__cooperative,nextgen_prospective_007,cooperative,0.17839066287989713,0.00509811714987696
previous_candidate,nextgen_prospective__nextgen_prospective_007__cluster_3water__equilibrium,nextgen_prospective_007,equilibrium,0.2412006689942556,0.002149242468567345
previous_candidate,nextgen_prospective__nextgen_prospective_007__cluster_3water__orientation,nextgen_prospective_007,orientation,0.3533225494774309,0.003440501445137852
previous_candidate,nextgen_prospective__nextgen_prospective_008__cluster_3water__compressed,nextgen_prospective_008,compressed,0.17102844287758656,0.00020058183860789224
previous_candidate,nextgen_prospective__nextgen_prospective_008__cluster_3water__cooperative,nextgen_prospective_008,cooperative,0.18270647449063498,0.00040409393686759816
previous_candidate,nextgen_prospective__nextgen_prospective_008__cluster_3water__equilibrium,nextgen_prospective_008,equilibrium,0.353990580434324,0.0007702369303350608
previous_candidate,nextgen_prospective__nextgen_prospective_008__cluster_3water__orientation,nextgen_prospective_008,orientation,0.3350852219034388,0.0014537179390149816
previous_candidate,nextgen_prospective__nextgen_prospective_009__cluster_3water__compressed,nextgen_prospective_009,compressed,0.2002120804204959,0.0022151090693118187
previous_candidate,nextgen_prospective__nextgen_prospective_009__cluster_3water__cooperative,nextgen_prospective_009,cooperative,0.21482888334208605,2.8859256570087485e-05
previous_candidate,nextgen_prospective__nextgen_prospective_009__cluster_3water__equilibrium,nextgen_prospective_009,equilibrium,0.22763380709692127,0.008187880160116448
previous_candidate,nextgen_prospective__nextgen_prospective_009__cluster_3water__orientation,nextgen_prospective_009,orientation,0.3339258394795989,0.002898632060274705
previous_candidate,nextgen_prospective__nextgen_prospective_010__cluster_3water__compressed,nextgen_prospective_010,compressed,0.12953908681316564,0.0019382827910090987
previous_candidate,nextgen_prospective__nextgen_prospective_010__cluster_3water__cooperative,nextgen_prospective_010,cooperative,0.1391035624420794,0.0008946171076195086
previous_candidate,nextgen_prospective__nextgen_prospective_010__cluster_3water__equilibrium,nextgen_prospective_010,equilibrium,0.20357204410616558,0.0016740342841957022
previous_candidate,nextgen_prospective__nextgen_prospective_010__cluster_3water__orientation,nextgen_prospective_010,orientation,0.1529163558848326,0.00543184217366367
previous_candidate,nextgen_prospective__nextgen_prospective_011__cluster_3water__compressed,nextgen_prospective_011,compressed,0.2612587733362422,0.0012562378512724615
previous_candidate,nextgen_prospective__nextgen_prospective_011__cluster_3water__cooperative,nextgen_prospective_011,cooperative,0.24805546406734283,0.000683732966466582
previous_candidate,nextgen_prospective__nextgen_prospective_011__cluster_3water__equilibrium,nextgen_prospective_011,equilibrium,0.21502212431736276,0.005990079592694545
previous_candidate,nextgen_prospective__nextgen_prospective_011__cluster_3water__orientation,nextgen_prospective_011,orientation,0.17776001570580935,0.0019188199107503634
previous_candidate,nextgen_prospective__nextgen_prospective_012__cluster_3water__compressed,nextgen_prospective_012,compressed,0.22830349713171785,0.00043196310314128663
previous_candidate,nextgen_prospective__nextgen_prospective_012__cluster_3water__cooperative,nextgen_prospective_012,cooperative,0.22561308848440134,0.0005511507969096466
previous_candidate,nextgen_prospective__nextgen_prospective_012__cluster_3water__equilibrium,nextgen_prospective_012,equilibrium,0.3717660081155795,0.002587692266323289
previous_candidate,nextgen_prospective__nextgen_prospective_012__cluster_3water__orientation,nextgen_prospective_012,orientation,0.2970066659288562,0.0007203270269903
previous_candidate,nextgen_prospective__nextgen_prospective_013__cluster_3water__compressed,nextgen_prospective_013,compressed,0.17223263396502655,0.001113737760503182
previous_candidate,nextgen_prospective__nextgen_prospective_013__cluster_3water__cooperative,nextgen_prospective_013,cooperative,0.2232382956544762,0.0005579927165123929
previous_candidate,nextgen_prospective__nextgen_prospective_013__cluster_3water__equilibrium,nextgen_prospective_013,equilibrium,0.4833678246418726,0.005121731369400504
previous_candidate,nextgen_prospective__nextgen_prospective_013__cluster_3water__orientation,nextgen_prospective_013,orientation,0.37124728102292764,0.004796699380692249
previous_candidate,nextgen_prospective__nextgen_prospective_014__cluster_3water__compressed,nextgen_prospective_014,compressed,0.2552952698548367,0.002888234857095003
previous_candidate,nextgen_prospective__nextgen_prospective_014__cluster_3water__cooperative,nextgen_prospective_014,cooperative,0.20982729333396588,0.0017275615548660297
previous_candidate,nextgen_prospective__nextgen_prospective_014__cluster_3water__equilibrium,nextgen_prospective_014,equilibrium,0.37171142722676037,0.006142670318950021
previous_candidate,nextgen_prospective__nextgen_prospective_014__cluster_3water__orientation,nextgen_prospective_014,orientation,0.32094706716354476,0.0003064996337490776
previous_candidate,nextgen_prospective__nextgen_prospective_015__cluster_3water__compressed,nextgen_prospective_015,compressed,0.2581897848116175,0.005280514787011231
previous_candidate,nextgen_prospective__nextgen_prospective_015__cluster_3water__cooperative,nextgen_prospective_015,cooperative,0.2666697758899989,0.0031445192860886256
previous_candidate,nextgen_prospective__nextgen_prospective_015__cluster_3water__equilibrium,nextgen_prospective_015,equilibrium,0.23600843564489307,0.0035824548679581057
previous_candidate,nextgen_prospective__nextgen_prospective_015__cluster_3water__orientation,nextgen_prospective_015,orientation,0.3322899046045022,0.012360768469516968
previous_candidate,nextgen_prospective__nextgen_prospective_016__cluster_3water__compressed,nextgen_prospective_016,compressed,0.27996586069834833,0.002328485037645389
previous_candidate,nextgen_prospective__nextgen_prospective_016__cluster_3water__cooperative,nextgen_prospective_016,cooperative,0.30520384776391923,0.00036269616664473715
previous_candidate,nextgen_prospective__nextgen_prospective_016__cluster_3water__equilibrium,nextgen_prospective_016,equilibrium,0.34073917496700834,0.005378703422341359
previous_candidate,nextgen_prospective__nextgen_prospective_016__cluster_3water__orientation,nextgen_prospective_016,orientation,0.2817456807175152,0.004198985955538009
previous_candidate,nextgen_prospective__nextgen_prospective_017__cluster_3water__compressed,nextgen_prospective_017,compressed,0.13050891452789432,0.001265215451024407
previous_candidate,nextgen_prospective__nextgen_prospective_017__cluster_3water__cooperative,nextgen_prospective_017,cooperative,0.30262290233025063,0.00014413684603718424
previous_candidate,nextgen_prospective__nextgen_prospective_017__cluster_3water__equilibrium,nextgen_prospective_017,equilibrium,0.3632054700775456,0.001150061238543357
previous_candidate,nextgen_prospective__nextgen_prospective_017__cluster_3water__orientation,nextgen_prospective_017,orientation,0.5324514508957394,0.0067180343714064
previous_candidate,nextgen_prospective__nextgen_prospective_018__cluster_3water__compressed,nextgen_prospective_018,compressed,0.3905289461324919,0.0012191066183762248
previous_candidate,nextgen_prospective__nextgen_prospective_018__cluster_3water__cooperative,nextgen_prospective_018,cooperative,0.3213230418651431,0.004499112400152554
previous_candidate,nextgen_prospective__nextgen_prospective_018__cluster_3water__equilibrium,nextgen_prospective_018,equilibrium,0.2939811035019649,0.002967921705793857
previous_candidate,nextgen_prospective__nextgen_prospective_018__cluster_3water__orientation,nextgen_prospective_018,orientation,0.2896040399688687,0.002961704209178231
previous_candidate,nextgen_prospective__nextgen_prospective_019__cluster_3water__compressed,nextgen_prospective_019,compressed,0.4492245667709984,0.0036568721021067265
previous_candidate,nextgen_prospective__nextgen_prospective_019__cluster_3water__cooperative,nextgen_prospective_019,cooperative,0.5232401921523243,0.00823155119402559
previous_candidate,nextgen_prospective__nextgen_prospective_019__cluster_3water__equilibrium,nextgen_prospective_019,equilibrium,0.22099402969483048,0.0016348524259153488
previous_candidate,nextgen_prospective__nextgen_prospective_019__cluster_3water__orientation,nextgen_prospective_019,orientation,0.18554765144278626,0.0025670546911540607
previous_candidate,nextgen_prospective__nextgen_prospective_020__cluster_3water__compressed,nextgen_prospective_020,compressed,0.21923649621285146,0.0026061777014393054
previous_candidate,nextgen_prospective__nextgen_prospective_020__cluster_3water__cooperative,nextgen_prospective_020,cooperative,0.539863631246207,0.017100514356431427
previous_candidate,nextgen_prospective__nextgen_prospective_020__cluster_3water__equilibrium,nextgen_prospective_020,equilibrium,0.3118144598939368,0.000759781022654817
previous_candidate,nextgen_prospective__nextgen_prospective_020__cluster_3water__orientation,nextgen_prospective_020,orientation,0.2696021464436751,0.00113469410838652
previous_candidate,nextgen_prospective__nextgen_prospective_021__cluster_3water__compressed,nextgen_prospective_021,compressed,0.349822023998871,0.00353970404313478
previous_candidate,nextgen_prospective__nextgen_prospective_021__cluster_3water__cooperative,nextgen_prospective_021,cooperative,0.45535175418626966,0.002338698045947469
previous_candidate,nextgen_prospective__nextgen_prospective_021__cluster_3water__equilibrium,nextgen_prospective_021,equilibrium,0.24087582819084952,0.008048292161941762
previous_candidate,nextgen_prospective__nextgen_prospective_021__cluster_3water__orientation,nextgen_prospective_021,orientation,0.4256507595424798,0.00524947276697645
previous_candidate,nextgen_prospective__nextgen_prospective_022__cluster_3water__compressed,nextgen_prospective_022,compressed,0.7791758316532752,0.019527284673660873
previous_candidate,nextgen_prospective__nextgen_prospective_022__cluster_3water__cooperative,nextgen_prospective_022,cooperative,0.256614748725881,0.0016958917619424097
previous_candidate,nextgen_prospective__nextgen_prospective_022__cluster_3water__equilibrium,nextgen_prospective_022,equilibrium,0.8394336713005085,0.016923448038197106
previous_candidate,nextgen_prospective__nextgen_prospective_022__cluster_3water__orientation,nextgen_prospective_022,orientation,0.5624037880274912,0.005962380013032817
previous_candidate,nextgen_prospective__nextgen_prospective_023__cluster_3water__compressed,nextgen_prospective_023,compressed,0.17087954105906492,0.0007236271137555861
previous_candidate,nextgen_prospective__nextgen_prospective_023__cluster_3water__cooperative,nextgen_prospective_023,cooperative,0.2386644760000947,0.0023256362213759743
previous_candidate,nextgen_prospective__nextgen_prospective_023__cluster_3water__equilibrium,nextgen_prospective_023,equilibrium,0.3546112537499403,0.0007246764054947286
previous_candidate,nextgen_prospective__nextgen_prospective_023__cluster_3water__orientation,nextgen_prospective_023,orientation,0.2777972662119132,0.0008381545673242655
previous_candidate,nextgen_prospective__nextgen_prospective_024__cluster_3water__compressed,nextgen_prospective_024,compressed,0.20463549229387207,0.003391353338050291
previous_candidate,nextgen_prospective__nextgen_prospective_024__cluster_3water__cooperative,nextgen_prospective_024,cooperative,0.21778009542637033,0.0008427775776970995
previous_candidate,nextgen_prospective__nextgen_prospective_024__cluster_3water__equilibrium,nextgen_prospective_024,equilibrium,0.12091699228640368,0.005810899715028028
previous_candidate,nextgen_prospective__nextgen_prospective_024__cluster_3water__orientation,nextgen_prospective_024,orientation,0.12316026717893398,0.0032574306838552285
MACE_MDP,nextgen_prospective__nextgen_prospective_001__cluster_3water__compressed,nextgen_prospective_001,compressed,,0.037677584527491446
MACE_MDP,nextgen_prospective__nextgen_prospective_001__cluster_3water__cooperative,nextgen_prospective_001,cooperative,,0.001812226558663878
MACE_MDP,nextgen_prospective__nextgen_prospective_001__cluster_3water__equilibrium,nextgen_prospective_001,equilibrium,,0.001897732003855189
MACE_MDP,nextgen_prospective__nextgen_prospective_001__cluster_3water__orientation,nextgen_prospective_001,orientation,,0.0008765536458110162
MACE_MDP,nextgen_prospective__nextgen_prospective_002__cluster_3water__compressed,nextgen_prospective_002,compressed,,0.0007472689584692859
MACE_MDP,nextgen_prospective__nextgen_prospective_002__cluster_3water__cooperative,nextgen_prospective_002,cooperative,,0.0009190642062168695
MACE_MDP,nextgen_prospective__nextgen_prospective_002__cluster_3water__equilibrium,nextgen_prospective_002,equilibrium,,0.0031643538032914546
MACE_MDP,nextgen_prospective__nextgen_prospective_002__cluster_3water__orientation,nextgen_prospective_002,orientation,,0.001954974278685807
MACE_MDP,nextgen_prospective__nextgen_prospective_003__cluster_3water__compressed,nextgen_prospective_003,compressed,,0.1011429081540795
MACE_MDP,nextgen_prospective__nextgen_prospective_003__cluster_3water__cooperative,nextgen_prospective_003,cooperative,,0.0010705762829175266
MACE_MDP,nextgen_prospective__nextgen_prospective_003__cluster_3water__equilibrium,nextgen_prospective_003,equilibrium,,0.001820178477416221
MACE_MDP,nextgen_prospective__nextgen_prospective_003__cluster_3water__orientation,nextgen_prospective_003,orientation,,0.01269484599220303
MACE_MDP,nextgen_prospective__nextgen_prospective_004__cluster_3water__compressed,nextgen_prospective_004,compressed,,0.037348045050417465
MACE_MDP,nextgen_prospective__nextgen_prospective_004__cluster_3water__cooperative,nextgen_prospective_004,cooperative,,0.09948941941237836
MACE_MDP,nextgen_prospective__nextgen_prospective_004__cluster_3water__equilibrium,nextgen_prospective_004,equilibrium,,0.06765376823664115
MACE_MDP,nextgen_prospective__nextgen_prospective_004__cluster_3water__orientation,nextgen_prospective_004,orientation,,0.24485092694883104
MACE_MDP,nextgen_prospective__nextgen_prospective_005__cluster_3water__compressed,nextgen_prospective_005,compressed,,0.0003617660443612603
MACE_MDP,nextgen_prospective__nextgen_prospective_005__cluster_3water__cooperative,nextgen_prospective_005,cooperative,,0.002042690117892721
MACE_MDP,nextgen_prospective__nextgen_prospective_005__cluster_3water__equilibrium,nextgen_prospective_005,equilibrium,,0.00026885200709146704
MACE_MDP,nextgen_prospective__nextgen_prospective_005__cluster_3water__orientation,nextgen_prospective_005,orientation,,0.0006109580054536975
MACE_MDP,nextgen_prospective__nextgen_prospective_006__cluster_3water__compressed,nextgen_prospective_006,compressed,,0.0009169928661467687
MACE_MDP,nextgen_prospective__nextgen_prospective_006__cluster_3water__cooperative,nextgen_prospective_006,cooperative,,0.0013208533463110385
MACE_MDP,nextgen_prospective__nextgen_prospective_006__cluster_3water__equilibrium,nextgen_prospective_006,equilibrium,,0.0009447690371913259
MACE_MDP,nextgen_prospective__nextgen_prospective_006__cluster_3water__orientation,nextgen_prospective_006,orientation,,0.0005735908525820208
MACE_MDP,nextgen_prospective__nextgen_prospective_007__cluster_3water__compressed,nextgen_prospective_007,compressed,,0.0019169601080372114
MACE_MDP,nextgen_prospective__nextgen_prospective_007__cluster_3water__cooperative,nextgen_prospective_007,cooperative,,6.175672798089164e-05
MACE_MDP,nextgen_prospective__nextgen_prospective_007__cluster_3water__equilibrium,nextgen_prospective_007,equilibrium,,0.0015568812776273035
MACE_MDP,nextgen_prospective__nextgen_prospective_007__cluster_3water__orientation,nextgen_prospective_007,orientation,,0.0004386860308675979
MACE_MDP,nextgen_prospective__nextgen_prospective_008__cluster_3water__compressed,nextgen_prospective_008,compressed,,0.0005174591733394816
MACE_MDP,nextgen_prospective__nextgen_prospective_008__cluster_3water__cooperative,nextgen_prospective_008,cooperative,,0.00033738468150001027
MACE_MDP,nextgen_prospective__nextgen_prospective_008__cluster_3water__equilibrium,nextgen_prospective_008,equilibrium,,0.0002794428197526719
MACE_MDP,nextgen_prospective__nextgen_prospective_008__cluster_3water__orientation,nextgen_prospective_008,orientation,,0.0010281528419708189
MACE_MDP,nextgen_prospective__nextgen_prospective_009__cluster_3water__compressed,nextgen_prospective_009,compressed,,2.3490925407628962e-05
MACE_MDP,nextgen_prospective__nextgen_prospective_009__cluster_3water__cooperative,nextgen_prospective_009,cooperative,,0.0006416700194089102
MACE_MDP,nextgen_prospective__nextgen_prospective_009__cluster_3water__equilibrium,nextgen_prospective_009,equilibrium,,0.0005435059618008963
MACE_MDP,nextgen_prospective__nextgen_prospective_009__cluster_3water__orientation,nextgen_prospective_009,orientation,,0.0020278067671361277
MACE_MDP,nextgen_prospective__nextgen_prospective_010__cluster_3water__compressed,nextgen_prospective_010,compressed,,0.0005167423842335932
MACE_MDP,nextgen_prospective__nextgen_prospective_010__cluster_3water__cooperative,nextgen_prospective_010,cooperative,,0.0010657741347093097
MACE_MDP,nextgen_prospective__nextgen_prospective_010__cluster_3water__equilibrium,nextgen_prospective_010,equilibrium,,0.001401322869382579
MACE_MDP,nextgen_prospective__nextgen_prospective_010__cluster_3water__orientation,nextgen_prospective_010,orientation,,0.00043492317599132805
MACE_MDP,nextgen_prospective__nextgen_prospective_011__cluster_3water__compressed,nextgen_prospective_011,compressed,,0.00014843615275205542
MACE_MDP,nextgen_prospective__nextgen_prospective_011__cluster_3water__cooperative,nextgen_prospective_011,cooperative,,9.514816969186405e-05
MACE_MDP,nextgen_prospective__nextgen_prospective_011__cluster_3water__equilibrium,nextgen_prospective_011,equilibrium,,0.004746889183627311
MACE_MDP,nextgen_prospective__nextgen_prospective_011__cluster_3water__orientation,nextgen_prospective_011,orientation,,0.00040347324840014394
MACE_MDP,nextgen_prospective__nextgen_prospective_012__cluster_3water__compressed,nextgen_prospective_012,compressed,,0.00010918161588388324
MACE_MDP,nextgen_prospective__nextgen_prospective_012__cluster_3water__cooperative,nextgen_prospective_012,cooperative,,0.0014580588606174112
MACE_MDP,nextgen_prospective__nextgen_prospective_012__cluster_3water__equilibrium,nextgen_prospective_012,equilibrium,,0.0007410337604891125
MACE_MDP,nextgen_prospective__nextgen_prospective_012__cluster_3water__orientation,nextgen_prospective_012,orientation,,0.0002450218684328499
MACE_MDP,nextgen_prospective__nextgen_prospective_013__cluster_3water__compressed,nextgen_prospective_013,compressed,,0.0004671433998059747
MACE_MDP,nextgen_prospective__nextgen_prospective_013__cluster_3water__cooperative,nextgen_prospective_013,cooperative,,0.00011998952522162686
MACE_MDP,nextgen_prospective__nextgen_prospective_013__cluster_3water__equilibrium,nextgen_prospective_013,equilibrium,,0.00010897540800481217
MACE_MDP,nextgen_prospective__nextgen_prospective_013__cluster_3water__orientation,nextgen_prospective_013,orientation,,0.0005999661505834465
MACE_MDP,nextgen_prospective__nextgen_prospective_014__cluster_3water__compressed,nextgen_prospective_014,compressed,,0.0002827030744275694
MACE_MDP,nextgen_prospective__nextgen_prospective_014__cluster_3water__cooperative,nextgen_prospective_014,cooperative,,0.002008546443143453
MACE_MDP,nextgen_prospective__nextgen_prospective_014__cluster_3water__equilibrium,nextgen_prospective_014,equilibrium,,0.0028352347652386444
MACE_MDP,nextgen_prospective__nextgen_prospective_014__cluster_3water__orientation,nextgen_prospective_014,orientation,,0.0011491929942773714
MACE_MDP,nextgen_prospective__nextgen_prospective_015__cluster_3water__compressed,nextgen_prospective_015,compressed,,0.0008962426363942848
MACE_MDP,nextgen_prospective__nextgen_prospective_015__cluster_3water__cooperative,nextgen_prospective_015,cooperative,,0.004097053763799321
MACE_MDP,nextgen_prospective__nextgen_prospective_015__cluster_3water__equilibrium,nextgen_prospective_015,equilibrium,,0.008001758833321082
MACE_MDP,nextgen_prospective__nextgen_prospective_015__cluster_3water__orientation,nextgen_prospective_015,orientation,,0.009600750738985748
MACE_MDP,nextgen_prospective__nextgen_prospective_016__cluster_3water__compressed,nextgen_prospective_016,compressed,,0.0027720093421799053
MACE_MDP,nextgen_prospective__nextgen_prospective_016__cluster_3water__cooperative,nextgen_prospective_016,cooperative,,0.003917663060879589
MACE_MDP,nextgen_prospective__nextgen_prospective_016__cluster_3water__equilibrium,nextgen_prospective_016,equilibrium,,0.00292344039712164
MACE_MDP,nextgen_prospective__nextgen_prospective_016__cluster_3water__orientation,nextgen_prospective_016,orientation,,0.0005483800461805159
MACE_MDP,nextgen_prospective__nextgen_prospective_017__cluster_3water__compressed,nextgen_prospective_017,compressed,,0.0002200947271008361
MACE_MDP,nextgen_prospective__nextgen_prospective_017__cluster_3water__cooperative,nextgen_prospective_017,cooperative,,0.0003368352235242243
MACE_MDP,nextgen_prospective__nextgen_prospective_017__cluster_3water__equilibrium,nextgen_prospective_017,equilibrium,,0.005114779649393794
MACE_MDP,nextgen_prospective__nextgen_prospective_017__cluster_3water__orientation,nextgen_prospective_017,orientation,,0.00032719688719040537
MACE_MDP,nextgen_prospective__nextgen_prospective_018__cluster_3water__compressed,nextgen_prospective_018,compressed,,0.002196653821696721
MACE_MDP,nextgen_prospective__nextgen_prospective_018__cluster_3water__cooperative,nextgen_prospective_018,cooperative,,0.0009080261191128998
MACE_MDP,nextgen_prospective__nextgen_prospective_018__cluster_3water__equilibrium,nextgen_prospective_018,equilibrium,,0.003729210482220808
MACE_MDP,nextgen_prospective__nextgen_prospective_018__cluster_3water__orientation,nextgen_prospective_018,orientation,,0.002330949554341232
MACE_MDP,nextgen_prospective__nextgen_prospective_019__cluster_3water__compressed,nextgen_prospective_019,compressed,,68.17657439081096
MACE_MDP,nextgen_prospective__nextgen_prospective_019__cluster_3water__cooperative,nextgen_prospective_019,cooperative,,0.0030791163380401447
MACE_MDP,nextgen_prospective__nextgen_prospective_019__cluster_3water__equilibrium,nextgen_prospective_019,equilibrium,,0.0014582018082013577
MACE_MDP,nextgen_prospective__nextgen_prospective_019__cluster_3water__orientation,nextgen_prospective_019,orientation,,0.0037706102135850656
MACE_MDP,nextgen_prospective__nextgen_prospective_020__cluster_3water__compressed,nextgen_prospective_020,compressed,,0.000322412414195298
MACE_MDP,nextgen_prospective__nextgen_prospective_020__cluster_3water__cooperative,nextgen_prospective_020,cooperative,,0.00235060987603497
MACE_MDP,nextgen_prospective__nextgen_prospective_020__cluster_3water__equilibrium,nextgen_prospective_020,equilibrium,,0.0005669865248185493
MACE_MDP,nextgen_prospective__nextgen_prospective_020__cluster_3water__orientation,nextgen_prospective_020,orientation,,6.609558377457455e-05
MACE_MDP,nextgen_prospective__nextgen_prospective_021__cluster_3water__compressed,nextgen_prospective_021,compressed,,0.0005910017926384973
MACE_MDP,nextgen_prospective__nextgen_prospective_021__cluster_3water__cooperative,nextgen_prospective_021,cooperative,,0.001952206383896959
MACE_MDP,nextgen_prospective__nextgen_prospective_021__cluster_3water__equilibrium,nextgen_prospective_021,equilibrium,,0.0011958821819461356
MACE_MDP,nextgen_prospective__nextgen_prospective_021__cluster_3water__orientation,nextgen_prospective_021,orientation,,0.000403630532313116
MACE_MDP,nextgen_prospective__nextgen_prospective_022__cluster_3water__compressed,nextgen_prospective_022,compressed,,0.14835590491642192
MACE_MDP,nextgen_prospective__nextgen_prospective_022__cluster_3water__cooperative,nextgen_prospective_022,cooperative,,0.00729243460162692
MACE_MDP,nextgen_prospective__nextgen_prospective_022__cluster_3water__equilibrium,nextgen_prospective_022,equilibrium,,0.008992351850740874
MACE_MDP,nextgen_prospective__nextgen_prospective_022__cluster_3water__orientation,nextgen_prospective_022,orientation,,0.014483069975966018
MACE_MDP,nextgen_prospective__nextgen_prospective_023__cluster_3water__compressed,nextgen_prospective_023,compressed,,0.0012363457903597451
MACE_MDP,nextgen_prospective__nextgen_prospective_023__cluster_3water__cooperative,nextgen_prospective_023,cooperative,,0.002097186501336611
MACE_MDP,nextgen_prospective__nextgen_prospective_023__cluster_3water__equilibrium,nextgen_prospective_023,equilibrium,,0.00010106599807075389
MACE_MDP,nextgen_prospective__nextgen_prospective_023__cluster_3water__orientation,nextgen_prospective_023,orientation,,0.0003234889936968521
MACE_MDP,nextgen_prospective__nextgen_prospective_024__cluster_3water__compressed,nextgen_prospective_024,compressed,,0.0028187638398098195
MACE_MDP,nextgen_prospective__nextgen_prospective_024__cluster_3water__cooperative,nextgen_prospective_024,cooperative,,0.002480017248669346
MACE_MDP,nextgen_prospective__nextgen_prospective_024__cluster_3water__equilibrium,nextgen_prospective_024,equilibrium,,0.005765046781349578
MACE_MDP,nextgen_prospective__nextgen_prospective_024__cluster_3water__orientation,nextgen_prospective_024,orientation,,0.006969179112798456
MACE_POLAR_1_S,nextgen_prospective__nextgen_prospective_001__cluster_3water__compressed,nextgen_prospective_001,compressed,0.9682643224238976,0.07747277950562013
MACE_POLAR_1_S,nextgen_prospective__nextgen_prospective_001__cluster_3water__cooperative,nextgen_prospective_001,cooperative,0.4194371610494209,0.013131723881002255
MACE_POLAR_1_S,nextgen_prospective__nextgen_prospective_001__cluster_3water__equilibrium,nextgen_prospective_001,equilibrium,0.6333087091884079,0.03377710052712803
MACE_POLAR_1_S,nextgen_prospective__nextgen_prospective_001__cluster_3water__orientation,nextgen_prospective_001,orientation,0.9309410020943545,0.038517745033543514
MACE_POLAR_1_S,nextgen_prospective__nextgen_prospective_002__cluster_3water__compressed,nextgen_prospective_002,compressed,0.6837589929107756,0.022260100071674675
MACE_POLAR_1_S,nextgen_prospective__nextgen_prospective_002__cluster_3water__cooperative,nextgen_prospective_002,cooperative,0.7404521893650174,0.0021325789123839128
MACE_POLAR_1_S,nextgen_prospective__nextgen_prospective_002__cluster_3water__equilibrium,nextgen_prospective_002,equilibrium,0.9280952326016048,0.2175639306778172
MACE_POLAR_1_S,nextgen_prospective__nextgen_prospective_002__cluster_3water__orientation,nextgen_prospective_002,orientation,0.9448994884316918,0.11445140131875402
MACE_POLAR_1_S,nextgen_prospective__nextgen_prospective_003__cluster_3water__compressed,nextgen_prospective_003,compressed,1.9287636144797609,0.34810980364235505
MACE_POLAR_1_S,nextgen_prospective__nextgen_prospective_003__cluster_3water__cooperative,nextgen_prospective_003,cooperative,0.807448706761519,0.005341675792638948
MACE_POLAR_1_S,nextgen_prospective__nextgen_prospective_003__cluster_3water__equilibrium,nextgen_prospective_003,equilibrium,0.6474524136886873,0.025913989453101405
MACE_POLAR_1_S,nextgen_prospective__nextgen_prospective_003__cluster_3water__orientation,nextgen_prospective_003,orientation,0.4893608977279678,0.01622859989809737
MACE_POLAR_1_S,nextgen_prospective__nextgen_prospective_004__cluster_3water__compressed,nextgen_prospective_004,compressed,0.7818903450206767,0.10562489953334821
MACE_POLAR_1_S,nextgen_prospective__nextgen_prospective_004__cluster_3water__cooperative,nextgen_prospective_004,cooperative,1.005283537330823,0.11765426365513076
MACE_POLAR_1_S,nextgen_prospective__nextgen_prospective_004__cluster_3water__equilibrium,nextgen_prospective_004,equilibrium,0.7230836562960004,0.0846567773332396
MACE_POLAR_1_S,nextgen_prospective__nextgen_prospective_004__cluster_3water__orientation,nextgen_prospective_004,orientation,0.8692540445413819,0.2420909523377084
MACE_POLAR_1_S,nextgen_prospective__nextgen_prospective_005__cluster_3water__compressed,nextgen_prospective_005,compressed,0.4962286243965034,0.06174077116500612
MACE_POLAR_1_S,nextgen_prospective__nextgen_prospective_005__cluster_3water__cooperative,nextgen_prospective_005,cooperative,0.7715825835869383,0.06702045313137021
MACE_POLAR_1_S,nextgen_prospective__nextgen_prospective_005__cluster_3water__equilibrium,nextgen_prospective_005,equilibrium,0.5659883086911831,0.025735821696132716
MACE_POLAR_1_S,nextgen_prospective__nextgen_prospective_005__cluster_3water__orientation,nextgen_prospective_005,orientation,0.8086776259489085,0.0057689548324472975
MACE_POLAR_1_S,nextgen_prospective__nextgen_prospective_006__cluster_3water__compressed,nextgen_prospective_006,compressed,0.6937072900071504,0.002520824135472598
MACE_POLAR_1_S,nextgen_prospective__nextgen_prospective_006__cluster_3water__cooperative,nextgen_prospective_006,cooperative,0.5037074591085655,0.03694132668858473
MACE_POLAR_1_S,nextgen_prospective__nextgen_prospective_006__cluster_3water__equilibrium,nextgen_prospective_006,equilibrium,0.6280833101941378,0.028929499689492582
MACE_POLAR_1_S,nextgen_prospective__nextgen_prospective_006__cluster_3water__orientation,nextgen_prospective_006,orientation,0.6741549466016286,0.009342568189830668
MACE_POLAR_1_S,nextgen_prospective__nextgen_prospective_007__cluster_3water__compressed,nextgen_prospective_007,compressed,0.5304659924240214,0.010891610278828396
MACE_POLAR_1_S,nextgen_prospective__nextgen_prospective_007__cluster_3water__cooperative,nextgen_prospective_007,cooperative,0.7601402179719305,0.0347934970137496
MACE_POLAR_1_S,nextgen_prospective__nextgen_prospective_007__cluster_3water__equilibrium,nextgen_prospective_007,equilibrium,0.7417001071458886,0.018338710511804676
MACE_POLAR_1_S,nextgen_prospective__nextgen_prospective_007__cluster_3water__orientation,nextgen_prospective_007,orientation,0.839947734536901,0.01882348507402457
MACE_POLAR_1_S,nextgen_prospective__nextgen_prospective_008__cluster_3water__compressed,nextgen_prospective_008,compressed,0.3451571303904198,0.007371047073276096
MACE_POLAR_1_S,nextgen_prospective__nextgen_prospective_008__cluster_3water__cooperative,nextgen_prospective_008,cooperative,0.8662132692511799,0.015166082913058312
MACE_POLAR_1_S,nextgen_prospective__nextgen_prospective_008__cluster_3water__equilibrium,nextgen_prospective_008,equilibrium,0.8270537426340046,0.006954757039726515
MACE_POLAR_1_S,nextgen_prospective__nextgen_prospective_008__cluster_3water__orientation,nextgen_prospective_008,orientation,0.96259664418076,0.027903664920979884
MACE_POLAR_1_S,nextgen_prospective__nextgen_prospective_009__cluster_3water__compressed,nextgen_prospective_009,compressed,0.5889179855808824,0.032228799115809934
MACE_POLAR_1_S,nextgen_prospective__nextgen_prospective_009__cluster_3water__cooperative,nextgen_prospective_009,cooperative,0.5334181020377187,0.004586611483537707
MACE_POLAR_1_S,nextgen_prospective__nextgen_prospective_009__cluster_3water__equilibrium,nextgen_prospective_009,equilibrium,0.7932423586321267,0.016869209068422444
MACE_POLAR_1_S,nextgen_prospective__nextgen_prospective_009__cluster_3water__orientation,nextgen_prospective_009,orientation,0.8543297221985701,0.07897431560867878
MACE_POLAR_1_S,nextgen_prospective__nextgen_prospective_010__cluster_3water__compressed,nextgen_prospective_010,compressed,0.38574226508848863,0.0031220606171343517
MACE_POLAR_1_S,nextgen_prospective__nextgen_prospective_010__cluster_3water__cooperative,nextgen_prospective_010,cooperative,0.7054415427397821,0.009315382507799392
MACE_POLAR_1_S,nextgen_prospective__nextgen_prospective_010__cluster_3water__equilibrium,nextgen_prospective_010,equilibrium,0.6146722985937609,0.007848528034985541
MACE_POLAR_1_S,nextgen_prospective__nextgen_prospective_010__cluster_3water__orientation,nextgen_prospective_010,orientation,0.6415308171702845,0.04793779346848425
MACE_POLAR_1_S,nextgen_prospective__nextgen_prospective_011__cluster_3water__compressed,nextgen_prospective_011,compressed,0.4511448840295338,9.408539179174624e-05
MACE_POLAR_1_S,nextgen_prospective__nextgen_prospective_011__cluster_3water__cooperative,nextgen_prospective_011,cooperative,0.5676634187021299,0.001610638062408531
MACE_POLAR_1_S,nextgen_prospective__nextgen_prospective_011__cluster_3water__equilibrium,nextgen_prospective_011,equilibrium,0.6375497898704832,0.040602770363387365
MACE_POLAR_1_S,nextgen_prospective__nextgen_prospective_011__cluster_3water__orientation,nextgen_prospective_011,orientation,0.41627434174803496,0.0006146164483355847
MACE_POLAR_1_S,nextgen_prospective__nextgen_prospective_012__cluster_3water__compressed,nextgen_prospective_012,compressed,0.32768770531403896,0.009940284235805863
MACE_POLAR_1_S,nextgen_prospective__nextgen_prospective_012__cluster_3water__cooperative,nextgen_prospective_012,cooperative,0.697422458851685,0.0005137314680534072
MACE_POLAR_1_S,nextgen_prospective__nextgen_prospective_012__cluster_3water__equilibrium,nextgen_prospective_012,equilibrium,0.7806210432301641,0.0036167738187468375
MACE_POLAR_1_S,nextgen_prospective__nextgen_prospective_012__cluster_3water__orientation,nextgen_prospective_012,orientation,0.5060309740889994,0.011893850639363013
MACE_POLAR_1_S,nextgen_prospective__nextgen_prospective_013__cluster_3water__compressed,nextgen_prospective_013,compressed,0.5834702584133151,0.0011523309992385988
MACE_POLAR_1_S,nextgen_prospective__nextgen_prospective_013__cluster_3water__cooperative,nextgen_prospective_013,cooperative,0.5842819212931993,0.0070088896458649725
MACE_POLAR_1_S,nextgen_prospective__nextgen_prospective_013__cluster_3water__equilibrium,nextgen_prospective_013,equilibrium,0.7861596822192015,0.016193411302239613
MACE_POLAR_1_S,nextgen_prospective__nextgen_prospective_013__cluster_3water__orientation,nextgen_prospective_013,orientation,0.8225507311637968,0.008610405549016506
MACE_POLAR_1_S,nextgen_prospective__nextgen_prospective_014__cluster_3water__compressed,nextgen_prospective_014,compressed,0.5761504183422737,0.03622736038746096
MACE_POLAR_1_S,nextgen_prospective__nextgen_prospective_014__cluster_3water__cooperative,nextgen_prospective_014,cooperative,0.7836150219348439,0.030130485604752042
MACE_POLAR_1_S,nextgen_prospective__nextgen_prospective_014__cluster_3water__equilibrium,nextgen_prospective_014,equilibrium,0.6923035739431016,0.022446864521004115
MACE_POLAR_1_S,nextgen_prospective__nextgen_prospective_014__cluster_3water__orientation,nextgen_prospective_014,orientation,0.7424685450976916,0.00822439846951122
MACE_POLAR_1_S,nextgen_prospective__nextgen_prospective_015__cluster_3water__compressed,nextgen_prospective_015,compressed,0.6065705888765063,0.06273732046275181
MACE_POLAR_1_S,nextgen_prospective__nextgen_prospective_015__cluster_3water__cooperative,nextgen_prospective_015,cooperative,0.8598625276637999,0.020946462817123226
MACE_POLAR_1_S,nextgen_prospective__nextgen_prospective_015__cluster_3water__equilibrium,nextgen_prospective_015,equilibrium,0.6010155316972952,0.11220241793779993
MACE_POLAR_1_S,nextgen_prospective__nextgen_prospective_015__cluster_3water__orientation,nextgen_prospective_015,orientation,0.9372342222982697,0.26456235874122674
MACE_POLAR_1_S,nextgen_prospective__nextgen_prospective_016__cluster_3water__compressed,nextgen_prospective_016,compressed,0.5380406883670421,0.005975797098873939
MACE_POLAR_1_S,nextgen_prospective__nextgen_prospective_016__cluster_3water__cooperative,nextgen_prospective_016,cooperative,0.5036069241992579,0.023978347416990526
MACE_POLAR_1_S,nextgen_prospective__nextgen_prospective_016__cluster_3water__equilibrium,nextgen_prospective_016,equilibrium,0.9393025620210992,0.04126022285923522
MACE_POLAR_1_S,nextgen_prospective__nextgen_prospective_016__cluster_3water__orientation,nextgen_prospective_016,orientation,0.9097383890346374,0.06172829605060794
MACE_POLAR_1_S,nextgen_prospective__nextgen_prospective_017__cluster_3water__compressed,nextgen_prospective_017,compressed,0.7622308083186036,0.005766796985913675
MACE_POLAR_1_S,nextgen_prospective__nextgen_prospective_017__cluster_3water__cooperative,nextgen_prospective_017,cooperative,0.5013503476351772,0.0042960046413629055
MACE_POLAR_1_S,nextgen_prospective__nextgen_prospective_017__cluster_3water__equilibrium,nextgen_prospective_017,equilibrium,0.7437959737128049,0.015183844190256902
MACE_POLAR_1_S,nextgen_prospective__nextgen_prospective_017__cluster_3water__orientation,nextgen_prospective_017,orientation,0.8419661877353181,0.044137594044365874
MACE_POLAR_1_S,nextgen_prospective__nextgen_prospective_018__cluster_3water__compressed,nextgen_prospective_018,compressed,0.7270112844273046,0.20136589866744137
MACE_POLAR_1_S,nextgen_prospective__nextgen_prospective_018__cluster_3water__cooperative,nextgen_prospective_018,cooperative,0.985083036325942,0.08049111689441009
MACE_POLAR_1_S,nextgen_prospective__nextgen_prospective_018__cluster_3water__equilibrium,nextgen_prospective_018,equilibrium,0.9053389260035531,0.0653366135841923
MACE_POLAR_1_S,nextgen_prospective__nextgen_prospective_018__cluster_3water__orientation,nextgen_prospective_018,orientation,0.8749046923275958,0.057226909754118954
MACE_POLAR_1_S,nextgen_prospective__nextgen_prospective_019__cluster_3water__compressed,nextgen_prospective_019,compressed,1.4156354899314125,0.99018862784829
MACE_POLAR_1_S,nextgen_prospective__nextgen_prospective_019__cluster_3water__cooperative,nextgen_prospective_019,cooperative,0.9439280908079785,0.06588374885309314
MACE_POLAR_1_S,nextgen_prospective__nextgen_prospective_019__cluster_3water__equilibrium,nextgen_prospective_019,equilibrium,0.7258171416347026,0.10458580245401088
MACE_POLAR_1_S,nextgen_prospective__nextgen_prospective_019__cluster_3water__orientation,nextgen_prospective_019,orientation,0.6554877595161147,0.05796660401175777
MACE_POLAR_1_S,nextgen_prospective__nextgen_prospective_020__cluster_3water__compressed,nextgen_prospective_020,compressed,0.5613428911476839,0.0037826002607938727
MACE_POLAR_1_S,nextgen_prospective__nextgen_prospective_020__cluster_3water__cooperative,nextgen_prospective_020,cooperative,1.0740569842187706,0.12932476391754558
MACE_POLAR_1_S,nextgen_prospective__nextgen_prospective_020__cluster_3water__equilibrium,nextgen_prospective_020,equilibrium,0.661586642965873,0.004473373831275085
MACE_POLAR_1_S,nextgen_prospective__nextgen_prospective_020__cluster_3water__orientation,nextgen_prospective_020,orientation,0.6550968189366488,0.010051794200534958
MACE_POLAR_1_S,nextgen_prospective__nextgen_prospective_021__cluster_3water__compressed,nextgen_prospective_021,compressed,0.7234072904558136,0.08556195733219774
MACE_POLAR_1_S,nextgen_prospective__nextgen_prospective_021__cluster_3water__cooperative,nextgen_prospective_021,cooperative,0.8930996545351657,0.08042784844446682
MACE_POLAR_1_S,nextgen_prospective__nextgen_prospective_021__cluster_3water__equilibrium,nextgen_prospective_021,equilibrium,0.49307367286360776,0.024593463953261212
MACE_POLAR_1_S,nextgen_prospective__nextgen_prospective_021__cluster_3water__orientation,nextgen_prospective_021,orientation,0.7384836459049188,0.06802400753348287
MACE_POLAR_1_S,nextgen_prospective__nextgen_prospective_022__cluster_3water__compressed,nextgen_prospective_022,compressed,1.2684725012130353,0.39867220201810355
MACE_POLAR_1_S,nextgen_prospective__nextgen_prospective_022__cluster_3water__cooperative,nextgen_prospective_022,cooperative,0.5880946761141066,0.00416056469789913
MACE_POLAR_1_S,nextgen_prospective__nextgen_prospective_022__cluster_3water__equilibrium,nextgen_prospective_022,equilibrium,0.9445570959901756,0.08623504617550498
MACE_POLAR_1_S,nextgen_prospective__nextgen_prospective_022__cluster_3water__orientation,nextgen_prospective_022,orientation,0.7890959805860855,0.07298194440180836
MACE_POLAR_1_S,nextgen_prospective__nextgen_prospective_023__cluster_3water__compressed,nextgen_prospective_023,compressed,0.6358226190299968,0.010053527662240718
MACE_POLAR_1_S,nextgen_prospective__nextgen_prospective_023__cluster_3water__cooperative,nextgen_prospective_023,cooperative,0.608054961787208,0.006347049537233382
MACE_POLAR_1_S,nextgen_prospective__nextgen_prospective_023__cluster_3water__equilibrium,nextgen_prospective_023,equilibrium,0.9649962984321071,0.018326163406711355
MACE_POLAR_1_S,nextgen_prospective__nextgen_prospective_023__cluster_3water__orientation,nextgen_prospective_023,orientation,0.7419057467402594,0.02342637883301014
MACE_POLAR_1_S,nextgen_prospective__nextgen_prospective_024__cluster_3water__compressed,nextgen_prospective_024,compressed,0.555443698542948,0.015230496299806934
MACE_POLAR_1_S,nextgen_prospective__nextgen_prospective_024__cluster_3water__cooperative,nextgen_prospective_024,cooperative,0.40194557441259693,0.009270707348919369
MACE_POLAR_1_S,nextgen_prospective__nextgen_prospective_024__cluster_3water__equilibrium,nextgen_prospective_024,equilibrium,0.80198470192692,0.029507388333568304
MACE_POLAR_1_S,nextgen_prospective__nextgen_prospective_024__cluster_3water__orientation,nextgen_prospective_024,orientation,0.8552137628545384,0.15229529103271267
MACE_POLAR_1_M,nextgen_prospective__nextgen_prospective_001__cluster_3water__compressed,nextgen_prospective_001,compressed,0.4602981758899719,0.034885112757694174
MACE_POLAR_1_M,nextgen_prospective__nextgen_prospective_001__cluster_3water__cooperative,nextgen_prospective_001,cooperative,0.39636046553432797,0.003569403546410686
MACE_POLAR_1_M,nextgen_prospective__nextgen_prospective_001__cluster_3water__equilibrium,nextgen_prospective_001,equilibrium,0.5174576512748877,0.00923660140682766
MACE_POLAR_1_M,nextgen_prospective__nextgen_prospective_001__cluster_3water__orientation,nextgen_prospective_001,orientation,0.5654898105438856,0.02644920539294569
MACE_POLAR_1_M,nextgen_prospective__nextgen_prospective_002__cluster_3water__compressed,nextgen_prospective_002,compressed,0.7049840921710245,0.01110876070540394
MACE_POLAR_1_M,nextgen_prospective__nextgen_prospective_002__cluster_3water__cooperative,nextgen_prospective_002,cooperative,0.6443177267309655,0.004302455191280854
MACE_POLAR_1_M,nextgen_prospective__nextgen_prospective_002__cluster_3water__equilibrium,nextgen_prospective_002,equilibrium,0.5021790975099492,0.09908000747306818
MACE_POLAR_1_M,nextgen_prospective__nextgen_prospective_002__cluster_3water__orientation,nextgen_prospective_002,orientation,0.7205372672205513,0.12428525489734236
MACE_POLAR_1_M,nextgen_prospective__nextgen_prospective_003__cluster_3water__compressed,nextgen_prospective_003,compressed,1.6178372545206319,0.16322573936983123
MACE_POLAR_1_M,nextgen_prospective__nextgen_prospective_003__cluster_3water__cooperative,nextgen_prospective_003,cooperative,0.6643250221508913,0.007358499050487373
MACE_POLAR_1_M,nextgen_prospective__nextgen_prospective_003__cluster_3water__equilibrium,nextgen_prospective_003,equilibrium,0.4252839399935008,0.0204502741341148
MACE_POLAR_1_M,nextgen_prospective__nextgen_prospective_003__cluster_3water__orientation,nextgen_prospective_003,orientation,0.6238267546219123,0.06500819492948064
MACE_POLAR_1_M,nextgen_prospective__nextgen_prospective_004__cluster_3water__compressed,nextgen_prospective_004,compressed,0.8476019675509479,0.08557606715913808
MACE_POLAR_1_M,nextgen_prospective__nextgen_prospective_004__cluster_3water__cooperative,nextgen_prospective_004,cooperative,1.001122591227377,0.13637744502881027
MACE_POLAR_1_M,nextgen_prospective__nextgen_prospective_004__cluster_3water__equilibrium,nextgen_prospective_004,equilibrium,0.6855014999446956,0.18765028516003143
MACE_POLAR_1_M,nextgen_prospective__nextgen_prospective_004__cluster_3water__orientation,nextgen_prospective_004,orientation,0.8790486768801092,0.10743595088119806
MACE_POLAR_1_M,nextgen_prospective__nextgen_prospective_005__cluster_3water__compressed,nextgen_prospective_005,compressed,0.4879221348674598,0.002738613485037088
MACE_POLAR_1_M,nextgen_prospective__nextgen_prospective_005__cluster_3water__cooperative,nextgen_prospective_005,cooperative,0.49229119291665574,0.002715110132067431
MACE_POLAR_1_M,nextgen_prospective__nextgen_prospective_005__cluster_3water__equilibrium,nextgen_prospective_005,equilibrium,0.5300546033749325,0.0007796802305672538
MACE_POLAR_1_M,nextgen_prospective__nextgen_prospective_005__cluster_3water__orientation,nextgen_prospective_005,orientation,0.9799790874253945,0.004804775051977259
MACE_POLAR_1_M,nextgen_prospective__nextgen_prospective_006__cluster_3water__compressed,nextgen_prospective_006,compressed,0.720514364145198,0.001714363605884132
MACE_POLAR_1_M,nextgen_prospective__nextgen_prospective_006__cluster_3water__cooperative,nextgen_prospective_006,cooperative,0.4881978952718027,0.0014157625255314399
MACE_POLAR_1_M,nextgen_prospective__nextgen_prospective_006__cluster_3water__equilibrium,nextgen_prospective_006,equilibrium,0.5542227146664656,0.0016321794200272997
MACE_POLAR_1_M,nextgen_prospective__nextgen_prospective_006__cluster_3water__orientation,nextgen_prospective_006,orientation,0.7557464377015201,0.009090547671497329
MACE_POLAR_1_M,nextgen_prospective__nextgen_prospective_007__cluster_3water__compressed,nextgen_prospective_007,compressed,0.7630695469321496,0.004809041520350929
MACE_POLAR_1_M,nextgen_prospective__nextgen_prospective_007__cluster_3water__cooperative,nextgen_prospective_007,cooperative,0.6621957329060518,0.002839299568002498
MACE_POLAR_1_M,nextgen_prospective__nextgen_prospective_007__cluster_3water__equilibrium,nextgen_prospective_007,equilibrium,0.6103768001173775,0.002973090000204225
MACE_POLAR_1_M,nextgen_prospective__nextgen_prospective_007__cluster_3water__orientation,nextgen_prospective_007,orientation,0.8115626077037275,0.0046927985776455275
MACE_POLAR_1_M,nextgen_prospective__nextgen_prospective_008__cluster_3water__compressed,nextgen_prospective_008,compressed,0.4094971955722239,0.0007405634131616556
MACE_POLAR_1_M,nextgen_prospective__nextgen_prospective_008__cluster_3water__cooperative,nextgen_prospective_008,cooperative,0.7213291959389747,0.0008766147914003689
MACE_POLAR_1_M,nextgen_prospective__nextgen_prospective_008__cluster_3water__equilibrium,nextgen_prospective_008,equilibrium,0.5305501456700239,0.002467474762341132
MACE_POLAR_1_M,nextgen_prospective__nextgen_prospective_008__cluster_3water__orientation,nextgen_prospective_008,orientation,0.5768415184733445,0.003111205688123101
MACE_POLAR_1_M,nextgen_prospective__nextgen_prospective_009__cluster_3water__compressed,nextgen_prospective_009,compressed,0.7647725372084705,0.006693396091918757
MACE_POLAR_1_M,nextgen_prospective__nextgen_prospective_009__cluster_3water__cooperative,nextgen_prospective_009,cooperative,0.7950287534371233,0.0037897913027402723
MACE_POLAR_1_M,nextgen_prospective__nextgen_prospective_009__cluster_3water__equilibrium,nextgen_prospective_009,equilibrium,0.5271086806551504,0.00923606063570686
MACE_POLAR_1_M,nextgen_prospective__nextgen_prospective_009__cluster_3water__orientation,nextgen_prospective_009,orientation,0.6498838417579418,0.006764979852409414
MACE_POLAR_1_M,nextgen_prospective__nextgen_prospective_010__cluster_3water__compressed,nextgen_prospective_010,compressed,0.5633495505862602,0.0009897753544288437
MACE_POLAR_1_M,nextgen_prospective__nextgen_prospective_010__cluster_3water__cooperative,nextgen_prospective_010,cooperative,0.6766963116117604,0.0019880698909535816
MACE_POLAR_1_M,nextgen_prospective__nextgen_prospective_010__cluster_3water__equilibrium,nextgen_prospective_010,equilibrium,0.6207268977483927,0.004602406193920089
MACE_POLAR_1_M,nextgen_prospective__nextgen_prospective_010__cluster_3water__orientation,nextgen_prospective_010,orientation,0.49279762601231464,0.014158004987994825
MACE_POLAR_1_M,nextgen_prospective__nextgen_prospective_011__cluster_3water__compressed,nextgen_prospective_011,compressed,0.673825945516004,0.002428111201846151
MACE_POLAR_1_M,nextgen_prospective__nextgen_prospective_011__cluster_3water__cooperative,nextgen_prospective_011,cooperative,0.6763760578736846,0.0031058227588939055
MACE_POLAR_1_M,nextgen_prospective__nextgen_prospective_011__cluster_3water__equilibrium,nextgen_prospective_011,equilibrium,0.42873112083084636,0.0036298657885529234
MACE_POLAR_1_M,nextgen_prospective__nextgen_prospective_011__cluster_3water__orientation,nextgen_prospective_011,orientation,0.3733606594690311,0.004532257768375929
MACE_POLAR_1_M,nextgen_prospective__nextgen_prospective_012__cluster_3water__compressed,nextgen_prospective_012,compressed,0.4993629336438848,0.0014743008892295058
MACE_POLAR_1_M,nextgen_prospective__nextgen_prospective_012__cluster_3water__cooperative,nextgen_prospective_012,cooperative,0.7108869021638352,0.0016241311806261198
MACE_POLAR_1_M,nextgen_prospective__nextgen_prospective_012__cluster_3water__equilibrium,nextgen_prospective_012,equilibrium,0.833949713814653,0.003528377369061544
MACE_POLAR_1_M,nextgen_prospective__nextgen_prospective_012__cluster_3water__orientation,nextgen_prospective_012,orientation,0.5805094152683661,0.0016340559447721996
MACE_POLAR_1_M,nextgen_prospective__nextgen_prospective_013__cluster_3water__compressed,nextgen_prospective_013,compressed,0.6821955178771869,0.0037494624559227005
MACE_POLAR_1_M,nextgen_prospective__nextgen_prospective_013__cluster_3water__cooperative,nextgen_prospective_013,cooperative,0.7152643508037811,0.00443961592984956
MACE_POLAR_1_M,nextgen_prospective__nextgen_prospective_013__cluster_3water__equilibrium,nextgen_prospective_013,equilibrium,0.7162405521628912,0.010582809409639784
MACE_POLAR_1_M,nextgen_prospective__nextgen_prospective_013__cluster_3water__orientation,nextgen_prospective_013,orientation,0.8768085351334355,0.009293791789630317
MACE_POLAR_1_M,nextgen_prospective__nextgen_prospective_014__cluster_3water__compressed,nextgen_prospective_014,compressed,0.8007336685408591,0.026810370714161317
MACE_POLAR_1_M,nextgen_prospective__nextgen_prospective_014__cluster_3water__cooperative,nextgen_prospective_014,cooperative,0.745766940423572,0.018769591218308193
MACE_POLAR_1_M,nextgen_prospective__nextgen_prospective_014__cluster_3water__equilibrium,nextgen_prospective_014,equilibrium,0.6890918731071297,0.004303875953807039
MACE_POLAR_1_M,nextgen_prospective__nextgen_prospective_014__cluster_3water__orientation,nextgen_prospective_014,orientation,0.5329818490635078,0.0013253017619093753
MACE_POLAR_1_M,nextgen_prospective__nextgen_prospective_015__cluster_3water__compressed,nextgen_prospective_015,compressed,0.7645240451682754,0.017745288439915238
MACE_POLAR_1_M,nextgen_prospective__nextgen_prospective_015__cluster_3water__cooperative,nextgen_prospective_015,cooperative,0.7036221816348908,0.01768941084349359
MACE_POLAR_1_M,nextgen_prospective__nextgen_prospective_015__cluster_3water__equilibrium,nextgen_prospective_015,equilibrium,0.47969507908625786,0.00850645849839944
MACE_POLAR_1_M,nextgen_prospective__nextgen_prospective_015__cluster_3water__orientation,nextgen_prospective_015,orientation,0.6520528546796,0.02496548673443608
MACE_POLAR_1_M,nextgen_prospective__nextgen_prospective_016__cluster_3water__compressed,nextgen_prospective_016,compressed,0.680746946047072,0.014346389439231987
MACE_POLAR_1_M,nextgen_prospective__nextgen_prospective_016__cluster_3water__cooperative,nextgen_prospective_016,cooperative,0.49210665620454325,0.004261080284124292
MACE_POLAR_1_M,nextgen_prospective__nextgen_prospective_016__cluster_3water__equilibrium,nextgen_prospective_016,equilibrium,0.6696326722422281,0.003908977686146384
MACE_POLAR_1_M,nextgen_prospective__nextgen_prospective_016__cluster_3water__orientation,nextgen_prospective_016,orientation,0.48072100195003525,0.0065850886259495684
MACE_POLAR_1_M,nextgen_prospective__nextgen_prospective_017__cluster_3water__compressed,nextgen_prospective_017,compressed,0.862193874756927,0.00024296627749384415
MACE_POLAR_1_M,nextgen_prospective__nextgen_prospective_017__cluster_3water__cooperative,nextgen_prospective_017,cooperative,0.6095180161159406,0.00037961764223625106
MACE_POLAR_1_M,nextgen_prospective__nextgen_prospective_017__cluster_3water__equilibrium,nextgen_prospective_017,equilibrium,0.5708743512761216,0.0026681527098473823
MACE_POLAR_1_M,nextgen_prospective__nextgen_prospective_017__cluster_3water__orientation,nextgen_prospective_017,orientation,0.7814001073301343,0.014820608312197378
MACE_POLAR_1_M,nextgen_prospective__nextgen_prospective_018__cluster_3water__compressed,nextgen_prospective_018,compressed,0.3697166920162165,0.001065260825780721
MACE_POLAR_1_M,nextgen_prospective__nextgen_prospective_018__cluster_3water__cooperative,nextgen_prospective_018,cooperative,0.6392388045500792,0.002370929635827424
MACE_POLAR_1_M,nextgen_prospective__nextgen_prospective_018__cluster_3water__equilibrium,nextgen_prospective_018,equilibrium,0.4540373230360915,0.004134448715878724
MACE_POLAR_1_M,nextgen_prospective__nextgen_prospective_018__cluster_3water__orientation,nextgen_prospective_018,orientation,0.46379717214375166,0.008828337016883335
MACE_POLAR_1_M,nextgen_prospective__nextgen_prospective_019__cluster_3water__compressed,nextgen_prospective_019,compressed,0.601716171942625,0.0343735174696401
MACE_POLAR_1_M,nextgen_prospective__nextgen_prospective_019__cluster_3water__cooperative,nextgen_prospective_019,cooperative,1.12412821217063,0.02061901897339538
MACE_POLAR_1_M,nextgen_prospective__nextgen_prospective_019__cluster_3water__equilibrium,nextgen_prospective_019,equilibrium,0.5150443397885371,0.0032089728670998893
MACE_POLAR_1_M,nextgen_prospective__nextgen_prospective_019__cluster_3water__orientation,nextgen_prospective_019,orientation,0.39504724544963743,0.0017795577765396117
MACE_POLAR_1_M,nextgen_prospective__nextgen_prospective_020__cluster_3water__compressed,nextgen_prospective_020,compressed,0.7964173102951008,0.020508856049076967
MACE_POLAR_1_M,nextgen_prospective__nextgen_prospective_020__cluster_3water__cooperative,nextgen_prospective_020,cooperative,0.89480511539611,0.040887645479676056
MACE_POLAR_1_M,nextgen_prospective__nextgen_prospective_020__cluster_3water__equilibrium,nextgen_prospective_020,equilibrium,0.7416309081586693,0.004999505135425944
MACE_POLAR_1_M,nextgen_prospective__nextgen_prospective_020__cluster_3water__orientation,nextgen_prospective_020,orientation,0.6510578515293447,0.002357477261745364
MACE_POLAR_1_M,nextgen_prospective__nextgen_prospective_021__cluster_3water__compressed,nextgen_prospective_021,compressed,0.8378644426306138,0.012309554366504145
MACE_POLAR_1_M,nextgen_prospective__nextgen_prospective_021__cluster_3water__cooperative,nextgen_prospective_021,cooperative,0.876740420746748,0.015146230945775803
MACE_POLAR_1_M,nextgen_prospective__nextgen_prospective_021__cluster_3water__equilibrium,nextgen_prospective_021,equilibrium,0.4779027574579829,0.020826838911119513
MACE_POLAR_1_M,nextgen_prospective__nextgen_prospective_021__cluster_3water__orientation,nextgen_prospective_021,orientation,0.6906393626143892,0.005811665869529178
MACE_POLAR_1_M,nextgen_prospective__nextgen_prospective_022__cluster_3water__compressed,nextgen_prospective_022,compressed,0.9490635448587156,0.04202724064411601
MACE_POLAR_1_M,nextgen_prospective__nextgen_prospective_022__cluster_3water__cooperative,nextgen_prospective_022,cooperative,0.7662033565742891,0.015379903904914873
MACE_POLAR_1_M,nextgen_prospective__nextgen_prospective_022__cluster_3water__equilibrium,nextgen_prospective_022,equilibrium,1.0865954506393278,0.01012222673958642
MACE_POLAR_1_M,nextgen_prospective__nextgen_prospective_022__cluster_3water__orientation,nextgen_prospective_022,orientation,0.8621130751304199,0.00416340503116412
MACE_POLAR_1_M,nextgen_prospective__nextgen_prospective_023__cluster_3water__compressed,nextgen_prospective_023,compressed,0.6877605888581853,0.003341457501268037
MACE_POLAR_1_M,nextgen_prospective__nextgen_prospective_023__cluster_3water__cooperative,nextgen_prospective_023,cooperative,0.6002142551505191,0.0053427843549627525
MACE_POLAR_1_M,nextgen_prospective__nextgen_prospective_023__cluster_3water__equilibrium,nextgen_prospective_023,equilibrium,0.9320767433905572,0.0027140039670698808
MACE_POLAR_1_M,nextgen_prospective__nextgen_prospective_023__cluster_3water__orientation,nextgen_prospective_023,orientation,0.7201031064283853,0.006081410685262118
MACE_POLAR_1_M,nextgen_prospective__nextgen_prospective_024__cluster_3water__compressed,nextgen_prospective_024,compressed,0.49802164323479503,0.0017183624024807948
MACE_POLAR_1_M,nextgen_prospective__nextgen_prospective_024__cluster_3water__cooperative,nextgen_prospective_024,cooperative,0.5141878576917989,0.001610129600442765
MACE_POLAR_1_M,nextgen_prospective__nextgen_prospective_024__cluster_3water__equilibrium,nextgen_prospective_024,equilibrium,0.5227664498147546,0.03418221357945211
MACE_POLAR_1_M,nextgen_prospective__nextgen_prospective_024__cluster_3water__orientation,nextgen_prospective_024,orientation,0.4930089869047817,0.03431035258162748
MACE_POLAR_1_L,nextgen_prospective__nextgen_prospective_001__cluster_3water__compressed,nextgen_prospective_001,compressed,0.5248237902300769,0.007126587081619906
MACE_POLAR_1_L,nextgen_prospective__nextgen_prospective_001__cluster_3water__cooperative,nextgen_prospective_001,cooperative,0.38506324015617693,0.0015454906427781418
MACE_POLAR_1_L,nextgen_prospective__nextgen_prospective_001__cluster_3water__equilibrium,nextgen_prospective_001,equilibrium,0.42930725359668753,0.0005504993808314154
MACE_POLAR_1_L,nextgen_prospective__nextgen_prospective_001__cluster_3water__orientation,nextgen_prospective_001,orientation,0.46661076284036745,0.015953298778913355
MACE_POLAR_1_L,nextgen_prospective__nextgen_prospective_002__cluster_3water__compressed,nextgen_prospective_002,compressed,0.6274408114397768,0.008179755963563415
MACE_POLAR_1_L,nextgen_prospective__nextgen_prospective_002__cluster_3water__cooperative,nextgen_prospective_002,cooperative,0.4834229311191721,0.0009100979579838866
MACE_POLAR_1_L,nextgen_prospective__nextgen_prospective_002__cluster_3water__equilibrium,nextgen_prospective_002,equilibrium,0.4272193013054685,0.008920301724972626
MACE_POLAR_1_L,nextgen_prospective__nextgen_prospective_002__cluster_3water__orientation,nextgen_prospective_002,orientation,0.6585431588294988,0.04445392352341614
MACE_POLAR_1_L,nextgen_prospective__nextgen_prospective_003__cluster_3water__compressed,nextgen_prospective_003,compressed,1.4482176803083917,0.05754140179078713
MACE_POLAR_1_L,nextgen_prospective__nextgen_prospective_003__cluster_3water__cooperative,nextgen_prospective_003,cooperative,0.4852887756476392,0.0019062704499572362
MACE_POLAR_1_L,nextgen_prospective__nextgen_prospective_003__cluster_3water__equilibrium,nextgen_prospective_003,equilibrium,0.4082833215878976,0.007693815814819289
MACE_POLAR_1_L,nextgen_prospective__nextgen_prospective_003__cluster_3water__orientation,nextgen_prospective_003,orientation,0.47108399011895263,0.004662413609742536
MACE_POLAR_1_L,nextgen_prospective__nextgen_prospective_004__cluster_3water__compressed,nextgen_prospective_004,compressed,0.8823235587167393,0.08049363677450362
MACE_POLAR_1_L,nextgen_prospective__nextgen_prospective_004__cluster_3water__cooperative,nextgen_prospective_004,cooperative,0.9955374945868574,0.11178786603316292
MACE_POLAR_1_L,nextgen_prospective__nextgen_prospective_004__cluster_3water__equilibrium,nextgen_prospective_004,equilibrium,0.6887614185925033,0.25087868351913045
MACE_POLAR_1_L,nextgen_prospective__nextgen_prospective_004__cluster_3water__orientation,nextgen_prospective_004,orientation,0.866717084272112,0.2143308134721409
MACE_POLAR_1_L,nextgen_prospective__nextgen_prospective_005__cluster_3water__compressed,nextgen_prospective_005,compressed,0.40892716381815675,0.005916949614266301
MACE_POLAR_1_L,nextgen_prospective__nextgen_prospective_005__cluster_3water__cooperative,nextgen_prospective_005,cooperative,0.4652613607233179,0.00047742021562505654
MACE_POLAR_1_L,nextgen_prospective__nextgen_prospective_005__cluster_3water__equilibrium,nextgen_prospective_005,equilibrium,0.4704653703127639,0.004542598858847796
MACE_POLAR_1_L,nextgen_prospective__nextgen_prospective_005__cluster_3water__orientation,nextgen_prospective_005,orientation,0.8575732520430412,0.005414387674753634
MACE_POLAR_1_L,nextgen_prospective__nextgen_prospective_006__cluster_3water__compressed,nextgen_prospective_006,compressed,0.4952465230349975,0.0012699408679109193
MACE_POLAR_1_L,nextgen_prospective__nextgen_prospective_006__cluster_3water__cooperative,nextgen_prospective_006,cooperative,0.4378346765014042,0.0002662760849763966
MACE_POLAR_1_L,nextgen_prospective__nextgen_prospective_006__cluster_3water__equilibrium,nextgen_prospective_006,equilibrium,0.45768717777593443,0.00390753390782084
MACE_POLAR_1_L,nextgen_prospective__nextgen_prospective_006__cluster_3water__orientation,nextgen_prospective_006,orientation,0.6675029362262415,0.007634384123515434
MACE_POLAR_1_L,nextgen_prospective__nextgen_prospective_007__cluster_3water__compressed,nextgen_prospective_007,compressed,0.5729013900421068,0.004570505852289746
MACE_POLAR_1_L,nextgen_prospective__nextgen_prospective_007__cluster_3water__cooperative,nextgen_prospective_007,cooperative,0.46426836735865795,0.000661305946603419
MACE_POLAR_1_L,nextgen_prospective__nextgen_prospective_007__cluster_3water__equilibrium,nextgen_prospective_007,equilibrium,0.5613502375638669,0.002229674747247837
MACE_POLAR_1_L,nextgen_prospective__nextgen_prospective_007__cluster_3water__orientation,nextgen_prospective_007,orientation,0.7372060940762819,0.0030534130045910667
MACE_POLAR_1_L,nextgen_prospective__nextgen_prospective_008__cluster_3water__compressed,nextgen_prospective_008,compressed,0.44057659333726806,0.001163480557293856
MACE_POLAR_1_L,nextgen_prospective__nextgen_prospective_008__cluster_3water__cooperative,nextgen_prospective_008,cooperative,0.5640822632177874,0.00017249030723001343
MACE_POLAR_1_L,nextgen_prospective__nextgen_prospective_008__cluster_3water__equilibrium,nextgen_prospective_008,equilibrium,0.5627086922319717,0.0021863752603773104
MACE_POLAR_1_L,nextgen_prospective__nextgen_prospective_008__cluster_3water__orientation,nextgen_prospective_008,orientation,0.5679528820804625,0.0045287817626684735
MACE_POLAR_1_L,nextgen_prospective__nextgen_prospective_009__cluster_3water__compressed,nextgen_prospective_009,compressed,0.6300168065426833,0.0030026115488314305
MACE_POLAR_1_L,nextgen_prospective__nextgen_prospective_009__cluster_3water__cooperative,nextgen_prospective_009,cooperative,0.546196779740772,0.001308818855054512
MACE_POLAR_1_L,nextgen_prospective__nextgen_prospective_009__cluster_3water__equilibrium,nextgen_prospective_009,equilibrium,0.5897881096728078,0.026034086761771377
MACE_POLAR_1_L,nextgen_prospective__nextgen_prospective_009__cluster_3water__orientation,nextgen_prospective_009,orientation,0.5321850496934613,0.018247025579589002
MACE_POLAR_1_L,nextgen_prospective__nextgen_prospective_010__cluster_3water__compressed,nextgen_prospective_010,compressed,0.4444726294511196,0.0019362627596772655
MACE_POLAR_1_L,nextgen_prospective__nextgen_prospective_010__cluster_3water__cooperative,nextgen_prospective_010,cooperative,0.5123873237565727,0.0010254042364532072
MACE_POLAR_1_L,nextgen_prospective__nextgen_prospective_010__cluster_3water__equilibrium,nextgen_prospective_010,equilibrium,0.5771034955348502,0.000726004452955312
MACE_POLAR_1_L,nextgen_prospective__nextgen_prospective_010__cluster_3water__orientation,nextgen_prospective_010,orientation,0.4497156939386878,0.010995112840201847
MACE_POLAR_1_L,nextgen_prospective__nextgen_prospective_011__cluster_3water__compressed,nextgen_prospective_011,compressed,0.4802077907056957,0.001129229635609216
MACE_POLAR_1_L,nextgen_prospective__nextgen_prospective_011__cluster_3water__cooperative,nextgen_prospective_011,cooperative,0.5544332888613872,0.0003673982410829384
MACE_POLAR_1_L,nextgen_prospective__nextgen_prospective_011__cluster_3water__equilibrium,nextgen_prospective_011,equilibrium,0.46157432598130316,0.011704425142717398
MACE_POLAR_1_L,nextgen_prospective__nextgen_prospective_011__cluster_3water__orientation,nextgen_prospective_011,orientation,0.39226240419959796,0.0012384960548746532
MACE_POLAR_1_L,nextgen_prospective__nextgen_prospective_012__cluster_3water__compressed,nextgen_prospective_012,compressed,0.41005662200023585,2.732111742147077e-05
MACE_POLAR_1_L,nextgen_prospective__nextgen_prospective_012__cluster_3water__cooperative,nextgen_prospective_012,cooperative,0.48562505995174093,8.377139289624284e-05
MACE_POLAR_1_L,nextgen_prospective__nextgen_prospective_012__cluster_3water__equilibrium,nextgen_prospective_012,equilibrium,0.6909251460036205,0.00048779005346023856
MACE_POLAR_1_L,nextgen_prospective__nextgen_prospective_012__cluster_3water__orientation,nextgen_prospective_012,orientation,0.510288526200437,0.006218424197228907
MACE_POLAR_1_L,nextgen_prospective__nextgen_prospective_013__cluster_3water__compressed,nextgen_prospective_013,compressed,0.4886645731555483,0.0012061823612004462
MACE_POLAR_1_L,nextgen_prospective__nextgen_prospective_013__cluster_3water__cooperative,nextgen_prospective_013,cooperative,0.5503154923979033,0.0008902878820214469
MACE_POLAR_1_L,nextgen_prospective__nextgen_prospective_013__cluster_3water__equilibrium,nextgen_prospective_013,equilibrium,0.7097314823158911,0.009940258639234485
MACE_POLAR_1_L,nextgen_prospective__nextgen_prospective_013__cluster_3water__orientation,nextgen_prospective_013,orientation,0.7754020507934947,0.008204885149114978
MACE_POLAR_1_L,nextgen_prospective__nextgen_prospective_014__cluster_3water__compressed,nextgen_prospective_014,compressed,0.6217293089623279,0.0009785284523394662
MACE_POLAR_1_L,nextgen_prospective__nextgen_prospective_014__cluster_3water__cooperative,nextgen_prospective_014,cooperative,0.5393352034186193,0.0013064210087621625
MACE_POLAR_1_L,nextgen_prospective__nextgen_prospective_014__cluster_3water__equilibrium,nextgen_prospective_014,equilibrium,0.6987875315025102,0.016117526001030915
MACE_POLAR_1_L,nextgen_prospective__nextgen_prospective_014__cluster_3water__orientation,nextgen_prospective_014,orientation,0.5401251372692755,0.006165653161333245
MACE_POLAR_1_L,nextgen_prospective__nextgen_prospective_015__cluster_3water__compressed,nextgen_prospective_015,compressed,0.5435722308556115,0.004873573264133367
MACE_POLAR_1_L,nextgen_prospective__nextgen_prospective_015__cluster_3water__cooperative,nextgen_prospective_015,cooperative,0.5296781746518988,0.00256474386446491
MACE_POLAR_1_L,nextgen_prospective__nextgen_prospective_015__cluster_3water__equilibrium,nextgen_prospective_015,equilibrium,0.4864265402650822,0.015175071857330878
MACE_POLAR_1_L,nextgen_prospective__nextgen_prospective_015__cluster_3water__orientation,nextgen_prospective_015,orientation,0.6098991820738356,0.012986309644490287
MACE_POLAR_1_L,nextgen_prospective__nextgen_prospective_016__cluster_3water__compressed,nextgen_prospective_016,compressed,0.5045499177741073,0.001293558998150802
MACE_POLAR_1_L,nextgen_prospective__nextgen_prospective_016__cluster_3water__cooperative,nextgen_prospective_016,cooperative,0.48728256149233884,0.00117823573385765
MACE_POLAR_1_L,nextgen_prospective__nextgen_prospective_016__cluster_3water__equilibrium,nextgen_prospective_016,equilibrium,0.5912797965184524,0.013173404061835101
MACE_POLAR_1_L,nextgen_prospective__nextgen_prospective_016__cluster_3water__orientation,nextgen_prospective_016,orientation,0.4916826849673357,0.005991114985020332
MACE_POLAR_1_L,nextgen_prospective__nextgen_prospective_017__cluster_3water__compressed,nextgen_prospective_017,compressed,0.6217453645524965,0.00037030561430312776
MACE_POLAR_1_L,nextgen_prospective__nextgen_prospective_017__cluster_3water__cooperative,nextgen_prospective_017,cooperative,0.6414161258669652,0.0026283501214395704
MACE_POLAR_1_L,nextgen_prospective__nextgen_prospective_017__cluster_3water__equilibrium,nextgen_prospective_017,equilibrium,0.49404358813571914,0.003613710917961629
MACE_POLAR_1_L,nextgen_prospective__nextgen_prospective_017__cluster_3water__orientation,nextgen_prospective_017,orientation,0.8280429834683244,0.002425842494138789
MACE_POLAR_1_L,nextgen_prospective__nextgen_prospective_018__cluster_3water__compressed,nextgen_prospective_018,compressed,0.49302224779544235,0.002269316903909836
MACE_POLAR_1_L,nextgen_prospective__nextgen_prospective_018__cluster_3water__cooperative,nextgen_prospective_018,cooperative,0.49179975949863064,0.00216484566147674
MACE_POLAR_1_L,nextgen_prospective__nextgen_prospective_018__cluster_3water__equilibrium,nextgen_prospective_018,equilibrium,0.3969442503368719,0.008438542002144243
MACE_POLAR_1_L,nextgen_prospective__nextgen_prospective_018__cluster_3water__orientation,nextgen_prospective_018,orientation,0.37078230331946216,0.009434052453571833
MACE_POLAR_1_L,nextgen_prospective__nextgen_prospective_019__cluster_3water__compressed,nextgen_prospective_019,compressed,0.4675583875429173,0.010083688932874984
MACE_POLAR_1_L,nextgen_prospective__nextgen_prospective_019__cluster_3water__cooperative,nextgen_prospective_019,cooperative,0.8322193900525952,0.004920825308875832
MACE_POLAR_1_L,nextgen_prospective__nextgen_prospective_019__cluster_3water__equilibrium,nextgen_prospective_019,equilibrium,0.4615841929120722,0.0032541441532676057
MACE_POLAR_1_L,nextgen_prospective__nextgen_prospective_019__cluster_3water__orientation,nextgen_prospective_019,orientation,0.36664346463044395,0.0023075515981589687
MACE_POLAR_1_L,nextgen_prospective__nextgen_prospective_020__cluster_3water__compressed,nextgen_prospective_020,compressed,0.5443477112859668,0.0012123664241885997
MACE_POLAR_1_L,nextgen_prospective__nextgen_prospective_020__cluster_3water__cooperative,nextgen_prospective_020,cooperative,0.6419380798358333,0.007387092351813389
MACE_POLAR_1_L,nextgen_prospective__nextgen_prospective_020__cluster_3water__equilibrium,nextgen_prospective_020,equilibrium,0.6054101342836427,0.0013477286880546528
MACE_POLAR_1_L,nextgen_prospective__nextgen_prospective_020__cluster_3water__orientation,nextgen_prospective_020,orientation,0.5653145873643212,0.004489321069150073
MACE_POLAR_1_L,nextgen_prospective__nextgen_prospective_021__cluster_3water__compressed,nextgen_prospective_021,compressed,0.5706210152160273,0.0029742659486208935
MACE_POLAR_1_L,nextgen_prospective__nextgen_prospective_021__cluster_3water__cooperative,nextgen_prospective_021,cooperative,0.7015859292266323,0.002814954664047275
MACE_POLAR_1_L,nextgen_prospective__nextgen_prospective_021__cluster_3water__equilibrium,nextgen_prospective_021,equilibrium,0.3953313558299968,0.003101767155035108
MACE_POLAR_1_L,nextgen_prospective__nextgen_prospective_021__cluster_3water__orientation,nextgen_prospective_021,orientation,0.6721710917398653,0.010033388243028088
MACE_POLAR_1_L,nextgen_prospective__nextgen_prospective_022__cluster_3water__compressed,nextgen_prospective_022,compressed,0.8852296247862809,0.018779171446220832
MACE_POLAR_1_L,nextgen_prospective__nextgen_prospective_022__cluster_3water__cooperative,nextgen_prospective_022,cooperative,0.5573344965822163,0.006822422530890233
MACE_POLAR_1_L,nextgen_prospective__nextgen_prospective_022__cluster_3water__equilibrium,nextgen_prospective_022,equilibrium,0.9438645904079068,0.009282468496719947
MACE_POLAR_1_L,nextgen_prospective__nextgen_prospective_022__cluster_3water__orientation,nextgen_prospective_022,orientation,0.7017881102189263,0.005965815502197768
MACE_POLAR_1_L,nextgen_prospective__nextgen_prospective_023__cluster_3water__compressed,nextgen_prospective_023,compressed,0.4669729698097423,0.0005130242532365123
MACE_POLAR_1_L,nextgen_prospective__nextgen_prospective_023__cluster_3water__cooperative,nextgen_prospective_023,cooperative,0.39963629944983603,0.0014364815901397243
MACE_POLAR_1_L,nextgen_prospective__nextgen_prospective_023__cluster_3water__equilibrium,nextgen_prospective_023,equilibrium,0.7598567357631303,0.002367842484360881
MACE_POLAR_1_L,nextgen_prospective__nextgen_prospective_023__cluster_3water__orientation,nextgen_prospective_023,orientation,0.6461505714045593,0.004980115757756215
MACE_POLAR_1_L,nextgen_prospective__nextgen_prospective_024__cluster_3water__compressed,nextgen_prospective_024,compressed,0.3955328829472605,0.0018624979170966532
MACE_POLAR_1_L,nextgen_prospective__nextgen_prospective_024__cluster_3water__cooperative,nextgen_prospective_024,cooperative,0.5422343643296473,0.0008381870538794698
MACE_POLAR_1_L,nextgen_prospective__nextgen_prospective_024__cluster_3water__equilibrium,nextgen_prospective_024,equilibrium,0.4764824802881673,0.017984326238226437
MACE_POLAR_1_L,nextgen_prospective__nextgen_prospective_024__cluster_3water__orientation,nextgen_prospective_024,orientation,0.4632374343331619,0.015962674342460337
AIMNet2,nextgen_prospective__nextgen_prospective_001__cluster_3water__compressed,nextgen_prospective_001,compressed,0.9700597201105724,0.06807070271096523
AIMNet2,nextgen_prospective__nextgen_prospective_001__cluster_3water__cooperative,nextgen_prospective_001,cooperative,0.7100635088324201,0.24733834992361295
AIMNet2,nextgen_prospective__nextgen_prospective_001__cluster_3water__equilibrium,nextgen_prospective_001,equilibrium,0.5806602383032596,0.03731989555638521
AIMNet2,nextgen_prospective__nextgen_prospective_001__cluster_3water__orientation,nextgen_prospective_001,orientation,1.248000556226377,0.1615086738461788
AIMNet2,nextgen_prospective__nextgen_prospective_002__cluster_3water__compressed,nextgen_prospective_002,compressed,0.5378505879315552,0.08849928314120549
AIMNet2,nextgen_prospective__nextgen_prospective_002__cluster_3water__cooperative,nextgen_prospective_002,cooperative,0.6539163577260506,0.11358340529407351
AIMNet2,nextgen_prospective__nextgen_prospective_002__cluster_3water__equilibrium,nextgen_prospective_002,equilibrium,0.6740357493818617,0.04313266477730109
AIMNet2,nextgen_prospective__nextgen_prospective_002__cluster_3water__orientation,nextgen_prospective_002,orientation,1.175505194263932,0.1381450870442558
AIMNet2,nextgen_prospective__nextgen_prospective_003__cluster_3water__compressed,nextgen_prospective_003,compressed,1.1849934731490377,0.019183126372691497
AIMNet2,nextgen_prospective__nextgen_prospective_003__cluster_3water__cooperative,nextgen_prospective_003,cooperative,0.5951128139625215,0.13313290855603507
AIMNet2,nextgen_prospective__nextgen_prospective_003__cluster_3water__equilibrium,nextgen_prospective_003,equilibrium,0.6870802863502536,0.15974462899575245
AIMNet2,nextgen_prospective__nextgen_prospective_003__cluster_3water__orientation,nextgen_prospective_003,orientation,0.6580082587560586,0.09839386646940877
AIMNet2,nextgen_prospective__nextgen_prospective_004__cluster_3water__compressed,nextgen_prospective_004,compressed,0.9517433902273177,0.1527724885876198
AIMNet2,nextgen_prospective__nextgen_prospective_004__cluster_3water__cooperative,nextgen_prospective_004,cooperative,1.0694541366267285,0.26829466361105064
AIMNet2,nextgen_prospective__nextgen_prospective_004__cluster_3water__equilibrium,nextgen_prospective_004,equilibrium,0.6340938678894862,0.08699207985678675
AIMNet2,nextgen_prospective__nextgen_prospective_004__cluster_3water__orientation,nextgen_prospective_004,orientation,0.7727822965229605,0.030523584005078725
AIMNet2,nextgen_prospective__nextgen_prospective_005__cluster_3water__compressed,nextgen_prospective_005,compressed,1.1738560330029064,0.6454075411200145
AIMNet2,nextgen_prospective__nextgen_prospective_005__cluster_3water__cooperative,nextgen_prospective_005,cooperative,1.6663816646823864,0.6273892975463473
AIMNet2,nextgen_prospective__nextgen_prospective_005__cluster_3water__equilibrium,nextgen_prospective_005,equilibrium,0.8906815383238896,0.010207298712995501
AIMNet2,nextgen_prospective__nextgen_prospective_005__cluster_3water__orientation,nextgen_prospective_005,orientation,1.1193281323947428,0.04031218320916447
AIMNet2,nextgen_prospective__nextgen_prospective_006__cluster_3water__compressed,nextgen_prospective_006,compressed,0.8203339191164637,0.07588418710958893
AIMNet2,nextgen_prospective__nextgen_prospective_006__cluster_3water__cooperative,nextgen_prospective_006,cooperative,0.6482490940711778,0.10063557952762174
AIMNet2,nextgen_prospective__nextgen_prospective_006__cluster_3water__equilibrium,nextgen_prospective_006,equilibrium,0.8322739080047782,0.01063231609574399
AIMNet2,nextgen_prospective__nextgen_prospective_006__cluster_3water__orientation,nextgen_prospective_006,orientation,1.1603931001528152,0.02782803005792342
AIMNet2,nextgen_prospective__nextgen_prospective_007__cluster_3water__compressed,nextgen_prospective_007,compressed,1.3464771291188724,0.016503238427484263
AIMNet2,nextgen_prospective__nextgen_prospective_007__cluster_3water__cooperative,nextgen_prospective_007,cooperative,0.721542733894498,0.025567368922784817
AIMNet2,nextgen_prospective__nextgen_prospective_007__cluster_3water__equilibrium,nextgen_prospective_007,equilibrium,0.8008920566374594,0.012707287670075224
AIMNet2,nextgen_prospective__nextgen_prospective_007__cluster_3water__orientation,nextgen_prospective_007,orientation,1.0643785696815584,0.009006988997370334
AIMNet2,nextgen_prospective__nextgen_prospective_008__cluster_3water__compressed,nextgen_prospective_008,compressed,0.4633830366875363,0.03296322580627844
AIMNet2,nextgen_prospective__nextgen_prospective_008__cluster_3water__cooperative,nextgen_prospective_008,cooperative,1.079630584273861,0.17267121249365733
AIMNet2,nextgen_prospective__nextgen_prospective_008__cluster_3water__equilibrium,nextgen_prospective_008,equilibrium,0.9697034172902503,0.027981694035273137
AIMNet2,nextgen_prospective__nextgen_prospective_008__cluster_3water__orientation,nextgen_prospective_008,orientation,1.005716156972881,0.07443777732129492
AIMNet2,nextgen_prospective__nextgen_prospective_009__cluster_3water__compressed,nextgen_prospective_009,compressed,0.4452082017035728,0.007448684518742982
AIMNet2,nextgen_prospective__nextgen_prospective_009__cluster_3water__cooperative,nextgen_prospective_009,cooperative,0.5480869776614841,0.0065866279650458005
AIMNet2,nextgen_prospective__nextgen_prospective_009__cluster_3water__equilibrium,nextgen_prospective_009,equilibrium,0.6011464403624838,0.019214647724746958
AIMNet2,nextgen_prospective__nextgen_prospective_009__cluster_3water__orientation,nextgen_prospective_009,orientation,0.7756205604149481,0.0092775942172868
AIMNet2,nextgen_prospective__nextgen_prospective_010__cluster_3water__compressed,nextgen_prospective_010,compressed,0.42814703365604395,0.08117288497396012
AIMNet2,nextgen_prospective__nextgen_prospective_010__cluster_3water__cooperative,nextgen_prospective_010,cooperative,0.578722045024364,0.007112203485151566
AIMNet2,nextgen_prospective__nextgen_prospective_010__cluster_3water__equilibrium,nextgen_prospective_010,equilibrium,0.6345512165498512,0.03821845958741318
AIMNet2,nextgen_prospective__nextgen_prospective_010__cluster_3water__orientation,nextgen_prospective_010,orientation,0.4205974649526501,0.022625498738944472
AIMNet2,nextgen_prospective__nextgen_prospective_011__cluster_3water__compressed,nextgen_prospective_011,compressed,0.9804413457378578,0.015759438486346148
AIMNet2,nextgen_prospective__nextgen_prospective_011__cluster_3water__cooperative,nextgen_prospective_011,cooperative,0.7783109517446194,0.03551403852926644
AIMNet2,nextgen_prospective__nextgen_prospective_011__cluster_3water__equilibrium,nextgen_prospective_011,equilibrium,0.9611189583455799,0.09597995838837244
AIMNet2,nextgen_prospective__nextgen_prospective_011__cluster_3water__orientation,nextgen_prospective_011,orientation,0.6880768798300069,0.0935154674707052
AIMNet2,nextgen_prospective__nextgen_prospective_012__cluster_3water__compressed,nextgen_prospective_012,compressed,0.8364538205203651,0.12580825190550507
AIMNet2,nextgen_prospective__nextgen_prospective_012__cluster_3water__cooperative,nextgen_prospective_012,cooperative,1.095646844306267,0.24389365066552857
AIMNet2,nextgen_prospective__nextgen_prospective_012__cluster_3water__equilibrium,nextgen_prospective_012,equilibrium,1.607869747632426,0.03357242845704572
AIMNet2,nextgen_prospective__nextgen_prospective_012__cluster_3water__orientation,nextgen_prospective_012,orientation,1.070437549794629,0.022947564795347736
AIMNet2,nextgen_prospective__nextgen_prospective_013__cluster_3water__compressed,nextgen_prospective_013,compressed,0.6072690822446524,0.059022574580326496
AIMNet2,nextgen_prospective__nextgen_prospective_013__cluster_3water__cooperative,nextgen_prospective_013,cooperative,0.8197565339928141,0.12176832103835843
AIMNet2,nextgen_prospective__nextgen_prospective_013__cluster_3water__equilibrium,nextgen_prospective_013,equilibrium,0.6247956361198216,0.01001873034675511
AIMNet2,nextgen_prospective__nextgen_prospective_013__cluster_3water__orientation,nextgen_prospective_013,orientation,0.6601856704261021,0.0023135847976402933
AIMNet2,nextgen_prospective__nextgen_prospective_014__cluster_3water__compressed,nextgen_prospective_014,compressed,1.4821224490980582,0.5583585789400022
AIMNet2,nextgen_prospective__nextgen_prospective_014__cluster_3water__cooperative,nextgen_prospective_014,cooperative,1.3058247704217678,0.47609970587098166
AIMNet2,nextgen_prospective__nextgen_prospective_014__cluster_3water__equilibrium,nextgen_prospective_014,equilibrium,1.0031354596481588,0.06048431024816578
AIMNet2,nextgen_prospective__nextgen_prospective_014__cluster_3water__orientation,nextgen_prospective_014,orientation,0.9234035002785451,0.016912074996480637
AIMNet2,nextgen_prospective__nextgen_prospective_015__cluster_3water__compressed,nextgen_prospective_015,compressed,0.6645734219735026,0.033608813853403426
AIMNet2,nextgen_prospective__nextgen_prospective_015__cluster_3water__cooperative,nextgen_prospective_015,cooperative,0.9805326655413884,0.3871722062003711
AIMNet2,nextgen_prospective__nextgen_prospective_015__cluster_3water__equilibrium,nextgen_prospective_015,equilibrium,0.6248236115852307,0.0287834292714881
AIMNet2,nextgen_prospective__nextgen_prospective_015__cluster_3water__orientation,nextgen_prospective_015,orientation,0.7301024518972217,0.024481221529588
AIMNet2,nextgen_prospective__nextgen_prospective_016__cluster_3water__compressed,nextgen_prospective_016,compressed,0.8101786465240273,0.11948113971210712
AIMNet2,nextgen_prospective__nextgen_prospective_016__cluster_3water__cooperative,nextgen_prospective_016,cooperative,0.9208201431800896,0.02751096759987534
AIMNet2,nextgen_prospective__nextgen_prospective_016__cluster_3water__equilibrium,nextgen_prospective_016,equilibrium,0.8955608555455101,0.04392475023380845
AIMNet2,nextgen_prospective__nextgen_prospective_016__cluster_3water__orientation,nextgen_prospective_016,orientation,0.6779622947452373,0.010539773871075136
AIMNet2,nextgen_prospective__nextgen_prospective_017__cluster_3water__compressed,nextgen_prospective_017,compressed,0.656707565295626,0.022375077644841146
AIMNet2,nextgen_prospective__nextgen_prospective_017__cluster_3water__cooperative,nextgen_prospective_017,cooperative,0.5863348510860263,0.02475897924009257
AIMNet2,nextgen_prospective__nextgen_prospective_017__cluster_3water__equilibrium,nextgen_prospective_017,equilibrium,0.8667882155193923,0.024645367460227094
AIMNet2,nextgen_prospective__nextgen_prospective_017__cluster_3water__orientation,nextgen_prospective_017,orientation,1.0411154595878644,0.005690655326342911
AIMNet2,nextgen_prospective__nextgen_prospective_018__cluster_3water__compressed,nextgen_prospective_018,compressed,0.606925731375242,0.18524585955573883
AIMNet2,nextgen_prospective__nextgen_prospective_018__cluster_3water__cooperative,nextgen_prospective_018,cooperative,0.7801671470739189,0.08889533086482565
AIMNet2,nextgen_prospective__nextgen_prospective_018__cluster_3water__equilibrium,nextgen_prospective_018,equilibrium,0.5189975971880739,0.025920229874694004
AIMNet2,nextgen_prospective__nextgen_prospective_018__cluster_3water__orientation,nextgen_prospective_018,orientation,0.5591421773209754,0.023440901460480505
AIMNet2,nextgen_prospective__nextgen_prospective_019__cluster_3water__compressed,nextgen_prospective_019,compressed,0.8691823746093943,0.09215729058357341
AIMNet2,nextgen_prospective__nextgen_prospective_019__cluster_3water__cooperative,nextgen_prospective_019,cooperative,1.1404845134825383,0.0037638415177007477
AIMNet2,nextgen_prospective__nextgen_prospective_019__cluster_3water__equilibrium,nextgen_prospective_019,equilibrium,0.5138409416713804,0.012181902277537933
AIMNet2,nextgen_prospective__nextgen_prospective_019__cluster_3water__orientation,nextgen_prospective_019,orientation,0.4307754654233201,0.010050538121882282
AIMNet2,nextgen_prospective__nextgen_prospective_020__cluster_3water__compressed,nextgen_prospective_020,compressed,0.6159176938333623,0.013648521036373882
AIMNet2,nextgen_prospective__nextgen_prospective_020__cluster_3water__cooperative,nextgen_prospective_020,cooperative,0.8259970179733875,0.04157936381198234
AIMNet2,nextgen_prospective__nextgen_prospective_020__cluster_3water__equilibrium,nextgen_prospective_020,equilibrium,0.659443217203494,0.009483661963071406
AIMNet2,nextgen_prospective__nextgen_prospective_020__cluster_3water__orientation,nextgen_prospective_020,orientation,0.8335950619506999,0.03430339969913062
AIMNet2,nextgen_prospective__nextgen_prospective_021__cluster_3water__compressed,nextgen_prospective_021,compressed,0.6907232503997686,0.00558625167062258
AIMNet2,nextgen_prospective__nextgen_prospective_021__cluster_3water__cooperative,nextgen_prospective_021,cooperative,1.074017634769828,0.017165020556005568
AIMNet2,nextgen_prospective__nextgen_prospective_021__cluster_3water__equilibrium,nextgen_prospective_021,equilibrium,0.4047272078927132,0.02481350720175686
AIMNet2,nextgen_prospective__nextgen_prospective_021__cluster_3water__orientation,nextgen_prospective_021,orientation,0.9145487415792362,0.04718733727873228
AIMNet2,nextgen_prospective__nextgen_prospective_022__cluster_3water__compressed,nextgen_prospective_022,compressed,2.0820204162668823,0.48318997820965204
AIMNet2,nextgen_prospective__nextgen_prospective_022__cluster_3water__cooperative,nextgen_prospective_022,cooperative,0.6827668028083119,0.15217821048203875
AIMNet2,nextgen_prospective__nextgen_prospective_022__cluster_3water__equilibrium,nextgen_prospective_022,equilibrium,1.626210367359593,0.08314992511276988
AIMNet2,nextgen_prospective__nextgen_prospective_022__cluster_3water__orientation,nextgen_prospective_022,orientation,0.9349548055419832,0.03013818932491542
AIMNet2,nextgen_prospective__nextgen_prospective_023__cluster_3water__compressed,nextgen_prospective_023,compressed,0.680708237526994,0.02232531652203164
AIMNet2,nextgen_prospective__nextgen_prospective_023__cluster_3water__cooperative,nextgen_prospective_023,cooperative,0.6851448237317521,0.08268714449782205
AIMNet2,nextgen_prospective__nextgen_prospective_023__cluster_3water__equilibrium,nextgen_prospective_023,equilibrium,0.9560073619555296,0.012532691373603752
AIMNet2,nextgen_prospective__nextgen_prospective_023__cluster_3water__orientation,nextgen_prospective_023,orientation,0.6833773771744183,0.01482756099699001
AIMNet2,nextgen_prospective__nextgen_prospective_024__cluster_3water__compressed,nextgen_prospective_024,compressed,0.6316066191309353,0.12769008022209338
AIMNet2,nextgen_prospective__nextgen_prospective_024__cluster_3water__cooperative,nextgen_prospective_024,cooperative,0.7046182887037481,0.04683879736657182
AIMNet2,nextgen_prospective__nextgen_prospective_024__cluster_3water__equilibrium,nextgen_prospective_024,equilibrium,0.7787964409888749,0.10570095454455071
AIMNet2,nextgen_prospective__nextgen_prospective_024__cluster_3water__orientation,nextgen_prospective_024,orientation,0.8444961916396011,0.15996558652937756
GFN2_xTB,nextgen_prospective__nextgen_prospective_001__cluster_3water__compressed,nextgen_prospective_001,compressed,,2.7209017057587173
GFN2_xTB,nextgen_prospective__nextgen_prospective_001__cluster_3water__cooperative,nextgen_prospective_001,cooperative,,0.04522194427891827
GFN2_xTB,nextgen_prospective__nextgen_prospective_001__cluster_3water__equilibrium,nextgen_prospective_001,equilibrium,,0.01882889531790168
GFN2_xTB,nextgen_prospective__nextgen_prospective_001__cluster_3water__orientation,nextgen_prospective_001,orientation,,0.011238500505065493
GFN2_xTB,nextgen_prospective__nextgen_prospective_002__cluster_3water__compressed,nextgen_prospective_002,compressed,,0.018606233426803304
GFN2_xTB,nextgen_prospective__nextgen_prospective_002__cluster_3water__cooperative,nextgen_prospective_002,cooperative,,0.008356878199802272
GFN2_xTB,nextgen_prospective__nextgen_prospective_002__cluster_3water__equilibrium,nextgen_prospective_002,equilibrium,,0.044440190012434065
GFN2_xTB,nextgen_prospective__nextgen_prospective_002__cluster_3water__orientation,nextgen_prospective_002,orientation,,0.11891557380460811
GFN2_xTB,nextgen_prospective__nextgen_prospective_003__cluster_3water__compressed,nextgen_prospective_003,compressed,,2.1944216362023536
GFN2_xTB,nextgen_prospective__nextgen_prospective_003__cluster_3water__cooperative,nextgen_prospective_003,cooperative,,0.0021625479176649517
GFN2_xTB,nextgen_prospective__nextgen_prospective_003__cluster_3water__equilibrium,nextgen_prospective_003,equilibrium,,0.04229300005373025
GFN2_xTB,nextgen_prospective__nextgen_prospective_003__cluster_3water__orientation,nextgen_prospective_003,orientation,,0.20088391589134036
GFN2_xTB,nextgen_prospective__nextgen_prospective_004__cluster_3water__compressed,nextgen_prospective_004,compressed,,2.708343158399335
GFN2_xTB,nextgen_prospective__nextgen_prospective_004__cluster_3water__cooperative,nextgen_prospective_004,cooperative,,0.10775747662588159
GFN2_xTB,nextgen_prospective__nextgen_prospective_004__cluster_3water__equilibrium,nextgen_prospective_004,equilibrium,,1.296805609983832
GFN2_xTB,nextgen_prospective__nextgen_prospective_004__cluster_3water__orientation,nextgen_prospective_004,orientation,,0.388131253000308
GFN2_xTB,nextgen_prospective__nextgen_prospective_005__cluster_3water__compressed,nextgen_prospective_005,compressed,,0.06456816079667503
GFN2_xTB,nextgen_prospective__nextgen_prospective_005__cluster_3water__cooperative,nextgen_prospective_005,cooperative,,0.0447557818353845
GFN2_xTB,nextgen_prospective__nextgen_prospective_005__cluster_3water__equilibrium,nextgen_prospective_005,equilibrium,,0.026666279953294795
GFN2_xTB,nextgen_prospective__nextgen_prospective_005__cluster_3water__orientation,nextgen_prospective_005,orientation,,0.0037729528160517414
GFN2_xTB,nextgen_prospective__nextgen_prospective_006__cluster_3water__compressed,nextgen_prospective_006,compressed,,0.023034504346247806
GFN2_xTB,nextgen_prospective__nextgen_prospective_006__cluster_3water__cooperative,nextgen_prospective_006,cooperative,,0.0914695120276972
GFN2_xTB,nextgen_prospective__nextgen_prospective_006__cluster_3water__equilibrium,nextgen_prospective_006,equilibrium,,0.01744261825139991
GFN2_xTB,nextgen_prospective__nextgen_prospective_006__cluster_3water__orientation,nextgen_prospective_006,orientation,,0.011536561978652752
GFN2_xTB,nextgen_prospective__nextgen_prospective_007__cluster_3water__compressed,nextgen_prospective_007,compressed,,0.028382840632672712
GFN2_xTB,nextgen_prospective__nextgen_prospective_007__cluster_3water__cooperative,nextgen_prospective_007,cooperative,,0.011254070436830403
GFN2_xTB,nextgen_prospective__nextgen_prospective_007__cluster_3water__equilibrium,nextgen_prospective_007,equilibrium,,0.01455297111586138
GFN2_xTB,nextgen_prospective__nextgen_prospective_007__cluster_3water__orientation,nextgen_prospective_007,orientation,,0.023828669104016154
GFN2_xTB,nextgen_prospective__nextgen_prospective_008__cluster_3water__compressed,nextgen_prospective_008,compressed,,0.19137291119345431
GFN2_xTB,nextgen_prospective__nextgen_prospective_008__cluster_3water__cooperative,nextgen_prospective_008,cooperative,,0.013741438650412975
GFN2_xTB,nextgen_prospective__nextgen_prospective_008__cluster_3water__equilibrium,nextgen_prospective_008,equilibrium,,0.019920340209158827
GFN2_xTB,nextgen_prospective__nextgen_prospective_008__cluster_3water__orientation,nextgen_prospective_008,orientation,,0.010907379933411482
GFN2_xTB,nextgen_prospective__nextgen_prospective_009__cluster_3water__compressed,nextgen_prospective_009,compressed,,0.03390232593211209
GFN2_xTB,nextgen_prospective__nextgen_prospective_009__cluster_3water__cooperative,nextgen_prospective_009,cooperative,,0.03181819003340738
GFN2_xTB,nextgen_prospective__nextgen_prospective_009__cluster_3water__equilibrium,nextgen_prospective_009,equilibrium,,0.06542540831952938
GFN2_xTB,nextgen_prospective__nextgen_prospective_009__cluster_3water__orientation,nextgen_prospective_009,orientation,,0.10043755688735145
GFN2_xTB,nextgen_prospective__nextgen_prospective_010__cluster_3water__compressed,nextgen_prospective_010,compressed,,0.04691371430913933
GFN2_xTB,nextgen_prospective__nextgen_prospective_010__cluster_3water__cooperative,nextgen_prospective_010,cooperative,,0.021748552470485284
GFN2_xTB,nextgen_prospective__nextgen_prospective_010__cluster_3water__equilibrium,nextgen_prospective_010,equilibrium,,0.006210441048167376
GFN2_xTB,nextgen_prospective__nextgen_prospective_010__cluster_3water__orientation,nextgen_prospective_010,orientation,,0.014234213040915265
GFN2_xTB,nextgen_prospective__nextgen_prospective_011__cluster_3water__compressed,nextgen_prospective_011,compressed,,0.025687595631082572
GFN2_xTB,nextgen_prospective__nextgen_prospective_011__cluster_3water__cooperative,nextgen_prospective_011,cooperative,,0.024890770214873615
GFN2_xTB,nextgen_prospective__nextgen_prospective_011__cluster_3water__equilibrium,nextgen_prospective_011,equilibrium,,0.14632571675096406
GFN2_xTB,nextgen_prospective__nextgen_prospective_011__cluster_3water__orientation,nextgen_prospective_011,orientation,,0.21480792396138584
GFN2_xTB,nextgen_prospective__nextgen_prospective_012__cluster_3water__compressed,nextgen_prospective_012,compressed,,0.04133512997609743
GFN2_xTB,nextgen_prospective__nextgen_prospective_012__cluster_3water__cooperative,nextgen_prospective_012,cooperative,,0.021102757121110687
GFN2_xTB,nextgen_prospective__nextgen_prospective_012__cluster_3water__equilibrium,nextgen_prospective_012,equilibrium,,0.04021754948901066
GFN2_xTB,nextgen_prospective__nextgen_prospective_012__cluster_3water__orientation,nextgen_prospective_012,orientation,,0.03932289463700833
GFN2_xTB,nextgen_prospective__nextgen_prospective_013__cluster_3water__compressed,nextgen_prospective_013,compressed,,0.03682200131826458
GFN2_xTB,nextgen_prospective__nextgen_prospective_013__cluster_3water__cooperative,nextgen_prospective_013,cooperative,,0.017566826524879297
GFN2_xTB,nextgen_prospective__nextgen_prospective_013__cluster_3water__equilibrium,nextgen_prospective_013,equilibrium,,0.016189155413551874
GFN2_xTB,nextgen_prospective__nextgen_prospective_013__cluster_3water__orientation,nextgen_prospective_013,orientation,,0.0022202503180332564
GFN2_xTB,nextgen_prospective__nextgen_prospective_014__cluster_3water__compressed,nextgen_prospective_014,compressed,,0.01822325255775661
GFN2_xTB,nextgen_prospective__nextgen_prospective_014__cluster_3water__cooperative,nextgen_prospective_014,cooperative,,0.006041402619231941
GFN2_xTB,nextgen_prospective__nextgen_prospective_014__cluster_3water__equilibrium,nextgen_prospective_014,equilibrium,,0.04924419505960801
GFN2_xTB,nextgen_prospective__nextgen_prospective_014__cluster_3water__orientation,nextgen_prospective_014,orientation,,0.03079290006407086
GFN2_xTB,nextgen_prospective__nextgen_prospective_015__cluster_3water__compressed,nextgen_prospective_015,compressed,,0.023697275698157255
GFN2_xTB,nextgen_prospective__nextgen_prospective_015__cluster_3water__cooperative,nextgen_prospective_015,cooperative,,0.006066705252471503
GFN2_xTB,nextgen_prospective__nextgen_prospective_015__cluster_3water__equilibrium,nextgen_prospective_015,equilibrium,,0.06826202915701136
GFN2_xTB,nextgen_prospective__nextgen_prospective_015__cluster_3water__orientation,nextgen_prospective_015,orientation,,0.001107213395226251
GFN2_xTB,nextgen_prospective__nextgen_prospective_016__cluster_3water__compressed,nextgen_prospective_016,compressed,,0.02023455546750508
GFN2_xTB,nextgen_prospective__nextgen_prospective_016__cluster_3water__cooperative,nextgen_prospective_016,cooperative,,0.0923280653308794
GFN2_xTB,nextgen_prospective__nextgen_prospective_016__cluster_3water__equilibrium,nextgen_prospective_016,equilibrium,,0.10262656205547104
GFN2_xTB,nextgen_prospective__nextgen_prospective_016__cluster_3water__orientation,nextgen_prospective_016,orientation,,0.0903853676395434
GFN2_xTB,nextgen_prospective__nextgen_prospective_017__cluster_3water__compressed,nextgen_prospective_017,compressed,,0.007002094971962822
GFN2_xTB,nextgen_prospective__nextgen_prospective_017__cluster_3water__cooperative,nextgen_prospective_017,cooperative,,0.06469948608856967
GFN2_xTB,nextgen_prospective__nextgen_prospective_017__cluster_3water__equilibrium,nextgen_prospective_017,equilibrium,,0.013905605185695766
GFN2_xTB,nextgen_prospective__nextgen_prospective_017__cluster_3water__orientation,nextgen_prospective_017,orientation,,0.04871863687387506
GFN2_xTB,nextgen_prospective__nextgen_prospective_018__cluster_3water__compressed,nextgen_prospective_018,compressed,,0.20695197516286287
GFN2_xTB,nextgen_prospective__nextgen_prospective_018__cluster_3water__cooperative,nextgen_prospective_018,cooperative,,0.008639830062852776
GFN2_xTB,nextgen_prospective__nextgen_prospective_018__cluster_3water__equilibrium,nextgen_prospective_018,equilibrium,,0.0057848047998133485
GFN2_xTB,nextgen_prospective__nextgen_prospective_018__cluster_3water__orientation,nextgen_prospective_018,orientation,,0.018895213703857633
GFN2_xTB,nextgen_prospective__nextgen_prospective_019__cluster_3water__compressed,nextgen_prospective_019,compressed,,1.2247940793231307
GFN2_xTB,nextgen_prospective__nextgen_prospective_019__cluster_3water__cooperative,nextgen_prospective_019,cooperative,,0.13361398216971535
GFN2_xTB,nextgen_prospective__nextgen_prospective_019__cluster_3water__equilibrium,nextgen_prospective_019,equilibrium,,0.028431064965792684
GFN2_xTB,nextgen_prospective__nextgen_prospective_019__cluster_3water__orientation,nextgen_prospective_019,orientation,,0.02651345073870803
GFN2_xTB,nextgen_prospective__nextgen_prospective_020__cluster_3water__compressed,nextgen_prospective_020,compressed,,0.015720622006233614
GFN2_xTB,nextgen_prospective__nextgen_prospective_020__cluster_3water__cooperative,nextgen_prospective_020,cooperative,,0.24128698465671386
GFN2_xTB,nextgen_prospective__nextgen_prospective_020__cluster_3water__equilibrium,nextgen_prospective_020,equilibrium,,0.0027079288828966495
GFN2_xTB,nextgen_prospective__nextgen_prospective_020__cluster_3water__orientation,nextgen_prospective_020,orientation,,0.011999361592853123
GFN2_xTB,nextgen_prospective__nextgen_prospective_021__cluster_3water__compressed,nextgen_prospective_021,compressed,,0.043903139478515076
GFN2_xTB,nextgen_prospective__nextgen_prospective_021__cluster_3water__cooperative,nextgen_prospective_021,cooperative,,0.0920243377364674
GFN2_xTB,nextgen_prospective__nextgen_prospective_021__cluster_3water__equilibrium,nextgen_prospective_021,equilibrium,,0.08404116776352555
GFN2_xTB,nextgen_prospective__nextgen_prospective_021__cluster_3water__orientation,nextgen_prospective_021,orientation,,0.010142127019866389
GFN2_xTB,nextgen_prospective__nextgen_prospective_022__cluster_3water__compressed,nextgen_prospective_022,compressed,,0.37358191630862664
GFN2_xTB,nextgen_prospective__nextgen_prospective_022__cluster_3water__cooperative,nextgen_prospective_022,cooperative,,0.003363100226287359
GFN2_xTB,nextgen_prospective__nextgen_prospective_022__cluster_3water__equilibrium,nextgen_prospective_022,equilibrium,,0.0065128928928591375
GFN2_xTB,nextgen_prospective__nextgen_prospective_022__cluster_3water__orientation,nextgen_prospective_022,orientation,,0.024128626414083528
GFN2_xTB,nextgen_prospective__nextgen_prospective_023__cluster_3water__compressed,nextgen_prospective_023,compressed,,0.02065172802030367
GFN2_xTB,nextgen_prospective__nextgen_prospective_023__cluster_3water__cooperative,nextgen_prospective_023,cooperative,,0.02043702605165582
GFN2_xTB,nextgen_prospective__nextgen_prospective_023__cluster_3water__equilibrium,nextgen_prospective_023,equilibrium,,0.0011317923959572424
GFN2_xTB,nextgen_prospective__nextgen_prospective_023__cluster_3water__orientation,nextgen_prospective_023,orientation,,0.016760083066723743
GFN2_xTB,nextgen_prospective__nextgen_prospective_024__cluster_3water__compressed,nextgen_prospective_024,compressed,,0.026274736955472167
GFN2_xTB,nextgen_prospective__nextgen_prospective_024__cluster_3water__cooperative,nextgen_prospective_024,cooperative,,0.08409931192854991
GFN2_xTB,nextgen_prospective__nextgen_prospective_024__cluster_3water__equilibrium,nextgen_prospective_024,equilibrium,,0.02787126469466857
GFN2_xTB,nextgen_prospective__nextgen_prospective_024__cluster_3water__orientation,nextgen_prospective_024,orientation,,0.018916003764878443
