method,method_label,config_id,molecule_id,regime,esp_nrmse,dipole_mse_D2,dipole_vector_error_D
glider,GLIDER,canonical_p3__mobley_1278715__cluster_3water__compressed,mobley_1278715,compressed,1.055444348250671,0.0159006437682851,0.21840771805239692
glider,GLIDER,canonical_p3__mobley_1278715__cluster_3water__cooperative,mobley_1278715,cooperative,0.9252421832200992,0.020771237077976627,0.2496271444253006
glider,GLIDER,canonical_p3__mobley_1278715__cluster_3water__equilibrium,mobley_1278715,equilibrium,0.2561183669101061,0.006924631216541113,0.14413151511596392
glider,GLIDER,canonical_p3__mobley_1278715__cluster_3water__orientation,mobley_1278715,orientation,0.6369407319080298,0.05792797501889396,0.41687399182088813
glider,GLIDER,canonical_p3__mobley_1352110__cluster_3water__compressed,mobley_1352110,compressed,0.1775133496636694,0.006859256768918083,0.14344953923507126
glider,GLIDER,canonical_p3__mobley_1352110__cluster_3water__cooperative,mobley_1352110,cooperative,0.21492112895514337,0.00014856648480607903,0.02111159525990959
glider,GLIDER,canonical_p3__mobley_1352110__cluster_3water__equilibrium,mobley_1352110,equilibrium,0.2975968525647909,0.007148818097162775,0.14644607980921961
glider,GLIDER,canonical_p3__mobley_1352110__cluster_3water__orientation,mobley_1352110,orientation,0.297561708395747,0.0038758936216506615,0.10783172476109239
glider,GLIDER,canonical_p3__mobley_1723043__cluster_3water__compressed,mobley_1723043,compressed,0.265719221022918,0.006688869236544229,0.14165665430763458
glider,GLIDER,canonical_p3__mobley_1723043__cluster_3water__cooperative,mobley_1723043,cooperative,0.3187700352487555,0.0017732361917137888,0.07293633233952312
glider,GLIDER,canonical_p3__mobley_1723043__cluster_3water__equilibrium,mobley_1723043,equilibrium,0.6880903815386699,0.0011025375875173434,0.05751184888831196
glider,GLIDER,canonical_p3__mobley_1723043__cluster_3water__orientation,mobley_1723043,orientation,0.4983469439724226,0.0007762082488987584,0.04825582603889685
glider,GLIDER,canonical_p3__mobley_172879__cluster_3water__compressed,mobley_172879,compressed,0.20454854997602118,0.010996623571613151,0.18163113916627693
glider,GLIDER,canonical_p3__mobley_172879__cluster_3water__cooperative,mobley_172879,cooperative,0.21716069186426162,0.006040612331119449,0.13461737255405912
glider,GLIDER,canonical_p3__mobley_172879__cluster_3water__equilibrium,mobley_172879,equilibrium,0.2877337448807713,0.009262697797330749,0.16669761063672223
glider,GLIDER,canonical_p3__mobley_172879__cluster_3water__orientation,mobley_172879,orientation,0.43256102187052325,0.012944129740078006,0.1970593545615991
glider,GLIDER,canonical_p3__mobley_2261979__cluster_3water__compressed,mobley_2261979,compressed,0.185995821604126,0.009622483600899132,0.16990424009628893
glider,GLIDER,canonical_p3__mobley_2261979__cluster_3water__cooperative,mobley_2261979,cooperative,0.10250228832455295,0.00021277825337463372,0.025265287651714975
glider,GLIDER,canonical_p3__mobley_2261979__cluster_3water__equilibrium,mobley_2261979,equilibrium,0.14212359046703268,0.008449251763620423,0.15920978390432314
glider,GLIDER,canonical_p3__mobley_2261979__cluster_3water__orientation,mobley_2261979,orientation,0.3659505463984427,0.007123900954565376,0.14619063876902696
glider,GLIDER,canonical_p3__mobley_2689721__cluster_3water__compressed,mobley_2689721,compressed,0.1599585947463725,0.0005694616077385194,0.04133261210249793
glider,GLIDER,canonical_p3__mobley_2689721__cluster_3water__cooperative,mobley_2689721,cooperative,0.10442101952753327,0.00015540780474081366,0.02159220725684248
glider,GLIDER,canonical_p3__mobley_2689721__cluster_3water__equilibrium,mobley_2689721,equilibrium,0.2160476311707864,0.0011088494007239988,0.057676236026391284
glider,GLIDER,canonical_p3__mobley_2689721__cluster_3water__orientation,mobley_2689721,orientation,0.23815392663127014,0.0009661506059205904,0.05383727164113883
glider,GLIDER,canonical_p3__mobley_2727678__cluster_3water__compressed,mobley_2727678,compressed,0.3753753548248847,0.04619251733842248,0.3722600596562401
glider,GLIDER,canonical_p3__mobley_2727678__cluster_3water__cooperative,mobley_2727678,cooperative,0.27967150004375557,0.02681953899677331,0.2836522818352074
glider,GLIDER,canonical_p3__mobley_2727678__cluster_3water__equilibrium,mobley_2727678,equilibrium,0.9834603898887908,0.678656542958398,1.4268740760400667
glider,GLIDER,canonical_p3__mobley_2727678__cluster_3water__orientation,mobley_2727678,orientation,1.0325690199674173,0.27869000349453577,0.9143686403653656
glider,GLIDER,canonical_p3__mobley_3047364__cluster_3water__compressed,mobley_3047364,compressed,0.2379403146891242,0.0032547028845257234,0.09881350440894793
glider,GLIDER,canonical_p3__mobley_3047364__cluster_3water__cooperative,mobley_3047364,cooperative,8.405886346360347,2.563090540488947,2.772953591654004
glider,GLIDER,canonical_p3__mobley_3047364__cluster_3water__equilibrium,mobley_3047364,equilibrium,0.27390045340697744,0.005846120933089336,0.13243248392772827
glider,GLIDER,canonical_p3__mobley_3047364__cluster_3water__orientation,mobley_3047364,orientation,0.3139010191831134,0.0009333295985135681,0.05291492034899707
glider,GLIDER,canonical_p3__mobley_3709920__cluster_3water__compressed,mobley_3709920,compressed,0.1464383464699789,0.0003070108504640026,0.030348518108665665
glider,GLIDER,canonical_p3__mobley_3709920__cluster_3water__cooperative,mobley_3709920,cooperative,0.18827905976920772,0.000263371797214365,0.028108991295368372
glider,GLIDER,canonical_p3__mobley_3709920__cluster_3water__equilibrium,mobley_3709920,equilibrium,0.2568329652424334,0.006414707936193504,0.13872319131486455
glider,GLIDER,canonical_p3__mobley_3709920__cluster_3water__orientation,mobley_3709920,orientation,0.4186057089016757,0.0013757896057289452,0.06424460146336683
glider,GLIDER,canonical_p3__mobley_3777264__cluster_3water__compressed,mobley_3777264,compressed,0.20949102412528695,0.011940138769684269,0.1892628233675404
glider,GLIDER,canonical_p3__mobley_3777264__cluster_3water__cooperative,mobley_3777264,cooperative,0.19791652092318004,0.003050925517594712,0.0956701445216016
glider,GLIDER,canonical_p3__mobley_3777264__cluster_3water__equilibrium,mobley_3777264,equilibrium,0.1926591909000102,0.011122832205668664,0.1826704590704419
glider,GLIDER,canonical_p3__mobley_3777264__cluster_3water__orientation,mobley_3777264,orientation,0.31738767356397246,0.001756010918050297,0.07258121488478193
glider,GLIDER,canonical_p3__mobley_4479135__cluster_3water__compressed,mobley_4479135,compressed,0.2370394375383254,0.006429735165311742,0.13888558419049554
glider,GLIDER,canonical_p3__mobley_4479135__cluster_3water__cooperative,mobley_4479135,cooperative,0.24633622516019563,0.0031325568346418846,0.09694158294522352
glider,GLIDER,canonical_p3__mobley_4479135__cluster_3water__equilibrium,mobley_4479135,equilibrium,0.42213100342405063,0.0108919339291101,0.18076449260662422
glider,GLIDER,canonical_p3__mobley_4479135__cluster_3water__orientation,mobley_4479135,orientation,0.43409646230947624,0.009759274578614717,0.1711076378653044
glider,GLIDER,canonical_p3__mobley_4934872__cluster_3water__compressed,mobley_4934872,compressed,0.17756878329982964,0.0015780661617824478,0.06880551202736117
glider,GLIDER,canonical_p3__mobley_4934872__cluster_3water__cooperative,mobley_4934872,cooperative,0.2395374448253964,0.0003485803137845105,0.03233791801204171
glider,GLIDER,canonical_p3__mobley_4934872__cluster_3water__equilibrium,mobley_4934872,equilibrium,0.22806982782070712,0.0045524277283079334,0.11686437945295308
glider,GLIDER,canonical_p3__mobley_4934872__cluster_3water__orientation,mobley_4934872,orientation,0.27818185108717847,0.0037135080889308513,0.1055486819756294
glider,GLIDER,canonical_p3__mobley_5200358__cluster_3water__compressed,mobley_5200358,compressed,0.27483784408636924,0.004320871412712792,0.11385347705774461
glider,GLIDER,canonical_p3__mobley_5200358__cluster_3water__cooperative,mobley_5200358,cooperative,0.3408782342295238,0.009381186434801842,0.16776042234211716
glider,GLIDER,canonical_p3__mobley_5200358__cluster_3water__equilibrium,mobley_5200358,equilibrium,0.48131804088950597,0.009950226735309145,0.17277349393332136
glider,GLIDER,canonical_p3__mobley_5200358__cluster_3water__orientation,mobley_5200358,orientation,0.38987304800368977,0.012763068837703928,0.1956762798938895
glider,GLIDER,canonical_p3__mobley_6239320__cluster_3water__compressed,mobley_6239320,compressed,0.2821922244374656,0.005400076087030609,0.12728011730467498
glider,GLIDER,canonical_p3__mobley_6239320__cluster_3water__cooperative,mobley_6239320,cooperative,0.22703155168093306,0.00585315661438524,0.13251214979448384
glider,GLIDER,canonical_p3__mobley_6239320__cluster_3water__equilibrium,mobley_6239320,equilibrium,0.361723306947578,0.0034820313574155126,0.10220613519865888
glider,GLIDER,canonical_p3__mobley_6239320__cluster_3water__orientation,mobley_6239320,orientation,0.26159654917291997,0.0016600414392777556,0.0705699958752533
glider,GLIDER,canonical_p3__mobley_7578802__cluster_3water__compressed,mobley_7578802,compressed,0.47430884306203136,0.017191113019290837,0.22709764212310202
glider,GLIDER,canonical_p3__mobley_7578802__cluster_3water__cooperative,mobley_7578802,cooperative,0.8434221218244549,0.012563849857525775,0.19414311621218333
glider,GLIDER,canonical_p3__mobley_7578802__cluster_3water__equilibrium,mobley_7578802,equilibrium,0.1844519314924283,0.006665520989310534,0.1414092039717769
glider,GLIDER,canonical_p3__mobley_7578802__cluster_3water__orientation,mobley_7578802,orientation,0.15132436513033312,0.017080818763346915,0.22636796657221786
glider,GLIDER,canonical_p3__mobley_8337722__cluster_3water__compressed,mobley_8337722,compressed,0.16563889388991954,0.0011609645374761437,0.059016045381137076
glider,GLIDER,canonical_p3__mobley_8337722__cluster_3water__cooperative,mobley_8337722,cooperative,0.16194279134751396,0.002100422387037052,0.07938052129528475
glider,GLIDER,canonical_p3__mobley_8337722__cluster_3water__equilibrium,mobley_8337722,equilibrium,0.20512754842235342,0.00022820878556393574,0.02616536559446107
glider,GLIDER,canonical_p3__mobley_8337722__cluster_3water__orientation,mobley_8337722,orientation,0.1872661280654727,0.0011172784799522346,0.05789503812812204
glider,GLIDER,canonical_p3__mobley_9007496__cluster_3water__compressed,mobley_9007496,compressed,0.26660576103017514,0.011702149667127118,0.18736715027288361
glider,GLIDER,canonical_p3__mobley_9007496__cluster_3water__cooperative,mobley_9007496,cooperative,0.2224597898288246,0.004866873711931238,0.12083302998681161
glider,GLIDER,canonical_p3__mobley_9007496__cluster_3water__equilibrium,mobley_9007496,equilibrium,0.19383303642858274,0.025910024040977003,0.27880113364714104
glider,GLIDER,canonical_p3__mobley_9007496__cluster_3water__orientation,mobley_9007496,orientation,0.21192966748013237,0.005037356601620024,0.12293115880386092
glider,GLIDER,canonical_p3__mobley_9460824__cluster_3water__compressed,mobley_9460824,compressed,0.33380071957936763,0.0077350383968718085,0.1523322526276541
glider,GLIDER,canonical_p3__mobley_9460824__cluster_3water__cooperative,mobley_9460824,cooperative,0.3203708057872735,0.004379584257912226,0.11462439868429705
glider,GLIDER,canonical_p3__mobley_9460824__cluster_3water__equilibrium,mobley_9460824,equilibrium,0.41879136308873993,0.004482167575779862,0.11595905625409163
glider,GLIDER,canonical_p3__mobley_9460824__cluster_3water__orientation,mobley_9460824,orientation,0.357669824227967,0.013559575219213449,0.2016896766263468
glider,GLIDER,canonical_p3__mobley_9534740__cluster_3water__compressed,mobley_9534740,compressed,0.2336443104692829,0.0033797160541035923,0.10069333722898838
glider,GLIDER,canonical_p3__mobley_9534740__cluster_3water__cooperative,mobley_9534740,cooperative,0.22744922626347283,0.001285390142366425,0.062098071041694
glider,GLIDER,canonical_p3__mobley_9534740__cluster_3water__equilibrium,mobley_9534740,equilibrium,0.2302099844811816,0.0036028251343221593,0.10396381775871102
glider,GLIDER,canonical_p3__mobley_9534740__cluster_3water__orientation,mobley_9534740,orientation,0.27813811985978004,0.007339819631144541,0.14838955115989005
glider,GLIDER,canonical_p3__mobley_9741965__cluster_3water__compressed,mobley_9741965,compressed,0.31981886318609093,0.007547428609622257,0.1504735386334314
glider,GLIDER,canonical_p3__mobley_9741965__cluster_3water__cooperative,mobley_9741965,cooperative,0.3060786753801514,0.0020105991913676262,0.0776646481618431
glider,GLIDER,canonical_p3__mobley_9741965__cluster_3water__equilibrium,mobley_9741965,equilibrium,0.36919291517035413,0.012678257531036921,0.19502505632126033
glider,GLIDER,canonical_p3__mobley_9741965__cluster_3water__orientation,mobley_9741965,orientation,0.46082337719671557,0.0074326779168240415,0.14932526159519066
mace_polar_l,MACE-POLAR-1-L,canonical_p3__mobley_1278715__cluster_3water__compressed,mobley_1278715,compressed,1.0459669516423595,0.01299628031709235,0.19745592154016817
mace_polar_l,MACE-POLAR-1-L,canonical_p3__mobley_1278715__cluster_3water__cooperative,mobley_1278715,cooperative,1.193620032741785,0.0033183612929113004,0.09977516664347849
mace_polar_l,MACE-POLAR-1-L,canonical_p3__mobley_1278715__cluster_3water__equilibrium,mobley_1278715,equilibrium,0.3660095998389851,0.00249897223575228,0.08658473714955102
mace_polar_l,MACE-POLAR-1-L,canonical_p3__mobley_1278715__cluster_3water__orientation,mobley_1278715,orientation,0.7520296125588717,0.05117963339264118,0.39184040141098714
mace_polar_l,MACE-POLAR-1-L,canonical_p3__mobley_1352110__cluster_3water__compressed,mobley_1352110,compressed,0.45763350864574903,0.005520200295046379,0.1286879982171575
mace_polar_l,MACE-POLAR-1-L,canonical_p3__mobley_1352110__cluster_3water__cooperative,mobley_1352110,cooperative,0.5369387748913309,0.003241548251104943,0.09861361342793819
mace_polar_l,MACE-POLAR-1-L,canonical_p3__mobley_1352110__cluster_3water__equilibrium,mobley_1352110,equilibrium,0.5789059245787375,0.009010820421946902,0.1644155140667714
mace_polar_l,MACE-POLAR-1-L,canonical_p3__mobley_1352110__cluster_3water__orientation,mobley_1352110,orientation,0.5068545873395557,0.0040794517531897575,0.11062710002331831
mace_polar_l,MACE-POLAR-1-L,canonical_p3__mobley_1723043__cluster_3water__compressed,mobley_1723043,compressed,0.3450479096940384,0.023714944816205095,0.2667298904296541
mace_polar_l,MACE-POLAR-1-L,canonical_p3__mobley_1723043__cluster_3water__cooperative,mobley_1723043,cooperative,0.435163232949363,0.0035058271129793125,0.10255477238499404
mace_polar_l,MACE-POLAR-1-L,canonical_p3__mobley_1723043__cluster_3water__equilibrium,mobley_1723043,equilibrium,0.6449583277588967,0.0026081287475755756,0.08845556083552196
mace_polar_l,MACE-POLAR-1-L,canonical_p3__mobley_1723043__cluster_3water__orientation,mobley_1723043,orientation,0.47861394204389884,0.004319008892744044,0.1138289360322415
mace_polar_l,MACE-POLAR-1-L,canonical_p3__mobley_172879__cluster_3water__compressed,mobley_172879,compressed,0.4977173686767163,0.023572109839225548,0.2659254209692572
mace_polar_l,MACE-POLAR-1-L,canonical_p3__mobley_172879__cluster_3water__cooperative,mobley_172879,cooperative,0.496718793408834,0.012388481947766481,0.1927834169302418
mace_polar_l,MACE-POLAR-1-L,canonical_p3__mobley_172879__cluster_3water__equilibrium,mobley_172879,equilibrium,0.3398309523421889,0.012645798111246003,0.1947752405562319
mace_polar_l,MACE-POLAR-1-L,canonical_p3__mobley_172879__cluster_3water__orientation,mobley_172879,orientation,0.7889362799238242,0.021946122456139663,0.2565898816563486
mace_polar_l,MACE-POLAR-1-L,canonical_p3__mobley_2261979__cluster_3water__compressed,mobley_2261979,compressed,0.4467749299623151,0.0030354788478033795,0.09542765083250315
mace_polar_l,MACE-POLAR-1-L,canonical_p3__mobley_2261979__cluster_3water__cooperative,mobley_2261979,cooperative,0.4318027256020933,0.0002798604220968008,0.028975528749108314
mace_polar_l,MACE-POLAR-1-L,canonical_p3__mobley_2261979__cluster_3water__equilibrium,mobley_2261979,equilibrium,0.2980118253505784,0.007365585347713955,0.14864977646515942
mace_polar_l,MACE-POLAR-1-L,canonical_p3__mobley_2261979__cluster_3water__orientation,mobley_2261979,orientation,0.8456528726674328,0.008252210706363027,0.15734240407178568
mace_polar_l,MACE-POLAR-1-L,canonical_p3__mobley_2689721__cluster_3water__compressed,mobley_2689721,compressed,0.42718276963027846,0.0005143742918917855,0.03928260271004655
mace_polar_l,MACE-POLAR-1-L,canonical_p3__mobley_2689721__cluster_3water__cooperative,mobley_2689721,cooperative,0.42979607221923377,7.01806821649485e-05,0.014510067074098779
mace_polar_l,MACE-POLAR-1-L,canonical_p3__mobley_2689721__cluster_3water__equilibrium,mobley_2689721,equilibrium,0.5219703129796289,0.0011316244527783902,0.05826554177500773
mace_polar_l,MACE-POLAR-1-L,canonical_p3__mobley_2689721__cluster_3water__orientation,mobley_2689721,orientation,0.8901557710870239,0.0014578780729049862,0.0661334576346569
mace_polar_l,MACE-POLAR-1-L,canonical_p3__mobley_2727678__cluster_3water__compressed,mobley_2727678,compressed,0.6616718977287194,0.056097223946169096,0.4102336795516761
mace_polar_l,MACE-POLAR-1-L,canonical_p3__mobley_2727678__cluster_3water__cooperative,mobley_2727678,cooperative,0.4706718198831905,0.021524866960709054,0.25411532988414365
mace_polar_l,MACE-POLAR-1-L,canonical_p3__mobley_2727678__cluster_3water__equilibrium,mobley_2727678,equilibrium,0.9868318862478099,0.5429726946566481,1.2762907521289748
mace_polar_l,MACE-POLAR-1-L,canonical_p3__mobley_2727678__cluster_3water__orientation,mobley_2727678,orientation,1.0164089030854038,0.3300947809260733,0.995130314470532
mace_polar_l,MACE-POLAR-1-L,canonical_p3__mobley_3047364__cluster_3water__compressed,mobley_3047364,compressed,0.55383510924358,0.004637325821514055,0.11794904605185311
mace_polar_l,MACE-POLAR-1-L,canonical_p3__mobley_3047364__cluster_3water__cooperative,mobley_3047364,cooperative,6.953386261816236,8.406707622347968,5.021964044778089
mace_polar_l,MACE-POLAR-1-L,canonical_p3__mobley_3047364__cluster_3water__equilibrium,mobley_3047364,equilibrium,0.5917098825054159,0.005582353009607564,0.12941042859376786
mace_polar_l,MACE-POLAR-1-L,canonical_p3__mobley_3047364__cluster_3water__orientation,mobley_3047364,orientation,0.7165726563258614,0.0024413573294344982,0.08558079216917482
mace_polar_l,MACE-POLAR-1-L,canonical_p3__mobley_3709920__cluster_3water__compressed,mobley_3709920,compressed,0.47747854493069763,1.066387647545724e-05,0.005656114339930879
mace_polar_l,MACE-POLAR-1-L,canonical_p3__mobley_3709920__cluster_3water__cooperative,mobley_3709920,cooperative,0.451076205867739,0.00013126084027365468,0.01984395426372889
mace_polar_l,MACE-POLAR-1-L,canonical_p3__mobley_3709920__cluster_3water__equilibrium,mobley_3709920,equilibrium,0.5141657573002294,0.0047254019691623655,0.11906387322562247
mace_polar_l,MACE-POLAR-1-L,canonical_p3__mobley_3709920__cluster_3water__orientation,mobley_3709920,orientation,0.663646929437463,0.0006659856677890343,0.04469851231715775
mace_polar_l,MACE-POLAR-1-L,canonical_p3__mobley_3777264__cluster_3water__compressed,mobley_3777264,compressed,0.5516041861011411,0.013051360520526198,0.19787390318477724
mace_polar_l,MACE-POLAR-1-L,canonical_p3__mobley_3777264__cluster_3water__cooperative,mobley_3777264,cooperative,0.4904971033989284,0.005714520188056887,0.13093342034855218
mace_polar_l,MACE-POLAR-1-L,canonical_p3__mobley_3777264__cluster_3water__equilibrium,mobley_3777264,equilibrium,0.3592579274620439,0.027608537661979595,0.2877943935971283
mace_polar_l,MACE-POLAR-1-L,canonical_p3__mobley_3777264__cluster_3water__orientation,mobley_3777264,orientation,0.5517619947015828,0.0065795251019174035,0.14049404010758682
mace_polar_l,MACE-POLAR-1-L,canonical_p3__mobley_4479135__cluster_3water__compressed,mobley_4479135,compressed,0.4218345989004815,0.0064290596402163365,0.1388782881542288
mace_polar_l,MACE-POLAR-1-L,canonical_p3__mobley_4479135__cluster_3water__cooperative,mobley_4479135,cooperative,0.49161294163505115,0.006443370107799031,0.13903276708530654
mace_polar_l,MACE-POLAR-1-L,canonical_p3__mobley_4479135__cluster_3water__equilibrium,mobley_4479135,equilibrium,0.468190209859869,0.015488944532299598,0.2155616700549956
mace_polar_l,MACE-POLAR-1-L,canonical_p3__mobley_4479135__cluster_3water__orientation,mobley_4479135,orientation,0.7009881551826395,0.018600592684261046,0.23622399973919486
mace_polar_l,MACE-POLAR-1-L,canonical_p3__mobley_4934872__cluster_3water__compressed,mobley_4934872,compressed,0.5164399618064804,0.0006051130550397483,0.04260679717039577
mace_polar_l,MACE-POLAR-1-L,canonical_p3__mobley_4934872__cluster_3water__cooperative,mobley_4934872,cooperative,0.5095208367981177,0.0005937786780834324,0.0422058767738605
mace_polar_l,MACE-POLAR-1-L,canonical_p3__mobley_4934872__cluster_3water__equilibrium,mobley_4934872,equilibrium,0.4218258741030176,0.004550342526471597,0.11683761200664275
mace_polar_l,MACE-POLAR-1-L,canonical_p3__mobley_4934872__cluster_3water__orientation,mobley_4934872,orientation,0.48297850737996645,0.0017056663913637595,0.07153320329812778
mace_polar_l,MACE-POLAR-1-L,canonical_p3__mobley_5200358__cluster_3water__compressed,mobley_5200358,compressed,0.4872395186377269,0.0020356150386761974,0.07814630583737528
mace_polar_l,MACE-POLAR-1-L,canonical_p3__mobley_5200358__cluster_3water__cooperative,mobley_5200358,cooperative,0.4735164449011168,0.010617393666864731,0.17847179329124865
mace_polar_l,MACE-POLAR-1-L,canonical_p3__mobley_5200358__cluster_3water__equilibrium,mobley_5200358,equilibrium,0.6110981362606521,0.018871832531676534,0.23794011346351335
mace_polar_l,MACE-POLAR-1-L,canonical_p3__mobley_5200358__cluster_3water__orientation,mobley_5200358,orientation,0.5730484413904526,0.02009459159120484,0.24552754381864067
mace_polar_l,MACE-POLAR-1-L,canonical_p3__mobley_6239320__cluster_3water__compressed,mobley_6239320,compressed,0.47820346414153686,0.0015193120748722077,0.06751248939727096
mace_polar_l,MACE-POLAR-1-L,canonical_p3__mobley_6239320__cluster_3water__cooperative,mobley_6239320,cooperative,0.6463161835400311,0.0001458762562651693,0.02091957859985492
mace_polar_l,MACE-POLAR-1-L,canonical_p3__mobley_6239320__cluster_3water__equilibrium,mobley_6239320,equilibrium,0.6434099156535185,0.015266947528810845,0.2140113141551926
mace_polar_l,MACE-POLAR-1-L,canonical_p3__mobley_6239320__cluster_3water__orientation,mobley_6239320,orientation,0.4901270290267225,0.014875531348904824,0.21125007466676662
mace_polar_l,MACE-POLAR-1-L,canonical_p3__mobley_7578802__cluster_3water__compressed,mobley_7578802,compressed,0.31427271955341995,0.04003794886691827,0.3465744459719366
mace_polar_l,MACE-POLAR-1-L,canonical_p3__mobley_7578802__cluster_3water__cooperative,mobley_7578802,cooperative,1.2474339364046263,0.004310061077986701,0.11371096356095177
mace_polar_l,MACE-POLAR-1-L,canonical_p3__mobley_7578802__cluster_3water__equilibrium,mobley_7578802,equilibrium,0.33623973833355414,0.008354722127378901,0.15831666489077106
mace_polar_l,MACE-POLAR-1-L,canonical_p3__mobley_7578802__cluster_3water__orientation,mobley_7578802,orientation,0.3209696881624378,0.03643296983851342,0.3306038558691357
mace_polar_l,MACE-POLAR-1-L,canonical_p3__mobley_8337722__cluster_3water__compressed,mobley_8337722,compressed,0.44976116490829465,0.0015153937303916676,0.06742537497986202
mace_polar_l,MACE-POLAR-1-L,canonical_p3__mobley_8337722__cluster_3water__cooperative,mobley_8337722,cooperative,0.4341596436091008,0.002562305581225908,0.08767506340846139
mace_polar_l,MACE-POLAR-1-L,canonical_p3__mobley_8337722__cluster_3water__equilibrium,mobley_8337722,equilibrium,0.6211694531352845,0.0008407083205741639,0.050220762257481635
mace_polar_l,MACE-POLAR-1-L,canonical_p3__mobley_8337722__cluster_3water__orientation,mobley_8337722,orientation,0.4867423450419909,0.0055787515217415,0.12936867690915177
mace_polar_l,MACE-POLAR-1-L,canonical_p3__mobley_9007496__cluster_3water__compressed,mobley_9007496,compressed,0.44298720734005126,0.006248163769220498,0.13691052299827614
mace_polar_l,MACE-POLAR-1-L,canonical_p3__mobley_9007496__cluster_3water__cooperative,mobley_9007496,cooperative,0.448522670437622,0.0009633756952960723,0.05375990221241308
mace_polar_l,MACE-POLAR-1-L,canonical_p3__mobley_9007496__cluster_3water__equilibrium,mobley_9007496,equilibrium,0.422377118030339,0.06138120496653008,0.4291195811188185
mace_polar_l,MACE-POLAR-1-L,canonical_p3__mobley_9007496__cluster_3water__orientation,mobley_9007496,orientation,0.45367232682277875,0.011326483179371129,0.1843351554590534
mace_polar_l,MACE-POLAR-1-L,canonical_p3__mobley_9460824__cluster_3water__compressed,mobley_9460824,compressed,0.5300292194665016,0.010439104935527363,0.176966987900518
mace_polar_l,MACE-POLAR-1-L,canonical_p3__mobley_9460824__cluster_3water__cooperative,mobley_9460824,cooperative,0.5274146582939373,0.006895207686871616,0.143824973702813
mace_polar_l,MACE-POLAR-1-L,canonical_p3__mobley_9460824__cluster_3water__equilibrium,mobley_9460824,equilibrium,0.5360705764970691,0.006085636982610688,0.13511813700548148
mace_polar_l,MACE-POLAR-1-L,canonical_p3__mobley_9460824__cluster_3water__orientation,mobley_9460824,orientation,0.5255396802738532,0.014822306678958232,0.2108718094883114
mace_polar_l,MACE-POLAR-1-L,canonical_p3__mobley_9534740__cluster_3water__compressed,mobley_9534740,compressed,0.4861381033748502,0.0010079833441359967,0.05499045401165542
mace_polar_l,MACE-POLAR-1-L,canonical_p3__mobley_9534740__cluster_3water__cooperative,mobley_9534740,cooperative,0.5688324782564098,0.0036787771751696867,0.10505394578743371
mace_polar_l,MACE-POLAR-1-L,canonical_p3__mobley_9534740__cluster_3water__equilibrium,mobley_9534740,equilibrium,0.4684733506319613,0.009327453918765848,0.16727929267036473
mace_polar_l,MACE-POLAR-1-L,canonical_p3__mobley_9534740__cluster_3water__orientation,mobley_9534740,orientation,0.47166229312858005,0.024320752786108096,0.27011526865085633
mace_polar_l,MACE-POLAR-1-L,canonical_p3__mobley_9741965__cluster_3water__compressed,mobley_9741965,compressed,0.5016536705125254,0.010566675964970356,0.1780450164843461
mace_polar_l,MACE-POLAR-1-L,canonical_p3__mobley_9741965__cluster_3water__cooperative,mobley_9741965,cooperative,0.513371525267737,0.004372828315320625,0.11453595481752389
mace_polar_l,MACE-POLAR-1-L,canonical_p3__mobley_9741965__cluster_3water__equilibrium,mobley_9741965,equilibrium,0.4939243691411061,0.03485328479517084,0.32335716226103994
mace_polar_l,MACE-POLAR-1-L,canonical_p3__mobley_9741965__cluster_3water__orientation,mobley_9741965,orientation,0.591873757484418,0.04670912992927836,0.37433593173489915
mace_polar_m,MACE-POLAR-1-M,canonical_p3__mobley_1278715__cluster_3water__compressed,mobley_1278715,compressed,1.1489544652714108,0.030988595789679843,0.304902914661437
mace_polar_m,MACE-POLAR-1-M,canonical_p3__mobley_1278715__cluster_3water__cooperative,mobley_1278715,cooperative,1.7910064129285868,0.09007919265003266,0.5198438014924271
mace_polar_m,MACE-POLAR-1-M,canonical_p3__mobley_1278715__cluster_3water__equilibrium,mobley_1278715,equilibrium,0.3752954712150297,0.00948641760664468,0.16869870426275965
mace_polar_m,MACE-POLAR-1-M,canonical_p3__mobley_1278715__cluster_3water__orientation,mobley_1278715,orientation,0.8522134680524702,0.1347456127379069,0.6357962238120958
mace_polar_m,MACE-POLAR-1-M,canonical_p3__mobley_1352110__cluster_3water__compressed,mobley_1352110,compressed,0.6545985896328052,0.019078896272013122,0.23924190438976065
mace_polar_m,MACE-POLAR-1-M,canonical_p3__mobley_1352110__cluster_3water__cooperative,mobley_1352110,cooperative,0.7349776926917202,0.0029518083905050473,0.09410326865478766
mace_polar_m,MACE-POLAR-1-M,canonical_p3__mobley_1352110__cluster_3water__equilibrium,mobley_1352110,equilibrium,0.6748632812402223,0.018178966149669084,0.23353136502193286
mace_polar_m,MACE-POLAR-1-M,canonical_p3__mobley_1352110__cluster_3water__orientation,mobley_1352110,orientation,0.6034743714394514,0.010116629814916117,0.17421219660158227
mace_polar_m,MACE-POLAR-1-M,canonical_p3__mobley_1723043__cluster_3water__compressed,mobley_1723043,compressed,0.45572591850851946,0.0018517497684324808,0.07453354483249433
mace_polar_m,MACE-POLAR-1-M,canonical_p3__mobley_1723043__cluster_3water__cooperative,mobley_1723043,cooperative,0.6117769493843632,0.003294308130285905,0.09941289851351139
mace_polar_m,MACE-POLAR-1-M,canonical_p3__mobley_1723043__cluster_3water__equilibrium,mobley_1723043,equilibrium,0.7029251882002633,0.0020434479722670203,0.07829651280102493
mace_polar_m,MACE-POLAR-1-M,canonical_p3__mobley_1723043__cluster_3water__orientation,mobley_1723043,orientation,0.5913830939894742,0.004950562208892219,0.12186749618613102
mace_polar_m,MACE-POLAR-1-M,canonical_p3__mobley_172879__cluster_3water__compressed,mobley_172879,compressed,0.669135273522231,0.016377268009366317,0.22165695122891804
mace_polar_m,MACE-POLAR-1-M,canonical_p3__mobley_172879__cluster_3water__cooperative,mobley_172879,cooperative,0.6740125012476036,0.015262153944110677,0.21397771340102695
mace_polar_m,MACE-POLAR-1-M,canonical_p3__mobley_172879__cluster_3water__equilibrium,mobley_172879,equilibrium,0.4132083467035246,0.023722664500004317,0.2667732998259251
mace_polar_m,MACE-POLAR-1-M,canonical_p3__mobley_172879__cluster_3water__orientation,mobley_172879,orientation,1.0023339884612676,0.021782330604795477,0.2556305768377219
mace_polar_m,MACE-POLAR-1-M,canonical_p3__mobley_2261979__cluster_3water__compressed,mobley_2261979,compressed,0.7087640632586388,0.0381441309874489,0.3382785730168949
mace_polar_m,MACE-POLAR-1-M,canonical_p3__mobley_2261979__cluster_3water__cooperative,mobley_2261979,cooperative,0.6007329244158054,0.010925635135636583,0.18104393225653753
mace_polar_m,MACE-POLAR-1-M,canonical_p3__mobley_2261979__cluster_3water__equilibrium,mobley_2261979,equilibrium,0.38085990778214,0.049042823695789495,0.3835732929798013
mace_polar_m,MACE-POLAR-1-M,canonical_p3__mobley_2261979__cluster_3water__orientation,mobley_2261979,orientation,0.8193395656809467,0.0035871366583938784,0.10373721596024078
mace_polar_m,MACE-POLAR-1-M,canonical_p3__mobley_2689721__cluster_3water__compressed,mobley_2689721,compressed,0.5492410256401187,0.0032045242588875943,0.09804882853284268
mace_polar_m,MACE-POLAR-1-M,canonical_p3__mobley_2689721__cluster_3water__cooperative,mobley_2689721,cooperative,0.573610779028394,0.0029128208237006515,0.09347974364054469
mace_polar_m,MACE-POLAR-1-M,canonical_p3__mobley_2689721__cluster_3water__equilibrium,mobley_2689721,equilibrium,0.5583169079910674,0.0019306246257067197,0.07610436174832662
mace_polar_m,MACE-POLAR-1-M,canonical_p3__mobley_2689721__cluster_3water__orientation,mobley_2689721,orientation,0.7566061815604571,0.004905942828126429,0.12131705768101735
mace_polar_m,MACE-POLAR-1-M,canonical_p3__mobley_2727678__cluster_3water__compressed,mobley_2727678,compressed,0.8159127633310114,0.0773214350950159,0.481626728167206
mace_polar_m,MACE-POLAR-1-M,canonical_p3__mobley_2727678__cluster_3water__cooperative,mobley_2727678,cooperative,0.4875043998270845,0.04442731912625436,0.3650780154689722
mace_polar_m,MACE-POLAR-1-M,canonical_p3__mobley_2727678__cluster_3water__equilibrium,mobley_2727678,equilibrium,1.1012045649310322,0.79064126225986,1.540105121989918
mace_polar_m,MACE-POLAR-1-M,canonical_p3__mobley_2727678__cluster_3water__orientation,mobley_2727678,orientation,1.0069181142587444,0.25795207830557515,0.8796909883116488
mace_polar_m,MACE-POLAR-1-M,canonical_p3__mobley_3047364__cluster_3water__compressed,mobley_3047364,compressed,0.6975868361547123,0.014524636446260397,0.208743645026097
mace_polar_m,MACE-POLAR-1-M,canonical_p3__mobley_3047364__cluster_3water__cooperative,mobley_3047364,cooperative,5.288754877940569,5.088729088483961,3.9071968552213856
mace_polar_m,MACE-POLAR-1-M,canonical_p3__mobley_3047364__cluster_3water__equilibrium,mobley_3047364,equilibrium,0.618618257899246,0.00705064726904289,0.1454370716396912
mace_polar_m,MACE-POLAR-1-M,canonical_p3__mobley_3047364__cluster_3water__orientation,mobley_3047364,orientation,0.7607093465110993,0.004797517929560816,0.1199689701076176
mace_polar_m,MACE-POLAR-1-M,canonical_p3__mobley_3709920__cluster_3water__compressed,mobley_3709920,compressed,0.6836561424498314,0.006367299724283512,0.13820962040628915
mace_polar_m,MACE-POLAR-1-M,canonical_p3__mobley_3709920__cluster_3water__cooperative,mobley_3709920,cooperative,0.6636513166296687,0.004550127685232584,0.1168348537710291
mace_polar_m,MACE-POLAR-1-M,canonical_p3__mobley_3709920__cluster_3water__equilibrium,mobley_3709920,equilibrium,0.6254997653004913,0.009508555730695529,0.16889543271529456
mace_polar_m,MACE-POLAR-1-M,canonical_p3__mobley_3709920__cluster_3water__orientation,mobley_3709920,orientation,0.6791843903701457,0.0021547321158880365,0.08040022604236949
mace_polar_m,MACE-POLAR-1-M,canonical_p3__mobley_3777264__cluster_3water__compressed,mobley_3777264,compressed,0.5216959969449598,0.01590938959009777,0.21846777513009397
mace_polar_m,MACE-POLAR-1-M,canonical_p3__mobley_3777264__cluster_3water__cooperative,mobley_3777264,cooperative,0.6084462649829736,0.009914424886428913,0.172462386215913
mace_polar_m,MACE-POLAR-1-M,canonical_p3__mobley_3777264__cluster_3water__equilibrium,mobley_3777264,equilibrium,0.4515234554318672,0.03808672514901062,0.33802392732916386
mace_polar_m,MACE-POLAR-1-M,canonical_p3__mobley_3777264__cluster_3water__orientation,mobley_3777264,orientation,0.5254264067332822,0.000452134308930035,0.036829375867506974
mace_polar_m,MACE-POLAR-1-M,canonical_p3__mobley_4479135__cluster_3water__compressed,mobley_4479135,compressed,0.5513963486333744,0.015740453762932732,0.21730476591367756
mace_polar_m,MACE-POLAR-1-M,canonical_p3__mobley_4479135__cluster_3water__cooperative,mobley_4479135,cooperative,0.6453434615748488,0.011187976869060015,0.18320461404446137
mace_polar_m,MACE-POLAR-1-M,canonical_p3__mobley_4479135__cluster_3water__equilibrium,mobley_4479135,equilibrium,0.5002320790817895,0.004933278648919505,0.12165457634942681
mace_polar_m,MACE-POLAR-1-M,canonical_p3__mobley_4479135__cluster_3water__orientation,mobley_4479135,orientation,0.7389770564084244,0.008987101685831974,0.16419898007446918
mace_polar_m,MACE-POLAR-1-M,canonical_p3__mobley_4934872__cluster_3water__compressed,mobley_4934872,compressed,0.6662804475805556,0.009873943500933416,0.1721099372575571
mace_polar_m,MACE-POLAR-1-M,canonical_p3__mobley_4934872__cluster_3water__cooperative,mobley_4934872,cooperative,0.6759043091494576,0.004803403866555549,0.1200425407914488
mace_polar_m,MACE-POLAR-1-M,canonical_p3__mobley_4934872__cluster_3water__equilibrium,mobley_4934872,equilibrium,0.4255317928284157,0.01157497437870456,0.1863462452965277
mace_polar_m,MACE-POLAR-1-M,canonical_p3__mobley_4934872__cluster_3water__orientation,mobley_4934872,orientation,0.5047564543084809,0.002654338183062276,0.08923572462409227
mace_polar_m,MACE-POLAR-1-M,canonical_p3__mobley_5200358__cluster_3water__compressed,mobley_5200358,compressed,0.4222122848077608,0.008349068785971787,0.15826309221645884
mace_polar_m,MACE-POLAR-1-M,canonical_p3__mobley_5200358__cluster_3water__cooperative,mobley_5200358,cooperative,0.5779367271455566,0.018370736834414664,0.23475989969167219
mace_polar_m,MACE-POLAR-1-M,canonical_p3__mobley_5200358__cluster_3water__equilibrium,mobley_5200358,equilibrium,0.7586860348433859,0.019274286370551008,0.2404638415888198
mace_polar_m,MACE-POLAR-1-M,canonical_p3__mobley_5200358__cluster_3water__orientation,mobley_5200358,orientation,0.577827085606411,0.0223081701747094,0.258697720369021
mace_polar_m,MACE-POLAR-1-M,canonical_p3__mobley_6239320__cluster_3water__compressed,mobley_6239320,compressed,0.5198215804035611,0.03257195393342502,0.31259536432947155
mace_polar_m,MACE-POLAR-1-M,canonical_p3__mobley_6239320__cluster_3water__cooperative,mobley_6239320,cooperative,0.8234981476937382,0.05182711566510317,0.3943112311300675
mace_polar_m,MACE-POLAR-1-M,canonical_p3__mobley_6239320__cluster_3water__equilibrium,mobley_6239320,equilibrium,0.6904588759868021,0.00797180891367426,0.15464613393493798
mace_polar_m,MACE-POLAR-1-M,canonical_p3__mobley_6239320__cluster_3water__orientation,mobley_6239320,orientation,0.57215638289005,0.004483707667062565,0.11597897654828522
mace_polar_m,MACE-POLAR-1-M,canonical_p3__mobley_7578802__cluster_3water__compressed,mobley_7578802,compressed,0.533582907776775,0.001759878734201385,0.07266110515677665
mace_polar_m,MACE-POLAR-1-M,canonical_p3__mobley_7578802__cluster_3water__cooperative,mobley_7578802,cooperative,1.6717402311967131,0.05341931185646096,0.4003222896234769
mace_polar_m,MACE-POLAR-1-M,canonical_p3__mobley_7578802__cluster_3water__equilibrium,mobley_7578802,equilibrium,0.3226715885143581,0.002554673616618299,0.08754439359464943
mace_polar_m,MACE-POLAR-1-M,canonical_p3__mobley_7578802__cluster_3water__orientation,mobley_7578802,orientation,0.3157970439509131,0.020773822007288504,0.24964267668382648
mace_polar_m,MACE-POLAR-1-M,canonical_p3__mobley_8337722__cluster_3water__compressed,mobley_8337722,compressed,0.6515935251733291,0.012561175007293061,0.1941224485263855
mace_polar_m,MACE-POLAR-1-M,canonical_p3__mobley_8337722__cluster_3water__cooperative,mobley_8337722,cooperative,0.5528652196819702,0.010258405478559414,0.1754286648061777
mace_polar_m,MACE-POLAR-1-M,canonical_p3__mobley_8337722__cluster_3water__equilibrium,mobley_8337722,equilibrium,0.6099656442139677,0.0010024060781193293,0.05483810932515806
mace_polar_m,MACE-POLAR-1-M,canonical_p3__mobley_8337722__cluster_3water__orientation,mobley_8337722,orientation,0.5036743135088213,0.007716181398195143,0.15214645639838423
mace_polar_m,MACE-POLAR-1-M,canonical_p3__mobley_9007496__cluster_3water__compressed,mobley_9007496,compressed,0.657601897610961,0.03204369067222381,0.31005011210556177
mace_polar_m,MACE-POLAR-1-M,canonical_p3__mobley_9007496__cluster_3water__cooperative,mobley_9007496,cooperative,0.6843868996000992,0.023865454186275937,0.26757496624091687
mace_polar_m,MACE-POLAR-1-M,canonical_p3__mobley_9007496__cluster_3water__equilibrium,mobley_9007496,equilibrium,0.3959817385553076,0.023802400599879106,0.267221260006829
mace_polar_m,MACE-POLAR-1-M,canonical_p3__mobley_9007496__cluster_3water__orientation,mobley_9007496,orientation,0.4731421221601749,0.0039421514848167515,0.10874950323771716
mace_polar_m,MACE-POLAR-1-M,canonical_p3__mobley_9460824__cluster_3water__compressed,mobley_9460824,compressed,0.7583106139041113,0.025669107651139653,0.2775019332426694
mace_polar_m,MACE-POLAR-1-M,canonical_p3__mobley_9460824__cluster_3water__cooperative,mobley_9460824,cooperative,0.7385883590098181,0.019757068628878823,0.24345678443337018
mace_polar_m,MACE-POLAR-1-M,canonical_p3__mobley_9460824__cluster_3water__equilibrium,mobley_9460824,equilibrium,0.5853023327314196,0.00965831598392269,0.17022029242063966
mace_polar_m,MACE-POLAR-1-M,canonical_p3__mobley_9460824__cluster_3water__orientation,mobley_9460824,orientation,0.6421687642663519,0.027822180169531596,0.28890576406260016
mace_polar_m,MACE-POLAR-1-M,canonical_p3__mobley_9534740__cluster_3water__compressed,mobley_9534740,compressed,0.6046161520803391,0.00984472007092445,0.171855055825464
mace_polar_m,MACE-POLAR-1-M,canonical_p3__mobley_9534740__cluster_3water__cooperative,mobley_9534740,cooperative,0.7347200340813714,0.007625926425017607,0.15125402234338373
mace_polar_m,MACE-POLAR-1-M,canonical_p3__mobley_9534740__cluster_3water__equilibrium,mobley_9534740,equilibrium,0.5096808093534921,0.011215048578624195,0.18342613155129392
mace_polar_m,MACE-POLAR-1-M,canonical_p3__mobley_9534740__cluster_3water__orientation,mobley_9534740,orientation,0.4478678078750764,0.020773389273496243,0.24964007655119946
mace_polar_m,MACE-POLAR-1-M,canonical_p3__mobley_9741965__cluster_3water__compressed,mobley_9741965,compressed,0.5685494252716171,0.013659261858773135,0.20242970527153223
mace_polar_m,MACE-POLAR-1-M,canonical_p3__mobley_9741965__cluster_3water__cooperative,mobley_9741965,cooperative,0.5825668005361223,0.012969625203760422,0.1972533285176229
mace_polar_m,MACE-POLAR-1-M,canonical_p3__mobley_9741965__cluster_3water__equilibrium,mobley_9741965,equilibrium,0.4995591036885218,0.021240862853273774,0.2524333348823434
mace_polar_m,MACE-POLAR-1-M,canonical_p3__mobley_9741965__cluster_3water__orientation,mobley_9741965,orientation,0.589136179727713,0.0063552957926726675,0.138079279321765
mace_polar_s,MACE-POLAR-1-S,canonical_p3__mobley_1278715__cluster_3water__compressed,mobley_1278715,compressed,2.515906366084458,0.3323234043120071,0.998483957275239
mace_polar_s,MACE-POLAR-1-S,canonical_p3__mobley_1278715__cluster_3water__cooperative,mobley_1278715,cooperative,1.967022971447263,0.12884226563809775,0.6217127929472686
mace_polar_s,MACE-POLAR-1-S,canonical_p3__mobley_1278715__cluster_3water__equilibrium,mobley_1278715,equilibrium,0.5645030385886907,0.03852371620796739,0.3399575688580888
mace_polar_s,MACE-POLAR-1-S,canonical_p3__mobley_1278715__cluster_3water__orientation,mobley_1278715,orientation,1.0223098659163135,0.03199508670253502,0.309814880384408
mace_polar_s,MACE-POLAR-1-S,canonical_p3__mobley_1352110__cluster_3water__compressed,mobley_1352110,compressed,0.3886945311762345,0.0011472893514030422,0.058667436063025005
mace_polar_s,MACE-POLAR-1-S,canonical_p3__mobley_1352110__cluster_3water__cooperative,mobley_1352110,cooperative,0.6954190934857967,0.005926917754074373,0.13334449093315823
mace_polar_s,MACE-POLAR-1-S,canonical_p3__mobley_1352110__cluster_3water__equilibrium,mobley_1352110,equilibrium,0.8181008577073376,0.04225825428697233,0.3560544380581669
mace_polar_s,MACE-POLAR-1-S,canonical_p3__mobley_1352110__cluster_3water__orientation,mobley_1352110,orientation,0.8408225324914185,0.04205180739504289,0.35518364571743544
mace_polar_s,MACE-POLAR-1-S,canonical_p3__mobley_1723043__cluster_3water__compressed,mobley_1723043,compressed,0.5207597866093574,0.1194292634187021,0.598571457936399
mace_polar_s,MACE-POLAR-1-S,canonical_p3__mobley_1723043__cluster_3water__cooperative,mobley_1723043,cooperative,0.9283050799316657,0.11568499689809549,0.5891137332419661
mace_polar_s,MACE-POLAR-1-S,canonical_p3__mobley_1723043__cluster_3water__equilibrium,mobley_1723043,equilibrium,1.6459233400494713,0.0006592963863346737,0.04447346578583708
mace_polar_s,MACE-POLAR-1-S,canonical_p3__mobley_1723043__cluster_3water__orientation,mobley_1723043,orientation,1.044396621916099,0.01106036567176224,0.18215679239404367
mace_polar_s,MACE-POLAR-1-S,canonical_p3__mobley_172879__cluster_3water__compressed,mobley_172879,compressed,0.6089536871929746,0.002275390334999049,0.08262064514996931
mace_polar_s,MACE-POLAR-1-S,canonical_p3__mobley_172879__cluster_3water__cooperative,mobley_172879,cooperative,0.7545466400968424,0.0053951446087482395,0.1272219864105443
mace_polar_s,MACE-POLAR-1-S,canonical_p3__mobley_172879__cluster_3water__equilibrium,mobley_172879,equilibrium,0.5221523651165204,0.005280529864559891,0.125863376697432
mace_polar_s,MACE-POLAR-1-S,canonical_p3__mobley_172879__cluster_3water__orientation,mobley_172879,orientation,0.7647036093307442,0.007604984901789406,0.15104620056581436
mace_polar_s,MACE-POLAR-1-S,canonical_p3__mobley_2261979__cluster_3water__compressed,mobley_2261979,compressed,0.5986382308649992,0.018661485531142875,0.236610347604302
mace_polar_s,MACE-POLAR-1-S,canonical_p3__mobley_2261979__cluster_3water__cooperative,mobley_2261979,cooperative,0.6465142073372036,0.00044404028016925605,0.03649823064900226
mace_polar_s,MACE-POLAR-1-S,canonical_p3__mobley_2261979__cluster_3water__equilibrium,mobley_2261979,equilibrium,0.47429572419538185,0.0036776527938550707,0.105037890218555
mace_polar_s,MACE-POLAR-1-S,canonical_p3__mobley_2261979__cluster_3water__orientation,mobley_2261979,orientation,0.7640146776301029,0.03494119594263862,0.3237647105969331
mace_polar_s,MACE-POLAR-1-S,canonical_p3__mobley_2689721__cluster_3water__compressed,mobley_2689721,compressed,0.33448296249300574,0.0007263383293795667,0.04667992060981574
mace_polar_s,MACE-POLAR-1-S,canonical_p3__mobley_2689721__cluster_3water__cooperative,mobley_2689721,cooperative,0.5124522340757858,0.003267498530589228,0.09900755320564025
mace_polar_s,MACE-POLAR-1-S,canonical_p3__mobley_2689721__cluster_3water__equilibrium,mobley_2689721,equilibrium,0.8548371773114798,0.03951243157039666,0.3442924552051497
mace_polar_s,MACE-POLAR-1-S,canonical_p3__mobley_2689721__cluster_3water__orientation,mobley_2689721,orientation,1.0744190946120646,0.03586754854814809,0.32802842200706367
mace_polar_s,MACE-POLAR-1-S,canonical_p3__mobley_2727678__cluster_3water__compressed,mobley_2727678,compressed,0.6523925721492866,0.02906148513083438,0.29527013968991705
mace_polar_s,MACE-POLAR-1-S,canonical_p3__mobley_2727678__cluster_3water__cooperative,mobley_2727678,cooperative,0.46548422087133207,0.05123700841223495,0.3920599765810135
mace_polar_s,MACE-POLAR-1-S,canonical_p3__mobley_2727678__cluster_3water__equilibrium,mobley_2727678,equilibrium,1.0815822926945198,0.710895141273462,1.4603716731778886
mace_polar_s,MACE-POLAR-1-S,canonical_p3__mobley_2727678__cluster_3water__orientation,mobley_2727678,orientation,1.0624703208709876,0.322519008436339,0.9836447658118337
mace_polar_s,MACE-POLAR-1-S,canonical_p3__mobley_3047364__cluster_3water__compressed,mobley_3047364,compressed,0.5585530824824376,0.00657425556091703,0.14043776800686877
mace_polar_s,MACE-POLAR-1-S,canonical_p3__mobley_3047364__cluster_3water__cooperative,mobley_3047364,cooperative,1.596370661317595,0.3916275136302117,1.0839199882328192
mace_polar_s,MACE-POLAR-1-S,canonical_p3__mobley_3047364__cluster_3water__equilibrium,mobley_3047364,equilibrium,1.0563425473027483,0.1297666407279287,0.6239390372334352
mace_polar_s,MACE-POLAR-1-S,canonical_p3__mobley_3047364__cluster_3water__orientation,mobley_3047364,orientation,0.8110440244510725,0.01653296859711551,0.22270811792870623
mace_polar_s,MACE-POLAR-1-S,canonical_p3__mobley_3709920__cluster_3water__compressed,mobley_3709920,compressed,0.4882234543222431,0.0028966349140344956,0.09321965856032453
mace_polar_s,MACE-POLAR-1-S,canonical_p3__mobley_3709920__cluster_3water__cooperative,mobley_3709920,cooperative,0.451424748325631,0.0008415927259637769,0.050247170844648865
mace_polar_s,MACE-POLAR-1-S,canonical_p3__mobley_3709920__cluster_3water__equilibrium,mobley_3709920,equilibrium,0.611777452126105,0.02573175370778875,0.2778403518630191
mace_polar_s,MACE-POLAR-1-S,canonical_p3__mobley_3709920__cluster_3water__orientation,mobley_3709920,orientation,0.8731562539317045,0.0021218238950008006,0.0797839061778903
mace_polar_s,MACE-POLAR-1-S,canonical_p3__mobley_3777264__cluster_3water__compressed,mobley_3777264,compressed,0.559227941621534,0.2284632626549649,0.8278827138942416
mace_polar_s,MACE-POLAR-1-S,canonical_p3__mobley_3777264__cluster_3water__cooperative,mobley_3777264,cooperative,0.7215231549883734,0.010735416303742312,0.17946099551497793
mace_polar_s,MACE-POLAR-1-S,canonical_p3__mobley_3777264__cluster_3water__equilibrium,mobley_3777264,equilibrium,0.5708315628931848,0.02976047282620527,0.29879996398697206
mace_polar_s,MACE-POLAR-1-S,canonical_p3__mobley_3777264__cluster_3water__orientation,mobley_3777264,orientation,0.8917261018507433,0.055127065947825654,0.40667087164373716
mace_polar_s,MACE-POLAR-1-S,canonical_p3__mobley_4479135__cluster_3water__compressed,mobley_4479135,compressed,0.41434703425391245,0.01745361370341524,0.2288249136572452
mace_polar_s,MACE-POLAR-1-S,canonical_p3__mobley_4479135__cluster_3water__cooperative,mobley_4479135,cooperative,0.6627261549463009,0.020503362853740752,0.24801227502126233
mace_polar_s,MACE-POLAR-1-S,canonical_p3__mobley_4479135__cluster_3water__equilibrium,mobley_4479135,equilibrium,0.7566343648611529,0.07160812311684624,0.4634914986820564
mace_polar_s,MACE-POLAR-1-S,canonical_p3__mobley_4479135__cluster_3water__orientation,mobley_4479135,orientation,0.9046202218081165,0.06288836938060578,0.43435596938665105
mace_polar_s,MACE-POLAR-1-S,canonical_p3__mobley_4934872__cluster_3water__compressed,mobley_4934872,compressed,0.7095426101009701,0.010054550404251681,0.1736768585988215
mace_polar_s,MACE-POLAR-1-S,canonical_p3__mobley_4934872__cluster_3water__cooperative,mobley_4934872,cooperative,0.8146645026628974,0.0010398915204073357,0.05585404695473737
mace_polar_s,MACE-POLAR-1-S,canonical_p3__mobley_4934872__cluster_3water__equilibrium,mobley_4934872,equilibrium,0.6564652711482425,0.02158923460154911,0.25449499760240346
mace_polar_s,MACE-POLAR-1-S,canonical_p3__mobley_4934872__cluster_3water__orientation,mobley_4934872,orientation,0.7615142966910747,0.07563997409964672,0.47636112593172436
mace_polar_s,MACE-POLAR-1-S,canonical_p3__mobley_5200358__cluster_3water__compressed,mobley_5200358,compressed,0.4072264802904721,0.004125465369789544,0.11124925217442422
mace_polar_s,MACE-POLAR-1-S,canonical_p3__mobley_5200358__cluster_3water__cooperative,mobley_5200358,cooperative,0.3600477478152365,0.022823408786299054,0.26166816076645083
mace_polar_s,MACE-POLAR-1-S,canonical_p3__mobley_5200358__cluster_3water__equilibrium,mobley_5200358,equilibrium,0.8316391786456326,0.03295972071235517,0.3144505718504349
mace_polar_s,MACE-POLAR-1-S,canonical_p3__mobley_5200358__cluster_3water__orientation,mobley_5200358,orientation,0.7873682076821559,0.0018241114558742392,0.07397522806739239
mace_polar_s,MACE-POLAR-1-S,canonical_p3__mobley_6239320__cluster_3water__compressed,mobley_6239320,compressed,0.6211944216590731,0.07865775455828024,0.4857707933530388
mace_polar_s,MACE-POLAR-1-S,canonical_p3__mobley_6239320__cluster_3water__cooperative,mobley_6239320,cooperative,0.7352434348305993,0.02579116085139822,0.2781608932869512
mace_polar_s,MACE-POLAR-1-S,canonical_p3__mobley_6239320__cluster_3water__equilibrium,mobley_6239320,equilibrium,0.933270699067855,0.030687450744034037,0.30341778496341
mace_polar_s,MACE-POLAR-1-S,canonical_p3__mobley_6239320__cluster_3water__orientation,mobley_6239320,orientation,0.7816779619783556,0.03352106603374725,0.3171170101102143
mace_polar_s,MACE-POLAR-1-S,canonical_p3__mobley_7578802__cluster_3water__compressed,mobley_7578802,compressed,1.299801707394148,0.41333874902565987,1.1135601676950282
mace_polar_s,MACE-POLAR-1-S,canonical_p3__mobley_7578802__cluster_3water__cooperative,mobley_7578802,cooperative,2.1269413270952264,0.195700022986784,0.7662245551797149
mace_polar_s,MACE-POLAR-1-S,canonical_p3__mobley_7578802__cluster_3water__equilibrium,mobley_7578802,equilibrium,0.6871605109806924,0.19673144532861842,0.7682410663234915
mace_polar_s,MACE-POLAR-1-S,canonical_p3__mobley_7578802__cluster_3water__orientation,mobley_7578802,orientation,0.592204560092768,0.19245892241737028,0.7598531221572435
mace_polar_s,MACE-POLAR-1-S,canonical_p3__mobley_8337722__cluster_3water__compressed,mobley_8337722,compressed,0.44795683716076184,0.001936580734839627,0.07622166492880407
mace_polar_s,MACE-POLAR-1-S,canonical_p3__mobley_8337722__cluster_3water__cooperative,mobley_8337722,cooperative,0.5185092072732134,0.005213664610515845,0.12506395896319425
mace_polar_s,MACE-POLAR-1-S,canonical_p3__mobley_8337722__cluster_3water__equilibrium,mobley_8337722,equilibrium,0.8958596263076203,0.024223522186190626,0.26957478843276844
mace_polar_s,MACE-POLAR-1-S,canonical_p3__mobley_8337722__cluster_3water__orientation,mobley_8337722,orientation,0.7735968584626072,0.037291576275956126,0.33447679863911095
mace_polar_s,MACE-POLAR-1-S,canonical_p3__mobley_9007496__cluster_3water__compressed,mobley_9007496,compressed,0.4742685118624571,0.10121482510908004,0.5510394498828919
mace_polar_s,MACE-POLAR-1-S,canonical_p3__mobley_9007496__cluster_3water__cooperative,mobley_9007496,cooperative,0.8344321179077971,0.0034224294468355575,0.10132762871254154
mace_polar_s,MACE-POLAR-1-S,canonical_p3__mobley_9007496__cluster_3water__equilibrium,mobley_9007496,equilibrium,0.5019414150685826,0.04017187007857386,0.3471535830662296
mace_polar_s,MACE-POLAR-1-S,canonical_p3__mobley_9007496__cluster_3water__orientation,mobley_9007496,orientation,0.6922068311710102,0.056943433317156976,0.41331622270541346
mace_polar_s,MACE-POLAR-1-S,canonical_p3__mobley_9460824__cluster_3water__compressed,mobley_9460824,compressed,0.7489733951352566,0.003924655370143723,0.10850790805481032
mace_polar_s,MACE-POLAR-1-S,canonical_p3__mobley_9460824__cluster_3water__cooperative,mobley_9460824,cooperative,0.9087275764543777,0.0017242854096026297,0.0719225710664454
mace_polar_s,MACE-POLAR-1-S,canonical_p3__mobley_9460824__cluster_3water__equilibrium,mobley_9460824,equilibrium,0.7214732608674437,0.04868015872979986,0.3821524253349697
mace_polar_s,MACE-POLAR-1-S,canonical_p3__mobley_9460824__cluster_3water__orientation,mobley_9460824,orientation,0.6820338961663147,0.019758009690695244,0.24346258248873837
mace_polar_s,MACE-POLAR-1-S,canonical_p3__mobley_9534740__cluster_3water__compressed,mobley_9534740,compressed,0.5178393153173305,0.00831777168960424,0.15796618330773432
mace_polar_s,MACE-POLAR-1-S,canonical_p3__mobley_9534740__cluster_3water__cooperative,mobley_9534740,cooperative,0.7441744925856949,0.004846553222912004,0.12058051114809562
mace_polar_s,MACE-POLAR-1-S,canonical_p3__mobley_9534740__cluster_3water__equilibrium,mobley_9534740,equilibrium,0.867929425006094,0.1089097210132924,0.5716022769722644
mace_polar_s,MACE-POLAR-1-S,canonical_p3__mobley_9534740__cluster_3water__orientation,mobley_9534740,orientation,0.502430317173343,0.05028127767933468,0.38838619058612783
mace_polar_s,MACE-POLAR-1-S,canonical_p3__mobley_9741965__cluster_3water__compressed,mobley_9741965,compressed,0.5928453483934073,0.06199866295326386,0.43127252272755745
mace_polar_s,MACE-POLAR-1-S,canonical_p3__mobley_9741965__cluster_3water__cooperative,mobley_9741965,cooperative,0.49688473620292384,0.0016377965409694452,0.07009557491674019
mace_polar_s,MACE-POLAR-1-S,canonical_p3__mobley_9741965__cluster_3water__equilibrium,mobley_9741965,equilibrium,0.767592489511884,0.09557436023320283,0.5354652936461974
mace_polar_s,MACE-POLAR-1-S,canonical_p3__mobley_9741965__cluster_3water__orientation,mobley_9741965,orientation,1.0065056373808272,0.0516194384905285,0.3935204130303605
aimnet2,AIMNet2,canonical_p3__mobley_1278715__cluster_3water__compressed,mobley_1278715,compressed,1.363212678392281,0.06016902213531311,0.4248612319404294
aimnet2,AIMNet2,canonical_p3__mobley_1278715__cluster_3water__cooperative,mobley_1278715,cooperative,1.267998342239425,0.06701659988680689,0.448385771028052
aimnet2,AIMNet2,canonical_p3__mobley_1278715__cluster_3water__equilibrium,mobley_1278715,equilibrium,0.5401793079478215,0.018454021711606036,0.23529144721986414
aimnet2,AIMNet2,canonical_p3__mobley_1278715__cluster_3water__orientation,mobley_1278715,orientation,1.0860853676031434,0.02537541222625661,0.2759098343277561
aimnet2,AIMNet2,canonical_p3__mobley_1352110__cluster_3water__compressed,mobley_1352110,compressed,0.5449794220029187,0.0012333214725825416,0.06082733281796617
aimnet2,AIMNet2,canonical_p3__mobley_1352110__cluster_3water__cooperative,mobley_1352110,cooperative,0.591516786388057,0.01094414156792553,0.1811971983883211
aimnet2,AIMNet2,canonical_p3__mobley_1352110__cluster_3water__equilibrium,mobley_1352110,equilibrium,0.8323010002646306,0.02508899978007956,0.27434831754585026
aimnet2,AIMNet2,canonical_p3__mobley_1352110__cluster_3water__orientation,mobley_1352110,orientation,0.9582018680161668,0.037843804179768716,0.3369442276390948
aimnet2,AIMNet2,canonical_p3__mobley_1723043__cluster_3water__compressed,mobley_1723043,compressed,1.578363160411381,1.4939936496054527,2.1170689523056065
aimnet2,AIMNet2,canonical_p3__mobley_1723043__cluster_3water__cooperative,mobley_1723043,cooperative,1.33862413496102,0.34006686695773863,1.0100498011846821
aimnet2,AIMNet2,canonical_p3__mobley_1723043__cluster_3water__equilibrium,mobley_1723043,equilibrium,1.2025101564877692,0.002272510834139756,0.08256835048866647
aimnet2,AIMNet2,canonical_p3__mobley_1723043__cluster_3water__orientation,mobley_1723043,orientation,0.8343661095458442,0.004891047519359141,0.1211327476699733
aimnet2,AIMNet2,canonical_p3__mobley_172879__cluster_3water__compressed,mobley_172879,compressed,0.5180157283483603,0.07548669353387025,0.4758782203480327
aimnet2,AIMNet2,canonical_p3__mobley_172879__cluster_3water__cooperative,mobley_172879,cooperative,0.5073220662270909,0.0600041464581977,0.42427872840220626
aimnet2,AIMNet2,canonical_p3__mobley_172879__cluster_3water__equilibrium,mobley_172879,equilibrium,0.38793676611611877,0.01648805473692384,0.22240540508443477
aimnet2,AIMNet2,canonical_p3__mobley_172879__cluster_3water__orientation,mobley_172879,orientation,1.447618684058227,0.21993934703167206,0.8122918447793356
aimnet2,AIMNet2,canonical_p3__mobley_2261979__cluster_3water__compressed,mobley_2261979,compressed,0.6400116492266889,0.04523424996599685,0.36837854158187683
aimnet2,AIMNet2,canonical_p3__mobley_2261979__cluster_3water__cooperative,mobley_2261979,cooperative,0.6267738739390936,0.0040843736907570675,0.1106938167752436
aimnet2,AIMNet2,canonical_p3__mobley_2261979__cluster_3water__equilibrium,mobley_2261979,equilibrium,0.45834165082402917,0.005209150338566708,0.12500980367835204
aimnet2,AIMNet2,canonical_p3__mobley_2261979__cluster_3water__orientation,mobley_2261979,orientation,1.5614395467115156,0.025638716113921812,0.27733760715374584
aimnet2,AIMNet2,canonical_p3__mobley_2689721__cluster_3water__compressed,mobley_2689721,compressed,0.5355720052727205,0.04721567201880636,0.3763602211398265
aimnet2,AIMNet2,canonical_p3__mobley_2689721__cluster_3water__cooperative,mobley_2689721,cooperative,0.9001185113338819,0.20177195036824505,0.778020469592372
aimnet2,AIMNet2,canonical_p3__mobley_2689721__cluster_3water__equilibrium,mobley_2689721,equilibrium,0.903345147127498,0.022181395706114018,0.2579616000848616
aimnet2,AIMNet2,canonical_p3__mobley_2689721__cluster_3water__orientation,mobley_2689721,orientation,0.9568386451908344,0.013960718926896973,0.2046513053481236
aimnet2,AIMNet2,canonical_p3__mobley_2727678__cluster_3water__compressed,mobley_2727678,compressed,0.6860768652329873,0.06984440406294203,0.45774797890195656
aimnet2,AIMNet2,canonical_p3__mobley_2727678__cluster_3water__cooperative,mobley_2727678,cooperative,0.6722970364302272,0.23974825886135145,0.8480830009993446
aimnet2,AIMNet2,canonical_p3__mobley_2727678__cluster_3water__equilibrium,mobley_2727678,equilibrium,0.846227486796395,0.3323713443135979,0.998555973864657
aimnet2,AIMNet2,canonical_p3__mobley_2727678__cluster_3water__orientation,mobley_2727678,orientation,1.1806823748751833,0.619520953517513,1.3632911870002458
aimnet2,AIMNet2,canonical_p3__mobley_3047364__cluster_3water__compressed,mobley_3047364,compressed,0.6062648392570548,0.027368373113058203,0.2865399088070885
aimnet2,AIMNet2,canonical_p3__mobley_3047364__cluster_3water__cooperative,mobley_3047364,cooperative,0.590705153976358,0.0004932992910184977,0.038469440768686684
aimnet2,AIMNet2,canonical_p3__mobley_3047364__cluster_3water__equilibrium,mobley_3047364,equilibrium,1.1322119306974134,0.06199376292257905,0.4312554796958957
aimnet2,AIMNet2,canonical_p3__mobley_3047364__cluster_3water__orientation,mobley_3047364,orientation,0.9684482712420062,0.023764804940718736,0.2670101399238542
aimnet2,AIMNet2,canonical_p3__mobley_3709920__cluster_3water__compressed,mobley_3709920,compressed,0.7833117646383837,0.07885756513085969,0.48638739230430206
aimnet2,AIMNet2,canonical_p3__mobley_3709920__cluster_3water__cooperative,mobley_3709920,cooperative,0.8895629247917826,0.05983719784133429,0.4236880851805994
aimnet2,AIMNet2,canonical_p3__mobley_3709920__cluster_3water__equilibrium,mobley_3709920,equilibrium,0.7643170604843604,0.02601598064859569,0.27937061754197967
aimnet2,AIMNet2,canonical_p3__mobley_3709920__cluster_3water__orientation,mobley_3709920,orientation,0.7284455868123948,0.001275646071963472,0.06186225194648523
aimnet2,AIMNet2,canonical_p3__mobley_3777264__cluster_3water__compressed,mobley_3777264,compressed,0.4987534444914004,0.12082535049496819,0.6020598404518479
aimnet2,AIMNet2,canonical_p3__mobley_3777264__cluster_3water__cooperative,mobley_3777264,cooperative,0.579428505690709,0.010640265496270701,0.17866392050106844
aimnet2,AIMNet2,canonical_p3__mobley_3777264__cluster_3water__equilibrium,mobley_3777264,equilibrium,0.27204196074592324,0.04033268252520098,0.3478477361944489
aimnet2,AIMNet2,canonical_p3__mobley_3777264__cluster_3water__orientation,mobley_3777264,orientation,0.6721721551330273,0.003047023554242731,0.09560894656217164
aimnet2,AIMNet2,canonical_p3__mobley_4479135__cluster_3water__compressed,mobley_4479135,compressed,0.695008207225144,0.09550725727943732,0.5352772850012524
aimnet2,AIMNet2,canonical_p3__mobley_4479135__cluster_3water__cooperative,mobley_4479135,cooperative,0.6063023813256682,0.011256129103214914,0.18376176781268933
aimnet2,AIMNet2,canonical_p3__mobley_4479135__cluster_3water__equilibrium,mobley_4479135,equilibrium,0.8283762723852102,0.07146473428674932,0.46302721611180475
aimnet2,AIMNet2,canonical_p3__mobley_4479135__cluster_3water__orientation,mobley_4479135,orientation,0.9532736245817203,0.003515982693890965,0.10270320385300984
aimnet2,AIMNet2,canonical_p3__mobley_4934872__cluster_3water__compressed,mobley_4934872,compressed,0.6804247052505553,5.8191797289538805e-05,0.013212698129777142
aimnet2,AIMNet2,canonical_p3__mobley_4934872__cluster_3water__cooperative,mobley_4934872,cooperative,0.5762172327023883,0.01556302341327651,0.21607653792077827
aimnet2,AIMNet2,canonical_p3__mobley_4934872__cluster_3water__equilibrium,mobley_4934872,equilibrium,0.5036990112775079,0.006333362126879599,0.13784080085605568
aimnet2,AIMNet2,canonical_p3__mobley_4934872__cluster_3water__orientation,mobley_4934872,orientation,0.5791634440037959,0.003713680549926317,0.10555113286828784
aimnet2,AIMNet2,canonical_p3__mobley_5200358__cluster_3water__compressed,mobley_5200358,compressed,0.6058642537584761,0.5343564560374361,1.2661237570286359
aimnet2,AIMNet2,canonical_p3__mobley_5200358__cluster_3water__cooperative,mobley_5200358,cooperative,0.7614479490426884,0.18894810578378637,0.7528906410305278
aimnet2,AIMNet2,canonical_p3__mobley_5200358__cluster_3water__equilibrium,mobley_5200358,equilibrium,0.9344162912091118,0.014765147113056673,0.21046482209426357
aimnet2,AIMNet2,canonical_p3__mobley_5200358__cluster_3water__orientation,mobley_5200358,orientation,0.948074271293573,0.008932666142792462,0.16370094205097718
aimnet2,AIMNet2,canonical_p3__mobley_6239320__cluster_3water__compressed,mobley_6239320,compressed,0.7539055505762593,0.02232759171053003,0.25881030723599496
aimnet2,AIMNet2,canonical_p3__mobley_6239320__cluster_3water__cooperative,mobley_6239320,cooperative,0.7455694180120005,0.15230493209747106,0.6759547294696688
aimnet2,AIMNet2,canonical_p3__mobley_6239320__cluster_3water__equilibrium,mobley_6239320,equilibrium,1.0354807184308603,0.05991666910943209,0.4239693471564852
aimnet2,AIMNet2,canonical_p3__mobley_6239320__cluster_3water__orientation,mobley_6239320,orientation,0.8776351219158239,0.023361874908339145,0.2647368971734341
aimnet2,AIMNet2,canonical_p3__mobley_7578802__cluster_3water__compressed,mobley_7578802,compressed,0.5454658547423719,0.21997146921174415,0.8123511602966
aimnet2,AIMNet2,canonical_p3__mobley_7578802__cluster_3water__cooperative,mobley_7578802,cooperative,1.891197874467138,0.15250054796190685,0.6763886781176341
aimnet2,AIMNet2,canonical_p3__mobley_7578802__cluster_3water__equilibrium,mobley_7578802,equilibrium,0.49669914534478077,0.0227850650728163,0.26144826489852424
aimnet2,AIMNet2,canonical_p3__mobley_7578802__cluster_3water__orientation,mobley_7578802,orientation,0.3199524665282517,0.00795272384808626,0.1544609062004324
aimnet2,AIMNet2,canonical_p3__mobley_8337722__cluster_3water__compressed,mobley_8337722,compressed,0.6065663045282337,0.07446026632454013,0.47263177947914203
aimnet2,AIMNet2,canonical_p3__mobley_8337722__cluster_3water__cooperative,mobley_8337722,cooperative,0.6204169905832672,0.05816233208385516,0.41771640649077396
aimnet2,AIMNet2,canonical_p3__mobley_8337722__cluster_3water__equilibrium,mobley_8337722,equilibrium,0.8864476188341683,0.10686516911218806,0.5662115393883845
aimnet2,AIMNet2,canonical_p3__mobley_8337722__cluster_3water__orientation,mobley_8337722,orientation,1.1801303202317055,0.38637659256274076,1.0766288950646934
aimnet2,AIMNet2,canonical_p3__mobley_9007496__cluster_3water__compressed,mobley_9007496,compressed,0.5842755709235907,0.006964359195381006,0.1445443792962667
aimnet2,AIMNet2,canonical_p3__mobley_9007496__cluster_3water__cooperative,mobley_9007496,cooperative,0.4965148462919311,0.013385841754793166,0.20039342620051062
aimnet2,AIMNet2,canonical_p3__mobley_9007496__cluster_3water__equilibrium,mobley_9007496,equilibrium,0.46792957921727407,0.08346824895019721,0.5004045831630558
aimnet2,AIMNet2,canonical_p3__mobley_9007496__cluster_3water__orientation,mobley_9007496,orientation,0.6325179880194888,0.014743896552265231,0.21031331307550574
aimnet2,AIMNet2,canonical_p3__mobley_9460824__cluster_3water__compressed,mobley_9460824,compressed,0.6522611182582229,0.08814974818782197,0.5142462878460727
aimnet2,AIMNet2,canonical_p3__mobley_9460824__cluster_3water__cooperative,mobley_9460824,cooperative,0.6599340456533076,0.11401081699052144,0.5848354050256912
aimnet2,AIMNet2,canonical_p3__mobley_9460824__cluster_3water__equilibrium,mobley_9460824,equilibrium,0.7691718258251427,0.04527558712330452,0.36854682384998727
aimnet2,AIMNet2,canonical_p3__mobley_9460824__cluster_3water__orientation,mobley_9460824,orientation,0.5488990188766324,0.014527838023306145,0.20876664980288023
aimnet2,AIMNet2,canonical_p3__mobley_9534740__cluster_3water__compressed,mobley_9534740,compressed,0.49401863546794184,0.04094290810527075,0.35046929154465484
aimnet2,AIMNet2,canonical_p3__mobley_9534740__cluster_3water__cooperative,mobley_9534740,cooperative,0.4698160906462849,0.006000588887369297,0.13417066244938902
aimnet2,AIMNet2,canonical_p3__mobley_9534740__cluster_3water__equilibrium,mobley_9534740,equilibrium,0.5459033713204547,0.0024050001631556674,0.0849411589835399
aimnet2,AIMNet2,canonical_p3__mobley_9534740__cluster_3water__orientation,mobley_9534740,orientation,0.5895973700007311,0.022035778590634676,0.25711346867074863
aimnet2,AIMNet2,canonical_p3__mobley_9741965__cluster_3water__compressed,mobley_9741965,compressed,0.6784022318096982,0.27730721232078054,0.9120973834861832
aimnet2,AIMNet2,canonical_p3__mobley_9741965__cluster_3water__cooperative,mobley_9741965,cooperative,0.8524052991380864,0.3615641038555737,1.041485627153213
aimnet2,AIMNet2,canonical_p3__mobley_9741965__cluster_3water__equilibrium,mobley_9741965,equilibrium,0.45748525232955833,0.008765746714399059,0.16216423817598372
aimnet2,AIMNet2,canonical_p3__mobley_9741965__cluster_3water__orientation,mobley_9741965,orientation,0.6471392526721945,0.004285062102272722,0.11338071399853754
mace_mdp,MACE-MDP,canonical_p3__mobley_1278715__cluster_3water__compressed,mobley_1278715,compressed,,0.0024272196638575757,0.08533263731757461
mace_mdp,MACE-MDP,canonical_p3__mobley_1278715__cluster_3water__cooperative,mobley_1278715,cooperative,,0.06236013681239875,0.43252793023941966
mace_mdp,MACE-MDP,canonical_p3__mobley_1278715__cluster_3water__equilibrium,mobley_1278715,equilibrium,,0.0007987969164286924,0.04895294423511294
mace_mdp,MACE-MDP,canonical_p3__mobley_1278715__cluster_3water__orientation,mobley_1278715,orientation,,0.022501126646417496,0.25981412575003016
mace_mdp,MACE-MDP,canonical_p3__mobley_1352110__cluster_3water__compressed,mobley_1352110,compressed,,0.0029661117801630422,0.09433098823021588
mace_mdp,MACE-MDP,canonical_p3__mobley_1352110__cluster_3water__cooperative,mobley_1352110,cooperative,,1.332099052672716,1.9990740751703395
mace_mdp,MACE-MDP,canonical_p3__mobley_1352110__cluster_3water__equilibrium,mobley_1352110,equilibrium,,0.0006331688508191945,0.04358332883635191
mace_mdp,MACE-MDP,canonical_p3__mobley_1352110__cluster_3water__orientation,mobley_1352110,orientation,,0.0005880616114498451,0.042002200351285594
mace_mdp,MACE-MDP,canonical_p3__mobley_1723043__cluster_3water__compressed,mobley_1723043,compressed,,0.009296635841115262,0.1670027171136619
mace_mdp,MACE-MDP,canonical_p3__mobley_1723043__cluster_3water__cooperative,mobley_1723043,cooperative,,0.001512986584875981,0.06737180237033846
mace_mdp,MACE-MDP,canonical_p3__mobley_1723043__cluster_3water__equilibrium,mobley_1723043,equilibrium,,0.00019981440377580542,0.024483529388701627
mace_mdp,MACE-MDP,canonical_p3__mobley_1723043__cluster_3water__orientation,mobley_1723043,orientation,,7.197064766045127e-05,0.01469394239070488
mace_mdp,MACE-MDP,canonical_p3__mobley_172879__cluster_3water__compressed,mobley_172879,compressed,,0.0018949103908789634,0.07539715626359451
mace_mdp,MACE-MDP,canonical_p3__mobley_172879__cluster_3water__cooperative,mobley_172879,cooperative,,0.005549374407902023,0.12902760644027333
mace_mdp,MACE-MDP,canonical_p3__mobley_172879__cluster_3water__equilibrium,mobley_172879,equilibrium,,0.0007066610804582074,0.04604327574548343
mace_mdp,MACE-MDP,canonical_p3__mobley_172879__cluster_3water__orientation,mobley_172879,orientation,,0.0018893513766593964,0.07528648039308379
mace_mdp,MACE-MDP,canonical_p3__mobley_2261979__cluster_3water__compressed,mobley_2261979,compressed,,7.84763006227671e-05,0.015343692576049004
mace_mdp,MACE-MDP,canonical_p3__mobley_2261979__cluster_3water__cooperative,mobley_2261979,cooperative,,0.0006198105539226847,0.043121127788684446
mace_mdp,MACE-MDP,canonical_p3__mobley_2261979__cluster_3water__equilibrium,mobley_2261979,equilibrium,,0.0012048842964739062,0.060121983412240475
mace_mdp,MACE-MDP,canonical_p3__mobley_2261979__cluster_3water__orientation,mobley_2261979,orientation,,0.002236302925021423,0.0819079286459148
mace_mdp,MACE-MDP,canonical_p3__mobley_2689721__cluster_3water__compressed,mobley_2689721,compressed,,0.00011365724942393623,0.018465420338346177
mace_mdp,MACE-MDP,canonical_p3__mobley_2689721__cluster_3water__cooperative,mobley_2689721,cooperative,,0.0007342056966285524,0.046932047578234395
mace_mdp,MACE-MDP,canonical_p3__mobley_2689721__cluster_3water__equilibrium,mobley_2689721,equilibrium,,0.0001799326467788223,0.02323355203873198
mace_mdp,MACE-MDP,canonical_p3__mobley_2689721__cluster_3water__orientation,mobley_2689721,orientation,,0.0006448928839420448,0.043984982116924115
mace_mdp,MACE-MDP,canonical_p3__mobley_2727678__cluster_3water__compressed,mobley_2727678,compressed,,0.01419493110933128,0.20636083283412537
mace_mdp,MACE-MDP,canonical_p3__mobley_2727678__cluster_3water__cooperative,mobley_2727678,cooperative,,0.01817199906176126,0.23348661029121945
mace_mdp,MACE-MDP,canonical_p3__mobley_2727678__cluster_3water__equilibrium,mobley_2727678,equilibrium,,0.3404780234006761,1.0106602150089952
mace_mdp,MACE-MDP,canonical_p3__mobley_2727678__cluster_3water__orientation,mobley_2727678,orientation,,0.43307520158854546,1.139835779735676
mace_mdp,MACE-MDP,canonical_p3__mobley_3047364__cluster_3water__compressed,mobley_3047364,compressed,,0.0021017348688278175,0.0794053185024999
mace_mdp,MACE-MDP,canonical_p3__mobley_3047364__cluster_3water__cooperative,mobley_3047364,cooperative,,0.012196896425212463,0.1912869291813672
mace_mdp,MACE-MDP,canonical_p3__mobley_3047364__cluster_3water__equilibrium,mobley_3047364,equilibrium,,0.0016404126113919578,0.07015153479558286
mace_mdp,MACE-MDP,canonical_p3__mobley_3047364__cluster_3water__orientation,mobley_3047364,orientation,,0.001547209526029229,0.06812949858972754
mace_mdp,MACE-MDP,canonical_p3__mobley_3709920__cluster_3water__compressed,mobley_3709920,compressed,,0.0011197205649852691,0.05795827546568141
mace_mdp,MACE-MDP,canonical_p3__mobley_3709920__cluster_3water__cooperative,mobley_3709920,cooperative,,0.005317070468380835,0.1262981053109765
mace_mdp,MACE-MDP,canonical_p3__mobley_3709920__cluster_3water__equilibrium,mobley_3709920,equilibrium,,4.4274840655849284e-05,0.011524952145998172
mace_mdp,MACE-MDP,canonical_p3__mobley_3709920__cluster_3water__orientation,mobley_3709920,orientation,,0.0008143519799990823,0.04942727931008591
mace_mdp,MACE-MDP,canonical_p3__mobley_3777264__cluster_3water__compressed,mobley_3777264,compressed,,0.015454049016319402,0.21531871040148418
mace_mdp,MACE-MDP,canonical_p3__mobley_3777264__cluster_3water__cooperative,mobley_3777264,cooperative,,0.002032554463713004,0.07808753672090708
mace_mdp,MACE-MDP,canonical_p3__mobley_3777264__cluster_3water__equilibrium,mobley_3777264,equilibrium,,0.0022949714844543822,0.0829753846231709
mace_mdp,MACE-MDP,canonical_p3__mobley_3777264__cluster_3water__orientation,mobley_3777264,orientation,,0.0015957098279554983,0.06918908500527012
mace_mdp,MACE-MDP,canonical_p3__mobley_4479135__cluster_3water__compressed,mobley_4479135,compressed,,0.5030773838416757,1.2285080999020832
mace_mdp,MACE-MDP,canonical_p3__mobley_4479135__cluster_3water__cooperative,mobley_4479135,cooperative,,0.0015744762963539754,0.06872720632371089
mace_mdp,MACE-MDP,canonical_p3__mobley_4479135__cluster_3water__equilibrium,mobley_4479135,equilibrium,,0.0001921399749284815,0.024008746839130204
mace_mdp,MACE-MDP,canonical_p3__mobley_4479135__cluster_3water__orientation,mobley_4479135,orientation,,0.0012089205769378944,0.06022260149490126
mace_mdp,MACE-MDP,canonical_p3__mobley_4934872__cluster_3water__compressed,mobley_4934872,compressed,,0.004601513718191724,0.11749272809231714
mace_mdp,MACE-MDP,canonical_p3__mobley_4934872__cluster_3water__cooperative,mobley_4934872,cooperative,,0.0033734460798360982,0.10059989184640455
mace_mdp,MACE-MDP,canonical_p3__mobley_4934872__cluster_3water__equilibrium,mobley_4934872,equilibrium,,0.0026997817181546035,0.08999636189571115
mace_mdp,MACE-MDP,canonical_p3__mobley_4934872__cluster_3water__orientation,mobley_4934872,orientation,,0.0004529801923669584,0.03686381121236483
mace_mdp,MACE-MDP,canonical_p3__mobley_5200358__cluster_3water__compressed,mobley_5200358,compressed,,0.010668556477386959,0.17890128404279518
mace_mdp,MACE-MDP,canonical_p3__mobley_5200358__cluster_3water__cooperative,mobley_5200358,cooperative,,0.01444196059524077,0.2081487011386867
mace_mdp,MACE-MDP,canonical_p3__mobley_5200358__cluster_3water__equilibrium,mobley_5200358,equilibrium,,0.0007928138238197836,0.04876926769451589
mace_mdp,MACE-MDP,canonical_p3__mobley_5200358__cluster_3water__orientation,mobley_5200358,orientation,,0.0010915817869308962,0.057225390874966406
mace_mdp,MACE-MDP,canonical_p3__mobley_6239320__cluster_3water__compressed,mobley_6239320,compressed,,0.00373096681699793,0.1057965049091594
mace_mdp,MACE-MDP,canonical_p3__mobley_6239320__cluster_3water__cooperative,mobley_6239320,cooperative,,0.0005511766291017107,0.040663618718765455
mace_mdp,MACE-MDP,canonical_p3__mobley_6239320__cluster_3water__equilibrium,mobley_6239320,equilibrium,,0.0004350573483940959,0.03612716492035166
mace_mdp,MACE-MDP,canonical_p3__mobley_6239320__cluster_3water__orientation,mobley_6239320,orientation,,0.002139825712987014,0.08012163964224049
mace_mdp,MACE-MDP,canonical_p3__mobley_7578802__cluster_3water__compressed,mobley_7578802,compressed,,1.8076572963869142,2.328727525744638
mace_mdp,MACE-MDP,canonical_p3__mobley_7578802__cluster_3water__cooperative,mobley_7578802,cooperative,,0.008807888194474698,0.16255357450214403
mace_mdp,MACE-MDP,canonical_p3__mobley_7578802__cluster_3water__equilibrium,mobley_7578802,equilibrium,,0.030453498919593803,0.3022589895417197
mace_mdp,MACE-MDP,canonical_p3__mobley_7578802__cluster_3water__orientation,mobley_7578802,orientation,,0.06909064656637824,0.45527128143463513
mace_mdp,MACE-MDP,canonical_p3__mobley_8337722__cluster_3water__compressed,mobley_8337722,compressed,,0.0013200212885017817,0.06292903833291388
mace_mdp,MACE-MDP,canonical_p3__mobley_8337722__cluster_3water__cooperative,mobley_8337722,cooperative,,0.0013831407208788626,0.0644160085897643
mace_mdp,MACE-MDP,canonical_p3__mobley_8337722__cluster_3water__equilibrium,mobley_8337722,equilibrium,,0.0005419325505773441,0.0403211811797724
mace_mdp,MACE-MDP,canonical_p3__mobley_8337722__cluster_3water__orientation,mobley_8337722,orientation,,0.0002898670496821699,0.02948900047554189
mace_mdp,MACE-MDP,canonical_p3__mobley_9007496__cluster_3water__compressed,mobley_9007496,compressed,,0.0048550557489069465,0.1206862347027234
mace_mdp,MACE-MDP,canonical_p3__mobley_9007496__cluster_3water__cooperative,mobley_9007496,cooperative,,0.005019492676653689,0.12271299046947338
mace_mdp,MACE-MDP,canonical_p3__mobley_9007496__cluster_3water__equilibrium,mobley_9007496,equilibrium,,0.007294817668671699,0.1479339481187976
mace_mdp,MACE-MDP,canonical_p3__mobley_9007496__cluster_3water__orientation,mobley_9007496,orientation,,0.005528229965008642,0.12878155883132464
mace_mdp,MACE-MDP,canonical_p3__mobley_9460824__cluster_3water__compressed,mobley_9460824,compressed,,0.013608995505567512,0.20205688930769605
mace_mdp,MACE-MDP,canonical_p3__mobley_9460824__cluster_3water__cooperative,mobley_9460824,cooperative,,0.017833023890197572,0.23129866335669283
mace_mdp,MACE-MDP,canonical_p3__mobley_9460824__cluster_3water__equilibrium,mobley_9460824,equilibrium,,0.001644725886378361,0.07024370191793057
mace_mdp,MACE-MDP,canonical_p3__mobley_9460824__cluster_3water__orientation,mobley_9460824,orientation,,0.0007926938938007236,0.048765578858475274
mace_mdp,MACE-MDP,canonical_p3__mobley_9534740__cluster_3water__compressed,mobley_9534740,compressed,,0.0022002143474207534,0.08124434160150638
mace_mdp,MACE-MDP,canonical_p3__mobley_9534740__cluster_3water__cooperative,mobley_9534740,cooperative,,0.0019637404702019224,0.07675429245720246
mace_mdp,MACE-MDP,canonical_p3__mobley_9534740__cluster_3water__equilibrium,mobley_9534740,equilibrium,,0.003815596967169611,0.10698967661185275
mace_mdp,MACE-MDP,canonical_p3__mobley_9534740__cluster_3water__orientation,mobley_9534740,orientation,,0.0003466745904344309,0.03224939954950003
mace_mdp,MACE-MDP,canonical_p3__mobley_9741965__cluster_3water__compressed,mobley_9741965,compressed,,0.005111790892479604,0.12383607179428299
mace_mdp,MACE-MDP,canonical_p3__mobley_9741965__cluster_3water__cooperative,mobley_9741965,cooperative,,0.0032751449668380977,0.09912333176661432
mace_mdp,MACE-MDP,canonical_p3__mobley_9741965__cluster_3water__equilibrium,mobley_9741965,equilibrium,,0.0010368473792711286,0.05577223447032928
mace_mdp,MACE-MDP,canonical_p3__mobley_9741965__cluster_3water__orientation,mobley_9741965,orientation,,0.004608262176936968,0.11757885239621496
gfn2_xtb,GFN2-xTB,canonical_p3__mobley_1278715__cluster_3water__compressed,mobley_1278715,compressed,,0.44488757911717086,1.1552760437884586
gfn2_xtb,GFN2-xTB,canonical_p3__mobley_1278715__cluster_3water__cooperative,mobley_1278715,cooperative,,0.005512479181963437,0.12859796866937795
gfn2_xtb,GFN2-xTB,canonical_p3__mobley_1278715__cluster_3water__equilibrium,mobley_1278715,equilibrium,,0.18641369065003977,0.7478242253030583
gfn2_xtb,GFN2-xTB,canonical_p3__mobley_1278715__cluster_3water__orientation,mobley_1278715,orientation,,0.10691039872531981,0.5663313483959364
gfn2_xtb,GFN2-xTB,canonical_p3__mobley_1352110__cluster_3water__compressed,mobley_1352110,compressed,,0.04626026753907078,0.3725329550754032
gfn2_xtb,GFN2-xTB,canonical_p3__mobley_1352110__cluster_3water__cooperative,mobley_1352110,cooperative,,0.025149378195433243,0.2746782382830859
gfn2_xtb,GFN2-xTB,canonical_p3__mobley_1352110__cluster_3water__equilibrium,mobley_1352110,equilibrium,,0.020678906561681133,0.24907171594752262
gfn2_xtb,GFN2-xTB,canonical_p3__mobley_1352110__cluster_3water__orientation,mobley_1352110,orientation,,0.01160029286788198,0.1865499359518677
gfn2_xtb,GFN2-xTB,canonical_p3__mobley_1723043__cluster_3water__compressed,mobley_1723043,compressed,,0.0778061619254977,0.4831340246520556
gfn2_xtb,GFN2-xTB,canonical_p3__mobley_1723043__cluster_3water__cooperative,mobley_1723043,cooperative,,0.03773043656515829,0.3364391619527591
gfn2_xtb,GFN2-xTB,canonical_p3__mobley_1723043__cluster_3water__equilibrium,mobley_1723043,equilibrium,,0.016247731389736737,0.2207786089484446
gfn2_xtb,GFN2-xTB,canonical_p3__mobley_1723043__cluster_3water__orientation,mobley_1723043,orientation,,0.012103337915423083,0.19055186628912676
gfn2_xtb,GFN2-xTB,canonical_p3__mobley_172879__cluster_3water__compressed,mobley_172879,compressed,,0.024615826184510334,0.2717489255793498
gfn2_xtb,GFN2-xTB,canonical_p3__mobley_172879__cluster_3water__cooperative,mobley_172879,cooperative,,0.014925713023276057,0.21160609412261305
gfn2_xtb,GFN2-xTB,canonical_p3__mobley_172879__cluster_3water__equilibrium,mobley_172879,equilibrium,,0.00775951391604017,0.1525730701930079
gfn2_xtb,GFN2-xTB,canonical_p3__mobley_172879__cluster_3water__orientation,mobley_172879,orientation,,0.006751152534799454,0.14231464297252885
gfn2_xtb,GFN2-xTB,canonical_p3__mobley_2261979__cluster_3water__compressed,mobley_2261979,compressed,,0.05375184948766706,0.40156636869015955
gfn2_xtb,GFN2-xTB,canonical_p3__mobley_2261979__cluster_3water__cooperative,mobley_2261979,cooperative,,0.018551859692202872,0.2359143469071108
gfn2_xtb,GFN2-xTB,canonical_p3__mobley_2261979__cluster_3water__equilibrium,mobley_2261979,equilibrium,,0.050946241389144865,0.3909459350951671
gfn2_xtb,GFN2-xTB,canonical_p3__mobley_2261979__cluster_3water__orientation,mobley_2261979,orientation,,0.041091397645147666,0.3511042479598374
gfn2_xtb,GFN2-xTB,canonical_p3__mobley_2689721__cluster_3water__compressed,mobley_2689721,compressed,,0.07936715937487504,0.48795643055976334
gfn2_xtb,GFN2-xTB,canonical_p3__mobley_2689721__cluster_3water__cooperative,mobley_2689721,cooperative,,0.0396186316154299,0.3447548329556668
gfn2_xtb,GFN2-xTB,canonical_p3__mobley_2689721__cluster_3water__equilibrium,mobley_2689721,equilibrium,,0.018426979473565596,0.23511898779277013
gfn2_xtb,GFN2-xTB,canonical_p3__mobley_2689721__cluster_3water__orientation,mobley_2689721,orientation,,0.007402734407872577,0.14902416993098042
gfn2_xtb,GFN2-xTB,canonical_p3__mobley_2727678__cluster_3water__compressed,mobley_2727678,compressed,,0.036515749676176566,0.3309792274879644
gfn2_xtb,GFN2-xTB,canonical_p3__mobley_2727678__cluster_3water__cooperative,mobley_2727678,cooperative,,0.12796936426367986,0.6196031736450675
gfn2_xtb,GFN2-xTB,canonical_p3__mobley_2727678__cluster_3water__equilibrium,mobley_2727678,equilibrium,,0.4756840473354791,1.194592877095137
gfn2_xtb,GFN2-xTB,canonical_p3__mobley_2727678__cluster_3water__orientation,mobley_2727678,orientation,,0.4625773876093911,1.178020442449185
gfn2_xtb,GFN2-xTB,canonical_p3__mobley_3047364__cluster_3water__compressed,mobley_3047364,compressed,,0.02443980309663948,0.27077556996508834
gfn2_xtb,GFN2-xTB,canonical_p3__mobley_3047364__cluster_3water__cooperative,mobley_3047364,cooperative,,0.025107062098523387,0.2744470555418115
gfn2_xtb,GFN2-xTB,canonical_p3__mobley_3047364__cluster_3water__equilibrium,mobley_3047364,equilibrium,,0.0016487430401078416,0.07032943281673416
gfn2_xtb,GFN2-xTB,canonical_p3__mobley_3047364__cluster_3water__orientation,mobley_3047364,orientation,,0.023768727708351686,0.2670321761980287
gfn2_xtb,GFN2-xTB,canonical_p3__mobley_3709920__cluster_3water__compressed,mobley_3709920,compressed,,0.04793217268232164,0.3792051134240741
gfn2_xtb,GFN2-xTB,canonical_p3__mobley_3709920__cluster_3water__cooperative,mobley_3709920,cooperative,,0.03897424450384754,0.3419396635541753
gfn2_xtb,GFN2-xTB,canonical_p3__mobley_3709920__cluster_3water__equilibrium,mobley_3709920,equilibrium,,0.036705195457468816,0.3318366862967482
gfn2_xtb,GFN2-xTB,canonical_p3__mobley_3709920__cluster_3water__orientation,mobley_3709920,orientation,,0.004004085587188878,0.10960044142961577
gfn2_xtb,GFN2-xTB,canonical_p3__mobley_3777264__cluster_3water__compressed,mobley_3777264,compressed,,0.15348384405720653,0.6785657905992754
gfn2_xtb,GFN2-xTB,canonical_p3__mobley_3777264__cluster_3water__cooperative,mobley_3777264,cooperative,,0.035961966127711555,0.3284598885452144
gfn2_xtb,GFN2-xTB,canonical_p3__mobley_3777264__cluster_3water__equilibrium,mobley_3777264,equilibrium,,0.010460545409583357,0.17714862751020702
gfn2_xtb,GFN2-xTB,canonical_p3__mobley_3777264__cluster_3water__orientation,mobley_3777264,orientation,,0.10248224986882158,0.5544788089787244
gfn2_xtb,GFN2-xTB,canonical_p3__mobley_4479135__cluster_3water__compressed,mobley_4479135,compressed,,0.07942990253543121,0.4881492677514672
gfn2_xtb,GFN2-xTB,canonical_p3__mobley_4479135__cluster_3water__cooperative,mobley_4479135,cooperative,,0.028362654431284745,0.291698411538106
gfn2_xtb,GFN2-xTB,canonical_p3__mobley_4479135__cluster_3water__equilibrium,mobley_4479135,equilibrium,,0.009071173802906297,0.16496521272292194
gfn2_xtb,GFN2-xTB,canonical_p3__mobley_4479135__cluster_3water__orientation,mobley_4479135,orientation,,0.018609618042153095,0.23628130295573385
gfn2_xtb,GFN2-xTB,canonical_p3__mobley_4934872__cluster_3water__compressed,mobley_4934872,compressed,,0.04406564508366426,0.3635889646991404
gfn2_xtb,GFN2-xTB,canonical_p3__mobley_4934872__cluster_3water__cooperative,mobley_4934872,cooperative,,0.012598131441255723,0.19440780417402787
gfn2_xtb,GFN2-xTB,canonical_p3__mobley_4934872__cluster_3water__equilibrium,mobley_4934872,equilibrium,,0.016326008691614338,0.2213097966083811
gfn2_xtb,GFN2-xTB,canonical_p3__mobley_4934872__cluster_3water__orientation,mobley_4934872,orientation,,0.01644326768641983,0.22210313608605237
gfn2_xtb,GFN2-xTB,canonical_p3__mobley_5200358__cluster_3water__compressed,mobley_5200358,compressed,,0.36165907169490213,1.0416223956332287
gfn2_xtb,GFN2-xTB,canonical_p3__mobley_5200358__cluster_3water__cooperative,mobley_5200358,cooperative,,0.03737081749134666,0.33483197648080143
gfn2_xtb,GFN2-xTB,canonical_p3__mobley_5200358__cluster_3water__equilibrium,mobley_5200358,equilibrium,,0.02580674664460526,0.2782449279570353
gfn2_xtb,GFN2-xTB,canonical_p3__mobley_5200358__cluster_3water__orientation,mobley_5200358,orientation,,0.02337307245104613,0.26480033488109184
gfn2_xtb,GFN2-xTB,canonical_p3__mobley_6239320__cluster_3water__compressed,mobley_6239320,compressed,,0.302322094863954,0.9523477750233168
gfn2_xtb,GFN2-xTB,canonical_p3__mobley_6239320__cluster_3water__cooperative,mobley_6239320,cooperative,,0.012053090874334302,0.19015591661319114
gfn2_xtb,GFN2-xTB,canonical_p3__mobley_6239320__cluster_3water__equilibrium,mobley_6239320,equilibrium,,0.12504088741514366,0.6124725808111176
gfn2_xtb,GFN2-xTB,canonical_p3__mobley_6239320__cluster_3water__orientation,mobley_6239320,orientation,,0.08861630686169399,0.5156053923157534
gfn2_xtb,GFN2-xTB,canonical_p3__mobley_7578802__cluster_3water__compressed,mobley_7578802,compressed,,8.613438988519254,5.083337187867609
gfn2_xtb,GFN2-xTB,canonical_p3__mobley_7578802__cluster_3water__cooperative,mobley_7578802,cooperative,,0.5731090562141006,1.3112311652192765
gfn2_xtb,GFN2-xTB,canonical_p3__mobley_7578802__cluster_3water__equilibrium,mobley_7578802,equilibrium,,0.6621786093249367,1.409445219926908
gfn2_xtb,GFN2-xTB,canonical_p3__mobley_7578802__cluster_3water__orientation,mobley_7578802,orientation,,0.3402488322995086,1.0103199972773604
gfn2_xtb,GFN2-xTB,canonical_p3__mobley_8337722__cluster_3water__compressed,mobley_8337722,compressed,,0.0742703496005231,0.47202865252182447
gfn2_xtb,GFN2-xTB,canonical_p3__mobley_8337722__cluster_3water__cooperative,mobley_8337722,cooperative,,0.056411084046951,0.4113796933987542
gfn2_xtb,GFN2-xTB,canonical_p3__mobley_8337722__cluster_3water__equilibrium,mobley_8337722,equilibrium,,0.001596084640772874,0.06919721036514855
gfn2_xtb,GFN2-xTB,canonical_p3__mobley_8337722__cluster_3water__orientation,mobley_8337722,orientation,,0.034524579651732626,0.3218287416549334
gfn2_xtb,GFN2-xTB,canonical_p3__mobley_9007496__cluster_3water__compressed,mobley_9007496,compressed,,0.09127671962796502,0.5232878355970976
gfn2_xtb,GFN2-xTB,canonical_p3__mobley_9007496__cluster_3water__cooperative,mobley_9007496,cooperative,,0.01354957432024676,0.20161528454147587
gfn2_xtb,GFN2-xTB,canonical_p3__mobley_9007496__cluster_3water__equilibrium,mobley_9007496,equilibrium,,0.08917924957409369,0.5172405134193193
gfn2_xtb,GFN2-xTB,canonical_p3__mobley_9007496__cluster_3water__orientation,mobley_9007496,orientation,,0.05874871049584437,0.4198167832370844
gfn2_xtb,GFN2-xTB,canonical_p3__mobley_9460824__cluster_3water__compressed,mobley_9460824,compressed,,0.023336823164607317,0.2645949158502898
gfn2_xtb,GFN2-xTB,canonical_p3__mobley_9460824__cluster_3water__cooperative,mobley_9460824,cooperative,,0.007592632151925732,0.1509234788088891
gfn2_xtb,GFN2-xTB,canonical_p3__mobley_9460824__cluster_3water__equilibrium,mobley_9460824,equilibrium,,0.005487792179919463,0.1283096899682888
gfn2_xtb,GFN2-xTB,canonical_p3__mobley_9460824__cluster_3water__orientation,mobley_9460824,orientation,,0.039237263991679656,0.34309152128118664
gfn2_xtb,GFN2-xTB,canonical_p3__mobley_9534740__cluster_3water__compressed,mobley_9534740,compressed,,0.12323876996454104,0.6080430164828992
gfn2_xtb,GFN2-xTB,canonical_p3__mobley_9534740__cluster_3water__cooperative,mobley_9534740,cooperative,,0.030829396966525726,0.3041187118537384
gfn2_xtb,GFN2-xTB,canonical_p3__mobley_9534740__cluster_3water__equilibrium,mobley_9534740,equilibrium,,0.10071879614900432,0.5496875371035921
gfn2_xtb,GFN2-xTB,canonical_p3__mobley_9534740__cluster_3water__orientation,mobley_9534740,orientation,,0.07880198961973191,0.48621596935846906
gfn2_xtb,GFN2-xTB,canonical_p3__mobley_9741965__cluster_3water__compressed,mobley_9741965,compressed,,0.268129186233345,0.8968765571136503
gfn2_xtb,GFN2-xTB,canonical_p3__mobley_9741965__cluster_3water__cooperative,mobley_9741965,cooperative,,0.07995293380492818,0.48975381715182636
gfn2_xtb,GFN2-xTB,canonical_p3__mobley_9741965__cluster_3water__equilibrium,mobley_9741965,equilibrium,,0.008703756127504283,0.16158981521900706
gfn2_xtb,GFN2-xTB,canonical_p3__mobley_9741965__cluster_3water__orientation,mobley_9741965,orientation,,0.013364975271257566,0.2002371739057778
static_thole,Static q/u + Thole,canonical_p3__mobley_1278715__cluster_3water__compressed,mobley_1278715,compressed,18.29108189109963,36.15957417304649,10.415311926156578
static_thole,Static q/u + Thole,canonical_p3__mobley_1278715__cluster_3water__cooperative,mobley_1278715,cooperative,18.828792695809387,22.068788333328968,8.13672937979302
static_thole,Static q/u + Thole,canonical_p3__mobley_1278715__cluster_3water__equilibrium,mobley_1278715,equilibrium,4.659552283004876,23.23832103006086,8.349548675837669
static_thole,Static q/u + Thole,canonical_p3__mobley_1278715__cluster_3water__orientation,mobley_1278715,orientation,7.834307380028784,15.22448751167039,6.758214448729129
static_thole,Static q/u + Thole,canonical_p3__mobley_1352110__cluster_3water__compressed,mobley_1352110,compressed,22.1631277398748,61.54802434969192,13.588380074500263
static_thole,Static q/u + Thole,canonical_p3__mobley_1352110__cluster_3water__cooperative,mobley_1352110,cooperative,44.45464945402975,132.6650664986684,19.949817029136014
static_thole,Static q/u + Thole,canonical_p3__mobley_1352110__cluster_3water__equilibrium,mobley_1352110,equilibrium,11.739868163099302,3.107862146260274,3.053454836538576
static_thole,Static q/u + Thole,canonical_p3__mobley_1352110__cluster_3water__orientation,mobley_1352110,orientation,27.79076983052658,39.408915874334355,10.873212387468712
static_thole,Static q/u + Thole,canonical_p3__mobley_1723043__cluster_3water__compressed,mobley_1723043,compressed,11.518266513672083,37.26147616553944,10.572815542542031
static_thole,Static q/u + Thole,canonical_p3__mobley_1723043__cluster_3water__cooperative,mobley_1723043,cooperative,10.0139020789477,11.54218677117023,5.884433729213941
static_thole,Static q/u + Thole,canonical_p3__mobley_1723043__cluster_3water__equilibrium,mobley_1723043,equilibrium,8.57263717410285,3.4192745058053604,3.2027837138052395
static_thole,Static q/u + Thole,canonical_p3__mobley_1723043__cluster_3water__orientation,mobley_1723043,orientation,9.175262559709374,5.115832293251627,3.917588145754334
static_thole,Static q/u + Thole,canonical_p3__mobley_172879__cluster_3water__compressed,mobley_172879,compressed,19.573033207315937,31.64720810605844,9.743799275343028
static_thole,Static q/u + Thole,canonical_p3__mobley_172879__cluster_3water__cooperative,mobley_172879,cooperative,17.88174325090162,7.538312798998493,4.755516627769845
static_thole,Static q/u + Thole,canonical_p3__mobley_172879__cluster_3water__equilibrium,mobley_172879,equilibrium,13.079388509843627,1.8097946620742444,2.3301038573897803
static_thole,Static q/u + Thole,canonical_p3__mobley_172879__cluster_3water__orientation,mobley_172879,orientation,25.704595619098257,88.43951246907862,16.288601456455243
static_thole,Static q/u + Thole,canonical_p3__mobley_2261979__cluster_3water__compressed,mobley_2261979,compressed,77.37740549336803,946.4680252484299,53.28605892487536
static_thole,Static q/u + Thole,canonical_p3__mobley_2261979__cluster_3water__cooperative,mobley_2261979,cooperative,86.65978695997077,1312.5694824297657,62.75116291583206
static_thole,Static q/u + Thole,canonical_p3__mobley_2261979__cluster_3water__equilibrium,mobley_2261979,equilibrium,29.555567175722256,156.41866485485954,21.66231738675663
static_thole,Static q/u + Thole,canonical_p3__mobley_2261979__cluster_3water__orientation,mobley_2261979,orientation,26.513229350909114,14.790756112044752,6.661251259045424
static_thole,Static q/u + Thole,canonical_p3__mobley_2689721__cluster_3water__compressed,mobley_2689721,compressed,21.561241230983335,73.85564975549002,14.88512510080013
static_thole,Static q/u + Thole,canonical_p3__mobley_2689721__cluster_3water__cooperative,mobley_2689721,cooperative,16.009837607744508,28.869144291875035,9.30631145382665
static_thole,Static q/u + Thole,canonical_p3__mobley_2689721__cluster_3water__equilibrium,mobley_2689721,equilibrium,11.793888859331826,17.935283656716084,7.33524716489828
static_thole,Static q/u + Thole,canonical_p3__mobley_2689721__cluster_3water__orientation,mobley_2689721,orientation,16.795085794180412,12.98342506404324,6.241015557754181
static_thole,Static q/u + Thole,canonical_p3__mobley_2727678__cluster_3water__compressed,mobley_2727678,compressed,70.92259885671773,1262.5760788297164,61.544522392241774
static_thole,Static q/u + Thole,canonical_p3__mobley_2727678__cluster_3water__cooperative,mobley_2727678,cooperative,44.14484795992883,790.0077636111245,48.68288498880662
static_thole,Static q/u + Thole,canonical_p3__mobley_2727678__cluster_3water__equilibrium,mobley_2727678,equilibrium,22.147715442277846,329.1749280814242,31.424907068188325
static_thole,Static q/u + Thole,canonical_p3__mobley_2727678__cluster_3water__orientation,mobley_2727678,orientation,8.231768862941264,110.9241151928325,18.242048831710147
static_thole,Static q/u + Thole,canonical_p3__mobley_3047364__cluster_3water__compressed,mobley_3047364,compressed,14.59750427642459,9.056763430987395,5.212512857822241
static_thole,Static q/u + Thole,canonical_p3__mobley_3047364__cluster_3water__cooperative,mobley_3047364,cooperative,21.22261984519069,4.314787075311364,3.5978272923994132
static_thole,Static q/u + Thole,canonical_p3__mobley_3047364__cluster_3water__equilibrium,mobley_3047364,equilibrium,9.363560745634453,3.44938982407098,3.2168570798549534
static_thole,Static q/u + Thole,canonical_p3__mobley_3047364__cluster_3water__orientation,mobley_3047364,orientation,20.424795335916194,59.64068375464391,13.37617476201368
static_thole,Static q/u + Thole,canonical_p3__mobley_3709920__cluster_3water__compressed,mobley_3709920,compressed,23.59215506840087,3.3153581554922753,3.1537397588381997
static_thole,Static q/u + Thole,canonical_p3__mobley_3709920__cluster_3water__cooperative,mobley_3709920,cooperative,26.04074572653591,5.308709551965553,3.990755399156488
static_thole,Static q/u + Thole,canonical_p3__mobley_3709920__cluster_3water__equilibrium,mobley_3709920,equilibrium,46.67658685189348,32.67654967619659,9.900992325448483
static_thole,Static q/u + Thole,canonical_p3__mobley_3709920__cluster_3water__orientation,mobley_3709920,orientation,10.820847711688883,5.257200054930056,3.971347399156887
static_thole,Static q/u + Thole,canonical_p3__mobley_3777264__cluster_3water__compressed,mobley_3777264,compressed,4.599740670292669,2.6336649276029442,2.8108708228605654
static_thole,Static q/u + Thole,canonical_p3__mobley_3777264__cluster_3water__cooperative,mobley_3777264,cooperative,26.94639171022325,108.38775667921907,18.032284104839775
static_thole,Static q/u + Thole,canonical_p3__mobley_3777264__cluster_3water__equilibrium,mobley_3777264,equilibrium,11.736557868767637,43.684048515998164,11.447800904452981
static_thole,Static q/u + Thole,canonical_p3__mobley_3777264__cluster_3water__orientation,mobley_3777264,orientation,20.955332771384175,41.10161234831536,11.104271117229896
static_thole,Static q/u + Thole,canonical_p3__mobley_4479135__cluster_3water__compressed,mobley_4479135,compressed,106.52862193942761,1222.090253243913,60.54973789977739
static_thole,Static q/u + Thole,canonical_p3__mobley_4479135__cluster_3water__cooperative,mobley_4479135,cooperative,28.54429537976366,145.6473676319237,20.903160117450447
static_thole,Static q/u + Thole,canonical_p3__mobley_4479135__cluster_3water__equilibrium,mobley_4479135,equilibrium,23.474783671976446,35.17534288823174,10.272586269518266
static_thole,Static q/u + Thole,canonical_p3__mobley_4479135__cluster_3water__orientation,mobley_4479135,orientation,45.133892947829644,292.8404285026745,29.639859741706328
static_thole,Static q/u + Thole,canonical_p3__mobley_4934872__cluster_3water__compressed,mobley_4934872,compressed,208.83635117883654,9981.806297801277,173.04744694274987
static_thole,Static q/u + Thole,canonical_p3__mobley_4934872__cluster_3water__cooperative,mobley_4934872,cooperative,34.62261484906049,193.60899765661733,24.1003525486631
static_thole,Static q/u + Thole,canonical_p3__mobley_4934872__cluster_3water__equilibrium,mobley_4934872,equilibrium,36.68402594713266,388.71636031131237,34.14892503335847
static_thole,Static q/u + Thole,canonical_p3__mobley_4934872__cluster_3water__orientation,mobley_4934872,orientation,17.2823839685731,61.181809466115595,13.547893873157804
static_thole,Static q/u + Thole,canonical_p3__mobley_5200358__cluster_3water__compressed,mobley_5200358,compressed,5.039385105565756,12.966712366191919,6.236997442566074
static_thole,Static q/u + Thole,canonical_p3__mobley_5200358__cluster_3water__cooperative,mobley_5200358,cooperative,16.439999572556722,20.944607437138867,7.926778810552026
static_thole,Static q/u + Thole,canonical_p3__mobley_5200358__cluster_3water__equilibrium,mobley_5200358,equilibrium,24.101631362309515,79.46583680036147,15.440126631640183
static_thole,Static q/u + Thole,canonical_p3__mobley_5200358__cluster_3water__orientation,mobley_5200358,orientation,6.208067423682645,2.3624134373350025,2.662187129411644
static_thole,Static q/u + Thole,canonical_p3__mobley_6239320__cluster_3water__compressed,mobley_6239320,compressed,44.982476853582924,885.9424097152187,51.554119419748176
static_thole,Static q/u + Thole,canonical_p3__mobley_6239320__cluster_3water__cooperative,mobley_6239320,cooperative,12.829349761011114,14.48900959791643,6.592952964624372
static_thole,Static q/u + Thole,canonical_p3__mobley_6239320__cluster_3water__equilibrium,mobley_6239320,equilibrium,24.25765566828309,74.86970827254834,14.986965163689579
static_thole,Static q/u + Thole,canonical_p3__mobley_6239320__cluster_3water__orientation,mobley_6239320,orientation,37.67130675725885,307.5250395975127,30.373921689379166
static_thole,Static q/u + Thole,canonical_p3__mobley_7578802__cluster_3water__compressed,mobley_7578802,compressed,6.340755791453905,44.194894794617255,11.514542300232856
static_thole,Static q/u + Thole,canonical_p3__mobley_7578802__cluster_3water__cooperative,mobley_7578802,cooperative,17.098227658368753,16.805405219919777,7.100437709026066
static_thole,Static q/u + Thole,canonical_p3__mobley_7578802__cluster_3water__equilibrium,mobley_7578802,equilibrium,3.482787731557242,15.234917037795737,6.760528907813886
static_thole,Static q/u + Thole,canonical_p3__mobley_7578802__cluster_3water__orientation,mobley_7578802,orientation,4.20904006524921,37.032581573080925,10.540291491189548
static_thole,Static q/u + Thole,canonical_p3__mobley_8337722__cluster_3water__compressed,mobley_8337722,compressed,19.098778887629038,4.978698239353142,3.8647244038947237
static_thole,Static q/u + Thole,canonical_p3__mobley_8337722__cluster_3water__cooperative,mobley_8337722,cooperative,12.51434221315645,5.584074686764201,4.0929480891275185
static_thole,Static q/u + Thole,canonical_p3__mobley_8337722__cluster_3water__equilibrium,mobley_8337722,equilibrium,6.32504327913312,0.1817456920920095,0.7384017038685843
static_thole,Static q/u + Thole,canonical_p3__mobley_8337722__cluster_3water__orientation,mobley_8337722,orientation,12.784041562438784,48.76585259615097,12.0953527351811
static_thole,Static q/u + Thole,canonical_p3__mobley_9007496__cluster_3water__compressed,mobley_9007496,compressed,41.29612915179115,533.3846831344684,40.00192557119476
static_thole,Static q/u + Thole,canonical_p3__mobley_9007496__cluster_3water__cooperative,mobley_9007496,cooperative,29.484542448087808,142.7743771505979,20.695968966245424
static_thole,Static q/u + Thole,canonical_p3__mobley_9007496__cluster_3water__equilibrium,mobley_9007496,equilibrium,145.93810808889484,12140.672066730009,190.8455296835376
static_thole,Static q/u + Thole,canonical_p3__mobley_9007496__cluster_3water__orientation,mobley_9007496,orientation,17.78463589156124,89.01096973858863,16.34114161298916
static_thole,Static q/u + Thole,canonical_p3__mobley_9460824__cluster_3water__compressed,mobley_9460824,compressed,41.41440959985768,207.83241578488992,24.969926859217466
static_thole,Static q/u + Thole,canonical_p3__mobley_9460824__cluster_3water__cooperative,mobley_9460824,cooperative,19.35305764682675,31.87276604652554,9.778460928979397
static_thole,Static q/u + Thole,canonical_p3__mobley_9460824__cluster_3water__equilibrium,mobley_9460824,equilibrium,12.479924055179612,16.49702636885632,7.0349896308785675
static_thole,Static q/u + Thole,canonical_p3__mobley_9460824__cluster_3water__orientation,mobley_9460824,orientation,31.82018905896321,157.17344513499867,21.7145190000837
static_thole,Static q/u + Thole,canonical_p3__mobley_9534740__cluster_3water__compressed,mobley_9534740,compressed,33.390797637588406,262.18795257292396,28.045745804288604
static_thole,Static q/u + Thole,canonical_p3__mobley_9534740__cluster_3water__cooperative,mobley_9534740,cooperative,9.544533563071171,18.536646198257042,7.457207157828668
static_thole,Static q/u + Thole,canonical_p3__mobley_9534740__cluster_3water__equilibrium,mobley_9534740,equilibrium,12.57513034537969,76.06180377500377,15.105807205343622
static_thole,Static q/u + Thole,canonical_p3__mobley_9534740__cluster_3water__orientation,mobley_9534740,orientation,8.6547890940938,46.77593604198419,11.846003888482924
static_thole,Static q/u + Thole,canonical_p3__mobley_9741965__cluster_3water__compressed,mobley_9741965,compressed,73.21022868285426,1483.6818107824536,66.71615570720004
static_thole,Static q/u + Thole,canonical_p3__mobley_9741965__cluster_3water__cooperative,mobley_9741965,cooperative,9.682000921421913,6.388966966142447,4.378001929925036
static_thole,Static q/u + Thole,canonical_p3__mobley_9741965__cluster_3water__equilibrium,mobley_9741965,equilibrium,8.599691943991099,27.845840806068868,9.139886346022395
static_thole,Static q/u + Thole,canonical_p3__mobley_9741965__cluster_3water__orientation,mobley_9741965,orientation,5.752102653905714,0.9096727137545154,1.6519740134952323
zero_response,Zero response,canonical_p3__mobley_1278715__cluster_3water__compressed,mobley_1278715,compressed,1.0,0.01153151525047779,0.18599609068857703
zero_response,Zero response,canonical_p3__mobley_1278715__cluster_3water__cooperative,mobley_1278715,cooperative,1.0,0.042264770493877994,0.3560818887301543
zero_response,Zero response,canonical_p3__mobley_1278715__cluster_3water__equilibrium,mobley_1278715,equilibrium,1.0,0.7527737147981647,1.5027711550314287
zero_response,Zero response,canonical_p3__mobley_1278715__cluster_3water__orientation,mobley_1278715,orientation,1.0,0.09684498276041176,0.5390129388810952
zero_response,Zero response,canonical_p3__mobley_1352110__cluster_3water__compressed,mobley_1352110,compressed,1.0,0.2836944369954797,0.9225417665268273
zero_response,Zero response,canonical_p3__mobley_1352110__cluster_3water__cooperative,mobley_1352110,cooperative,1.0,0.11506522951473681,0.5875335637597314
zero_response,Zero response,canonical_p3__mobley_1352110__cluster_3water__equilibrium,mobley_1352110,equilibrium,1.0,0.14782486977376277,0.6659388930835083
zero_response,Zero response,canonical_p3__mobley_1352110__cluster_3water__orientation,mobley_1352110,orientation,1.0,0.0790902434722569,0.4871044348153389
zero_response,Zero response,canonical_p3__mobley_1723043__cluster_3water__compressed,mobley_1723043,compressed,1.0,0.3456715041541356,1.0183390950279807
zero_response,Zero response,canonical_p3__mobley_1723043__cluster_3water__cooperative,mobley_1723043,cooperative,1.0,0.10797033283038875,0.5691317936042286
zero_response,Zero response,canonical_p3__mobley_1723043__cluster_3water__equilibrium,mobley_1723043,equilibrium,1.0,0.046100321100947195,0.3718883747885131
zero_response,Zero response,canonical_p3__mobley_1723043__cluster_3water__orientation,mobley_1723043,orientation,1.0,0.046778429672978905,0.3746135195357166
zero_response,Zero response,canonical_p3__mobley_172879__cluster_3water__compressed,mobley_172879,compressed,1.0,0.38682406505123623,1.0772521502200443
zero_response,Zero response,canonical_p3__mobley_172879__cluster_3water__cooperative,mobley_172879,cooperative,1.0,0.2835479837135649,0.9223036111501974
zero_response,Zero response,canonical_p3__mobley_172879__cluster_3water__equilibrium,mobley_172879,equilibrium,1.0,0.45799172650311215,1.1721668735761714
zero_response,Zero response,canonical_p3__mobley_172879__cluster_3water__orientation,mobley_172879,orientation,1.0,0.18106944472753717,0.737026684851106
zero_response,Zero response,canonical_p3__mobley_2261979__cluster_3water__compressed,mobley_2261979,compressed,1.0,0.2820190715681458,0.9198136847777584
zero_response,Zero response,canonical_p3__mobley_2261979__cluster_3water__cooperative,mobley_2261979,cooperative,1.0,0.20454730815407787,0.7833530011828854
zero_response,Zero response,canonical_p3__mobley_2261979__cluster_3water__equilibrium,mobley_2261979,equilibrium,1.0,1.1666683295382987,1.8708300266499083
zero_response,Zero response,canonical_p3__mobley_2261979__cluster_3water__orientation,mobley_2261979,orientation,1.0,0.03814863761827433,0.33829855579771984
zero_response,Zero response,canonical_p3__mobley_2689721__cluster_3water__compressed,mobley_2689721,compressed,1.0,0.19996157116832447,0.7745222485538897
zero_response,Zero response,canonical_p3__mobley_2689721__cluster_3water__cooperative,mobley_2689721,cooperative,1.0,0.13406443493196216,0.6341871212787961
zero_response,Zero response,canonical_p3__mobley_2689721__cluster_3water__equilibrium,mobley_2689721,equilibrium,1.0,0.10459116218930488,0.5601548773044065
zero_response,Zero response,canonical_p3__mobley_2689721__cluster_3water__orientation,mobley_2689721,orientation,1.0,0.024238873124753837,0.2696601924167924
zero_response,Zero response,canonical_p3__mobley_2727678__cluster_3water__compressed,mobley_2727678,compressed,1.0,0.19297508603887878,0.760871380797462
zero_response,Zero response,canonical_p3__mobley_2727678__cluster_3water__cooperative,mobley_2727678,cooperative,1.0,0.52745232769417,1.2579177171351512
zero_response,Zero response,canonical_p3__mobley_2727678__cluster_3water__equilibrium,mobley_2727678,equilibrium,1.0,0.4756499198879633,1.1945500239269555
zero_response,Zero response,canonical_p3__mobley_2727678__cluster_3water__orientation,mobley_2727678,orientation,1.0,0.09628613950566427,0.5374555037554205
zero_response,Zero response,canonical_p3__mobley_3047364__cluster_3water__compressed,mobley_3047364,compressed,1.0,0.16382051874958134,0.7010431914288477
zero_response,Zero response,canonical_p3__mobley_3047364__cluster_3water__cooperative,mobley_3047364,cooperative,1.0,0.15098781814984202,0.6730255971725935
zero_response,Zero response,canonical_p3__mobley_3047364__cluster_3water__equilibrium,mobley_3047364,equilibrium,1.0,0.021171258451572056,0.2520193947987261
zero_response,Zero response,canonical_p3__mobley_3047364__cluster_3water__orientation,mobley_3047364,orientation,1.0,0.044479585455236746,0.36529269957899546
zero_response,Zero response,canonical_p3__mobley_3709920__cluster_3water__compressed,mobley_3709920,compressed,1.0,0.13359217740954435,0.6330691370052982
zero_response,Zero response,canonical_p3__mobley_3709920__cluster_3water__cooperative,mobley_3709920,cooperative,1.0,0.11184511232726844,0.5792541212471477
zero_response,Zero response,canonical_p3__mobley_3709920__cluster_3water__equilibrium,mobley_3709920,equilibrium,1.0,0.16695247614175032,0.7077128149364338
zero_response,Zero response,canonical_p3__mobley_3709920__cluster_3water__orientation,mobley_3709920,orientation,1.0,0.04313113982810626,0.3597129681903598
zero_response,Zero response,canonical_p3__mobley_3777264__cluster_3water__compressed,mobley_3777264,compressed,1.0,0.997413994950787,1.7298098117574547
zero_response,Zero response,canonical_p3__mobley_3777264__cluster_3water__cooperative,mobley_3777264,cooperative,1.0,0.19200713792934443,0.7589607458808613
zero_response,Zero response,canonical_p3__mobley_3777264__cluster_3water__equilibrium,mobley_3777264,equilibrium,1.0,0.5873475994949965,1.3274196015145285
zero_response,Zero response,canonical_p3__mobley_3777264__cluster_3water__orientation,mobley_3777264,orientation,1.0,0.037089323418645924,0.3335685390679669
zero_response,Zero response,canonical_p3__mobley_4479135__cluster_3water__compressed,mobley_4479135,compressed,1.0,0.4566822956289396,1.1704900199859967
zero_response,Zero response,canonical_p3__mobley_4479135__cluster_3water__cooperative,mobley_4479135,cooperative,1.0,0.20755076537869913,0.789083199755322
zero_response,Zero response,canonical_p3__mobley_4479135__cluster_3water__equilibrium,mobley_4479135,equilibrium,1.0,0.06200814161030619,0.4313054889876995
zero_response,Zero response,canonical_p3__mobley_4479135__cluster_3water__orientation,mobley_4479135,orientation,1.0,0.132479949507404,0.6304283056162786
zero_response,Zero response,canonical_p3__mobley_4934872__cluster_3water__compressed,mobley_4934872,compressed,1.0,0.12873263730444154,0.6214482375172727
zero_response,Zero response,canonical_p3__mobley_4934872__cluster_3water__cooperative,mobley_4934872,cooperative,1.0,0.11043338580594879,0.5755867939918761
zero_response,Zero response,canonical_p3__mobley_4934872__cluster_3water__equilibrium,mobley_4934872,equilibrium,1.0,0.2302034220008304,0.8310296420721052
zero_response,Zero response,canonical_p3__mobley_4934872__cluster_3water__orientation,mobley_4934872,orientation,1.0,0.08106981652723401,0.49316270092303416
zero_response,Zero response,canonical_p3__mobley_5200358__cluster_3water__compressed,mobley_5200358,compressed,1.0,1.2465685115100664,1.9338318268479808
zero_response,Zero response,canonical_p3__mobley_5200358__cluster_3water__cooperative,mobley_5200358,cooperative,1.0,0.20755937620247134,0.789099568246881
zero_response,Zero response,canonical_p3__mobley_5200358__cluster_3water__equilibrium,mobley_5200358,equilibrium,1.0,0.18191187223679095,0.7387392075085584
zero_response,Zero response,canonical_p3__mobley_5200358__cluster_3water__orientation,mobley_5200358,orientation,1.0,0.07216788535886332,0.4652995337162825
zero_response,Zero response,canonical_p3__mobley_6239320__cluster_3water__compressed,mobley_6239320,compressed,1.0,0.5536715938946717,1.2888036241739915
zero_response,Zero response,canonical_p3__mobley_6239320__cluster_3water__cooperative,mobley_6239320,cooperative,1.0,0.026633978446996647,0.28266930385344274
zero_response,Zero response,canonical_p3__mobley_6239320__cluster_3water__equilibrium,mobley_6239320,equilibrium,1.0,0.037415435341415434,0.3350317985270149
zero_response,Zero response,canonical_p3__mobley_6239320__cluster_3water__orientation,mobley_6239320,orientation,1.0,0.17596400222721112,0.7265617707267795
zero_response,Zero response,canonical_p3__mobley_7578802__cluster_3water__compressed,mobley_7578802,compressed,1.0,0.7751251362958459,1.5249181646526275
zero_response,Zero response,canonical_p3__mobley_7578802__cluster_3water__cooperative,mobley_7578802,cooperative,1.0,0.04802883741941357,0.37958729201362984
zero_response,Zero response,canonical_p3__mobley_7578802__cluster_3water__equilibrium,mobley_7578802,equilibrium,1.0,0.9125159078073866,1.6545536326822892
zero_response,Zero response,canonical_p3__mobley_7578802__cluster_3water__orientation,mobley_7578802,orientation,1.0,1.575916704709492,2.1743390062564933
zero_response,Zero response,canonical_p3__mobley_8337722__cluster_3water__compressed,mobley_8337722,compressed,1.0,0.1867039883724538,0.7484062834566272
zero_response,Zero response,canonical_p3__mobley_8337722__cluster_3water__cooperative,mobley_8337722,cooperative,1.0,0.21694864512284795,0.8067502310929597
zero_response,Zero response,canonical_p3__mobley_8337722__cluster_3water__equilibrium,mobley_8337722,equilibrium,1.0,0.0306630276384052,0.3032970209468197
zero_response,Zero response,canonical_p3__mobley_8337722__cluster_3water__orientation,mobley_8337722,orientation,1.0,0.2099159124468717,0.7935664668700506
zero_response,Zero response,canonical_p3__mobley_9007496__cluster_3water__compressed,mobley_9007496,compressed,1.0,0.6940260998360732,1.4429408510081831
zero_response,Zero response,canonical_p3__mobley_9007496__cluster_3water__cooperative,mobley_9007496,cooperative,1.0,0.17868117962639785,0.7321499428936626
zero_response,Zero response,canonical_p3__mobley_9007496__cluster_3water__equilibrium,mobley_9007496,equilibrium,1.0,0.7162293060287191,1.4658403453603526
zero_response,Zero response,canonical_p3__mobley_9007496__cluster_3water__orientation,mobley_9007496,orientation,1.0,0.12448280216555797,0.6111042517416108
zero_response,Zero response,canonical_p3__mobley_9460824__cluster_3water__compressed,mobley_9460824,compressed,1.0,0.14373863399501952,0.6566703145300985
zero_response,Zero response,canonical_p3__mobley_9460824__cluster_3water__cooperative,mobley_9460824,cooperative,1.0,0.10026506227423726,0.5484479800516288
zero_response,Zero response,canonical_p3__mobley_9460824__cluster_3water__equilibrium,mobley_9460824,equilibrium,1.0,0.04215188475297915,0.35560603799561313
zero_response,Zero response,canonical_p3__mobley_9460824__cluster_3water__orientation,mobley_9460824,orientation,1.0,0.391574519586469,1.083846649097282
zero_response,Zero response,canonical_p3__mobley_9534740__cluster_3water__compressed,mobley_9534740,compressed,1.0,0.2911203608715815,0.9345378979018157
zero_response,Zero response,canonical_p3__mobley_9534740__cluster_3water__cooperative,mobley_9534740,cooperative,1.0,0.1274488398449606,0.6183417497912314
zero_response,Zero response,canonical_p3__mobley_9534740__cluster_3water__equilibrium,mobley_9534740,equilibrium,1.0,0.2055034719321104,0.7851817724554814
zero_response,Zero response,canonical_p3__mobley_9534740__cluster_3water__orientation,mobley_9534740,orientation,1.0,0.5924461971213025,1.3331686282552209
zero_response,Zero response,canonical_p3__mobley_9741965__cluster_3water__compressed,mobley_9741965,compressed,1.0,0.536657400476089,1.2688467998258368
zero_response,Zero response,canonical_p3__mobley_9741965__cluster_3water__cooperative,mobley_9741965,cooperative,1.0,0.29797482743794207,0.9454757967890168
zero_response,Zero response,canonical_p3__mobley_9741965__cluster_3water__equilibrium,mobley_9741965,equilibrium,1.0,0.15622222685680187,0.6845923462692273
zero_response,Zero response,canonical_p3__mobley_9741965__cluster_3water__orientation,mobley_9741965,orientation,1.0,0.03552924549795921,0.326477773353528
