method,method_label,config_id,molecule_id,regime,esp_nrmse,dipole_mse,dipole_vector_error_debye
candidate,Frozen candidate,prospective__pros_azaaryl_sulfoxide__cluster_3water__compressed,pros_azaaryl_sulfoxide,compressed,0.31985775993462784,0.0008581539463478585,0.050739154890908224
candidate,Frozen candidate,prospective__pros_azaaryl_sulfoxide__cluster_3water__cooperative,pros_azaaryl_sulfoxide,cooperative,0.26182777364760207,0.0014819678914322861,0.06667760999238694
candidate,Frozen candidate,prospective__pros_azaaryl_sulfoxide__cluster_3water__equilibrium,pros_azaaryl_sulfoxide,equilibrium,0.34379606548454045,0.0009237045420135648,0.052641368010726074
candidate,Frozen candidate,prospective__pros_azaaryl_sulfoxide__cluster_3water__orientation,pros_azaaryl_sulfoxide,orientation,0.3368655617222931,0.005057896592258133,0.12318153180073058
candidate,Frozen candidate,prospective__pros_cyano_cyclic_acetal__cluster_3water__compressed,pros_cyano_cyclic_acetal,compressed,0.5543652664452449,0.005297536652717943,0.12606589530144077
candidate,Frozen candidate,prospective__pros_cyano_cyclic_acetal__cluster_3water__cooperative,pros_cyano_cyclic_acetal,cooperative,0.24904261521235407,0.0043084718108263595,0.11368999706429357
candidate,Frozen candidate,prospective__pros_cyano_cyclic_acetal__cluster_3water__equilibrium,pros_cyano_cyclic_acetal,equilibrium,0.2738971646138316,0.005512111698620503,0.1285936821770864
candidate,Frozen candidate,prospective__pros_cyano_cyclic_acetal__cluster_3water__orientation,pros_cyano_cyclic_acetal,orientation,0.5226035019817921,0.09888537359535104,0.5446614735650513
candidate,Frozen candidate,prospective__pros_halogen_oxazinanone__cluster_3water__compressed,pros_halogen_oxazinanone,compressed,0.1454873282319763,0.0029837885306386517,0.09461165674437773
candidate,Frozen candidate,prospective__pros_halogen_oxazinanone__cluster_3water__cooperative,pros_halogen_oxazinanone,cooperative,0.13553878396625993,0.0006262422273556125,0.04334428084611437
candidate,Frozen candidate,prospective__pros_halogen_oxazinanone__cluster_3water__equilibrium,pros_halogen_oxazinanone,equilibrium,0.27535723289553715,0.023035852917802205,0.26288316559530134
candidate,Frozen candidate,prospective__pros_halogen_oxazinanone__cluster_3water__orientation,pros_halogen_oxazinanone,orientation,0.4239360428504244,0.051294419144411456,0.39227956540359626
candidate,Frozen candidate,prospective__pros_heteroaryl_amide__cluster_3water__compressed,pros_heteroaryl_amide,compressed,0.1806287696494563,0.0013994050396133942,0.06479363486362054
candidate,Frozen candidate,prospective__pros_heteroaryl_amide__cluster_3water__cooperative,pros_heteroaryl_amide,cooperative,0.22064226696863698,0.0007826444853079264,0.048455479111487273
candidate,Frozen candidate,prospective__pros_heteroaryl_amide__cluster_3water__equilibrium,pros_heteroaryl_amide,equilibrium,0.3566310692574005,0.002775440323614296,0.0912486765429663
candidate,Frozen candidate,prospective__pros_heteroaryl_amide__cluster_3water__orientation,pros_heteroaryl_amide,orientation,0.6603318208005846,0.010139680149384035,0.17441055142436798
candidate,Frozen candidate,prospective__pros_isoxazole_thioether__cluster_3water__compressed,pros_isoxazole_thioether,compressed,0.3123294110186038,0.013109779034985556,0.19831625527161575
candidate,Frozen candidate,prospective__pros_isoxazole_thioether__cluster_3water__cooperative,pros_isoxazole_thioether,cooperative,0.35947198381289147,0.004618076139660021,0.11770398641923757
candidate,Frozen candidate,prospective__pros_isoxazole_thioether__cluster_3water__equilibrium,pros_isoxazole_thioether,equilibrium,0.3179811241557762,0.0194373061265383,0.24147860853420308
candidate,Frozen candidate,prospective__pros_isoxazole_thioether__cluster_3water__orientation,pros_isoxazole_thioether,orientation,0.44946853957262334,0.0047984187543355684,0.1199802328011023
candidate,Frozen candidate,prospective__pros_polyfunctional_oxane__cluster_3water__compressed,pros_polyfunctional_oxane,compressed,0.22065158733312923,0.0015762660791366243,0.06876625798609282
candidate,Frozen candidate,prospective__pros_polyfunctional_oxane__cluster_3water__cooperative,pros_polyfunctional_oxane,cooperative,0.1459179754499162,0.0006121868033746137,0.042855109498446516
candidate,Frozen candidate,prospective__pros_polyfunctional_oxane__cluster_3water__equilibrium,pros_polyfunctional_oxane,equilibrium,0.3065124811872695,0.018152998675101235,0.23336451320906465
candidate,Frozen candidate,prospective__pros_polyfunctional_oxane__cluster_3water__orientation,pros_polyfunctional_oxane,orientation,0.2796531217630122,0.0037167189364601845,0.10559430292104093
candidate,Frozen candidate,prospective__pros_sulfonyl_piperidinol__cluster_3water__compressed,pros_sulfonyl_piperidinol,compressed,0.25730797066513816,0.005590142133658456,0.12950068108305596
candidate,Frozen candidate,prospective__pros_sulfonyl_piperidinol__cluster_3water__cooperative,pros_sulfonyl_piperidinol,cooperative,0.2909085830253967,0.002743249702596487,0.09071796463650109
candidate,Frozen candidate,prospective__pros_sulfonyl_piperidinol__cluster_3water__equilibrium,pros_sulfonyl_piperidinol,equilibrium,0.2464662839360559,0.007621335879237919,0.1512084906270602
candidate,Frozen candidate,prospective__pros_sulfonyl_piperidinol__cluster_3water__orientation,pros_sulfonyl_piperidinol,orientation,0.5050171144642112,0.015115395660445773,0.21294644157941997
candidate,Frozen candidate,prospective__prospective_diverse_01__cluster_3water__compressed,prospective_diverse_01,compressed,0.2545141448809913,0.0001127589359001939,0.01839230294717281
candidate,Frozen candidate,prospective__prospective_diverse_01__cluster_3water__cooperative,prospective_diverse_01,cooperative,0.32487352112875495,0.0012896441207845574,0.062200742458218876
candidate,Frozen candidate,prospective__prospective_diverse_01__cluster_3water__equilibrium,prospective_diverse_01,equilibrium,0.18846925772322,0.002662451618014282,0.08937200262969855
candidate,Frozen candidate,prospective__prospective_diverse_01__cluster_3water__orientation,prospective_diverse_01,orientation,0.2792790175916951,0.001230702312130054,0.0607627100810206
candidate,Frozen candidate,prospective__prospective_diverse_02__cluster_3water__compressed,prospective_diverse_02,compressed,0.28383847794407185,0.0054753357043791995,0.12816398524210146
candidate,Frozen candidate,prospective__prospective_diverse_02__cluster_3water__cooperative,prospective_diverse_02,cooperative,0.9035883701063329,0.15754202669475323,0.6874780578929481
candidate,Frozen candidate,prospective__prospective_diverse_02__cluster_3water__equilibrium,prospective_diverse_02,equilibrium,0.757903664983798,0.5707449651362382,1.3085239376521602
candidate,Frozen candidate,prospective__prospective_diverse_02__cluster_3water__orientation,prospective_diverse_02,orientation,1.0314312948368467,0.6419002728891189,1.387696227085509
candidate,Frozen candidate,prospective__prospective_diverse_03__cluster_3water__compressed,prospective_diverse_03,compressed,0.17304113109608243,0.00037537976988949456,0.03355799919048339
candidate,Frozen candidate,prospective__prospective_diverse_03__cluster_3water__cooperative,prospective_diverse_03,cooperative,0.12830149503337768,0.00056109581080916,0.041027886034104656
candidate,Frozen candidate,prospective__prospective_diverse_03__cluster_3water__equilibrium,prospective_diverse_03,equilibrium,0.23653999356588665,0.001402091344330869,0.06485579413585657
candidate,Frozen candidate,prospective__prospective_diverse_03__cluster_3water__orientation,prospective_diverse_03,orientation,0.33447882395028056,0.0007150890671966687,0.04631702928286751
candidate,Frozen candidate,prospective__prospective_diverse_04__cluster_3water__compressed,prospective_diverse_04,compressed,0.18235628470133639,0.0010197469378292832,0.05531040420651299
candidate,Frozen candidate,prospective__prospective_diverse_04__cluster_3water__cooperative,prospective_diverse_04,cooperative,0.19771745286949302,0.0016425340524433534,0.07019688139319338
candidate,Frozen candidate,prospective__prospective_diverse_04__cluster_3water__equilibrium,prospective_diverse_04,equilibrium,0.2793794491745929,0.0048874678806592265,0.12108841250085692
candidate,Frozen candidate,prospective__prospective_diverse_04__cluster_3water__orientation,prospective_diverse_04,orientation,0.2976667381853004,0.008042072037369152,0.15532616042414574
candidate,Frozen candidate,prospective__prospective_diverse_05__cluster_3water__compressed,prospective_diverse_05,compressed,0.1485586126573701,8.685491678192612e-05,0.01614201816210657
candidate,Frozen candidate,prospective__prospective_diverse_05__cluster_3water__cooperative,prospective_diverse_05,cooperative,0.1391193204009494,0.00017624741231620715,0.022994395772636025
candidate,Frozen candidate,prospective__prospective_diverse_05__cluster_3water__equilibrium,prospective_diverse_05,equilibrium,0.19032077700700414,0.005308100596986367,0.12619152820597387
candidate,Frozen candidate,prospective__prospective_diverse_05__cluster_3water__orientation,prospective_diverse_05,orientation,0.16249598520829348,0.003503820120046817,0.10252541324052515
mace_polar_l,MACE-POLAR-1-L (faithful Gaussian),prospective__pros_azaaryl_sulfoxide__cluster_3water__compressed,pros_azaaryl_sulfoxide,compressed,0.4999782594315434,0.0005111255282592909,0.03915835268212738
mace_polar_l,MACE-POLAR-1-L (faithful Gaussian),prospective__pros_azaaryl_sulfoxide__cluster_3water__cooperative,pros_azaaryl_sulfoxide,cooperative,0.36820348491054644,0.002010188253711492,0.07765671098581549
mace_polar_l,MACE-POLAR-1-L (faithful Gaussian),prospective__pros_azaaryl_sulfoxide__cluster_3water__equilibrium,pros_azaaryl_sulfoxide,equilibrium,0.5739418331959589,0.006663259287251529,0.14138521090182873
mace_polar_l,MACE-POLAR-1-L (faithful Gaussian),prospective__pros_azaaryl_sulfoxide__cluster_3water__orientation,pros_azaaryl_sulfoxide,orientation,0.5066186525157423,0.005854242858632021,0.1325244452012385
mace_polar_l,MACE-POLAR-1-L (faithful Gaussian),prospective__pros_cyano_cyclic_acetal__cluster_3water__compressed,pros_cyano_cyclic_acetal,compressed,0.5285326473350824,0.006646442166354658,0.14120668007946358
mace_polar_l,MACE-POLAR-1-L (faithful Gaussian),prospective__pros_cyano_cyclic_acetal__cluster_3water__cooperative,pros_cyano_cyclic_acetal,cooperative,0.5685617969158463,0.009007720333424412,0.16438722882351062
mace_polar_l,MACE-POLAR-1-L (faithful Gaussian),prospective__pros_cyano_cyclic_acetal__cluster_3water__equilibrium,pros_cyano_cyclic_acetal,equilibrium,0.42215647531379674,0.009716810934816024,0.17073497826880135
mace_polar_l,MACE-POLAR-1-L (faithful Gaussian),prospective__pros_cyano_cyclic_acetal__cluster_3water__orientation,pros_cyano_cyclic_acetal,orientation,0.4222115122299177,0.1107941269050907,0.5765261318581076
mace_polar_l,MACE-POLAR-1-L (faithful Gaussian),prospective__pros_halogen_oxazinanone__cluster_3water__compressed,pros_halogen_oxazinanone,compressed,0.3778628792158044,0.0023237547521380254,0.08349409713515127
mace_polar_l,MACE-POLAR-1-L (faithful Gaussian),prospective__pros_halogen_oxazinanone__cluster_3water__cooperative,pros_halogen_oxazinanone,cooperative,0.4684510960877558,0.0007441136141614251,0.04724765435960049
mace_polar_l,MACE-POLAR-1-L (faithful Gaussian),prospective__pros_halogen_oxazinanone__cluster_3water__equilibrium,pros_halogen_oxazinanone,equilibrium,0.5191156786409292,0.07051897039639902,0.45995316195151553
mace_polar_l,MACE-POLAR-1-L (faithful Gaussian),prospective__pros_halogen_oxazinanone__cluster_3water__orientation,pros_halogen_oxazinanone,orientation,0.5453787375273692,0.05906962277701455,0.42096183714327795
mace_polar_l,MACE-POLAR-1-L (faithful Gaussian),prospective__pros_heteroaryl_amide__cluster_3water__compressed,pros_heteroaryl_amide,compressed,0.41876619451145464,0.0017199284236392852,0.07183164533071658
mace_polar_l,MACE-POLAR-1-L (faithful Gaussian),prospective__pros_heteroaryl_amide__cluster_3water__cooperative,pros_heteroaryl_amide,cooperative,0.3990556468336276,0.00045911092780114823,0.037112434350274635
mace_polar_l,MACE-POLAR-1-L (faithful Gaussian),prospective__pros_heteroaryl_amide__cluster_3water__equilibrium,pros_heteroaryl_amide,equilibrium,0.5716974839394161,0.0006520333955311223,0.04422782140907877
mace_polar_l,MACE-POLAR-1-L (faithful Gaussian),prospective__pros_heteroaryl_amide__cluster_3water__orientation,pros_heteroaryl_amide,orientation,0.6313970961375005,0.004403943389596223,0.11494272560187821
mace_polar_l,MACE-POLAR-1-L (faithful Gaussian),prospective__pros_isoxazole_thioether__cluster_3water__compressed,pros_isoxazole_thioether,compressed,0.48359060709844104,0.004716094197761042,0.1189465535157834
mace_polar_l,MACE-POLAR-1-L (faithful Gaussian),prospective__pros_isoxazole_thioether__cluster_3water__cooperative,pros_isoxazole_thioether,cooperative,0.5637780142808918,0.005274889461930711,0.12579613819904065
mace_polar_l,MACE-POLAR-1-L (faithful Gaussian),prospective__pros_isoxazole_thioether__cluster_3water__equilibrium,pros_isoxazole_thioether,equilibrium,0.4338525801782654,0.040459068910072095,0.3483923172663489
mace_polar_l,MACE-POLAR-1-L (faithful Gaussian),prospective__pros_isoxazole_thioether__cluster_3water__orientation,pros_isoxazole_thioether,orientation,0.49723767944742364,0.014429158187537492,0.20805642158465687
mace_polar_l,MACE-POLAR-1-L (faithful Gaussian),prospective__pros_polyfunctional_oxane__cluster_3water__compressed,pros_polyfunctional_oxane,compressed,0.4862886844227402,0.00041992779720917444,0.03549342744266216
mace_polar_l,MACE-POLAR-1-L (faithful Gaussian),prospective__pros_polyfunctional_oxane__cluster_3water__cooperative,pros_polyfunctional_oxane,cooperative,0.5048859280608985,0.0014803600669667375,0.06664143006343885
mace_polar_l,MACE-POLAR-1-L (faithful Gaussian),prospective__pros_polyfunctional_oxane__cluster_3water__equilibrium,pros_polyfunctional_oxane,equilibrium,0.4608535213530606,0.035063095387471384,0.32432897829582563
mace_polar_l,MACE-POLAR-1-L (faithful Gaussian),prospective__pros_polyfunctional_oxane__cluster_3water__orientation,pros_polyfunctional_oxane,orientation,0.5689739338907644,0.02208407255648503,0.2573950614706022
mace_polar_l,MACE-POLAR-1-L (faithful Gaussian),prospective__pros_sulfonyl_piperidinol__cluster_3water__compressed,pros_sulfonyl_piperidinol,compressed,0.4356194702366474,0.0026020742237620946,0.08835283057880083
mace_polar_l,MACE-POLAR-1-L (faithful Gaussian),prospective__pros_sulfonyl_piperidinol__cluster_3water__cooperative,pros_sulfonyl_piperidinol,cooperative,0.38590387244666685,0.0023361903279939464,0.08371720841011028
mace_polar_l,MACE-POLAR-1-L (faithful Gaussian),prospective__pros_sulfonyl_piperidinol__cluster_3water__equilibrium,pros_sulfonyl_piperidinol,equilibrium,0.3827785631543341,0.0023452233417570892,0.08387890095412116
mace_polar_l,MACE-POLAR-1-L (faithful Gaussian),prospective__pros_sulfonyl_piperidinol__cluster_3water__orientation,pros_sulfonyl_piperidinol,orientation,0.4713536946028392,0.009368439147219609,0.16764640599087957
mace_polar_l,MACE-POLAR-1-L (faithful Gaussian),prospective__prospective_diverse_01__cluster_3water__compressed,prospective_diverse_01,compressed,0.6557880165543434,0.0013506161666183502,0.06365413183647273
mace_polar_l,MACE-POLAR-1-L (faithful Gaussian),prospective__prospective_diverse_01__cluster_3water__cooperative,prospective_diverse_01,cooperative,0.5738087092119469,0.0003547521963541821,0.032622945744713895
mace_polar_l,MACE-POLAR-1-L (faithful Gaussian),prospective__prospective_diverse_01__cluster_3water__equilibrium,prospective_diverse_01,equilibrium,0.5278046285730393,0.007722002698148592,0.15220383731839934
mace_polar_l,MACE-POLAR-1-L (faithful Gaussian),prospective__prospective_diverse_01__cluster_3water__orientation,prospective_diverse_01,orientation,0.5757971627957335,0.00514118237189325,0.12419157425397163
mace_polar_l,MACE-POLAR-1-L (faithful Gaussian),prospective__prospective_diverse_02__cluster_3water__compressed,prospective_diverse_02,compressed,0.5176378779780647,0.007473239650865708,0.1497321573764204
mace_polar_l,MACE-POLAR-1-L (faithful Gaussian),prospective__prospective_diverse_02__cluster_3water__cooperative,prospective_diverse_02,cooperative,1.026947447809832,0.18016736080389142,0.7351884672733069
mace_polar_l,MACE-POLAR-1-L (faithful Gaussian),prospective__prospective_diverse_02__cluster_3water__equilibrium,prospective_diverse_02,equilibrium,0.6463076298721457,0.7060575687337781,1.4553943473166764
mace_polar_l,MACE-POLAR-1-L (faithful Gaussian),prospective__prospective_diverse_02__cluster_3water__orientation,prospective_diverse_02,orientation,0.8836818902510801,0.8335864048769576,1.5813788966060198
mace_polar_l,MACE-POLAR-1-L (faithful Gaussian),prospective__prospective_diverse_03__cluster_3water__compressed,prospective_diverse_03,compressed,0.48603665171471844,0.0001053193202957928,0.01777520635287755
mace_polar_l,MACE-POLAR-1-L (faithful Gaussian),prospective__prospective_diverse_03__cluster_3water__cooperative,prospective_diverse_03,cooperative,0.4317836692949604,0.00017127902257312998,0.022667974495296
mace_polar_l,MACE-POLAR-1-L (faithful Gaussian),prospective__prospective_diverse_03__cluster_3water__equilibrium,prospective_diverse_03,equilibrium,0.6019583827292067,0.0010655158501475985,0.056538018628554676
mace_polar_l,MACE-POLAR-1-L (faithful Gaussian),prospective__prospective_diverse_03__cluster_3water__orientation,prospective_diverse_03,orientation,0.6457608832146338,0.0029726673095685336,0.09443517315442165
mace_polar_l,MACE-POLAR-1-L (faithful Gaussian),prospective__prospective_diverse_04__cluster_3water__compressed,prospective_diverse_04,compressed,0.6406270258058546,0.0007275907167684277,0.046720147156288826
mace_polar_l,MACE-POLAR-1-L (faithful Gaussian),prospective__prospective_diverse_04__cluster_3water__cooperative,prospective_diverse_04,cooperative,0.5711026060810908,0.001685295699948784,0.07110476144286226
mace_polar_l,MACE-POLAR-1-L (faithful Gaussian),prospective__prospective_diverse_04__cluster_3water__equilibrium,prospective_diverse_04,equilibrium,0.5261586569240271,0.0038059989064587636,0.10685502664533986
mace_polar_l,MACE-POLAR-1-L (faithful Gaussian),prospective__prospective_diverse_04__cluster_3water__orientation,prospective_diverse_04,orientation,0.48882473335393445,0.010347585281374992,0.17618954521799804
mace_polar_l,MACE-POLAR-1-L (faithful Gaussian),prospective__prospective_diverse_05__cluster_3water__compressed,prospective_diverse_05,compressed,0.4430631201656506,0.00103962034074823,0.05584676375802532
mace_polar_l,MACE-POLAR-1-L (faithful Gaussian),prospective__prospective_diverse_05__cluster_3water__cooperative,prospective_diverse_05,cooperative,0.45475456115164825,0.00047385609999828817,0.03770369080070099
mace_polar_l,MACE-POLAR-1-L (faithful Gaussian),prospective__prospective_diverse_05__cluster_3water__equilibrium,prospective_diverse_05,equilibrium,0.4775156515412601,0.02385178115849962,0.2674983055563135
mace_polar_l,MACE-POLAR-1-L (faithful Gaussian),prospective__prospective_diverse_05__cluster_3water__orientation,prospective_diverse_05,orientation,0.5024464890940846,0.010614549074121592,0.1784478837710461
mace_polar_m,MACE-POLAR-1-M (faithful Gaussian),prospective__pros_azaaryl_sulfoxide__cluster_3water__compressed,pros_azaaryl_sulfoxide,compressed,0.7596175536453309,0.025840565595110044,0.27842718399130884
mace_polar_m,MACE-POLAR-1-M (faithful Gaussian),prospective__pros_azaaryl_sulfoxide__cluster_3water__cooperative,pros_azaaryl_sulfoxide,cooperative,0.48024867846056407,0.011253456971484041,0.183739954594672
mace_polar_m,MACE-POLAR-1-M (faithful Gaussian),prospective__pros_azaaryl_sulfoxide__cluster_3water__equilibrium,pros_azaaryl_sulfoxide,equilibrium,0.6267866919581742,0.005154960339702761,0.12435787477722623
mace_polar_m,MACE-POLAR-1-M (faithful Gaussian),prospective__pros_azaaryl_sulfoxide__cluster_3water__orientation,pros_azaaryl_sulfoxide,orientation,0.6381178748976194,0.013561740571343744,0.20170578007095194
mace_polar_m,MACE-POLAR-1-M (faithful Gaussian),prospective__pros_cyano_cyclic_acetal__cluster_3water__compressed,pros_cyano_cyclic_acetal,compressed,0.7673920103234225,0.0006028087423689046,0.04252559496475874
mace_polar_m,MACE-POLAR-1-M (faithful Gaussian),prospective__pros_cyano_cyclic_acetal__cluster_3water__cooperative,pros_cyano_cyclic_acetal,cooperative,0.7593957467084823,0.012142726179596526,0.19086167383419222
mace_polar_m,MACE-POLAR-1-M (faithful Gaussian),prospective__pros_cyano_cyclic_acetal__cluster_3water__equilibrium,pros_cyano_cyclic_acetal,equilibrium,0.4797249827614494,0.03819803453366811,0.3385175085590173
mace_polar_m,MACE-POLAR-1-M (faithful Gaussian),prospective__pros_cyano_cyclic_acetal__cluster_3water__orientation,pros_cyano_cyclic_acetal,orientation,0.447996969357748,0.21570005687343066,0.8044253667185615
mace_polar_m,MACE-POLAR-1-M (faithful Gaussian),prospective__pros_halogen_oxazinanone__cluster_3water__compressed,pros_halogen_oxazinanone,compressed,0.47203934385317164,0.008545135542912101,0.1601106074835028
mace_polar_m,MACE-POLAR-1-M (faithful Gaussian),prospective__pros_halogen_oxazinanone__cluster_3water__cooperative,pros_halogen_oxazinanone,cooperative,0.6818379189280551,0.00667687057235902,0.14152954361926368
mace_polar_m,MACE-POLAR-1-M (faithful Gaussian),prospective__pros_halogen_oxazinanone__cluster_3water__equilibrium,pros_halogen_oxazinanone,equilibrium,0.5943545222131998,0.010495723880996727,0.17744625001106726
mace_polar_m,MACE-POLAR-1-M (faithful Gaussian),prospective__pros_halogen_oxazinanone__cluster_3water__orientation,pros_halogen_oxazinanone,orientation,0.48064773295472596,0.13828929695732492,0.6441023916055387
mace_polar_m,MACE-POLAR-1-M (faithful Gaussian),prospective__pros_heteroaryl_amide__cluster_3water__compressed,pros_heteroaryl_amide,compressed,0.4438282072107315,0.00989088850560637,0.17225755576118892
mace_polar_m,MACE-POLAR-1-M (faithful Gaussian),prospective__pros_heteroaryl_amide__cluster_3water__cooperative,pros_heteroaryl_amide,cooperative,0.5386876604643948,0.017374303694796474,0.2283044263355168
mace_polar_m,MACE-POLAR-1-M (faithful Gaussian),prospective__pros_heteroaryl_amide__cluster_3water__equilibrium,pros_heteroaryl_amide,equilibrium,0.6680451724922848,0.0034003626404333627,0.10100043525302298
mace_polar_m,MACE-POLAR-1-M (faithful Gaussian),prospective__pros_heteroaryl_amide__cluster_3water__orientation,pros_heteroaryl_amide,orientation,0.8149115488894301,0.014735582665120338,0.2102540082741849
mace_polar_m,MACE-POLAR-1-M (faithful Gaussian),prospective__pros_isoxazole_thioether__cluster_3water__compressed,pros_isoxazole_thioether,compressed,0.651674226918517,0.04038305919847505,0.34806490428571674
mace_polar_m,MACE-POLAR-1-M (faithful Gaussian),prospective__pros_isoxazole_thioether__cluster_3water__cooperative,pros_isoxazole_thioether,cooperative,0.6614811428933745,0.009531288032038811,0.1690972030996268
mace_polar_m,MACE-POLAR-1-M (faithful Gaussian),prospective__pros_isoxazole_thioether__cluster_3water__equilibrium,pros_isoxazole_thioether,equilibrium,0.47202276643607016,0.03159892910301367,0.307890869155032
mace_polar_m,MACE-POLAR-1-M (faithful Gaussian),prospective__pros_isoxazole_thioether__cluster_3water__orientation,pros_isoxazole_thioether,orientation,0.5555746168410686,0.007141732455757561,0.14637348587525228
mace_polar_m,MACE-POLAR-1-M (faithful Gaussian),prospective__pros_polyfunctional_oxane__cluster_3water__compressed,pros_polyfunctional_oxane,compressed,0.6981219153342457,0.010495461689954855,0.17744403362712582
mace_polar_m,MACE-POLAR-1-M (faithful Gaussian),prospective__pros_polyfunctional_oxane__cluster_3water__cooperative,pros_polyfunctional_oxane,cooperative,0.7196462483540915,0.008418730902183948,0.15892197049669327
mace_polar_m,MACE-POLAR-1-M (faithful Gaussian),prospective__pros_polyfunctional_oxane__cluster_3water__equilibrium,pros_polyfunctional_oxane,equilibrium,0.5010706376877879,0.008417383769013425,0.15890925494457606
mace_polar_m,MACE-POLAR-1-M (faithful Gaussian),prospective__pros_polyfunctional_oxane__cluster_3water__orientation,pros_polyfunctional_oxane,orientation,0.6126567402636831,0.001994907510046331,0.07736098842529737
mace_polar_m,MACE-POLAR-1-M (faithful Gaussian),prospective__pros_sulfonyl_piperidinol__cluster_3water__compressed,pros_sulfonyl_piperidinol,compressed,0.5699111018926861,0.005774396097273475,0.13161758352066955
mace_polar_m,MACE-POLAR-1-M (faithful Gaussian),prospective__pros_sulfonyl_piperidinol__cluster_3water__cooperative,pros_sulfonyl_piperidinol,cooperative,0.42631058527125504,0.004859059530704783,0.12073598714598041
mace_polar_m,MACE-POLAR-1-M (faithful Gaussian),prospective__pros_sulfonyl_piperidinol__cluster_3water__equilibrium,pros_sulfonyl_piperidinol,equilibrium,0.45002692976484954,0.009289796462165992,0.16694127526318342
mace_polar_m,MACE-POLAR-1-M (faithful Gaussian),prospective__pros_sulfonyl_piperidinol__cluster_3water__orientation,pros_sulfonyl_piperidinol,orientation,0.540341206639784,0.01541039507691719,0.21501438377641524
mace_polar_m,MACE-POLAR-1-M (faithful Gaussian),prospective__prospective_diverse_01__cluster_3water__compressed,prospective_diverse_01,compressed,0.897037618895024,0.003862597484092996,0.10764660910720313
mace_polar_m,MACE-POLAR-1-M (faithful Gaussian),prospective__prospective_diverse_01__cluster_3water__cooperative,prospective_diverse_01,cooperative,0.8171896884255867,0.00212602207767714,0.07986279630110268
mace_polar_m,MACE-POLAR-1-M (faithful Gaussian),prospective__prospective_diverse_01__cluster_3water__equilibrium,prospective_diverse_01,equilibrium,0.6192726065468123,0.014752200920758013,0.21037253328862596
mace_polar_m,MACE-POLAR-1-M (faithful Gaussian),prospective__prospective_diverse_01__cluster_3water__orientation,prospective_diverse_01,orientation,0.6270445255709403,0.0059831498909032445,0.13397555625079424
mace_polar_m,MACE-POLAR-1-M (faithful Gaussian),prospective__prospective_diverse_02__cluster_3water__compressed,prospective_diverse_02,compressed,0.5100801932209756,0.014099226662010607,0.205663997787731
mace_polar_m,MACE-POLAR-1-M (faithful Gaussian),prospective__prospective_diverse_02__cluster_3water__cooperative,prospective_diverse_02,cooperative,1.0401678209350966,0.17638060924353707,0.7274213550141426
mace_polar_m,MACE-POLAR-1-M (faithful Gaussian),prospective__prospective_diverse_02__cluster_3water__equilibrium,prospective_diverse_02,equilibrium,0.59188351282503,0.35065707395595735,1.0256564833646167
mace_polar_m,MACE-POLAR-1-M (faithful Gaussian),prospective__prospective_diverse_02__cluster_3water__orientation,prospective_diverse_02,orientation,0.7448420674276632,0.46081016136641323,1.1757680400909185
mace_polar_m,MACE-POLAR-1-M (faithful Gaussian),prospective__prospective_diverse_03__cluster_3water__compressed,prospective_diverse_03,compressed,0.6528578698286184,0.0016224713692949198,0.0697668553676082
mace_polar_m,MACE-POLAR-1-M (faithful Gaussian),prospective__prospective_diverse_03__cluster_3water__cooperative,prospective_diverse_03,cooperative,0.4604582765082205,0.0009537884943409111,0.05349173284744787
mace_polar_m,MACE-POLAR-1-M (faithful Gaussian),prospective__prospective_diverse_03__cluster_3water__equilibrium,prospective_diverse_03,equilibrium,0.8132436231602629,0.0029169658757055516,0.09354623256506193
mace_polar_m,MACE-POLAR-1-M (faithful Gaussian),prospective__prospective_diverse_03__cluster_3water__orientation,prospective_diverse_03,orientation,0.7697018617490198,0.0009159046649247415,0.05241864167234997
mace_polar_m,MACE-POLAR-1-M (faithful Gaussian),prospective__prospective_diverse_04__cluster_3water__compressed,prospective_diverse_04,compressed,0.8420175526325815,0.008710317518644527,0.16165071158498986
mace_polar_m,MACE-POLAR-1-M (faithful Gaussian),prospective__prospective_diverse_04__cluster_3water__cooperative,prospective_diverse_04,cooperative,0.7261911797813432,0.005554835093096255,0.12909107358484848
mace_polar_m,MACE-POLAR-1-M (faithful Gaussian),prospective__prospective_diverse_04__cluster_3water__equilibrium,prospective_diverse_04,equilibrium,0.6680994285013909,0.017212255570793856,0.22723724763423264
mace_polar_m,MACE-POLAR-1-M (faithful Gaussian),prospective__prospective_diverse_04__cluster_3water__orientation,prospective_diverse_04,orientation,0.6641605725185318,0.04703409454558224,0.37563583912713483
mace_polar_m,MACE-POLAR-1-M (faithful Gaussian),prospective__prospective_diverse_05__cluster_3water__compressed,prospective_diverse_05,compressed,0.5971980351339221,0.001608421508403917,0.06946412401529117
mace_polar_m,MACE-POLAR-1-M (faithful Gaussian),prospective__prospective_diverse_05__cluster_3water__cooperative,prospective_diverse_05,cooperative,0.6288181092842599,0.000775862561528474,0.04824507938210302
mace_polar_m,MACE-POLAR-1-M (faithful Gaussian),prospective__prospective_diverse_05__cluster_3water__equilibrium,prospective_diverse_05,equilibrium,0.5383830717721135,0.04116893706335224,0.3514353584801289
mace_polar_m,MACE-POLAR-1-M (faithful Gaussian),prospective__prospective_diverse_05__cluster_3water__orientation,prospective_diverse_05,orientation,0.459313437262578,0.011296934330339367,0.18409454905297468
mace_polar_s,MACE-POLAR-1-S (faithful Gaussian),prospective__pros_azaaryl_sulfoxide__cluster_3water__compressed,pros_azaaryl_sulfoxide,compressed,0.5911605088571551,0.0001676269205319069,0.022425003045612294
mace_polar_s,MACE-POLAR-1-S (faithful Gaussian),prospective__pros_azaaryl_sulfoxide__cluster_3water__cooperative,pros_azaaryl_sulfoxide,cooperative,0.839256212325405,0.0006565489291838928,0.0443807028735652
mace_polar_s,MACE-POLAR-1-S (faithful Gaussian),prospective__pros_azaaryl_sulfoxide__cluster_3water__equilibrium,pros_azaaryl_sulfoxide,equilibrium,0.7522363615124165,0.05615070560015273,0.41042918609725865
mace_polar_s,MACE-POLAR-1-S (faithful Gaussian),prospective__pros_azaaryl_sulfoxide__cluster_3water__orientation,pros_azaaryl_sulfoxide,orientation,0.7729192941593914,0.054578587494752695,0.40464275909035874
mace_polar_s,MACE-POLAR-1-S (faithful Gaussian),prospective__pros_cyano_cyclic_acetal__cluster_3water__compressed,pros_cyano_cyclic_acetal,compressed,1.9458701232962392,0.7230414108340942,1.4727947014103095
mace_polar_s,MACE-POLAR-1-S (faithful Gaussian),prospective__pros_cyano_cyclic_acetal__cluster_3water__cooperative,pros_cyano_cyclic_acetal,cooperative,0.8427071605037595,0.05087059603580054,0.390655587579906
mace_polar_s,MACE-POLAR-1-S (faithful Gaussian),prospective__pros_cyano_cyclic_acetal__cluster_3water__equilibrium,pros_cyano_cyclic_acetal,equilibrium,0.7880189873885124,0.22248752100038438,0.816983820525935
mace_polar_s,MACE-POLAR-1-S (faithful Gaussian),prospective__pros_cyano_cyclic_acetal__cluster_3water__orientation,pros_cyano_cyclic_acetal,orientation,0.8896851704182928,0.1483457220312495,0.6671110597897089
mace_polar_s,MACE-POLAR-1-S (faithful Gaussian),prospective__pros_halogen_oxazinanone__cluster_3water__compressed,pros_halogen_oxazinanone,compressed,0.3881496108755457,0.004723669958606405,0.119042050872031
mace_polar_s,MACE-POLAR-1-S (faithful Gaussian),prospective__pros_halogen_oxazinanone__cluster_3water__cooperative,pros_halogen_oxazinanone,cooperative,0.7843045881092582,0.014010241727196731,0.20501396338198574
mace_polar_s,MACE-POLAR-1-S (faithful Gaussian),prospective__pros_halogen_oxazinanone__cluster_3water__equilibrium,pros_halogen_oxazinanone,equilibrium,0.8603023565610615,0.6542390293573709,1.4009700525250754
mace_polar_s,MACE-POLAR-1-S (faithful Gaussian),prospective__pros_halogen_oxazinanone__cluster_3water__orientation,pros_halogen_oxazinanone,orientation,1.2663109679381903,0.6695803811765231,1.4173006538944266
mace_polar_s,MACE-POLAR-1-S (faithful Gaussian),prospective__pros_heteroaryl_amide__cluster_3water__compressed,pros_heteroaryl_amide,compressed,0.3555971376587517,0.010896276595682168,0.18080052485279602
mace_polar_s,MACE-POLAR-1-S (faithful Gaussian),prospective__pros_heteroaryl_amide__cluster_3water__cooperative,pros_heteroaryl_amide,cooperative,0.6533696371452513,0.0003529500784197194,0.03253997902978977
mace_polar_s,MACE-POLAR-1-S (faithful Gaussian),prospective__pros_heteroaryl_amide__cluster_3water__equilibrium,pros_heteroaryl_amide,equilibrium,1.01314524701296,0.043271592491069454,0.36029817855938207
mace_polar_s,MACE-POLAR-1-S (faithful Gaussian),prospective__pros_heteroaryl_amide__cluster_3water__orientation,pros_heteroaryl_amide,orientation,0.9055897288783117,0.0031938907225238827,0.09788601620033195
mace_polar_s,MACE-POLAR-1-S (faithful Gaussian),prospective__pros_isoxazole_thioether__cluster_3water__compressed,pros_isoxazole_thioether,compressed,0.543632868326559,0.019953424029152487,0.24466358962350215
mace_polar_s,MACE-POLAR-1-S (faithful Gaussian),prospective__pros_isoxazole_thioether__cluster_3water__cooperative,pros_isoxazole_thioether,cooperative,0.7418156230976473,0.0012058121611130254,0.060145128508791765
mace_polar_s,MACE-POLAR-1-S (faithful Gaussian),prospective__pros_isoxazole_thioether__cluster_3water__equilibrium,pros_isoxazole_thioether,equilibrium,0.7756395909993856,0.0795581758674823,0.48854327096220135
mace_polar_s,MACE-POLAR-1-S (faithful Gaussian),prospective__pros_isoxazole_thioether__cluster_3water__orientation,pros_isoxazole_thioether,orientation,0.8024656665973307,0.009103302776916974,0.16525709767132823
mace_polar_s,MACE-POLAR-1-S (faithful Gaussian),prospective__pros_polyfunctional_oxane__cluster_3water__compressed,pros_polyfunctional_oxane,compressed,0.7275977704547398,0.03841651235901583,0.33948422213270457
mace_polar_s,MACE-POLAR-1-S (faithful Gaussian),prospective__pros_polyfunctional_oxane__cluster_3water__cooperative,pros_polyfunctional_oxane,cooperative,0.8180248644483873,0.01747936638947784,0.22899366621903217
mace_polar_s,MACE-POLAR-1-S (faithful Gaussian),prospective__pros_polyfunctional_oxane__cluster_3water__equilibrium,pros_polyfunctional_oxane,equilibrium,0.8665663945328003,0.08236481789016047,0.4970859620533267
mace_polar_s,MACE-POLAR-1-S (faithful Gaussian),prospective__pros_polyfunctional_oxane__cluster_3water__orientation,pros_polyfunctional_oxane,orientation,0.703475853727529,0.013407567484859545,0.20055598334275304
mace_polar_s,MACE-POLAR-1-S (faithful Gaussian),prospective__pros_sulfonyl_piperidinol__cluster_3water__compressed,pros_sulfonyl_piperidinol,compressed,0.3680567642957858,0.008623447973329717,0.160842606046996
mace_polar_s,MACE-POLAR-1-S (faithful Gaussian),prospective__pros_sulfonyl_piperidinol__cluster_3water__cooperative,pros_sulfonyl_piperidinol,cooperative,0.6561155263431518,0.010147479302738053,0.17447761434698195
mace_polar_s,MACE-POLAR-1-S (faithful Gaussian),prospective__pros_sulfonyl_piperidinol__cluster_3water__equilibrium,pros_sulfonyl_piperidinol,equilibrium,0.6671268471739086,0.020349027327608647,0.24707707700801776
mace_polar_s,MACE-POLAR-1-S (faithful Gaussian),prospective__pros_sulfonyl_piperidinol__cluster_3water__orientation,pros_sulfonyl_piperidinol,orientation,0.7655133173701779,0.03092726565122848,0.3046010455557982
mace_polar_s,MACE-POLAR-1-S (faithful Gaussian),prospective__prospective_diverse_01__cluster_3water__compressed,prospective_diverse_01,compressed,0.6692887188362362,0.031260147062214666,0.3062359240628767
mace_polar_s,MACE-POLAR-1-S (faithful Gaussian),prospective__prospective_diverse_01__cluster_3water__cooperative,prospective_diverse_01,cooperative,0.9047028149950598,0.03953401071339816,0.3443864575447102
mace_polar_s,MACE-POLAR-1-S (faithful Gaussian),prospective__prospective_diverse_01__cluster_3water__equilibrium,prospective_diverse_01,equilibrium,0.8873004338603503,0.030013954563614775,0.3000697647062168
mace_polar_s,MACE-POLAR-1-S (faithful Gaussian),prospective__prospective_diverse_01__cluster_3water__orientation,prospective_diverse_01,orientation,0.8536391137026805,0.02110472775311543,0.2516230976268798
mace_polar_s,MACE-POLAR-1-S (faithful Gaussian),prospective__prospective_diverse_02__cluster_3water__compressed,prospective_diverse_02,compressed,0.4228564364762197,0.00023264893685296566,0.026418682983050026
mace_polar_s,MACE-POLAR-1-S (faithful Gaussian),prospective__prospective_diverse_02__cluster_3water__cooperative,prospective_diverse_02,cooperative,0.7570252011959683,0.016907889226213623,0.22521915477738758
mace_polar_s,MACE-POLAR-1-S (faithful Gaussian),prospective__prospective_diverse_02__cluster_3water__equilibrium,prospective_diverse_02,equilibrium,0.6491456146641049,0.028735245092380398,0.2936081321713368
mace_polar_s,MACE-POLAR-1-S (faithful Gaussian),prospective__prospective_diverse_02__cluster_3water__orientation,prospective_diverse_02,orientation,0.7774246135453975,0.13895625511675036,0.6456537503571486
mace_polar_s,MACE-POLAR-1-S (faithful Gaussian),prospective__prospective_diverse_03__cluster_3water__compressed,prospective_diverse_03,compressed,0.41925439615071297,0.006542544395265103,0.14009865518910347
mace_polar_s,MACE-POLAR-1-S (faithful Gaussian),prospective__prospective_diverse_03__cluster_3water__cooperative,prospective_diverse_03,cooperative,0.23949061514824757,0.0009661014224870944,0.0538359012877214
mace_polar_s,MACE-POLAR-1-S (faithful Gaussian),prospective__prospective_diverse_03__cluster_3water__equilibrium,prospective_diverse_03,equilibrium,0.8383383820588766,0.004279861561457214,0.11331189118698727
mace_polar_s,MACE-POLAR-1-S (faithful Gaussian),prospective__prospective_diverse_03__cluster_3water__orientation,prospective_diverse_03,orientation,0.7358805341615369,0.014127499500542191,0.20587010103855918
mace_polar_s,MACE-POLAR-1-S (faithful Gaussian),prospective__prospective_diverse_04__cluster_3water__compressed,prospective_diverse_04,compressed,0.7295241817965686,0.002534422420207068,0.08719671588208586
mace_polar_s,MACE-POLAR-1-S (faithful Gaussian),prospective__prospective_diverse_04__cluster_3water__cooperative,prospective_diverse_04,cooperative,0.8023398584712692,0.007366758518883929,0.1486616142676104
mace_polar_s,MACE-POLAR-1-S (faithful Gaussian),prospective__prospective_diverse_04__cluster_3water__equilibrium,prospective_diverse_04,equilibrium,1.1242035917870792,0.0521939660806252,0.3957043065748408
mace_polar_s,MACE-POLAR-1-S (faithful Gaussian),prospective__prospective_diverse_04__cluster_3water__orientation,prospective_diverse_04,orientation,0.9018123002282303,0.060624418959863514,0.42646600905534143
mace_polar_s,MACE-POLAR-1-S (faithful Gaussian),prospective__prospective_diverse_05__cluster_3water__compressed,prospective_diverse_05,compressed,0.5955960340552806,0.003243435234638155,0.09864231193516536
mace_polar_s,MACE-POLAR-1-S (faithful Gaussian),prospective__prospective_diverse_05__cluster_3water__cooperative,prospective_diverse_05,cooperative,0.6088297302239009,0.002553218893778009,0.08751946458550822
mace_polar_s,MACE-POLAR-1-S (faithful Gaussian),prospective__prospective_diverse_05__cluster_3water__equilibrium,prospective_diverse_05,equilibrium,0.8471527131317004,0.1359439264849762,0.6386170835915123
mace_polar_s,MACE-POLAR-1-S (faithful Gaussian),prospective__prospective_diverse_05__cluster_3water__orientation,prospective_diverse_05,orientation,0.732462177880404,0.04892154841262091,0.383098740846094
aimnet2,AIMNet2 official default,prospective__pros_azaaryl_sulfoxide__cluster_3water__compressed,pros_azaaryl_sulfoxide,compressed,0.7459651491329342,0.09453189731653376,0.532537033406693
aimnet2,AIMNet2 official default,prospective__pros_azaaryl_sulfoxide__cluster_3water__cooperative,pros_azaaryl_sulfoxide,cooperative,0.7236746832440109,0.21269426689328605,0.798800851702011
aimnet2,AIMNet2 official default,prospective__pros_azaaryl_sulfoxide__cluster_3water__equilibrium,pros_azaaryl_sulfoxide,equilibrium,0.7944730069915219,0.025572786374750092,0.27698079197707964
aimnet2,AIMNet2 official default,prospective__pros_azaaryl_sulfoxide__cluster_3water__orientation,pros_azaaryl_sulfoxide,orientation,0.5889862377349188,0.07057864971921081,0.46014774709611744
aimnet2,AIMNet2 official default,prospective__pros_cyano_cyclic_acetal__cluster_3water__compressed,pros_cyano_cyclic_acetal,compressed,1.1744854083570189,0.07977688972652353,0.4892143386896694
aimnet2,AIMNet2 official default,prospective__pros_cyano_cyclic_acetal__cluster_3water__cooperative,pros_cyano_cyclic_acetal,cooperative,0.745615216971541,0.14324310363709658,0.6555374214423535
aimnet2,AIMNet2 official default,prospective__pros_cyano_cyclic_acetal__cluster_3water__equilibrium,pros_cyano_cyclic_acetal,equilibrium,0.6357584803283347,0.05846498650354176,0.4188018141205041
aimnet2,AIMNet2 official default,prospective__pros_cyano_cyclic_acetal__cluster_3water__orientation,pros_cyano_cyclic_acetal,orientation,1.1251519515370412,0.30559162016792324,0.9574836084778526
aimnet2,AIMNet2 official default,prospective__pros_halogen_oxazinanone__cluster_3water__compressed,pros_halogen_oxazinanone,compressed,0.920995964303025,0.5204045818226452,1.2494853922587232
aimnet2,AIMNet2 official default,prospective__pros_halogen_oxazinanone__cluster_3water__cooperative,pros_halogen_oxazinanone,cooperative,0.9583226420097293,0.3768859807690914,1.0633240062686793
aimnet2,AIMNet2 official default,prospective__pros_halogen_oxazinanone__cluster_3water__equilibrium,pros_halogen_oxazinanone,equilibrium,0.8011808276595104,0.265792822294741,0.892960506900626
aimnet2,AIMNet2 official default,prospective__pros_halogen_oxazinanone__cluster_3water__orientation,pros_halogen_oxazinanone,orientation,0.7713617307739963,0.4442701480852196,1.154474098564216
aimnet2,AIMNet2 official default,prospective__pros_heteroaryl_amide__cluster_3water__compressed,pros_heteroaryl_amide,compressed,0.5586481321723972,0.22582031234343228,0.8230801522514662
aimnet2,AIMNet2 official default,prospective__pros_heteroaryl_amide__cluster_3water__cooperative,pros_heteroaryl_amide,cooperative,0.9852824572551085,0.16378839407035195,0.7009744518961128
aimnet2,AIMNet2 official default,prospective__pros_heteroaryl_amide__cluster_3water__equilibrium,pros_heteroaryl_amide,equilibrium,1.093936647165418,0.3683502192991151,1.0512138973098413
aimnet2,AIMNet2 official default,prospective__pros_heteroaryl_amide__cluster_3water__orientation,pros_heteroaryl_amide,orientation,1.3120128161216913,0.17589675275425784,0.7264229196981422
aimnet2,AIMNet2 official default,prospective__pros_isoxazole_thioether__cluster_3water__compressed,pros_isoxazole_thioether,compressed,0.6099309523161927,0.132875426764294,0.6313685772137239
aimnet2,AIMNet2 official default,prospective__pros_isoxazole_thioether__cluster_3water__cooperative,pros_isoxazole_thioether,cooperative,1.0739671878465968,0.4834205655342266,1.2042681165764872
aimnet2,AIMNet2 official default,prospective__pros_isoxazole_thioether__cluster_3water__equilibrium,pros_isoxazole_thioether,equilibrium,0.5744661979104915,0.006995320776973515,0.14486532480521536
aimnet2,AIMNet2 official default,prospective__pros_isoxazole_thioether__cluster_3water__orientation,pros_isoxazole_thioether,orientation,1.0207640220800898,0.007513082426134101,0.15013076726108576
aimnet2,AIMNet2 official default,prospective__pros_polyfunctional_oxane__cluster_3water__compressed,pros_polyfunctional_oxane,compressed,0.7009915323012383,0.07166536768290785,0.46367672256511167
aimnet2,AIMNet2 official default,prospective__pros_polyfunctional_oxane__cluster_3water__cooperative,pros_polyfunctional_oxane,cooperative,0.465041245351089,0.07451000953712193,0.47278962405214203
aimnet2,AIMNet2 official default,prospective__pros_polyfunctional_oxane__cluster_3water__equilibrium,pros_polyfunctional_oxane,equilibrium,0.7591556614941928,0.059612463470907866,0.4228917005720538
aimnet2,AIMNet2 official default,prospective__pros_polyfunctional_oxane__cluster_3water__orientation,pros_polyfunctional_oxane,orientation,0.8790408058535664,0.0436523866863441,0.36188003545240277
aimnet2,AIMNet2 official default,prospective__pros_sulfonyl_piperidinol__cluster_3water__compressed,pros_sulfonyl_piperidinol,compressed,0.9192887818798466,0.19728610515128994,0.7693232840970496
aimnet2,AIMNet2 official default,prospective__pros_sulfonyl_piperidinol__cluster_3water__cooperative,pros_sulfonyl_piperidinol,cooperative,0.8687947862178916,0.23642541984792242,0.8421854068693944
aimnet2,AIMNet2 official default,prospective__pros_sulfonyl_piperidinol__cluster_3water__equilibrium,pros_sulfonyl_piperidinol,equilibrium,0.5334009441015858,0.018390078874086505,0.23488345327472415
aimnet2,AIMNet2 official default,prospective__pros_sulfonyl_piperidinol__cluster_3water__orientation,pros_sulfonyl_piperidinol,orientation,0.8935801315474207,0.035126517328807096,0.32462216804528504
aimnet2,AIMNet2 official default,prospective__prospective_diverse_01__cluster_3water__compressed,prospective_diverse_01,compressed,0.5655815399285051,0.004688934097027497,0.11860355092105165
aimnet2,AIMNet2 official default,prospective__prospective_diverse_01__cluster_3water__cooperative,prospective_diverse_01,cooperative,0.6870885157586346,0.026153371132806583,0.28010732478537537
aimnet2,AIMNet2 official default,prospective__prospective_diverse_01__cluster_3water__equilibrium,prospective_diverse_01,equilibrium,0.5537033843254207,0.005800629498675033,0.13191621771421852
aimnet2,AIMNet2 official default,prospective__prospective_diverse_01__cluster_3water__orientation,prospective_diverse_01,orientation,0.7141721378326854,0.02642145182627047,0.2815392609900286
aimnet2,AIMNet2 official default,prospective__prospective_diverse_02__cluster_3water__compressed,prospective_diverse_02,compressed,0.5642122358561406,0.17343987843344363,0.721331848250395
aimnet2,AIMNet2 official default,prospective__prospective_diverse_02__cluster_3water__cooperative,prospective_diverse_02,cooperative,0.7931184520000365,0.21220534927481463,0.797882226788167
aimnet2,AIMNet2 official default,prospective__prospective_diverse_02__cluster_3water__equilibrium,prospective_diverse_02,equilibrium,0.5473771818492804,0.07375187802078267,0.47037818195824943
aimnet2,AIMNet2 official default,prospective__prospective_diverse_02__cluster_3water__orientation,prospective_diverse_02,orientation,0.8319516261224515,0.2905799110043315,0.9336700343338618
aimnet2,AIMNet2 official default,prospective__prospective_diverse_03__cluster_3water__compressed,prospective_diverse_03,compressed,0.5700182792551381,0.04964762618003706,0.38593118368448953
aimnet2,AIMNet2 official default,prospective__prospective_diverse_03__cluster_3water__cooperative,prospective_diverse_03,cooperative,0.5319515937930994,0.012827785070671407,0.19617174927092387
aimnet2,AIMNet2 official default,prospective__prospective_diverse_03__cluster_3water__equilibrium,prospective_diverse_03,equilibrium,0.5718670518946051,0.004601090885109062,0.11748732976507376
aimnet2,AIMNet2 official default,prospective__prospective_diverse_03__cluster_3water__orientation,prospective_diverse_03,orientation,0.8044186682964821,0.001382873635602657,0.06440978890516542
aimnet2,AIMNet2 official default,prospective__prospective_diverse_04__cluster_3water__compressed,prospective_diverse_04,compressed,0.8814974356563045,0.01295472878430261,0.19714001712718762
aimnet2,AIMNet2 official default,prospective__prospective_diverse_04__cluster_3water__cooperative,prospective_diverse_04,cooperative,0.6379729271363951,0.052735374325301045,0.39775133309129607
aimnet2,AIMNet2 official default,prospective__prospective_diverse_04__cluster_3water__equilibrium,prospective_diverse_04,equilibrium,0.6896726875527653,0.004739515330103504,0.1192415447329936
aimnet2,AIMNet2 official default,prospective__prospective_diverse_04__cluster_3water__orientation,prospective_diverse_04,orientation,0.6912289460083347,0.05931534699587162,0.42183650978502896
aimnet2,AIMNet2 official default,prospective__prospective_diverse_05__cluster_3water__compressed,prospective_diverse_05,compressed,0.9216448949790529,0.2534688053292001,0.8720128531091731
aimnet2,AIMNet2 official default,prospective__prospective_diverse_05__cluster_3water__cooperative,prospective_diverse_05,cooperative,0.8450303983356098,0.1301152765079389,0.6247766237014767
aimnet2,AIMNet2 official default,prospective__prospective_diverse_05__cluster_3water__equilibrium,prospective_diverse_05,equilibrium,0.5605451342617045,0.010725271056453108,0.17937617782013118
aimnet2,AIMNet2 official default,prospective__prospective_diverse_05__cluster_3water__orientation,prospective_diverse_05,orientation,0.6104123394805437,0.01776438020723699,0.23085307150157428
mace_mdp,MACE-MDP,prospective__pros_azaaryl_sulfoxide__cluster_3water__compressed,pros_azaaryl_sulfoxide,compressed,,0.00210699944501616,0.07950470637043118
mace_mdp,MACE-MDP,prospective__pros_azaaryl_sulfoxide__cluster_3water__cooperative,pros_azaaryl_sulfoxide,cooperative,,0.00685531501475397,0.14340831581279348
mace_mdp,MACE-MDP,prospective__pros_azaaryl_sulfoxide__cluster_3water__equilibrium,pros_azaaryl_sulfoxide,equilibrium,,0.010307738708777709,0.17584998187754564
mace_mdp,MACE-MDP,prospective__pros_azaaryl_sulfoxide__cluster_3water__orientation,pros_azaaryl_sulfoxide,orientation,,0.0013481868699196187,0.06359686006210413
mace_mdp,MACE-MDP,prospective__pros_cyano_cyclic_acetal__cluster_3water__compressed,pros_cyano_cyclic_acetal,compressed,,0.033548933882450456,0.31724880086038365
mace_mdp,MACE-MDP,prospective__pros_cyano_cyclic_acetal__cluster_3water__cooperative,pros_cyano_cyclic_acetal,cooperative,,0.00026562806503971825,0.028229137342808668
mace_mdp,MACE-MDP,prospective__pros_cyano_cyclic_acetal__cluster_3water__equilibrium,pros_cyano_cyclic_acetal,equilibrium,,0.0022261422621744314,0.08172164209389882
mace_mdp,MACE-MDP,prospective__pros_cyano_cyclic_acetal__cluster_3water__orientation,pros_cyano_cyclic_acetal,orientation,,0.006026041044802714,0.1344549111576373
mace_mdp,MACE-MDP,prospective__pros_halogen_oxazinanone__cluster_3water__compressed,pros_halogen_oxazinanone,compressed,,0.006306261991777054,0.13754557781088844
mace_mdp,MACE-MDP,prospective__pros_halogen_oxazinanone__cluster_3water__cooperative,pros_halogen_oxazinanone,cooperative,,0.00521555790915676,0.12508666486668465
mace_mdp,MACE-MDP,prospective__pros_halogen_oxazinanone__cluster_3water__equilibrium,pros_halogen_oxazinanone,equilibrium,,0.0455723025623973,0.36975249517372005
mace_mdp,MACE-MDP,prospective__pros_halogen_oxazinanone__cluster_3water__orientation,pros_halogen_oxazinanone,orientation,,0.6342053013148783,1.3793534369205867
mace_mdp,MACE-MDP,prospective__pros_heteroaryl_amide__cluster_3water__compressed,pros_heteroaryl_amide,compressed,,0.002408789917433137,0.08500805698461418
mace_mdp,MACE-MDP,prospective__pros_heteroaryl_amide__cluster_3water__cooperative,pros_heteroaryl_amide,cooperative,,0.01713315236754611,0.2267144836631271
mace_mdp,MACE-MDP,prospective__pros_heteroaryl_amide__cluster_3water__equilibrium,pros_heteroaryl_amide,equilibrium,,0.0008522328816376455,0.05056380765837296
mace_mdp,MACE-MDP,prospective__pros_heteroaryl_amide__cluster_3water__orientation,pros_heteroaryl_amide,orientation,,0.0005667077508360142,0.04123255088529017
mace_mdp,MACE-MDP,prospective__pros_isoxazole_thioether__cluster_3water__compressed,pros_isoxazole_thioether,compressed,,0.0058797884795616035,0.13281327282574137
mace_mdp,MACE-MDP,prospective__pros_isoxazole_thioether__cluster_3water__cooperative,pros_isoxazole_thioether,cooperative,,0.0002807226138786848,0.02902012821536208
mace_mdp,MACE-MDP,prospective__pros_isoxazole_thioether__cluster_3water__equilibrium,pros_isoxazole_thioether,equilibrium,,0.0022456471357204136,0.08207887308656986
mace_mdp,MACE-MDP,prospective__pros_isoxazole_thioether__cluster_3water__orientation,pros_isoxazole_thioether,orientation,,0.0026001363740091755,0.08831992483028689
mace_mdp,MACE-MDP,prospective__pros_polyfunctional_oxane__cluster_3water__compressed,pros_polyfunctional_oxane,compressed,,0.0016587236136378144,0.07054197928122972
mace_mdp,MACE-MDP,prospective__pros_polyfunctional_oxane__cluster_3water__cooperative,pros_polyfunctional_oxane,cooperative,,0.004216080837301754,0.11246440553306304
mace_mdp,MACE-MDP,prospective__pros_polyfunctional_oxane__cluster_3water__equilibrium,pros_polyfunctional_oxane,equilibrium,,0.0012319563608561923,0.06079365988792398
mace_mdp,MACE-MDP,prospective__pros_polyfunctional_oxane__cluster_3water__orientation,pros_polyfunctional_oxane,orientation,,0.0015043647282557138,0.06717956672059698
mace_mdp,MACE-MDP,prospective__pros_sulfonyl_piperidinol__cluster_3water__compressed,pros_sulfonyl_piperidinol,compressed,,0.0006087625948354115,0.042735088446219864
mace_mdp,MACE-MDP,prospective__pros_sulfonyl_piperidinol__cluster_3water__cooperative,pros_sulfonyl_piperidinol,cooperative,,0.013656783026244594,0.20241133633947922
mace_mdp,MACE-MDP,prospective__pros_sulfonyl_piperidinol__cluster_3water__equilibrium,pros_sulfonyl_piperidinol,equilibrium,,0.0005096204294742805,0.03910065585668406
mace_mdp,MACE-MDP,prospective__pros_sulfonyl_piperidinol__cluster_3water__orientation,pros_sulfonyl_piperidinol,orientation,,0.002066943572946563,0.07874535363333947
mace_mdp,MACE-MDP,prospective__prospective_diverse_01__cluster_3water__compressed,prospective_diverse_01,compressed,,0.0010639076260257625,0.056495335011638684
mace_mdp,MACE-MDP,prospective__prospective_diverse_01__cluster_3water__cooperative,prospective_diverse_01,cooperative,,0.00045024882210954156,0.036752502858018045
mace_mdp,MACE-MDP,prospective__prospective_diverse_01__cluster_3water__equilibrium,prospective_diverse_01,equilibrium,,0.004060451064320951,0.1103691677642033
mace_mdp,MACE-MDP,prospective__prospective_diverse_01__cluster_3water__orientation,prospective_diverse_01,orientation,,0.007490498459816663,0.14990495448600086
mace_mdp,MACE-MDP,prospective__prospective_diverse_02__cluster_3water__compressed,prospective_diverse_02,compressed,,0.0258496494030812,0.2784761178436018
mace_mdp,MACE-MDP,prospective__prospective_diverse_02__cluster_3water__cooperative,prospective_diverse_02,cooperative,,0.031753532648135435,0.3086431563219996
mace_mdp,MACE-MDP,prospective__prospective_diverse_02__cluster_3water__equilibrium,prospective_diverse_02,equilibrium,,0.02586955459757274,0.2785833157113294
mace_mdp,MACE-MDP,prospective__prospective_diverse_02__cluster_3water__orientation,prospective_diverse_02,orientation,,0.1254351665865695,0.6134374456778038
mace_mdp,MACE-MDP,prospective__prospective_diverse_03__cluster_3water__compressed,prospective_diverse_03,compressed,,6.69578051827249e-05,0.014172981886257199
mace_mdp,MACE-MDP,prospective__prospective_diverse_03__cluster_3water__cooperative,prospective_diverse_03,cooperative,,0.00024919280708428896,0.027341880353276123
mace_mdp,MACE-MDP,prospective__prospective_diverse_03__cluster_3water__equilibrium,prospective_diverse_03,equilibrium,,0.0002821671630725646,0.02909469864455884
mace_mdp,MACE-MDP,prospective__prospective_diverse_03__cluster_3water__orientation,prospective_diverse_03,orientation,,0.0002563196983384824,0.027730111702181207
mace_mdp,MACE-MDP,prospective__prospective_diverse_04__cluster_3water__compressed,prospective_diverse_04,compressed,,0.0015169945914380208,0.067460979642413
mace_mdp,MACE-MDP,prospective__prospective_diverse_04__cluster_3water__cooperative,prospective_diverse_04,cooperative,,0.00030837332113460954,0.030415784773762267
mace_mdp,MACE-MDP,prospective__prospective_diverse_04__cluster_3water__equilibrium,prospective_diverse_04,equilibrium,,0.015540698585880227,0.2159215036943766
mace_mdp,MACE-MDP,prospective__prospective_diverse_04__cluster_3water__orientation,prospective_diverse_04,orientation,,0.003976100096099735,0.10921675827591297
mace_mdp,MACE-MDP,prospective__prospective_diverse_05__cluster_3water__compressed,prospective_diverse_05,compressed,,0.0011681260521590614,0.05919778844245099
mace_mdp,MACE-MDP,prospective__prospective_diverse_05__cluster_3water__cooperative,prospective_diverse_05,cooperative,,0.002853587092026553,0.09252438206267394
mace_mdp,MACE-MDP,prospective__prospective_diverse_05__cluster_3water__equilibrium,prospective_diverse_05,equilibrium,,0.013190200434155334,0.19892360669982334
mace_mdp,MACE-MDP,prospective__prospective_diverse_05__cluster_3water__orientation,prospective_diverse_05,orientation,,0.01988583077749466,0.24424883281703513
gfn2_xtb,GFN2-xTB (tblite 0.7.0),prospective__pros_azaaryl_sulfoxide__cluster_3water__compressed,pros_azaaryl_sulfoxide,compressed,,0.016691145714423594,0.22377094794291502
gfn2_xtb,GFN2-xTB (tblite 0.7.0),prospective__pros_azaaryl_sulfoxide__cluster_3water__cooperative,pros_azaaryl_sulfoxide,cooperative,,0.032074262996148246,0.3101979835338146
gfn2_xtb,GFN2-xTB (tblite 0.7.0),prospective__pros_azaaryl_sulfoxide__cluster_3water__equilibrium,pros_azaaryl_sulfoxide,equilibrium,,0.0013699774246523078,0.06410875348933968
gfn2_xtb,GFN2-xTB (tblite 0.7.0),prospective__pros_azaaryl_sulfoxide__cluster_3water__orientation,pros_azaaryl_sulfoxide,orientation,,0.009945091950984619,0.17272890856180922
gfn2_xtb,GFN2-xTB (tblite 0.7.0),prospective__pros_cyano_cyclic_acetal__cluster_3water__compressed,pros_cyano_cyclic_acetal,compressed,,0.07170441156753772,0.4638030128218371
gfn2_xtb,GFN2-xTB (tblite 0.7.0),prospective__pros_cyano_cyclic_acetal__cluster_3water__cooperative,pros_cyano_cyclic_acetal,cooperative,,0.009269709040806475,0.16676068818045645
gfn2_xtb,GFN2-xTB (tblite 0.7.0),prospective__pros_cyano_cyclic_acetal__cluster_3water__equilibrium,pros_cyano_cyclic_acetal,equilibrium,,0.0676783501640878,0.4505941083639059
gfn2_xtb,GFN2-xTB (tblite 0.7.0),prospective__pros_cyano_cyclic_acetal__cluster_3water__orientation,pros_cyano_cyclic_acetal,orientation,,0.16226626615347764,0.6977096806411911
gfn2_xtb,GFN2-xTB (tblite 0.7.0),prospective__pros_halogen_oxazinanone__cluster_3water__compressed,pros_halogen_oxazinanone,compressed,,0.05225937761523183,0.39595218504978036
gfn2_xtb,GFN2-xTB (tblite 0.7.0),prospective__pros_halogen_oxazinanone__cluster_3water__cooperative,pros_halogen_oxazinanone,cooperative,,0.002987981567003048,0.09467811099197715
gfn2_xtb,GFN2-xTB (tblite 0.7.0),prospective__pros_halogen_oxazinanone__cluster_3water__equilibrium,pros_halogen_oxazinanone,equilibrium,,0.16092966377093684,0.6948301888323581
gfn2_xtb,GFN2-xTB (tblite 0.7.0),prospective__pros_halogen_oxazinanone__cluster_3water__orientation,pros_halogen_oxazinanone,orientation,,1.1108371867841307,1.8255167926788272
gfn2_xtb,GFN2-xTB (tblite 0.7.0),prospective__pros_heteroaryl_amide__cluster_3water__compressed,pros_heteroaryl_amide,compressed,,0.23803248140328673,0.8450428653091275
gfn2_xtb,GFN2-xTB (tblite 0.7.0),prospective__pros_heteroaryl_amide__cluster_3water__cooperative,pros_heteroaryl_amide,cooperative,,0.03997658459263589,0.34630875498304636
gfn2_xtb,GFN2-xTB (tblite 0.7.0),prospective__pros_heteroaryl_amide__cluster_3water__equilibrium,pros_heteroaryl_amide,equilibrium,,0.0007789963539585042,0.048342414729464156
gfn2_xtb,GFN2-xTB (tblite 0.7.0),prospective__pros_heteroaryl_amide__cluster_3water__orientation,pros_heteroaryl_amide,orientation,,0.006971067346803598,0.14461397595118805
gfn2_xtb,GFN2-xTB (tblite 0.7.0),prospective__pros_isoxazole_thioether__cluster_3water__compressed,pros_isoxazole_thioether,compressed,,0.14135133903943686,0.6511943005880123
gfn2_xtb,GFN2-xTB (tblite 0.7.0),prospective__pros_isoxazole_thioether__cluster_3water__cooperative,pros_isoxazole_thioether,cooperative,,0.008616077624658205,0.16077385631368868
gfn2_xtb,GFN2-xTB (tblite 0.7.0),prospective__pros_isoxazole_thioether__cluster_3water__equilibrium,pros_isoxazole_thioether,equilibrium,,0.0008362630788170733,0.05008781524933204
gfn2_xtb,GFN2-xTB (tblite 0.7.0),prospective__pros_isoxazole_thioether__cluster_3water__orientation,pros_isoxazole_thioether,orientation,,0.008316070505996634,0.15795002854697401
gfn2_xtb,GFN2-xTB (tblite 0.7.0),prospective__pros_polyfunctional_oxane__cluster_3water__compressed,pros_polyfunctional_oxane,compressed,,0.009292226775526784,0.1669631106759225
gfn2_xtb,GFN2-xTB (tblite 0.7.0),prospective__pros_polyfunctional_oxane__cluster_3water__cooperative,pros_polyfunctional_oxane,cooperative,,0.006960758816125602,0.14450701176197925
gfn2_xtb,GFN2-xTB (tblite 0.7.0),prospective__pros_polyfunctional_oxane__cluster_3water__equilibrium,pros_polyfunctional_oxane,equilibrium,,0.012211312890427326,0.1913999442823377
gfn2_xtb,GFN2-xTB (tblite 0.7.0),prospective__pros_polyfunctional_oxane__cluster_3water__orientation,pros_polyfunctional_oxane,orientation,,0.10023217291769936,0.5483580205970348
gfn2_xtb,GFN2-xTB (tblite 0.7.0),prospective__pros_sulfonyl_piperidinol__cluster_3water__compressed,pros_sulfonyl_piperidinol,compressed,,0.05554383343067204,0.4082052183547096
gfn2_xtb,GFN2-xTB (tblite 0.7.0),prospective__pros_sulfonyl_piperidinol__cluster_3water__cooperative,pros_sulfonyl_piperidinol,cooperative,,0.08454984162444901,0.5036363021798042
gfn2_xtb,GFN2-xTB (tblite 0.7.0),prospective__pros_sulfonyl_piperidinol__cluster_3water__equilibrium,pros_sulfonyl_piperidinol,equilibrium,,0.03463208763919477,0.3223294322856421
gfn2_xtb,GFN2-xTB (tblite 0.7.0),prospective__pros_sulfonyl_piperidinol__cluster_3water__orientation,pros_sulfonyl_piperidinol,orientation,,0.06160261504076187,0.4298928298102745
gfn2_xtb,GFN2-xTB (tblite 0.7.0),prospective__prospective_diverse_01__cluster_3water__compressed,prospective_diverse_01,compressed,,0.011371867878782959,0.18470409750828182
gfn2_xtb,GFN2-xTB (tblite 0.7.0),prospective__prospective_diverse_01__cluster_3water__cooperative,prospective_diverse_01,cooperative,,0.015017321612327947,0.21225448131190033
gfn2_xtb,GFN2-xTB (tblite 0.7.0),prospective__prospective_diverse_01__cluster_3water__equilibrium,prospective_diverse_01,equilibrium,,0.06135232323009177,0.42901861228887883
gfn2_xtb,GFN2-xTB (tblite 0.7.0),prospective__prospective_diverse_01__cluster_3water__orientation,prospective_diverse_01,orientation,,0.07424920801070578,0.47196146456264554
gfn2_xtb,GFN2-xTB (tblite 0.7.0),prospective__prospective_diverse_02__cluster_3water__compressed,prospective_diverse_02,compressed,,0.21857117883846452,0.8097614071536093
gfn2_xtb,GFN2-xTB (tblite 0.7.0),prospective__prospective_diverse_02__cluster_3water__cooperative,prospective_diverse_02,cooperative,,2.1215560916166942,2.522829418500205
gfn2_xtb,GFN2-xTB (tblite 0.7.0),prospective__prospective_diverse_02__cluster_3water__equilibrium,prospective_diverse_02,equilibrium,,3.4524703866598565,3.218293206030111
gfn2_xtb,GFN2-xTB (tblite 0.7.0),prospective__prospective_diverse_02__cluster_3water__orientation,prospective_diverse_02,orientation,,5.146524965630813,3.9293224475591764
gfn2_xtb,GFN2-xTB (tblite 0.7.0),prospective__prospective_diverse_03__cluster_3water__compressed,prospective_diverse_03,compressed,,0.03232168369048231,0.3113921178698121
gfn2_xtb,GFN2-xTB (tblite 0.7.0),prospective__prospective_diverse_03__cluster_3water__cooperative,prospective_diverse_03,cooperative,,0.14651227096329308,0.6629757257169219
gfn2_xtb,GFN2-xTB (tblite 0.7.0),prospective__prospective_diverse_03__cluster_3water__equilibrium,prospective_diverse_03,equilibrium,,0.002181422620993526,0.08089664926917911
gfn2_xtb,GFN2-xTB (tblite 0.7.0),prospective__prospective_diverse_03__cluster_3water__orientation,prospective_diverse_03,orientation,,0.02368417125218306,0.2665567739836097
gfn2_xtb,GFN2-xTB (tblite 0.7.0),prospective__prospective_diverse_04__cluster_3water__compressed,prospective_diverse_04,compressed,,0.008990234370766396,0.16422759546525423
gfn2_xtb,GFN2-xTB (tblite 0.7.0),prospective__prospective_diverse_04__cluster_3water__cooperative,prospective_diverse_04,cooperative,,0.0063502312500806875,0.13802425058750387
gfn2_xtb,GFN2-xTB (tblite 0.7.0),prospective__prospective_diverse_04__cluster_3water__equilibrium,prospective_diverse_04,equilibrium,,0.02183285187758663,0.255926856020934
gfn2_xtb,GFN2-xTB (tblite 0.7.0),prospective__prospective_diverse_04__cluster_3water__orientation,prospective_diverse_04,orientation,,0.02350062214550493,0.2655218756270654
gfn2_xtb,GFN2-xTB (tblite 0.7.0),prospective__prospective_diverse_05__cluster_3water__compressed,prospective_diverse_05,compressed,,0.019641348644231404,0.24274275670489986
gfn2_xtb,GFN2-xTB (tblite 0.7.0),prospective__prospective_diverse_05__cluster_3water__cooperative,prospective_diverse_05,cooperative,,0.015545568408441832,0.21595533155105362
gfn2_xtb,GFN2-xTB (tblite 0.7.0),prospective__prospective_diverse_05__cluster_3water__equilibrium,prospective_diverse_05,equilibrium,,0.07410685115638935,0.47150880529335615
gfn2_xtb,GFN2-xTB (tblite 0.7.0),prospective__prospective_diverse_05__cluster_3water__orientation,prospective_diverse_05,orientation,,0.20890114990731065,0.79164603815211
zero,Zero-response control,prospective__pros_azaaryl_sulfoxide__cluster_3water__compressed,pros_azaaryl_sulfoxide,compressed,1.0,0.1045796857884374,0.5601241446012769
zero,Zero-response control,prospective__pros_azaaryl_sulfoxide__cluster_3water__cooperative,pros_azaaryl_sulfoxide,cooperative,1.0,0.2558277451075257,0.876061205237726
zero,Zero-response control,prospective__pros_azaaryl_sulfoxide__cluster_3water__equilibrium,pros_azaaryl_sulfoxide,equilibrium,1.0,0.032431233492423016,0.31191938137484987
zero,Zero-response control,prospective__pros_azaaryl_sulfoxide__cluster_3water__orientation,pros_azaaryl_sulfoxide,orientation,1.0,0.09040005536403632,0.5207688221198624
zero,Zero-response control,prospective__pros_cyano_cyclic_acetal__cluster_3water__compressed,pros_cyano_cyclic_acetal,compressed,1.0,0.08438190005424302,0.5031358665039982
zero,Zero-response control,prospective__pros_cyano_cyclic_acetal__cluster_3water__cooperative,pros_cyano_cyclic_acetal,cooperative,1.0,0.07430040712839532,0.4721241588662732
zero,Zero-response control,prospective__pros_cyano_cyclic_acetal__cluster_3water__equilibrium,pros_cyano_cyclic_acetal,equilibrium,1.0,0.27809588388266343,0.9133934812817476
zero,Zero-response control,prospective__pros_cyano_cyclic_acetal__cluster_3water__orientation,pros_cyano_cyclic_acetal,orientation,1.0,0.25718095763432486,0.8783751322202688
zero,Zero-response control,prospective__pros_halogen_oxazinanone__cluster_3water__compressed,pros_halogen_oxazinanone,compressed,1.0,0.3774210916799048,1.0640786037881385
zero,Zero-response control,prospective__pros_halogen_oxazinanone__cluster_3water__cooperative,pros_halogen_oxazinanone,cooperative,1.0,0.04948254621589685,0.3852890326075874
zero,Zero-response control,prospective__pros_halogen_oxazinanone__cluster_3water__equilibrium,pros_halogen_oxazinanone,equilibrium,1.0,0.3146381324447656,0.9715525705458746
zero,Zero-response control,prospective__pros_halogen_oxazinanone__cluster_3water__orientation,pros_halogen_oxazinanone,orientation,1.0,0.6351189484023224,1.3803466395101511
zero,Zero-response control,prospective__pros_heteroaryl_amide__cluster_3water__compressed,pros_heteroaryl_amide,compressed,1.0,0.9383103722142446,1.6777756455029182
zero,Zero-response control,prospective__pros_heteroaryl_amide__cluster_3water__cooperative,pros_heteroaryl_amide,cooperative,1.0,0.26582753840804924,0.8930188213157367
zero,Zero-response control,prospective__pros_heteroaryl_amide__cluster_3water__equilibrium,pros_heteroaryl_amide,equilibrium,1.0,0.05836227917199291,0.4184337910780853
zero,Zero-response control,prospective__pros_heteroaryl_amide__cluster_3water__orientation,pros_heteroaryl_amide,orientation,1.0,0.030924828533705605,0.30458904379691143
zero,Zero-response control,prospective__pros_isoxazole_thioether__cluster_3water__compressed,pros_isoxazole_thioether,compressed,1.0,0.7316454016048981,1.4815317090142535
zero,Zero-response control,prospective__pros_isoxazole_thioether__cluster_3water__cooperative,pros_isoxazole_thioether,cooperative,1.0,0.09357948417888691,0.5298475748143618
zero,Zero-response control,prospective__pros_isoxazole_thioether__cluster_3water__equilibrium,pros_isoxazole_thioether,equilibrium,1.0,0.040429436435868625,0.34826471154512034
zero,Zero-response control,prospective__pros_isoxazole_thioether__cluster_3water__orientation,pros_isoxazole_thioether,orientation,1.0,0.0646926939830444,0.440542939960605
zero,Zero-response control,prospective__pros_polyfunctional_oxane__cluster_3water__compressed,pros_polyfunctional_oxane,compressed,1.0,0.09007789185347283,0.5198400480536475
zero,Zero-response control,prospective__pros_polyfunctional_oxane__cluster_3water__cooperative,pros_polyfunctional_oxane,cooperative,1.0,0.08162324156459054,0.49484313140001407
zero,Zero-response control,prospective__pros_polyfunctional_oxane__cluster_3water__equilibrium,pros_polyfunctional_oxane,equilibrium,1.0,0.0875212329494731,0.5124096982380596
zero,Zero-response control,prospective__pros_polyfunctional_oxane__cluster_3water__orientation,pros_polyfunctional_oxane,orientation,1.0,0.24385175050515795,0.8553100323949637
zero,Zero-response control,prospective__pros_sulfonyl_piperidinol__cluster_3water__compressed,pros_sulfonyl_piperidinol,compressed,1.0,0.28649959700293515,0.9270915763875786
zero,Zero-response control,prospective__pros_sulfonyl_piperidinol__cluster_3water__cooperative,pros_sulfonyl_piperidinol,cooperative,1.0,0.29355375451372884,0.9384355404294887
zero,Zero-response control,prospective__pros_sulfonyl_piperidinol__cluster_3water__equilibrium,pros_sulfonyl_piperidinol,equilibrium,1.0,0.20764765402126537,0.789267357784291
zero,Zero-response control,prospective__pros_sulfonyl_piperidinol__cluster_3water__orientation,pros_sulfonyl_piperidinol,orientation,1.0,0.2417779837151015,0.8516653985840358
zero,Zero-response control,prospective__prospective_diverse_01__cluster_3water__compressed,prospective_diverse_01,compressed,1.0,0.035695788680664094,0.32724206031925707
zero,Zero-response control,prospective__prospective_diverse_01__cluster_3water__cooperative,prospective_diverse_01,cooperative,1.0,0.05032968720973422,0.3885731097608308
zero,Zero-response control,prospective__prospective_diverse_01__cluster_3water__equilibrium,prospective_diverse_01,equilibrium,1.0,0.04640596334737595,0.3731191365262948
zero,Zero-response control,prospective__prospective_diverse_01__cluster_3water__orientation,prospective_diverse_01,orientation,1.0,0.06662662934225833,0.4470792860631937
zero,Zero-response control,prospective__prospective_diverse_02__cluster_3water__compressed,prospective_diverse_02,compressed,1.0,0.6969800477194177,1.4460083482325587
zero,Zero-response control,prospective__prospective_diverse_02__cluster_3water__cooperative,prospective_diverse_02,cooperative,1.0,0.3050080751234405,0.9565689862055541
zero,Zero-response control,prospective__prospective_diverse_02__cluster_3water__equilibrium,prospective_diverse_02,equilibrium,1.0,1.1059943773639562,1.8215331817158502
zero,Zero-response control,prospective__prospective_diverse_02__cluster_3water__orientation,prospective_diverse_02,orientation,1.0,0.47985251704064863,1.199815632137682
zero,Zero-response control,prospective__prospective_diverse_03__cluster_3water__compressed,prospective_diverse_03,compressed,1.0,0.13605206714773913,0.6388710366288468
zero,Zero-response control,prospective__prospective_diverse_03__cluster_3water__cooperative,prospective_diverse_03,cooperative,1.0,0.3579664354345404,1.0362911300901987
zero,Zero-response control,prospective__prospective_diverse_03__cluster_3water__equilibrium,prospective_diverse_03,equilibrium,1.0,0.021751514490450402,0.25544968872823315
zero,Zero-response control,prospective__prospective_diverse_03__cluster_3water__orientation,prospective_diverse_03,orientation,1.0,0.06835896980595153,0.45285418118623416
zero,Zero-response control,prospective__prospective_diverse_04__cluster_3water__compressed,prospective_diverse_04,compressed,1.0,0.06746617912933654,0.44988724963929533
zero,Zero-response control,prospective__prospective_diverse_04__cluster_3water__cooperative,prospective_diverse_04,cooperative,1.0,0.07342847790202155,0.46934575070630463
zero,Zero-response control,prospective__prospective_diverse_04__cluster_3water__equilibrium,prospective_diverse_04,equilibrium,1.0,0.09594261210595695,0.5364958865805691
zero,Zero-response control,prospective__prospective_diverse_04__cluster_3water__orientation,prospective_diverse_04,orientation,1.0,0.17396438242017898,0.7224217239677506
zero,Zero-response control,prospective__prospective_diverse_05__cluster_3water__compressed,prospective_diverse_05,compressed,1.0,0.12492867149586069,0.6121976923246134
zero,Zero-response control,prospective__prospective_diverse_05__cluster_3water__cooperative,prospective_diverse_05,cooperative,1.0,0.09140830049940742,0.5236648751808949
zero,Zero-response control,prospective__prospective_diverse_05__cluster_3water__equilibrium,prospective_diverse_05,equilibrium,1.0,0.1809906071497265,0.7368662167918811
zero,Zero-response control,prospective__prospective_diverse_05__cluster_3water__orientation,prospective_diverse_05,orientation,1.0,0.3136319133394843,0.9699978041307377
salter_style,SALTER-style MACE kernel,prospective__pros_azaaryl_sulfoxide__cluster_3water__compressed,pros_azaaryl_sulfoxide,compressed,1.376799174913865,0.013325468763081496,0.19994100702268278
salter_style,SALTER-style MACE kernel,prospective__pros_azaaryl_sulfoxide__cluster_3water__cooperative,pros_azaaryl_sulfoxide,cooperative,1.3536962125415186,0.0461640825030365,0.3721454655227033
salter_style,SALTER-style MACE kernel,prospective__pros_azaaryl_sulfoxide__cluster_3water__equilibrium,pros_azaaryl_sulfoxide,equilibrium,1.1811130263685368,0.11269993232680271,0.581463495827905
salter_style,SALTER-style MACE kernel,prospective__pros_azaaryl_sulfoxide__cluster_3water__orientation,pros_azaaryl_sulfoxide,orientation,1.1264065677154775,0.17214979032478206,0.7186441198356431
salter_style,SALTER-style MACE kernel,prospective__pros_cyano_cyclic_acetal__cluster_3water__compressed,pros_cyano_cyclic_acetal,compressed,1.1532013126132472,0.08501722478670952,0.5050264095669934
salter_style,SALTER-style MACE kernel,prospective__pros_cyano_cyclic_acetal__cluster_3water__cooperative,pros_cyano_cyclic_acetal,cooperative,1.166894340003194,0.06999634033121686,0.45824559026099815
salter_style,SALTER-style MACE kernel,prospective__pros_cyano_cyclic_acetal__cluster_3water__equilibrium,pros_cyano_cyclic_acetal,equilibrium,1.0339826261141818,0.3814294634074255,1.0697141628595352
salter_style,SALTER-style MACE kernel,prospective__pros_cyano_cyclic_acetal__cluster_3water__orientation,pros_cyano_cyclic_acetal,orientation,1.0228195976847192,0.25244785688322263,0.8702548883227649
salter_style,SALTER-style MACE kernel,prospective__pros_halogen_oxazinanone__cluster_3water__compressed,pros_halogen_oxazinanone,compressed,0.9601102729073068,0.1193679783961712,0.5984178600179925
salter_style,SALTER-style MACE kernel,prospective__pros_halogen_oxazinanone__cluster_3water__cooperative,pros_halogen_oxazinanone,cooperative,1.1768843966437,0.026043761974983235,0.27951974156568926
salter_style,SALTER-style MACE kernel,prospective__pros_halogen_oxazinanone__cluster_3water__equilibrium,pros_halogen_oxazinanone,equilibrium,1.1768450135516957,0.5073073789473365,1.2336620837336332
salter_style,SALTER-style MACE kernel,prospective__pros_halogen_oxazinanone__cluster_3water__orientation,pros_halogen_oxazinanone,orientation,0.9634726471047383,0.5072865655305708,1.2336367766047316
salter_style,SALTER-style MACE kernel,prospective__pros_heteroaryl_amide__cluster_3water__compressed,pros_heteroaryl_amide,compressed,0.8462325133061762,0.3088500336327409,0.9625747248386604
salter_style,SALTER-style MACE kernel,prospective__pros_heteroaryl_amide__cluster_3water__cooperative,pros_heteroaryl_amide,cooperative,0.9367190612712668,0.01178170006962011,0.1880029260646236
salter_style,SALTER-style MACE kernel,prospective__pros_heteroaryl_amide__cluster_3water__equilibrium,pros_heteroaryl_amide,equilibrium,1.4264652623509608,0.03984934242978244,0.3457571796642079
salter_style,SALTER-style MACE kernel,prospective__pros_heteroaryl_amide__cluster_3water__orientation,pros_heteroaryl_amide,orientation,1.9964882184142652,0.05327570158891954,0.39978382254258193
salter_style,SALTER-style MACE kernel,prospective__pros_isoxazole_thioether__cluster_3water__compressed,pros_isoxazole_thioether,compressed,0.7725682080363199,0.13442514998537838,0.6350397231324472
salter_style,SALTER-style MACE kernel,prospective__pros_isoxazole_thioether__cluster_3water__cooperative,pros_isoxazole_thioether,cooperative,1.7061438949821315,0.07636572364575678,0.47864096245230653
salter_style,SALTER-style MACE kernel,prospective__pros_isoxazole_thioether__cluster_3water__equilibrium,pros_isoxazole_thioether,equilibrium,1.4993634618934253,0.03772878430835234,0.33643179535391277
salter_style,SALTER-style MACE kernel,prospective__pros_isoxazole_thioether__cluster_3water__orientation,pros_isoxazole_thioether,orientation,1.385885998338971,0.05677449567637824,0.4127026617664765
salter_style,SALTER-style MACE kernel,prospective__pros_polyfunctional_oxane__cluster_3water__compressed,pros_polyfunctional_oxane,compressed,0.7876314073790319,0.024231210351603392,0.26961756444046847
salter_style,SALTER-style MACE kernel,prospective__pros_polyfunctional_oxane__cluster_3water__cooperative,pros_polyfunctional_oxane,cooperative,1.1988871269393124,0.016362771701994985,0.22155882989848305
salter_style,SALTER-style MACE kernel,prospective__pros_polyfunctional_oxane__cluster_3water__equilibrium,pros_polyfunctional_oxane,equilibrium,1.2189350812095605,0.188487256057407,0.7519719198030076
salter_style,SALTER-style MACE kernel,prospective__pros_polyfunctional_oxane__cluster_3water__orientation,pros_polyfunctional_oxane,orientation,1.1430636431471168,0.2365655326592435,0.8424349221024319
salter_style,SALTER-style MACE kernel,prospective__pros_sulfonyl_piperidinol__cluster_3water__compressed,pros_sulfonyl_piperidinol,compressed,0.8660082285655374,0.08684080113738929,0.510413952995182
salter_style,SALTER-style MACE kernel,prospective__pros_sulfonyl_piperidinol__cluster_3water__cooperative,pros_sulfonyl_piperidinol,cooperative,1.022872257973664,0.06844344877752956,0.45313391655512686
salter_style,SALTER-style MACE kernel,prospective__pros_sulfonyl_piperidinol__cluster_3water__equilibrium,pros_sulfonyl_piperidinol,equilibrium,1.1185380059842946,0.38000268045946645,1.0677115909169477
salter_style,SALTER-style MACE kernel,prospective__pros_sulfonyl_piperidinol__cluster_3water__orientation,pros_sulfonyl_piperidinol,orientation,1.0588571910813536,0.0825751318065124,0.49772019792202243
salter_style,SALTER-style MACE kernel,prospective__prospective_diverse_01__cluster_3water__compressed,prospective_diverse_01,compressed,1.2140910755924965,0.028947997759928606,0.2946930492559772
salter_style,SALTER-style MACE kernel,prospective__prospective_diverse_01__cluster_3water__cooperative,prospective_diverse_01,cooperative,1.3296416990561473,0.04894087019201904,0.3831743866388477
salter_style,SALTER-style MACE kernel,prospective__prospective_diverse_01__cluster_3water__equilibrium,prospective_diverse_01,equilibrium,0.9828847770307101,0.05573462544084561,0.4089057059060644
salter_style,SALTER-style MACE kernel,prospective__prospective_diverse_01__cluster_3water__orientation,prospective_diverse_01,orientation,0.9028263208764934,0.035493159902820016,0.32631193620286103
salter_style,SALTER-style MACE kernel,prospective__prospective_diverse_02__cluster_3water__compressed,prospective_diverse_02,compressed,0.9096480642540556,0.3876631125561308,1.078419833677215
salter_style,SALTER-style MACE kernel,prospective__prospective_diverse_02__cluster_3water__cooperative,prospective_diverse_02,cooperative,0.9581690259571799,0.10150467919862,0.5518279057784773
salter_style,SALTER-style MACE kernel,prospective__prospective_diverse_02__cluster_3water__equilibrium,prospective_diverse_02,equilibrium,1.057886792955839,1.0393979213442837,1.7658408093689677
salter_style,SALTER-style MACE kernel,prospective__prospective_diverse_02__cluster_3water__orientation,prospective_diverse_02,orientation,1.0507877178569136,0.3209853510816359,0.9813032422472208
salter_style,SALTER-style MACE kernel,prospective__prospective_diverse_03__cluster_3water__compressed,prospective_diverse_03,compressed,1.1383338962967344,0.10752467000261068,0.5679559930204382
salter_style,SALTER-style MACE kernel,prospective__prospective_diverse_03__cluster_3water__cooperative,prospective_diverse_03,cooperative,0.9840018413361403,0.22893504487411154,0.8287370720695042
salter_style,SALTER-style MACE kernel,prospective__prospective_diverse_03__cluster_3water__equilibrium,prospective_diverse_03,equilibrium,1.0358315262579887,0.030776892897298697,0.30385963649668263
salter_style,SALTER-style MACE kernel,prospective__prospective_diverse_03__cluster_3water__orientation,prospective_diverse_03,orientation,1.0822618372535104,0.07785149228971656,0.48327474263523196
salter_style,SALTER-style MACE kernel,prospective__prospective_diverse_04__cluster_3water__compressed,prospective_diverse_04,compressed,1.1493414412745737,0.08799097608505731,0.513782958315252
salter_style,SALTER-style MACE kernel,prospective__prospective_diverse_04__cluster_3water__cooperative,prospective_diverse_04,cooperative,1.2208654811869444,0.09979736511691419,0.5471673376132228
salter_style,SALTER-style MACE kernel,prospective__prospective_diverse_04__cluster_3water__equilibrium,prospective_diverse_04,equilibrium,1.061017947482992,0.06588334424199331,0.4445784888250667
salter_style,SALTER-style MACE kernel,prospective__prospective_diverse_04__cluster_3water__orientation,prospective_diverse_04,orientation,1.047117068255002,0.21375808857866788,0.8007960200550472
salter_style,SALTER-style MACE kernel,prospective__prospective_diverse_05__cluster_3water__compressed,prospective_diverse_05,compressed,0.846700730116226,0.01394060505638133,0.2045038267836179
salter_style,SALTER-style MACE kernel,prospective__prospective_diverse_05__cluster_3water__cooperative,prospective_diverse_05,cooperative,1.034090006240765,0.014557433305922907,0.20897918536966478
salter_style,SALTER-style MACE kernel,prospective__prospective_diverse_05__cluster_3water__equilibrium,prospective_diverse_05,equilibrium,0.9598703892273468,0.21467761491074425,0.8025165697555614
salter_style,SALTER-style MACE kernel,prospective__prospective_diverse_05__cluster_3water__orientation,prospective_diverse_05,orientation,0.768039277373236,0.29107313141291075,0.9344620881762579
ridge_mace,Ridge / MACE features,prospective__pros_azaaryl_sulfoxide__cluster_3water__compressed,pros_azaaryl_sulfoxide,compressed,1.9436676359426808,0.032845708420098485,0.31390623641510446
ridge_mace,Ridge / MACE features,prospective__pros_azaaryl_sulfoxide__cluster_3water__cooperative,pros_azaaryl_sulfoxide,cooperative,1.4808439211669968,0.1118348282791344,0.5792274897114287
ridge_mace,Ridge / MACE features,prospective__pros_azaaryl_sulfoxide__cluster_3water__equilibrium,pros_azaaryl_sulfoxide,equilibrium,1.1742561044148536,0.1951312409814466,0.7651102684870592
ridge_mace,Ridge / MACE features,prospective__pros_azaaryl_sulfoxide__cluster_3water__orientation,pros_azaaryl_sulfoxide,orientation,1.390858349008806,0.43086433424871234,1.1369226019154237
ridge_mace,Ridge / MACE features,prospective__pros_cyano_cyclic_acetal__cluster_3water__compressed,pros_cyano_cyclic_acetal,compressed,2.063531408467872,0.4673288766683433,1.1840551634130185
ridge_mace,Ridge / MACE features,prospective__pros_cyano_cyclic_acetal__cluster_3water__cooperative,pros_cyano_cyclic_acetal,cooperative,1.7172029915638947,0.32595199739886677,0.9888660132680263
ridge_mace,Ridge / MACE features,prospective__pros_cyano_cyclic_acetal__cluster_3water__equilibrium,pros_cyano_cyclic_acetal,equilibrium,1.3867139899064802,1.2062969591007964,1.9023382657409773
ridge_mace,Ridge / MACE features,prospective__pros_cyano_cyclic_acetal__cluster_3water__orientation,pros_cyano_cyclic_acetal,orientation,1.5403740439103917,0.3943218596788456,1.087642210948314
ridge_mace,Ridge / MACE features,prospective__pros_halogen_oxazinanone__cluster_3water__compressed,pros_halogen_oxazinanone,compressed,0.8688823533912032,0.2973252729999652,0.944444714633893
ridge_mace,Ridge / MACE features,prospective__pros_halogen_oxazinanone__cluster_3water__cooperative,pros_halogen_oxazinanone,cooperative,1.6585872511228195,0.40715650364402906,1.1052011178659236
ridge_mace,Ridge / MACE features,prospective__pros_halogen_oxazinanone__cluster_3water__equilibrium,pros_halogen_oxazinanone,equilibrium,1.2846682597506514,1.217784564358826,1.9113748175270278
ridge_mace,Ridge / MACE features,prospective__pros_halogen_oxazinanone__cluster_3water__orientation,pros_halogen_oxazinanone,orientation,0.7277692221608622,0.23469770621474018,0.8391025674160583
ridge_mace,Ridge / MACE features,prospective__pros_heteroaryl_amide__cluster_3water__compressed,pros_heteroaryl_amide,compressed,0.6260332184397881,0.3170276311343358,0.9752347888601018
ridge_mace,Ridge / MACE features,prospective__pros_heteroaryl_amide__cluster_3water__cooperative,pros_heteroaryl_amide,cooperative,1.0999136112709218,0.1495388476878288,0.6697884315688696
ridge_mace,Ridge / MACE features,prospective__pros_heteroaryl_amide__cluster_3water__equilibrium,pros_heteroaryl_amide,equilibrium,1.255911780235619,0.14387803731748353,0.6569886695769194
ridge_mace,Ridge / MACE features,prospective__pros_heteroaryl_amide__cluster_3water__orientation,pros_heteroaryl_amide,orientation,1.8805363402500122,0.049299902217258884,0.38457730907033066
ridge_mace,Ridge / MACE features,prospective__pros_isoxazole_thioether__cluster_3water__compressed,pros_isoxazole_thioether,compressed,0.8044909222381939,0.43500037748256976,1.1423664615383757
ridge_mace,Ridge / MACE features,prospective__pros_isoxazole_thioether__cluster_3water__cooperative,pros_isoxazole_thioether,cooperative,2.1662864047870123,0.41938093050731046,1.1216696445575816
ridge_mace,Ridge / MACE features,prospective__pros_isoxazole_thioether__cluster_3water__equilibrium,pros_isoxazole_thioether,equilibrium,1.6404352896956167,1.0952416850243394,1.8126569049527874
ridge_mace,Ridge / MACE features,prospective__pros_isoxazole_thioether__cluster_3water__orientation,pros_isoxazole_thioether,orientation,1.4573882526811703,0.23878886346202743,0.8463844223437021
ridge_mace,Ridge / MACE features,prospective__pros_polyfunctional_oxane__cluster_3water__compressed,pros_polyfunctional_oxane,compressed,1.788139314985402,0.5064461208810861,1.2326144420066065
ridge_mace,Ridge / MACE features,prospective__pros_polyfunctional_oxane__cluster_3water__cooperative,pros_polyfunctional_oxane,cooperative,1.2737370575130256,0.2067489368974875,0.7875574967533878
ridge_mace,Ridge / MACE features,prospective__pros_polyfunctional_oxane__cluster_3water__equilibrium,pros_polyfunctional_oxane,equilibrium,1.540396590844814,0.46885206161367526,1.1859832144010412
ridge_mace,Ridge / MACE features,prospective__pros_polyfunctional_oxane__cluster_3water__orientation,pros_polyfunctional_oxane,orientation,1.8499735855578476,0.6823975206865701,1.430801370582133
ridge_mace,Ridge / MACE features,prospective__pros_sulfonyl_piperidinol__cluster_3water__compressed,pros_sulfonyl_piperidinol,compressed,1.1944194064288445,0.2507799621460647,0.8673752858124296
ridge_mace,Ridge / MACE features,prospective__pros_sulfonyl_piperidinol__cluster_3water__cooperative,pros_sulfonyl_piperidinol,cooperative,1.4280368347735302,0.22873768132354955,0.8283797703774813
ridge_mace,Ridge / MACE features,prospective__pros_sulfonyl_piperidinol__cluster_3water__equilibrium,pros_sulfonyl_piperidinol,equilibrium,0.9169506724399195,0.3159521211242656,0.9735791510569629
ridge_mace,Ridge / MACE features,prospective__pros_sulfonyl_piperidinol__cluster_3water__orientation,pros_sulfonyl_piperidinol,orientation,1.093040181077688,0.14774436976798047,0.6657575454352294
ridge_mace,Ridge / MACE features,prospective__prospective_diverse_01__cluster_3water__compressed,prospective_diverse_01,compressed,0.8390204785424898,0.07085681860148689,0.46105363658088705
ridge_mace,Ridge / MACE features,prospective__prospective_diverse_01__cluster_3water__cooperative,prospective_diverse_01,cooperative,1.2769310754934602,0.07701601256834356,0.4806745652778298
ridge_mace,Ridge / MACE features,prospective__prospective_diverse_01__cluster_3water__equilibrium,prospective_diverse_01,equilibrium,0.680650708014269,0.11599002584514402,0.5898898859409543
ridge_mace,Ridge / MACE features,prospective__prospective_diverse_01__cluster_3water__orientation,prospective_diverse_01,orientation,0.775871539444739,0.057767942327274786,0.41629776240309574
ridge_mace,Ridge / MACE features,prospective__prospective_diverse_02__cluster_3water__compressed,prospective_diverse_02,compressed,0.6573790730935192,0.27287657516638475,0.9047815899426526
ridge_mace,Ridge / MACE features,prospective__prospective_diverse_02__cluster_3water__cooperative,prospective_diverse_02,cooperative,1.1014770180743712,0.5448004467240853,1.2784370693046474
ridge_mace,Ridge / MACE features,prospective__prospective_diverse_02__cluster_3water__equilibrium,prospective_diverse_02,equilibrium,1.234858872721094,2.1584383755923637,2.5446640498849926
ridge_mace,Ridge / MACE features,prospective__prospective_diverse_02__cluster_3water__orientation,prospective_diverse_02,orientation,1.3317485286962214,1.4173738897890493,2.062067329009203
ridge_mace,Ridge / MACE features,prospective__prospective_diverse_03__cluster_3water__compressed,prospective_diverse_03,compressed,0.499713663954333,0.007571859169707453,0.15071687864709235
ridge_mace,Ridge / MACE features,prospective__prospective_diverse_03__cluster_3water__cooperative,prospective_diverse_03,cooperative,0.38327435358002415,0.06537197735741047,0.4428497849973865
ridge_mace,Ridge / MACE features,prospective__prospective_diverse_03__cluster_3water__equilibrium,prospective_diverse_03,equilibrium,0.41490571537563214,0.026089794248932114,0.2797666576752783
ridge_mace,Ridge / MACE features,prospective__prospective_diverse_03__cluster_3water__orientation,prospective_diverse_03,orientation,0.5594907781513512,0.012740098496790676,0.19550011634362785
ridge_mace,Ridge / MACE features,prospective__prospective_diverse_04__cluster_3water__compressed,prospective_diverse_04,compressed,1.4422652578206854,0.13420692143810228,0.6345240454973372
ridge_mace,Ridge / MACE features,prospective__prospective_diverse_04__cluster_3water__cooperative,prospective_diverse_04,cooperative,1.4130786386338694,0.1696552743664486,0.7134184067567544
ridge_mace,Ridge / MACE features,prospective__prospective_diverse_04__cluster_3water__equilibrium,prospective_diverse_04,equilibrium,0.6804102052613955,0.0868782134033636,0.5105238879916304
ridge_mace,Ridge / MACE features,prospective__prospective_diverse_04__cluster_3water__orientation,prospective_diverse_04,orientation,0.750621163493295,0.15276650098038977,0.6769782145247876
ridge_mace,Ridge / MACE features,prospective__prospective_diverse_05__cluster_3water__compressed,prospective_diverse_05,compressed,0.32589416197027166,0.007963768541490139,0.15456812615953658
ridge_mace,Ridge / MACE features,prospective__prospective_diverse_05__cluster_3water__cooperative,prospective_diverse_05,cooperative,0.6467883418597944,0.05176944278454625,0.3940917765618039
ridge_mace,Ridge / MACE features,prospective__prospective_diverse_05__cluster_3water__equilibrium,prospective_diverse_05,equilibrium,0.7749064023442703,0.412571259268389,1.1125258548928951
ridge_mace,Ridge / MACE features,prospective__prospective_diverse_05__cluster_3water__orientation,prospective_diverse_05,orientation,0.4971923944811857,0.18803968128072088,0.7510785869948381
ridge_visnet,Ridge / ViSNet features,prospective__pros_azaaryl_sulfoxide__cluster_3water__compressed,pros_azaaryl_sulfoxide,compressed,1.5763878223731815,0.31475839142655,0.9717382231237228
ridge_visnet,Ridge / ViSNet features,prospective__pros_azaaryl_sulfoxide__cluster_3water__cooperative,pros_azaaryl_sulfoxide,cooperative,0.8879803387276859,0.028404530855901364,0.2919136731427702
ridge_visnet,Ridge / ViSNet features,prospective__pros_azaaryl_sulfoxide__cluster_3water__equilibrium,pros_azaaryl_sulfoxide,equilibrium,1.1475254793837617,0.11545308313402357,0.588522938722078
ridge_visnet,Ridge / ViSNet features,prospective__pros_azaaryl_sulfoxide__cluster_3water__orientation,pros_azaaryl_sulfoxide,orientation,1.0372312220020592,0.1535407865110646,0.6786916527652258
ridge_visnet,Ridge / ViSNet features,prospective__pros_cyano_cyclic_acetal__cluster_3water__compressed,pros_cyano_cyclic_acetal,compressed,0.7396307795307175,0.032926822151811724,0.3142935991321414
ridge_visnet,Ridge / ViSNet features,prospective__pros_cyano_cyclic_acetal__cluster_3water__cooperative,pros_cyano_cyclic_acetal,cooperative,2.014664621440426,0.20087112133436813,0.7762817555521349
ridge_visnet,Ridge / ViSNet features,prospective__pros_cyano_cyclic_acetal__cluster_3water__equilibrium,pros_cyano_cyclic_acetal,equilibrium,0.7990322443509834,0.17994194683829057,0.7347284127586681
ridge_visnet,Ridge / ViSNet features,prospective__pros_cyano_cyclic_acetal__cluster_3water__orientation,pros_cyano_cyclic_acetal,orientation,1.2689445290866115,0.17165679347941842,0.7176143674970947
ridge_visnet,Ridge / ViSNet features,prospective__pros_halogen_oxazinanone__cluster_3water__compressed,pros_halogen_oxazinanone,compressed,0.7650807028254657,0.10296280592727251,0.5557773095240732
ridge_visnet,Ridge / ViSNet features,prospective__pros_halogen_oxazinanone__cluster_3water__cooperative,pros_halogen_oxazinanone,cooperative,0.9999807030168567,0.041387309322886055,0.35236618448520024
ridge_visnet,Ridge / ViSNet features,prospective__pros_halogen_oxazinanone__cluster_3water__equilibrium,pros_halogen_oxazinanone,equilibrium,0.5138914658906333,0.05992619727094578,0.4240030563720471
ridge_visnet,Ridge / ViSNet features,prospective__pros_halogen_oxazinanone__cluster_3water__orientation,pros_halogen_oxazinanone,orientation,0.8904136356679404,0.30030784320479437,0.9491699160921522
ridge_visnet,Ridge / ViSNet features,prospective__pros_heteroaryl_amide__cluster_3water__compressed,pros_heteroaryl_amide,compressed,1.546263438392986,1.8031135252806358,2.3257989113080924
ridge_visnet,Ridge / ViSNet features,prospective__pros_heteroaryl_amide__cluster_3water__cooperative,pros_heteroaryl_amide,cooperative,2.553105031257607,1.8395901466346605,2.349206342555711
ridge_visnet,Ridge / ViSNet features,prospective__pros_heteroaryl_amide__cluster_3water__equilibrium,pros_heteroaryl_amide,equilibrium,1.5622315693803284,0.03186134939976049,0.30916669969335553
ridge_visnet,Ridge / ViSNet features,prospective__pros_heteroaryl_amide__cluster_3water__orientation,pros_heteroaryl_amide,orientation,2.4870260413202403,0.09758578528439192,0.5410705645783882
ridge_visnet,Ridge / ViSNet features,prospective__pros_isoxazole_thioether__cluster_3water__compressed,pros_isoxazole_thioether,compressed,0.6182359677482001,0.061813503469793356,0.43062804182888514
ridge_visnet,Ridge / ViSNet features,prospective__pros_isoxazole_thioether__cluster_3water__cooperative,pros_isoxazole_thioether,cooperative,1.4801463706064804,0.11834578609949468,0.5958501139535715
ridge_visnet,Ridge / ViSNet features,prospective__pros_isoxazole_thioether__cluster_3water__equilibrium,pros_isoxazole_thioether,equilibrium,0.7628438142733124,0.13373283580224402,0.6334023266508673
ridge_visnet,Ridge / ViSNet features,prospective__pros_isoxazole_thioether__cluster_3water__orientation,pros_isoxazole_thioether,orientation,1.3518662437346363,0.20544098442285996,0.7850623881377709
ridge_visnet,Ridge / ViSNet features,prospective__pros_polyfunctional_oxane__cluster_3water__compressed,pros_polyfunctional_oxane,compressed,1.4575726212000806,0.21843195595173148,0.8095034699463582
ridge_visnet,Ridge / ViSNet features,prospective__pros_polyfunctional_oxane__cluster_3water__cooperative,pros_polyfunctional_oxane,cooperative,1.7602497216211506,0.30924004582046466,0.963182297107559
ridge_visnet,Ridge / ViSNet features,prospective__pros_polyfunctional_oxane__cluster_3water__equilibrium,pros_polyfunctional_oxane,equilibrium,1.8188073481986504,0.3600781370022345,1.0393432594704712
ridge_visnet,Ridge / ViSNet features,prospective__pros_polyfunctional_oxane__cluster_3water__orientation,pros_polyfunctional_oxane,orientation,1.8188516511110264,0.07854352011842268,0.4854179233972186
ridge_visnet,Ridge / ViSNet features,prospective__pros_sulfonyl_piperidinol__cluster_3water__compressed,pros_sulfonyl_piperidinol,compressed,0.8700457496030837,0.20338739918293772,0.781128797029538
ridge_visnet,Ridge / ViSNet features,prospective__pros_sulfonyl_piperidinol__cluster_3water__cooperative,pros_sulfonyl_piperidinol,cooperative,1.2221088319970514,0.29387207957687594,0.9389442149194103
ridge_visnet,Ridge / ViSNet features,prospective__pros_sulfonyl_piperidinol__cluster_3water__equilibrium,pros_sulfonyl_piperidinol,equilibrium,0.8567844889006361,0.07881099599290108,0.48624375366548744
ridge_visnet,Ridge / ViSNet features,prospective__pros_sulfonyl_piperidinol__cluster_3water__orientation,pros_sulfonyl_piperidinol,orientation,1.0172532217281964,0.18690933535628043,0.7488177388849981
ridge_visnet,Ridge / ViSNet features,prospective__prospective_diverse_01__cluster_3water__compressed,prospective_diverse_01,compressed,0.4563165068922801,0.010393171079850954,0.17657721608280288
ridge_visnet,Ridge / ViSNet features,prospective__prospective_diverse_01__cluster_3water__cooperative,prospective_diverse_01,cooperative,1.0280877091560336,0.019464703358099886,0.2416487328216303
ridge_visnet,Ridge / ViSNet features,prospective__prospective_diverse_01__cluster_3water__equilibrium,prospective_diverse_01,equilibrium,0.6127072332181014,0.04681744629520463,0.3747697144722528
ridge_visnet,Ridge / ViSNet features,prospective__prospective_diverse_01__cluster_3water__orientation,prospective_diverse_01,orientation,0.6081443000070975,0.04448232893570412,0.3653039649485239
ridge_visnet,Ridge / ViSNet features,prospective__prospective_diverse_02__cluster_3water__compressed,prospective_diverse_02,compressed,0.6694833168585405,0.5576657490575215,1.2934439482144422
ridge_visnet,Ridge / ViSNet features,prospective__prospective_diverse_02__cluster_3water__cooperative,prospective_diverse_02,cooperative,1.0717107519482423,0.08704620910986988,0.5110172475852548
ridge_visnet,Ridge / ViSNet features,prospective__prospective_diverse_02__cluster_3water__equilibrium,prospective_diverse_02,equilibrium,1.4473012436844968,2.695445436218501,2.8436484150920456
ridge_visnet,Ridge / ViSNet features,prospective__prospective_diverse_02__cluster_3water__orientation,prospective_diverse_02,orientation,1.3170334938429915,0.7392674754417764,1.4892288025435612
ridge_visnet,Ridge / ViSNet features,prospective__prospective_diverse_03__cluster_3water__compressed,prospective_diverse_03,compressed,1.0039526357057897,0.13349893672276486,0.6328481730781046
ridge_visnet,Ridge / ViSNet features,prospective__prospective_diverse_03__cluster_3water__cooperative,prospective_diverse_03,cooperative,0.9294852829914484,0.1257591556949549,0.6142291649578883
ridge_visnet,Ridge / ViSNet features,prospective__prospective_diverse_03__cluster_3water__equilibrium,prospective_diverse_03,equilibrium,0.8255424799965101,0.035681163006927245,0.3271750128307199
ridge_visnet,Ridge / ViSNet features,prospective__prospective_diverse_03__cluster_3water__orientation,prospective_diverse_03,orientation,1.2291845394151018,0.030127706136858126,0.3006378525910774
ridge_visnet,Ridge / ViSNet features,prospective__prospective_diverse_04__cluster_3water__compressed,prospective_diverse_04,compressed,1.8361535616779057,0.9743272195737437,1.7096729683542495
ridge_visnet,Ridge / ViSNet features,prospective__prospective_diverse_04__cluster_3water__cooperative,prospective_diverse_04,cooperative,2.387700542154948,1.5039956680691144,2.1241438285124064
ridge_visnet,Ridge / ViSNet features,prospective__prospective_diverse_04__cluster_3water__equilibrium,prospective_diverse_04,equilibrium,0.8376703125050954,0.1823568366609424,0.7396421499501142
ridge_visnet,Ridge / ViSNet features,prospective__prospective_diverse_04__cluster_3water__orientation,prospective_diverse_04,orientation,0.6632611720666797,0.036089931555466616,0.32904375798121416
ridge_visnet,Ridge / ViSNet features,prospective__prospective_diverse_05__cluster_3water__compressed,prospective_diverse_05,compressed,0.9369359364384471,0.13241731848192406,0.6302792678216317
ridge_visnet,Ridge / ViSNet features,prospective__prospective_diverse_05__cluster_3water__cooperative,prospective_diverse_05,cooperative,1.0485334124975743,0.10923833960094785,0.57246398908826
ridge_visnet,Ridge / ViSNet features,prospective__prospective_diverse_05__cluster_3water__equilibrium,prospective_diverse_05,equilibrium,0.7227672164689345,0.21719169614545566,0.8072020121607522
ridge_visnet,Ridge / ViSNet features,prospective__prospective_diverse_05__cluster_3water__orientation,prospective_diverse_05,orientation,0.8703963562636698,0.29970536079859356,0.9482173181269052
linear_mace,Linear / MACE features,prospective__pros_azaaryl_sulfoxide__cluster_3water__compressed,pros_azaaryl_sulfoxide,compressed,14.301215544412457,44.21113849155913,11.516658173041233
linear_mace,Linear / MACE features,prospective__pros_azaaryl_sulfoxide__cluster_3water__cooperative,pros_azaaryl_sulfoxide,cooperative,10.328979584968351,1.9557236084935081,2.4222243549020237
linear_mace,Linear / MACE features,prospective__pros_azaaryl_sulfoxide__cluster_3water__equilibrium,pros_azaaryl_sulfoxide,equilibrium,8.676130824262986,15.451993206708416,6.808522572491425
linear_mace,Linear / MACE features,prospective__pros_azaaryl_sulfoxide__cluster_3water__orientation,pros_azaaryl_sulfoxide,orientation,8.52631569388986,21.931329914595864,8.111349440369807
linear_mace,Linear / MACE features,prospective__pros_cyano_cyclic_acetal__cluster_3water__compressed,pros_cyano_cyclic_acetal,compressed,18.803612825914694,88.0328392108918,16.251108197063836
linear_mace,Linear / MACE features,prospective__pros_cyano_cyclic_acetal__cluster_3water__cooperative,pros_cyano_cyclic_acetal,cooperative,21.83524491009363,81.81128333915936,15.666328543008348
linear_mace,Linear / MACE features,prospective__pros_cyano_cyclic_acetal__cluster_3water__equilibrium,pros_cyano_cyclic_acetal,equilibrium,7.670305520111948,20.236562425877874,7.79164214255465
linear_mace,Linear / MACE features,prospective__pros_cyano_cyclic_acetal__cluster_3water__orientation,pros_cyano_cyclic_acetal,orientation,9.753957439650051,22.895328446565685,8.287700847623366
linear_mace,Linear / MACE features,prospective__pros_halogen_oxazinanone__cluster_3water__compressed,pros_halogen_oxazinanone,compressed,5.24596389977341,14.906685940129705,6.687305722066931
linear_mace,Linear / MACE features,prospective__pros_halogen_oxazinanone__cluster_3water__cooperative,pros_halogen_oxazinanone,cooperative,7.521642572203658,11.327699720746141,5.829502479820935
linear_mace,Linear / MACE features,prospective__pros_halogen_oxazinanone__cluster_3water__equilibrium,pros_halogen_oxazinanone,equilibrium,7.041342126662313,34.47771602137484,10.17020885056568
linear_mace,Linear / MACE features,prospective__pros_halogen_oxazinanone__cluster_3water__orientation,pros_halogen_oxazinanone,orientation,3.881772901312204,9.535985089334845,5.348640506521684
linear_mace,Linear / MACE features,prospective__pros_heteroaryl_amide__cluster_3water__compressed,pros_heteroaryl_amide,compressed,12.816436437351683,232.69602397941466,26.421356360683756
linear_mace,Linear / MACE features,prospective__pros_heteroaryl_amide__cluster_3water__cooperative,pros_heteroaryl_amide,cooperative,30.750406282523702,341.85992465223836,32.02467445512468
linear_mace,Linear / MACE features,prospective__pros_heteroaryl_amide__cluster_3water__equilibrium,pros_heteroaryl_amide,equilibrium,23.39567055542517,31.005733644779813,9.644542546660233
linear_mace,Linear / MACE features,prospective__pros_heteroaryl_amide__cluster_3water__orientation,pros_heteroaryl_amide,orientation,34.17899106055532,23.628611818200046,8.419372628325709
linear_mace,Linear / MACE features,prospective__pros_isoxazole_thioether__cluster_3water__compressed,pros_isoxazole_thioether,compressed,7.259341654516959,33.74002703622222,10.060819107243042
linear_mace,Linear / MACE features,prospective__pros_isoxazole_thioether__cluster_3water__cooperative,pros_isoxazole_thioether,cooperative,22.000662768495356,79.57923459211393,15.451139238785656
linear_mace,Linear / MACE features,prospective__pros_isoxazole_thioether__cluster_3water__equilibrium,pros_isoxazole_thioether,equilibrium,15.123059240799133,44.441077054190366,11.546567938680788
linear_mace,Linear / MACE features,prospective__pros_isoxazole_thioether__cluster_3water__orientation,pros_isoxazole_thioether,orientation,21.835146171661822,49.70456081370754,12.211211342087346
linear_mace,Linear / MACE features,prospective__pros_polyfunctional_oxane__cluster_3water__compressed,pros_polyfunctional_oxane,compressed,5.037585995639553,5.913847543386447,4.212071061860108
linear_mace,Linear / MACE features,prospective__pros_polyfunctional_oxane__cluster_3water__cooperative,pros_polyfunctional_oxane,cooperative,5.200069013476811,8.697832704211633,5.1081795301883135
linear_mace,Linear / MACE features,prospective__pros_polyfunctional_oxane__cluster_3water__equilibrium,pros_polyfunctional_oxane,equilibrium,4.7901310404620085,6.373522528666917,4.3727071232819545
linear_mace,Linear / MACE features,prospective__pros_polyfunctional_oxane__cluster_3water__orientation,pros_polyfunctional_oxane,orientation,6.902533466557349,6.825508476062619,4.525099493733575
linear_mace,Linear / MACE features,prospective__pros_sulfonyl_piperidinol__cluster_3water__compressed,pros_sulfonyl_piperidinol,compressed,4.053584707138735,3.4065255378522252,3.196807253113124
linear_mace,Linear / MACE features,prospective__pros_sulfonyl_piperidinol__cluster_3water__cooperative,pros_sulfonyl_piperidinol,cooperative,5.607890673381149,0.637173111163066,1.3825770624052744
linear_mace,Linear / MACE features,prospective__pros_sulfonyl_piperidinol__cluster_3water__equilibrium,pros_sulfonyl_piperidinol,equilibrium,3.2204552132553097,3.4537888364817655,3.218907657800282
linear_mace,Linear / MACE features,prospective__pros_sulfonyl_piperidinol__cluster_3water__orientation,pros_sulfonyl_piperidinol,orientation,6.008706410029384,5.552858509080934,4.08149182618841
linear_mace,Linear / MACE features,prospective__prospective_diverse_01__cluster_3water__compressed,prospective_diverse_01,compressed,2.0379724971099793,0.2019223615598734,0.7783104038104721
linear_mace,Linear / MACE features,prospective__prospective_diverse_01__cluster_3water__cooperative,prospective_diverse_01,cooperative,2.1933130329376604,0.36790071742088815,1.0505722974944012
linear_mace,Linear / MACE features,prospective__prospective_diverse_01__cluster_3water__equilibrium,prospective_diverse_01,equilibrium,3.0307195282705512,2.0062053824466584,2.4532868049496326
linear_mace,Linear / MACE features,prospective__prospective_diverse_01__cluster_3water__orientation,prospective_diverse_01,orientation,3.9614197896271937,1.253891351229603,1.9395035585656473
linear_mace,Linear / MACE features,prospective__prospective_diverse_02__cluster_3water__compressed,prospective_diverse_02,compressed,11.80139905417361,159.98716151291248,21.908023291450494
linear_mace,Linear / MACE features,prospective__prospective_diverse_02__cluster_3water__cooperative,prospective_diverse_02,cooperative,5.961138816264565,12.800098519366173,6.196797201627509
linear_mace,Linear / MACE features,prospective__prospective_diverse_02__cluster_3water__equilibrium,prospective_diverse_02,equilibrium,4.658274289025635,40.7382805099867,11.055082158444598
linear_mace,Linear / MACE features,prospective__prospective_diverse_02__cluster_3water__orientation,prospective_diverse_02,orientation,6.110637704352457,31.60196534778498,9.736831930528274
linear_mace,Linear / MACE features,prospective__prospective_diverse_03__cluster_3water__compressed,prospective_diverse_03,compressed,1.6734011952543124,0.6298514101407017,1.3746105740980261
linear_mace,Linear / MACE features,prospective__prospective_diverse_03__cluster_3water__cooperative,prospective_diverse_03,cooperative,1.7474262398645595,1.0099765262028864,1.7406692904192511
linear_mace,Linear / MACE features,prospective__prospective_diverse_03__cluster_3water__equilibrium,prospective_diverse_03,equilibrium,0.8323147206391746,0.007490533366958738,0.14990530377833938
linear_mace,Linear / MACE features,prospective__prospective_diverse_03__cluster_3water__orientation,prospective_diverse_03,orientation,1.7691184397380415,0.1422727582566859,0.6533133052143189
linear_mace,Linear / MACE features,prospective__prospective_diverse_04__cluster_3water__compressed,prospective_diverse_04,compressed,12.315257930727444,48.44121491041997,12.05502570429694
linear_mace,Linear / MACE features,prospective__prospective_diverse_04__cluster_3water__cooperative,prospective_diverse_04,cooperative,13.264509132501642,51.22003838384654,12.395971730830126
linear_mace,Linear / MACE features,prospective__prospective_diverse_04__cluster_3water__equilibrium,prospective_diverse_04,equilibrium,4.818732315340749,1.0533779834978305,1.7776765595837425
linear_mace,Linear / MACE features,prospective__prospective_diverse_04__cluster_3water__orientation,prospective_diverse_04,orientation,3.8963347195636113,1.743143531644795,2.286794830091756
linear_mace,Linear / MACE features,prospective__prospective_diverse_05__cluster_3water__compressed,prospective_diverse_05,compressed,2.100513107836618,0.6246166901433022,1.3688864344531677
linear_mace,Linear / MACE features,prospective__prospective_diverse_05__cluster_3water__cooperative,prospective_diverse_05,cooperative,1.9266178468964568,0.591970191878596,1.332632948578035
linear_mace,Linear / MACE features,prospective__prospective_diverse_05__cluster_3water__equilibrium,prospective_diverse_05,equilibrium,1.384585453561971,0.24496286293881,0.857256431189892
linear_mace,Linear / MACE features,prospective__prospective_diverse_05__cluster_3water__orientation,prospective_diverse_05,orientation,2.3464771146650887,1.122150378345056,1.8347891254951256
linear_visnet,Linear / ViSNet features,prospective__pros_azaaryl_sulfoxide__cluster_3water__compressed,pros_azaaryl_sulfoxide,compressed,3.412186217295099,1.8204782636578443,2.3369712858684277
linear_visnet,Linear / ViSNet features,prospective__pros_azaaryl_sulfoxide__cluster_3water__cooperative,pros_azaaryl_sulfoxide,cooperative,2.5171090182806486,0.01854706908323964,0.23588388509967975
linear_visnet,Linear / ViSNet features,prospective__pros_azaaryl_sulfoxide__cluster_3water__equilibrium,pros_azaaryl_sulfoxide,equilibrium,2.0790694544705515,0.6064420309898554,1.3488239666352189
linear_visnet,Linear / ViSNet features,prospective__pros_azaaryl_sulfoxide__cluster_3water__orientation,pros_azaaryl_sulfoxide,orientation,2.0305448322032693,0.4475325132459082,1.1587051133647959
linear_visnet,Linear / ViSNet features,prospective__pros_cyano_cyclic_acetal__cluster_3water__compressed,pros_cyano_cyclic_acetal,compressed,3.1585360826085824,2.853607538099178,2.9258883461775387
linear_visnet,Linear / ViSNet features,prospective__pros_cyano_cyclic_acetal__cluster_3water__cooperative,pros_cyano_cyclic_acetal,cooperative,8.295238378876487,12.494835578059922,6.122459206412058
linear_visnet,Linear / ViSNet features,prospective__pros_cyano_cyclic_acetal__cluster_3water__equilibrium,pros_cyano_cyclic_acetal,equilibrium,2.3812103077909037,1.6955506342372857,2.25536070346006
linear_visnet,Linear / ViSNet features,prospective__pros_cyano_cyclic_acetal__cluster_3water__orientation,pros_cyano_cyclic_acetal,orientation,3.8207956373358707,3.9448517133913614,3.440138825712428
linear_visnet,Linear / ViSNet features,prospective__pros_halogen_oxazinanone__cluster_3water__compressed,pros_halogen_oxazinanone,compressed,1.5945492417587654,0.9235169495286843,1.664497175902096
linear_visnet,Linear / ViSNet features,prospective__pros_halogen_oxazinanone__cluster_3water__cooperative,pros_halogen_oxazinanone,cooperative,1.4335895338952231,0.7140130386934834,1.4635706734150047
linear_visnet,Linear / ViSNet features,prospective__pros_halogen_oxazinanone__cluster_3water__equilibrium,pros_halogen_oxazinanone,equilibrium,0.8158491558064143,0.06984487105627425,0.457749509195611
linear_visnet,Linear / ViSNet features,prospective__pros_halogen_oxazinanone__cluster_3water__orientation,pros_halogen_oxazinanone,orientation,1.2486837663937616,1.1010067858917032,1.8174213484151411
linear_visnet,Linear / ViSNet features,prospective__pros_heteroaryl_amide__cluster_3water__compressed,pros_heteroaryl_amide,compressed,3.566315736705103,14.544316152840642,6.605524086590096
linear_visnet,Linear / ViSNet features,prospective__pros_heteroaryl_amide__cluster_3water__cooperative,pros_heteroaryl_amide,cooperative,8.494518926621321,25.55894954237264,8.756531769320427
linear_visnet,Linear / ViSNet features,prospective__pros_heteroaryl_amide__cluster_3water__equilibrium,pros_heteroaryl_amide,equilibrium,6.187474730271307,1.9430984669249387,2.414393381529782
linear_visnet,Linear / ViSNet features,prospective__pros_heteroaryl_amide__cluster_3water__orientation,pros_heteroaryl_amide,orientation,8.932170709883897,0.6596198012145896,1.4067193762949912
linear_visnet,Linear / ViSNet features,prospective__pros_isoxazole_thioether__cluster_3water__compressed,pros_isoxazole_thioether,compressed,1.1759859902036278,0.08042522236730222,0.49119819533657355
linear_visnet,Linear / ViSNet features,prospective__pros_isoxazole_thioether__cluster_3water__cooperative,pros_isoxazole_thioether,cooperative,4.114403545057896,0.34828761525924196,1.0221853284887852
linear_visnet,Linear / ViSNet features,prospective__pros_isoxazole_thioether__cluster_3water__equilibrium,pros_isoxazole_thioether,equilibrium,3.0801806030684777,1.4655362849977385,2.096809208057141
linear_visnet,Linear / ViSNet features,prospective__pros_isoxazole_thioether__cluster_3water__orientation,pros_isoxazole_thioether,orientation,4.865206219158297,2.186086267752462,2.560909760857923
linear_visnet,Linear / ViSNet features,prospective__pros_polyfunctional_oxane__cluster_3water__compressed,pros_polyfunctional_oxane,compressed,3.5405634354245588,3.3769157592630297,3.182883484796308
linear_visnet,Linear / ViSNet features,prospective__pros_polyfunctional_oxane__cluster_3water__cooperative,pros_polyfunctional_oxane,cooperative,3.6664240383763214,4.078943155508472,3.498117989222979
linear_visnet,Linear / ViSNet features,prospective__pros_polyfunctional_oxane__cluster_3water__equilibrium,pros_polyfunctional_oxane,equilibrium,3.4127651449158387,0.8536668532807926,1.6003126444049542
linear_visnet,Linear / ViSNet features,prospective__pros_polyfunctional_oxane__cluster_3water__orientation,pros_polyfunctional_oxane,orientation,3.9120858068813265,1.1617028016625126,1.8668445047693547
linear_visnet,Linear / ViSNet features,prospective__pros_sulfonyl_piperidinol__cluster_3water__compressed,pros_sulfonyl_piperidinol,compressed,2.4980877991900248,1.8776691976128905,2.373395793549544
linear_visnet,Linear / ViSNet features,prospective__pros_sulfonyl_piperidinol__cluster_3water__cooperative,pros_sulfonyl_piperidinol,cooperative,2.3190141263615702,1.4219908159891235,2.065423067549932
linear_visnet,Linear / ViSNet features,prospective__pros_sulfonyl_piperidinol__cluster_3water__equilibrium,pros_sulfonyl_piperidinol,equilibrium,1.2931421265180707,0.010368146146832987,0.17636450448006527
linear_visnet,Linear / ViSNet features,prospective__pros_sulfonyl_piperidinol__cluster_3water__orientation,pros_sulfonyl_piperidinol,orientation,2.4196806572987613,0.7371411885832867,1.4870855946279151
linear_visnet,Linear / ViSNet features,prospective__prospective_diverse_01__cluster_3water__compressed,prospective_diverse_01,compressed,1.436795741326075,0.33123077703694764,0.9968411764723821
linear_visnet,Linear / ViSNet features,prospective__prospective_diverse_01__cluster_3water__cooperative,prospective_diverse_01,cooperative,1.150120048028441,0.024402430826224102,0.2705684617221163
linear_visnet,Linear / ViSNet features,prospective__prospective_diverse_01__cluster_3water__equilibrium,prospective_diverse_01,equilibrium,0.6670225781648489,0.05869286213616076,0.4196171903157475
linear_visnet,Linear / ViSNet features,prospective__prospective_diverse_01__cluster_3water__orientation,prospective_diverse_01,orientation,1.1292349186442852,0.1786982505205745,0.7321849162347743
linear_visnet,Linear / ViSNet features,prospective__prospective_diverse_02__cluster_3water__compressed,prospective_diverse_02,compressed,3.8170196463141317,15.72966808421207,6.869425321861808
linear_visnet,Linear / ViSNet features,prospective__prospective_diverse_02__cluster_3water__cooperative,prospective_diverse_02,cooperative,2.9814378541361855,4.740317762943626,3.7710679241868448
linear_visnet,Linear / ViSNet features,prospective__prospective_diverse_02__cluster_3water__equilibrium,prospective_diverse_02,equilibrium,2.1452235956886923,2.45464186816681,2.713655395310987
linear_visnet,Linear / ViSNet features,prospective__prospective_diverse_02__cluster_3water__orientation,prospective_diverse_02,orientation,2.856182606490434,3.188289873951122,3.0927123406248707
linear_visnet,Linear / ViSNet features,prospective__prospective_diverse_03__cluster_3water__compressed,prospective_diverse_03,compressed,1.9807746497457184,0.9338290797356662,1.6737643917848768
linear_visnet,Linear / ViSNet features,prospective__prospective_diverse_03__cluster_3water__cooperative,prospective_diverse_03,cooperative,1.2972763681977322,0.4307698772508071,1.1367979731475693
linear_visnet,Linear / ViSNet features,prospective__prospective_diverse_03__cluster_3water__equilibrium,prospective_diverse_03,equilibrium,1.3907638702574356,0.15222708494016832,0.6757819580460143
linear_visnet,Linear / ViSNet features,prospective__prospective_diverse_03__cluster_3water__orientation,prospective_diverse_03,orientation,1.9411895640430565,0.1883361772026625,0.7516704940384367
linear_visnet,Linear / ViSNet features,prospective__prospective_diverse_04__cluster_3water__compressed,prospective_diverse_04,compressed,2.8536257206328326,2.3153438151553813,2.6355324785451124
linear_visnet,Linear / ViSNet features,prospective__prospective_diverse_04__cluster_3water__cooperative,prospective_diverse_04,cooperative,3.844955284001006,4.090138154278142,3.5029151378294086
linear_visnet,Linear / ViSNet features,prospective__prospective_diverse_04__cluster_3water__equilibrium,prospective_diverse_04,equilibrium,1.7471257618534575,0.9462923244558988,1.68489672483737
linear_visnet,Linear / ViSNet features,prospective__prospective_diverse_04__cluster_3water__orientation,prospective_diverse_04,orientation,1.2137867025507372,0.49968266145668067,1.224356150950385
linear_visnet,Linear / ViSNet features,prospective__prospective_diverse_05__cluster_3water__compressed,prospective_diverse_05,compressed,2.1992298774585284,1.225663112281459,1.9175477404342185
linear_visnet,Linear / ViSNet features,prospective__prospective_diverse_05__cluster_3water__cooperative,prospective_diverse_05,cooperative,2.4273541724604306,1.4181445856669803,2.062627876520857
linear_visnet,Linear / ViSNet features,prospective__prospective_diverse_05__cluster_3water__equilibrium,prospective_diverse_05,equilibrium,1.0301333433106092,0.2655835756954279,0.8926089440994213
linear_visnet,Linear / ViSNet features,prospective__prospective_diverse_05__cluster_3water__orientation,prospective_diverse_05,orientation,1.0511066085742162,1.0413256359348881,1.767477555106334
static_thole,Static q/u + Thole,prospective__pros_azaaryl_sulfoxide__cluster_3water__compressed,pros_azaaryl_sulfoxide,compressed,45.6522341636141,324.42394908093775,31.197305127892268
static_thole,Static q/u + Thole,prospective__pros_azaaryl_sulfoxide__cluster_3water__cooperative,pros_azaaryl_sulfoxide,cooperative,36.75330335501021,223.57347906837558,25.898270930800123
static_thole,Static q/u + Thole,prospective__pros_azaaryl_sulfoxide__cluster_3water__equilibrium,pros_azaaryl_sulfoxide,equilibrium,79.8092433016663,1952.5962469926124,76.5361923600713
static_thole,Static q/u + Thole,prospective__pros_azaaryl_sulfoxide__cluster_3water__orientation,pros_azaaryl_sulfoxide,orientation,35.93083663309112,627.6402043070492,43.392633164180616
static_thole,Static q/u + Thole,prospective__pros_cyano_cyclic_acetal__cluster_3water__compressed,pros_cyano_cyclic_acetal,compressed,11.08301105708705,20.378838108676852,7.818984225974021
static_thole,Static q/u + Thole,prospective__pros_cyano_cyclic_acetal__cluster_3water__cooperative,pros_cyano_cyclic_acetal,cooperative,17.06176304076263,11.782957449590576,5.945491766773522
static_thole,Static q/u + Thole,prospective__pros_cyano_cyclic_acetal__cluster_3water__equilibrium,pros_cyano_cyclic_acetal,equilibrium,6.494525767874614,23.655178380618207,8.424104411856172
static_thole,Static q/u + Thole,prospective__pros_cyano_cyclic_acetal__cluster_3water__orientation,pros_cyano_cyclic_acetal,orientation,34.281251923516926,479.57459340382303,37.93051252239375
static_thole,Static q/u + Thole,prospective__pros_halogen_oxazinanone__cluster_3water__compressed,pros_halogen_oxazinanone,compressed,8.82029201729373,11.856940142120576,5.964127800974903
static_thole,Static q/u + Thole,prospective__pros_halogen_oxazinanone__cluster_3water__cooperative,pros_halogen_oxazinanone,cooperative,10.975675501863789,8.663673562598927,5.09813894355546
static_thole,Static q/u + Thole,prospective__pros_halogen_oxazinanone__cluster_3water__equilibrium,pros_halogen_oxazinanone,equilibrium,3860.4837785223963,7275577.779139367,4671.908960737367
static_thole,Static q/u + Thole,prospective__pros_halogen_oxazinanone__cluster_3water__orientation,pros_halogen_oxazinanone,orientation,94.4647880645536,2949.01246845051,94.05869128024018
static_thole,Static q/u + Thole,prospective__pros_heteroaryl_amide__cluster_3water__compressed,pros_heteroaryl_amide,compressed,181.96110845449388,9878.039456667319,172.14563128352097
static_thole,Static q/u + Thole,prospective__pros_heteroaryl_amide__cluster_3water__cooperative,pros_heteroaryl_amide,cooperative,576.3854419647072,21094.066289690465,251.55953344898577
static_thole,Static q/u + Thole,prospective__pros_heteroaryl_amide__cluster_3water__equilibrium,pros_heteroaryl_amide,equilibrium,376.6118468017788,8566.701879832528,160.31252489901587
static_thole,Static q/u + Thole,prospective__pros_heteroaryl_amide__cluster_3water__orientation,pros_heteroaryl_amide,orientation,848.5678105310659,22920.009510863776,262.22133500650045
static_thole,Static q/u + Thole,prospective__pros_isoxazole_thioether__cluster_3water__compressed,pros_isoxazole_thioether,compressed,8.673881030757949,49.43857168670247,12.178493956976265
static_thole,Static q/u + Thole,prospective__pros_isoxazole_thioether__cluster_3water__cooperative,pros_isoxazole_thioether,cooperative,9.007595168317746,10.801213091119763,5.692419456905762
static_thole,Static q/u + Thole,prospective__pros_isoxazole_thioether__cluster_3water__equilibrium,pros_isoxazole_thioether,equilibrium,7.655952833702466,31.022257214319012,9.647112088234335
static_thole,Static q/u + Thole,prospective__pros_isoxazole_thioether__cluster_3water__orientation,pros_isoxazole_thioether,orientation,3.9489974946872177,2.2133384564116163,2.5768227275532265
static_thole,Static q/u + Thole,prospective__pros_polyfunctional_oxane__cluster_3water__compressed,pros_polyfunctional_oxane,compressed,166.67362956645266,2882.9290382500603,92.99885544860314
static_thole,Static q/u + Thole,prospective__pros_polyfunctional_oxane__cluster_3water__cooperative,pros_polyfunctional_oxane,cooperative,2797.3030872135305,873809.7240668678,1619.0828182031341
static_thole,Static q/u + Thole,prospective__pros_polyfunctional_oxane__cluster_3water__equilibrium,pros_polyfunctional_oxane,equilibrium,37.53490564661503,123.5852257135832,19.255016934314796
static_thole,Static q/u + Thole,prospective__pros_polyfunctional_oxane__cluster_3water__orientation,pros_polyfunctional_oxane,orientation,111.96794246002973,1423.6927945160344,65.35348792182482
static_thole,Static q/u + Thole,prospective__pros_sulfonyl_piperidinol__cluster_3water__compressed,pros_sulfonyl_piperidinol,compressed,20.568511572901887,33.678422780482414,10.051630133537905
static_thole,Static q/u + Thole,prospective__pros_sulfonyl_piperidinol__cluster_3water__cooperative,pros_sulfonyl_piperidinol,cooperative,9.978528206942505,19.38110017423709,7.625175442093859
static_thole,Static q/u + Thole,prospective__pros_sulfonyl_piperidinol__cluster_3water__equilibrium,pros_sulfonyl_piperidinol,equilibrium,5.650921749079098,4.238612713907551,3.5659273887339116
static_thole,Static q/u + Thole,prospective__pros_sulfonyl_piperidinol__cluster_3water__orientation,pros_sulfonyl_piperidinol,orientation,12.850675664744706,1.0685704768747517,1.7904500637058423
static_thole,Static q/u + Thole,prospective__prospective_diverse_01__cluster_3water__compressed,prospective_diverse_01,compressed,7.7278225167833705,5.720904522415143,4.14279055314717
static_thole,Static q/u + Thole,prospective__prospective_diverse_01__cluster_3water__cooperative,prospective_diverse_01,cooperative,9.073152326842182,3.003965437343408,3.001982063908814
static_thole,Static q/u + Thole,prospective__prospective_diverse_01__cluster_3water__equilibrium,prospective_diverse_01,equilibrium,34.71303566539521,523.6634015232397,39.63571879718746
static_thole,Static q/u + Thole,prospective__prospective_diverse_01__cluster_3water__orientation,prospective_diverse_01,orientation,21.1775409636758,132.24817467588778,19.918446827693753
static_thole,Static q/u + Thole,prospective__prospective_diverse_02__cluster_3water__compressed,prospective_diverse_02,compressed,9.73680374602759,39.47603380318282,10.882467615828153
static_thole,Static q/u + Thole,prospective__prospective_diverse_02__cluster_3water__cooperative,prospective_diverse_02,cooperative,3.514661416042925,6.448576428984331,4.398378029109479
static_thole,Static q/u + Thole,prospective__prospective_diverse_02__cluster_3water__equilibrium,prospective_diverse_02,equilibrium,2.505566440816033,3.391751007186772,3.18986724199618
static_thole,Static q/u + Thole,prospective__prospective_diverse_02__cluster_3water__orientation,prospective_diverse_02,orientation,1.8944188379657458,0.8803350216729743,1.6251169388751454
static_thole,Static q/u + Thole,prospective__prospective_diverse_03__cluster_3water__compressed,prospective_diverse_03,compressed,15.051829842265375,27.977588774523596,9.161482757914834
static_thole,Static q/u + Thole,prospective__prospective_diverse_03__cluster_3water__cooperative,prospective_diverse_03,cooperative,7.850331457914281,17.098680604464633,7.162125509469511
static_thole,Static q/u + Thole,prospective__prospective_diverse_03__cluster_3water__equilibrium,prospective_diverse_03,equilibrium,7.485537701391303,3.2136337200660736,3.1049800579388944
static_thole,Static q/u + Thole,prospective__prospective_diverse_03__cluster_3water__orientation,prospective_diverse_03,orientation,8.265960419646147,4.223951806166284,3.5597549660754537
static_thole,Static q/u + Thole,prospective__prospective_diverse_04__cluster_3water__compressed,prospective_diverse_04,compressed,34.2643167352527,131.04962766303245,19.827982322694798
static_thole,Static q/u + Thole,prospective__prospective_diverse_04__cluster_3water__cooperative,prospective_diverse_04,cooperative,13.732132011798512,14.83901103031666,6.672108594061549
static_thole,Static q/u + Thole,prospective__prospective_diverse_04__cluster_3water__equilibrium,prospective_diverse_04,equilibrium,14.219547891013283,42.417231468137494,11.280589275583633
static_thole,Static q/u + Thole,prospective__prospective_diverse_04__cluster_3water__orientation,prospective_diverse_04,orientation,5.641557248934478,2.5281422443371393,2.753983793164262
static_thole,Static q/u + Thole,prospective__prospective_diverse_05__cluster_3water__compressed,prospective_diverse_05,compressed,10.661131785274007,11.830413942086627,5.95745262895643
static_thole,Static q/u + Thole,prospective__prospective_diverse_05__cluster_3water__cooperative,prospective_diverse_05,cooperative,9.801106513314622,8.221631913212304,4.966376520123792
static_thole,Static q/u + Thole,prospective__prospective_diverse_05__cluster_3water__equilibrium,prospective_diverse_05,equilibrium,7.189856477270021,31.82558537635373,9.771220810577416
static_thole,Static q/u + Thole,prospective__prospective_diverse_05__cluster_3water__orientation,prospective_diverse_05,orientation,17.370392632229713,90.50802864525434,16.477987921338062
