family,subset,metric,unit,method,n_systems,estimate,ci_low,ci_high,comparator,paired_delta,delta_ci_low,delta_ci_high,comparator_mean,relative_error_reduction,wins,ties,sign_test_p,paired_standardized_effect,notes
W4_dense,all,energy_mae,kcal/mol,exact_dipole,10,0.2277794671751679,0.1496007166438109,0.3377810534405117,,,,,,,,,,,
W4_dense,all,energy_mae,kcal/mol,exact_dipole,10,0.2277794671751679,0.1496007166438109,0.3377810534405117,zero,0.1612782118527403,0.0771032602874339,0.2784182358553043,0.0665012553224276,-2.425190488071118,0.0,0.0,0.001953125,0.9098856173716552,
W4_dense,all,energy_mae,kcal/mol,exact_dipole,10,0.2277794671751679,0.1496007166438109,0.3377810534405117,mace_polar_l,0.1962763931989123,0.1143545749497204,0.3093797809466709,0.0315030739762556,-6.230388607373647,0.0,0.0,0.001953125,1.1477608695770245,
W4_dense,all,energy_mae,kcal/mol,exact_dipole_quadrupole,10,2.909077523696189,0.562374345569916,6.122763383991396,,,,,,,,,,,
W4_dense,all,energy_mae,kcal/mol,exact_dipole_quadrupole,10,2.909077523696189,0.562374345569916,6.122763383991396,zero,2.842576268373762,0.4836237087794334,6.066435025893873,0.0665012553224276,-42.74470090213618,0.0,0.0,0.001953125,0.573554014947019,
W4_dense,all,energy_mae,kcal/mol,exact_dipole_quadrupole,10,2.909077523696189,0.562374345569916,6.122763383991396,mace_polar_l,2.877574449719934,0.5242897725047407,6.095164980005631,0.0315030739762556,-91.34265601791137,0.0,0.0,0.001953125,0.5817619038740243,
W4_dense,all,energy_mae,kcal/mol,exact_dipole_quadrupole,10,2.909077523696189,0.562374345569916,6.122763383991396,exact_dipole,2.6812980565210216,0.3990426547868999,5.794026059738291,0.2277794671751679,-11.771465135876529,1.0,0.0,0.021484375,0.5597573533547505,
W4_dense,all,energy_mae,kcal/mol,exact_dipole_quadrupole_octupole,10,37.34192506855637,1.659664334418374,87.29322428729375,,,,,,,,,,,
W4_dense,all,energy_mae,kcal/mol,exact_dipole_quadrupole_octupole,10,37.34192506855637,1.659664334418374,87.29322428729375,zero,37.27542381323393,1.5825889922827625,87.23723729723152,0.0665012553224276,-560.5221079287318,0.0,0.0,0.001953125,0.504828755761667,
W4_dense,all,energy_mae,kcal/mol,exact_dipole_quadrupole_octupole,10,37.34192506855637,1.659664334418374,87.29322428729375,mace_polar_l,37.3104219945801,1.623278642721434,87.26622921782969,0.0315030739762556,-1184.3422652247066,0.0,0.0,0.001953125,0.5053733108140979,
W4_dense,all,energy_mae,kcal/mol,exact_dipole_quadrupole_octupole,10,37.34192506855637,1.659664334418374,87.29322428729375,exact_dipole,37.1141456013812,1.5097390108351814,87.00254872230576,0.2277794671751679,-162.93894292429576,0.0,0.0,0.001953125,0.5037183422631926,
W4_dense,all,energy_mae,kcal/mol,glider,10,0.0245943393127355,0.0224070985571069,0.026908229983162,,,,,,,,,,,
W4_dense,all,energy_mae,kcal/mol,glider,10,0.0245943393127355,0.0224070985571069,0.026908229983162,zero,-0.0419069160096921,-0.0548677588602544,-0.0291376116118858,0.0665012553224276,0.630167292429425,10.0,0.0,0.001953125,-1.930973950770508,
W4_dense,all,energy_mae,kcal/mol,glider,10,0.0245943393127355,0.0224070985571069,0.026908229983162,mace_polar_l,-0.0069087346635201,-0.0146659442616204,-0.0006891211388646,0.0315030739762556,0.2193035088806676,7.0,0.0,0.34375,-0.5761566633063964,
W4_dense,all,energy_mae,kcal/mol,glider,10,0.0245943393127355,0.0224070985571069,0.026908229983162,exact_dipole,-0.2031851278624324,-0.3144651980473873,-0.124906167500063,0.2277794671751679,0.8920256526290762,10.0,0.0,0.001953125,-1.2098429363259966,
W4_dense,all,energy_mae,kcal/mol,mace_polar_l,10,0.0315030739762556,0.0241747380341998,0.0395553547136985,,,,,,,,,,,
W4_dense,all,energy_mae,kcal/mol,mace_polar_l,10,0.0315030739762556,0.0241747380341998,0.0395553547136985,zero,-0.034998181346172,-0.0444651084302473,-0.0262346713893607,0.0665012553224276,0.526278506721193,10.0,0.0,0.001953125,-2.2611280649490744,
W4_dense,all,energy_mae,kcal/mol,mace_polar_l,10,0.0315030739762556,0.0241747380341998,0.0395553547136985,exact_dipole,-0.1962763931989123,-0.309379780946671,-0.1143545749497204,0.2277794671751679,0.8616948473585242,10.0,0.0,0.001953125,-1.1477608695770245,
W4_dense,all,energy_mae,kcal/mol,zero,10,0.0665012553224276,0.0523538592706539,0.0806629610057737,,,,,,,,,,,
W4_dense,all,energy_mae,kcal/mol,zero,10,0.0665012553224276,0.0523538592706539,0.0806629610057737,mace_polar_l,0.034998181346172,0.0262346713893607,0.0444651084302473,0.0315030739762556,-1.1109449627852408,0.0,0.0,0.001953125,2.2611280649490744,
W4_dense,all,energy_mae,kcal/mol,zero,10,0.0665012553224276,0.0523538592706539,0.0806629610057737,exact_dipole,-0.1612782118527403,-0.2784182358553045,-0.077103260287434,0.2277794671751679,0.7080454347042328,10.0,0.0,0.001953125,-0.9098856173716552,
W4_dense,all,energy_rmse,kcal/mol,exact_dipole,10,0.3850953706964818,0.17535437385136,0.7374073115941985,,,,,,,,,,,
W4_dense,all,energy_rmse,kcal/mol,exact_dipole,10,0.3850953706964818,0.17535437385136,0.7374073115941985,zero,0.3088149222657562,0.0911068856442883,0.6696231695886202,0.0762804484307256,-4.04841513938146,0.0,0.0,0.001953125,0.5654514694567214,
W4_dense,all,energy_rmse,kcal/mol,exact_dipole,10,0.3850953706964818,0.17535437385136,0.7374073115941985,mace_polar_l,0.3481421468074913,0.1339447659550507,0.7038665618138549,0.0369532238889904,-9.421157619517318,0.0,0.0,0.001953125,0.6463678030637402,
W4_dense,all,energy_rmse,kcal/mol,exact_dipole_quadrupole,10,6.480266889747163,0.6732216131794149,15.907442466245264,,,,,,,,,,,
W4_dense,all,energy_rmse,kcal/mol,exact_dipole_quadrupole,10,6.480266889747163,0.6732216131794149,15.907442466245264,zero,6.403986441316438,0.5863800444735404,15.842589068440596,0.0762804484307256,-83.95318293300602,0.0,0.0,0.001953125,0.4364805570980354,
W4_dense,all,energy_rmse,kcal/mol,exact_dipole_quadrupole,10,6.480266889747163,0.6732216131794149,15.907442466245264,mace_polar_l,6.443313665858175,0.6299908777937832,15.874363012299204,0.0369532238889904,-174.36404696960284,0.0,0.0,0.001953125,0.439426811583087,
W4_dense,all,energy_rmse,kcal/mol,exact_dipole_quadrupole,10,6.480266889747163,0.6732216131794149,15.907442466245264,exact_dipole,6.095171519050682,0.4858432516515905,15.174473750933055,0.3850953706964818,-15.82769356075868,0.0,0.0,0.001953125,0.4313897681082612,
W4_dense,all,energy_rmse,kcal/mol,exact_dipole_quadrupole_octupole,10,101.97052817367214,2.09275405901375,236.62684593656527,,,,,,,,,,,
W4_dense,all,energy_rmse,kcal/mol,exact_dipole_quadrupole_octupole,10,101.97052817367214,2.09275405901375,236.62684593656527,zero,101.8942477252414,2.002456647479164,236.56900080751907,0.0762804484307256,-1335.784592532608,0.0,0.0,0.001953125,0.4678403373760939,
W4_dense,all,energy_rmse,kcal/mol,exact_dipole_quadrupole_octupole,10,101.97052817367214,2.09275405901375,236.62684593656527,mace_polar_l,101.93357494978314,2.051623297959309,236.59698640598225,0.0369532238889904,-2758.4487690707965,0.0,0.0,0.001953125,0.4680443394629625,
W4_dense,all,energy_rmse,kcal/mol,exact_dipole_quadrupole_octupole,10,101.97052817367214,2.09275405901375,236.62684593656527,exact_dipole,101.58543280297565,1.929184808259005,236.01613830989828,0.3850953706964818,-263.7929212684345,0.0,0.0,0.001953125,0.4675187848029284,
W4_dense,all,energy_rmse,kcal/mol,glider,10,0.029000511375249,0.0264467507982185,0.0316871250762018,,,,,,,,,,,
W4_dense,all,energy_rmse,kcal/mol,glider,10,0.029000511375249,0.0264467507982185,0.0316871250762018,zero,-0.0472799370554765,-0.0619558911023737,-0.0325998374172735,0.0762804484307256,0.6198172405660936,10.0,0.0,0.001953125,-1.90754599382606,
W4_dense,all,energy_rmse,kcal/mol,glider,10,0.029000511375249,0.0264467507982185,0.0316871250762018,mace_polar_l,-0.0079527125137413,-0.0168310990317538,-0.0007509099009266,0.0369532238889904,0.2152102489794058,7.0,0.0,0.34375,-0.575992189942267,
W4_dense,all,energy_rmse,kcal/mol,glider,10,0.029000511375249,0.0264467507982185,0.0316871250762018,exact_dipole,-0.3560948593212327,-0.7098817313420951,-0.1455387817799116,0.3850953706964818,0.9246926512702583,10.0,0.0,0.001953125,-0.6639521830542711,
W4_dense,all,energy_rmse,kcal/mol,mace_polar_l,10,0.0369532238889904,0.0284036922331914,0.0463048116000484,,,,,,,,,,,
W4_dense,all,energy_rmse,kcal/mol,mace_polar_l,10,0.0369532238889904,0.0284036922331914,0.0463048116000484,zero,-0.0393272245417351,-0.0500963096371596,-0.02939421617486,0.0762804484307256,0.5155610035178328,10.0,0.0,0.001953125,-2.233813606831027,
W4_dense,all,energy_rmse,kcal/mol,mace_polar_l,10,0.0369532238889904,0.0284036922331914,0.0463048116000484,exact_dipole,-0.3481421468074913,-0.7038665618138554,-0.1339447659550507,0.3850953706964818,0.904041370785224,10.0,0.0,0.001953125,-0.6463678030637402,
W4_dense,all,energy_rmse,kcal/mol,zero,10,0.0762804484307256,0.0600977902981377,0.0923553819284105,,,,,,,,,,,
W4_dense,all,energy_rmse,kcal/mol,zero,10,0.0762804484307256,0.0600977902981377,0.0923553819284105,mace_polar_l,0.0393272245417351,0.02939421617486,0.0500963096371596,0.0369532238889904,-1.0642433975416168,0.0,0.0,0.001953125,2.233813606831027,
W4_dense,all,energy_rmse,kcal/mol,zero,10,0.0762804484307256,0.0600977902981377,0.0923553819284105,exact_dipole,-0.3088149222657562,-0.6696231695886203,-0.0911068856442884,0.3850953706964818,0.8019180332062545,10.0,0.0,0.001953125,-0.5654514694567214,
W4_dense,all,energy_nrmse,1,exact_dipole,10,2.8339028085685385,1.4130972393891,4.821559666148201,,,,,,,,,,,
W4_dense,all,energy_nrmse,1,exact_dipole,10,2.8339028085685385,1.4130972393891,4.821559666148201,zero,1.8339028085685385,0.4130972393890998,3.821559666148202,1.0,-1.8339028085685385,1.0,0.0,0.021484375,0.6183538828104324,
W4_dense,all,energy_nrmse,1,exact_dipole,10,2.8339028085685385,1.4130972393891,4.821559666148201,mace_polar_l,2.432823972617522,1.0228101792828264,4.392654629769892,0.4010788359510165,-6.06570019295319,0.0,0.0,0.001953125,0.8298297172267418,
W4_dense,all,energy_nrmse,1,exact_dipole_quadrupole,10,43.49276593533087,4.519751874040833,96.48509885652454,,,,,,,,,,,
W4_dense,all,energy_nrmse,1,exact_dipole_quadrupole,10,43.49276593533087,4.519751874040833,96.48509885652454,zero,42.49276593533087,3.5197518740408325,95.48509885652454,1.0,-42.49276593533087,1.0,0.0,0.021484375,0.5130758721540238,
W4_dense,all,energy_nrmse,1,exact_dipole_quadrupole,10,43.49276593533087,4.519751874040833,96.48509885652454,mace_polar_l,43.091687099379854,4.137317869308284,96.06623940796142,0.4010788359510165,-107.43944391182636,0.0,0.0,0.001953125,0.5205817672840894,
W4_dense,all,energy_nrmse,1,exact_dipole_quadrupole,10,43.49276593533087,4.519751874040833,96.48509885652454,exact_dipole,40.65886312676234,3.098412532338649,91.85610033422488,2.8339028085685385,-14.347303303354977,1.0,0.0,0.021484375,0.5088430718638212,
W4_dense,all,energy_nrmse,1,exact_dipole_quadrupole_octupole,10,739.3642605167627,13.707103468365876,1771.3984321168186,,,,,,,,,,,
W4_dense,all,energy_nrmse,1,exact_dipole_quadrupole_octupole,10,739.3642605167627,13.707103468365876,1771.3984321168186,zero,738.3642605167627,12.707103468365874,1770.3984321168186,1.0,-738.3642605167627,1.0,0.0,0.021484375,0.4947836092959864,
W4_dense,all,energy_nrmse,1,exact_dipole_quadrupole_octupole,10,739.3642605167627,13.707103468365876,1771.3984321168186,mace_polar_l,738.9631816808117,13.327020946687844,1770.9734608924266,0.4010788359510165,-1842.438731349716,0.0,0.0,0.001953125,0.4952013357564286,
W4_dense,all,energy_nrmse,1,exact_dipole_quadrupole_octupole,10,739.3642605167627,13.707103468365876,1771.3984321168186,exact_dipole,736.5303577081943,12.265065522684516,1766.4093492403404,2.8339028085685385,-259.8996533971574,1.0,0.0,0.021484375,0.4944128580859195,
W4_dense,all,energy_nrmse,1,glider,10,0.3904082086836402,0.3149943781979707,0.4726598054407068,,,,,,,,,,,
W4_dense,all,energy_nrmse,1,glider,10,0.3904082086836402,0.3149943781979707,0.4726598054407068,zero,-0.6095917913163598,-0.6850056218020293,-0.5273401945592932,1.0,0.6095917913163598,10.0,0.0,0.001953125,-4.563816002577125,
W4_dense,all,energy_nrmse,1,glider,10,0.3904082086836402,0.3149943781979707,0.4726598054407068,mace_polar_l,-0.0106706272673762,-0.0920657871644842,0.053910546610645,0.4010788359510165,0.0266048125976897,4.0,0.0,0.75390625,-0.0847891674533341,
W4_dense,all,energy_nrmse,1,glider,10,0.3904082086836402,0.3149943781979707,0.4726598054407068,exact_dipole,-2.443494599884898,-4.372019037149322,-1.0621044462890694,2.8339028085685385,0.8622365567713866,10.0,0.0,0.001953125,-0.8418499953505213,
W4_dense,all,energy_nrmse,1,mace_polar_l,10,0.4010788359510165,0.335115148616815,0.4693848156203495,,,,,,,,,,,
W4_dense,all,energy_nrmse,1,mace_polar_l,10,0.4010788359510165,0.335115148616815,0.4693848156203495,zero,-0.5989211640489834,-0.664884851383185,-0.5306151843796505,1.0,0.5989211640489834,10.0,0.0,0.001953125,-5.258712620883767,
W4_dense,all,energy_nrmse,1,mace_polar_l,10,0.4010788359510165,0.335115148616815,0.4693848156203495,exact_dipole,-2.432823972617522,-4.392654629769893,-1.0228101792828268,2.8339028085685385,0.8584712098317833,10.0,0.0,0.001953125,-0.8298297172267418,
W4_dense,all,energy_nrmse,1,zero,10,1.0,1.0,1.0,,,,,,,,,,,
W4_dense,all,energy_nrmse,1,zero,10,1.0,1.0,1.0,mace_polar_l,0.5989211640489834,0.5306151843796504,0.664884851383185,0.4010788359510165,-1.4932754121240372,0.0,0.0,0.001953125,5.258712620883767,
W4_dense,all,energy_nrmse,1,zero,10,1.0,1.0,1.0,exact_dipole,-1.8339028085685385,-3.8215596661482087,-0.4130972393890998,2.8339028085685385,0.6471297473659232,9.0,0.0,0.021484375,-0.6183538828104324,
W4_dense,all,centered_orientation_rmse,kcal/mol,exact_dipole,10,0.3527798077347645,0.1550601476677231,0.6866823056700608,,,,,,,,,,,
W4_dense,all,centered_orientation_rmse,kcal/mol,exact_dipole,10,0.3527798077347645,0.1550601476677231,0.6866823056700608,zero,0.2797617972006551,0.073952243435735,0.6224584487235559,0.0730180105341093,-3.8314081026621256,0.0,0.0,0.001953125,0.539349451862253,
W4_dense,all,centered_orientation_rmse,kcal/mol,exact_dipole,10,0.3527798077347645,0.1550601476677231,0.6866823056700608,mace_polar_l,0.318043849922745,0.1153198613776072,0.6558352236552341,0.0347359578120194,-9.1560408854681,0.0,0.0,0.001953125,0.6230106412441477,
W4_dense,all,centered_orientation_rmse,kcal/mol,exact_dipole_quadrupole,10,5.706557089752815,0.5847782099505596,14.738374822938502,,,,,,,,,,,
W4_dense,all,centered_orientation_rmse,kcal/mol,exact_dipole_quadrupole,10,5.706557089752815,0.5847782099505596,14.738374822938502,zero,5.633539079218708,0.4998823544303435,14.67915599418123,0.0730180105341093,-77.15273311352512,0.0,0.0,0.001953125,0.4035610564132827,
W4_dense,all,centered_orientation_rmse,kcal/mol,exact_dipole_quadrupole,10,5.706557089752815,0.5847782099505596,14.738374822938502,mace_polar_l,5.6718211319407965,0.5455578731487755,14.7105659704277,0.0347359578120194,-163.28385595799566,0.0,0.0,0.001953125,0.406563112290018,
W4_dense,all,centered_orientation_rmse,kcal/mol,exact_dipole_quadrupole,10,5.706557089752815,0.5847782099505596,14.738374822938502,exact_dipole,5.353777282018052,0.4203272144508899,14.060845786242725,0.3527798077347645,-15.175974261098464,1.0,0.0,0.021484375,0.3982329030988165,
W4_dense,all,centered_orientation_rmse,kcal/mol,exact_dipole_quadrupole_octupole,10,97.13235263195072,1.9320322188277008,225.4372975979499,,,,,,,,,,,
W4_dense,all,centered_orientation_rmse,kcal/mol,exact_dipole_quadrupole_octupole,10,97.13235263195072,1.9320322188277008,225.4372975979499,zero,97.0593346214166,1.8501058582962304,225.3821310265729,0.0730180105341093,-1329.2519737452535,0.0,0.0,0.001953125,0.4674470010337159,
W4_dense,all,centered_orientation_rmse,kcal/mol,exact_dipole_quadrupole_octupole,10,97.13235263195072,1.9320322188277008,225.4372975979499,mace_polar_l,97.0976166741387,1.9008367972931908,225.4092786204591,0.0347359578120194,-2795.3055792962964,0.0,0.0,0.001953125,0.4676576051914626,
W4_dense,all,centered_orientation_rmse,kcal/mol,exact_dipole_quadrupole_octupole,10,97.13235263195072,1.9320322188277008,225.4372975979499,exact_dipole,96.77957282421596,1.756703492943314,224.8797738060267,0.3527798077347645,-274.334218405661,0.0,0.0,0.001953125,0.4671848710392818,
W4_dense,all,centered_orientation_rmse,kcal/mol,glider,10,0.0274569330108802,0.0250881656512884,0.0299303548405434,,,,,,,,,,,
W4_dense,all,centered_orientation_rmse,kcal/mol,glider,10,0.0274569330108802,0.0250881656512884,0.0299303548405434,zero,-0.0455610775232291,-0.0599080436555609,-0.0311124837260457,0.0730180105341093,0.623970403876533,10.0,0.0,0.001953125,-1.8698289025069224,
W4_dense,all,centered_orientation_rmse,kcal/mol,glider,10,0.0274569330108802,0.0250881656512884,0.0299303548405434,mace_polar_l,-0.0072790248011392,-0.0155109673187499,-0.0004937917983326,0.0347359578120194,0.2095530182449877,7.0,0.0,0.34375,-0.5637251689389285,
W4_dense,all,centered_orientation_rmse,kcal/mol,glider,10,0.0274569330108802,0.0250881656512884,0.0299303548405434,exact_dipole,-0.3253228747238842,-0.6611561496904484,-0.1265444674188957,0.3527798077347645,0.9221697716000696,10.0,0.0,0.001953125,-0.6401286374117852,
W4_dense,all,centered_orientation_rmse,kcal/mol,mace_polar_l,10,0.0347359578120194,0.0267906485526754,0.0434126052287658,,,,,,,,,,,
W4_dense,all,centered_orientation_rmse,kcal/mol,mace_polar_l,10,0.0347359578120194,0.0267906485526754,0.0434126052287658,zero,-0.0382820527220899,-0.0488677369648712,-0.028240214312723,0.0730180105341093,0.524282330373915,10.0,0.0,0.001953125,-2.188813451810751,
W4_dense,all,centered_orientation_rmse,kcal/mol,mace_polar_l,10,0.0347359578120194,0.0267906485526754,0.0434126052287658,exact_dipole,-0.318043849922745,-0.6558352236552343,-0.1153198613776072,0.3527798077347645,0.9015364341993874,10.0,0.0,0.001953125,-0.6230106412441477,
W4_dense,all,centered_orientation_rmse,kcal/mol,zero,10,0.0730180105341093,0.0571715696286074,0.0886594679500494,,,,,,,,,,,
W4_dense,all,centered_orientation_rmse,kcal/mol,zero,10,0.0730180105341093,0.0571715696286074,0.0886594679500494,mace_polar_l,0.0382820527220899,0.028240214312723,0.0488677369648712,0.0347359578120194,-1.102087149266501,0.0,0.0,0.001953125,2.188813451810751,
W4_dense,all,centered_orientation_rmse,kcal/mol,zero,10,0.0730180105341093,0.0571715696286074,0.0886594679500494,exact_dipole,-0.2797617972006551,-0.6224584487235564,-0.073952243435735,0.3527798077347645,0.7930210036595757,10.0,0.0,0.001953125,-0.539349451862253,
W4_dense,all,centered_orientation_nrmse,1,exact_dipole,10,2.7242398174360423,1.3973426216802936,4.595706147962168,,,,,,,,,,,
W4_dense,all,centered_orientation_nrmse,1,exact_dipole,10,2.7242398174360423,1.3973426216802936,4.595706147962168,zero,1.7242398174360425,0.3973426216802937,3.595706147962168,1.0,-1.7242398174360425,1.0,0.0,0.021484375,0.6127562830124673,
W4_dense,all,centered_orientation_nrmse,1,exact_dipole,10,2.7242398174360423,1.3973426216802936,4.595706147962168,mace_polar_l,2.3241359470731746,1.0112445949089208,4.166060770056677,0.4001038703628669,-5.808831454105511,0.0,0.0,0.001953125,0.8374682236459475,
W4_dense,all,centered_orientation_nrmse,1,exact_dipole_quadrupole,10,36.221523675408754,4.356252397322801,85.04438570619108,,,,,,,,,,,
W4_dense,all,centered_orientation_nrmse,1,exact_dipole_quadrupole,10,36.221523675408754,4.356252397322801,85.04438570619108,zero,35.221523675408754,3.356252397322801,84.04438570619108,1.0,-35.221523675408754,2.0,0.0,0.109375,0.4701632273310924,
W4_dense,all,centered_orientation_nrmse,1,exact_dipole_quadrupole,10,36.221523675408754,4.356252397322801,85.04438570619108,mace_polar_l,35.821419805045885,3.983013645905508,84.65942809316428,0.4001038703628669,-89.53030065057432,0.0,0.0,0.001953125,0.4784514076611714,
W4_dense,all,centered_orientation_nrmse,1,exact_dipole_quadrupole,10,36.221523675408754,4.356252397322801,85.04438570619108,exact_dipole,33.49728385797271,2.945827514254623,80.44987364602832,2.7242398174360423,-12.296011402365878,1.0,0.0,0.021484375,0.4642959785504194,
W4_dense,all,centered_orientation_nrmse,1,exact_dipole_quadrupole_octupole,10,716.0697434124678,13.37106435708317,1716.0435639330326,,,,,,,,,,,
W4_dense,all,centered_orientation_nrmse,1,exact_dipole_quadrupole_octupole,10,716.0697434124678,13.37106435708317,1716.0435639330326,zero,715.0697434124678,12.37106435708317,1715.0435639330326,1.0,-715.0697434124678,2.0,0.0,0.109375,0.49486842230437,
W4_dense,all,centered_orientation_nrmse,1,exact_dipole_quadrupole_octupole,10,716.0697434124678,13.37106435708317,1716.0435639330326,mace_polar_l,715.669639542105,13.009597486931444,1715.6188918669047,0.4001038703628669,-1788.7096140635715,0.0,0.0,0.001953125,0.4953019580582144,
W4_dense,all,centered_orientation_nrmse,1,exact_dipole_quadrupole_octupole,10,716.0697434124678,13.37106435708317,1716.0435639330326,exact_dipole,713.3455035950317,11.943162985657134,1711.301389273031,2.7242398174360423,-261.8512140632344,1.0,0.0,0.021484375,0.4944928718583223,
W4_dense,all,centered_orientation_nrmse,1,glider,10,0.3939142995275413,0.3164934868277632,0.478429751296993,,,,,,,,,,,
W4_dense,all,centered_orientation_nrmse,1,glider,10,0.3939142995275413,0.3164934868277632,0.478429751296993,zero,-0.6060857004724587,-0.6835065131722368,-0.5215702487030071,1.0,0.6060857004724587,10.0,0.0,0.001953125,-4.404516605627537,
W4_dense,all,centered_orientation_nrmse,1,glider,10,0.3939142995275413,0.3164934868277632,0.478429751296993,mace_polar_l,-0.0061895708353255,-0.0871058942006414,0.0582396283317544,0.4001038703628669,0.0154699099254204,5.0,0.0,1.0,-0.0494608161600038,
W4_dense,all,centered_orientation_nrmse,1,glider,10,0.3939142995275413,0.3164934868277632,0.478429751296993,exact_dipole,-2.330325517908501,-4.150801584094173,-1.0418752836324958,2.7242398174360423,0.8554039563600977,10.0,0.0,0.001953125,-0.8472621554019153,
W4_dense,all,centered_orientation_nrmse,1,mace_polar_l,10,0.4001038703628669,0.3319303583326908,0.4713484437845071,,,,,,,,,,,
W4_dense,all,centered_orientation_nrmse,1,mace_polar_l,10,0.4001038703628669,0.3319303583326908,0.4713484437845071,zero,-0.599896129637133,-0.6680696416673091,-0.5286515562154929,1.0,0.599896129637133,10.0,0.0,0.001953125,-5.050357910979029,
W4_dense,all,centered_orientation_nrmse,1,mace_polar_l,10,0.4001038703628669,0.3319303583326908,0.4713484437845071,exact_dipole,-2.3241359470731746,-4.166060770056678,-1.0112445949089215,2.7242398174360423,0.8531319203977312,10.0,0.0,0.001953125,-0.8374682236459475,
W4_dense,all,centered_orientation_nrmse,1,zero,10,1.0,1.0,1.0,,,,,,,,,,,
W4_dense,all,centered_orientation_nrmse,1,zero,10,1.0,1.0,1.0,mace_polar_l,0.599896129637133,0.5286515562154929,0.6680696416673089,0.4001038703628669,-1.499350978767259,0.0,0.0,0.001953125,5.050357910979029,
W4_dense,all,centered_orientation_nrmse,1,zero,10,1.0,1.0,1.0,exact_dipole,-1.7242398174360425,-3.5957061479621704,-0.3973426216802946,2.7242398174360423,0.6329251214964018,9.0,0.0,0.021484375,-0.6127562830124673,
W4_dense,all,torque_vrmse,kcal/mol,exact_dipole,10,2.277016753754678,0.3071967388423259,5.936456257553315,,,,,,,,,,,
W4_dense,all,torque_vrmse,kcal/mol,exact_dipole,10,2.277016753754678,0.3071967388423259,5.936456257553315,zero,2.161964461295963,0.1785574241435591,5.839584699674185,0.1150522924587145,-18.79114631350579,0.0,0.0,0.001953125,0.3800159061127141,
W4_dense,all,torque_vrmse,kcal/mol,exact_dipole,10,2.277016753754678,0.3071967388423259,5.936456257553315,mace_polar_l,2.215684130134195,0.2384247202956923,5.881519259415013,0.0613326236204827,-36.12570275559255,0.0,0.0,0.001953125,0.390248072501297,
W4_dense,all,torque_vrmse,kcal/mol,exact_dipole_quadrupole,10,106.18992609742445,1.6695051861583623,302.60204197695816,,,,,,,,,,,
W4_dense,all,torque_vrmse,kcal/mol,exact_dipole_quadrupole,10,106.18992609742445,1.6695051861583623,302.60204197695816,zero,106.0748738049657,1.5381644054112864,302.5006761384223,0.1150522924587145,-921.9709710958584,0.0,0.0,0.001953125,0.3445443671128858,
W4_dense,all,torque_vrmse,kcal/mol,exact_dipole_quadrupole,10,106.18992609742445,1.6695051861583623,302.60204197695816,mace_polar_l,106.12859347380396,1.600254788408262,302.5436524880527,0.0613326236204827,-1730.3775251897268,0.0,0.0,0.001953125,0.3447318979327034,
W4_dense,all,torque_vrmse,kcal/mol,exact_dipole_quadrupole,10,106.18992609742445,1.6695051861583623,302.60204197695816,exact_dipole,103.91290934366975,1.3622073912498185,296.6372463886069,2.277016753754678,-45.63554886995143,0.0,0.0,0.001953125,0.3438736594833997,
W4_dense,all,torque_vrmse,kcal/mol,exact_dipole_quadrupole_octupole,10,2369.11524584957,6.535660928175229,6389.562171153049,,,,,,,,,,,
W4_dense,all,torque_vrmse,kcal/mol,exact_dipole_quadrupole_octupole,10,2369.11524584957,6.535660928175229,6389.562171153049,zero,2369.000193557112,6.408612569677654,6389.463903019952,0.1150522924587145,-20590.63876895113,0.0,0.0,0.001953125,0.3759661135227348,
W4_dense,all,torque_vrmse,kcal/mol,exact_dipole_quadrupole_octupole,10,2369.11524584957,6.535660928175229,6389.562171153049,mace_polar_l,2369.05391322595,6.468427526351268,6389.510648152342,0.0613326236204827,-38626.32598085654,0.0,0.0,0.001953125,0.3759754144221624,
W4_dense,all,torque_vrmse,kcal/mol,exact_dipole_quadrupole_octupole,10,2369.11524584957,6.535660928175229,6389.562171153049,exact_dipole,2366.838229095815,6.253629905777221,6383.607885477703,2.277016753754678,-1039.4469980043082,0.0,0.0,0.001953125,0.375960487320178,
W4_dense,all,torque_vrmse,kcal/mol,glider,10,0.0503826470735739,0.0460246089546185,0.0559286542888108,,,,,,,,,,,
W4_dense,all,torque_vrmse,kcal/mol,glider,10,0.0503826470735739,0.0460246089546185,0.0559286542888108,zero,-0.0646696453851405,-0.0862459856058314,-0.0432770346905037,0.1150522924587145,0.5620891509688664,10.0,0.0,0.001953125,-1.779339913971282,
W4_dense,all,torque_vrmse,kcal/mol,glider,10,0.0503826470735739,0.0460246089546185,0.0559286542888108,mace_polar_l,-0.0109499765469087,-0.0233055522913793,-0.000571071477752,0.0613326236204827,0.1785342922009278,7.0,0.0,0.34375,-0.5619739900082545,
W4_dense,all,torque_vrmse,kcal/mol,glider,10,0.0503826470735739,0.0460246089546185,0.0559286542888108,exact_dipole,-2.226634106681104,-5.888822199955916,-0.2545544377333854,2.277016753754678,0.9778733964119958,10.0,0.0,0.001953125,-0.3923559872596294,
W4_dense,all,torque_vrmse,kcal/mol,mace_polar_l,10,0.0613326236204827,0.0483408874018662,0.0753495429646562,,,,,,,,,,,
W4_dense,all,torque_vrmse,kcal/mol,mace_polar_l,10,0.0613326236204827,0.0483408874018662,0.0753495429646562,zero,-0.0537196688382317,-0.0697612124973553,-0.0393268805138256,0.1150522924587145,0.4669152408024252,10.0,0.0,0.001953125,-2.08007010874616,
W4_dense,all,torque_vrmse,kcal/mol,mace_polar_l,10,0.0613326236204827,0.0483408874018662,0.0753495429646562,exact_dipole,-2.215684130134195,-5.881519259415013,-0.2384247202956926,2.277016753754678,0.9730644829383234,10.0,0.0,0.001953125,-0.390248072501297,
W4_dense,all,torque_vrmse,kcal/mol,zero,10,0.1150522924587145,0.0916175330821842,0.1384186663055836,,,,,,,,,,,
W4_dense,all,torque_vrmse,kcal/mol,zero,10,0.1150522924587145,0.0916175330821842,0.1384186663055836,mace_polar_l,0.0537196688382317,0.0393268805138256,0.0697612124973552,0.0613326236204827,-0.875874300937151,0.0,0.0,0.001953125,2.08007010874616,
W4_dense,all,torque_vrmse,kcal/mol,zero,10,0.1150522924587145,0.0916175330821842,0.1384186663055836,exact_dipole,-2.161964461295963,-5.839584699674186,-0.1785574241435591,2.277016753754678,0.9494723557615464,10.0,0.0,0.001953125,-0.3800159061127141,
W4_dense,all,esp_rmse_mEh,mEh/e,exact_dipole,10,1.482336754176932,0.9966185291389718,2.1779856710073977,,,,,,,,,,,
W4_dense,all,esp_rmse_mEh,mEh/e,exact_dipole,10,1.482336754176932,0.9966185291389718,2.1779856710073977,zero,0.6644877110549001,0.1772202355150666,1.427589096093407,0.8178490431220322,-0.8124821036878696,2.0,0.0,0.109375,0.5790197471904702,
W4_dense,all,esp_rmse_mEh,mEh/e,exact_dipole,10,1.482336754176932,0.9966185291389718,2.1779856710073977,mace_polar_l,1.2281314431021353,0.7355078861717258,1.9379231313361551,0.254205311074797,-4.831258001296328,0.0,0.0,0.001953125,1.154824763296123,
W4_dense,all,esp_rmse_mEh,mEh/e,exact_dipole_quadrupole,10,14.469767761592204,2.3349693831370866,35.29767291156086,,,,,,,,,,,
W4_dense,all,esp_rmse_mEh,mEh/e,exact_dipole_quadrupole,10,14.469767761592204,2.3349693831370866,35.29767291156086,zero,13.651918718470174,1.408735428199391,34.58723059399015,0.8178490431220322,-16.692467678822183,1.0,0.0,0.021484375,0.4256792590793191,
W4_dense,all,esp_rmse_mEh,mEh/e,exact_dipole_quadrupole,10,14.469767761592204,2.3349693831370866,35.29767291156086,mace_polar_l,14.215562450517409,2.0492834467775256,35.06730377424791,0.254205311074797,-55.92157925581122,0.0,0.0,0.001953125,0.4450282498001031,
W4_dense,all,esp_rmse_mEh,mEh/e,exact_dipole_quadrupole,10,14.469767761592204,2.3349693831370866,35.29767291156086,exact_dipole,12.987431007415273,1.2141785752782206,33.13653279151918,1.482336754176932,-8.761457860920778,1.0,0.0,0.021484375,0.4197582251009255,
W4_dense,all,esp_rmse_mEh,mEh/e,exact_dipole_quadrupole_octupole,10,226.21118679545924,5.987894736519878,523.3419123316725,,,,,,,,,,,
W4_dense,all,esp_rmse_mEh,mEh/e,exact_dipole_quadrupole_octupole,10,226.21118679545924,5.987894736519878,523.3419123316725,zero,225.3933377523373,4.996593239463032,522.6998515693093,0.8178490431220322,-275.5928366583734,1.0,0.0,0.021484375,0.4693192206408932,
W4_dense,all,esp_rmse_mEh,mEh/e,exact_dipole_quadrupole_octupole,10,226.21118679545924,5.987894736519878,523.3419123316725,mace_polar_l,225.9569814843845,5.704815699051598,523.1376377665978,0.254205311074797,-888.8759268208175,0.0,0.0,0.001953125,0.4706448107123627,
W4_dense,all,esp_rmse_mEh,mEh/e,exact_dipole_quadrupole_octupole,10,226.21118679545924,5.987894736519878,523.3419123316725,exact_dipole,224.7288500412824,4.778737286058716,521.4955583687694,1.482336754176932,-151.60445115324896,1.0,0.0,0.021484375,0.4689629350636378,
W4_dense,all,esp_rmse_mEh,mEh/e,glider,10,0.219362497538096,0.1829094414077111,0.2590814194016314,,,,,,,,,,,
W4_dense,all,esp_rmse_mEh,mEh/e,glider,10,0.219362497538096,0.1829094414077111,0.2590814194016314,zero,-0.5984865455839361,-0.8165779891337701,-0.4171046983859887,0.8178490431220322,0.7317811894714601,10.0,0.0,0.001953125,-1.7662137035210856,
W4_dense,all,esp_rmse_mEh,mEh/e,glider,10,0.219362497538096,0.1829094414077111,0.2590814194016314,mace_polar_l,-0.0348428135367009,-0.0844986906188896,0.0082323664208215,0.254205311074797,0.1370656395390925,6.0,0.0,0.75390625,-0.4394049734406524,
W4_dense,all,esp_rmse_mEh,mEh/e,glider,10,0.219362497538096,0.1829094414077111,0.2590814194016314,exact_dipole,-1.262974256638836,-1.9727306131423168,-0.7685843568412424,1.482336754176932,0.8520157468132825,10.0,0.0,0.001953125,-1.183234236474647,
W4_dense,all,esp_rmse_mEh,mEh/e,mace_polar_l,10,0.254205311074797,0.2057369247345616,0.3031966981998927,,,,,,,,,,,
W4_dense,all,esp_rmse_mEh,mEh/e,mace_polar_l,10,0.254205311074797,0.2057369247345616,0.3031966981998927,zero,-0.5636437320472351,-0.7684457378802036,-0.4009426072620302,0.8178490431220322,0.6891782007784696,10.0,0.0,0.001953125,-1.8077799563966253,
W4_dense,all,esp_rmse_mEh,mEh/e,mace_polar_l,10,0.254205311074797,0.2057369247345616,0.3031966981998927,exact_dipole,-1.2281314431021353,-1.9379231313361576,-0.7355078861717265,1.482336754176932,0.8285104175157927,10.0,0.0,0.001953125,-1.154824763296123,
W4_dense,all,esp_rmse_mEh,mEh/e,zero,10,0.8178490431220322,0.6238611388719346,1.0565814314476565,,,,,,,,,,,
W4_dense,all,esp_rmse_mEh,mEh/e,zero,10,0.8178490431220322,0.6238611388719346,1.0565814314476565,mace_polar_l,0.5636437320472351,0.4009426072620299,0.7684457378802033,0.254205311074797,-2.2172775606619384,0.0,0.0,0.001953125,1.8077799563966253,
W4_dense,all,esp_rmse_mEh,mEh/e,zero,10,0.8178490431220322,0.6238611388719346,1.0565814314476565,exact_dipole,-0.6644877110549001,-1.427589096093407,-0.1772202355150667,1.482336754176932,0.4482704143862754,8.0,0.0,0.109375,-0.5790197471904702,
W4_dense,all,field_vrmse,kcal/mol/e/A,exact_dipole,10,5.361834355753011,0.7538819958029379,13.975508297676951,,,,,,,,,,,
W4_dense,all,field_vrmse,kcal/mol/e/A,exact_dipole,10,5.361834355753011,0.7538819958029379,13.975508297676951,zero,5.080832475017593,0.4375101452347987,13.730783319587935,0.2810018807354179,-18.08113334231217,0.0,0.0,0.001953125,0.3788967132011641,
W4_dense,all,field_vrmse,kcal/mol/e/A,exact_dipole,10,5.361834355753011,0.7538819958029379,13.975508297676951,mace_polar_l,5.21772030371467,0.589875664465075,13.846955354759842,0.1441140520383411,-36.20549300998427,0.0,0.0,0.001953125,0.3899197252744488,
W4_dense,all,field_vrmse,kcal/mol/e/A,exact_dipole_quadrupole,10,184.2148112292149,3.423525761089593,523.4791670849976,,,,,,,,,,,
W4_dense,all,field_vrmse,kcal/mol/e/A,exact_dipole_quadrupole,10,184.2148112292149,3.423525761089593,523.4791670849976,zero,183.9338093484796,3.0889431523590973,523.2238678285322,0.2810018807354179,-654.5643355379018,0.0,0.0,0.001953125,0.3459263948532698,
W4_dense,all,field_vrmse,kcal/mol/e/A,exact_dipole_quadrupole,10,184.2148112292149,3.423525761089593,523.4791670849976,mace_polar_l,184.0706971771766,3.254506542560488,523.3497487683273,0.1441140520383411,-1277.2571069489122,0.0,0.0,0.001953125,0.3462023279635297,
W4_dense,all,field_vrmse,kcal/mol/e/A,exact_dipole_quadrupole,10,184.2148112292149,3.423525761089593,523.4791670849976,exact_dipole,178.85297687346196,2.6338413061819383,509.4974755534584,5.361834355753011,-33.356677026316675,0.0,0.0,0.001953125,0.3450708766934215,
W4_dense,all,field_vrmse,kcal/mol/e/A,exact_dipole_quadrupole_octupole,10,3873.439083354997,13.942485139075838,10280.75415953335,,,,,,,,,,,
W4_dense,all,field_vrmse,kcal/mol/e/A,exact_dipole_quadrupole_octupole,10,3873.439083354997,13.942485139075838,10280.75415953335,zero,3873.1580814742615,13.624175405830927,10280.51365542733,0.2810018807354179,-13783.38846465266,0.0,0.0,0.001953125,0.384984898987141,
W4_dense,all,field_vrmse,kcal/mol/e/A,exact_dipole_quadrupole_octupole,10,3873.439083354997,13.942485139075838,10280.75415953335,mace_polar_l,3873.29496930296,13.77823379877618,10280.632869697843,0.1441140520383411,-26876.59471452845,0.0,0.0,0.001953125,0.3849997539188478,
W4_dense,all,field_vrmse,kcal/mol/e/A,exact_dipole_quadrupole_octupole,10,3873.439083354997,13.942485139075838,10280.75415953335,exact_dipole,3868.077248999244,13.190698319086064,10266.660410871153,5.361834355753011,-721.409314864225,0.0,0.0,0.001953125,0.3849881132592836,
W4_dense,all,field_vrmse,kcal/mol/e/A,glider,10,0.1183686532438162,0.1090201615588641,0.1290976647676049,,,,,,,,,,,
W4_dense,all,field_vrmse,kcal/mol/e/A,glider,10,0.1183686532438162,0.1090201615588641,0.1290976647676049,zero,-0.1626332274916016,-0.2156969818124276,-0.1100297626965009,0.2810018807354179,0.5787620604743627,10.0,0.0,0.001953125,-1.81714350733495,
W4_dense,all,field_vrmse,kcal/mol/e/A,glider,10,0.1183686532438162,0.1090201615588641,0.1290976647676049,mace_polar_l,-0.0257453987945248,-0.0563093604442513,-0.0001991702582017,0.1441140520383411,0.178645998987492,7.0,0.0,0.34375,-0.5345344390606255,
W4_dense,all,field_vrmse,kcal/mol/e/A,glider,10,0.1183686532438162,0.1090201615588641,0.1290976647676049,exact_dipole,-5.243465702509195,-13.860932215801498,-0.6318065972206365,5.361834355753011,0.9779238511691783,10.0,0.0,0.001953125,-0.3919995688931992,
W4_dense,all,field_vrmse,kcal/mol/e/A,mace_polar_l,10,0.1441140520383411,0.1125193571784752,0.1784528169640104,,,,,,,,,,,
W4_dense,all,field_vrmse,kcal/mol/e/A,mace_polar_l,10,0.1441140520383411,0.1125193571784752,0.1784528169640104,zero,-0.1368878286970767,-0.176440522628224,-0.1010325174105136,0.2810018807354179,0.4871420374085176,10.0,0.0,0.001953125,-2.137917961172988,
W4_dense,all,field_vrmse,kcal/mol/e/A,mace_polar_l,10,0.1441140520383411,0.1125193571784752,0.1784528169640104,exact_dipole,-5.21772030371467,-13.846955354759844,-0.589875664465075,5.361834355753011,0.9731222483805914,10.0,0.0,0.001953125,-0.3899197252744488,
W4_dense,all,field_vrmse,kcal/mol/e/A,zero,10,0.2810018807354179,0.2231986747939898,0.3389721966161624,,,,,,,,,,,
W4_dense,all,field_vrmse,kcal/mol/e/A,zero,10,0.2810018807354179,0.2231986747939898,0.3389721966161624,mace_polar_l,0.1368878286970767,0.1010325174105136,0.1764405226282239,0.1441140520383411,-0.949857607644382,0.0,0.0,0.001953125,2.137917961172988,
W4_dense,all,field_vrmse,kcal/mol/e/A,zero,10,0.2810018807354179,0.2231986747939898,0.3389721966161624,exact_dipole,-5.080832475017593,-13.730783319587935,-0.4375101452347987,5.361834355753011,0.94759221152852,10.0,0.0,0.001953125,-0.3788967132011641,
W4_dense,all,force_vrmse,kcal/mol/A,exact_dipole,10,3.699721840248885,0.3236690357102472,9.951209522418097,,,,,,,,,,,
W4_dense,all,force_vrmse,kcal/mol/A,exact_dipole,10,3.699721840248885,0.3236690357102472,9.951209522418097,zero,3.630996806438881,0.2460292271217919,9.89498838317706,0.068725033810004,-52.833685269287294,0.0,0.0,0.001953125,0.3738611040457171,
W4_dense,all,force_vrmse,kcal/mol/A,exact_dipole,10,3.699721840248885,0.3236690357102472,9.951209522418097,mace_polar_l,3.648498382179928,0.2660673105766348,9.910182835911062,0.051223458068958,-71.22710023341733,0.0,0.0,0.001953125,0.3757824529664165,
W4_dense,all,force_vrmse,kcal/mol/A,exact_dipole_quadrupole,10,133.55325007000815,2.043045252014612,378.5457845199526,,,,,,,,,,,
W4_dense,all,force_vrmse,kcal/mol/A,exact_dipole_quadrupole,10,133.55325007000815,2.043045252014612,378.5457845199526,zero,133.48452503619814,1.9619808534669567,378.4890609043781,0.068725033810004,-1942.298426585384,0.0,0.0,0.001953125,0.347664501044567,
W4_dense,all,force_vrmse,kcal/mol/A,exact_dipole_quadrupole,10,133.55325007000815,2.043045252014612,378.5457845199526,mace_polar_l,133.50202661193916,1.980802654410811,378.5047494021314,0.051223458068958,-2606.267355714564,0.0,0.0,0.001953125,0.3477128774981117,
W4_dense,all,force_vrmse,kcal/mol/A,exact_dipole_quadrupole,10,133.55325007000815,2.043045252014612,378.5457845199526,exact_dipole,129.8535282297593,1.7157010327779303,368.6324274241872,3.699721840248885,-35.09818679261137,0.0,0.0,0.001953125,0.346982375943296,
W4_dense,all,force_vrmse,kcal/mol/A,exact_dipole_quadrupole_octupole,10,2797.0205563984537,9.07138645815866,7424.633175495306,,,,,,,,,,,
W4_dense,all,force_vrmse,kcal/mol/A,exact_dipole_quadrupole_octupole,10,2797.0205563984537,9.07138645815866,7424.633175495306,zero,2796.951831364644,8.991284882997654,7424.5758357663235,0.068725033810004,-40697.71488359025,0.0,0.0,0.001953125,0.384879544945202,
W4_dense,all,force_vrmse,kcal/mol/A,exact_dipole_quadrupole_octupole,10,2797.0205563984537,9.07138645815866,7424.633175495306,mace_polar_l,2796.9693329403854,9.010066596108553,7424.59111729203,0.051223458068958,-54603.28994530293,0.0,0.0,0.001953125,0.3848821426685698,
W4_dense,all,force_vrmse,kcal/mol/A,exact_dipole_quadrupole_octupole,10,2797.0205563984537,9.07138645815866,7424.633175495306,exact_dipole,2793.320834558205,8.783712094951067,7414.723370662608,3.699721840248885,-755.0083371592862,0.0,0.0,0.001953125,0.3848900083481079,
W4_dense,all,force_vrmse,kcal/mol/A,glider,10,0.0459262961436767,0.0407457692142418,0.0521538475834103,,,,,,,,,,,
W4_dense,all,force_vrmse,kcal/mol/A,glider,10,0.0459262961436767,0.0407457692142418,0.0521538475834103,zero,-0.0227987376663272,-0.034625368747393,-0.0115794703495339,0.068725033810004,0.3317384714477731,9.0,0.0,0.021484375,-1.1695753340984465,
W4_dense,all,force_vrmse,kcal/mol/A,glider,10,0.0459262961436767,0.0407457692142418,0.0521538475834103,mace_polar_l,-0.0052971619252813,-0.0151215348842897,0.0030770298546368,0.051223458068958,0.1034128136790406,5.0,0.0,1.0,-0.3413949059055189,
W4_dense,all,force_vrmse,kcal/mol/A,glider,10,0.0459262961436767,0.0407457692142418,0.0521538475834103,exact_dipole,-3.653795544105209,-9.909611353740631,-0.2771936352806067,3.699721840248885,0.9875865543068536,10.0,0.0,0.001953125,-0.3764341667485334,
W4_dense,all,force_vrmse,kcal/mol/A,mace_polar_l,10,0.051223458068958,0.0387465553851755,0.065626655511216,,,,,,,,,,,
W4_dense,all,force_vrmse,kcal/mol/A,mace_polar_l,10,0.051223458068958,0.0387465553851755,0.065626655511216,zero,-0.0175015757410459,-0.0216908854951049,-0.0133660093478534,0.068725033810004,0.2546608531242121,10.0,0.0,0.001953125,-2.468590530135376,
W4_dense,all,force_vrmse,kcal/mol/A,mace_polar_l,10,0.051223458068958,0.0387465553851755,0.065626655511216,exact_dipole,-3.648498382179928,-9.910182835911064,-0.2660673105766354,3.699721840248885,0.9861547812833648,10.0,0.0,0.001953125,-0.3757824529664165,
W4_dense,all,force_vrmse,kcal/mol/A,zero,10,0.068725033810004,0.0536796033687513,0.084718652590877,,,,,,,,,,,
W4_dense,all,force_vrmse,kcal/mol/A,zero,10,0.068725033810004,0.0536796033687513,0.084718652590877,mace_polar_l,0.0175015757410459,0.0133660093478534,0.0216908854951049,0.051223458068958,-0.3416711093086486,0.0,0.0,0.001953125,2.468590530135376,
W4_dense,all,force_vrmse,kcal/mol/A,zero,10,0.068725033810004,0.0536796033687513,0.084718652590877,exact_dipole,-3.630996806438881,-9.89498838317706,-0.2460292271217921,3.699721840248885,0.9814242700458312,10.0,0.0,0.001953125,-0.3738611040457171,
W4_dense,region=far,energy_mae,kcal/mol,exact_dipole,10,0.0037858616218322,0.0025468093555228,0.0049859091253832,,,,,,,,,,,
W4_dense,region=far,energy_mae,kcal/mol,exact_dipole,10,0.0037858616218322,0.0025468093555228,0.0049859091253832,zero,-0.0024042585992594,-0.0039507409489426,-0.0013053767412874,0.0061901202210916,0.3884025694795651,10.0,0.0,0.001953125,-1.045530660860494,
W4_dense,region=far,energy_mae,kcal/mol,exact_dipole,10,0.0037858616218322,0.0025468093555228,0.0049859091253832,mace_polar_l,0.0023147958608822,0.0013343237972983,0.0033195281117562,0.0014710657609499,-1.5735502261894028,0.0,0.0,0.001953125,1.372746758573368,
W4_dense,region=far,energy_mae,kcal/mol,exact_dipole_quadrupole,10,0.0020355848526144,0.0012017811402891,0.0028624605361026,,,,,,,,,,,
W4_dense,region=far,energy_mae,kcal/mol,exact_dipole_quadrupole,10,0.0020355848526144,0.0012017811402891,0.0028624605361026,zero,-0.0041545353684771,-0.0059588811619506,-0.0028581920915021,0.0061901202210916,0.6711558451355075,10.0,0.0,0.001953125,-1.5473604123968925,
W4_dense,region=far,energy_mae,kcal/mol,exact_dipole_quadrupole,10,0.0020355848526144,0.0012017811402891,0.0028624605361026,mace_polar_l,0.0005645190916645,-5.87721727358624e-05,0.0012591152865788,0.0014710657609499,-0.383748372540458,3.0,0.0,0.34375,0.5035073352757238,
W4_dense,region=far,energy_mae,kcal/mol,exact_dipole_quadrupole,10,0.0020355848526144,0.0012017811402891,0.0028624605361026,exact_dipole,-0.0017502767692177,-0.0022551323610366,-0.0012373612741657,0.0037858616218322,0.4623192668015877,10.0,0.0,0.001953125,-2.007257362377965,
W4_dense,region=far,energy_mae,kcal/mol,exact_dipole_quadrupole_octupole,10,0.0013717856214213,0.0007246598739464,0.002040906467335,,,,,,,,,,,
W4_dense,region=far,energy_mae,kcal/mol,exact_dipole_quadrupole_octupole,10,0.0013717856214213,0.0007246598739464,0.002040906467335,zero,-0.0048183345996703,-0.0068239778498186,-0.0033708411783639,0.0061901202210916,0.7783911180356063,10.0,0.0,0.001953125,-1.6118747103985172,
W4_dense,region=far,energy_mae,kcal/mol,exact_dipole_quadrupole_octupole,10,0.0013717856214213,0.0007246598739464,0.002040906467335,mace_polar_l,-9.928013952864756e-05,-0.0006201547998991,0.000489145008972,0.0014710657609499,0.0674885801600989,6.0,0.0,0.75390625,-0.104716640202787,
W4_dense,region=far,energy_mae,kcal/mol,exact_dipole_quadrupole_octupole,10,0.0013717856214213,0.0007246598739464,0.002040906467335,exact_dipole,-0.0024140760004109,-0.0031120318797863,-0.0017110860051714,0.0037858616218322,0.6376556360352642,10.0,0.0,0.001953125,-2.017820736337489,
W4_dense,region=far,energy_mae,kcal/mol,glider,10,0.0014080179970473,0.0010488054662361,0.001803353123632,,,,,,,,,,,
W4_dense,region=far,energy_mae,kcal/mol,glider,10,0.0014080179970473,0.0010488054662361,0.001803353123632,zero,-0.0047821022240443,-0.0066710984384277,-0.0032049796900584,0.0061901202210916,0.7725378592406407,10.0,0.0,0.001953125,-1.618533029161285,
W4_dense,region=far,energy_mae,kcal/mol,glider,10,0.0014080179970473,0.0010488054662361,0.001803353123632,mace_polar_l,-6.304776390264799e-05,-0.0003466130158365,0.0001805630304212,0.0014710657609499,0.0428585625308378,4.0,0.0,0.75390625,-0.1388218834325443,
W4_dense,region=far,energy_mae,kcal/mol,glider,10,0.0014080179970473,0.0010488054662361,0.001803353123632,exact_dipole,-0.0023778436247849,-0.003509508823234,-0.0012436568391567,0.0037858616218322,0.628085192304026,8.0,0.0,0.109375,-1.235909636437461,
W4_dense,region=far,energy_mae,kcal/mol,mace_polar_l,10,0.0014710657609499,0.0011246100065608,0.0018371465058726,,,,,,,,,,,
W4_dense,region=far,energy_mae,kcal/mol,mace_polar_l,10,0.0014710657609499,0.0011246100065608,0.0018371465058726,zero,-0.0047190544601416,-0.0066325071308559,-0.0032124717041602,0.0061901202210916,0.762352634777984,10.0,0.0,0.001953125,-1.6144756049182996,
W4_dense,region=far,energy_mae,kcal/mol,mace_polar_l,10,0.0014710657609499,0.0011246100065608,0.0018371465058726,exact_dipole,-0.0023147958608822,-0.0033195281117562,-0.0013343237972983,0.0037858616218322,0.6114317141264123,10.0,0.0,0.001953125,-1.372746758573368,
W4_dense,region=far,energy_mae,kcal/mol,zero,10,0.0061901202210916,0.0044461006803405,0.0083352756274351,,,,,,,,,,,
W4_dense,region=far,energy_mae,kcal/mol,zero,10,0.0061901202210916,0.0044461006803405,0.0083352756274351,mace_polar_l,0.0047190544601416,0.0032124717041602,0.0066325071308559,0.0014710657609499,-3.2079153668115588,0.0,0.0,0.001953125,1.6144756049182996,
W4_dense,region=far,energy_mae,kcal/mol,zero,10,0.0061901202210916,0.0044461006803405,0.0083352756274351,exact_dipole,0.0024042585992594,0.0013053767412874,0.0039507409489426,0.0037858616218322,-0.6350624611830962,0.0,0.0,0.001953125,1.045530660860494,
W4_dense,region=far,energy_rmse,kcal/mol,exact_dipole,10,0.0044010779724066,0.0029487730032019,0.0058074016613268,,,,,,,,,,,
W4_dense,region=far,energy_rmse,kcal/mol,exact_dipole,10,0.0044010779724066,0.0029487730032019,0.0058074016613268,zero,-0.0027305727211139,-0.0045354278502783,-0.001453123295299,0.0071316506935206,0.3828808838877605,10.0,0.0,0.001953125,-1.0135161212474475,
W4_dense,region=far,energy_rmse,kcal/mol,exact_dipole,10,0.0044010779724066,0.0029487730032019,0.0058074016613268,mace_polar_l,0.0027071094119415,0.0015477578646848,0.0038877092758261,0.0016939685604651,-1.598087163552956,0.0,0.0,0.001953125,1.363971318087605,
W4_dense,region=far,energy_rmse,kcal/mol,exact_dipole_quadrupole,10,0.0023358867988802,0.0013717288458407,0.0032983953374314,,,,,,,,,,,
W4_dense,region=far,energy_rmse,kcal/mol,exact_dipole_quadrupole,10,0.0023358867988802,0.0013717288458407,0.0032983953374314,zero,-0.0047957638946403,-0.0069064457650048,-0.0032733236228782,0.0071316506935206,0.6724619727936921,10.0,0.0,0.001953125,-1.5223955002440424,
W4_dense,region=far,energy_rmse,kcal/mol,exact_dipole_quadrupole,10,0.0023358867988802,0.0013717288458407,0.0032983953374314,mace_polar_l,0.0006419182384151,-8.446465346591209e-05,0.0014530511365979,0.0016939685604651,-0.3789434192561871,3.0,0.0,0.34375,0.4893881847684831,
W4_dense,region=far,energy_rmse,kcal/mol,exact_dipole_quadrupole,10,0.0023358867988802,0.0013717288458407,0.0032983953374314,exact_dipole,-0.0020651911735264,-0.002633327315096,-0.0014660736610528,0.0044010779724066,0.4692466678560376,10.0,0.0,0.001953125,-2.069035341490443,
W4_dense,region=far,energy_rmse,kcal/mol,exact_dipole_quadrupole_octupole,10,0.0015834608369143,0.0008360417341037,0.0023580379683268,,,,,,,,,,,
W4_dense,region=far,energy_rmse,kcal/mol,exact_dipole_quadrupole_octupole,10,0.0015834608369143,0.0008360417341037,0.0023580379683268,zero,-0.0055481898566063,-0.0078812269156793,-0.0038618893591132,0.0071316506935206,0.7779671348243483,10.0,0.0,0.001953125,-1.5953797977731794,
W4_dense,region=far,energy_rmse,kcal/mol,exact_dipole_quadrupole_octupole,10,0.0015834608369143,0.0008360417341037,0.0023580379683268,mace_polar_l,-0.0001105077235508,-0.0007141763073893,0.0005700172507795,0.0016939685604651,0.0652359944156593,6.0,0.0,0.75390625,-0.1007250931491332,
W4_dense,region=far,energy_rmse,kcal/mol,exact_dipole_quadrupole_octupole,10,0.0015834608369143,0.0008360417341037,0.0023580379683268,exact_dipole,-0.0028176171354923,-0.0036208155852628,-0.0019893260884313,0.0044010779724066,0.6402106831912349,10.0,0.0,0.001953125,-2.024574258078627,
W4_dense,region=far,energy_rmse,kcal/mol,glider,10,0.0016266803817514,0.0012100298486135,0.0020842842319531,,,,,,,,,,,
W4_dense,region=far,energy_rmse,kcal/mol,glider,10,0.0016266803817514,0.0012100298486135,0.0020842842319531,zero,-0.0055049703117692,-0.0077058179322823,-0.003674805277507,0.0071316506935206,0.7719068906123924,10.0,0.0,0.001953125,-1.606732932094762,
W4_dense,region=far,energy_rmse,kcal/mol,glider,10,0.0016266803817514,0.0012100298486135,0.0020842842319531,mace_polar_l,-6.72881787137041e-05,-0.0003923398046231,0.0002133578541643,0.0016939685604651,0.0397222122559518,4.0,0.0,0.75390625,-0.1289054526478617,
W4_dense,region=far,energy_rmse,kcal/mol,glider,10,0.0016266803817514,0.0012100298486135,0.0020842842319531,exact_dipole,-0.0027743975906552,-0.0041046605267275,-0.0014392307577625,0.0044010779724066,0.6303904652564305,8.0,0.0,0.109375,-1.2264080533321062,
W4_dense,region=far,energy_rmse,kcal/mol,mace_polar_l,10,0.0016939685604651,0.001298619472288,0.0021139412279344,,,,,,,,,,,
W4_dense,region=far,energy_rmse,kcal/mol,mace_polar_l,10,0.0016939685604651,0.001298619472288,0.0021139412279344,zero,-0.0054376821330555,-0.0076562075249643,-0.0036866666494758,0.0071316506935206,0.7624717427615816,10.0,0.0,0.001953125,-1.6013761844555392,
W4_dense,region=far,energy_rmse,kcal/mol,mace_polar_l,10,0.0016939685604651,0.001298619472288,0.0021139412279344,exact_dipole,-0.0027071094119415,-0.0038877092758261,-0.0015477578646848,0.0044010779724066,0.6151014430815045,10.0,0.0,0.001953125,-1.363971318087605,
W4_dense,region=far,energy_rmse,kcal/mol,zero,10,0.0071316506935206,0.0051137277512908,0.0096230293684305,,,,,,,,,,,
W4_dense,region=far,energy_rmse,kcal/mol,zero,10,0.0071316506935206,0.0051137277512908,0.0096230293684305,mace_polar_l,0.0054376821330555,0.0036866666494758,0.0076562075249643,0.0016939685604651,-3.210025416033986,0.0,0.0,0.001953125,1.6013761844555392,
W4_dense,region=far,energy_rmse,kcal/mol,zero,10,0.0071316506935206,0.0051137277512908,0.0096230293684305,exact_dipole,0.0027305727211139,0.001453123295299,0.0045354278502783,0.0044010779724066,-0.6204327072216695,0.0,0.0,0.001953125,1.0135161212474475,
W4_dense,region=far,energy_nrmse,1,exact_dipole,10,0.6516861573068612,0.4824526717599695,0.8142457274275879,,,,,,,,,,,
W4_dense,region=far,energy_nrmse,1,exact_dipole,10,0.6516861573068612,0.4824526717599695,0.8142457274275879,zero,-0.3483138426931388,-0.5175473282400307,-0.185754272572412,1.0,0.3483138426931388,10.0,0.0,0.001953125,-1.231325174851867,
W4_dense,region=far,energy_nrmse,1,exact_dipole,10,0.6516861573068612,0.4824526717599695,0.8142457274275879,mace_polar_l,0.362094812405812,0.2209268995066165,0.4971538755988819,0.2895913449010492,-1.2503647597946568,1.0,0.0,0.021484375,1.5505408473708446,
W4_dense,region=far,energy_nrmse,1,exact_dipole_quadrupole,10,0.2937035951420371,0.1810341717513996,0.4066937836036061,,,,,,,,,,,
W4_dense,region=far,energy_nrmse,1,exact_dipole_quadrupole,10,0.2937035951420371,0.1810341717513996,0.4066937836036061,zero,-0.7062964048579629,-0.8189658282486004,-0.5933062163963939,1.0,0.7062964048579629,10.0,0.0,0.001953125,-3.681576254861269,
W4_dense,region=far,energy_nrmse,1,exact_dipole_quadrupole,10,0.2937035951420371,0.1810341717513996,0.4066937836036061,mace_polar_l,0.0041122502409879,-0.0925623935561538,0.1081737093578325,0.2895913449010492,-0.0142001835116758,7.0,0.0,0.34375,0.0240759757858624,
W4_dense,region=far,energy_nrmse,1,exact_dipole_quadrupole,10,0.2937035951420371,0.1810341717513996,0.4066937836036061,exact_dipole,-0.3579825621648239,-0.4347319461916474,-0.283035626275273,0.6516861573068612,0.5493174254985131,10.0,0.0,0.001953125,-2.7819037719567814,
W4_dense,region=far,energy_nrmse,1,exact_dipole_quadrupole_octupole,10,0.1954185533368612,0.1058606721933554,0.2845116475015852,,,,,,,,,,,
W4_dense,region=far,energy_nrmse,1,exact_dipole_quadrupole_octupole,10,0.1954185533368612,0.1058606721933554,0.2845116475015852,zero,-0.8045814466631386,-0.8941393278066446,-0.7154883524984148,1.0,0.8045814466631387,10.0,0.0,0.001953125,-5.2682387644854805,
W4_dense,region=far,energy_nrmse,1,exact_dipole_quadrupole_octupole,10,0.1954185533368612,0.1058606721933554,0.2845116475015852,mace_polar_l,-0.0941727915641879,-0.1771089874068731,-0.0041572893891021,0.2895913449010492,0.3251920101285001,8.0,0.0,0.109375,-0.6429158039283136,
W4_dense,region=far,energy_nrmse,1,exact_dipole_quadrupole_octupole,10,0.1954185533368612,0.1058606721933554,0.2845116475015852,exact_dipole,-0.4562676039699999,-0.5511273431700124,-0.3614061132759485,0.6516861573068612,0.700133950758687,10.0,0.0,0.001953125,-2.8287332004839185,
W4_dense,region=far,energy_nrmse,1,glider,10,0.2863713428148855,0.2066106198220628,0.3727845359895803,,,,,,,,,,,
W4_dense,region=far,energy_nrmse,1,glider,10,0.2863713428148855,0.2066106198220628,0.3727845359895803,zero,-0.7136286571851145,-0.7933893801779371,-0.6272154640104197,1.0,0.7136286571851145,10.0,0.0,0.001953125,-5.039638086999555,
W4_dense,region=far,energy_nrmse,1,glider,10,0.2863713428148855,0.2066106198220628,0.3727845359895803,mace_polar_l,-0.0032200020861636,-0.0715033595932763,0.0561397026011243,0.2895913449010492,0.0111191240444838,4.0,0.0,0.75390625,-0.0294044836706007,
W4_dense,region=far,energy_nrmse,1,glider,10,0.2863713428148855,0.2066106198220628,0.3727845359895803,exact_dipole,-0.3653148144919756,-0.5347693116004287,-0.186828204031489,0.6516861573068612,0.5605686270852596,8.0,0.0,0.109375,-1.2286966646959874,
W4_dense,region=far,energy_nrmse,1,mace_polar_l,10,0.2895913449010492,0.2288493173860741,0.3597409486650015,,,,,,,,,,,
W4_dense,region=far,energy_nrmse,1,mace_polar_l,10,0.2895913449010492,0.2288493173860741,0.3597409486650015,zero,-0.7104086550989509,-0.7711506826139258,-0.6402590513349985,1.0,0.7104086550989508,10.0,0.0,0.001953125,-6.3508195636746,
W4_dense,region=far,energy_nrmse,1,mace_polar_l,10,0.2895913449010492,0.2288493173860741,0.3597409486650015,exact_dipole,-0.362094812405812,-0.4971538755988819,-0.2209268995066169,0.6516861573068612,0.5556275951942791,9.0,0.0,0.021484375,-1.5505408473708446,
W4_dense,region=far,energy_nrmse,1,zero,10,1.0,1.0,1.0,,,,,,,,,,,
W4_dense,region=far,energy_nrmse,1,zero,10,1.0,1.0,1.0,mace_polar_l,0.7104086550989509,0.6402590513349985,0.7711506826139258,0.2895913449010492,-2.4531418759828307,0.0,0.0,0.001953125,6.3508195636746,
W4_dense,region=far,energy_nrmse,1,zero,10,1.0,1.0,1.0,exact_dipole,0.3483138426931388,0.1857542725724118,0.5175473282400307,0.6516861573068612,-0.5344809595658289,0.0,0.0,0.001953125,1.231325174851867,
W4_dense,region=far,centered_orientation_rmse,kcal/mol,exact_dipole,10,0.0042625586245877,0.0028316924615978,0.0056544253540849,,,,,,,,,,,
W4_dense,region=far,centered_orientation_rmse,kcal/mol,exact_dipole,10,0.0042625586245877,0.0028316924615978,0.0056544253540849,zero,-0.0025770185636125,-0.004353581905438,-0.0013124006819739,0.0068395771882003,0.3767803904689366,10.0,0.0,0.001953125,-0.966451161346062,
W4_dense,region=far,centered_orientation_rmse,kcal/mol,exact_dipole,10,0.0042625586245877,0.0028316924615978,0.0056544253540849,mace_polar_l,0.0026462605876799,0.001508784695117,0.0038128700829278,0.0016162980369077,-1.6372355390239006,0.0,0.0,0.001953125,1.3518725801870273,
W4_dense,region=far,centered_orientation_rmse,kcal/mol,exact_dipole_quadrupole,10,0.0022549712208134,0.0013204874775781,0.0031912010670592,,,,,,,,,,,
W4_dense,region=far,centered_orientation_rmse,kcal/mol,exact_dipole_quadrupole,10,0.0022549712208134,0.0013204874775781,0.0031912010670592,zero,-0.0045846059673868,-0.006639485663168,-0.0031002012714847,0.0068395771882003,0.6703054649776083,10.0,0.0,0.001953125,-1.492728039348943,
W4_dense,region=far,centered_orientation_rmse,kcal/mol,exact_dipole_quadrupole,10,0.0022549712208134,0.0013204874775781,0.0031912010670592,mace_polar_l,0.0006386731839056,-5.9811987829784186e-05,0.0014232804399929,0.0016162980369077,-0.395145678161902,3.0,0.0,0.34375,0.5046453914670201,
W4_dense,region=far,centered_orientation_rmse,kcal/mol,exact_dipole_quadrupole,10,0.0022549712208134,0.0013204874775781,0.0031912010670592,exact_dipole,-0.0020075874037743,-0.0025795433491902,-0.001408350865246,0.0042625586245877,0.4709817695395245,10.0,0.0,0.001953125,-2.0095765873799154,
W4_dense,region=far,centered_orientation_rmse,kcal/mol,exact_dipole_quadrupole_octupole,10,0.0015236149734065,0.0008047150283563,0.0022679486144132,,,,,,,,,,,
W4_dense,region=far,centered_orientation_rmse,kcal/mol,exact_dipole_quadrupole_octupole,10,0.0015236149734065,0.0008047150283563,0.0022679486144132,zero,-0.0053159622147937,-0.0075917071973417,-0.0036869947928781,0.0068395771882003,0.7772355027975788,10.0,0.0,0.001953125,-1.5686686693085985,
W4_dense,region=far,centered_orientation_rmse,kcal/mol,exact_dipole_quadrupole_octupole,10,0.0015236149734065,0.0008047150283563,0.0022679486144132,mace_polar_l,-9.268306350118956e-05,-0.0006666974249359,0.0005531584382125,0.0016162980369077,0.0573428052158659,6.0,0.0,0.75390625,-0.0888537336663875,
W4_dense,region=far,centered_orientation_rmse,kcal/mol,exact_dipole_quadrupole_octupole,10,0.0015236149734065,0.0008047150283563,0.0022679486144132,exact_dipole,-0.0027389436511811,-0.0035279685339683,-0.0019226042109402,0.0042625586245877,0.6425585880231872,10.0,0.0,0.001953125,-1.9961888214410533,
W4_dense,region=far,centered_orientation_rmse,kcal/mol,glider,10,0.0015574928036432,0.0011564171130264,0.001996984535118,,,,,,,,,,,
W4_dense,region=far,centered_orientation_rmse,kcal/mol,glider,10,0.0015574928036432,0.0011564171130264,0.001996984535118,zero,-0.0052820843845571,-0.0074359845572399,-0.0034952797650643,0.0068395771882003,0.772282297459819,10.0,0.0,0.001953125,-1.576378666310695,
W4_dense,region=far,centered_orientation_rmse,kcal/mol,glider,10,0.0015574928036432,0.0011564171130264,0.001996984535118,mace_polar_l,-5.8805233264575614e-05,-0.0003655414395186,0.0002061388805467,0.0016162980369077,0.0363826670092842,4.0,0.0,0.75390625,-0.1195581679424054,
W4_dense,region=far,centered_orientation_rmse,kcal/mol,glider,10,0.0015574928036432,0.0011564171130264,0.001996984535118,exact_dipole,-0.0027050658209445,-0.0040165490819024,-0.0013995225866293,0.0042625586245877,0.6346108192719973,8.0,0.0,0.109375,-1.2179733880748609,
W4_dense,region=far,centered_orientation_rmse,kcal/mol,mace_polar_l,10,0.0016162980369077,0.0012345003691331,0.0020183247609807,,,,,,,,,,,
W4_dense,region=far,centered_orientation_rmse,kcal/mol,mace_polar_l,10,0.0016162980369077,0.0012345003691331,0.0020183247609807,zero,-0.0052232791512925,-0.0073814082366586,-0.0035073221748715,0.0068395771882003,0.7636845096658561,10.0,0.0,0.001953125,-1.5732737386657332,
W4_dense,region=far,centered_orientation_rmse,kcal/mol,mace_polar_l,10,0.0016162980369077,0.0012345003691331,0.0020183247609807,exact_dipole,-0.0026462605876799,-0.0038128700829278,-0.001508784695117,0.0042625586245877,0.6208150598599463,10.0,0.0,0.001953125,-1.3518725801870273,
W4_dense,region=far,centered_orientation_rmse,kcal/mol,zero,10,0.0068395771882003,0.0048712777444228,0.0092748572456792,,,,,,,,,,,
W4_dense,region=far,centered_orientation_rmse,kcal/mol,zero,10,0.0068395771882003,0.0048712777444228,0.0092748572456792,mace_polar_l,0.0052232791512925,0.0035073221748715,0.0073814082366586,0.0016162980369077,-3.231631191785296,0.0,0.0,0.001953125,1.5732737386657332,
W4_dense,region=far,centered_orientation_rmse,kcal/mol,zero,10,0.0068395771882003,0.0048712777444228,0.0092748572456792,exact_dipole,0.0025770185636125,0.0013124006819739,0.004353581905438,0.0042625586245877,-0.6045708201518918,0.0,0.0,0.001953125,0.966451161346062,
W4_dense,region=far,centered_orientation_nrmse,1,exact_dipole,10,0.662070711802349,0.4875010035936407,0.8302077120990805,,,,,,,,,,,
W4_dense,region=far,centered_orientation_nrmse,1,exact_dipole,10,0.662070711802349,0.4875010035936407,0.8302077120990805,zero,-0.3379292881976511,-0.5124989964063593,-0.1697922879009195,1.0,0.337929288197651,9.0,0.0,0.021484375,-1.157144643180959,
W4_dense,region=far,centered_orientation_nrmse,1,exact_dipole,10,0.662070711802349,0.4875010035936407,0.8302077120990805,mace_polar_l,0.3694362308842734,0.2266108620014783,0.5059107091709285,0.2926344809180755,-1.2624494206056975,1.0,0.0,0.021484375,1.5618165518157578,
W4_dense,region=far,centered_orientation_nrmse,1,exact_dipole_quadrupole,10,0.2968673844816646,0.1826044039365397,0.4110331316050614,,,,,,,,,,,
W4_dense,region=far,centered_orientation_nrmse,1,exact_dipole_quadrupole,10,0.2968673844816646,0.1826044039365397,0.4110331316050614,zero,-0.7031326155183354,-0.8173955960634604,-0.5889668683949385,1.0,0.7031326155183353,10.0,0.0,0.001953125,-3.622558647204409,
W4_dense,region=far,centered_orientation_nrmse,1,exact_dipole_quadrupole,10,0.2968673844816646,0.1826044039365397,0.4110331316050614,mace_polar_l,0.0042329035635891,-0.0937839155600376,0.1096535056285441,0.2926344809180755,-0.0144648147761308,7.0,0.0,0.34375,0.0244830210028144,
W4_dense,region=far,centered_orientation_nrmse,1,exact_dipole_quadrupole,10,0.2968673844816646,0.1826044039365397,0.4110331316050614,exact_dipole,-0.3652033273206842,-0.4503950349081066,-0.2840595505961529,0.662070711802349,0.5516077373767141,10.0,0.0,0.001953125,-2.596143768282962,
W4_dense,region=far,centered_orientation_nrmse,1,exact_dipole_quadrupole_octupole,10,0.1960869580626374,0.1067775143840766,0.2850211448567541,,,,,,,,,,,
W4_dense,region=far,centered_orientation_nrmse,1,exact_dipole_quadrupole_octupole,10,0.1960869580626374,0.1067775143840766,0.2850211448567541,zero,-0.8039130419373626,-0.8932224856159235,-0.7149788551432458,1.0,0.8039130419373626,10.0,0.0,0.001953125,-5.27348799716691,
W4_dense,region=far,centered_orientation_nrmse,1,exact_dipole_quadrupole_octupole,10,0.1960869580626374,0.1067775143840766,0.2850211448567541,mace_polar_l,-0.096547522855438,-0.1810756254675838,-0.0056015692779845,0.2926344809180755,0.3299253134919087,8.0,0.0,0.109375,-0.6518490064195551,
W4_dense,region=far,centered_orientation_nrmse,1,exact_dipole_quadrupole_octupole,10,0.1960869580626374,0.1067775143840766,0.2850211448567541,exact_dipole,-0.4659837537397114,-0.5691107956245601,-0.3656782507215782,0.662070711802349,0.7038277716154642,10.0,0.0,0.001953125,-2.686198003905138,
W4_dense,region=far,centered_orientation_nrmse,1,glider,10,0.2891369968905644,0.2082550208269832,0.3785187943744101,,,,,,,,,,,
W4_dense,region=far,centered_orientation_nrmse,1,glider,10,0.2891369968905644,0.2082550208269832,0.3785187943744101,zero,-0.7108630031094357,-0.7917449791730167,-0.6214812056255898,1.0,0.7108630031094356,10.0,0.0,0.001953125,-4.895433414376329,
W4_dense,region=far,centered_orientation_nrmse,1,glider,10,0.2891369968905644,0.2082550208269832,0.3785187943744101,mace_polar_l,-0.0034974840275111,-0.0734479882222757,0.0567943364846183,0.2926344809180755,0.0119517153841153,4.0,0.0,0.75390625,-0.0313642389117834,
W4_dense,region=far,centered_orientation_nrmse,1,glider,10,0.2891369968905644,0.2082550208269832,0.3785187943744101,exact_dipole,-0.3729337149117845,-0.5436915964594923,-0.1939839883536994,0.662070711802349,0.563283812837077,8.0,0.0,0.109375,-1.2483117010933862,
W4_dense,region=far,centered_orientation_nrmse,1,mace_polar_l,10,0.2926344809180755,0.229581554595628,0.3650816986877142,,,,,,,,,,,
W4_dense,region=far,centered_orientation_nrmse,1,mace_polar_l,10,0.2926344809180755,0.229581554595628,0.3650816986877142,zero,-0.7073655190819246,-0.770418445404372,-0.6349183013122858,1.0,0.7073655190819245,10.0,0.0,0.001953125,-6.109782623587051,
W4_dense,region=far,centered_orientation_nrmse,1,mace_polar_l,10,0.2926344809180755,0.229581554595628,0.3650816986877142,exact_dipole,-0.3694362308842734,-0.5059107091709286,-0.2266108620014787,0.662070711802349,0.5580011686041217,9.0,0.0,0.021484375,-1.5618165518157578,
W4_dense,region=far,centered_orientation_nrmse,1,zero,10,1.0,1.0,1.0,,,,,,,,,,,
W4_dense,region=far,centered_orientation_nrmse,1,zero,10,1.0,1.0,1.0,mace_polar_l,0.7073655190819246,0.6349183013122858,0.770418445404372,0.2926344809180755,-2.417232299019318,0.0,0.0,0.001953125,6.109782623587051,
W4_dense,region=far,centered_orientation_nrmse,1,zero,10,1.0,1.0,1.0,exact_dipole,0.3379292881976511,0.1697922879009194,0.512498996406359,0.662070711802349,-0.5104126827747888,1.0,0.0,0.021484375,1.157144643180959,
W4_dense,region=far,torque_vrmse,kcal/mol,exact_dipole,10,0.0062884212511111,0.0041966190629738,0.0083369633757239,,,,,,,,,,,
W4_dense,region=far,torque_vrmse,kcal/mol,exact_dipole,10,0.0062884212511111,0.0041966190629738,0.0083369633757239,zero,-0.0038023808528653,-0.0063753534087314,-0.0019763168295894,0.0100908021039764,0.3768165120755783,10.0,0.0,0.001953125,-0.9899090039632036,
W4_dense,region=far,torque_vrmse,kcal/mol,exact_dipole,10,0.0062884212511111,0.0041966190629738,0.0083369633757239,mace_polar_l,0.0038640035348552,0.0021956214119771,0.0055586603419464,0.0024244177162558,-1.5937862147050543,0.0,0.0,0.001953125,1.3523375952848598,
W4_dense,region=far,torque_vrmse,kcal/mol,exact_dipole_quadrupole,10,0.0033985445556242,0.0019574673599745,0.0048782701558981,,,,,,,,,,,
W4_dense,region=far,torque_vrmse,kcal/mol,exact_dipole_quadrupole,10,0.0033985445556242,0.0019574673599745,0.0048782701558981,zero,-0.0066922575483522,-0.0097634711946923,-0.0044930433671152,0.0100908021039764,0.66320372547144,10.0,0.0,0.001953125,-1.4566186767420586,
W4_dense,region=far,torque_vrmse,kcal/mol,exact_dipole_quadrupole,10,0.0033985445556242,0.0019574673599745,0.0048782701558981,mace_polar_l,0.0009741268393683,-0.0001441867797884,0.0022587445278828,0.0024244177162558,-0.4017982680281533,3.0,0.0,0.34375,0.4749796651977321,
W4_dense,region=far,torque_vrmse,kcal/mol,exact_dipole_quadrupole,10,0.0033985445556242,0.0019574673599745,0.0048782701558981,exact_dipole,-0.0028898766954869,-0.00370711326808,-0.0020547253766215,0.0062884212511111,0.4595552015501959,10.0,0.0,0.001953125,-2.0382869622706785,
W4_dense,region=far,torque_vrmse,kcal/mol,exact_dipole_quadrupole_octupole,10,0.002366886044444,0.0012419715654017,0.0035242688236905,,,,,,,,,,,
W4_dense,region=far,torque_vrmse,kcal/mol,exact_dipole_quadrupole_octupole,10,0.002366886044444,0.0012419715654017,0.0035242688236905,zero,-0.0077239160595323,-0.0110612367782701,-0.0053501227132384,0.0100908021039764,0.7654412384609773,10.0,0.0,0.001953125,-1.5519509788728474,
W4_dense,region=far,torque_vrmse,kcal/mol,exact_dipole_quadrupole_octupole,10,0.002366886044444,0.0012419715654017,0.0035242688236905,mace_polar_l,-5.753167181177066e-05,-0.0009485507874127,0.0009484127346856,0.0024244177162558,0.0237300987474303,6.0,0.0,0.75390625,-0.0355268522646348,
W4_dense,region=far,torque_vrmse,kcal/mol,exact_dipole_quadrupole_octupole,10,0.002366886044444,0.0012419715654017,0.0035242688236905,exact_dipole,-0.003921535206667,-0.0050411607342199,-0.0027814923897997,0.0062884212511111,0.6236120402993259,10.0,0.0,0.001953125,-2.042787521020109,
W4_dense,region=far,torque_vrmse,kcal/mol,glider,10,0.0023237813648413,0.0017323835341627,0.002980890804934,,,,,,,,,,,
W4_dense,region=far,torque_vrmse,kcal/mol,glider,10,0.0023237813648413,0.0017323835341627,0.002980890804934,zero,-0.0077670207391351,-0.010933239394817,-0.0051400200020021,0.0100908021039764,0.7697129186662383,10.0,0.0,0.001953125,-1.5764200204100658,
W4_dense,region=far,torque_vrmse,kcal/mol,glider,10,0.0023237813648413,0.0017323835341627,0.002980890804934,mace_polar_l,-0.0001006363514145,-0.0005584652233783,0.0003003631778438,0.0024244177162558,0.0415094934918848,4.0,0.0,0.75390625,-0.1363949956339504,
W4_dense,region=far,torque_vrmse,kcal/mol,glider,10,0.0023237813648413,0.0017323835341627,0.002980890804934,exact_dipole,-0.0039646398862698,-0.0058726824411523,-0.0020501657909489,0.0062884212511111,0.6304666510007235,8.0,0.0,0.109375,-1.2205693814242615,
W4_dense,region=far,torque_vrmse,kcal/mol,mace_polar_l,10,0.0024244177162558,0.001859064187414,0.0030250597806426,,,,,,,,,,,
W4_dense,region=far,torque_vrmse,kcal/mol,mace_polar_l,10,0.0024244177162558,0.001859064187414,0.0030250597806426,zero,-0.0076663843877205,-0.0108645852925491,-0.0051673565193719,0.0100908021039764,0.7597398411667919,10.0,0.0,0.001953125,-1.567421562793783,
W4_dense,region=far,torque_vrmse,kcal/mol,mace_polar_l,10,0.0024244177162558,0.001859064187414,0.0030250597806426,exact_dipole,-0.0038640035348552,-0.0055586603419464,-0.0021956214119771,0.0062884212511111,0.6144632143039929,10.0,0.0,0.001953125,-1.3523375952848598,
W4_dense,region=far,torque_vrmse,kcal/mol,zero,10,0.0100908021039764,0.0072161674000627,0.0136800566230299,,,,,,,,,,,
W4_dense,region=far,torque_vrmse,kcal/mol,zero,10,0.0100908021039764,0.0072161674000627,0.0136800566230299,mace_polar_l,0.0076663843877205,0.0051673565193719,0.0108645852925491,0.0024244177162558,-3.162154910978037,0.0,0.0,0.001953125,1.567421562793783,
W4_dense,region=far,torque_vrmse,kcal/mol,zero,10,0.0100908021039764,0.0072161674000627,0.0136800566230299,exact_dipole,0.0038023808528653,0.0019763168295894,0.0063753534087314,0.0062884212511111,-0.6046638259473232,0.0,0.0,0.001953125,0.9899090039632036,
W4_dense,region=far,esp_rmse_mEh,mEh/e,exact_dipole,10,0.0807641154708164,0.0521852892156337,0.1090966408862247,,,,,,,,,,,
W4_dense,region=far,esp_rmse_mEh,mEh/e,exact_dipole,10,0.0807641154708164,0.0521852892156337,0.1090966408862247,zero,-0.108780381123944,-0.1702750585807587,-0.0642397570231864,0.1895444965947605,0.5739041917767347,10.0,0.0,0.001953125,-1.1826113381959544,
W4_dense,region=far,esp_rmse_mEh,mEh/e,exact_dipole,10,0.0807641154708164,0.0521852892156337,0.1090966408862247,mace_polar_l,0.0358964561069486,0.0154059401920981,0.0584868385482641,0.0448676593638677,-0.8000518996508272,2.0,0.0,0.109375,0.9781241007475836,
W4_dense,region=far,esp_rmse_mEh,mEh/e,exact_dipole_quadrupole,10,0.0294734372481794,0.0171319364719545,0.0421042495418778,,,,,,,,,,,
W4_dense,region=far,esp_rmse_mEh,mEh/e,exact_dipole_quadrupole,10,0.0294734372481794,0.0171319364719545,0.0421042495418778,zero,-0.160071059346581,-0.2308141622319789,-0.108971935848223,0.1895444965947605,0.8445038617439122,10.0,0.0,0.001953125,-1.5106016871672086,
W4_dense,region=far,esp_rmse_mEh,mEh/e,exact_dipole_quadrupole,10,0.0294734372481794,0.0171319364719545,0.0421042495418778,mace_polar_l,-0.0153942221156883,-0.0269508362158352,-0.0027665070393327,0.0448676593638677,0.3431028570232354,8.0,0.0,0.109375,-0.7420212772395506,
W4_dense,region=far,esp_rmse_mEh,mEh/e,exact_dipole_quadrupole,10,0.0294734372481794,0.0171319364719545,0.0421042495418778,exact_dipole,-0.051290678222637,-0.0682221561818366,-0.0341910368700879,0.0807641154708164,0.635067664935556,10.0,0.0,0.001953125,-1.7703581371948396,
W4_dense,region=far,esp_rmse_mEh,mEh/e,exact_dipole_quadrupole_octupole,10,0.0178983967842618,0.0090855310455535,0.0272632620312038,,,,,,,,,,,
W4_dense,region=far,esp_rmse_mEh,mEh/e,exact_dipole_quadrupole_octupole,10,0.0178983967842618,0.0090855310455535,0.0272632620312038,zero,-0.1716460998104986,-0.2450001372419941,-0.1176748901704236,0.1895444965947605,0.9055715301377067,10.0,0.0,0.001953125,-1.5532875151406156,
W4_dense,region=far,esp_rmse_mEh,mEh/e,exact_dipole_quadrupole_octupole,10,0.0178983967842618,0.0090855310455535,0.0272632620312038,mace_polar_l,-0.0269692625796059,-0.0396781188677234,-0.0151143420390044,0.0448676593638677,0.6010846779612586,9.0,0.0,0.021484375,-1.2837886447935896,
W4_dense,region=far,esp_rmse_mEh,mEh/e,exact_dipole_quadrupole_octupole,10,0.0178983967842618,0.0090855310455535,0.0272632620312038,exact_dipole,-0.0628657186865545,-0.0835268799442675,-0.0418568683783144,0.0807641154708164,0.7783867664503881,10.0,0.0,0.001953125,-1.768758859650643,
W4_dense,region=far,esp_rmse_mEh,mEh/e,glider,10,0.0440119380106433,0.0303554814612213,0.0596452569212441,,,,,,,,,,,
W4_dense,region=far,esp_rmse_mEh,mEh/e,glider,10,0.0440119380106433,0.0303554814612213,0.0596452569212441,zero,-0.1455325585841172,-0.210161772899143,-0.0934478199803859,0.1895444965947605,0.7678015516074873,10.0,0.0,0.001953125,-1.4582096680533387,
W4_dense,region=far,esp_rmse_mEh,mEh/e,glider,10,0.0440119380106433,0.0303554814612213,0.0596452569212441,mace_polar_l,-0.0008557213532244,-0.0119528237768636,0.0089093218623122,0.0448676593638677,0.0190721193250744,4.0,0.0,0.75390625,-0.0478036351795544,
W4_dense,region=far,esp_rmse_mEh,mEh/e,glider,10,0.0440119380106433,0.0303554814612213,0.0596452569212441,exact_dipole,-0.0367521774601731,-0.0658407266742438,-0.0095856630388796,0.0807641154708164,0.4550557787443766,7.0,0.0,0.34375,-0.764847269465728,
W4_dense,region=far,esp_rmse_mEh,mEh/e,mace_polar_l,10,0.0448676593638677,0.032139421911923,0.0589228077092269,,,,,,,,,,,
W4_dense,region=far,esp_rmse_mEh,mEh/e,mace_polar_l,10,0.0448676593638677,0.032139421911923,0.0589228077092269,zero,-0.1446768372308927,-0.2120635189507084,-0.0924805941200047,0.1895444965947605,0.7632869317235136,10.0,0.0,0.001953125,-1.407372927737012,
W4_dense,region=far,esp_rmse_mEh,mEh/e,mace_polar_l,10,0.0448676593638677,0.032139421911923,0.0589228077092269,exact_dipole,-0.0358964561069486,-0.0584868385482641,-0.0154059401920981,0.0807641154708164,0.4444604623933458,8.0,0.0,0.109375,-0.9781241007475836,
W4_dense,region=far,esp_rmse_mEh,mEh/e,zero,10,0.1895444965947605,0.1320055933372811,0.2643307868913334,,,,,,,,,,,
W4_dense,region=far,esp_rmse_mEh,mEh/e,zero,10,0.1895444965947605,0.1320055933372811,0.2643307868913334,mace_polar_l,0.1446768372308927,0.0924805941200046,0.2120635189507083,0.0448676593638677,-3.224523839266773,0.0,0.0,0.001953125,1.407372927737012,
W4_dense,region=far,esp_rmse_mEh,mEh/e,zero,10,0.1895444965947605,0.1320055933372811,0.2643307868913334,exact_dipole,0.108780381123944,0.0642397570231863,0.1702750585807587,0.0807641154708164,-1.3468900202745506,0.0,0.0,0.001953125,1.1826113381959544,
W4_dense,region=far,field_vrmse,kcal/mol/e/A,exact_dipole,10,0.0157384164320754,0.0105214964156651,0.020828017489364,,,,,,,,,,,
W4_dense,region=far,field_vrmse,kcal/mol/e/A,exact_dipole,10,0.0157384164320754,0.0105214964156651,0.020828017489364,zero,-0.0096118053289613,-0.0160763889607319,-0.0050374527563215,0.0253502217610367,0.3791606014166969,10.0,0.0,0.001953125,-0.9963448634701328,
W4_dense,region=far,field_vrmse,kcal/mol/e/A,exact_dipole,10,0.0157384164320754,0.0105214964156651,0.020828017489364,mace_polar_l,0.0096733693419563,0.0055094741743428,0.0139195592365596,0.0060650470901191,-1.5949372194843607,0.0,0.0,0.001953125,1.3534283294125502,
W4_dense,region=far,field_vrmse,kcal/mol/e/A,exact_dipole_quadrupole,10,0.0084778690638987,0.0049254315375265,0.0120763112192836,,,,,,,,,,,
W4_dense,region=far,field_vrmse,kcal/mol/e/A,exact_dipole_quadrupole,10,0.0084778690638987,0.0049254315375265,0.0120763112192836,zero,-0.016872352697138,-0.0244917361259344,-0.0114118975101394,0.0253502217610367,0.6655702208913525,10.0,0.0,0.001953125,-1.4807470454856828,
W4_dense,region=far,field_vrmse,kcal/mol/e/A,exact_dipole_quadrupole,10,0.0084778690638987,0.0049254315375265,0.0120763112192836,mace_polar_l,0.0024128219737796,-0.0003139192580533,0.0054990034070282,0.0060650470901191,-0.3978241121508323,3.0,0.0,0.34375,0.486311574147379,
W4_dense,region=far,field_vrmse,kcal/mol/e/A,exact_dipole_quadrupole,10,0.0084778690638987,0.0049254315375265,0.0120763112192836,exact_dipole,-0.0072605473681766,-0.0092748108956565,-0.0051747293790442,0.0157384164320754,0.461326423755025,10.0,0.0,0.001953125,-2.059736005009299,
W4_dense,region=far,field_vrmse,kcal/mol/e/A,exact_dipole_quadrupole_octupole,10,0.0058247744701402,0.003060075709213,0.0086717951132997,,,,,,,,,,,
W4_dense,region=far,field_vrmse,kcal/mol/e/A,exact_dipole_quadrupole_octupole,10,0.0058247744701402,0.003060075709213,0.0086717951132997,zero,-0.0195254472908965,-0.0278811503979332,-0.0135591048710715,0.0253502217610367,0.7702278692057476,10.0,0.0,0.001953125,-1.5682717793980483,
W4_dense,region=far,field_vrmse,kcal/mol/e/A,exact_dipole_quadrupole_octupole,10,0.0058247744701402,0.003060075709213,0.0086717951132997,mace_polar_l,-0.0002402726199788,-0.0024391396594078,0.0022362670121967,0.0060650470901191,0.0396159529198577,6.0,0.0,0.75390625,-0.0601775206957387,
W4_dense,region=far,field_vrmse,kcal/mol/e/A,exact_dipole_quadrupole_octupole,10,0.0058247744701402,0.003060075709213,0.0086717951132997,exact_dipole,-0.0099136419619351,-0.01272318366979,-0.0070346694166271,0.0157384164320754,0.6299008546838833,10.0,0.0,0.001953125,-2.042191307786529,
W4_dense,region=far,field_vrmse,kcal/mol/e/A,glider,10,0.0058154186098513,0.0043325505935602,0.0074547519546413,,,,,,,,,,,
W4_dense,region=far,field_vrmse,kcal/mol/e/A,glider,10,0.0058154186098513,0.0043325505935602,0.0074547519546413,zero,-0.0195348031511854,-0.0274687795712491,-0.0129893488340568,0.0253502217610367,0.7705969334442028,10.0,0.0,0.001953125,-1.5873860478570982,
W4_dense,region=far,field_vrmse,kcal/mol/e/A,glider,10,0.0058154186098513,0.0043325505935602,0.0074547519546413,mace_polar_l,-0.0002496284802677,-0.0013958834954355,0.0007493243737735,0.0060650470901191,0.0411585395065552,4.0,0.0,0.75390625,-0.1354179478203827,
W4_dense,region=far,field_vrmse,kcal/mol/e/A,glider,10,0.0058154186098513,0.0043325505935602,0.0074547519546413,exact_dipole,-0.009922997822224,-0.014711701325606,-0.0051262527986244,0.0157384164320754,0.6304953147637322,8.0,0.0,0.109375,-1.221891005785842,
W4_dense,region=far,field_vrmse,kcal/mol/e/A,mace_polar_l,10,0.0060650470901191,0.0046576085461577,0.0075580265871709,,,,,,,,,,,
W4_dense,region=far,field_vrmse,kcal/mol/e/A,mace_polar_l,10,0.0060650470901191,0.0046576085461577,0.0075580265871709,zero,-0.0192851746709176,-0.0272726598129314,-0.0130100708185957,0.0253502217610367,0.760749742259017,10.0,0.0,0.001953125,-1.5792145573122125,
W4_dense,region=far,field_vrmse,kcal/mol/e/A,mace_polar_l,10,0.0060650470901191,0.0046576085461577,0.0075580265871709,exact_dipole,-0.0096733693419563,-0.0139195592365596,-0.0055094741743428,0.0157384164320754,0.6146342221725465,10.0,0.0,0.001953125,-1.3534283294125502,
W4_dense,region=far,field_vrmse,kcal/mol/e/A,zero,10,0.0253502217610367,0.0181339864086853,0.0343129845289386,,,,,,,,,,,
W4_dense,region=far,field_vrmse,kcal/mol/e/A,zero,10,0.0253502217610367,0.0181339864086853,0.0343129845289386,mace_polar_l,0.0192851746709176,0.0130100708185957,0.0272726598129314,0.0060650470901191,-3.1797238148960307,0.0,0.0,0.001953125,1.5792145573122125,
W4_dense,region=far,field_vrmse,kcal/mol/e/A,zero,10,0.0253502217610367,0.0181339864086853,0.0343129845289386,exact_dipole,0.0096118053289613,0.0050374527563215,0.0160763889607319,0.0157384164320754,-0.6107225190313399,0.0,0.0,0.001953125,0.9963448634701328,
W4_dense,region=far,force_vrmse,kcal/mol/A,exact_dipole,10,0.0017146866347281,0.0011784446975821,0.0022339904928035,,,,,,,,,,,
W4_dense,region=far,force_vrmse,kcal/mol/A,exact_dipole,10,0.0017146866347281,0.0011784446975821,0.0022339904928035,zero,-0.0004867873906783,-0.000856679461657,-0.0001784988720697,0.0022014740254065,0.2211188435841291,9.0,0.0,0.021484375,-0.8466228320596034,
W4_dense,region=far,force_vrmse,kcal/mol/A,exact_dipole,10,0.0017146866347281,0.0011784446975821,0.0022339904928035,mace_polar_l,0.0011515194756523,0.0006903128276402,0.0016127830564235,0.0005631671590758,-2.04472057202706,0.0,0.0,0.001953125,1.4688214060606852,
W4_dense,region=far,force_vrmse,kcal/mol/A,exact_dipole_quadrupole,10,0.0012051792663809,0.0007166195661545,0.0016958510481971,,,,,,,,,,,
W4_dense,region=far,force_vrmse,kcal/mol/A,exact_dipole_quadrupole,10,0.0012051792663809,0.0007166195661545,0.0016958510481971,zero,-0.0009962947590255,-0.0014871791311321,-0.0005762478053908,0.0022014740254065,0.4525580349927667,10.0,0.0,0.001953125,-1.282092193778784,
W4_dense,region=far,force_vrmse,kcal/mol/A,exact_dipole_quadrupole,10,0.0012051792663809,0.0007166195661545,0.0016958510481971,mace_polar_l,0.0006420121073051,0.0002142608092691,0.0010909734722457,0.0005631671590758,-1.140002745115169,2.0,0.0,0.109375,0.8599976604924141,
W4_dense,region=far,force_vrmse,kcal/mol/A,exact_dipole_quadrupole,10,0.0012051792663809,0.0007166195661545,0.0016958510481971,exact_dipole,-0.0005095073683472,-0.0006799573624635,-0.0003497665090274,0.0017146866347281,0.2971431385933598,10.0,0.0,0.001953125,-1.821885228924989,
W4_dense,region=far,force_vrmse,kcal/mol/A,exact_dipole_quadrupole_octupole,10,0.0009552094323985,0.0005101667311568,0.0014133057418376,,,,,,,,,,,
W4_dense,region=far,force_vrmse,kcal/mol/A,exact_dipole_quadrupole_octupole,10,0.0009552094323985,0.0005101667311568,0.0014133057418376,zero,-0.0012462645930079,-0.0018160771290926,-0.0007868294701039,0.0022014740254065,0.5661046092868822,10.0,0.0,0.001953125,-1.4135888142661566,
W4_dense,region=far,force_vrmse,kcal/mol/A,exact_dipole_quadrupole_octupole,10,0.0009552094323985,0.0005101667311568,0.0014133057418376,mace_polar_l,0.0003920422733227,-1.5762528374850055e-06,0.0008153134955096,0.0005631671590758,-0.6961383791734381,3.0,0.0,0.34375,0.5602872244143003,
W4_dense,region=far,force_vrmse,kcal/mol/A,exact_dipole_quadrupole_octupole,10,0.0009552094323985,0.0005101667311568,0.0014133057418376,exact_dipole,-0.0007594772023295,-0.0010155881461159,-0.0005335788635322,0.0017146866347281,0.4429247810927313,10.0,0.0,0.001953125,-1.844933879582116,
W4_dense,region=far,force_vrmse,kcal/mol/A,glider,10,0.0005263356209878,0.0004171863763068,0.0006402153276438,,,,,,,,,,,
W4_dense,region=far,force_vrmse,kcal/mol/A,glider,10,0.0005263356209878,0.0004171863763068,0.0006402153276438,zero,-0.0016751384044186,-0.0022511632864041,-0.0011582267024365,0.0022014740254065,0.7609167244702583,10.0,0.0,0.001953125,-1.8088084684031145,
W4_dense,region=far,force_vrmse,kcal/mol/A,glider,10,0.0005263356209878,0.0004171863763068,0.0006402153276438,mace_polar_l,-3.6831538087966125e-05,-0.0001193931447214,3.1830968974689384e-05,0.0005631671590758,0.0654007207174673,5.0,0.0,1.0,-0.2829967200889396,
W4_dense,region=far,force_vrmse,kcal/mol/A,glider,10,0.0005263356209878,0.0004171863763068,0.0006402153276438,exact_dipole,-0.0011883510137403,-0.0016686629869922,-0.0006951709897906,0.0017146866347281,0.6930426759456905,10.0,0.0,0.001953125,-1.4313755762934417,
W4_dense,region=far,force_vrmse,kcal/mol/A,mace_polar_l,10,0.0005631671590758,0.0004662161366884,0.0006664991099388,,,,,,,,,,,
W4_dense,region=far,force_vrmse,kcal/mol/A,mace_polar_l,10,0.0005631671590758,0.0004662161366884,0.0006664991099388,zero,-0.0016383068663307,-0.0022194093311403,-0.0011405586302172,0.0022014740254065,0.7441863258087682,10.0,0.0,0.001953125,-1.7896943718102476,
W4_dense,region=far,force_vrmse,kcal/mol/A,mace_polar_l,10,0.0005631671590758,0.0004662161366884,0.0006664991099388,exact_dipole,-0.0011515194756523,-0.0016127830564235,-0.0006903128276402,0.0017146866347281,0.671562635603622,10.0,0.0,0.001953125,-1.4688214060606852,
W4_dense,region=far,force_vrmse,kcal/mol/A,zero,10,0.0022014740254065,0.0016343428113979,0.0028430178271749,,,,,,,,,,,
W4_dense,region=far,force_vrmse,kcal/mol/A,zero,10,0.0022014740254065,0.0016343428113979,0.0028430178271749,mace_polar_l,0.0016383068663307,0.0011405586302172,0.0022194093311403,0.0005631671590758,-2.909095177032863,0.0,0.0,0.001953125,1.7896943718102476,
W4_dense,region=far,force_vrmse,kcal/mol/A,zero,10,0.0022014740254065,0.0016343428113979,0.0028430178271749,exact_dipole,0.0004867873906783,0.0001784988720697,0.000856679461657,0.0017146866347281,-0.2838929171192663,1.0,0.0,0.021484375,0.8466228320596034,
W4_dense,region=intermediate,energy_mae,kcal/mol,exact_dipole,10,0.0299632040701405,0.0205743176475416,0.0396433697950746,,,,,,,,,,,
W4_dense,region=intermediate,energy_mae,kcal/mol,exact_dipole,10,0.0299632040701405,0.0205743176475416,0.0396433697950746,zero,-0.0024401948726964,-0.0057689458682085,0.0006193761068825,0.032403398942837,0.0753067564609881,7.0,0.0,0.34375,-0.449329614970176,
W4_dense,region=intermediate,energy_mae,kcal/mol,exact_dipole,10,0.0299632040701405,0.0205743176475416,0.0396433697950746,mace_polar_l,0.0211715598762746,0.0128120150259637,0.0298665737014609,0.0087916441938658,-2.4081456675699564,0.0,0.0,0.001953125,1.461890049203247,
W4_dense,region=intermediate,energy_mae,kcal/mol,exact_dipole_quadrupole,10,0.02893619669221,0.0172410816677322,0.0404336653948661,,,,,,,,,,,
W4_dense,region=intermediate,energy_mae,kcal/mol,exact_dipole_quadrupole,10,0.02893619669221,0.0172410816677322,0.0404336653948661,zero,-0.0034672022506269,-0.010713254600193,0.0038246802663744,0.032403398942837,0.1070011901141434,5.0,0.0,1.0,-0.279973975087439,
W4_dense,region=intermediate,energy_mae,kcal/mol,exact_dipole_quadrupole,10,0.02893619669221,0.0172410816677322,0.0404336653948661,mace_polar_l,0.0201445524983441,0.0092468326107088,0.0309006362683949,0.0087916441938658,-2.2913293638975403,2.0,0.0,0.109375,1.0925387887582534,
W4_dense,region=intermediate,energy_mae,kcal/mol,exact_dipole_quadrupole,10,0.02893619669221,0.0172410816677322,0.0404336653948661,exact_dipole,-0.0010270073779304,-0.0059290990001341,0.0038622359828116,0.0299632040701405,0.0342756193738947,5.0,0.0,1.0,-0.1241524843106711,
W4_dense,region=intermediate,energy_mae,kcal/mol,exact_dipole_quadrupole_octupole,10,0.0277345644894794,0.0151075634635326,0.0405334369736587,,,,,,,,,,,
W4_dense,region=intermediate,energy_mae,kcal/mol,exact_dipole_quadrupole_octupole,10,0.0277345644894794,0.0151075634635326,0.0405334369736587,zero,-0.0046688344533576,-0.0138848629679157,0.0052287014310846,0.032403398942837,0.1440847135077995,6.0,0.0,0.75390625,-0.2865837783042718,
W4_dense,region=intermediate,energy_mae,kcal/mol,exact_dipole_quadrupole_octupole,10,0.0277345644894794,0.0151075634635326,0.0405334369736587,mace_polar_l,0.0189429202956135,0.0069432955360309,0.0312604157787027,0.0087916441938658,-2.154650470139639,3.0,0.0,0.34375,0.9134593657379592,
W4_dense,region=intermediate,energy_mae,kcal/mol,exact_dipole_quadrupole_octupole,10,0.0277345644894794,0.0151075634635326,0.0405334369736587,exact_dipole,-0.0022286395806611,-0.0094420137707968,0.0052036735733774,0.0299632040701405,0.0743792144339482,6.0,0.0,0.75390625,-0.1803937646312837,
W4_dense,region=intermediate,energy_mae,kcal/mol,glider,10,0.0080495964515262,0.0064855686721673,0.0096532099207472,,,,,,,,,,,
W4_dense,region=intermediate,energy_mae,kcal/mol,glider,10,0.0080495964515262,0.0064855686721673,0.0096532099207472,zero,-0.0243538024913107,-0.0320383205392272,-0.0174129483976287,0.032403398942837,0.751581725555193,10.0,0.0,0.001953125,-1.9619966432214693,
W4_dense,region=intermediate,energy_mae,kcal/mol,glider,10,0.0080495964515262,0.0064855686721673,0.0096532099207472,mace_polar_l,-0.0007420477423396,-0.0019553487739913,0.0002083320792777,0.0087916441938658,0.084403750422175,8.0,0.0,0.109375,-0.3995971922442632,
W4_dense,region=intermediate,energy_mae,kcal/mol,glider,10,0.0080495964515262,0.0064855686721673,0.0096532099207472,exact_dipole,-0.0219136076186142,-0.0307148471462291,-0.0132872823867553,0.0299632040701405,0.7313506114805666,10.0,0.0,0.001953125,-1.4737866785479448,
W4_dense,region=intermediate,energy_mae,kcal/mol,mace_polar_l,10,0.0087916441938658,0.007398794788665,0.010217800533338,,,,,,,,,,,
W4_dense,region=intermediate,energy_mae,kcal/mol,mace_polar_l,10,0.0087916441938658,0.007398794788665,0.010217800533338,zero,-0.0236117547489711,-0.0312821916795162,-0.0168953935758608,0.032403398942837,0.7286814198295908,10.0,0.0,0.001953125,-1.9311428785172824,
W4_dense,region=intermediate,energy_mae,kcal/mol,mace_polar_l,10,0.0087916441938658,0.007398794788665,0.010217800533338,exact_dipole,-0.0211715598762746,-0.0298665737014609,-0.0128120150259637,0.0299632040701405,0.7065853113276668,10.0,0.0,0.001953125,-1.461890049203247,
W4_dense,region=intermediate,energy_mae,kcal/mol,zero,10,0.032403398942837,0.0245974310551234,0.0410872991839647,,,,,,,,,,,
W4_dense,region=intermediate,energy_mae,kcal/mol,zero,10,0.032403398942837,0.0245974310551234,0.0410872991839647,mace_polar_l,0.0236117547489711,0.0168953935758608,0.0312821916795162,0.0087916441938658,-2.685704087688806,0.0,0.0,0.001953125,1.9311428785172824,
W4_dense,region=intermediate,energy_mae,kcal/mol,zero,10,0.032403398942837,0.0245974310551234,0.0410872991839647,exact_dipole,0.0024401948726964,-0.0006193761068825,0.0057689458682085,0.0299632040701405,-0.0814397174275569,3.0,0.0,0.34375,0.449329614970176,
W4_dense,region=intermediate,energy_rmse,kcal/mol,exact_dipole,10,0.0341145346448294,0.0234817719341028,0.0448992484446561,,,,,,,,,,,
W4_dense,region=intermediate,energy_rmse,kcal/mol,exact_dipole,10,0.0341145346448294,0.0234817719341028,0.0448992484446561,zero,-0.0031333926272142,-0.0071040502249718,0.0005718375020292,0.0372479272720437,0.0841226037714594,7.0,0.0,0.34375,-0.4836995613316919,
W4_dense,region=intermediate,energy_rmse,kcal/mol,exact_dipole,10,0.0341145346448294,0.0234817719341028,0.0448992484446561,mace_polar_l,0.02395229129635,0.0144844058319775,0.0336263018351744,0.0101622433484793,-2.356988558036663,0.0,0.0,0.001953125,1.4719415254795372,
W4_dense,region=intermediate,energy_rmse,kcal/mol,exact_dipole_quadrupole,10,0.0330949561790714,0.0195419855783147,0.0465127626861367,,,,,,,,,,,
W4_dense,region=intermediate,energy_rmse,kcal/mol,exact_dipole_quadrupole,10,0.0330949561790714,0.0195419855783147,0.0465127626861367,zero,-0.0041529710929722,-0.0125966087753475,0.0044130255567813,0.0372479272720437,0.1114953608731211,5.0,0.0,1.0,-0.2875671453044022,
W4_dense,region=intermediate,energy_rmse,kcal/mol,exact_dipole_quadrupole,10,0.0330949561790714,0.0195419855783147,0.0465127626861367,mace_polar_l,0.022932712830592,0.0104136085905165,0.0354935586831564,0.0101622433484793,-2.256658499919074,2.0,0.0,0.109375,1.07130089029577,
W4_dense,region=intermediate,energy_rmse,kcal/mol,exact_dipole_quadrupole,10,0.0330949561790714,0.0195419855783147,0.0465127626861367,exact_dipole,-0.001019578465758,-0.0067260042611503,0.0048002928130673,0.0341145346448294,0.0298869228724052,5.0,0.0,1.0,-0.1049274268517108,
W4_dense,region=intermediate,energy_rmse,kcal/mol,exact_dipole_quadrupole_octupole,10,0.0325763601156966,0.0176816142733315,0.0477142654360187,,,,,,,,,,,
W4_dense,region=intermediate,energy_rmse,kcal/mol,exact_dipole_quadrupole_octupole,10,0.0325763601156966,0.0176816142733315,0.0477142654360187,zero,-0.0046715671563471,-0.0154693645322172,0.0068196978170308,0.0372479272720437,0.1254181775599989,6.0,0.0,0.75390625,-0.2454253258071398,
W4_dense,region=intermediate,energy_rmse,kcal/mol,exact_dipole_quadrupole_octupole,10,0.0325763601156966,0.0176816142733315,0.0477142654360187,mace_polar_l,0.0224141167672172,0.0082570983867493,0.0368961498210956,0.0101622433484793,-2.205626848187134,3.0,0.0,0.34375,0.9173264913634508,
W4_dense,region=intermediate,energy_rmse,kcal/mol,exact_dipole_quadrupole_octupole,10,0.0325763601156966,0.0176816142733315,0.0477142654360187,exact_dipole,-0.0015381745291328,-0.00977165626892,0.0069858240045813,0.0341145346448294,0.0450885390976883,6.0,0.0,0.75390625,-0.1080776636482312,
W4_dense,region=intermediate,energy_rmse,kcal/mol,glider,10,0.0093217768163433,0.007543028741556,0.0111503838269034,,,,,,,,,,,
W4_dense,region=intermediate,energy_rmse,kcal/mol,glider,10,0.0093217768163433,0.007543028741556,0.0111503838269034,zero,-0.0279261504557004,-0.0368874995146609,-0.0197360494573325,0.0372479272720437,0.7497370323921426,10.0,0.0,0.001953125,-1.91803125434343,
W4_dense,region=intermediate,energy_rmse,kcal/mol,glider,10,0.0093217768163433,0.007543028741556,0.0111503838269034,mace_polar_l,-0.000840466532136,-0.0022512779173951,0.0002822240291873,0.0101622433484793,0.0827048224801497,8.0,0.0,0.109375,-0.3839025754940925,
W4_dense,region=intermediate,energy_rmse,kcal/mol,glider,10,0.0093217768163433,0.007543028741556,0.0111503838269034,exact_dipole,-0.0247927578284861,-0.0347260339977237,-0.0149350559103653,0.0341145346448294,0.7267505796753948,10.0,0.0,0.001953125,-1.4682563759347969,
W4_dense,region=intermediate,energy_rmse,kcal/mol,mace_polar_l,10,0.0101622433484793,0.0085487163556027,0.0117939013427494,,,,,,,,,,,
W4_dense,region=intermediate,energy_rmse,kcal/mol,mace_polar_l,10,0.0101622433484793,0.0085487163556027,0.0117939013427494,zero,-0.0270856839235643,-0.0359705402862353,-0.0192447596790069,0.0372479272720437,0.727172916918075,10.0,0.0,0.001953125,-1.906813052094559,
W4_dense,region=intermediate,energy_rmse,kcal/mol,mace_polar_l,10,0.0101622433484793,0.0085487163556027,0.0117939013427494,exact_dipole,-0.02395229129635,-0.0336263018351744,-0.0144844058319775,0.0341145346448294,0.7021139683047205,10.0,0.0,0.001953125,-1.4719415254795372,
W4_dense,region=intermediate,energy_rmse,kcal/mol,zero,10,0.0372479272720437,0.0281774159817249,0.0473189470845165,,,,,,,,,,,
W4_dense,region=intermediate,energy_rmse,kcal/mol,zero,10,0.0372479272720437,0.0281774159817249,0.0473189470845165,mace_polar_l,0.0270856839235643,0.0192447596790069,0.0359705402862353,0.0101622433484793,-2.665325262813875,0.0,0.0,0.001953125,1.906813052094559,
W4_dense,region=intermediate,energy_rmse,kcal/mol,zero,10,0.0372479272720437,0.0281774159817249,0.0473189470845165,exact_dipole,0.0031333926272142,-0.0005718375020292,0.0071040502249718,0.0341145346448294,-0.0918491974120825,3.0,0.0,0.34375,0.4836995613316919,
W4_dense,region=intermediate,energy_nrmse,1,exact_dipole,10,0.9396082188075828,0.7630000231510135,1.111848689655792,,,,,,,,,,,
W4_dense,region=intermediate,energy_nrmse,1,exact_dipole,10,0.9396082188075828,0.7630000231510135,1.111848689655792,zero,-0.0603917811924172,-0.2369999768489864,0.1118486896557922,1.0,0.0603917811924172,6.0,0.0,0.75390625,-0.2031716737666375,
W4_dense,region=intermediate,energy_nrmse,1,exact_dipole,10,0.9396082188075828,0.7630000231510135,1.111848689655792,mace_polar_l,0.5964462966329315,0.4156690407356491,0.7770336121811657,0.3431619221746513,-1.73808997470696,0.0,0.0,0.001953125,1.9510784290065373,
W4_dense,region=intermediate,energy_nrmse,1,exact_dipole_quadrupole,10,0.8370424564980411,0.5617898849022079,1.1013784098814678,,,,,,,,,,,
W4_dense,region=intermediate,energy_nrmse,1,exact_dipole_quadrupole,10,0.8370424564980411,0.5617898849022079,1.1013784098814678,zero,-0.1629575435019589,-0.4382101150977919,0.1013784098814677,1.0,0.1629575435019589,5.0,0.0,1.0,-0.3547333966490602,
W4_dense,region=intermediate,energy_nrmse,1,exact_dipole_quadrupole,10,0.8370424564980411,0.5617898849022079,1.1013784098814678,mace_polar_l,0.4938805343233897,0.2027759200591452,0.7790775948577457,0.3431619221746513,-1.4392055248834708,2.0,0.0,0.109375,1.0044177714888955,
W4_dense,region=intermediate,energy_nrmse,1,exact_dipole_quadrupole,10,0.8370424564980411,0.5617898849022079,1.1013784098814678,exact_dipole,-0.1025657623095417,-0.2841954617348169,0.0726866586316571,0.9396082188075828,0.1091580088983295,7.0,0.0,0.34375,-0.3381333237138726,
W4_dense,region=intermediate,energy_nrmse,1,exact_dipole_quadrupole_octupole,10,0.8233816441772976,0.4817275177602402,1.1803451735709831,,,,,,,,,,,
W4_dense,region=intermediate,energy_nrmse,1,exact_dipole_quadrupole_octupole,10,0.8233816441772976,0.4817275177602402,1.1803451735709831,zero,-0.1766183558227023,-0.5182724822397599,0.1803451735709833,1.0,0.1766183558227023,6.0,0.0,0.75390625,-0.2977634346051149,
W4_dense,region=intermediate,energy_nrmse,1,exact_dipole_quadrupole_octupole,10,0.8233816441772976,0.4817275177602402,1.1803451735709831,mace_polar_l,0.4802197220026463,0.1186041200810253,0.8557585043089619,0.3431619221746513,-1.3993968764350253,3.0,0.0,0.34375,0.7615375222219463,
W4_dense,region=intermediate,energy_nrmse,1,exact_dipole_quadrupole_octupole,10,0.8233816441772976,0.4817275177602402,1.1803451735709831,exact_dipole,-0.116226574630285,-0.381720909290688,0.1326313920935112,0.9396082188075828,0.1236968475837549,6.0,0.0,0.75390625,-0.2647625596766177,
W4_dense,region=intermediate,energy_nrmse,1,glider,10,0.3160763377307437,0.2546134117924015,0.3820256852372376,,,,,,,,,,,
W4_dense,region=intermediate,energy_nrmse,1,glider,10,0.3160763377307437,0.2546134117924015,0.3820256852372376,zero,-0.6839236622692562,-0.7453865882075985,-0.6179743147627623,1.0,0.6839236622692563,10.0,0.0,0.001953125,-6.336286653638632,
W4_dense,region=intermediate,energy_nrmse,1,glider,10,0.3160763377307437,0.2546134117924015,0.3820256852372376,mace_polar_l,-0.0270855844439075,-0.0995099385651596,0.0233517215692202,0.3431619221746513,0.07892945776811,5.0,0.0,1.0,-0.2490680803994211,
W4_dense,region=intermediate,energy_nrmse,1,glider,10,0.3160763377307437,0.2546134117924015,0.3820256852372376,exact_dipole,-0.623531881076839,-0.8264803397567253,-0.4171937733634522,0.9396082188075828,0.6636083727195756,10.0,0.0,0.001953125,-1.7818712881575134,
W4_dense,region=intermediate,energy_nrmse,1,mace_polar_l,10,0.3431619221746513,0.2702568465177039,0.4216466159483189,,,,,,,,,,,
W4_dense,region=intermediate,energy_nrmse,1,mace_polar_l,10,0.3431619221746513,0.2702568465177039,0.4216466159483189,zero,-0.6568380778253486,-0.7297431534822961,-0.5783533840516809,1.0,0.6568380778253486,10.0,0.0,0.001953125,-5.140707854954263,
W4_dense,region=intermediate,energy_nrmse,1,mace_polar_l,10,0.3431619221746513,0.2702568465177039,0.4216466159483189,exact_dipole,-0.5964462966329315,-0.7770336121811658,-0.4156690407356491,0.9396082188075828,0.6347819066438737,10.0,0.0,0.001953125,-1.9510784290065373,
W4_dense,region=intermediate,energy_nrmse,1,zero,10,1.0,1.0,1.0,,,,,,,,,,,
W4_dense,region=intermediate,energy_nrmse,1,zero,10,1.0,1.0,1.0,mace_polar_l,0.6568380778253486,0.5783533840516809,0.729743153482296,0.3431619221746513,-1.9140762286879045,0.0,0.0,0.001953125,5.140707854954263,
W4_dense,region=intermediate,energy_nrmse,1,zero,10,1.0,1.0,1.0,exact_dipole,0.0603917811924172,-0.1118486896557922,0.2369999768489863,0.9396082188075828,-0.0642733641358075,4.0,0.0,0.75390625,0.2031716737666375,
W4_dense,region=intermediate,centered_orientation_rmse,kcal/mol,exact_dipole,10,0.0330088133778745,0.0225801384977598,0.0435067150609061,,,,,,,,,,,
W4_dense,region=intermediate,centered_orientation_rmse,kcal/mol,exact_dipole,10,0.0330088133778745,0.0225801384977598,0.0435067150609061,zero,-0.0028565177298368,-0.006739515752252,0.0007601114721303,0.0358653311077114,0.0796456533820392,7.0,0.0,0.34375,-0.4498590315235494,
W4_dense,region=intermediate,centered_orientation_rmse,kcal/mol,exact_dipole,10,0.0330088133778745,0.0225801384977598,0.0435067150609061,mace_polar_l,0.0233465143787684,0.0141050572283856,0.0327590828298412,0.0096622989991061,-2.416248387772753,0.0,0.0,0.001953125,1.4681739767096076,
W4_dense,region=intermediate,centered_orientation_rmse,kcal/mol,exact_dipole_quadrupole,10,0.0318625892746417,0.0187962322891859,0.0447633633450155,,,,,,,,,,,
W4_dense,region=intermediate,centered_orientation_rmse,kcal/mol,exact_dipole_quadrupole,10,0.0318625892746417,0.0187962322891859,0.0447633633450155,zero,-0.0040027418330697,-0.0119636469469662,0.0039070391671186,0.0358653311077114,0.1116047645300867,5.0,0.0,1.0,-0.296217984548091,
W4_dense,region=intermediate,centered_orientation_rmse,kcal/mol,exact_dipole_quadrupole,10,0.0318625892746417,0.0187962322891859,0.0447633633450155,mace_polar_l,0.0222002902755355,0.010099776081688,0.0343561444341847,0.0096622989991061,-2.2976198808988806,2.0,0.0,0.109375,1.0777212039159376,
W4_dense,region=intermediate,centered_orientation_rmse,kcal/mol,exact_dipole_quadrupole,10,0.0318625892746417,0.0187962322891859,0.0447633633450155,exact_dipole,-0.0011462241032328,-0.0062502438096808,0.0039268272379872,0.0330088133778745,0.0347247897133187,5.0,0.0,1.0,-0.1330732792006758,
W4_dense,region=intermediate,centered_orientation_rmse,kcal/mol,exact_dipole_quadrupole_octupole,10,0.0314410209404861,0.0170261636486257,0.0460528884594838,,,,,,,,,,,
W4_dense,region=intermediate,centered_orientation_rmse,kcal/mol,exact_dipole_quadrupole_octupole,10,0.0314410209404861,0.0170261636486257,0.0460528884594838,zero,-0.0044243101672252,-0.0147386460545911,0.0064597862941897,0.0358653311077114,0.1233589661820794,6.0,0.0,0.75390625,-0.2443571152729094,
W4_dense,region=intermediate,centered_orientation_rmse,kcal/mol,exact_dipole_quadrupole_octupole,10,0.0314410209404861,0.0170261636486257,0.0460528884594838,mace_polar_l,0.02177872194138,0.0081481485402865,0.0358207386014406,0.0096622989991061,-2.2539896502266017,3.0,0.0,0.34375,0.9214277274595428,
W4_dense,region=intermediate,centered_orientation_rmse,kcal/mol,exact_dipole_quadrupole_octupole,10,0.0314410209404861,0.0170261636486257,0.0460528884594838,exact_dipole,-0.0015677924373884,-0.0092012479007873,0.0063683855596491,0.0330088133778745,0.0474961768374041,6.0,0.0,0.75390625,-0.1184837265452389,
W4_dense,region=intermediate,centered_orientation_rmse,kcal/mol,glider,10,0.0089589493697711,0.0072241955825852,0.0107422260871576,,,,,,,,,,,
W4_dense,region=intermediate,centered_orientation_rmse,kcal/mol,glider,10,0.0089589493697711,0.0072241955825852,0.0107422260871576,zero,-0.0269063817379402,-0.0356543441706346,-0.0188755119189264,0.0358653311077114,0.7502058647425986,10.0,0.0,0.001953125,-1.892212162219156,
W4_dense,region=intermediate,centered_orientation_rmse,kcal/mol,glider,10,0.0089589493697711,0.0072241955825852,0.0107422260871576,mace_polar_l,-0.0007033496293349,-0.0020583171518272,0.0003698758983965,0.0096622989991061,0.0727931964639093,6.0,0.0,0.75390625,-0.3352159668373685,
W4_dense,region=intermediate,centered_orientation_rmse,kcal/mol,glider,10,0.0089589493697711,0.0072241955825852,0.0107422260871576,exact_dipole,-0.0240498640081034,-0.0336807177810928,-0.0144909950361007,0.0330088133778745,0.7285891720125803,10.0,0.0,0.001953125,-1.4661956208834916,
W4_dense,region=intermediate,centered_orientation_rmse,kcal/mol,mace_polar_l,10,0.0096622989991061,0.008133490419523,0.0111820746611123,,,,,,,,,,,
W4_dense,region=intermediate,centered_orientation_rmse,kcal/mol,mace_polar_l,10,0.0096622989991061,0.008133490419523,0.0111820746611123,zero,-0.0262030321086053,-0.034871746981366,-0.0185052309427093,0.0358653311077114,0.7305950147208142,10.0,0.0,0.001953125,-1.881697500761672,
W4_dense,region=intermediate,centered_orientation_rmse,kcal/mol,mace_polar_l,10,0.0096622989991061,0.008133490419523,0.0111820746611123,exact_dipole,-0.0233465143787684,-0.0327590828298412,-0.0141050572283856,0.0330088133778745,0.7072812376350781,10.0,0.0,0.001953125,-1.4681739767096076,
W4_dense,region=intermediate,centered_orientation_rmse,kcal/mol,zero,10,0.0358653311077114,0.0269453205048187,0.045686154493247,,,,,,,,,,,
W4_dense,region=intermediate,centered_orientation_rmse,kcal/mol,zero,10,0.0358653311077114,0.0269453205048187,0.045686154493247,mace_polar_l,0.0262030321086053,0.0185052309427093,0.034871746981366,0.0096622989991061,-2.711883798155015,0.0,0.0,0.001953125,1.881697500761672,
W4_dense,region=intermediate,centered_orientation_rmse,kcal/mol,zero,10,0.0358653311077114,0.0269453205048187,0.045686154493247,exact_dipole,0.0028565177298368,-0.0007601114721303,0.006739515752252,0.0330088133778745,-0.0865380314383412,3.0,0.0,0.34375,0.4498590315235494,
W4_dense,region=intermediate,centered_orientation_nrmse,1,exact_dipole,10,0.9506757433233064,0.7725244053121891,1.1247071717209307,,,,,,,,,,,
W4_dense,region=intermediate,centered_orientation_nrmse,1,exact_dipole,10,0.9506757433233064,0.7725244053121891,1.1247071717209307,zero,-0.0493242566766937,-0.2274755946878109,0.1247071717209305,1.0,0.0493242566766936,5.0,0.0,1.0,-0.1644372059485933,
W4_dense,region=intermediate,centered_orientation_nrmse,1,exact_dipole,10,0.9506757433233064,0.7725244053121891,1.1247071717209307,mace_polar_l,0.6026054894646858,0.4219827425153852,0.7854640325492395,0.3480702538586203,-1.7312754617332318,0.0,0.0,0.001953125,1.959325970158484,
W4_dense,region=intermediate,centered_orientation_nrmse,1,exact_dipole_quadrupole,10,0.8416375990492677,0.564953812619653,1.1084047396589607,,,,,,,,,,,
W4_dense,region=intermediate,centered_orientation_nrmse,1,exact_dipole_quadrupole,10,0.8416375990492677,0.564953812619653,1.1084047396589607,zero,-0.1583624009507322,-0.435046187380347,0.1084047396589607,1.0,0.1583624009507322,5.0,0.0,1.0,-0.3426072071381484,
W4_dense,region=intermediate,centered_orientation_nrmse,1,exact_dipole_quadrupole,10,0.8416375990492677,0.564953812619653,1.1084047396589607,mace_polar_l,0.4935673451906472,0.2009563564900802,0.7822978923548282,0.3480702538586203,-1.418010702492047,2.0,0.0,0.109375,0.9916240537336932,
W4_dense,region=intermediate,centered_orientation_nrmse,1,exact_dipole_quadrupole,10,0.8416375990492677,0.564953812619653,1.1084047396589607,exact_dipole,-0.1090381442740384,-0.2874056033389062,0.0634241035707684,0.9506757433233064,0.1146954101225625,7.0,0.0,0.34375,-0.3654240423935096,
W4_dense,region=intermediate,centered_orientation_nrmse,1,exact_dipole_quadrupole_octupole,10,0.8285638415959149,0.4830730592552494,1.1862940832829991,,,,,,,,,,,
W4_dense,region=intermediate,centered_orientation_nrmse,1,exact_dipole_quadrupole_octupole,10,0.8285638415959149,0.4830730592552494,1.1862940832829991,zero,-0.171436158404085,-0.5169269407447507,0.1862940832829992,1.0,0.1714361584040851,5.0,0.0,1.0,-0.2867860942933537,
W4_dense,region=intermediate,centered_orientation_nrmse,1,exact_dipole_quadrupole_octupole,10,0.8285638415959149,0.4830730592552494,1.1862940832829991,mace_polar_l,0.4804935877372945,0.1131121155575983,0.8609631779488623,0.3480702538586203,-1.3804500166580227,3.0,0.0,0.34375,0.7518721366962156,
W4_dense,region=intermediate,centered_orientation_nrmse,1,exact_dipole_quadrupole_octupole,10,0.8285638415959149,0.4830730592552494,1.1862940832829991,exact_dipole,-0.1221119017273913,-0.3825888061364898,0.1255293397890203,0.9506757433233064,0.1284474781070159,6.0,0.0,0.75390625,-0.280925673130993,
W4_dense,region=intermediate,centered_orientation_nrmse,1,glider,10,0.3199880911351669,0.2561230227815927,0.3894805167736589,,,,,,,,,,,
W4_dense,region=intermediate,centered_orientation_nrmse,1,glider,10,0.3199880911351669,0.2561230227815927,0.3894805167736589,zero,-0.6800119088648331,-0.7438769772184071,-0.610519483226341,1.0,0.6800119088648331,10.0,0.0,0.001953125,-6.072739901848405,
W4_dense,region=intermediate,centered_orientation_nrmse,1,glider,10,0.3199880911351669,0.2561230227815927,0.3894805167736589,mace_polar_l,-0.0280821627234535,-0.1049014665891052,0.0239492145787846,0.3480702538586203,0.0806795823893065,5.0,0.0,1.0,-0.2433838486006484,
W4_dense,region=intermediate,centered_orientation_nrmse,1,glider,10,0.3199880911351669,0.2561230227815927,0.3894805167736589,exact_dipole,-0.6306876521881393,-0.8311198955937267,-0.4253504481341381,0.9506757433233064,0.6634098499067886,10.0,0.0,0.001953125,-1.8222142415830125,
W4_dense,region=intermediate,centered_orientation_nrmse,1,mace_polar_l,10,0.3480702538586203,0.2700575709228666,0.4324536473608986,,,,,,,,,,,
W4_dense,region=intermediate,centered_orientation_nrmse,1,mace_polar_l,10,0.3480702538586203,0.2700575709228666,0.4324536473608986,zero,-0.6519297461413796,-0.7299424290771335,-0.5675463526391014,1.0,0.6519297461413797,10.0,0.0,0.001953125,-4.744718933373482,
W4_dense,region=intermediate,centered_orientation_nrmse,1,mace_polar_l,10,0.3480702538586203,0.2700575709228666,0.4324536473608986,exact_dipole,-0.6026054894646858,-0.7854640325492396,-0.4219827425153855,0.9506757433233064,0.6338706900821299,10.0,0.0,0.001953125,-1.959325970158484,
W4_dense,region=intermediate,centered_orientation_nrmse,1,zero,10,1.0,1.0,1.0,,,,,,,,,,,
W4_dense,region=intermediate,centered_orientation_nrmse,1,zero,10,1.0,1.0,1.0,mace_polar_l,0.6519297461413796,0.5675463526391014,0.7299424290771334,0.3480702538586203,-1.8729832236861623,0.0,0.0,0.001953125,4.744718933373482,
W4_dense,region=intermediate,centered_orientation_nrmse,1,zero,10,1.0,1.0,1.0,exact_dipole,0.0493242566766937,-0.1247071717209306,0.2274755946878109,0.9506757433233064,-0.0518833650938324,5.0,0.0,1.0,0.1644372059485933,
W4_dense,region=intermediate,torque_vrmse,kcal/mol,exact_dipole,10,0.0497462642042337,0.034328320418834,0.0656201727216063,,,,,,,,,,,
W4_dense,region=intermediate,torque_vrmse,kcal/mol,exact_dipole,10,0.0497462642042337,0.034328320418834,0.0656201727216063,zero,-0.0034053307798721,-0.0093227840404708,0.0027839301733305,0.0531515949841058,0.0640682707807815,7.0,0.0,0.34375,-0.3312705551902476,
W4_dense,region=intermediate,torque_vrmse,kcal/mol,exact_dipole,10,0.0497462642042337,0.034328320418834,0.0656201727216063,mace_polar_l,0.0345868070466359,0.0208252941224717,0.0489703088564243,0.0151594571575978,-2.281533348263812,0.0,0.0,0.001953125,1.447245449711599,
W4_dense,region=intermediate,torque_vrmse,kcal/mol,exact_dipole_quadrupole,10,0.04914393880893,0.0290286502567728,0.0692941423605234,,,,,,,,,,,
W4_dense,region=intermediate,torque_vrmse,kcal/mol,exact_dipole_quadrupole,10,0.04914393880893,0.0290286502567728,0.0692941423605234,zero,-0.0040076561751758,-0.0167388362344173,0.0088368545391285,0.0531515949841058,0.0754004875370951,5.0,0.0,1.0,-0.1833780526262074,
W4_dense,region=intermediate,torque_vrmse,kcal/mol,exact_dipole_quadrupole,10,0.04914393880893,0.0290286502567728,0.0692941423605234,mace_polar_l,0.0339844816513322,0.0153292193247922,0.0528576442176192,0.0151594571575978,-2.241800698931985,2.0,0.0,0.109375,1.063132024645074,
W4_dense,region=intermediate,torque_vrmse,kcal/mol,exact_dipole_quadrupole,10,0.04914393880893,0.0290286502567728,0.0692941423605234,exact_dipole,-0.0006023253953036,-0.0089690322505013,0.0081407073128232,0.0497462642042337,0.0121079523244364,4.0,0.0,0.75390625,-0.0417192361954283,
W4_dense,region=intermediate,torque_vrmse,kcal/mol,exact_dipole_quadrupole_octupole,10,0.0529026658303726,0.0282124985382595,0.0781683103159306,,,,,,,,,,,
W4_dense,region=intermediate,torque_vrmse,kcal/mol,exact_dipole_quadrupole_octupole,10,0.0529026658303726,0.0282124985382595,0.0781683103159306,zero,-0.0002489291537332,-0.0187572223073204,0.0194320483972764,0.0531515949841058,0.0046833806926704,5.0,0.0,1.0,-0.0076451506687711,
W4_dense,region=intermediate,torque_vrmse,kcal/mol,exact_dipole_quadrupole_octupole,10,0.0529026658303726,0.0282124985382595,0.0781683103159306,mace_polar_l,0.0377432086727748,0.0142367211755876,0.0620521856889729,0.0151594571575978,-2.489746715888057,2.0,0.0,0.109375,0.924840355233702,
W4_dense,region=intermediate,torque_vrmse,kcal/mol,exact_dipole_quadrupole_octupole,10,0.0529026658303726,0.0282124985382595,0.0781683103159306,exact_dipole,0.0031564016261389,-0.0108386047943844,0.0182665789452379,0.0497462642042337,-0.0634500233661825,5.0,0.0,1.0,0.1278083738017826,
W4_dense,region=intermediate,torque_vrmse,kcal/mol,glider,10,0.0137477015573191,0.0111509013699263,0.0163931298130014,,,,,,,,,,,
W4_dense,region=intermediate,torque_vrmse,kcal/mol,glider,10,0.0137477015573191,0.0111509013699263,0.0163931298130014,zero,-0.0394038934267866,-0.0529488006619417,-0.0274592866620531,0.0531515949841058,0.7413492189382047,10.0,0.0,0.001953125,-1.821467683033912,
W4_dense,region=intermediate,torque_vrmse,kcal/mol,glider,10,0.0137477015573191,0.0111509013699263,0.0163931298130014,mace_polar_l,-0.0014117556002786,-0.0033439414703331,0.0001977958984558,0.0151594571575978,0.0931270549863365,8.0,0.0,0.109375,-0.4621494081815465,
W4_dense,region=intermediate,torque_vrmse,kcal/mol,glider,10,0.0137477015573191,0.0111509013699263,0.0163931298130014,exact_dipole,-0.0359985626469145,-0.0506328608961729,-0.0216422431077143,0.0497462642042337,0.7236435383192219,10.0,0.0,0.001953125,-1.4589506644895065,
W4_dense,region=intermediate,torque_vrmse,kcal/mol,mace_polar_l,10,0.0151594571575978,0.0128281495439765,0.017598995239027,,,,,,,,,,,
W4_dense,region=intermediate,torque_vrmse,kcal/mol,mace_polar_l,10,0.0151594571575978,0.0128281495439765,0.017598995239027,zero,-0.037992137826508,-0.0515035916465453,-0.0265475661558976,0.0531515949841058,0.714788292578407,10.0,0.0,0.001953125,-1.7848367209412568,
W4_dense,region=intermediate,torque_vrmse,kcal/mol,mace_polar_l,10,0.0151594571575978,0.0128281495439765,0.017598995239027,exact_dipole,-0.0345868070466359,-0.0489703088564243,-0.0208252941224717,0.0497462642042337,0.6952644103010325,10.0,0.0,0.001953125,-1.447245449711599,
W4_dense,region=intermediate,torque_vrmse,kcal/mol,zero,10,0.0531515949841058,0.0399563242400708,0.0682593159074701,,,,,,,,,,,
W4_dense,region=intermediate,torque_vrmse,kcal/mol,zero,10,0.0531515949841058,0.0399563242400708,0.0682593159074701,mace_polar_l,0.037992137826508,0.0265475661558976,0.0515035916465453,0.0151594571575978,-2.506167432747859,0.0,0.0,0.001953125,1.7848367209412568,
W4_dense,region=intermediate,torque_vrmse,kcal/mol,zero,10,0.0531515949841058,0.0399563242400708,0.0682593159074701,exact_dipole,0.0034053307798721,-0.0027839301733306,0.0093227840404708,0.0497462642042337,-0.0684540002017339,3.0,0.0,0.34375,0.3312705551902476,
W4_dense,region=intermediate,esp_rmse_mEh,mEh/e,exact_dipole,10,0.3785292310647529,0.2556602396618496,0.5019820106765671,,,,,,,,,,,
W4_dense,region=intermediate,esp_rmse_mEh,mEh/e,exact_dipole,10,0.3785292310647529,0.2556602396618496,0.5019820106765671,zero,-0.1951911665883659,-0.3063156260884043,-0.1050895329896618,0.5737203976531189,0.3402200224827667,9.0,0.0,0.021484375,-1.1397865332476145,
W4_dense,region=intermediate,esp_rmse_mEh,mEh/e,exact_dipole,10,0.3785292310647529,0.2556602396618496,0.5019820106765671,mace_polar_l,0.2360604386172186,0.139221493121519,0.3345243813904808,0.1424687924475343,-1.656927349223869,0.0,0.0,0.001953125,1.4180593781165516,
W4_dense,region=intermediate,esp_rmse_mEh,mEh/e,exact_dipole_quadrupole,10,0.2637787239690341,0.1522140488156567,0.3757577788374127,,,,,,,,,,,
W4_dense,region=intermediate,esp_rmse_mEh,mEh/e,exact_dipole_quadrupole,10,0.2637787239690341,0.1522140488156567,0.3757577788374127,zero,-0.3099416736840847,-0.4491919802308287,-0.2009247607102574,0.5737203976531189,0.5402312257886301,10.0,0.0,0.001953125,-1.461139854926816,
W4_dense,region=intermediate,esp_rmse_mEh,mEh/e,exact_dipole_quadrupole,10,0.2637787239690341,0.1522140488156567,0.3757577788374127,mace_polar_l,0.1213099315214998,0.0321907596917731,0.214085923008922,0.1424687924475343,-0.8514842404253096,3.0,0.0,0.34375,0.7879439632798597,
W4_dense,region=intermediate,esp_rmse_mEh,mEh/e,exact_dipole_quadrupole,10,0.2637787239690341,0.1522140488156567,0.3757577788374127,exact_dipole,-0.1147505070957188,-0.1585821063343768,-0.0769883213266773,0.3785292310647529,0.3031483375086798,10.0,0.0,0.001953125,-1.6629511250698168,
W4_dense,region=intermediate,esp_rmse_mEh,mEh/e,exact_dipole_quadrupole_octupole,10,0.2206898637878563,0.1176465077657055,0.3287786476429855,,,,,,,,,,,
W4_dense,region=intermediate,esp_rmse_mEh,mEh/e,exact_dipole_quadrupole_octupole,10,0.2206898637878563,0.1176465077657055,0.3287786476429855,zero,-0.3530305338652625,-0.5313076515746996,-0.2186235315724342,0.5737203976531189,0.6153355106588189,10.0,0.0,0.001953125,-1.3134464191747095,
W4_dense,region=intermediate,esp_rmse_mEh,mEh/e,exact_dipole_quadrupole_octupole,10,0.2206898637878563,0.1176465077657055,0.3287786476429855,mace_polar_l,0.0782210713403221,-0.0097157378958982,0.1748077288555712,0.1424687924475343,-0.5490400388501069,4.0,0.0,0.75390625,0.4945703452766656,
W4_dense,region=intermediate,esp_rmse_mEh,mEh/e,exact_dipole_quadrupole_octupole,10,0.2206898637878563,0.1176465077657055,0.3287786476429855,exact_dipole,-0.1578393672768965,-0.2385231609676533,-0.0889179910241196,0.3785292310647529,0.4169806565081253,9.0,0.0,0.021484375,-1.226078268550054,
W4_dense,region=intermediate,esp_rmse_mEh,mEh/e,glider,10,0.1313966899928161,0.0993327777149358,0.1666249822978453,,,,,,,,,,,
W4_dense,region=intermediate,esp_rmse_mEh,mEh/e,glider,10,0.1313966899928161,0.0993327777149358,0.1666249822978453,zero,-0.4423237076603027,-0.6163883159216017,-0.3019936789168272,0.5737203976531189,0.7709743447673951,10.0,0.0,0.001953125,-1.6473902457470124,
W4_dense,region=intermediate,esp_rmse_mEh,mEh/e,glider,10,0.1313966899928161,0.0993327777149358,0.1666249822978453,mace_polar_l,-0.0110721024547181,-0.0356542375707555,0.0130929144160801,0.1424687924475343,0.0777159844237156,6.0,0.0,0.75390625,-0.2641705825382256,
W4_dense,region=intermediate,esp_rmse_mEh,mEh/e,glider,10,0.1313966899928161,0.0993327777149358,0.1666249822978453,exact_dipole,-0.2471325410719367,-0.3606902853469957,-0.1320351366270363,0.3785292310647529,0.6528757115448798,8.0,0.0,0.109375,-1.26809247673241,
W4_dense,region=intermediate,esp_rmse_mEh,mEh/e,mace_polar_l,10,0.1424687924475343,0.1087718292615649,0.1769516333083296,,,,,,,,,,,
W4_dense,region=intermediate,esp_rmse_mEh,mEh/e,mace_polar_l,10,0.1424687924475343,0.1087718292615649,0.1769516333083296,zero,-0.4312516052055845,-0.6037752796773099,-0.2988052478881943,0.5737203976531189,0.7516755670003678,10.0,0.0,0.001953125,-1.6542036629647308,
W4_dense,region=intermediate,esp_rmse_mEh,mEh/e,mace_polar_l,10,0.1424687924475343,0.1087718292615649,0.1769516333083296,exact_dipole,-0.2360604386172186,-0.3345243813904808,-0.1392214931215191,0.3785292310647529,0.6236253880663631,10.0,0.0,0.001953125,-1.4180593781165516,
W4_dense,region=intermediate,esp_rmse_mEh,mEh/e,zero,10,0.5737203976531189,0.4231701117212958,0.7666566284920618,,,,,,,,,,,
W4_dense,region=intermediate,esp_rmse_mEh,mEh/e,zero,10,0.5737203976531189,0.4231701117212958,0.7666566284920618,mace_polar_l,0.4312516052055845,0.2988052478881943,0.6037752796773099,0.1424687924475343,-3.026989965991308,0.0,0.0,0.001953125,1.6542036629647308,
W4_dense,region=intermediate,esp_rmse_mEh,mEh/e,zero,10,0.5737203976531189,0.4231701117212958,0.7666566284920618,exact_dipole,0.1951911665883659,0.1050895329896617,0.306315626088404,0.3785292310647529,-0.5156567857106278,1.0,0.0,0.021484375,1.1397865332476145,
W4_dense,region=intermediate,field_vrmse,kcal/mol/e/A,exact_dipole,10,0.1237531547379964,0.0855006920287431,0.1626467596969432,,,,,,,,,,,
W4_dense,region=intermediate,field_vrmse,kcal/mol/e/A,exact_dipole,10,0.1237531547379964,0.0855006920287431,0.1626467596969432,zero,-0.009657920929499,-0.0242459052740397,0.0048107999414837,0.1334110756674955,0.0723921974332161,7.0,0.0,0.34375,-0.392350196831177,
W4_dense,region=intermediate,field_vrmse,kcal/mol/e/A,exact_dipole,10,0.1237531547379964,0.0855006920287431,0.1626467596969432,mace_polar_l,0.0862038615018639,0.0520104119317172,0.1215149707317189,0.0375492932361324,-2.295751905628751,0.0,0.0,0.001953125,1.4630125080095298,
W4_dense,region=intermediate,field_vrmse,kcal/mol/e/A,exact_dipole_quadrupole,10,0.1222596473427111,0.072124255761078,0.1721714119474643,,,,,,,,,,,
W4_dense,region=intermediate,field_vrmse,kcal/mol/e/A,exact_dipole_quadrupole,10,0.1222596473427111,0.072124255761078,0.1721714119474643,zero,-0.0111514283247844,-0.0428016992215647,0.0212306992849365,0.1334110756674955,0.0835869755864757,5.0,0.0,1.0,-0.2046055896343316,
W4_dense,region=intermediate,field_vrmse,kcal/mol/e/A,exact_dipole_quadrupole,10,0.1222596473427111,0.072124255761078,0.1721714119474643,mace_polar_l,0.0847103541065786,0.0382770464144711,0.1314854784456736,0.0375492932361324,-2.2559773248958126,2.0,0.0,0.109375,1.0642303770209531,
W4_dense,region=intermediate,field_vrmse,kcal/mol/e/A,exact_dipole_quadrupole,10,0.1222596473427111,0.072124255761078,0.1721714119474643,exact_dipole,-0.0014935073952853,-0.0226362057823614,0.0207208487481222,0.1237531547379964,0.0120684389698776,5.0,0.0,1.0,-0.040754659065957,
W4_dense,region=intermediate,field_vrmse,kcal/mol/e/A,exact_dipole_quadrupole_octupole,10,0.126438407671853,0.0680931524191093,0.1861657453057145,,,,,,,,,,,
W4_dense,region=intermediate,field_vrmse,kcal/mol/e/A,exact_dipole_quadrupole_octupole,10,0.126438407671853,0.0680931524191093,0.1861657453057145,zero,-0.0069726679956425,-0.0501849977834823,0.0388632389966427,0.1334110756674955,0.0522645362145247,5.0,0.0,1.0,-0.0918328707745048,
W4_dense,region=intermediate,field_vrmse,kcal/mol/e/A,exact_dipole_quadrupole_octupole,10,0.126438407671853,0.0680931524191093,0.1861657453057145,mace_polar_l,0.0888891144357204,0.0332088133525726,0.1462848115554979,0.0375492932361324,-2.367264648011679,3.0,0.0,0.34375,0.9218787157554832,
W4_dense,region=intermediate,field_vrmse,kcal/mol/e/A,exact_dipole_quadrupole_octupole,10,0.126438407671853,0.0680931524191093,0.1861657453057145,exact_dipole,0.0026852529338565,-0.0299136393252031,0.0373630286406563,0.1237531547379964,-0.0216984604517083,5.0,0.0,1.0,0.0469099553865033,
W4_dense,region=intermediate,field_vrmse,kcal/mol/e/A,glider,10,0.0341557239232639,0.0276797463207379,0.0406658578265977,,,,,,,,,,,
W4_dense,region=intermediate,field_vrmse,kcal/mol/e/A,glider,10,0.0341557239232639,0.0276797463207379,0.0406658578265977,zero,-0.0992553517442315,-0.1324622527586114,-0.06956468703321,0.1334110756674955,0.7439813467332256,10.0,0.0,0.001953125,-1.8607498473485025,
W4_dense,region=intermediate,field_vrmse,kcal/mol/e/A,glider,10,0.0341557239232639,0.0276797463207379,0.0406658578265977,mace_polar_l,-0.0033935693128685,-0.0083971628818411,0.0006757857486142,0.0375492932361324,0.0903763831592714,8.0,0.0,0.109375,-0.43463061399965,
W4_dense,region=intermediate,field_vrmse,kcal/mol/e/A,glider,10,0.0341557239232639,0.0276797463207379,0.0406658578265977,exact_dipole,-0.0895974308147325,-0.1256052226908515,-0.0540822556083311,0.1237531547379964,0.724001186106515,10.0,0.0,0.001953125,-1.4708408153256811,
W4_dense,region=intermediate,field_vrmse,kcal/mol/e/A,mace_polar_l,10,0.0375492932361324,0.0317854712416084,0.0434611297477699,,,,,,,,,,,
W4_dense,region=intermediate,field_vrmse,kcal/mol/e/A,mace_polar_l,10,0.0375492932361324,0.0317854712416084,0.0434611297477699,zero,-0.095861782431363,-0.1289319201505296,-0.0674221041421075,0.1334110756674955,0.7185444083389467,10.0,0.0,0.001953125,-1.8312638631195672,
W4_dense,region=intermediate,field_vrmse,kcal/mol/e/A,mace_polar_l,10,0.0375492932361324,0.0317854712416084,0.0434611297477699,exact_dipole,-0.0862038615018639,-0.1215149707317189,-0.0520104119317172,0.1237531547379964,0.6965791028468742,10.0,0.0,0.001953125,-1.4630125080095298,
W4_dense,region=intermediate,field_vrmse,kcal/mol/e/A,zero,10,0.1334110756674955,0.100542274044111,0.1704867588493238,,,,,,,,,,,
W4_dense,region=intermediate,field_vrmse,kcal/mol/e/A,zero,10,0.1334110756674955,0.100542274044111,0.1704867588493238,mace_polar_l,0.095861782431363,0.0674221041421075,0.1289319201505295,0.0375492932361324,-2.5529583693766646,0.0,0.0,0.001953125,1.8312638631195672,
W4_dense,region=intermediate,field_vrmse,kcal/mol/e/A,zero,10,0.1334110756674955,0.100542274044111,0.1704867588493238,exact_dipole,0.009657920929499,-0.0048107999414837,0.0242459052740397,0.1237531547379964,-0.0780418159839748,3.0,0.0,0.34375,0.392350196831177,
W4_dense,region=intermediate,force_vrmse,kcal/mol/A,exact_dipole,10,0.0223324259430878,0.015479783055938,0.0297291191335947,,,,,,,,,,,
W4_dense,region=intermediate,force_vrmse,kcal/mol/A,exact_dipole,10,0.0223324259430878,0.015479783055938,0.0297291191335947,zero,0.0027750626472228,-0.0004156718999127,0.0063737555851104,0.019557363295865,-0.1418934958277082,2.0,0.0,0.109375,0.4759135216845651,
W4_dense,region=intermediate,force_vrmse,kcal/mol/A,exact_dipole,10,0.0223324259430878,0.015479783055938,0.0297291191335947,mace_polar_l,0.015222873253024,0.0089465605426084,0.0220613918913822,0.0071095526900638,-2.1411857984116502,0.0,0.0,0.001953125,1.3632785263117584,
W4_dense,region=intermediate,force_vrmse,kcal/mol/A,exact_dipole_quadrupole,10,0.0280645053004604,0.016678084207711,0.0397398385632001,,,,,,,,,,,
W4_dense,region=intermediate,force_vrmse,kcal/mol/A,exact_dipole_quadrupole,10,0.0280645053004604,0.016678084207711,0.0397398385632001,zero,0.0085071420045953,-6.861023333571613e-05,0.0173455446544348,0.019557363295865,-0.4349840965726712,3.0,0.0,0.34375,0.5743574142304406,
W4_dense,region=intermediate,force_vrmse,kcal/mol/A,exact_dipole_quadrupole,10,0.0280645053004604,0.016678084207711,0.0397398385632001,mace_polar_l,0.0209549526103966,0.0097953439690832,0.032402156322017,0.0071095526900638,-2.94743615019308,2.0,0.0,0.109375,1.0880422396291272,
W4_dense,region=intermediate,force_vrmse,kcal/mol/A,exact_dipole_quadrupole,10,0.0280645053004604,0.016678084207711,0.0397398385632001,exact_dipole,0.0057320793573725,-0.000695192093446,0.0130539392465702,0.0223324259430878,-0.2566706981131497,3.0,0.0,0.34375,0.4947014574439283,
W4_dense,region=intermediate,force_vrmse,kcal/mol/A,exact_dipole_quadrupole_octupole,10,0.0338300310108748,0.0182084265392225,0.0499503664291204,,,,,,,,,,,
W4_dense,region=intermediate,force_vrmse,kcal/mol/A,exact_dipole_quadrupole_octupole,10,0.0338300310108748,0.0182084265392225,0.0499503664291204,zero,0.0142726677150098,0.001036348373055,0.0279203659768656,0.019557363295865,-0.7297848640991123,3.0,0.0,0.34375,0.6249699360002524,
W4_dense,region=intermediate,force_vrmse,kcal/mol/A,exact_dipole_quadrupole_octupole,10,0.0338300310108748,0.0182084265392225,0.0499503664291204,mace_polar_l,0.026720478320811,0.0111828456091837,0.0428169609090082,0.0071095526900638,-3.758390926359554,2.0,0.0,0.109375,0.9910838208688884,
W4_dense,region=intermediate,force_vrmse,kcal/mol/A,exact_dipole_quadrupole_octupole,10,0.0338300310108748,0.0182084265392225,0.0499503664291204,exact_dipole,0.011497605067787,0.0006184600057403,0.0230529950569063,0.0223324259430878,-0.5148390549726947,3.0,0.0,0.34375,0.6023877111668867,
W4_dense,region=intermediate,force_vrmse,kcal/mol/A,glider,10,0.0060946930322513,0.005082012558403,0.0071486152235133,,,,,,,,,,,
W4_dense,region=intermediate,force_vrmse,kcal/mol/A,glider,10,0.0060946930322513,0.005082012558403,0.0071486152235133,zero,-0.0134626702636137,-0.0173045088350282,-0.0096016343381752,0.019557363295865,0.6883683684732733,10.0,0.0,0.001953125,-2.056233810971589,
W4_dense,region=intermediate,force_vrmse,kcal/mol/A,glider,10,0.0060946930322513,0.005082012558403,0.0071486152235133,mace_polar_l,-0.0010148596578124,-0.0020941207009404,-0.0001454606674437,0.0071095526900638,0.1427459225713077,8.0,0.0,0.109375,-0.602798067249861,
W4_dense,region=intermediate,force_vrmse,kcal/mol/A,glider,10,0.0060946930322513,0.005082012558403,0.0071486152235133,exact_dipole,-0.0162377329108365,-0.0229771937121563,-0.0099090918892199,0.0223324259430878,0.7270922089797536,10.0,0.0,0.001953125,-1.459716037387786,
W4_dense,region=intermediate,force_vrmse,kcal/mol/A,mace_polar_l,10,0.0071095526900638,0.0060118014073827,0.0082277016752211,,,,,,,,,,,
W4_dense,region=intermediate,force_vrmse,kcal/mol/A,mace_polar_l,10,0.0071095526900638,0.0060118014073827,0.0082277016752211,zero,-0.0124478106058012,-0.0161830910372776,-0.008769358642205,0.019557363295865,0.6364769328814901,10.0,0.0,0.001953125,-1.9777554180250343,
W4_dense,region=intermediate,force_vrmse,kcal/mol/A,mace_polar_l,10,0.0071095526900638,0.0060118014073827,0.0082277016752211,exact_dipole,-0.015222873253024,-0.0220613918913822,-0.0089465605426084,0.0223324259430878,0.6816488854286642,10.0,0.0,0.001953125,-1.3632785263117584,
W4_dense,region=intermediate,force_vrmse,kcal/mol/A,zero,10,0.019557363295865,0.0151819017160077,0.0239512105533018,,,,,,,,,,,
W4_dense,region=intermediate,force_vrmse,kcal/mol/A,zero,10,0.019557363295865,0.0151819017160077,0.0239512105533018,mace_polar_l,0.0124478106058012,0.008769358642205,0.0161830910372776,0.0071095526900638,-1.750857071950255,0.0,0.0,0.001953125,1.9777554180250343,
W4_dense,region=intermediate,force_vrmse,kcal/mol/A,zero,10,0.019557363295865,0.0151819017160077,0.0239512105533018,exact_dipole,-0.0027750626472228,-0.0063737555851104,0.0004156718999127,0.0223324259430878,0.1242615851181951,8.0,0.0,0.109375,-0.4759135216845651,
W4_dense,region=near,energy_mae,kcal/mol,exact_dipole,10,0.4946828028926835,0.3172504814413982,0.7450674367632437,,,,,,,,,,,
W4_dense,region=near,energy_mae,kcal/mol,exact_dipole,10,0.4946828028926835,0.3172504814413982,0.7450674367632437,zero,0.3658992680544585,0.1761031822214407,0.6306935886491859,0.1287835348382249,-2.841196031108271,0.0,0.0,0.001953125,0.914683075292978,
W4_dense,region=near,energy_mae,kcal/mol,exact_dipole,10,0.4946828028926835,0.3172504814413982,0.7450674367632437,mace_polar_l,0.4293000078637538,0.2437840219035103,0.6862380256650006,0.0653827950289297,-6.565947626952968,0.0,0.0,0.001953125,1.1056957253562685,
W4_dense,region=near,energy_mae,kcal/mol,exact_dipole_quadrupole,10,6.529429641330862,1.2453246309291164,13.766384078569953,,,,,,,,,,,
W4_dense,region=near,energy_mae,kcal/mol,exact_dipole_quadrupole,10,6.529429641330862,1.2453246309291164,13.766384078569953,zero,6.400646106492635,1.0942979038786182,13.656988646327177,0.1287835348382249,-49.70081085701668,0.0,0.0,0.001953125,0.5739732647562157,
W4_dense,region=near,energy_mae,kcal/mol,exact_dipole_quadrupole,10,6.529429641330862,1.2453246309291164,13.766384078569953,mace_polar_l,6.4640468463019305,1.1683328041889558,13.709996371879024,0.0653827950289297,-98.86464540773764,0.0,0.0,0.001953125,0.5805716980684719,
W4_dense,region=near,energy_mae,kcal/mol,exact_dipole_quadrupole,10,6.529429641330862,1.2453246309291164,13.766384078569953,exact_dipole,6.034746838438178,0.9007588686881018,13.036589080296649,0.4946828028926835,-12.199225045119178,0.0,0.0,0.001953125,0.5599361842631428,
W4_dense,region=near,energy_mae,kcal/mol,exact_dipole_quadrupole_octupole,10,84.00443528279101,3.715787116670676,196.3973898592972,,,,,,,,,,,
W4_dense,region=near,energy_mae,kcal/mol,exact_dipole_quadrupole_octupole,10,84.00443528279101,3.715787116670676,196.3973898592972,zero,83.87565174795277,3.564718938316027,196.28899172409325,0.1287835348382249,-651.2917342524844,0.0,0.0,0.001953125,0.5048652811793041,
W4_dense,region=near,energy_mae,kcal/mol,exact_dipole_quadrupole_octupole,10,84.00443528279101,3.715787116670676,196.3973898592972,mace_polar_l,83.93905248776207,3.638668830511687,196.34167221816216,0.0653827950289297,-1283.8094861289085,0.0,0.0,0.001953125,0.505303159440182,
W4_dense,region=near,energy_mae,kcal/mol,exact_dipole_quadrupole_octupole,10,84.00443528279101,3.715787116670676,196.3973898592972,exact_dipole,83.50975247989831,3.399593301064649,195.75749451158,0.4946828028926835,-168.81474753432036,0.0,0.0,0.001953125,0.503737670743341,
W4_dense,region=near,energy_mae,kcal/mol,glider,10,0.0502564517301063,0.0461002996164356,0.0546374852984579,,,,,,,,,,,
W4_dense,region=near,energy_mae,kcal/mol,glider,10,0.0502564517301063,0.0461002996164356,0.0546374852984579,zero,-0.0785270831081186,-0.1033875747210912,-0.0537273291668033,0.1287835348382249,0.609760271037463,10.0,0.0,0.001953125,-1.8670984582371648,
W4_dense,region=near,energy_mae,kcal/mol,glider,10,0.0502564517301063,0.0461002996164356,0.0546374852984579,mace_polar_l,-0.0151263432988234,-0.032058251365866,-0.0014195247514296,0.0653827950289297,0.2313505149501563,6.0,0.0,0.75390625,-0.5767962672240395,
W4_dense,region=near,energy_mae,kcal/mol,glider,10,0.0502564517301063,0.0461002996164356,0.0546374852984579,exact_dipole,-0.4444263511625772,-0.6973741699517952,-0.2666900435658923,0.4946828028926835,0.8984067134813882,10.0,0.0,0.001953125,-1.164439375790255,
W4_dense,region=near,energy_mae,kcal/mol,mace_polar_l,10,0.0653827950289297,0.0494429520777777,0.0832278321281533,,,,,,,,,,,
W4_dense,region=near,energy_mae,kcal/mol,mace_polar_l,10,0.0653827950289297,0.0494429520777777,0.0832278321281533,zero,-0.0634007398092951,-0.079642717063108,-0.0478564414203376,0.1287835348382249,0.4923047025300074,10.0,0.0,0.001953125,-2.351436432679891,
W4_dense,region=near,energy_mae,kcal/mol,mace_polar_l,10,0.0653827950289297,0.0494429520777777,0.0832278321281533,exact_dipole,-0.4293000078637538,-0.6862380256650008,-0.2437840219035103,0.4946828028926835,0.8678288498274036,10.0,0.0,0.001953125,-1.1056957253562685,
W4_dense,region=near,energy_mae,kcal/mol,zero,10,0.1287835348382249,0.1013609121350455,0.1558961256068166,,,,,,,,,,,
W4_dense,region=near,energy_mae,kcal/mol,zero,10,0.1287835348382249,0.1013609121350455,0.1558961256068166,mace_polar_l,0.0634007398092951,0.0478564414203376,0.079642717063108,0.0653827950289297,-0.9696853703063996,0.0,0.0,0.001953125,2.351436432679891,
W4_dense,region=near,energy_mae,kcal/mol,zero,10,0.1287835348382249,0.1013609121350455,0.1558961256068166,exact_dipole,-0.3658992680544585,-0.630693588649186,-0.1761031822214409,0.4946828028926835,0.7396644191284667,10.0,0.0,0.001953125,-0.914683075292978,
W4_dense,region=near,energy_rmse,kcal/mol,exact_dipole,10,0.8461065082653644,0.3723871458728577,1.6422733941487475,,,,,,,,,,,
W4_dense,region=near,energy_rmse,kcal/mol,exact_dipole,10,0.8461065082653644,0.3723871458728577,1.6422733941487475,zero,0.698448200952394,0.2079045871563249,1.5111438904825458,0.1476583073129702,-4.730165296233509,0.0,0.0,0.001953125,0.5678501198137668,
W4_dense,region=near,energy_rmse,kcal/mol,exact_dipole,10,0.8461065082653644,0.3723871458728577,1.6422733941487475,mace_polar_l,0.7693133526097244,0.2858391764526007,1.573435263056713,0.0767931556556398,-10.017993739696308,0.0,0.0,0.001953125,0.6325235602023608,
W4_dense,region=near,energy_rmse,kcal/mol,exact_dipole_quadrupole,10,14.562301108742425,1.496307143081843,35.77711400721139,,,,,,,,,,,
W4_dense,region=near,energy_rmse,kcal/mol,exact_dipole_quadrupole,10,14.562301108742425,1.496307143081843,35.77711400721139,zero,14.414642801429457,1.32585946653855,35.65262039796519,0.1476583073129702,-97.62161752861488,0.0,0.0,0.001953125,0.4366353933514818,
W4_dense,region=near,energy_rmse,kcal/mol,exact_dipole_quadrupole,10,14.562301108742425,1.496307143081843,35.77711400721139,mace_polar_l,14.485507953086785,1.4065649015344477,35.70947712184261,0.0767931556556398,-188.630195352871,0.0,0.0,0.001953125,0.4389934727521173,
W4_dense,region=near,energy_rmse,kcal/mol,exact_dipole_quadrupole,10,14.562301108742425,1.496307143081843,35.77711400721139,exact_dipole,13.716194600477058,1.0969773582025704,34.14266621598414,0.8461065082653644,-16.210955082472015,0.0,0.0,0.001953125,0.4314498088064887,
W4_dense,region=near,energy_rmse,kcal/mol,exact_dipole_quadrupole_octupole,10,229.4162126150768,4.688695116412174,532.3969451339403,,,,,,,,,,,
W4_dense,region=near,energy_rmse,kcal/mol,exact_dipole_quadrupole_octupole,10,229.4162126150768,4.688695116412174,532.3969451339403,zero,229.26855430776376,4.509400052894611,532.2840408636588,0.1476583073129702,-1552.696617480627,0.0,0.0,0.001953125,0.4678531313778317,
W4_dense,region=near,energy_rmse,kcal/mol,exact_dipole_quadrupole_octupole,10,229.4162126150768,4.688695116412174,532.3969451339403,mace_polar_l,229.3394194594211,4.602525667472956,532.3348852702343,0.0767931556556398,-2986.4565077627176,0.0,0.0,0.001953125,0.4680163158798122,
W4_dense,region=near,energy_rmse,kcal/mol,exact_dipole_quadrupole_octupole,10,229.4162126150768,4.688695116412174,532.3969451339403,exact_dipole,228.5701061068115,4.3414677072144015,531.0375124038795,0.8461065082653644,-270.1434203306293,0.0,0.0,0.001953125,0.4675247553640546,
W4_dense,region=near,energy_rmse,kcal/mol,glider,10,0.0593702518998251,0.0544932706739403,0.0645245685003008,,,,,,,,,,,
W4_dense,region=near,energy_rmse,kcal/mol,glider,10,0.0593702518998251,0.0544932706739403,0.0645245685003008,zero,-0.088288055413145,-0.1163919976031591,-0.0598946464067748,0.1476583073129702,0.5979213565411763,10.0,0.0,0.001953125,-1.849190555718986,
W4_dense,region=near,energy_rmse,kcal/mol,glider,10,0.0593702518998251,0.0544932706739403,0.0645245685003008,mace_polar_l,-0.0174229037558147,-0.0367852537437436,-0.0015216238900805,0.0767931556556398,0.2268809454053885,6.0,0.0,0.75390625,-0.5776765782280927,
W4_dense,region=near,energy_rmse,kcal/mol,glider,10,0.0593702518998251,0.0544932706739403,0.0645245685003008,exact_dipole,-0.7867362563655391,-1.586039129737865,-0.3114918760319658,0.8461065082653644,0.9298312312695214,10.0,0.0,0.001953125,-0.6494651721560754,
W4_dense,region=near,energy_rmse,kcal/mol,mace_polar_l,10,0.0767931556556398,0.0581960080244208,0.0974919640706748,,,,,,,,,,,
W4_dense,region=near,energy_rmse,kcal/mol,mace_polar_l,10,0.0767931556556398,0.0581960080244208,0.0974919640706748,zero,-0.0708651516573303,-0.0892455203268195,-0.0533624504216098,0.1476583073129702,0.4799266153520748,10.0,0.0,0.001953125,-2.3274391785839263,
W4_dense,region=near,energy_rmse,kcal/mol,mace_polar_l,10,0.0767931556556398,0.0581960080244208,0.0974919640706748,exact_dipole,-0.7693133526097244,-1.5734352630567132,-0.2858391764526009,0.8461065082653644,0.9092393748240084,10.0,0.0,0.001953125,-0.6325235602023608,
W4_dense,region=near,energy_rmse,kcal/mol,zero,10,0.1476583073129702,0.1163392919372644,0.1784402283699301,,,,,,,,,,,
W4_dense,region=near,energy_rmse,kcal/mol,zero,10,0.1476583073129702,0.1163392919372644,0.1784402283699301,mace_polar_l,0.0708651516573303,0.0533624504216098,0.0892455203268195,0.0767931556556398,-0.9228055684429446,0.0,0.0,0.001953125,2.3274391785839263,
W4_dense,region=near,energy_rmse,kcal/mol,zero,10,0.1476583073129702,0.1163392919372644,0.1784402283699301,exact_dipole,-0.698448200952394,-1.5111438904825465,-0.2079045871563249,0.8461065082653644,0.8254849645162402,10.0,0.0,0.001953125,-0.5678501198137668,
W4_dense,region=near,energy_nrmse,1,exact_dipole,10,5.417712591895273,2.2143521858388486,9.941977097033138,,,,,,,,,,,
W4_dense,region=near,energy_nrmse,1,exact_dipole,10,5.417712591895273,2.2143521858388486,9.941977097033138,zero,4.417712591895273,1.2143521858388486,8.941977097033138,1.0,-4.417712591895273,0.0,0.0,0.001953125,0.6515574305009096,
W4_dense,region=near,energy_nrmse,1,exact_dipole,10,5.417712591895273,2.2143521858388486,9.941977097033138,mace_polar_l,4.904059680768599,1.7223210956074009,9.38992354429222,0.5136529111266745,-9.547419229089472,0.0,0.0,0.001953125,0.7305708374203128,
W4_dense,region=near,energy_nrmse,1,exact_dipole_quadrupole,10,97.2199244298889,9.555512477001256,216.37011341747888,,,,,,,,,,,
W4_dense,region=near,energy_nrmse,1,exact_dipole_quadrupole,10,97.2199244298889,9.555512477001256,216.37011341747888,zero,96.2199244298889,8.555512477001255,215.37011341747888,1.0,-96.2199244298889,0.0,0.0,0.001953125,0.5161008496836653,
W4_dense,region=near,energy_nrmse,1,exact_dipole_quadrupole,10,97.2199244298889,9.555512477001256,216.37011341747888,mace_polar_l,96.70627151876222,9.057950519974494,215.8482761179044,0.5136529111266745,-188.27163133689123,0.0,0.0,0.001953125,0.5189217639981067,
W4_dense,region=near,energy_nrmse,1,exact_dipole_quadrupole,10,97.2199244298889,9.555512477001256,216.37011341747888,exact_dipole,91.80221183799364,7.330515419402205,206.99075004548263,5.417712591895273,-16.94482870415216,1.0,0.0,0.021484375,0.510695363623475,
W4_dense,region=near,energy_nrmse,1,exact_dipole_quadrupole_octupole,10,1663.011331425625,30.28682122944901,3985.074115421352,,,,,,,,,,,
W4_dense,region=near,energy_nrmse,1,exact_dipole_quadrupole_octupole,10,1663.011331425625,30.28682122944901,3985.074115421352,zero,1662.011331425625,29.28682122944901,3984.074115421352,1.0,-1662.011331425625,0.0,0.0,0.001953125,0.494987695562205,
W4_dense,region=near,energy_nrmse,1,exact_dipole_quadrupole_octupole,10,1663.011331425625,30.28682122944901,3985.074115421352,mace_polar_l,1662.497678514498,29.800165554018665,3984.549715534048,0.5136529111266745,-3236.6168720194432,0.0,0.0,0.001953125,0.4951428137054523,
W4_dense,region=near,energy_nrmse,1,exact_dipole_quadrupole_octupole,10,1663.011331425625,30.28682122944901,3985.074115421352,exact_dipole,1657.5936188337296,28.08097553585588,3974.725036540337,5.417712591895273,-305.958204817553,1.0,0.0,0.021484375,0.49454112108077,
W4_dense,region=near,energy_nrmse,1,glider,10,0.5056017935616545,0.4215603625918986,0.6023166156235467,,,,,,,,,,,
W4_dense,region=near,energy_nrmse,1,glider,10,0.5056017935616545,0.4215603625918986,0.6023166156235467,zero,-0.4943982064383455,-0.5784396374081014,-0.3976833843764532,1.0,0.4943982064383455,10.0,0.0,0.001953125,-3.210164101778585,
W4_dense,region=near,energy_nrmse,1,glider,10,0.5056017935616545,0.4215603625918986,0.6023166156235467,mace_polar_l,-0.0080511175650201,-0.1216532999106545,0.0882552448516795,0.5136529111266745,0.0156742371952304,4.0,0.0,0.75390625,-0.0448354003531138,
W4_dense,region=near,energy_nrmse,1,glider,10,0.5056017935616545,0.4215603625918986,0.6023166156235467,exact_dipole,-4.91211079833362,-9.38785344323461,-1.771144513828142,5.417712591895273,0.9066761506843276,10.0,0.0,0.001953125,-0.7346012884908019,
W4_dense,region=near,energy_nrmse,1,mace_polar_l,10,0.5136529111266745,0.4248518975454983,0.609224920404769,,,,,,,,,,,
W4_dense,region=near,energy_nrmse,1,mace_polar_l,10,0.5136529111266745,0.4248518975454983,0.609224920404769,zero,-0.4863470888733254,-0.5751481024545015,-0.3907750795952309,1.0,0.4863470888733254,10.0,0.0,0.001953125,-3.098152016066543,
W4_dense,region=near,energy_nrmse,1,mace_polar_l,10,0.5136529111266745,0.4248518975454983,0.609224920404769,exact_dipole,-4.904059680768599,-9.38992354429222,-1.7223210956074009,5.417712591895273,0.9051900774701332,10.0,0.0,0.001953125,-0.7305708374203128,
W4_dense,region=near,energy_nrmse,1,zero,10,1.0,1.0,1.0,,,,,,,,,,,
W4_dense,region=near,energy_nrmse,1,zero,10,1.0,1.0,1.0,mace_polar_l,0.4863470888733254,0.3907750795952308,0.5751481024545015,0.5136529111266745,-0.946839934785038,0.0,0.0,0.001953125,3.098152016066543,
W4_dense,region=near,energy_nrmse,1,zero,10,1.0,1.0,1.0,exact_dipole,-4.417712591895273,-8.94197709703315,-1.2143521858388495,5.417712591895273,0.8154202566049796,10.0,0.0,0.001953125,-0.6515574305009096,
W4_dense,region=near,centered_orientation_rmse,kcal/mol,exact_dipole,10,0.7740532417458419,0.3282601516116122,1.5292592696213874,,,,,,,,,,,
W4_dense,region=near,centered_orientation_rmse,kcal/mol,exact_dipole,10,0.7740532417458419,0.3282601516116122,1.5292592696213874,zero,0.6328250664891018,0.1695326873468808,1.4043456550441564,0.1412281752567401,-4.480869807591031,0.0,0.0,0.001953125,0.5418347950728727,
W4_dense,region=near,centered_orientation_rmse,kcal/mol,exact_dipole,10,0.7740532417458419,0.3282601516116122,1.5292592696213874,mace_polar_l,0.7019407096960321,0.2456858937007801,1.4645832646716073,0.0721125320498098,-9.733962873626249,0.0,0.0,0.001953125,0.6090323428663518,
W4_dense,region=near,centered_orientation_rmse,kcal/mol,exact_dipole_quadrupole,10,12.822130928890903,1.297948981877983,33.14631614455416,,,,,,,,,,,
W4_dense,region=near,centered_orientation_rmse,kcal/mol,exact_dipole_quadrupole,10,12.822130928890903,1.297948981877983,33.14631614455416,zero,12.68090275363416,1.1322879179874636,33.0305902160691,0.1412281752567401,-89.7901762915326,0.0,0.0,0.001953125,0.4037193057089569,
W4_dense,region=near,centered_orientation_rmse,kcal/mol,exact_dipole_quadrupole,10,12.822130928890903,1.297948981877983,33.14631614455416,mace_polar_l,12.750018396841096,1.2143504097364126,33.09089376323497,0.0721125320498098,-176.80724881542577,0.0,0.0,0.001953125,0.406131160244901,
W4_dense,region=near,centered_orientation_rmse,kcal/mol,exact_dipole_quadrupole,10,12.822130928890903,1.297948981877983,33.14631614455416,exact_dipole,12.048077687145062,0.9490181684368112,31.63796407466875,0.7740532417458419,-15.564921167400795,0.0,0.0,0.001953125,0.3982971566178735,
W4_dense,region=near,centered_orientation_rmse,kcal/mol,exact_dipole_quadrupole_octupole,10,218.5309302001888,4.324106386062876,507.2209786353874,,,,,,,,,,,
W4_dense,region=near,centered_orientation_rmse,kcal/mol,exact_dipole_quadrupole_octupole,10,218.5309302001888,4.324106386062876,507.2209786353874,zero,218.3897020249321,4.168935431943624,507.11347019022094,0.1412281752567401,-1546.360714693928,0.0,0.0,0.001953125,0.4674600454800074,
W4_dense,region=near,centered_orientation_rmse,kcal/mol,exact_dipole_quadrupole_octupole,10,218.5309302001888,4.324106386062876,507.2209786353874,mace_polar_l,218.4588176681389,4.260113452954842,507.1628185915855,0.0721125320498098,-3029.4154352705887,0.0,0.0,0.001953125,0.4676291013945413,
W4_dense,region=near,centered_orientation_rmse,kcal/mol,exact_dipole_quadrupole_octupole,10,218.5309302001888,4.324106386062876,507.2209786353874,exact_dipole,217.7568769584429,3.95405883984038,505.9806533948407,0.7740532417458419,-281.32028291400496,0.0,0.0,0.001953125,0.467191147924034,
W4_dense,region=near,centered_orientation_rmse,kcal/mol,glider,10,0.0561305049868624,0.0516648968552372,0.0608261847499239,,,,,,,,,,,
W4_dense,region=near,centered_orientation_rmse,kcal/mol,glider,10,0.0561305049868624,0.0516648968552372,0.0608261847499239,zero,-0.0850976702698777,-0.11266865481378,-0.0571963708267861,0.1412281752567401,0.6025544840126821,10.0,0.0,0.001953125,-1.8086829706181784,
W4_dense,region=near,centered_orientation_rmse,kcal/mol,glider,10,0.0561305049868624,0.0516648968552372,0.0608261847499239,mace_polar_l,-0.0159820270629473,-0.0339362112402166,-0.0010449301814882,0.0721125320498098,0.2216262084918639,6.0,0.0,0.75390625,-0.5662264782843472,
W4_dense,region=near,centered_orientation_rmse,kcal/mol,glider,10,0.0561305049868624,0.0516648968552372,0.0608261847499239,exact_dipole,-0.7179227367589794,-1.4762965183114145,-0.2700099042434083,0.7740532417458419,0.9274849558665208,10.0,0.0,0.001953125,-0.6255767778856687,
W4_dense,region=near,centered_orientation_rmse,kcal/mol,mace_polar_l,10,0.0721125320498098,0.054821855697424,0.0912744646402776,,,,,,,,,,,
W4_dense,region=near,centered_orientation_rmse,kcal/mol,mace_polar_l,10,0.0721125320498098,0.054821855697424,0.0912744646402776,zero,-0.0691156432069303,-0.0872617962082088,-0.0512915563525266,0.1412281752567401,0.4893899045377049,10.0,0.0,0.001953125,-2.2672549170596863,
W4_dense,region=near,centered_orientation_rmse,kcal/mol,mace_polar_l,10,0.0721125320498098,0.054821855697424,0.0912744646402776,exact_dipole,-0.7019407096960321,-1.4645832646716073,-0.2456858937007802,0.7740532417458419,0.9068377623648172,10.0,0.0,0.001953125,-0.6090323428663518,
W4_dense,region=near,centered_orientation_rmse,kcal/mol,zero,10,0.1412281752567401,0.1106461195202091,0.1712525484324125,,,,,,,,,,,
W4_dense,region=near,centered_orientation_rmse,kcal/mol,zero,10,0.1412281752567401,0.1106461195202091,0.1712525484324125,mace_polar_l,0.0691156432069303,0.0512915563525266,0.0872617962082087,0.0721125320498098,-0.9584414975082348,0.0,0.0,0.001953125,2.2672549170596863,
W4_dense,region=near,centered_orientation_rmse,kcal/mol,zero,10,0.1412281752567401,0.1106461195202091,0.1712525484324125,exact_dipole,-0.6328250664891018,-1.4043456550441575,-0.1695326873468811,0.7740532417458419,0.8175472078145343,10.0,0.0,0.001953125,-0.5418347950728727,
W4_dense,region=near,centered_orientation_nrmse,1,exact_dipole,10,5.15764868371768,2.172838120492505,9.436913799449304,,,,,,,,,,,
W4_dense,region=near,centered_orientation_nrmse,1,exact_dipole,10,5.15764868371768,2.172838120492505,9.436913799449304,zero,4.15764868371768,1.172838120492505,8.436913799449304,1.0,-4.15764868371768,1.0,0.0,0.021484375,0.6457478051899505,
W4_dense,region=near,centered_orientation_nrmse,1,exact_dipole,10,5.15764868371768,2.172838120492505,9.436913799449304,mace_polar_l,4.650925963019096,1.6963790251070754,8.874084893603467,0.5067227206985837,-9.178443699163884,0.0,0.0,0.001953125,0.7317412380239364,
W4_dense,region=near,centered_orientation_nrmse,1,exact_dipole_quadrupole,10,80.8549589317838,9.192916217214242,190.69459556697603,,,,,,,,,,,
W4_dense,region=near,centered_orientation_nrmse,1,exact_dipole_quadrupole,10,80.8549589317838,9.192916217214242,190.69459556697603,zero,79.8549589317838,8.192916217214242,189.69459556697603,1.0,-79.8549589317838,0.0,0.0,0.001953125,0.4733969021120095,
W4_dense,region=near,centered_orientation_nrmse,1,exact_dipole_quadrupole,10,80.8549589317838,9.192916217214242,190.69459556697603,mace_polar_l,80.34823621108524,8.694147286846889,190.18122725350293,0.5067227206985837,-158.56450269353354,0.0,0.0,0.001953125,0.4765811490591484,
W4_dense,region=near,centered_orientation_nrmse,1,exact_dipole_quadrupole,10,80.8549589317838,9.192916217214242,190.69459556697603,exact_dipole,75.69731024806612,6.969219220471881,181.3026949047476,5.15764868371768,-14.67670927006661,1.0,0.0,0.021484375,0.4663425382162533,
W4_dense,region=near,centered_orientation_nrmse,1,exact_dipole_quadrupole_octupole,10,1610.5955755387076,29.50553259348167,3860.525395332704,,,,,,,,,,,
W4_dense,region=near,centered_orientation_nrmse,1,exact_dipole_quadrupole_octupole,10,1610.5955755387076,29.50553259348167,3860.525395332704,zero,1609.5955755387076,28.50553259348167,3859.525395332704,1.0,-1609.5955755387076,0.0,0.0,0.001953125,0.4950781644338684,
W4_dense,region=near,centered_orientation_nrmse,1,exact_dipole_quadrupole_octupole,10,1610.5955755387076,29.50553259348167,3860.525395332704,mace_polar_l,1610.088852818009,29.07990873609002,3859.999784830336,0.5067227206985837,-3177.455415060708,0.0,0.0,0.001953125,0.4952422095347432,
W4_dense,region=near,centered_orientation_nrmse,1,exact_dipole_quadrupole_octupole,10,1610.5955755387076,29.50553259348167,3860.525395332704,exact_dipole,1605.4379268549897,27.3628986292395,3850.74302573254,5.15764868371768,-311.27322260689067,1.0,0.0,0.021484375,0.494628860170388,
W4_dense,region=near,centered_orientation_nrmse,1,glider,10,0.5094603807014613,0.420865039536466,0.6100811737437584,,,,,,,,,,,
W4_dense,region=near,centered_orientation_nrmse,1,glider,10,0.5094603807014613,0.420865039536466,0.6100811737437584,zero,-0.4905396192985387,-0.5791349604635337,-0.3899188262562416,1.0,0.4905396192985387,10.0,0.0,0.001953125,-3.0515614533511464,
W4_dense,region=near,centered_orientation_nrmse,1,glider,10,0.5094603807014613,0.420865039536466,0.6100811737437584,mace_polar_l,0.0027376600028775,-0.1055453717336417,0.0964729286385614,0.5067227206985837,-0.0054026786071548,4.0,0.0,0.75390625,0.0158668883869079,
W4_dense,region=near,centered_orientation_nrmse,1,glider,10,0.5094603807014613,0.420865039536466,0.6100811737437584,exact_dipole,-4.648188303016218,-8.849365476716189,-1.7222653714784568,5.15764868371768,0.9012223569414896,10.0,0.0,0.001953125,-0.7334568183620049,
W4_dense,region=near,centered_orientation_nrmse,1,mace_polar_l,10,0.5067227206985837,0.4155626637519197,0.6045597868554229,,,,,,,,,,,
W4_dense,region=near,centered_orientation_nrmse,1,mace_polar_l,10,0.5067227206985837,0.4155626637519197,0.6045597868554229,zero,-0.4932772793014163,-0.5844373362480803,-0.3954402131445769,1.0,0.4932772793014163,10.0,0.0,0.001953125,-3.056466598885357,
W4_dense,region=near,centered_orientation_nrmse,1,mace_polar_l,10,0.5067227206985837,0.4155626637519197,0.6045597868554229,exact_dipole,-4.650925963019096,-8.87408489360347,-1.6963790251070774,5.15764868371768,0.901753153079567,10.0,0.0,0.001953125,-0.7317412380239364,
W4_dense,region=near,centered_orientation_nrmse,1,zero,10,1.0,1.0,1.0,,,,,,,,,,,
W4_dense,region=near,centered_orientation_nrmse,1,zero,10,1.0,1.0,1.0,mace_polar_l,0.4932772793014163,0.3954402131445767,0.5844373362480801,0.5067227206985837,-0.9734658801590126,0.0,0.0,0.001953125,3.056466598885357,
W4_dense,region=near,centered_orientation_nrmse,1,zero,10,1.0,1.0,1.0,exact_dipole,-4.15764868371768,-8.436913799449306,-1.1728381204925058,5.15764868371768,0.8061131997693198,9.0,0.0,0.021484375,-0.6457478051899505,
W4_dense,region=near,torque_vrmse,kcal/mol,exact_dipole,10,5.093698247907576,0.6598979209978603,13.334172510640975,,,,,,,,,,,
W4_dense,region=near,torque_vrmse,kcal/mol,exact_dipole,10,5.093698247907576,0.6598979209978603,13.334172510640975,zero,4.868974488945502,0.405921268928646,13.142509447532928,0.2247237589620724,-21.666487386263693,0.0,0.0,0.001953125,0.3803266377944598,
W4_dense,region=near,torque_vrmse,kcal/mol,exact_dipole,10,5.093698247907576,0.6598979209978603,13.334172510640975,mace_polar_l,4.965097886627479,0.5147281144926897,13.219570023920207,0.1286003612800954,-38.60873979827591,0.0,0.0,0.001953125,0.3884703301356475,
W4_dense,region=near,torque_vrmse,kcal/mol,exact_dipole_quadrupole,10,238.9002128413838,3.7284494915761393,680.8275768960376,,,,,,,,,,,
W4_dense,region=near,torque_vrmse,kcal/mol,exact_dipole_quadrupole,10,238.9002128413838,3.7284494915761393,680.8275768960376,zero,238.6754890824218,3.4708386671710056,680.6321592539991,0.2247237589620724,-1062.0839121986387,0.0,0.0,0.001953125,0.3445531792230323,
W4_dense,region=near,torque_vrmse,kcal/mol,exact_dipole_quadrupole,10,238.9002128413838,3.7284494915761393,680.8275768960376,mace_polar_l,238.77161248010376,3.580546938639663,680.711279604085,0.1286003612800954,-1856.6947254530023,0.0,0.0,0.001953125,0.3447024480874408,
W4_dense,region=near,torque_vrmse,kcal/mol,exact_dipole_quadrupole,10,238.9002128413838,3.7284494915761393,680.8275768960376,exact_dipole,233.8065145934763,3.067996727366448,667.4384138909052,5.093698247907576,-45.901131793490286,0.0,0.0,0.001953125,0.3438767370657709,
W4_dense,region=near,torque_vrmse,kcal/mol,exact_dipole_quadrupole_octupole,10,5330.481076664085,14.66488832539346,14376.48987318557,,,,,,,,,,,
W4_dense,region=near,torque_vrmse,kcal/mol,exact_dipole_quadrupole_octupole,10,5330.481076664085,14.66488832539346,14376.48987318557,zero,5330.256352905121,14.41947524861416,14376.29926230271,0.2247237589620724,-23719.14913458142,0.0,0.0,0.001953125,0.3759664427768118,
W4_dense,region=near,torque_vrmse,kcal/mol,exact_dipole_quadrupole_octupole,10,5330.481076664085,14.66488832539346,14376.48987318557,mace_polar_l,5330.352476302803,14.53339675261788,14376.382110971856,0.1286003612800954,-41448.96968596487,0.0,0.0,0.001953125,0.3759738448305837,
W4_dense,region=near,torque_vrmse,kcal/mol,exact_dipole_quadrupole_octupole,10,5330.481076664085,14.66488832539346,14376.48987318557,exact_dipole,5325.387378416177,14.066494946668588,14363.119068867829,5.093698247907576,-1045.4854448050148,0.0,0.0,0.001953125,0.3759605330377953,
W4_dense,region=near,torque_vrmse,kcal/mol,glider,10,0.1047442691132508,0.0959278140535608,0.1166526560691553,,,,,,,,,,,
W4_dense,region=near,torque_vrmse,kcal/mol,glider,10,0.1047442691132508,0.0959278140535608,0.1166526560691553,zero,-0.1199794898488215,-0.1609138757496049,-0.0788478042647086,0.2247237589620724,0.5338976635268502,10.0,0.0,0.001953125,-1.726314074185758,
W4_dense,region=near,torque_vrmse,kcal/mol,glider,10,0.1047442691132508,0.0959278140535608,0.1166526560691553,mace_polar_l,-0.0238560921668445,-0.0506696295880695,-0.0009888163073995,0.1286003612800954,0.1855056387818791,7.0,0.0,0.34375,-0.5599273048551691,
W4_dense,region=near,torque_vrmse,kcal/mol,glider,10,0.1047442691132508,0.0959278140535608,0.1166526560691553,exact_dipole,-4.988953978794324,-13.234840593596562,-0.5504244368723605,5.093698247907576,0.979436498980622,10.0,0.0,0.001953125,-0.390508119889611,
W4_dense,region=near,torque_vrmse,kcal/mol,mace_polar_l,10,0.1286003612800954,0.1003625859053643,0.1596279086582452,,,,,,,,,,,
W4_dense,region=near,torque_vrmse,kcal/mol,mace_polar_l,10,0.1286003612800954,0.1003625859053643,0.1596279086582452,zero,-0.0961233976819769,-0.1234656331402662,-0.0708903770278119,0.2247237589620724,0.427740253749494,10.0,0.0,0.001953125,-2.168322444147058,
W4_dense,region=near,torque_vrmse,kcal/mol,mace_polar_l,10,0.1286003612800954,0.1003625859053643,0.1596279086582452,exact_dipole,-4.965097886627479,-13.219570023920207,-0.51472811449269,5.093698247907576,0.9747530467999508,10.0,0.0,0.001953125,-0.3884703301356475,
W4_dense,region=near,torque_vrmse,kcal/mol,zero,10,0.2247237589620724,0.1791835274867208,0.269837692830608,,,,,,,,,,,
W4_dense,region=near,torque_vrmse,kcal/mol,zero,10,0.2247237589620724,0.1791835274867208,0.269837692830608,mace_polar_l,0.0961233976819769,0.0708903770278119,0.1234656331402661,0.1286003612800954,-0.747458224262818,0.0,0.0,0.001953125,2.168322444147058,
W4_dense,region=near,torque_vrmse,kcal/mol,zero,10,0.2247237589620724,0.1791835274867208,0.269837692830608,exact_dipole,-4.868974488945502,-13.142509447532928,-0.4059212689286463,5.093698247907576,0.9558820039929956,10.0,0.0,0.001953125,-0.3803266377944598,
W4_dense,region=near,esp_rmse_mEh,mEh/e,exact_dipole,10,3.0854199947626086,2.015501616150251,4.674694574961928,,,,,,,,,,,
W4_dense,region=near,esp_rmse_mEh,mEh/e,exact_dipole,10,3.0854199947626086,2.015501616150251,4.674694574961928,zero,1.6742782190106662,0.597170695690229,3.372258578905369,1.4111417757519429,-1.186470592664942,0.0,0.0,0.001953125,0.6520745330162224,
W4_dense,region=near,esp_rmse_mEh,mEh/e,exact_dipole,10,3.0854199947626086,2.015501616150251,4.674694574961928,mace_polar_l,2.618343185590984,1.530870919410528,4.229107618184116,0.4670768091716253,-5.605808582606988,0.0,0.0,0.001953125,1.084911200767274,
W4_dense,region=near,esp_rmse_mEh,mEh/e,exact_dipole_quadrupole,10,32.40298302366181,5.091841682478028,79.28880776301725,,,,,,,,,,,
W4_dense,region=near,esp_rmse_mEh,mEh/e,exact_dipole_quadrupole,10,32.40298302366181,5.091841682478028,79.28880776301725,zero,30.991841247909868,3.486908846674744,78.02608862948452,1.4111417757519429,-21.9622448859864,1.0,0.0,0.021484375,0.4297111898358095,
W4_dense,region=near,esp_rmse_mEh,mEh/e,exact_dipole_quadrupole,10,32.40298302366181,5.091841682478028,79.28880776301725,mace_polar_l,31.93590621449018,4.553288344590143,78.87143023159398,0.4670768091716253,-68.37399242991634,0.0,0.0,0.001953125,0.4441700869686331,
W4_dense,region=near,esp_rmse_mEh,mEh/e,exact_dipole_quadrupole,10,32.40298302366181,5.091841682478028,79.28880776301725,exact_dipole,29.3175630288992,2.8482838398051924,74.62993203631862,3.0854199947626086,-9.501968315063989,1.0,0.0,0.021484375,0.4212578622137237,
W4_dense,region=near,esp_rmse_mEh,mEh/e,exact_dipole_quadrupole_octupole,10,508.85140156030127,13.315855236640369,1177.4108403836974,,,,,,,,,,,
W4_dense,region=near,esp_rmse_mEh,mEh/e,exact_dipole_quadrupole_octupole,10,508.85140156030127,13.315855236640369,1177.4108403836974,zero,507.44025978454937,11.60942492261672,1176.3356696816409,1.4111417757519429,-359.5955193900727,1.0,0.0,0.021484375,0.4696319778471259,
W4_dense,region=near,esp_rmse_mEh,mEh/e,exact_dipole_quadrupole_octupole,10,508.85140156030127,13.315855236640369,1177.4108403836974,mace_polar_l,508.3843247511296,12.80720489237756,1177.0320576241895,0.4670768091716253,-1088.4383783745643,0.0,0.0,0.001953125,0.4706196335967699,
W4_dense,region=near,esp_rmse_mEh,mEh/e,exact_dipole_quadrupole_octupole,10,508.85140156030127,13.315855236640369,1177.4108403836974,exact_dipole,505.7659815655387,10.914562430829106,1173.4688685611814,3.0854199947626086,-163.92127568501485,1.0,0.0,0.021484375,0.4690963935849598,
W4_dense,region=near,esp_rmse_mEh,mEh/e,glider,10,0.3948583209563256,0.3359636161418436,0.4573948124665761,,,,,,,,,,,
W4_dense,region=near,esp_rmse_mEh,mEh/e,glider,10,0.3948583209563256,0.3359636161418436,0.4573948124665761,zero,-1.0162834547956168,-1.378745946208257,-0.7074164643607905,1.4111417757519429,0.7201852232417107,10.0,0.0,0.001953125,-1.7839379922130438,
W4_dense,region=near,esp_rmse_mEh,mEh/e,glider,10,0.3948583209563256,0.3359636161418436,0.4573948124665761,mace_polar_l,-0.0722184882152996,-0.1724893599457245,0.0136880919404597,0.4670768091716253,0.1546180131344593,6.0,0.0,0.75390625,-0.4528634630515521,
W4_dense,region=near,esp_rmse_mEh,mEh/e,glider,10,0.3948583209563256,0.3359636161418436,0.4573948124665761,exact_dipole,-2.6905616738062834,-4.304355677403587,-1.6042032649089328,3.0854199947626086,0.8720244499528156,10.0,0.0,0.001953125,-1.1092275381234975,
W4_dense,region=near,esp_rmse_mEh,mEh/e,mace_polar_l,10,0.4670768091716253,0.3719307390730899,0.5652111971673502,,,,,,,,,,,
W4_dense,region=near,esp_rmse_mEh,mEh/e,mace_polar_l,10,0.4670768091716253,0.3719307390730899,0.5652111971673502,zero,-0.9440649665803174,-1.2773051051605928,-0.6653568782629029,1.4111417757519429,0.669007879153221,10.0,0.0,0.001953125,-1.8229262959786223,
W4_dense,region=near,esp_rmse_mEh,mEh/e,mace_polar_l,10,0.4670768091716253,0.3719307390730899,0.5652111971673502,exact_dipole,-2.618343185590984,-4.229107618184118,-1.5308709194105286,3.0854199947626086,0.8486180779393173,10.0,0.0,0.001953125,-1.084911200767274,
W4_dense,region=near,esp_rmse_mEh,mEh/e,zero,10,1.4111417757519429,1.0786784240742666,1.805376164455464,,,,,,,,,,,
W4_dense,region=near,esp_rmse_mEh,mEh/e,zero,10,1.4111417757519429,1.0786784240742666,1.805376164455464,mace_polar_l,0.9440649665803174,0.6653568782629028,1.2773051051605928,0.4670768091716253,-2.0212199536402693,0.0,0.0,0.001953125,1.8229262959786223,
W4_dense,region=near,esp_rmse_mEh,mEh/e,zero,10,1.4111417757519429,1.0786784240742666,1.805376164455464,exact_dipole,-1.6742782190106662,-3.372258578905371,-0.5971706956902294,3.0854199947626086,0.5426419164498493,10.0,0.0,0.001953125,-0.6520745330162224,
W4_dense,region=near,field_vrmse,kcal/mol/e/A,exact_dipole,10,11.99044691075122,1.6124148401951537,31.38051769772148,,,,,,,,,,,
W4_dense,region=near,field_vrmse,kcal/mol/e/A,exact_dipole,10,11.99044691075122,1.6124148401951537,31.38051769772148,zero,11.44391088325106,0.9975672480854144,30.90777356294268,0.5465360275001648,-20.93898719832812,0.0,0.0,0.001953125,0.3792458137461234,
W4_dense,region=near,field_vrmse,kcal/mol/e/A,exact_dipole,10,11.99044691075122,1.6124148401951537,31.38051769772148,mace_polar_l,11.68951372560061,1.2702857505294929,31.115263730976924,0.3009331851506119,-38.84421626598012,0.0,0.0,0.001953125,0.3880384902830049,
W4_dense,region=near,field_vrmse,kcal/mol/e/A,exact_dipole_quadrupole,10,414.4158370402644,7.623594438441175,1177.7619750078366,,,,,,,,,,,
W4_dense,region=near,field_vrmse,kcal/mol/e/A,exact_dipole_quadrupole,10,414.4158370402644,7.623594438441175,1177.7619750078366,zero,413.8693010127643,6.9792900452547455,1177.2756420701392,0.5465360275001648,-757.2589549234052,0.0,0.0,0.001953125,0.3459396950818389,
W4_dense,region=near,field_vrmse,kcal/mol/e/A,exact_dipole_quadrupole,10,414.4158370402644,7.623594438441175,1177.7619750078366,mace_polar_l,414.11490385511377,7.268684439738658,1177.492796151132,0.3009331851506119,-1376.1024848351517,0.0,0.0,0.001953125,0.3461598498556148,
W4_dense,region=near,field_vrmse,kcal/mol/e/A,exact_dipole_quadrupole,10,414.4158370402644,7.623594438441175,1177.7619750078366,exact_dipole,402.4253901295132,5.934514736470821,1146.3791273832649,11.99044691075122,-33.562167709418645,0.0,0.0,0.001953125,0.3450753733727381,
W4_dense,region=near,field_vrmse,kcal/mol/e/A,exact_dipole_quadrupole_octupole,10,8715.170349764057,31.286414768399368,23131.637470630823,,,,,,,,,,,
W4_dense,region=near,field_vrmse,kcal/mol/e/A,exact_dipole_quadrupole_octupole,10,8715.170349764057,31.286414768399368,23131.637470630823,zero,8714.623813736554,30.666211228308093,23131.17296220731,0.5465360275001648,-15945.195513636892,0.0,0.0,0.001953125,0.384985580277927,
W4_dense,region=near,field_vrmse,kcal/mol/e/A,exact_dipole_quadrupole_octupole,10,8715.170349764057,31.286414768399368,23131.637470630823,mace_polar_l,8714.869416578906,30.947394259730583,23131.38476463409,0.3009331851506119,-28959.48285735673,0.0,0.0,0.001953125,0.3849974290027881,
W4_dense,region=near,field_vrmse,kcal/mol/e/A,exact_dipole_quadrupole_octupole,10,8715.170349764057,31.286414768399368,23131.637470630823,exact_dipole,8703.179902853306,29.68227234524089,23099.99876744138,11.99044691075122,-725.8428286813571,0.0,0.0,0.001953125,0.3849883215806293,
W4_dense,region=near,field_vrmse,kcal/mol/e/A,glider,10,0.2448900438795662,0.2264468739828293,0.2671345502191134,,,,,,,,,,,
W4_dense,region=near,field_vrmse,kcal/mol/e/A,glider,10,0.2448900438795662,0.2264468739828293,0.2671345502191134,zero,-0.3016459836205988,-0.4021365612905376,-0.1997566090194138,0.5465360275001648,0.5519233288248462,10.0,0.0,0.001953125,-1.7590721349390446,
W4_dense,region=near,field_vrmse,kcal/mol/e/A,glider,10,0.2448900438795662,0.2264468739828293,0.2671345502191134,mace_polar_l,-0.0560431412710457,-0.122517804208528,0.0003276423354951,0.3009331851506119,0.1862311770069397,6.0,0.0,0.75390625,-0.5321376127509468,
W4_dense,region=near,field_vrmse,kcal/mol/e/A,glider,10,0.2448900438795662,0.2264468739828293,0.2671345502191134,exact_dipole,-11.745556866871656,-31.148309723146312,-1.3616819434923353,11.99044691075122,0.9795762371742804,10.0,0.0,0.001953125,-0.3900449962822581,
W4_dense,region=near,field_vrmse,kcal/mol/e/A,mace_polar_l,10,0.3009331851506119,0.2320774402521719,0.3767167215883334,,,,,,,,,,,
W4_dense,region=near,field_vrmse,kcal/mol/e/A,mace_polar_l,10,0.3009331851506119,0.2320774402521719,0.3767167215883334,zero,-0.245602842349553,-0.3131937034344919,-0.1829224859906003,0.5465360275001648,0.4493808824880786,10.0,0.0,0.001953125,-2.2286569941235688,
W4_dense,region=near,field_vrmse,kcal/mol/e/A,mace_polar_l,10,0.3009331851506119,0.2320774402521719,0.3767167215883334,exact_dipole,-11.68951372560061,-31.115263730976945,-1.2702857505294929,11.99044691075122,0.9749022544872136,10.0,0.0,0.001953125,-0.3880384902830049,
W4_dense,region=near,field_vrmse,kcal/mol/e/A,zero,10,0.5465360275001648,0.4337154134267285,0.6584821110108313,,,,,,,,,,,
W4_dense,region=near,field_vrmse,kcal/mol/e/A,zero,10,0.5465360275001648,0.4337154134267285,0.6584821110108313,mace_polar_l,0.245602842349553,0.1829224859906002,0.3131937034344919,0.3009331851506119,-0.8161374500011782,0.0,0.0,0.001953125,2.2286569941235688,
W4_dense,region=near,field_vrmse,kcal/mol/e/A,zero,10,0.5465360275001648,0.4337154134267285,0.6584821110108313,exact_dipole,-11.44391088325106,-30.90777356294269,-0.997567248085415,11.99044691075122,0.9544190444636294,10.0,0.0,0.001953125,-0.3792458137461234,
W4_dense,region=near,force_vrmse,kcal/mol/A,exact_dipole,10,8.311921912612402,0.7142145626210484,22.381564944267133,,,,,,,,,,,
W4_dense,region=near,force_vrmse,kcal/mol/A,exact_dipole,10,8.311921912612402,0.7142145626210484,22.381564944267133,zero,8.16872037370688,0.5512825563282032,22.26355456336297,0.1432015389055216,-57.04352366699257,0.0,0.0,0.001953125,0.3737932772631855,
W4_dense,region=near,force_vrmse,kcal/mol/A,exact_dipole,10,8.311921912612402,0.7142145626210484,22.381564944267133,mace_polar_l,8.200646283671585,0.5880499971464767,22.29190827064008,0.1112756289408168,-73.6966967675661,0.0,0.0,0.001953125,0.375345930103679,
W4_dense,region=near,force_vrmse,kcal/mol/A,exact_dipole_quadrupole,10,300.4798765204183,4.58032629942026,851.7160698039509,,,,,,,,,,,
W4_dense,region=near,force_vrmse,kcal/mol/A,exact_dipole_quadrupole,10,300.4798765204183,4.58032629942026,851.7160698039509,zero,300.33667498151283,4.408155328161042,851.5979229045095,0.1432015389055216,-2097.300610572784,0.0,0.0,0.001953125,0.347659238708133,
W4_dense,region=near,force_vrmse,kcal/mol/A,exact_dipole_quadrupole,10,300.4798765204183,4.58032629942026,851.7160698039509,mace_polar_l,300.3686008914775,4.442464775741353,851.6251743703391,0.1112756289408168,-2699.320630676747,0.0,0.0,0.001953125,0.347698349617967,
W4_dense,region=near,force_vrmse,kcal/mol/A,exact_dipole_quadrupole,10,300.4798765204183,4.58032629942026,851.7160698039509,exact_dipole,292.1679546078059,3.857195636620355,829.4205901288796,8.311921912612402,-35.15046913090871,0.0,0.0,0.001953125,0.3469787003108043,
W4_dense,region=near,force_vrmse,kcal/mol/A,exact_dipole_quadrupole_octupole,10,6293.278620473941,20.39155822212728,16705.408820291803,,,,,,,,,,,
W4_dense,region=near,force_vrmse,kcal/mol/A,exact_dipole_quadrupole_octupole,10,6293.278620473941,20.39155822212728,16705.408820291803,zero,6293.135418935037,20.22345752721141,16705.289799120426,0.1432015389055216,-43946.00412141509,0.0,0.0,0.001953125,0.3848790630803994,
W4_dense,region=near,force_vrmse,kcal/mol/A,exact_dipole_quadrupole_octupole,10,6293.278620473941,20.39155822212728,16705.408820291803,mace_polar_l,6293.167344845,20.25784644711554,16705.317634716313,0.1112756289408168,-56554.767694838985,0.0,0.0,0.001953125,0.3848811616088705,
W4_dense,region=near,force_vrmse,kcal/mol/A,exact_dipole_quadrupole_octupole,10,6293.278620473941,20.39155822212728,16705.408820291803,exact_dipole,6284.9666985613285,19.754204618155885,16683.122848090214,8.311921912612402,-756.1388045554907,0.0,0.0,0.001953125,0.384889618164874,
W4_dense,region=near,force_vrmse,kcal/mol/A,glider,10,0.0998920680914061,0.08826967006649,0.1138915341911758,,,,,,,,,,,
W4_dense,region=near,force_vrmse,kcal/mol/A,glider,10,0.0998920680914061,0.08826967006649,0.1138915341911758,zero,-0.0433094708141154,-0.0683061166778229,-0.0198494699494725,0.1432015389055216,0.3024371884906156,9.0,0.0,0.021484375,-1.0591991393764597,
W4_dense,region=near,force_vrmse,kcal/mol/A,glider,10,0.0998920680914061,0.08826967006649,0.1138915341911758,mace_polar_l,-0.0113835608494107,-0.0330098453491016,0.0072115067683687,0.1112756289408168,0.1023005752271704,5.0,0.0,1.0,-0.3329704580821152,
W4_dense,region=near,force_vrmse,kcal/mol/A,glider,10,0.0998920680914061,0.08826967006649,0.1138915341911758,exact_dipole,-8.212029844520995,-22.2905020335644,-0.6135173179635496,8.311921912612402,0.987982073322918,10.0,0.0,0.001953125,-0.3759742949887163,
W4_dense,region=near,force_vrmse,kcal/mol/A,mace_polar_l,10,0.1112756289408168,0.0836703273990606,0.1431900303144219,,,,,,,,,,,
W4_dense,region=near,force_vrmse,kcal/mol/A,mace_polar_l,10,0.1112756289408168,0.0836703273990606,0.1431900303144219,zero,-0.0319259099647047,-0.0392378723271983,-0.0246663248885083,0.1432015389055216,0.2229439027590906,10.0,0.0,0.001953125,-2.57861235340961,
W4_dense,region=near,force_vrmse,kcal/mol/A,mace_polar_l,10,0.1112756289408168,0.0836703273990606,0.1431900303144219,exact_dipole,-8.200646283671585,-22.29190827064009,-0.5880499971464768,8.311921912612402,0.9866125271494708,10.0,0.0,0.001953125,-0.375345930103679,
W4_dense,region=near,force_vrmse,kcal/mol/A,zero,10,0.1432015389055216,0.1113642883423804,0.1779189099564115,,,,,,,,,,,
W4_dense,region=near,force_vrmse,kcal/mol/A,zero,10,0.1432015389055216,0.1113642883423804,0.1779189099564115,mace_polar_l,0.0319259099647047,0.0246663248885082,0.0392378723271983,0.1112756289408168,-0.2869083757925543,0.0,0.0,0.001953125,2.57861235340961,
W4_dense,region=near,force_vrmse,kcal/mol/A,zero,10,0.1432015389055216,0.1113642883423804,0.1779189099564115,exact_dipole,-8.16872037370688,-22.263554563362973,-0.551282556328204,8.311921912612402,0.9827715490579586,10.0,0.0,0.001953125,-0.3737932772631855,
W4_dense,clearance_A=0.8,energy_mae,kcal/mol,exact_dipole,10,1.4302855245496118,0.6848155434211657,2.508856193921344,,,,,,,,,,,
W4_dense,clearance_A=0.8,energy_mae,kcal/mol,exact_dipole,10,1.4302855245496118,0.6848155434211657,2.508856193921344,zero,1.2354020689426806,0.4727870765382939,2.331940510908242,0.1948834556069312,-6.339183924542143,0.0,0.0,0.001953125,0.7472726185024859,
W4_dense,clearance_A=0.8,energy_mae,kcal/mol,exact_dipole,10,1.4302855245496118,0.6848155434211657,2.508856193921344,mace_polar_l,1.312142573852366,0.5568605612858086,2.3996764121875414,0.118142950697246,-11.106397513423133,0.0,0.0,0.001953125,0.8001019409446359,
W4_dense,clearance_A=0.8,energy_mae,kcal/mol,exact_dipole_quadrupole,10,24.601016990189247,3.4864470299027124,53.63254235776678,,,,,,,,,,,
W4_dense,clearance_A=0.8,energy_mae,kcal/mol,exact_dipole_quadrupole,10,24.601016990189247,3.4864470299027124,53.63254235776678,zero,24.40613353458232,3.2610688664655725,53.48036941214893,0.1948834556069312,-125.23450725241702,0.0,0.0,0.001953125,0.5439200514327615,
W4_dense,clearance_A=0.8,energy_mae,kcal/mol,exact_dipole_quadrupole,10,24.601016990189247,3.4864470299027124,53.63254235776678,mace_polar_l,24.482874039492007,3.3510907288036096,53.54012016642767,0.118142950697246,-207.23093417763008,0.0,0.0,0.001953125,0.5458493872458089,
W4_dense,clearance_A=0.8,energy_mae,kcal/mol,exact_dipole_quadrupole,10,24.601016990189247,3.4864470299027124,53.63254235776678,exact_dipole,23.17073146563964,2.74396111944667,51.31691825239218,1.4302855245496118,-16.200074088658596,0.0,0.0,0.001953125,0.5352805568006519,
W4_dense,clearance_A=0.8,energy_mae,kcal/mol,exact_dipole_quadrupole_octupole,10,331.9904534797309,11.787830974183851,781.8665973571556,,,,,,,,,,,
W4_dense,clearance_A=0.8,energy_mae,kcal/mol,exact_dipole_quadrupole_octupole,10,331.9904534797309,11.787830974183851,781.8665973571556,zero,331.79557002412395,11.550033178878534,781.7119901746279,0.1948834556069312,-1702.5332858081945,0.0,0.0,0.001953125,0.4992934901388697,
W4_dense,clearance_A=0.8,energy_mae,kcal/mol,exact_dipole_quadrupole_octupole,10,331.9904534797309,11.787830974183851,781.8665973571556,mace_polar_l,331.8723105290336,11.648305806865066,781.7696487955646,0.118142950697246,-2809.074164564349,0.0,0.0,0.001953125,0.4994234466859608,
W4_dense,clearance_A=0.8,energy_mae,kcal/mol,exact_dipole_quadrupole_octupole,10,331.9904534797309,11.787830974183851,781.8665973571556,exact_dipole,330.56016795518127,11.097577894201224,779.7322214452486,1.4302855245496118,-231.11481049161333,0.0,0.0,0.001953125,0.4985644614224992,
W4_dense,clearance_A=0.8,energy_mae,kcal/mol,glider,10,0.0910390630663096,0.0841808344881426,0.0994570117281854,,,,,,,,,,,
W4_dense,clearance_A=0.8,energy_mae,kcal/mol,glider,10,0.0910390630663096,0.0841808344881426,0.0994570117281854,zero,-0.1038443925406215,-0.1444691775437138,-0.0640406209433749,0.1948834556069312,0.5328538136663059,9.0,0.0,0.021484375,-1.5270196478835243,
W4_dense,clearance_A=0.8,energy_mae,kcal/mol,glider,10,0.0910390630663096,0.0841808344881426,0.0994570117281854,mace_polar_l,-0.0271038876309364,-0.0599476900044396,0.0006245470341765,0.118142950697246,0.2294160376982035,6.0,0.0,0.75390625,-0.5242113565580612,
W4_dense,clearance_A=0.8,energy_mae,kcal/mol,glider,10,0.0910390630663096,0.0841808344881426,0.0994570117281854,exact_dipole,-1.3392464614833022,-2.4204724043623824,-0.5948783939572808,1.4302855245496118,0.9363490285654836,10.0,0.0,0.001953125,-0.8239837523243309,
W4_dense,clearance_A=0.8,energy_mae,kcal/mol,mace_polar_l,10,0.118142950697246,0.0856002981575133,0.1553975522945034,,,,,,,,,,,
W4_dense,clearance_A=0.8,energy_mae,kcal/mol,mace_polar_l,10,0.118142950697246,0.0856002981575133,0.1553975522945034,zero,-0.076740504909685,-0.0963100570920902,-0.0580114772797677,0.1948834556069312,0.3937763966196613,10.0,0.0,0.001953125,-2.3637733432730106,
W4_dense,clearance_A=0.8,energy_mae,kcal/mol,mace_polar_l,10,0.118142950697246,0.0856002981575133,0.1553975522945034,exact_dipole,-1.312142573852366,-2.3996764121875414,-0.556860561285809,1.4302855245496118,0.9173990446876342,10.0,0.0,0.001953125,-0.8001019409446359,
W4_dense,clearance_A=0.8,energy_mae,kcal/mol,zero,10,0.1948834556069312,0.1506107641343158,0.2404336538426063,,,,,,,,,,,
W4_dense,clearance_A=0.8,energy_mae,kcal/mol,zero,10,0.1948834556069312,0.1506107641343158,0.2404336538426063,mace_polar_l,0.076740504909685,0.0580114772797677,0.0963100570920902,0.118142950697246,-0.649556359112283,0.0,0.0,0.001953125,2.3637733432730106,
W4_dense,clearance_A=0.8,energy_mae,kcal/mol,zero,10,0.1948834556069312,0.1506107641343158,0.2404336538426063,exact_dipole,-1.2354020689426806,-2.3319405109082423,-0.4727870765382941,1.4302855245496118,0.8637450688957375,10.0,0.0,0.001953125,-0.7472726185024859,
W4_dense,clearance_A=0.8,energy_rmse,kcal/mol,exact_dipole,10,2.7514674739012346,0.8182959549145238,6.01332940762918,,,,,,,,,,,
W4_dense,clearance_A=0.8,energy_rmse,kcal/mol,exact_dipole,10,2.7514674739012346,0.8182959549145238,6.01332940762918,zero,2.5264453666843254,0.5661571363863914,5.809553113748108,0.2250221072169088,-11.227542919811754,0.0,0.0,0.001953125,0.5062812616101233,
W4_dense,clearance_A=0.8,energy_rmse,kcal/mol,exact_dipole,10,2.7514674739012346,0.8182959549145238,6.01332940762918,mace_polar_l,2.61247039629586,0.6578209282144308,5.889026102894771,0.1389970776053739,-18.795146209569342,0.0,0.0,0.001953125,0.5249770038441278,
W4_dense,clearance_A=0.8,energy_rmse,kcal/mol,exact_dipole_quadrupole,10,56.44026345098992,4.230571949489468,141.29649258961564,,,,,,,,,,,
W4_dense,clearance_A=0.8,energy_rmse,kcal/mol,exact_dipole_quadrupole,10,56.44026345098992,4.230571949489468,141.29649258961564,zero,56.215241343773,3.9769306121943377,141.1154721527637,0.2250221072169088,-249.8209710994513,0.0,0.0,0.001953125,0.4243851997690898,
W4_dense,clearance_A=0.8,energy_rmse,kcal/mol,exact_dipole_quadrupole,10,56.44026345098992,4.230571949489468,141.29649258961564,mace_polar_l,56.301266373384536,4.074621764650944,141.19023954948534,0.1389970776053739,-405.0535978405909,0.0,0.0,0.001953125,0.4250844692804394,
W4_dense,clearance_A=0.8,energy_rmse,kcal/mol,exact_dipole_quadrupole,10,56.44026345098992,4.230571949489468,141.29649258961564,exact_dipole,53.68879597708868,3.3694205148737986,135.33085355758718,2.7514674739012346,-19.51278599014828,0.0,0.0,0.001953125,0.4211244112423481,
W4_dense,clearance_A=0.8,energy_rmse,kcal/mol,exact_dipole_quadrupole_octupole,10,911.9676866299176,14.891243802686772,2120.895452011705,,,,,,,,,,,
W4_dense,clearance_A=0.8,energy_rmse,kcal/mol,exact_dipole_quadrupole_octupole,10,911.9676866299176,14.891243802686772,2120.895452011705,zero,911.7426645227008,14.64197498483733,2120.7182367470014,0.2250221072169088,-4051.791514172567,0.0,0.0,0.001953125,0.4649698967430204,
W4_dense,clearance_A=0.8,energy_rmse,kcal/mol,exact_dipole_quadrupole_octupole,10,911.9676866299176,14.891243802686772,2120.895452011705,mace_polar_l,911.8286895523122,14.749036537259814,2120.782048328232,0.1389970776053739,-6560.056551268519,0.0,0.0,0.001953125,0.4650184880940208,
W4_dense,clearance_A=0.8,energy_rmse,kcal/mol,exact_dipole_quadrupole_octupole,10,911.9676866299176,14.891243802686772,2120.895452011705,exact_dipole,909.2162191560165,14.123163168836836,2115.943678177433,2.7514674739012346,-330.4477438967731,0.0,0.0,0.001953125,0.4647945520050034,
W4_dense,clearance_A=0.8,energy_rmse,kcal/mol,glider,10,0.1091440301924937,0.1004810225803239,0.1201301089858298,,,,,,,,,,,
W4_dense,clearance_A=0.8,energy_rmse,kcal/mol,glider,10,0.1091440301924937,0.1004810225803239,0.1201301089858298,zero,-0.1158780770244151,-0.160382465119898,-0.0710153203231211,0.2250221072169088,0.5149630783286332,9.0,0.0,0.021484375,-1.5285114950944323,
W4_dense,clearance_A=0.8,energy_rmse,kcal/mol,glider,10,0.1091440301924937,0.1004810225803239,0.1201301089858298,mace_polar_l,-0.0298530474128802,-0.0668460160665167,0.001980467092307,0.1389970776053739,0.2147746407851533,6.0,0.0,0.75390625,-0.5095221719729385,
W4_dense,clearance_A=0.8,energy_rmse,kcal/mol,glider,10,0.1091440301924937,0.1004810225803239,0.1201301089858298,exact_dipole,-2.642323443708741,-5.906840923031272,-0.7058493039845138,2.7514674739012346,0.960332429429834,10.0,0.0,0.001953125,-0.5323942976124575,
W4_dense,clearance_A=0.8,energy_rmse,kcal/mol,mace_polar_l,10,0.1389970776053739,0.1010453725358342,0.1821583795838853,,,,,,,,,,,
W4_dense,clearance_A=0.8,energy_rmse,kcal/mol,mace_polar_l,10,0.1389970776053739,0.1010453725358342,0.1821583795838853,zero,-0.0860250296115348,-0.1075508788866355,-0.0654560574213818,0.2250221072169088,0.3822959027248442,10.0,0.0,0.001953125,-2.411570861094233,
W4_dense,clearance_A=0.8,energy_rmse,kcal/mol,mace_polar_l,10,0.1389970776053739,0.1010453725358342,0.1821583795838853,exact_dipole,-2.61247039629586,-5.889026102894776,-0.6578209282144308,2.7514674739012346,0.949482565604058,10.0,0.0,0.001953125,-0.5249770038441278,
W4_dense,clearance_A=0.8,energy_rmse,kcal/mol,zero,10,0.2250221072169088,0.174248184445515,0.2764962271366695,,,,,,,,,,,
W4_dense,clearance_A=0.8,energy_rmse,kcal/mol,zero,10,0.2250221072169088,0.174248184445515,0.2764962271366695,mace_polar_l,0.0860250296115348,0.0654560574213818,0.1075508788866355,0.1389970776053739,-0.6188981170940022,0.0,0.0,0.001953125,2.411570861094233,
W4_dense,clearance_A=0.8,energy_rmse,kcal/mol,zero,10,0.2250221072169088,0.174248184445515,0.2764962271366695,exact_dipole,-2.5264453666843254,-5.809553113748112,-0.5661571363863916,2.7514674739012346,0.9182174205759897,10.0,0.0,0.001953125,-0.5062812616101233,
W4_dense,clearance_A=0.8,energy_nrmse,1,exact_dipole,10,16.411440739005094,3.7745871039893975,34.379455523678885,,,,,,,,,,,
W4_dense,clearance_A=0.8,energy_nrmse,1,exact_dipole,10,16.411440739005094,3.7745871039893975,34.379455523678885,zero,15.411440739005096,2.774587103989397,33.379455523678885,1.0,-15.411440739005094,0.0,0.0,0.001953125,0.5627867761522558,
W4_dense,clearance_A=0.8,energy_nrmse,1,exact_dipole,10,16.411440739005094,3.7745871039893975,34.379455523678885,mace_polar_l,15.79844129060289,3.168897685345572,33.77864315864901,0.6129994484022079,-25.772358085772765,0.0,0.0,0.001953125,0.5780025705842372,
W4_dense,clearance_A=0.8,energy_nrmse,1,exact_dipole_quadrupole,10,371.9099627812434,24.29558924788073,842.8520921375505,,,,,,,,,,,
W4_dense,clearance_A=0.8,energy_nrmse,1,exact_dipole_quadrupole,10,371.9099627812434,24.29558924788073,842.8520921375505,zero,370.9099627812434,23.29558924788073,841.8520921375505,1.0,-370.9099627812434,0.0,0.0,0.001953125,0.4959961291932381,
W4_dense,clearance_A=0.8,energy_nrmse,1,exact_dipole_quadrupole,10,371.9099627812434,24.29558924788073,842.8520921375505,mace_polar_l,371.2969633328413,23.67492400531026,842.2471910198198,0.6129994484022079,-605.705216049757,0.0,0.0,0.001953125,0.496549851395929,
W4_dense,clearance_A=0.8,energy_nrmse,1,exact_dipole_quadrupole,10,371.9099627812434,24.29558924788073,842.8520921375505,exact_dipole,355.49852204223833,20.49758338120817,810.2681621416821,16.411440739005094,-21.661627866548272,0.0,0.0,0.001953125,0.4933042575529717,
W4_dense,clearance_A=0.8,energy_nrmse,1,exact_dipole_quadrupole_octupole,10,6596.2626711480425,88.04067998898906,15881.684858544126,,,,,,,,,,,
W4_dense,clearance_A=0.8,energy_nrmse,1,exact_dipole_quadrupole_octupole,10,6596.2626711480425,88.04067998898906,15881.684858544126,zero,6595.2626711480425,87.04067998898906,15880.684858544126,1.0,-6595.2626711480425,0.0,0.0,0.001953125,0.491269660225041,
W4_dense,clearance_A=0.8,energy_nrmse,1,exact_dipole_quadrupole_octupole,10,6596.2626711480425,88.04067998898906,15881.684858544126,mace_polar_l,6595.649671699639,87.49993490400563,15881.044284654548,0.6129994484022079,-10759.633942397988,0.0,0.0,0.001953125,0.4913000878847642,
W4_dense,clearance_A=0.8,energy_nrmse,1,exact_dipole_quadrupole_octupole,10,6596.2626711480425,88.04067998898906,15881.684858544126,exact_dipole,6579.851230409038,84.34785380199747,15838.834437129366,16.411440739005094,-400.93074916760327,0.0,0.0,0.001953125,0.4910048470709652,
W4_dense,clearance_A=0.8,energy_nrmse,1,glider,10,0.6824558692153947,0.5598991473904644,0.8291247192040101,,,,,,,,,,,
W4_dense,clearance_A=0.8,energy_nrmse,1,glider,10,0.6824558692153947,0.5598991473904644,0.8291247192040101,zero,-0.3175441307846052,-0.4401008526095356,-0.1708752807959899,1.0,0.3175441307846053,9.0,0.0,0.021484375,-1.3850145954984818,
W4_dense,clearance_A=0.8,energy_nrmse,1,glider,10,0.6824558692153947,0.5598991473904644,0.8291247192040101,mace_polar_l,0.0694564208131868,-0.0796676489988712,0.2228155010917265,0.6129994484022079,-0.1133058455341615,3.0,0.0,0.34375,0.2719586977484024,
W4_dense,clearance_A=0.8,energy_nrmse,1,glider,10,0.6824558692153947,0.5598991473904644,0.8291247192040101,exact_dipole,-15.7289848697897,-33.62983649568204,-3.1787648070872816,16.411440739005094,0.9584158465994153,10.0,0.0,0.001953125,-0.5774680835857113,
W4_dense,clearance_A=0.8,energy_nrmse,1,mace_polar_l,10,0.6129994484022079,0.5298870035577314,0.7024561997096903,,,,,,,,,,,
W4_dense,clearance_A=0.8,energy_nrmse,1,mace_polar_l,10,0.6129994484022079,0.5298870035577314,0.7024561997096903,zero,-0.387000551597792,-0.4701129964422686,-0.2975438002903097,1.0,0.3870005515977921,10.0,0.0,0.001953125,-2.62888502722192,
W4_dense,clearance_A=0.8,energy_nrmse,1,mace_polar_l,10,0.6129994484022079,0.5298870035577314,0.7024561997096903,exact_dipole,-15.79844129060289,-33.77864315864906,-3.16889768534558,16.411440739005094,0.9626480418050506,10.0,0.0,0.001953125,-0.5780025705842372,
W4_dense,clearance_A=0.8,energy_nrmse,1,zero,10,1.0,1.0,1.0,,,,,,,,,,,
W4_dense,clearance_A=0.8,energy_nrmse,1,zero,10,1.0,1.0,1.0,mace_polar_l,0.387000551597792,0.2975438002903097,0.4701129964422683,0.6129994484022079,-0.6313228382285085,0.0,0.0,0.001953125,2.62888502722192,
W4_dense,clearance_A=0.8,energy_nrmse,1,zero,10,1.0,1.0,1.0,exact_dipole,-15.411440739005096,-33.37945552367891,-2.7745871039893992,16.411440739005094,0.9390668975440224,10.0,0.0,0.001953125,-0.5627867761522558,
W4_dense,clearance_A=0.8,centered_orientation_rmse,kcal/mol,exact_dipole,10,2.485175786279372,0.6798053842348425,5.567973752510695,,,,,,,,,,,
W4_dense,clearance_A=0.8,centered_orientation_rmse,kcal/mol,exact_dipole,10,2.485175786279372,0.6798053842348425,5.567973752510695,zero,2.2727428001947723,0.4353845323969044,5.376308014626843,0.2124329860845992,-10.698634153217975,0.0,0.0,0.001953125,0.4806366718323933,
W4_dense,clearance_A=0.8,centered_orientation_rmse,kcal/mol,exact_dipole,10,2.485175786279372,0.6798053842348425,5.567973752510695,mace_polar_l,2.354734641419157,0.5267653503582391,5.451316437854403,0.1304411448602144,-18.052085052937688,0.0,0.0,0.001953125,0.4997372733878084,
W4_dense,clearance_A=0.8,centered_orientation_rmse,kcal/mol,exact_dipole_quadrupole,10,49.56577891595634,3.5744726259012274,130.87441049836406,,,,,,,,,,,
W4_dense,clearance_A=0.8,centered_orientation_rmse,kcal/mol,exact_dipole_quadrupole,10,49.56577891595634,3.5744726259012274,130.87441049836406,zero,49.35334592987174,3.3326236576364283,130.68995691092002,0.2124329860845992,-232.3243053704348,0.0,0.0,0.001953125,0.3915980946379436,
W4_dense,clearance_A=0.8,centered_orientation_rmse,kcal/mol,exact_dipole_quadrupole,10,49.56577891595634,3.5744726259012274,130.87441049836406,mace_polar_l,49.43533777109612,3.422477462902194,130.7614670951481,0.1304411448602144,-378.9857703569902,0.0,0.0,0.001953125,0.392300930788272,
W4_dense,clearance_A=0.8,centered_orientation_rmse,kcal/mol,exact_dipole_quadrupole,10,49.56577891595634,3.5744726259012274,130.87441049836406,exact_dipole,47.08060312967697,2.86194643565774,125.28652720643257,2.485175786279372,-18.944576633012627,0.0,0.0,0.001953125,0.3880882851296693,
W4_dense,clearance_A=0.8,centered_orientation_rmse,kcal/mol,exact_dipole_quadrupole_octupole,10,868.6582637471307,13.503473752191727,2020.524974171892,,,,,,,,,,,
W4_dense,clearance_A=0.8,centered_orientation_rmse,kcal/mol,exact_dipole_quadrupole_octupole,10,868.6582637471307,13.503473752191727,2020.524974171892,zero,868.4458307610461,13.26965459918656,2020.3581607608503,0.2124329860845992,-4088.093128885345,0.0,0.0,0.001953125,0.4645780616862027,
W4_dense,clearance_A=0.8,centered_orientation_rmse,kcal/mol,exact_dipole_quadrupole_octupole,10,868.6582637471307,13.503473752191727,2020.524974171892,mace_polar_l,868.5278226022705,13.360869609241544,2020.418654829445,0.1304411448602144,-6658.388528658016,0.0,0.0,0.001953125,0.464627438506195,
W4_dense,clearance_A=0.8,centered_orientation_rmse,kcal/mol,exact_dipole_quadrupole_octupole,10,868.6582637471307,13.503473752191727,2020.524974171892,exact_dipole,866.1730879608515,12.862838552891017,2016.0279867523009,2.485175786279372,-348.535943711903,0.0,0.0,0.001953125,0.4644635982434895,
W4_dense,clearance_A=0.8,centered_orientation_rmse,kcal/mol,glider,10,0.1012465909205322,0.0934999608258824,0.1110997177887553,,,,,,,,,,,
W4_dense,clearance_A=0.8,centered_orientation_rmse,kcal/mol,glider,10,0.1012465909205322,0.0934999608258824,0.1110997177887553,zero,-0.1111863951640669,-0.1553382093194318,-0.0667590430732067,0.2124329860845992,0.5233951525766725,9.0,0.0,0.021484375,-1.4801148660751136,
W4_dense,clearance_A=0.8,centered_orientation_rmse,kcal/mol,glider,10,0.1012465909205322,0.0934999608258824,0.1110997177887553,mace_polar_l,-0.0291945539396822,-0.0645214568353301,0.0015150716864408,0.1304411448602144,0.2238139965036965,6.0,0.0,0.75390625,-0.5181507861469619,
W4_dense,clearance_A=0.8,centered_orientation_rmse,kcal/mol,glider,10,0.1012465909205322,0.0934999608258824,0.1110997177887553,exact_dipole,-2.383929195358839,-5.469197040173615,-0.5750304226631318,2.485175786279372,0.9592597869818652,10.0,0.0,0.001953125,-0.5075252349665269,
W4_dense,clearance_A=0.8,centered_orientation_rmse,kcal/mol,mace_polar_l,10,0.1304411448602144,0.0946173131826112,0.1713560212461757,,,,,,,,,,,
W4_dense,clearance_A=0.8,centered_orientation_rmse,kcal/mol,mace_polar_l,10,0.1304411448602144,0.0946173131826112,0.1713560212461757,zero,-0.0819918412243847,-0.1032577659033586,-0.0613977401885401,0.2124329860845992,0.3859656766851281,10.0,0.0,0.001953125,-2.3078826055276846,
W4_dense,clearance_A=0.8,centered_orientation_rmse,kcal/mol,mace_polar_l,10,0.1304411448602144,0.0946173131826112,0.1713560212461757,exact_dipole,-2.354734641419157,-5.451316437854403,-0.526765350358241,2.485175786279372,0.9475123065417028,10.0,0.0,0.001953125,-0.4997372733878084,
W4_dense,clearance_A=0.8,centered_orientation_rmse,kcal/mol,zero,10,0.2124329860845992,0.1632711163041672,0.2626313685787625,,,,,,,,,,,
W4_dense,clearance_A=0.8,centered_orientation_rmse,kcal/mol,zero,10,0.2124329860845992,0.1632711163041672,0.2626313685787625,mace_polar_l,0.0819918412243847,0.0613977401885401,0.1032577659033585,0.1304411448602144,-0.6285734559616922,0.0,0.0,0.001953125,2.3078826055276846,
W4_dense,clearance_A=0.8,centered_orientation_rmse,kcal/mol,zero,10,0.2124329860845992,0.1632711163041672,0.2626313685787625,exact_dipole,-2.2727428001947723,-5.376308014626844,-0.4353845323969049,2.485175786279372,0.914519935669163,10.0,0.0,0.001953125,-0.4806366718323933,
W4_dense,clearance_A=0.8,centered_orientation_nrmse,1,exact_dipole,10,15.367501282454004,3.6088963125394535,32.48531258507108,,,,,,,,,,,
W4_dense,clearance_A=0.8,centered_orientation_nrmse,1,exact_dipole,10,15.367501282454004,3.6088963125394535,32.48531258507108,zero,14.367501282454004,2.608896312539453,31.48531258507108,1.0,-14.367501282454004,0.0,0.0,0.001953125,0.5537572504730262,
W4_dense,clearance_A=0.8,centered_orientation_nrmse,1,exact_dipole,10,15.367501282454004,3.6088963125394535,32.48531258507108,mace_polar_l,14.759404592557903,3.0106409307942226,31.864542685087883,0.6080966898960962,-24.271476621719163,0.0,0.0,0.001953125,0.5704769270589082,
W4_dense,clearance_A=0.8,centered_orientation_nrmse,1,exact_dipole_quadrupole,10,306.8701975382397,23.054810313062085,743.4071045638759,,,,,,,,,,,
W4_dense,clearance_A=0.8,centered_orientation_nrmse,1,exact_dipole_quadrupole,10,306.8701975382397,23.054810313062085,743.4071045638759,zero,305.8701975382397,22.054810313062085,742.4071045638759,1.0,-305.8701975382397,0.0,0.0,0.001953125,0.4515754694783554,
W4_dense,clearance_A=0.8,centered_orientation_nrmse,1,exact_dipole_quadrupole,10,306.8701975382397,23.054810313062085,743.4071045638759,mace_polar_l,306.26210084834366,22.46609477559083,742.8021938669797,0.6080966898960962,-503.6404669472445,0.0,0.0,0.001953125,0.4522077317682919,
W4_dense,clearance_A=0.8,centered_orientation_nrmse,1,exact_dipole_quadrupole,10,306.8701975382397,23.054810313062085,743.4071045638759,exact_dipole,291.50269625578574,19.26145594549997,711.5558379826606,15.367501282454004,-18.96877643918675,0.0,0.0,0.001953125,0.4473830309920814,
W4_dense,clearance_A=0.8,centered_orientation_nrmse,1,exact_dipole_quadrupole_octupole,10,6388.0596147324695,85.39664528910485,15387.671109906543,,,,,,,,,,,
W4_dense,clearance_A=0.8,centered_orientation_nrmse,1,exact_dipole_quadrupole_octupole,10,6388.0596147324695,85.39664528910485,15387.671109906543,zero,6387.0596147324695,84.39664528910485,15386.671109906543,1.0,-6387.0596147324695,0.0,0.0,0.001953125,0.4913728587178805,
W4_dense,clearance_A=0.8,centered_orientation_nrmse,1,exact_dipole_quadrupole_octupole,10,6388.0596147324695,85.39664528910485,15387.671109906543,mace_polar_l,6387.451518042574,84.86130456543988,15387.050229574945,0.6080966898960962,-10504.006392690577,0.0,0.0,0.001953125,0.4914052555500717,
W4_dense,clearance_A=0.8,centered_orientation_nrmse,1,exact_dipole_quadrupole_octupole,10,6388.0596147324695,85.39664528910485,15387.671109906543,exact_dipole,6372.692113450015,81.94812333404388,15353.290954800845,15.367501282454004,-414.686291305282,0.0,0.0,0.001953125,0.4911109557844659,
W4_dense,clearance_A=0.8,centered_orientation_nrmse,1,glider,10,0.6818082049040117,0.554250117874477,0.829695084239098,,,,,,,,,,,
W4_dense,clearance_A=0.8,centered_orientation_nrmse,1,glider,10,0.6818082049040117,0.554250117874477,0.829695084239098,zero,-0.3181917950959883,-0.445749882125523,-0.1703049157609021,1.0,0.3181917950959883,9.0,0.0,0.021484375,-1.3556554800730205,
W4_dense,clearance_A=0.8,centered_orientation_nrmse,1,glider,10,0.6818082049040117,0.554250117874477,0.829695084239098,mace_polar_l,0.0737115150079155,-0.0683004713564273,0.2202604216784072,0.6080966898960962,-0.1212167673869601,3.0,0.0,0.34375,0.3016996318992145,
W4_dense,clearance_A=0.8,centered_orientation_nrmse,1,glider,10,0.6818082049040117,0.554250117874477,0.829695084239098,exact_dipole,-14.685693077549988,-31.715861388311662,-3.030275993641568,15.367501282454004,0.9556331122169828,10.0,0.0,0.001953125,-0.5695458266829144,
W4_dense,clearance_A=0.8,centered_orientation_nrmse,1,mace_polar_l,10,0.6080966898960962,0.5225458838547451,0.7003140522912432,,,,,,,,,,,
W4_dense,clearance_A=0.8,centered_orientation_nrmse,1,mace_polar_l,10,0.6080966898960962,0.5225458838547451,0.7003140522912432,zero,-0.3919033101039038,-0.4774541161452548,-0.2996859477087568,1.0,0.3919033101039038,10.0,0.0,0.001953125,-2.574874664534459,
W4_dense,clearance_A=0.8,centered_orientation_nrmse,1,mace_polar_l,10,0.6080966898960962,0.5225458838547451,0.7003140522912432,exact_dipole,-14.759404592557903,-31.8645426850879,-3.010640930794224,15.367501282454004,0.960429696492663,10.0,0.0,0.001953125,-0.5704769270589082,
W4_dense,clearance_A=0.8,centered_orientation_nrmse,1,zero,10,1.0,1.0,1.0,,,,,,,,,,,
W4_dense,clearance_A=0.8,centered_orientation_nrmse,1,zero,10,1.0,1.0,1.0,mace_polar_l,0.3919033101039038,0.2996859477087567,0.4774541161452548,0.6080966898960962,-0.6444753221249522,0.0,0.0,0.001953125,2.574874664534459,
W4_dense,clearance_A=0.8,centered_orientation_nrmse,1,zero,10,1.0,1.0,1.0,exact_dipole,-14.367501282454004,-31.48531258507116,-2.608896312539459,15.367501282454004,0.9349276123931898,10.0,0.0,0.001953125,-0.5537572504730262,
W4_dense,clearance_A=0.8,torque_vrmse,kcal/mol,exact_dipole,10,19.285002459954136,1.518129345358084,52.3019169609859,,,,,,,,,,,
W4_dense,clearance_A=0.8,torque_vrmse,kcal/mol,exact_dipole,10,19.285002459954136,1.518129345358084,52.3019169609859,zero,18.929139417263848,1.1150493396382586,52.008838976274426,0.3558630426902899,-53.19220359091351,0.0,0.0,0.001953125,0.3688238246674113,
W4_dense,clearance_A=0.8,torque_vrmse,kcal/mol,exact_dipole,10,19.285002459954136,1.518129345358084,52.3019169609859,mace_polar_l,19.03999705282319,1.2379170119154552,52.10507838815876,0.2450054071309508,-77.71255857486713,0.0,0.0,0.001953125,0.3711225217418215,
W4_dense,clearance_A=0.8,torque_vrmse,kcal/mol,exact_dipole_quadrupole,10,951.841707546668,11.226737290969243,2719.545645093131,,,,,,,,,,,
W4_dense,clearance_A=0.8,torque_vrmse,kcal/mol,exact_dipole_quadrupole,10,951.841707546668,11.226737290969243,2719.545645093131,zero,951.485844503978,10.824815428634974,2719.247264392176,0.3558630426902899,-2673.741665644281,0.0,0.0,0.001953125,0.3432872302907103,
W4_dense,clearance_A=0.8,torque_vrmse,kcal/mol,exact_dipole_quadrupole,10,951.841707546668,11.226737290969243,2719.545645093131,mace_polar_l,951.596702139537,10.94277822734429,2719.3528045898342,0.2450054071309508,-3883.982452807364,0.0,0.0,0.001953125,0.343329605580553,
W4_dense,clearance_A=0.8,torque_vrmse,kcal/mol,exact_dipole_quadrupole,10,951.841707546668,11.226737290969243,2719.545645093131,exact_dipole,932.556705086714,9.863519419478466,2667.0227697079176,19.285002459954136,-48.35657693190316,0.0,0.0,0.001953125,0.3428037809963946,
W4_dense,clearance_A=0.8,torque_vrmse,kcal/mol,exact_dipole_quadrupole_octupole,10,21301.60112253257,49.58426051753391,57476.21092921424,,,,,,,,,,,
W4_dense,clearance_A=0.8,torque_vrmse,kcal/mol,exact_dipole_quadrupole_octupole,10,21301.60112253257,49.58426051753391,57476.21092921424,zero,21301.24525948988,49.17524900818531,57475.91438655734,0.3558630426902899,-59857.98665254629,0.0,0.0,0.001953125,0.3755824332663863,
W4_dense,clearance_A=0.8,torque_vrmse,kcal/mol,exact_dipole_quadrupole_octupole,10,21301.60112253257,49.58426051753391,57476.21092921424,mace_polar_l,21301.356117125444,49.30259106570972,57476.01299446332,0.2450054071309508,-86942.39187031602,0.0,0.0,0.001953125,0.3755845316975682,
W4_dense,clearance_A=0.8,torque_vrmse,kcal/mol,exact_dipole_quadrupole_octupole,10,21301.60112253257,49.58426051753391,57476.21092921424,exact_dipole,21282.316120072617,48.208809330618855,57423.84658016404,19.285002459954136,-1103.5682346562292,0.0,0.0,0.001953125,0.3755867268313747,
W4_dense,clearance_A=0.8,torque_vrmse,kcal/mol,glider,10,0.208448124723951,0.1838797391907111,0.2438484253545097,,,,,,,,,,,
W4_dense,clearance_A=0.8,torque_vrmse,kcal/mol,glider,10,0.208448124723951,0.1838797391907111,0.2438484253545097,zero,-0.1474149179663388,-0.2073296857171105,-0.0852543606423094,0.3558630426902899,0.4142462135205061,9.0,0.0,0.021484375,-1.4216208376778054,
W4_dense,clearance_A=0.8,torque_vrmse,kcal/mol,glider,10,0.208448124723951,0.1838797391907111,0.2438484253545097,mace_polar_l,-0.0365572824069997,-0.0868663271696316,0.0091721643887161,0.2450054071309508,0.1492101045241853,6.0,0.0,0.75390625,-0.4480293538101496,
W4_dense,clearance_A=0.8,torque_vrmse,kcal/mol,glider,10,0.208448124723951,0.1838797391907111,0.2438484253545097,exact_dipole,-19.076554335230178,-52.10794814019378,-1.3047284336505791,19.285002459954136,0.9891911797700416,10.0,0.0,0.001953125,-0.3719621923707424,
W4_dense,clearance_A=0.8,torque_vrmse,kcal/mol,mace_polar_l,10,0.2450054071309508,0.1824879697912846,0.3130655508883546,,,,,,,,,,,
W4_dense,clearance_A=0.8,torque_vrmse,kcal/mol,mace_polar_l,10,0.2450054071309508,0.1824879697912846,0.3130655508883546,zero,-0.110857635559339,-0.1398756800334765,-0.084374664490916,0.3558630426902899,0.3115176971490666,10.0,0.0,0.001953125,-2.3626211917119027,
W4_dense,clearance_A=0.8,torque_vrmse,kcal/mol,mace_polar_l,10,0.2450054071309508,0.1824879697912846,0.3130655508883546,exact_dipole,-19.03999705282319,-52.10507838815876,-1.2379170119154588,19.285002459954136,0.9872955470117408,10.0,0.0,0.001953125,-0.3711225217418215,
W4_dense,clearance_A=0.8,torque_vrmse,kcal/mol,zero,10,0.3558630426902899,0.2805632936994719,0.4338437934555549,,,,,,,,,,,
W4_dense,clearance_A=0.8,torque_vrmse,kcal/mol,zero,10,0.3558630426902899,0.2805632936994719,0.4338437934555549,mace_polar_l,0.110857635559339,0.084374664490916,0.1398756800334765,0.2450054071309508,-0.4524701591589273,0.0,0.0,0.001953125,2.3626211917119027,
W4_dense,clearance_A=0.8,torque_vrmse,kcal/mol,zero,10,0.3558630426902899,0.2805632936994719,0.4338437934555549,exact_dipole,-18.929139417263848,-52.008838976274426,-1.1150493396382597,19.285002459954136,0.981547161146116,10.0,0.0,0.001953125,-0.3688238246674113,
W4_dense,clearance_A=0.8,esp_rmse_mEh,mEh/e,exact_dipole,10,7.961828719058022,3.8738152127551806,14.757588793144029,,,,,,,,,,,
W4_dense,clearance_A=0.8,esp_rmse_mEh,mEh/e,exact_dipole,10,7.961828719058022,3.8738152127551806,14.757588793144029,zero,6.037724296890952,1.8192396768265928,13.023023124755118,1.9241044221670696,-3.1379400345074924,0.0,0.0,0.001953125,0.5702758708601734,
W4_dense,clearance_A=0.8,esp_rmse_mEh,mEh/e,exact_dipole,10,7.961828719058022,3.8738152127551806,14.757588793144029,mace_polar_l,7.2299118666580195,3.0776205610503258,14.05901264740472,0.7319168524000021,-9.878050823601994,0.0,0.0,0.001953125,0.7018910592994871,
W4_dense,clearance_A=0.8,esp_rmse_mEh,mEh/e,exact_dipole_quadrupole,10,121.83032906637428,12.55812250575347,309.3227700994928,,,,,,,,,,,
W4_dense,clearance_A=0.8,esp_rmse_mEh,mEh/e,exact_dipole_quadrupole,10,121.83032906637428,12.55812250575347,309.3227700994928,zero,119.9062246442072,10.388941569334945,307.72871788734574,1.9241044221670696,-62.31794036893273,1.0,0.0,0.021484375,0.4133080404463308,
W4_dense,clearance_A=0.8,esp_rmse_mEh,mEh/e,exact_dipole_quadrupole,10,121.83032906637428,12.55812250575347,309.3227700994928,mace_polar_l,121.09841221397424,11.75938051704886,308.7163557779953,0.7319168524000021,-165.45378319529718,0.0,0.0,0.001953125,0.4178705716843341,
W4_dense,clearance_A=0.8,esp_rmse_mEh,mEh/e,exact_dipole_quadrupole,10,121.83032906637428,12.55812250575347,309.3227700994928,exact_dipole,113.86850034731626,8.503897421357857,294.7143685242464,7.961828719058022,-14.30180230764726,1.0,0.0,0.021484375,0.4072799905817029,
W4_dense,clearance_A=0.8,esp_rmse_mEh,mEh/e,exact_dipole_quadrupole_octupole,10,2017.782027747715,38.69235035085431,4685.386571546736,,,,,,,,,,,
W4_dense,clearance_A=0.8,esp_rmse_mEh,mEh/e,exact_dipole_quadrupole_octupole,10,2017.782027747715,38.69235035085431,4685.386571546736,zero,2015.857923325548,36.30457182352416,4683.872938040194,1.9241044221670696,-1047.6863418125397,0.0,0.0,0.001953125,0.4661264869946485,
W4_dense,clearance_A=0.8,esp_rmse_mEh,mEh/e,exact_dipole_quadrupole_octupole,10,2017.782027747715,38.69235035085431,4685.386571546736,mace_polar_l,2017.050110895315,37.86818937615722,4684.780262298988,0.7319168524000021,-2755.845973871593,0.0,0.0,0.001953125,0.466437845771317,
W4_dense,clearance_A=0.8,esp_rmse_mEh,mEh/e,exact_dipole_quadrupole_octupole,10,2017.782027747715,38.69235035085431,4685.386571546736,exact_dipole,2009.8201990286568,34.513346160793105,4673.124309955938,7.961828719058022,-252.4319813886228,1.0,0.0,0.021484375,0.4657898570275013,
W4_dense,clearance_A=0.8,esp_rmse_mEh,mEh/e,glider,10,0.5903204938897172,0.5237394760981886,0.6665774530896531,,,,,,,,,,,
W4_dense,clearance_A=0.8,esp_rmse_mEh,mEh/e,glider,10,0.5903204938897172,0.5237394760981886,0.6665774530896531,zero,-1.3337839282773527,-1.8217977507303595,-0.8946114282669873,1.9241044221670696,0.6931972677320422,10.0,0.0,0.001953125,-1.6989767253829753,
W4_dense,clearance_A=0.8,esp_rmse_mEh,mEh/e,glider,10,0.5903204938897172,0.5237394760981886,0.6665774530896531,mace_polar_l,-0.141596358510285,-0.3304938250070771,0.0202435595010801,0.7319168524000021,0.1934596232426968,6.0,0.0,0.75390625,-0.4707813896872822,
W4_dense,clearance_A=0.8,esp_rmse_mEh,mEh/e,glider,10,0.5903204938897172,0.5237394760981886,0.6665774530896531,exact_dipole,-7.371508225168306,-14.18345799608688,-3.257795042622106,7.961828719058022,0.9258561676318554,10.0,0.0,0.001953125,-0.7146079134367372,
W4_dense,clearance_A=0.8,esp_rmse_mEh,mEh/e,mace_polar_l,10,0.7319168524000021,0.559516776104953,0.9165975223281594,,,,,,,,,,,
W4_dense,clearance_A=0.8,esp_rmse_mEh,mEh/e,mace_polar_l,10,0.7319168524000021,0.559516776104953,0.9165975223281594,zero,-1.1921875697670674,-1.6322194357502802,-0.8073330881859835,1.9241044221670696,0.6196064808293185,10.0,0.0,0.001953125,-1.6945105993463243,
W4_dense,clearance_A=0.8,esp_rmse_mEh,mEh/e,mace_polar_l,10,0.7319168524000021,0.559516776104953,0.9165975223281594,exact_dipole,-7.2299118666580195,-14.05901264740472,-3.0776205610503258,7.961828719058022,0.9080717661448768,10.0,0.0,0.001953125,-0.7018910592994871,
W4_dense,clearance_A=0.8,esp_rmse_mEh,mEh/e,zero,10,1.9241044221670696,1.460393262134436,2.437599541061503,,,,,,,,,,,
W4_dense,clearance_A=0.8,esp_rmse_mEh,mEh/e,zero,10,1.9241044221670696,1.460393262134436,2.437599541061503,mace_polar_l,1.1921875697670674,0.8073330881859834,1.63221943575028,0.7319168524000021,-1.6288565645917403,0.0,0.0,0.001953125,1.6945105993463243,
W4_dense,clearance_A=0.8,esp_rmse_mEh,mEh/e,zero,10,1.9241044221670696,1.460393262134436,2.437599541061503,exact_dipole,-6.037724296890952,-13.02302312475512,-1.819239676826596,7.961828719058022,0.7583338589586346,10.0,0.0,0.001953125,-0.5702758708601734,
W4_dense,clearance_A=0.8,field_vrmse,kcal/mol/e/A,exact_dipole,10,45.40440750235821,3.73879951909374,123.12855714562912,,,,,,,,,,,
W4_dense,clearance_A=0.8,field_vrmse,kcal/mol/e/A,exact_dipole,10,45.40440750235821,3.73879951909374,123.12855714562912,zero,44.55858658495806,2.79054270931654,122.36867747488986,0.8458209174001512,-52.6808756656437,0.0,0.0,0.001953125,0.3682732801809387,
W4_dense,clearance_A=0.8,field_vrmse,kcal/mol/e/A,exact_dipole,10,45.40440750235821,3.73879951909374,123.12855714562912,mace_polar_l,44.84854325540796,3.115745839475542,122.64991170523386,0.5558642469502528,-80.68254704537902,0.0,0.0,0.001953125,0.3708151547693651,
W4_dense,clearance_A=0.8,field_vrmse,kcal/mol/e/A,exact_dipole_quadrupole,10,1649.309907959395,22.42290482286829,4703.258789227689,,,,,,,,,,,
W4_dense,clearance_A=0.8,field_vrmse,kcal/mol/e/A,exact_dipole_quadrupole,10,1649.309907959395,22.42290482286829,4703.258789227689,zero,1648.4640870419958,21.441485718889385,4702.52279449474,0.8458209174001512,-1948.9516671081803,0.0,0.0,0.001953125,0.3443303548627222,
W4_dense,clearance_A=0.8,field_vrmse,kcal/mol/e/A,exact_dipole_quadrupole,10,1649.309907959395,22.42290482286829,4703.258789227689,mace_polar_l,1648.754043712445,21.768424482525813,4702.813029782438,0.5558642469502528,-2966.1091764011235,0.0,0.0,0.001953125,0.3443943553187722,
W4_dense,clearance_A=0.8,field_vrmse,kcal/mol/e/A,exact_dipole_quadrupole,10,1649.309907959395,22.42290482286829,4703.258789227689,exact_dipole,1603.9055004570373,18.63399887685116,4579.7053401586445,45.40440750235821,-35.324885593402655,0.0,0.0,0.001953125,0.343708086470221,
W4_dense,clearance_A=0.8,field_vrmse,kcal/mol/e/A,exact_dipole_quadrupole_octupole,10,34821.706361917066,105.62033798987508,92470.18846172933,,,,,,,,,,,
W4_dense,clearance_A=0.8,field_vrmse,kcal/mol/e/A,exact_dipole_quadrupole_octupole,10,34821.706361917066,105.62033798987508,92470.18846172933,zero,34820.86054099967,104.71968600792846,92469.49333300962,0.8458209174001512,-41168.12415567892,0.0,0.0,0.001953125,0.3845262116401314,
W4_dense,clearance_A=0.8,field_vrmse,kcal/mol/e/A,exact_dipole_quadrupole_octupole,10,34821.706361917066,105.62033798987508,92470.18846172933,mace_polar_l,34821.150497670125,105.06994585301534,92469.75347641535,0.5558642469502528,-62643.26351031971,0.0,0.0,0.001953125,0.3845296509805684,
W4_dense,clearance_A=0.8,field_vrmse,kcal/mol/e/A,exact_dipole_quadrupole_octupole,10,34821.706361917066,105.62033798987508,92470.18846172933,exact_dipole,34776.30195441471,102.2685368561114,92347.0755418193,45.40440750235821,-765.9234833668626,0.0,0.0,0.001953125,0.3845432475193755,
W4_dense,clearance_A=0.8,field_vrmse,kcal/mol/e/A,glider,10,0.4750597618089294,0.4280243444743543,0.5380979973225851,,,,,,,,,,,
W4_dense,clearance_A=0.8,field_vrmse,kcal/mol/e/A,glider,10,0.4750597618089294,0.4280243444743543,0.5380979973225851,zero,-0.3707611555912217,-0.5230507569768111,-0.2154800426766865,0.8458209174001512,0.4383447464634142,9.0,0.0,0.021484375,-1.4193836598025242,
W4_dense,clearance_A=0.8,field_vrmse,kcal/mol/e/A,glider,10,0.4750597618089294,0.4280243444743543,0.5380979973225851,mace_polar_l,-0.0808044851413234,-0.2029136022840968,0.0308942988809182,0.5558642469502528,0.1453673007117419,6.0,0.0,0.75390625,-0.4077853625902853,
W4_dense,clearance_A=0.8,field_vrmse,kcal/mol/e/A,glider,10,0.4750597618089294,0.4280243444743543,0.5380979973225851,exact_dipole,-44.92934774054929,-122.67656701001236,-3.2567441578461853,45.40440750235821,0.9895371443447588,10.0,0.0,0.001953125,-0.3715957385519799,
W4_dense,clearance_A=0.8,field_vrmse,kcal/mol/e/A,mace_polar_l,10,0.5558642469502528,0.4103513032219132,0.7176173685432161,,,,,,,,,,,
W4_dense,clearance_A=0.8,field_vrmse,kcal/mol/e/A,mace_polar_l,10,0.5558642469502528,0.4103513032219132,0.7176173685432161,zero,-0.2899566704498983,-0.3660686033026326,-0.2200514420645986,0.8458209174001512,0.342810947902725,10.0,0.0,0.001953125,-2.3437772706405338,
W4_dense,clearance_A=0.8,field_vrmse,kcal/mol/e/A,mace_polar_l,10,0.5558642469502528,0.4103513032219132,0.7176173685432161,exact_dipole,-44.84854325540796,-122.64991170523388,-3.115745839475544,45.40440750235821,0.9877574826425962,10.0,0.0,0.001953125,-0.3708151547693651,
W4_dense,clearance_A=0.8,field_vrmse,kcal/mol/e/A,zero,10,0.8458209174001512,0.6602690297103202,1.0363701481173415,,,,,,,,,,,
W4_dense,clearance_A=0.8,field_vrmse,kcal/mol/e/A,zero,10,0.8458209174001512,0.6602690297103202,1.0363701481173415,mace_polar_l,0.2899566704498983,0.2200514420645986,0.3660686033026326,0.5558642469502528,-0.5216321647609907,0.0,0.0,0.001953125,2.3437772706405338,
W4_dense,clearance_A=0.8,field_vrmse,kcal/mol/e/A,zero,10,0.8458209174001512,0.6602690297103202,1.0363701481173415,exact_dipole,-44.55858658495806,-122.36867747488988,-2.790542709316544,45.40440750235821,0.9813713918113296,10.0,0.0,0.001953125,-0.3682732801809387,
W4_dense,clearance_A=0.8,force_vrmse,kcal/mol/A,exact_dipole,10,32.41125159565772,1.980719524265332,88.74526624084956,,,,,,,,,,,
W4_dense,clearance_A=0.8,force_vrmse,kcal/mol/A,exact_dipole,10,32.41125159565772,1.980719524265332,88.74526624084956,zero,32.14960823687263,1.6944880053031408,88.50966240067183,0.2616433587850857,-122.87568997033236,0.0,0.0,0.001953125,0.3674347080960348,
W4_dense,clearance_A=0.8,force_vrmse,kcal/mol/A,exact_dipole,10,32.41125159565772,1.980719524265332,88.74526624084956,mace_polar_l,32.18907262924111,1.7383171720090962,88.542857118706,0.2221789664166036,-144.87902769735632,0.0,0.0,0.001953125,0.3679048880207087,
W4_dense,clearance_A=0.8,force_vrmse,kcal/mol/A,exact_dipole_quadrupole,10,1197.8695964872331,14.78698974215069,3402.855969407183,,,,,,,,,,,
W4_dense,clearance_A=0.8,force_vrmse,kcal/mol/A,exact_dipole_quadrupole,10,1197.8695964872331,14.78698974215069,3402.855969407183,zero,1197.6079531284477,14.472396418567378,3402.627563132969,0.2616433587850857,-4577.253398249505,0.0,0.0,0.001953125,0.3464861005868471,
W4_dense,clearance_A=0.8,force_vrmse,kcal/mol/A,exact_dipole_quadrupole,10,1197.8695964872331,14.78698974215069,3402.855969407183,mace_polar_l,1197.6474175208166,14.519877966878692,3402.6655281097874,0.2221789664166036,-5390.462638462051,0.0,0.0,0.001953125,0.3464979817150141,
W4_dense,clearance_A=0.8,force_vrmse,kcal/mol/A,exact_dipole_quadrupole,10,1197.8695964872331,14.78698974215069,3402.855969407183,exact_dipole,1165.458344891575,12.675387193236872,3314.3579135597124,32.41125159565772,-35.958449227172615,0.0,0.0,0.001953125,0.3459401266922094,
W4_dense,clearance_A=0.8,force_vrmse,kcal/mol/A,exact_dipole_quadrupole_octupole,10,25148.725941838115,71.7006827833555,66786.33637924815,,,,,,,,,,,
W4_dense,clearance_A=0.8,force_vrmse,kcal/mol/A,exact_dipole_quadrupole_octupole,10,25148.725941838115,71.7006827833555,66786.33637924815,zero,25148.464298479324,71.42021884686905,66786.13133435331,0.2616433587850857,-96117.3423825992,0.0,0.0,0.001953125,0.3844752975318055,
W4_dense,clearance_A=0.8,force_vrmse,kcal/mol/A,exact_dipole_quadrupole_octupole,10,25148.725941838115,71.7006827833555,66786.33637924815,mace_polar_l,25148.5037628717,71.45878123995587,66786.1674987251,0.2221789664166036,-113190.29955210166,0.0,0.0,0.001953125,0.3844759327329731,
W4_dense,clearance_A=0.8,force_vrmse,kcal/mol/A,exact_dipole_quadrupole_octupole,10,25148.725941838115,71.7006827833555,66786.33637924815,exact_dipole,25116.314690242456,69.78319072271724,66697.51603000383,32.41125159565772,-774.9257882286596,0.0,0.0,0.001953125,0.3844939351634809,
W4_dense,clearance_A=0.8,force_vrmse,kcal/mol/A,glider,10,0.2290449477958798,0.1924565738836639,0.2744778519155085,,,,,,,,,,,
W4_dense,clearance_A=0.8,force_vrmse,kcal/mol/A,glider,10,0.2290449477958798,0.1924565738836639,0.2744778519155085,zero,-0.0325984109892058,-0.0706298842922652,0.0036578421836829,0.2616433587850857,0.1245910125163247,8.0,0.0,0.109375,-0.5163362879070206,
W4_dense,clearance_A=0.8,force_vrmse,kcal/mol/A,glider,10,0.2290449477958798,0.1924565738836639,0.2744778519155085,mace_polar_l,0.0068659813792762,-0.0288706527105433,0.0394295991243384,0.2221789664166036,-0.0309029314971336,3.0,0.0,0.34375,0.1183874785530461,
W4_dense,clearance_A=0.8,force_vrmse,kcal/mol/A,glider,10,0.2290449477958798,0.1924565738836639,0.2744778519155085,exact_dipole,-32.18220664786184,-88.51679883226882,-1.749515804616528,32.41125159565772,0.9929331655977592,10.0,0.0,0.001953125,-0.3678654873256889,
W4_dense,clearance_A=0.8,force_vrmse,kcal/mol/A,mace_polar_l,10,0.2221789664166036,0.1623026527338162,0.2896815747555082,,,,,,,,,,,
W4_dense,clearance_A=0.8,force_vrmse,kcal/mol/A,mace_polar_l,10,0.2221789664166036,0.1623026527338162,0.2896815747555082,zero,-0.0394643923684821,-0.0483716211887345,-0.0309617453651372,0.2616433587850857,0.1508327692769692,10.0,0.0,0.001953125,-2.6602718644025214,
W4_dense,clearance_A=0.8,force_vrmse,kcal/mol/A,mace_polar_l,10,0.2221789664166036,0.1623026527338162,0.2896815747555082,exact_dipole,-32.18907262924111,-88.542857118706,-1.7383171720091,32.41125159565772,0.9931450050374984,10.0,0.0,0.001953125,-0.3679048880207087,
W4_dense,clearance_A=0.8,force_vrmse,kcal/mol/A,zero,10,0.2616433587850857,0.1976032573515482,0.332394872980787,,,,,,,,,,,
W4_dense,clearance_A=0.8,force_vrmse,kcal/mol/A,zero,10,0.2616433587850857,0.1976032573515482,0.332394872980787,mace_polar_l,0.0394643923684821,0.0309617453651372,0.0483716211887345,0.2221789664166036,-0.177624340435913,0.0,0.0,0.001953125,2.6602718644025214,
W4_dense,clearance_A=0.8,force_vrmse,kcal/mol/A,zero,10,0.2616433587850857,0.1976032573515482,0.332394872980787,exact_dipole,-32.14960823687263,-88.50966240067183,-1.694488005303141,32.41125159565772,0.9919273910785926,10.0,0.0,0.001953125,-0.3674347080960348,
W4_dense,clearance_A=1.2,energy_mae,kcal/mol,exact_dipole,10,0.3215689629461999,0.236704691288904,0.4209176209917339,,,,,,,,,,,
W4_dense,clearance_A=1.2,energy_mae,kcal/mol,exact_dipole,10,0.3215689629461999,0.236704691288904,0.4209176209917339,zero,0.1718904243121471,0.0959314951109389,0.2612217512154133,0.1496785386340527,-1.1483972644361526,0.0,0.0,0.001953125,1.218379622893853,
W4_dense,clearance_A=1.2,energy_mae,kcal/mol,exact_dipole,10,0.3215689629461999,0.236704691288904,0.4209176209917339,mace_polar_l,0.244135594110408,0.1587434353121564,0.344580737039643,0.0774333688357918,-3.152847380670358,0.0,0.0,0.001953125,1.5399017997320474,
W4_dense,clearance_A=1.2,energy_mae,kcal/mol,exact_dipole_quadrupole,10,1.1541971539870846,0.6628273381339826,1.7131059851826227,,,,,,,,,,,
W4_dense,clearance_A=1.2,energy_mae,kcal/mol,exact_dipole_quadrupole,10,1.1541971539870846,0.6628273381339826,1.7131059851826227,zero,1.0045186153530317,0.5034680012996636,1.57578283641366,0.1496785386340527,-6.711173321974817,0.0,0.0,0.001953125,1.093270790116844,
W4_dense,clearance_A=1.2,energy_mae,kcal/mol,exact_dipole_quadrupole,10,1.1541971539870846,0.6628273381339826,1.7131059851826227,mace_polar_l,1.0767637851512926,0.5751671277052772,1.6481237682696463,0.0774333688357918,-13.90568176666469,0.0,0.0,0.001953125,1.1672877147194205,
W4_dense,clearance_A=1.2,energy_mae,kcal/mol,exact_dipole_quadrupole,10,1.1541971539870846,0.6628273381339826,1.7131059851826227,exact_dipole,0.8326281910408845,0.3726362830688532,1.3599294211605844,0.3215689629461999,-2.5892678926858608,2.0,0.0,0.109375,0.9832857983259516,
W4_dense,clearance_A=1.2,energy_mae,kcal/mol,exact_dipole_quadrupole_octupole,10,3.4868290076489403,1.4377555248497569,6.124001643948303,,,,,,,,,,,
W4_dense,clearance_A=1.2,energy_mae,kcal/mol,exact_dipole_quadrupole_octupole,10,3.4868290076489403,1.4377555248497569,6.124001643948303,zero,3.337150469014888,1.2712679136057066,5.9964125903697285,0.1496785386340527,-22.29545063353301,0.0,0.0,0.001953125,0.8157652952509703,
W4_dense,clearance_A=1.2,energy_mae,kcal/mol,exact_dipole_quadrupole_octupole,10,3.4868290076489403,1.4377555248497569,6.124001643948303,mace_polar_l,3.409395638813148,1.34215191444386,6.060362654219538,0.0774333688357918,-44.03005693893084,0.0,0.0,0.001953125,0.8345327425685077,
W4_dense,clearance_A=1.2,energy_mae,kcal/mol,exact_dipole_quadrupole_octupole,10,3.4868290076489403,1.4377555248497569,6.124001643948303,exact_dipole,3.16526004470274,1.13660113148996,5.786726331876217,0.3215689629461999,-9.843176454912737,1.0,0.0,0.021484375,0.7883387016524762,
W4_dense,clearance_A=1.2,energy_mae,kcal/mol,glider,10,0.0571447117458178,0.0526182635449709,0.0619854915489065,,,,,,,,,,,
W4_dense,clearance_A=1.2,energy_mae,kcal/mol,glider,10,0.0571447117458178,0.0526182635449709,0.0619854915489065,zero,-0.0925338268882349,-0.1219695464835952,-0.062899865294054,0.1496785386340527,0.6182170652699233,10.0,0.0,0.001953125,-1.8543505297422296,
W4_dense,clearance_A=1.2,energy_mae,kcal/mol,glider,10,0.0571447117458178,0.0526182635449709,0.0619854915489065,mace_polar_l,-0.020288657089974,-0.04239319741527,-0.0022469875945122,0.0774333688357918,0.2620143924384708,6.0,0.0,0.75390625,-0.5894505843618053,
W4_dense,clearance_A=1.2,energy_mae,kcal/mol,glider,10,0.0571447117458178,0.0526182635449709,0.0619854915489065,exact_dipole,-0.2644242512003821,-0.360509557664365,-0.1814798881274827,0.3215689629461999,0.8222940696071517,10.0,0.0,0.001953125,-1.7299972823897345,
W4_dense,clearance_A=1.2,energy_mae,kcal/mol,mace_polar_l,10,0.0774333688357918,0.058192817251618,0.0998802864454888,,,,,,,,,,,
W4_dense,clearance_A=1.2,energy_mae,kcal/mol,mace_polar_l,10,0.0774333688357918,0.058192817251618,0.0998802864454888,zero,-0.0722451697982608,-0.0897701797887291,-0.0548854650176828,0.1496785386340527,0.4826688612646883,10.0,0.0,0.001953125,-2.4475763850450027,
W4_dense,clearance_A=1.2,energy_mae,kcal/mol,mace_polar_l,10,0.0774333688357918,0.058192817251618,0.0998802864454888,exact_dipole,-0.244135594110408,-0.3445807370396432,-0.1587434353121565,0.3215689629461999,0.7592013603354287,10.0,0.0,0.001953125,-1.5399017997320474,
W4_dense,clearance_A=1.2,energy_mae,kcal/mol,zero,10,0.1496785386340527,0.1179984584224257,0.1812410006246209,,,,,,,,,,,
W4_dense,clearance_A=1.2,energy_mae,kcal/mol,zero,10,0.1496785386340527,0.1179984584224257,0.1812410006246209,mace_polar_l,0.0722451697982608,0.0548854650176827,0.0897701797887291,0.0774333688357918,-0.9329978907603356,0.0,0.0,0.001953125,2.4475763850450027,
W4_dense,clearance_A=1.2,energy_mae,kcal/mol,zero,10,0.1496785386340527,0.1179984584224257,0.1812410006246209,exact_dipole,-0.1718904243121471,-0.2612217512154134,-0.095931495110939,0.3215689629461999,0.5345367374304257,10.0,0.0,0.001953125,-1.218379622893853,
W4_dense,clearance_A=1.2,energy_rmse,kcal/mol,exact_dipole,10,0.3738680513623404,0.2748650845003186,0.4902519805200925,,,,,,,,,,,
W4_dense,clearance_A=1.2,energy_rmse,kcal/mol,exact_dipole,10,0.3738680513623404,0.2748650845003186,0.4902519805200925,zero,0.202597718952573,0.1118273491652857,0.3107807817390577,0.1712703324097674,-1.182911927022213,0.0,0.0,0.001953125,1.1953497985336572,
W4_dense,clearance_A=1.2,energy_rmse,kcal/mol,exact_dipole,10,0.3738680513623404,0.2748650845003186,0.4902519805200925,mace_polar_l,0.2825099401198133,0.1817711744092887,0.4010195694551929,0.0913581112425272,-3.0923356041133303,0.0,0.0,0.001953125,1.5065648476134978,
W4_dense,clearance_A=1.2,energy_rmse,kcal/mol,exact_dipole_quadrupole,10,1.3904808353594822,0.779951749906961,2.1001759889474925,,,,,,,,,,,
W4_dense,clearance_A=1.2,energy_rmse,kcal/mol,exact_dipole_quadrupole,10,1.3904808353594822,0.779951749906961,2.1001759889474925,zero,1.219210502949715,0.5974659756206893,1.941269498734369,0.1712703324097674,-7.118632198556904,0.0,0.0,0.001953125,1.0557693541418556,
W4_dense,clearance_A=1.2,energy_rmse,kcal/mol,exact_dipole_quadrupole,10,1.3904808353594822,0.779951749906961,2.1001759889474925,mace_polar_l,1.299122724116955,0.674217415986164,2.025452435155185,0.0913581112425272,-14.220113643420127,0.0,0.0,0.001953125,1.1218716660365455,
W4_dense,clearance_A=1.2,energy_rmse,kcal/mol,exact_dipole_quadrupole,10,1.3904808353594822,0.779951749906961,2.1001759889474925,exact_dipole,1.0166127839971415,0.4452310840583985,1.6775674220515964,0.3738680513623404,-2.719175335503259,0.0,0.0,0.001953125,0.96082152441062,
W4_dense,clearance_A=1.2,energy_rmse,kcal/mol,exact_dipole_quadrupole_octupole,10,5.053423535113105,1.7861347572999804,9.631831215369417,,,,,,,,,,,
W4_dense,clearance_A=1.2,energy_rmse,kcal/mol,exact_dipole_quadrupole_octupole,10,5.053423535113105,1.7861347572999804,9.631831215369417,zero,4.882153202703337,1.595427948249407,9.484523897916995,0.1712703324097674,-28.505539365817864,0.0,0.0,0.001953125,0.7050194081562723,
W4_dense,clearance_A=1.2,energy_rmse,kcal/mol,exact_dipole_quadrupole_octupole,10,5.053423535113105,1.7861347572999804,9.631831215369417,mace_polar_l,4.962065423870579,1.674221479482065,9.5598354717308,0.0913581112425272,-54.31444845327249,0.0,0.0,0.001953125,0.717176014403392,
W4_dense,clearance_A=1.2,energy_rmse,kcal/mol,exact_dipole_quadrupole_octupole,10,5.053423535113105,1.7861347572999804,9.631831215369417,exact_dipole,4.679555483750765,1.4514411212131135,9.223051988503377,0.3738680513623404,-12.51659634113934,1.0,0.0,0.021484375,0.686095122845999,
W4_dense,clearance_A=1.2,energy_rmse,kcal/mol,glider,10,0.0670533249337582,0.0618395697276082,0.0723832576178101,,,,,,,,,,,
W4_dense,clearance_A=1.2,energy_rmse,kcal/mol,glider,10,0.0670533249337582,0.0618395697276082,0.0723832576178101,zero,-0.1042170074760092,-0.1372228984220178,-0.0705983266200077,0.1712703324097674,0.6084942208593842,10.0,0.0,0.001953125,-1.8473762148928985,
W4_dense,clearance_A=1.2,energy_rmse,kcal/mol,glider,10,0.0670533249337582,0.0618395697276082,0.0723832576178101,mace_polar_l,-0.0243047863087689,-0.0496409992060425,-0.0035439805283062,0.0913581112425272,0.2660386251227036,7.0,0.0,0.34375,-0.6142916541716716,
W4_dense,clearance_A=1.2,energy_rmse,kcal/mol,glider,10,0.0670533249337582,0.0618395697276082,0.0723832576178101,exact_dipole,-0.3068147264285822,-0.4199695754911065,-0.20995265738858,0.3738680513623404,0.8206497594821965,10.0,0.0,0.001953125,-1.703918142421384,
W4_dense,clearance_A=1.2,energy_rmse,kcal/mol,mace_polar_l,10,0.0913581112425272,0.0689149646985878,0.1171047689089279,,,,,,,,,,,
W4_dense,clearance_A=1.2,energy_rmse,kcal/mol,mace_polar_l,10,0.0913581112425272,0.0689149646985878,0.1171047689089279,zero,-0.0799122211672402,-0.0997227416114872,-0.0605332840425941,0.1712703324097674,0.4665853101519577,10.0,0.0,0.001953125,-2.410785477615076,
W4_dense,clearance_A=1.2,energy_rmse,kcal/mol,mace_polar_l,10,0.0913581112425272,0.0689149646985878,0.1171047689089279,exact_dipole,-0.2825099401198133,-0.401019569455193,-0.1817711744092887,0.3738680513623404,0.7556407644097249,10.0,0.0,0.001953125,-1.5065648476134978,
W4_dense,clearance_A=1.2,energy_rmse,kcal/mol,zero,10,0.1712703324097674,0.1352614790824386,0.2066518424592351,,,,,,,,,,,
W4_dense,clearance_A=1.2,energy_rmse,kcal/mol,zero,10,0.1712703324097674,0.1352614790824386,0.2066518424592351,mace_polar_l,0.0799122211672402,0.0605332840425941,0.0997227416114872,0.0913581112425272,-0.8747140246266509,0.0,0.0,0.001953125,2.410785477615076,
W4_dense,clearance_A=1.2,energy_rmse,kcal/mol,zero,10,0.1712703324097674,0.1352614790824386,0.2066518424592351,exact_dipole,-0.202597718952573,-0.3107807817390578,-0.1118273491652857,0.3738680513623404,0.5418963139918636,10.0,0.0,0.001953125,-1.1953497985336572,
W4_dense,clearance_A=1.2,energy_nrmse,1,exact_dipole,10,2.599700694674671,1.9090879735361848,3.5364598175791464,,,,,,,,,,,
W4_dense,clearance_A=1.2,energy_nrmse,1,exact_dipole,10,2.599700694674671,1.9090879735361848,3.5364598175791464,zero,1.5997006946746708,0.9090879735361858,2.536459817579146,1.0,-1.599700694674671,0.0,0.0,0.001953125,1.13034189204846,
W4_dense,clearance_A=1.2,energy_nrmse,1,exact_dipole,10,2.599700694674671,1.9090879735361848,3.5364598175791464,mace_polar_l,2.04528831996932,1.3060401783708306,3.019259462921891,0.5544123747053513,-3.689110152089068,0.0,0.0,0.001953125,1.3739302994074958,
W4_dense,clearance_A=1.2,energy_nrmse,1,exact_dipole_quadrupole,10,12.448432078010232,5.407877902813658,21.08192945106499,,,,,,,,,,,
W4_dense,clearance_A=1.2,energy_nrmse,1,exact_dipole_quadrupole,10,12.448432078010232,5.407877902813658,21.08192945106499,zero,11.448432078010232,4.407877902813658,20.08192945106499,1.0,-11.448432078010232,0.0,0.0,0.001953125,0.8520914224247952,
W4_dense,clearance_A=1.2,energy_nrmse,1,exact_dipole_quadrupole,10,12.448432078010232,5.407877902813658,21.08192945106499,mace_polar_l,11.89401970330488,4.816926247234647,20.58051674625772,0.5544123747053513,-21.453380634994105,0.0,0.0,0.001953125,0.8799745699482007,
W4_dense,clearance_A=1.2,energy_nrmse,1,exact_dipole_quadrupole,10,12.448432078010232,5.407877902813658,21.08192945106499,exact_dipole,9.84873138333556,3.320503935174757,17.733177630495895,2.599700694674671,-3.7884097209767607,1.0,0.0,0.021484375,0.796987127672753,
W4_dense,clearance_A=1.2,energy_nrmse,1,exact_dipole_quadrupole_octupole,10,49.25580464392613,12.195241854021791,102.93699035923528,,,,,,,,,,,
W4_dense,clearance_A=1.2,energy_nrmse,1,exact_dipole_quadrupole_octupole,10,49.25580464392613,12.195241854021791,102.93699035923528,zero,48.25580464392613,11.195241854021791,101.93699035923528,1.0,-48.25580464392613,1.0,0.0,0.021484375,0.6035924815146891,
W4_dense,clearance_A=1.2,energy_nrmse,1,exact_dipole_quadrupole_octupole,10,49.25580464392613,12.195241854021791,102.93699035923528,mace_polar_l,48.701392269220776,11.618873544482769,102.40489203709494,0.5544123747053513,-87.84326341038778,0.0,0.0,0.001953125,0.608756297384828,
W4_dense,clearance_A=1.2,energy_nrmse,1,exact_dipole_quadrupole_octupole,10,49.25580464392613,12.195241854021791,102.93699035923528,exact_dipole,46.65610394925146,10.02905668617226,99.5168700971094,2.599700694674671,-17.946721345585534,1.0,0.0,0.021484375,0.5926688802058062,
W4_dense,clearance_A=1.2,energy_nrmse,1,glider,10,0.5337344600564851,0.4433746195385444,0.6338907335483627,,,,,,,,,,,
W4_dense,clearance_A=1.2,energy_nrmse,1,glider,10,0.5337344600564851,0.4433746195385444,0.6338907335483627,zero,-0.466265539943515,-0.5566253804614556,-0.3661092664516375,1.0,0.4662655399435149,10.0,0.0,0.001953125,-2.8875071657885063,
W4_dense,clearance_A=1.2,energy_nrmse,1,glider,10,0.5337344600564851,0.4433746195385444,0.6338907335483627,mace_polar_l,-0.0206779146488664,-0.1475325482180911,0.0894752101372046,0.5544123747053513,0.0372969933433678,5.0,0.0,1.0,-0.1018607309663627,
W4_dense,clearance_A=1.2,energy_nrmse,1,glider,10,0.5337344600564851,0.4433746195385444,0.6338907335483627,exact_dipole,-2.0659662346181857,-2.997681502660026,-1.367950613913402,2.599700694674671,0.7946938810495348,10.0,0.0,0.001953125,-1.465549667397905,
W4_dense,clearance_A=1.2,energy_nrmse,1,mace_polar_l,10,0.5544123747053513,0.4639834497736501,0.65472742594049,,,,,,,,,,,
W4_dense,clearance_A=1.2,energy_nrmse,1,mace_polar_l,10,0.5544123747053513,0.4639834497736501,0.65472742594049,zero,-0.4455876252946485,-0.5360165502263499,-0.3452725740595099,1.0,0.4455876252946487,10.0,0.0,0.001953125,-2.740327567082732,
W4_dense,clearance_A=1.2,energy_nrmse,1,mace_polar_l,10,0.5544123747053513,0.4639834497736501,0.65472742594049,exact_dipole,-2.04528831996932,-3.019259462921891,-1.306040178370831,2.599700694674671,0.7867399213143915,10.0,0.0,0.001953125,-1.3739302994074958,
W4_dense,clearance_A=1.2,energy_nrmse,1,zero,10,1.0,1.0,1.0,,,,,,,,,,,
W4_dense,clearance_A=1.2,energy_nrmse,1,zero,10,1.0,1.0,1.0,mace_polar_l,0.4455876252946485,0.3452725740595098,0.5360165502263499,0.5544123747053513,-0.8037115432920507,0.0,0.0,0.001953125,2.740327567082732,
W4_dense,clearance_A=1.2,energy_nrmse,1,zero,10,1.0,1.0,1.0,exact_dipole,-1.5997006946746708,-2.536459817579147,-0.9090879735361864,2.599700694674671,0.615340334351397,10.0,0.0,0.001953125,-1.13034189204846,
W4_dense,clearance_A=1.2,centered_orientation_rmse,kcal/mol,exact_dipole,10,0.3604686672963392,0.264100134552672,0.4743290340155164,,,,,,,,,,,
W4_dense,clearance_A=1.2,centered_orientation_rmse,kcal/mol,exact_dipole,10,0.3604686672963392,0.264100134552672,0.4743290340155164,zero,0.1953185783320346,0.1063724452737303,0.3009576600197487,0.1651500889643045,-1.1826731644949384,0.0,0.0,0.001953125,1.1792472152673408,
W4_dense,clearance_A=1.2,centered_orientation_rmse,kcal/mol,exact_dipole,10,0.3604686672963392,0.264100134552672,0.4743290340155164,mace_polar_l,0.2741042931239131,0.1755066517974403,0.390029202083323,0.086364374172426,-3.173812069507565,0.0,0.0,0.001953125,1.498313036554913,
W4_dense,clearance_A=1.2,centered_orientation_rmse,kcal/mol,exact_dipole_quadrupole,10,1.3194673096949376,0.7523072211939456,1.9732889055336715,,,,,,,,,,,
W4_dense,clearance_A=1.2,centered_orientation_rmse,kcal/mol,exact_dipole_quadrupole,10,1.3194673096949376,0.7523072211939456,1.9732889055336715,zero,1.1543172207306331,0.57572381721766,1.819127039549408,0.1651500889643045,-6.989504080619216,0.0,0.0,0.001953125,1.0809047082116845,
W4_dense,clearance_A=1.2,centered_orientation_rmse,kcal/mol,exact_dipole_quadrupole,10,1.3194673096949376,0.7523072211939456,1.9732889055336715,mace_polar_l,1.2331029355225114,0.6522506492423428,1.901185723317532,0.086364374172426,-14.277912013356662,0.0,0.0,0.001953125,1.1513346442978345,
W4_dense,clearance_A=1.2,centered_orientation_rmse,kcal/mol,exact_dipole_quadrupole,10,1.3194673096949376,0.7523072211939456,1.9732889055336715,exact_dipole,0.9589986423985984,0.4305547640768783,1.5643775824316892,0.3604686672963392,-2.66042163828406,1.0,0.0,0.021484375,0.9842776603448194,
W4_dense,clearance_A=1.2,centered_orientation_rmse,kcal/mol,exact_dipole_quadrupole_octupole,10,4.840132742753051,1.7138253193937891,9.187508853291712,,,,,,,,,,,
W4_dense,clearance_A=1.2,centered_orientation_rmse,kcal/mol,exact_dipole_quadrupole_octupole,10,4.840132742753051,1.7138253193937891,9.187508853291712,zero,4.674982653788747,1.5412496370848745,9.040026646442264,0.1651500889643045,-28.30747887032137,1.0,0.0,0.021484375,0.7113694010578805,
W4_dense,clearance_A=1.2,centered_orientation_rmse,kcal/mol,exact_dipole_quadrupole_octupole,10,4.840132742753051,1.7138253193937891,9.187508853291712,mace_polar_l,4.753768368580626,1.6162095704478685,9.112539360258785,0.086364374172426,-55.04316350500902,0.0,0.0,0.001953125,0.7240597064002903,
W4_dense,clearance_A=1.2,centered_orientation_rmse,kcal/mol,exact_dipole_quadrupole_octupole,10,4.840132742753051,1.7138253193937891,9.187508853291712,exact_dipole,4.479664075456712,1.3918798739413492,8.778970533152743,0.3604686672963392,-12.427332752818725,1.0,0.0,0.021484375,0.6919399236128615,
W4_dense,clearance_A=1.2,centered_orientation_rmse,kcal/mol,glider,10,0.0641670846677076,0.0591048011785128,0.069221440907244,,,,,,,,,,,
W4_dense,clearance_A=1.2,centered_orientation_rmse,kcal/mol,glider,10,0.0641670846677076,0.0591048011785128,0.069221440907244,zero,-0.1009830042965969,-0.1334864443572607,-0.0677283525998847,0.1651500889643045,0.6114620036227976,10.0,0.0,0.001953125,-1.8099269458332992,
W4_dense,clearance_A=1.2,centered_orientation_rmse,kcal/mol,glider,10,0.0641670846677076,0.0591048011785128,0.069221440907244,mace_polar_l,-0.0221972895047184,-0.0456290686178084,-0.0024802976550792,0.086364374172426,0.2570190511703545,6.0,0.0,0.75390625,-0.5993300618004528,
W4_dense,clearance_A=1.2,centered_orientation_rmse,kcal/mol,glider,10,0.0641670846677076,0.0591048011785128,0.069221440907244,exact_dipole,-0.2963015826286316,-0.4069518195491232,-0.2023169509497825,0.3604686672963392,0.8219898413113498,10.0,0.0,0.001953125,-1.6890921745655758,
W4_dense,clearance_A=1.2,centered_orientation_rmse,kcal/mol,mace_polar_l,10,0.086364374172426,0.0655265713040508,0.1101102825347234,,,,,,,,,,,
W4_dense,clearance_A=1.2,centered_orientation_rmse,kcal/mol,mace_polar_l,10,0.086364374172426,0.0655265713040508,0.1101102825347234,zero,-0.0787857147918785,-0.0986836399915379,-0.058580667431985,0.1651500889643045,0.4770552367604671,10.0,0.0,0.001953125,-2.322887216378634,
W4_dense,clearance_A=1.2,centered_orientation_rmse,kcal/mol,mace_polar_l,10,0.086364374172426,0.0655265713040508,0.1101102825347234,exact_dipole,-0.2741042931239131,-0.390029202083323,-0.1755066517974403,0.3604686672963392,0.7604108706030019,10.0,0.0,0.001953125,-1.498313036554913,
W4_dense,clearance_A=1.2,centered_orientation_rmse,kcal/mol,zero,10,0.1651500889643045,0.129593253505416,0.1998484530291723,,,,,,,,,,,
W4_dense,clearance_A=1.2,centered_orientation_rmse,kcal/mol,zero,10,0.1651500889643045,0.129593253505416,0.1998484530291723,mace_polar_l,0.0787857147918785,0.058580667431985,0.0986836399915379,0.086364374172426,-0.912247851580366,0.0,0.0,0.001953125,2.322887216378634,
W4_dense,clearance_A=1.2,centered_orientation_rmse,kcal/mol,zero,10,0.1651500889643045,0.129593253505416,0.1998484530291723,exact_dipole,-0.1953185783320346,-0.3009576600197487,-0.1063724452737303,0.3604686672963392,0.5418462020485801,10.0,0.0,0.001953125,-1.1792472152673408,
W4_dense,clearance_A=1.2,centered_orientation_nrmse,1,exact_dipole,10,2.584730871763853,1.911273205817745,3.473342438161796,,,,,,,,,,,
W4_dense,clearance_A=1.2,centered_orientation_nrmse,1,exact_dipole,10,2.584730871763853,1.911273205817745,3.473342438161796,zero,1.5847308717638533,0.9112732058177452,2.4733424381617963,1.0,-1.5847308717638535,0.0,0.0,0.001953125,1.1707907366160666,
W4_dense,clearance_A=1.2,centered_orientation_nrmse,1,exact_dipole,10,2.584730871763853,1.911273205817745,3.473342438161796,mace_polar_l,2.0378577211022657,1.320585207477224,2.9643920990768686,0.546873150661588,-3.726381005607857,0.0,0.0,0.001953125,1.4303715401793002,
W4_dense,clearance_A=1.2,centered_orientation_nrmse,1,exact_dipole_quadrupole,10,12.036617932878912,5.404424917621182,20.122689640337427,,,,,,,,,,,
W4_dense,clearance_A=1.2,centered_orientation_nrmse,1,exact_dipole_quadrupole,10,12.036617932878912,5.404424917621182,20.122689640337427,zero,11.036617932878912,4.404424917621183,19.122689640337427,1.0,-11.036617932878912,1.0,0.0,0.021484375,0.8745764478818876,
W4_dense,clearance_A=1.2,centered_orientation_nrmse,1,exact_dipole_quadrupole,10,12.036617932878912,5.404424917621182,20.122689640337427,mace_polar_l,11.489744782217324,4.817118427537227,19.625809500129545,0.546873150661588,-21.009890078380025,0.0,0.0,0.001953125,0.904522262780508,
W4_dense,clearance_A=1.2,centered_orientation_nrmse,1,exact_dipole_quadrupole,10,12.036617932878912,5.404424917621182,20.122689640337427,exact_dipole,9.451887061115055,3.30365222834251,16.843450621629664,2.584730871763853,-3.656816717117233,1.0,0.0,0.021484375,0.8141164104480901,
W4_dense,clearance_A=1.2,centered_orientation_nrmse,1,exact_dipole_quadrupole_octupole,10,47.77365877567016,12.092664472388766,98.8569732020277,,,,,,,,,,,
W4_dense,clearance_A=1.2,centered_orientation_nrmse,1,exact_dipole_quadrupole_octupole,10,47.77365877567016,12.092664472388766,98.8569732020277,zero,46.77365877567016,11.092664472388766,97.8569732020277,1.0,-46.77365877567016,1.0,0.0,0.021484375,0.6140472321591477,
W4_dense,clearance_A=1.2,centered_orientation_nrmse,1,exact_dipole_quadrupole_octupole,10,47.77365877567016,12.092664472388766,98.8569732020277,mace_polar_l,47.22678562500857,11.512121104851488,98.3484317949919,0.546873150661588,-86.35784288893184,0.0,0.0,0.001953125,0.6195581772520578,
W4_dense,clearance_A=1.2,centered_orientation_nrmse,1,exact_dipole_quadrupole_octupole,10,47.77365877567016,12.092664472388766,98.8569732020277,exact_dipole,45.18892790390631,9.930954752196673,95.56939172597096,2.584730871763853,-17.48303020541121,1.0,0.0,0.021484375,0.6022995271933842,
W4_dense,clearance_A=1.2,centered_orientation_nrmse,1,glider,10,0.5394207996143194,0.4444203194552336,0.6456562969817018,,,,,,,,,,,
W4_dense,clearance_A=1.2,centered_orientation_nrmse,1,glider,10,0.5394207996143194,0.4444203194552336,0.6456562969817018,zero,-0.4605792003856807,-0.5555796805447664,-0.3543437030182983,1.0,0.4605792003856805,10.0,0.0,0.001953125,-2.702108039608889,
W4_dense,clearance_A=1.2,centered_orientation_nrmse,1,glider,10,0.5394207996143194,0.4444203194552336,0.6456562969817018,mace_polar_l,-0.0074523510472686,-0.1287140092597385,0.1016570132853562,0.546873150661588,0.0136272022831126,5.0,0.0,1.0,-0.0378399331623646,
W4_dense,clearance_A=1.2,centered_orientation_nrmse,1,glider,10,0.5394207996143194,0.4444203194552336,0.6456562969817018,exact_dipole,-2.045310072149534,-2.9270022600511973,-1.3637438506922577,2.584730871763853,0.7913048489856076,10.0,0.0,0.001953125,-1.5144511009201749,
W4_dense,clearance_A=1.2,centered_orientation_nrmse,1,mace_polar_l,10,0.546873150661588,0.4523873651787305,0.6529829185580512,,,,,,,,,,,
W4_dense,clearance_A=1.2,centered_orientation_nrmse,1,mace_polar_l,10,0.546873150661588,0.4523873651787305,0.6529829185580512,zero,-0.453126849338412,-0.5476126348212695,-0.3470170814419488,1.0,0.4531268493384119,10.0,0.0,0.001953125,-2.636378295082669,
W4_dense,clearance_A=1.2,centered_orientation_nrmse,1,mace_polar_l,10,0.546873150661588,0.4523873651787305,0.6529829185580512,exact_dipole,-2.0378577211022657,-2.9643920990768704,-1.3205852074772249,2.584730871763853,0.788421627707648,10.0,0.0,0.001953125,-1.4303715401793002,
W4_dense,clearance_A=1.2,centered_orientation_nrmse,1,zero,10,1.0,1.0,1.0,,,,,,,,,,,
W4_dense,clearance_A=1.2,centered_orientation_nrmse,1,zero,10,1.0,1.0,1.0,mace_polar_l,0.453126849338412,0.3470170814419487,0.5476126348212693,0.546873150661588,-0.8285776121761232,0.0,0.0,0.001953125,2.636378295082669,
W4_dense,clearance_A=1.2,centered_orientation_nrmse,1,zero,10,1.0,1.0,1.0,exact_dipole,-1.5847308717638533,-2.4733424381617963,-0.9112732058177452,2.584730871763853,0.6131125252055403,10.0,0.0,0.001953125,-1.1707907366160666,
W4_dense,clearance_A=1.2,torque_vrmse,kcal/mol,exact_dipole,10,0.6968682362955205,0.4934310394296987,0.9544226661550214,,,,,,,,,,,
W4_dense,clearance_A=1.2,torque_vrmse,kcal/mol,exact_dipole,10,0.6968682362955205,0.4934310394296987,0.9544226661550214,zero,0.4378103047967668,0.2409316504583653,0.6962610908573836,0.2590579314987537,-1.6900092665137063,0.0,0.0,0.001953125,1.1133713094964932,
W4_dense,clearance_A=1.2,torque_vrmse,kcal/mol,exact_dipole,10,0.6968682362955205,0.4934310394296987,0.9544226661550214,mace_polar_l,0.5458253292360191,0.3346450774290515,0.8157604867453375,0.1510429070595015,-3.613710434088758,0.0,0.0,0.001953125,1.3242077862176975,
W4_dense,clearance_A=1.2,torque_vrmse,kcal/mol,exact_dipole_quadrupole,10,3.0612857507242475,1.7194324376335617,4.702984305567197,,,,,,,,,,,
W4_dense,clearance_A=1.2,torque_vrmse,kcal/mol,exact_dipole_quadrupole,10,3.0612857507242475,1.7194324376335617,4.702984305567197,zero,2.802227819225494,1.4352739796979928,4.465867519259715,0.2590579314987537,-10.81699295216898,0.0,0.0,0.001953125,1.083394061583513,
W4_dense,clearance_A=1.2,torque_vrmse,kcal/mol,exact_dipole_quadrupole,10,3.0612857507242475,1.7194324376335617,4.702984305567197,mace_polar_l,2.9102428436647463,1.544425094986926,4.572587700833214,0.1510429070595015,-19.267656458163188,0.0,0.0,0.001953125,1.125210807285737,
W4_dense,clearance_A=1.2,torque_vrmse,kcal/mol,exact_dipole_quadrupole,10,3.0612857507242475,1.7194324376335617,4.702984305567197,exact_dipole,2.3644175144287267,1.1261134882415689,3.825681687390657,0.6968682362955205,-3.392919050232116,0.0,0.0,0.001953125,1.0208755653459711,
W4_dense,clearance_A=1.2,torque_vrmse,kcal/mol,exact_dipole_quadrupole_octupole,10,19.09757201094529,4.279691412685004,41.285490793464,,,,,,,,,,,
W4_dense,clearance_A=1.2,torque_vrmse,kcal/mol,exact_dipole_quadrupole_octupole,10,19.09757201094529,4.279691412685004,41.285490793464,zero,18.838514079446536,3.984969023333374,41.0525077100811,0.2590579314987537,-72.71931019621056,0.0,0.0,0.001953125,0.5666774807087875,
W4_dense,clearance_A=1.2,torque_vrmse,kcal/mol,exact_dipole_quadrupole_octupole,10,19.09757201094529,4.279691412685004,41.285490793464,mace_polar_l,18.946529103885787,4.100817748942312,41.158665295263006,0.1510429070595015,-125.43805911006493,0.0,0.0,0.001953125,0.570065511699277,
W4_dense,clearance_A=1.2,torque_vrmse,kcal/mol,exact_dipole_quadrupole_octupole,10,19.09757201094529,4.279691412685004,41.285490793464,exact_dipole,18.40070377464977,3.6567689834959047,40.37249157314981,0.6968682362955205,-26.404853624073915,0.0,0.0,0.001953125,0.5585760597582773,
W4_dense,clearance_A=1.2,torque_vrmse,kcal/mol,glider,10,0.1151627493821948,0.1076274198311073,0.1246268647327594,,,,,,,,,,,
W4_dense,clearance_A=1.2,torque_vrmse,kcal/mol,glider,10,0.1151627493821948,0.1076274198311073,0.1246268647327594,zero,-0.1438951821165589,-0.1941606289379238,-0.0931341754636047,0.2590579314987537,0.555455612897346,10.0,0.0,0.001953125,-1.6768035241219967,
W4_dense,clearance_A=1.2,torque_vrmse,kcal/mol,glider,10,0.1151627493821948,0.1076274198311073,0.1246268647327594,mace_polar_l,-0.0358801576773066,-0.0728753149416953,-0.0045566199669587,0.1510429070595015,0.2375494379432999,7.0,0.0,0.34375,-0.6126340145161016,
W4_dense,clearance_A=1.2,torque_vrmse,kcal/mol,glider,10,0.1151627493821948,0.1076274198311073,0.1246268647327594,exact_dipole,-0.5817054869133258,-0.8383960008665874,-0.3794876797611264,0.6968682362955205,0.8347424328099842,10.0,0.0,0.001953125,-1.46809019430647,
W4_dense,clearance_A=1.2,torque_vrmse,kcal/mol,mace_polar_l,10,0.1510429070595015,0.1170923172900073,0.1891986432144427,,,,,,,,,,,
W4_dense,clearance_A=1.2,torque_vrmse,kcal/mol,mace_polar_l,10,0.1510429070595015,0.1170923172900073,0.1891986432144427,zero,-0.1080150244392522,-0.1377606507587453,-0.079557570997532,0.2590579314987537,0.416953164932423,10.0,0.0,0.001953125,-2.18916767486096,
W4_dense,clearance_A=1.2,torque_vrmse,kcal/mol,mace_polar_l,10,0.1510429070595015,0.1170923172900073,0.1891986432144427,exact_dipole,-0.5458253292360191,-0.8157604867453375,-0.3346450774290516,0.6968682362955205,0.7832547113032013,10.0,0.0,0.001953125,-1.3242077862176975,
W4_dense,clearance_A=1.2,torque_vrmse,kcal/mol,zero,10,0.2590579314987537,0.2053327606227271,0.3117316469361933,,,,,,,,,,,
W4_dense,clearance_A=1.2,torque_vrmse,kcal/mol,zero,10,0.2590579314987537,0.2053327606227271,0.3117316469361933,mace_polar_l,0.1080150244392522,0.079557570997532,0.1377606507587453,0.1510429070595015,-0.7151280820932626,0.0,0.0,0.001953125,2.18916767486096,
W4_dense,clearance_A=1.2,torque_vrmse,kcal/mol,zero,10,0.2590579314987537,0.2053327606227271,0.3117316469361933,exact_dipole,-0.4378103047967668,-0.6962610908573836,-0.2409316504583653,0.6968682362955205,0.6282540686947092,10.0,0.0,0.001953125,-1.1133713094964932,
W4_dense,clearance_A=1.2,esp_rmse_mEh,mEh/e,exact_dipole,10,2.28740714087052,1.6325951735475834,2.992147941136688,,,,,,,,,,,
W4_dense,clearance_A=1.2,esp_rmse_mEh,mEh/e,exact_dipole,10,2.28740714087052,1.6325951735475834,2.992147941136688,zero,0.7235966203053932,0.3010892298132558,1.2259962132179218,1.5638105205651265,-0.4627137436343003,1.0,0.0,0.021484375,0.9168173949350076,
W4_dense,clearance_A=1.2,esp_rmse_mEh,mEh/e,exact_dipole,10,2.28740714087052,1.6325951735475834,2.992147941136688,mace_polar_l,1.7656545981586622,1.1423456118822588,2.4374855990308806,0.5217525427118574,-3.384084318940753,0.0,0.0,0.001953125,1.596616488213048,
W4_dense,clearance_A=1.2,esp_rmse_mEh,mEh/e,exact_dipole_quadrupole,10,5.444124392546859,3.1128271852622733,8.102229101311861,,,,,,,,,,,
W4_dense,clearance_A=1.2,esp_rmse_mEh,mEh/e,exact_dipole_quadrupole,10,5.444124392546859,3.1128271852622733,8.102229101311861,zero,3.880313871981733,1.601422504956045,6.518876448511055,1.5638105205651265,-2.481319712940334,3.0,0.0,0.34375,0.9205588554851084,
W4_dense,clearance_A=1.2,esp_rmse_mEh,mEh/e,exact_dipole_quadrupole,10,5.444124392546859,3.1128271852622733,8.102229101311861,mace_polar_l,4.922371849835002,2.555537241954014,7.63183288188475,0.5217525427118574,-9.434303519155874,0.0,0.0,0.001953125,1.1315664039758566,
W4_dense,clearance_A=1.2,esp_rmse_mEh,mEh/e,exact_dipole_quadrupole,10,5.444124392546859,3.1128271852622733,8.102229101311861,exact_dipole,3.15671725167634,1.207091731489122,5.4098610664162425,2.28740714087052,-1.380041705419782,3.0,0.0,0.34375,0.8766306405110276,
W4_dense,clearance_A=1.2,esp_rmse_mEh,mEh/e,exact_dipole_quadrupole_octupole,10,14.714505244165483,5.89404963774212,27.14178767339542,,,,,,,,,,,
W4_dense,clearance_A=1.2,esp_rmse_mEh,mEh/e,exact_dipole_quadrupole_octupole,10,14.714505244165483,5.89404963774212,27.14178767339542,zero,13.150694723600362,4.265007879241003,25.69366669156487,1.5638105205651265,-8.40939138767783,3.0,0.0,0.34375,0.7003750126591122,
W4_dense,clearance_A=1.2,esp_rmse_mEh,mEh/e,exact_dipole_quadrupole_octupole,10,14.714505244165483,5.89404963774212,27.14178767339542,mace_polar_l,14.192752701453628,5.317128125670516,26.651585919511444,0.5217525427118574,-27.20207673102171,0.0,0.0,0.001953125,0.7582275877320281,
W4_dense,clearance_A=1.2,esp_rmse_mEh,mEh/e,exact_dipole_quadrupole_octupole,10,14.714505244165483,5.89404963774212,27.14178767339542,exact_dipole,12.427098103294966,3.836604840114132,24.542446635080854,2.28740714087052,-5.432831733910553,3.0,0.0,0.34375,0.6848377395975135,
W4_dense,clearance_A=1.2,esp_rmse_mEh,mEh/e,glider,10,0.4376545478846472,0.3683138074128788,0.509663764566334,,,,,,,,,,,
W4_dense,clearance_A=1.2,esp_rmse_mEh,mEh/e,glider,10,0.4376545478846472,0.3683138074128788,0.509663764566334,zero,-1.1261559726804793,-1.5353725364296429,-0.7764758631107868,1.5638105205651265,0.720135820721753,10.0,0.0,0.001953125,-1.7554720062628422,
W4_dense,clearance_A=1.2,esp_rmse_mEh,mEh/e,glider,10,0.4376545478846472,0.3683138074128788,0.509663764566334,mace_polar_l,-0.0840979948272103,-0.2089714705216629,0.0248661473654863,0.5217525427118574,0.1611836798918182,5.0,0.0,1.0,-0.4211834576143016,
W4_dense,clearance_A=1.2,esp_rmse_mEh,mEh/e,glider,10,0.4376545478846472,0.3683138074128788,0.509663764566334,exact_dipole,-1.8497525929858725,-2.533036528143941,-1.2113147755510827,2.28740714087052,0.8086678405147897,10.0,0.0,0.001953125,-1.6436105464012494,
W4_dense,clearance_A=1.2,esp_rmse_mEh,mEh/e,mace_polar_l,10,0.5217525427118574,0.4081753052670682,0.6419507406181695,,,,,,,,,,,
W4_dense,clearance_A=1.2,esp_rmse_mEh,mEh/e,mace_polar_l,10,0.5217525427118574,0.4081753052670682,0.6419507406181695,zero,-1.0420579778532688,-1.4141883466855654,-0.7277836847749684,1.5638105205651265,0.6663582090985629,10.0,0.0,0.001953125,-1.7942993888347918,
W4_dense,clearance_A=1.2,esp_rmse_mEh,mEh/e,mace_polar_l,10,0.5217525427118574,0.4081753052670682,0.6419507406181695,exact_dipole,-1.7656545981586622,-2.437485599030881,-1.1423456118822597,2.28740714087052,0.7719021973004361,10.0,0.0,0.001953125,-1.596616488213048,
W4_dense,clearance_A=1.2,esp_rmse_mEh,mEh/e,zero,10,1.5638105205651265,1.1866525771045513,2.006519434813128,,,,,,,,,,,
W4_dense,clearance_A=1.2,esp_rmse_mEh,mEh/e,zero,10,1.5638105205651265,1.1866525771045513,2.006519434813128,mace_polar_l,1.0420579778532688,0.7277836847749682,1.414188346685565,0.5217525427118574,-1.9972264484559583,0.0,0.0,0.001953125,1.7942993888347918,
W4_dense,clearance_A=1.2,esp_rmse_mEh,mEh/e,zero,10,1.5638105205651265,1.1866525771045513,2.006519434813128,exact_dipole,-0.7235966203053932,-1.2259962132179218,-0.3010892298132562,2.28740714087052,0.3163392329141781,9.0,0.0,0.021484375,-0.9168173949350076,
W4_dense,clearance_A=1.2,field_vrmse,kcal/mol/e/A,exact_dipole,10,1.5910119108934704,1.1403929617595312,2.147417430683431,,,,,,,,,,,
W4_dense,clearance_A=1.2,field_vrmse,kcal/mol/e/A,exact_dipole,10,1.5910119108934704,1.1403929617595312,2.147417430683431,zero,0.9581649653187414,0.5249224143081295,1.5179820583397727,0.6328469455747291,-1.5140548153370164,0.0,0.0,0.001953125,1.125449667004373,
W4_dense,clearance_A=1.2,field_vrmse,kcal/mol/e/A,exact_dipole,10,1.5910119108934704,1.1403929617595312,2.147417430683431,mace_polar_l,1.234635737973461,0.7647681370408569,1.8158108003409967,0.3563761729200094,-3.4644171855186894,0.0,0.0,0.001953125,1.372635895433617,
W4_dense,clearance_A=1.2,field_vrmse,kcal/mol/e/A,exact_dipole_quadrupole,10,6.685039549090249,3.6547207949560976,10.353055639408764,,,,,,,,,,,
W4_dense,clearance_A=1.2,field_vrmse,kcal/mol/e/A,exact_dipole_quadrupole,10,6.685039549090249,3.6547207949560976,10.353055639408764,zero,6.052192603515519,2.9693510938659524,9.770213103590589,0.6328469455747291,-9.563438120127346,0.0,0.0,0.001953125,1.0386762239616991,
W4_dense,clearance_A=1.2,field_vrmse,kcal/mol/e/A,exact_dipole_quadrupole,10,6.685039549090249,3.6547207949560976,10.353055639408764,mace_polar_l,6.328663376170239,3.2408254918907504,10.044140928972558,0.3563761729200094,-17.758379647874893,0.0,0.0,0.001953125,1.085729550784141,
W4_dense,clearance_A=1.2,field_vrmse,kcal/mol/e/A,exact_dipole_quadrupole,10,6.685039549090249,3.6547207949560976,10.353055639408764,exact_dipole,5.094027638196776,2.297316445197444,8.405586517860032,1.5910119108934704,-3.201753301354046,0.0,0.0,0.001953125,0.9708304835200362,
W4_dense,clearance_A=1.2,field_vrmse,kcal/mol/e/A,exact_dipole_quadrupole_octupole,10,36.14404645466667,9.418285964015878,77.0642319602888,,,,,,,,,,,
W4_dense,clearance_A=1.2,field_vrmse,kcal/mol/e/A,exact_dipole_quadrupole_octupole,10,36.14404645466667,9.418285964015878,77.0642319602888,zero,35.51119950909195,8.711447164560981,76.49392625654042,0.6328469455747291,-56.1134090279,0.0,0.0,0.001953125,0.5799689089509044,
W4_dense,clearance_A=1.2,field_vrmse,kcal/mol/e/A,exact_dipole_quadrupole_octupole,10,36.14404645466667,9.418285964015878,77.0642319602888,mace_polar_l,35.787670281746664,8.986582656485588,76.74516772180814,0.3563761729200094,-100.42105225081755,0.0,0.0,0.001953125,0.5846570981934583,
W4_dense,clearance_A=1.2,field_vrmse,kcal/mol/e/A,exact_dipole_quadrupole_octupole,10,36.14404645466667,9.418285964015878,77.0642319602888,exact_dipole,34.553034543773194,7.963190695538774,75.10346909323938,1.5910119108934704,-21.71764667957082,0.0,0.0,0.001953125,0.5705173860184571,
W4_dense,clearance_A=1.2,field_vrmse,kcal/mol/e/A,glider,10,0.2718963115597638,0.2554127449367924,0.2896875058587194,,,,,,,,,,,
W4_dense,clearance_A=1.2,field_vrmse,kcal/mol/e/A,glider,10,0.2718963115597638,0.2554127449367924,0.2896875058587194,zero,-0.3609506340149652,-0.4825693492451964,-0.2382255809936306,0.6328469455747291,0.5703600792244683,10.0,0.0,0.001953125,-1.7382147286867358,
W4_dense,clearance_A=1.2,field_vrmse,kcal/mol/e/A,glider,10,0.2718963115597638,0.2554127449367924,0.2896875058587194,mace_polar_l,-0.0844798613602456,-0.174507085149191,-0.0079781354457094,0.3563761729200094,0.2370524961532923,7.0,0.0,0.34375,-0.5919387311647486,
W4_dense,clearance_A=1.2,field_vrmse,kcal/mol/e/A,glider,10,0.2718963115597638,0.2554127449367924,0.2896875058587194,exact_dipole,-1.3191155993337067,-1.8700306308695849,-0.8730849839568585,1.5910119108934704,0.8291047919263697,10.0,0.0,0.001953125,-1.5370582223145004,
W4_dense,clearance_A=1.2,field_vrmse,kcal/mol/e/A,mace_polar_l,10,0.3563761729200094,0.2729991216859682,0.4504826052692284,,,,,,,,,,,
W4_dense,clearance_A=1.2,field_vrmse,kcal/mol/e/A,mace_polar_l,10,0.3563761729200094,0.2729991216859682,0.4504826052692284,zero,-0.2764707726547195,-0.3492792544781633,-0.2061290259946853,0.6328469455747291,0.4368683053429905,10.0,0.0,0.001953125,-2.278786493521636,
W4_dense,clearance_A=1.2,field_vrmse,kcal/mol/e/A,mace_polar_l,10,0.3563761729200094,0.2729991216859682,0.4504826052692284,exact_dipole,-1.234635737973461,-1.8158108003409967,-0.7647681370408569,1.5910119108934704,0.7760065965063216,10.0,0.0,0.001953125,-1.372635895433617,
W4_dense,clearance_A=1.2,field_vrmse,kcal/mol/e/A,zero,10,0.6328469455747291,0.5007862826790034,0.7623970915332318,,,,,,,,,,,
W4_dense,clearance_A=1.2,field_vrmse,kcal/mol/e/A,zero,10,0.6328469455747291,0.5007862826790034,0.7623970915332318,mace_polar_l,0.2764707726547195,0.2061290259946853,0.349279254478163,0.3563761729200094,-0.7757835502565291,0.0,0.0,0.001953125,2.278786493521636,
W4_dense,clearance_A=1.2,field_vrmse,kcal/mol/e/A,zero,10,0.6328469455747291,0.5007862826790034,0.7623970915332318,exact_dipole,-0.9581649653187414,-1.517982058339773,-0.52492241430813,1.5910119108934704,0.6022361987099525,10.0,0.0,0.001953125,-1.125449667004373,
W4_dense,clearance_A=1.2,force_vrmse,kcal/mol/A,exact_dipole,10,0.5909304251332118,0.4174548918047646,0.8211095094681151,,,,,,,,,,,
W4_dense,clearance_A=1.2,force_vrmse,kcal/mol/A,exact_dipole,10,0.5909304251332118,0.4174548918047646,0.8211095094681151,zero,0.4251475151667845,0.2406409250365756,0.6697780937118565,0.1657829099664272,-2.5644833671509404,0.0,0.0,0.001953125,1.146286498654798,
W4_dense,clearance_A=1.2,force_vrmse,kcal/mol/A,exact_dipole,10,0.5909304251332118,0.4174548918047646,0.8211095094681151,mace_polar_l,0.4596189277575322,0.2729154959276352,0.7064658152887384,0.1313114973756796,-3.500218464820118,0.0,0.0,0.001953125,1.230209002408443,
W4_dense,clearance_A=1.2,force_vrmse,kcal/mol/A,exact_dipole_quadrupole,10,3.488426280863492,1.7956192159942,5.573154918185924,,,,,,,,,,,
W4_dense,clearance_A=1.2,force_vrmse,kcal/mol/A,exact_dipole_quadrupole,10,3.488426280863492,1.7956192159942,5.573154918185924,zero,3.3226433708970644,1.6075313814365948,5.431224069488431,0.1657829099664272,-20.04213444902092,0.0,0.0,0.001953125,1.011951071393037,
W4_dense,clearance_A=1.2,force_vrmse,kcal/mol/A,exact_dipole_quadrupole,10,3.488426280863492,1.7956192159942,5.573154918185924,mace_polar_l,3.357114783487812,1.6433754889450956,5.463234540154432,0.1313114973756796,-25.56603839405755,0.0,0.0,0.001953125,1.0234783516222543,
W4_dense,clearance_A=1.2,force_vrmse,kcal/mol/A,exact_dipole_quadrupole,10,3.488426280863492,1.7956192159942,5.573154918185924,exact_dipole,2.89749585573028,1.3045763401815078,4.815243067474077,0.5909304251332118,-4.9032774968002455,0.0,0.0,0.001953125,0.9576608265238022,
W4_dense,clearance_A=1.2,force_vrmse,kcal/mol/A,exact_dipole_quadrupole_octupole,10,23.19690018316583,5.256718226143883,50.303579265824446,,,,,,,,,,,
W4_dense,clearance_A=1.2,force_vrmse,kcal/mol/A,exact_dipole_quadrupole_octupole,10,23.19690018316583,5.256718226143883,50.303579265824446,zero,23.0311172731994,5.075626886016094,50.161727659482494,0.1657829099664272,-138.9233502890222,0.0,0.0,0.001953125,0.5680219839378184,
W4_dense,clearance_A=1.2,force_vrmse,kcal/mol/A,exact_dipole_quadrupole_octupole,10,23.19690018316583,5.256718226143883,50.303579265824446,mace_polar_l,23.06558868579015,5.112181020467815,50.19580789030204,0.1313114973756796,-175.65551491504172,0.0,0.0,0.001953125,0.5689042646140376,
W4_dense,clearance_A=1.2,force_vrmse,kcal/mol/A,exact_dipole_quadrupole_octupole,10,23.19690018316583,5.256718226143883,50.303579265824446,exact_dipole,22.60596975803261,4.768582969458946,49.5121858333615,0.5909304251332118,-38.25487535683514,0.0,0.0,0.001953125,0.561663421661558,
W4_dense,clearance_A=1.2,force_vrmse,kcal/mol/A,glider,10,0.1062925669155626,0.0967467630769896,0.1167039011926574,,,,,,,,,,,
W4_dense,clearance_A=1.2,force_vrmse,kcal/mol/A,glider,10,0.1062925669155626,0.0967467630769896,0.1167039011926574,zero,-0.0594903430508645,-0.0936867685251196,-0.0280734185298291,0.1657829099664272,0.3588448475353217,9.0,0.0,0.021484375,-1.0724662757237704,
W4_dense,clearance_A=1.2,force_vrmse,kcal/mol/A,glider,10,0.1062925669155626,0.0967467630769896,0.1167039011926574,mace_polar_l,-0.0250189304601169,-0.0556896298120252,0.0015606215040152,0.1313114973756796,0.1905311489102759,7.0,0.0,0.34375,-0.5141785559065611,
W4_dense,clearance_A=1.2,force_vrmse,kcal/mol/A,glider,10,0.1062925669155626,0.0967467630769896,0.1167039011926574,exact_dipole,-0.484637858217649,-0.7178538778327371,-0.3104676716896201,0.5909304251332118,0.8201267655297975,10.0,0.0,0.001953125,-1.3770714386594902,
W4_dense,clearance_A=1.2,force_vrmse,kcal/mol/A,mace_polar_l,10,0.1313114973756796,0.0980072812241791,0.1700197580015533,,,,,,,,,,,
W4_dense,clearance_A=1.2,force_vrmse,kcal/mol/A,mace_polar_l,10,0.1313114973756796,0.0980072812241791,0.1700197580015533,zero,-0.0344714125907476,-0.0423970689564149,-0.0267424786661294,0.1657829099664272,0.2079310382338473,10.0,0.0,0.001953125,-2.59349218125187,
W4_dense,clearance_A=1.2,force_vrmse,kcal/mol/A,mace_polar_l,10,0.1313114973756796,0.0980072812241791,0.1700197580015533,exact_dipole,-0.4596189277575322,-0.7064658152887385,-0.2729154959276355,0.5909304251332118,0.7777885656402301,10.0,0.0,0.001953125,-1.230209002408443,
W4_dense,clearance_A=1.2,force_vrmse,kcal/mol/A,zero,10,0.1657829099664272,0.1276983916624988,0.2073034722871476,,,,,,,,,,,
W4_dense,clearance_A=1.2,force_vrmse,kcal/mol/A,zero,10,0.1657829099664272,0.1276983916624988,0.2073034722871476,mace_polar_l,0.0344714125907476,0.0267424786661294,0.0423970689564149,0.1313114973756796,-0.2625163316211802,0.0,0.0,0.001953125,2.59349218125187,
W4_dense,clearance_A=1.2,force_vrmse,kcal/mol/A,zero,10,0.1657829099664272,0.1276983916624988,0.2073034722871476,exact_dipole,-0.4251475151667845,-0.6697780937118567,-0.2406409250365756,0.5909304251332118,0.7194544350478227,10.0,0.0,0.001953125,-1.146286498654798,
W4_dense,clearance_A=1.8,energy_mae,kcal/mol,exact_dipole,10,0.1469063441121188,0.1028115321649384,0.1985285588201186,,,,,,,,,,,
W4_dense,clearance_A=1.8,energy_mae,kcal/mol,exact_dipole,10,0.1469063441121188,0.1028115321649384,0.1985285588201186,zero,0.0450887494395709,0.0176468609001449,0.0796763819762416,0.1018175946725479,-0.4428384856721403,2.0,0.0,0.109375,0.8518241591767356,
W4_dense,clearance_A=1.8,energy_mae,kcal/mol,exact_dipole,10,0.1469063441121188,0.1028115321649384,0.1985285588201186,mace_polar_l,0.1039954897854843,0.063801713430747,0.1523790452987815,0.0429108543266345,-2.4235241040385183,0.0,0.0,0.001953125,1.380288952907236,
W4_dense,clearance_A=1.8,energy_mae,kcal/mol,exact_dipole_quadrupole,10,0.256156378307821,0.1526399412374117,0.3735256204783853,,,,,,,,,,,
W4_dense,clearance_A=1.8,energy_mae,kcal/mol,exact_dipole_quadrupole,10,0.256156378307821,0.1526399412374117,0.3735256204783853,zero,0.154338783635273,0.0612506770965865,0.2638149195944127,0.1018175946725479,-1.5158360805088424,3.0,0.0,0.34375,0.8954036915338619,
W4_dense,clearance_A=1.8,energy_mae,kcal/mol,exact_dipole_quadrupole,10,0.256156378307821,0.1526399412374117,0.3735256204783853,mace_polar_l,0.2132455239811864,0.1098801532089501,0.332396125081452,0.0429108543266345,-4.969500778473808,1.0,0.0,0.021484375,1.1290227484298851,
W4_dense,clearance_A=1.8,energy_mae,kcal/mol,exact_dipole_quadrupole,10,0.256156378307821,0.1526399412374117,0.3735256204783853,exact_dipole,0.1092500341957021,0.0361709799164785,0.2024985119317737,0.1469063441121188,-0.7436713155990224,3.0,0.0,0.34375,0.7714623783084792,
W4_dense,clearance_A=1.8,energy_mae,kcal/mol,exact_dipole_quadrupole_octupole,10,0.4115014906128684,0.2297430890552985,0.6133984449746867,,,,,,,,,,,
W4_dense,clearance_A=1.8,energy_mae,kcal/mol,exact_dipole_quadrupole_octupole,10,0.4115014906128684,0.2297430890552985,0.6133984449746867,zero,0.3096838959403206,0.1341822570800224,0.5036770597465854,0.1018175946725479,-3.0415558031623533,3.0,0.0,0.34375,0.983508648422776,
W4_dense,clearance_A=1.8,energy_mae,kcal/mol,exact_dipole_quadrupole_octupole,10,0.4115014906128684,0.2297430890552985,0.6133984449746867,mace_polar_l,0.3685906362862339,0.1850900856688002,0.5731555333623076,0.0429108543266345,-8.589683008418962,2.0,0.0,0.109375,1.113961350666903,
W4_dense,clearance_A=1.8,energy_mae,kcal/mol,exact_dipole_quadrupole_octupole,10,0.4115014906128684,0.2297430890552985,0.6133984449746867,exact_dipole,0.2645951465007496,0.1121482964744655,0.4377323677045101,0.1469063441121188,-1.8011144998531217,3.0,0.0,0.34375,0.9529187302694884,
W4_dense,clearance_A=1.8,energy_mae,kcal/mol,glider,10,0.0331139639349864,0.0287008171215668,0.0375415529030131,,,,,,,,,,,
W4_dense,clearance_A=1.8,energy_mae,kcal/mol,glider,10,0.0331139639349864,0.0287008171215668,0.0375415529030131,zero,-0.0687036307375615,-0.0884383982119975,-0.0495769358043219,0.1018175946725479,0.6747716930312184,10.0,0.0,0.001953125,-2.079800691234372,
W4_dense,clearance_A=1.8,energy_mae,kcal/mol,glider,10,0.0331139639349864,0.0287008171215668,0.0375415529030131,mace_polar_l,-0.0097968903916481,-0.0198339006343161,-0.0018628364570786,0.0429108543266345,0.2283079781417275,8.0,0.0,0.109375,-0.6313606285022142,
W4_dense,clearance_A=1.8,energy_mae,kcal/mol,glider,10,0.0331139639349864,0.0287008171215668,0.0375415529030131,exact_dipole,-0.1137923801771324,-0.1623770843253506,-0.0721901782444871,0.1469063441121188,0.774591327997967,10.0,0.0,0.001953125,-1.4842316518056922,
W4_dense,clearance_A=1.8,energy_mae,kcal/mol,mace_polar_l,10,0.0429108543266345,0.0338153746339479,0.0529335519291649,,,,,,,,,,,
W4_dense,clearance_A=1.8,energy_mae,kcal/mol,mace_polar_l,10,0.0429108543266345,0.0338153746339479,0.0529335519291649,zero,-0.0589067403459134,-0.0745263484282332,-0.0438189056189142,0.1018175946725479,0.5785516789643416,10.0,0.0,0.001953125,-2.2609069278209364,
W4_dense,clearance_A=1.8,energy_mae,kcal/mol,mace_polar_l,10,0.0429108543266345,0.0338153746339479,0.0529335519291649,exact_dipole,-0.1039954897854843,-0.1523790452987816,-0.0638017134307471,0.1469063441121188,0.7079033272117576,10.0,0.0,0.001953125,-1.380288952907236,
W4_dense,clearance_A=1.8,energy_mae,kcal/mol,zero,10,0.1018175946725479,0.0802696982888869,0.1238322084142019,,,,,,,,,,,
W4_dense,clearance_A=1.8,energy_mae,kcal/mol,zero,10,0.1018175946725479,0.0802696982888869,0.1238322084142019,mace_polar_l,0.0589067403459134,0.0438189056189142,0.0745263484282331,0.0429108543266345,-1.3727701596784647,0.0,0.0,0.001953125,2.2609069278209364,
W4_dense,clearance_A=1.8,energy_mae,kcal/mol,zero,10,0.1018175946725479,0.0802696982888869,0.1238322084142019,exact_dipole,-0.0450887494395709,-0.0796763819762416,-0.0176468609001449,0.1469063441121188,0.3069217310666937,8.0,0.0,0.109375,-0.8518241591767356,
W4_dense,clearance_A=1.8,energy_rmse,kcal/mol,exact_dipole,10,0.1677691080239332,0.1176569202221668,0.2262186272556553,,,,,,,,,,,
W4_dense,clearance_A=1.8,energy_rmse,kcal/mol,exact_dipole,10,0.1677691080239332,0.1176569202221668,0.2262186272556553,zero,0.0519158074023343,0.0200760747985748,0.0909706056815252,0.1158533006215988,-0.4481167746087984,2.0,0.0,0.109375,0.8576162548683341,
W4_dense,clearance_A=1.8,energy_rmse,kcal/mol,exact_dipole,10,0.1677691080239332,0.1176569202221668,0.2262186272556553,mace_polar_l,0.1176874901332381,0.0718956226402553,0.1728865984664681,0.0500816178906951,-2.3499139023442708,0.0,0.0,0.001953125,1.3731021065998412,
W4_dense,clearance_A=1.8,energy_rmse,kcal/mol,exact_dipole_quadrupole,10,0.2959484536480528,0.1758467204195794,0.432814389931598,,,,,,,,,,,
W4_dense,clearance_A=1.8,energy_rmse,kcal/mol,exact_dipole_quadrupole,10,0.2959484536480528,0.1758467204195794,0.432814389931598,zero,0.1800951530264539,0.0717526716476626,0.3076614621344878,0.1158533006215988,-1.554510333846098,3.0,0.0,0.34375,0.8951193311436233,
W4_dense,clearance_A=1.8,energy_rmse,kcal/mol,exact_dipole_quadrupole,10,0.2959484536480528,0.1758467204195794,0.432814389931598,mace_polar_l,0.2458668357573576,0.1259414563635454,0.3849495577356676,0.0500816178906951,-4.909322943479392,1.0,0.0,0.021484375,1.118857844442284,
W4_dense,clearance_A=1.8,energy_rmse,kcal/mol,exact_dipole_quadrupole,10,0.2959484536480528,0.1758467204195794,0.432814389931598,exact_dipole,0.1281793456241195,0.0433243162641665,0.2373031994214141,0.1677691080239332,-0.7640223348259922,3.0,0.0,0.34375,0.7722905238246152,
W4_dense,clearance_A=1.8,energy_rmse,kcal/mol,exact_dipole_quadrupole_octupole,10,0.4907282026131455,0.2726922636591922,0.7339160557908061,,,,,,,,,,,
W4_dense,clearance_A=1.8,energy_rmse,kcal/mol,exact_dipole_quadrupole_octupole,10,0.4907282026131455,0.2726922636591922,0.7339160557908061,zero,0.3748749019915466,0.16436793702368,0.6095230793977405,0.1158533006215988,-3.235772308429663,3.0,0.0,0.34375,0.9887804805345862,
W4_dense,clearance_A=1.8,energy_rmse,kcal/mol,exact_dipole_quadrupole_octupole,10,0.4907282026131455,0.2726922636591922,0.7339160557908061,mace_polar_l,0.4406465847224504,0.2210069400814022,0.6866477856038568,0.0500816178906951,-8.798569281131785,2.0,0.0,0.109375,1.1092285639564297,
W4_dense,clearance_A=1.8,energy_rmse,kcal/mol,exact_dipole_quadrupole_octupole,10,0.4907282026131455,0.2726922636591922,0.7339160557908061,exact_dipole,0.3229590945892123,0.1401839029930894,0.5328011778968539,0.1677691080239332,-1.9250212294336115,3.0,0.0,0.34375,0.960983065007134,
W4_dense,clearance_A=1.8,energy_rmse,kcal/mol,glider,10,0.038520466551455,0.0332988049484769,0.0436796894821373,,,,,,,,,,,
W4_dense,clearance_A=1.8,energy_rmse,kcal/mol,glider,10,0.038520466551455,0.0332988049484769,0.0436796894821373,zero,-0.0773328340701438,-0.0999440585805591,-0.0553756117051574,0.1158533006215988,0.6675065246757973,10.0,0.0,0.001953125,-2.044019535531134,
W4_dense,clearance_A=1.8,energy_rmse,kcal/mol,glider,10,0.038520466551455,0.0332988049484769,0.0436796894821373,mace_polar_l,-0.0115611513392401,-0.0233476134384158,-0.0022824195071636,0.0500816178906951,0.2308462031812299,8.0,0.0,0.109375,-0.6340114552996434,
W4_dense,clearance_A=1.8,energy_rmse,kcal/mol,glider,10,0.038520466551455,0.0332988049484769,0.0436796894821373,exact_dipole,-0.1292486414724782,-0.1845470351674461,-0.0817284409421733,0.1677691080239332,0.7703959506898025,10.0,0.0,0.001953125,-1.478585116052898,
W4_dense,clearance_A=1.8,energy_rmse,kcal/mol,mace_polar_l,10,0.0500816178906951,0.0396016720047076,0.0616507464719481,,,,,,,,,,,
W4_dense,clearance_A=1.8,energy_rmse,kcal/mol,mace_polar_l,10,0.0500816178906951,0.0396016720047076,0.0616507464719481,zero,-0.0657716827309037,-0.0837653409821552,-0.0486728898844076,0.1158533006215988,0.5677152258762812,10.0,0.0,0.001953125,-2.213654137282352,
W4_dense,clearance_A=1.8,energy_rmse,kcal/mol,mace_polar_l,10,0.0500816178906951,0.0396016720047076,0.0616507464719481,exact_dipole,-0.1176874901332381,-0.1728865984664682,-0.0718956226402553,0.1677691080239332,0.70148486523782,10.0,0.0,0.001953125,-1.3731021065998412,
W4_dense,clearance_A=1.8,energy_rmse,kcal/mol,zero,10,0.1158533006215988,0.0911924634073387,0.1410309659463646,,,,,,,,,,,
W4_dense,clearance_A=1.8,energy_rmse,kcal/mol,zero,10,0.1158533006215988,0.0911924634073387,0.1410309659463646,mace_polar_l,0.0657716827309037,0.0486728898844076,0.0837653409821551,0.0500816178906951,-1.3132898955950796,0.0,0.0,0.001953125,2.213654137282352,
W4_dense,clearance_A=1.8,energy_rmse,kcal/mol,zero,10,0.1158533006215988,0.0911924634073387,0.1410309659463646,exact_dipole,-0.0519158074023343,-0.0909706056815252,-0.0200760747985748,0.1677691080239332,0.3094479550724457,8.0,0.0,0.109375,-0.8576162548683341,
W4_dense,clearance_A=1.8,energy_nrmse,1,exact_dipole,10,1.4927136902984968,1.255039397239967,1.7253863019566724,,,,,,,,,,,
W4_dense,clearance_A=1.8,energy_nrmse,1,exact_dipole,10,1.4927136902984968,1.255039397239967,1.7253863019566724,zero,0.4927136902984967,0.2550393972399669,0.7253863019566728,1.0,-0.4927136902984967,1.0,0.0,0.021484375,1.228767204720932,
W4_dense,clearance_A=1.8,energy_nrmse,1,exact_dipole,10,1.4927136902984968,1.255039397239967,1.7253863019566724,mace_polar_l,1.0125833774132738,0.7224043154492246,1.3098998870600305,0.4801303128852228,-2.10897614718056,0.0,0.0,0.001953125,2.0222610630702262,
W4_dense,clearance_A=1.8,energy_nrmse,1,exact_dipole_quadrupole,10,2.925214624313954,1.8332446796081152,4.223810560795199,,,,,,,,,,,
W4_dense,clearance_A=1.8,energy_nrmse,1,exact_dipole_quadrupole,10,2.925214624313954,1.8332446796081152,4.223810560795199,zero,1.9252146243139536,0.833244679608115,3.2238105607951986,1.0,-1.9252146243139536,2.0,0.0,0.109375,0.9463372984935632,
W4_dense,clearance_A=1.8,energy_nrmse,1,exact_dipole_quadrupole,10,2.925214624313954,1.8332446796081152,4.223810560795199,mace_polar_l,2.445084311428731,1.296069160838747,3.803307125411386,0.4801303128852228,-5.092543098842499,1.0,0.0,0.021484375,1.1451316861100362,
W4_dense,clearance_A=1.8,energy_nrmse,1,exact_dipole_quadrupole,10,2.925214624313954,1.8332446796081152,4.223810560795199,exact_dipole,1.4325009340154569,0.473334767583951,2.635597354730105,1.4927136902984968,-0.9596622201066576,3.0,0.0,0.34375,0.7773996860577237,
W4_dense,clearance_A=1.8,energy_nrmse,1,exact_dipole_quadrupole_octupole,10,4.608380373471936,2.606299523954533,6.7737745031947,,,,,,,,,,,
W4_dense,clearance_A=1.8,energy_nrmse,1,exact_dipole_quadrupole_octupole,10,4.608380373471936,2.606299523954533,6.7737745031947,zero,3.608380373471936,1.6062995239545323,5.7737745031947,1.0,-3.608380373471936,2.0,0.0,0.109375,1.0081400429386231,
W4_dense,clearance_A=1.8,energy_nrmse,1,exact_dipole_quadrupole_octupole,10,4.608380373471936,2.606299523954533,6.7737745031947,mace_polar_l,4.128250060586713,2.058178487306233,6.354984374459297,0.4801303128852228,-8.598186679318431,2.0,0.0,0.109375,1.1190683789067506,
W4_dense,clearance_A=1.8,energy_nrmse,1,exact_dipole_quadrupole_octupole,10,4.608380373471936,2.606299523954533,6.7737745031947,exact_dipole,3.11566668317344,1.2512086852399789,5.150996004373315,1.4927136902984968,-2.087250022172974,3.0,0.0,0.34375,0.9327714723448584,
W4_dense,clearance_A=1.8,energy_nrmse,1,glider,10,0.4327437132720165,0.3581496110161724,0.5145722106116339,,,,,,,,,,,
W4_dense,clearance_A=1.8,energy_nrmse,1,glider,10,0.4327437132720165,0.3581496110161724,0.5145722106116339,zero,-0.5672562867279834,-0.6418503889838276,-0.485427789388366,1.0,0.5672562867279834,10.0,0.0,0.001953125,-4.271906674026366,
W4_dense,clearance_A=1.8,energy_nrmse,1,glider,10,0.4327437132720165,0.3581496110161724,0.5145722106116339,mace_polar_l,-0.0473865996132063,-0.1543928759133645,0.0391931766797686,0.4801303128852228,0.0986952882196676,7.0,0.0,0.34375,-0.2838516285763258,
W4_dense,clearance_A=1.8,energy_nrmse,1,glider,10,0.4327437132720165,0.3581496110161724,0.5145722106116339,exact_dipole,-1.0599699770264803,-1.331938235832819,-0.7673218760944862,1.4927136902984968,0.7100959707916384,10.0,0.0,0.001953125,-2.229610509331679,
W4_dense,clearance_A=1.8,energy_nrmse,1,mace_polar_l,10,0.4801303128852228,0.3839754541252416,0.5843234456401526,,,,,,,,,,,
W4_dense,clearance_A=1.8,energy_nrmse,1,mace_polar_l,10,0.4801303128852228,0.3839754541252416,0.5843234456401526,zero,-0.5198696871147772,-0.6160245458747584,-0.4156765543598475,1.0,0.5198696871147772,10.0,0.0,0.001953125,-3.0456455020074986,
W4_dense,clearance_A=1.8,energy_nrmse,1,mace_polar_l,10,0.4801303128852228,0.3839754541252416,0.5843234456401526,exact_dipole,-1.0125833774132738,-1.3098998870600305,-0.7224043154492247,1.4927136902984968,0.6783507004687472,10.0,0.0,0.001953125,-2.0222610630702262,
W4_dense,clearance_A=1.8,energy_nrmse,1,zero,10,1.0,1.0,1.0,,,,,,,,,,,
W4_dense,clearance_A=1.8,energy_nrmse,1,zero,10,1.0,1.0,1.0,mace_polar_l,0.5198696871147772,0.4156765543598474,0.6160245458747583,0.4801303128852228,-1.082767892722187,0.0,0.0,0.001953125,3.0456455020074986,
W4_dense,clearance_A=1.8,energy_nrmse,1,zero,10,1.0,1.0,1.0,exact_dipole,-0.4927136902984967,-0.7253863019566731,-0.2550393972399669,1.4927136902984968,0.3300791662197251,9.0,0.0,0.021484375,-1.228767204720932,
W4_dense,clearance_A=1.8,centered_orientation_rmse,kcal/mol,exact_dipole,10,0.1622472363366465,0.1132670157580178,0.2196809639713299,,,,,,,,,,,
W4_dense,clearance_A=1.8,centered_orientation_rmse,kcal/mol,exact_dipole,10,0.1622472363366465,0.1132670157580178,0.2196809639713299,zero,0.0505344118565483,0.0185693065723549,0.089797828004981,0.1117128244800981,-0.4523599872416726,2.0,0.0,0.109375,0.8338574660184953,
W4_dense,clearance_A=1.8,centered_orientation_rmse,kcal/mol,exact_dipole,10,0.1622472363366465,0.1132670157580178,0.2196809639713299,mace_polar_l,0.1156207943546973,0.0701867436887741,0.1703960837577739,0.0466264419819492,-2.4797258688419417,0.0,0.0,0.001953125,1.3603306165741775,
W4_dense,clearance_A=1.8,centered_orientation_rmse,kcal/mol,exact_dipole_quadrupole,10,0.2852392175701585,0.1694136684823323,0.4167916731933901,,,,,,,,,,,
W4_dense,clearance_A=1.8,centered_orientation_rmse,kcal/mol,exact_dipole_quadrupole,10,0.2852392175701585,0.1694136684823323,0.4167916731933901,zero,0.1735263930900604,0.068525528437623,0.2957106456664619,0.1117128244800981,-1.5533256266470503,3.0,0.0,0.34375,0.8997781279465507,
W4_dense,clearance_A=1.8,centered_orientation_rmse,kcal/mol,exact_dipole_quadrupole,10,0.2852392175701585,0.1694136684823323,0.4167916731933901,mace_polar_l,0.2386127755882093,0.1232228006153919,0.3723641289556045,0.0466264419819492,-5.117542009329922,1.0,0.0,0.021484375,1.1289142507330543,
W4_dense,clearance_A=1.8,centered_orientation_rmse,kcal/mol,exact_dipole_quadrupole,10,0.2852392175701585,0.1694136684823323,0.4167916731933901,exact_dipole,0.1229919812335119,0.0425693016957722,0.2256625761163669,0.1622472363366465,-0.758052858159729,3.0,0.0,0.34375,0.787794806382021,
W4_dense,clearance_A=1.8,centered_orientation_rmse,kcal/mol,exact_dipole_quadrupole_octupole,10,0.4771255519406802,0.2634621029275389,0.713640230811079,,,,,,,,,,,
W4_dense,clearance_A=1.8,centered_orientation_rmse,kcal/mol,exact_dipole_quadrupole_octupole,10,0.4771255519406802,0.2634621029275389,0.713640230811079,zero,0.365412727460582,0.1597812773450758,0.5935847015021518,0.1117128244800981,-3.271000703466065,3.0,0.0,0.34375,0.988489341945538,
W4_dense,clearance_A=1.8,centered_orientation_rmse,kcal/mol,exact_dipole_quadrupole_octupole,10,0.4771255519406802,0.2634621029275389,0.713640230811079,mace_polar_l,0.430499109958731,0.2165785308219625,0.6698404190101941,0.0466264419819492,-9.232939329262845,2.0,0.0,0.109375,1.1115419587626638,
W4_dense,clearance_A=1.8,centered_orientation_rmse,kcal/mol,exact_dipole_quadrupole_octupole,10,0.4771255519406802,0.2634621029275389,0.713640230811079,exact_dipole,0.3148783156040337,0.1371689149245238,0.5176745155617558,0.1622472363366465,-1.940731458443416,3.0,0.0,0.34375,0.9656344056949177,
W4_dense,clearance_A=1.8,centered_orientation_rmse,kcal/mol,glider,10,0.0371658263460609,0.0321159248026854,0.0421392467902333,,,,,,,,,,,
W4_dense,clearance_A=1.8,centered_orientation_rmse,kcal/mol,glider,10,0.0371658263460609,0.0321159248026854,0.0421392467902333,zero,-0.0745469981340371,-0.096605208867376,-0.0529444038277111,0.1117128244800981,0.6673092232782807,10.0,0.0,0.001953125,-2.01043285598734,
W4_dense,clearance_A=1.8,centered_orientation_rmse,kcal/mol,glider,10,0.0371658263460609,0.0321159248026854,0.0421392467902333,mace_polar_l,-0.0094606156358882,-0.0200075097850241,-0.001003528913717,0.0466264419819492,0.2029023711384796,7.0,0.0,0.34375,-0.5771993938585047,
W4_dense,clearance_A=1.8,centered_orientation_rmse,kcal/mol,glider,10,0.0371658263460609,0.0321159248026854,0.0421392467902333,exact_dipole,-0.1250814099905855,-0.1795272179700664,-0.0785021482053531,0.1622472363366465,0.7709309126908909,10.0,0.0,0.001953125,-1.4565076903323002,
W4_dense,clearance_A=1.8,centered_orientation_rmse,kcal/mol,mace_polar_l,10,0.0466264419819492,0.0370796527389605,0.0570561904721554,,,,,,,,,,,
W4_dense,clearance_A=1.8,centered_orientation_rmse,kcal/mol,mace_polar_l,10,0.0466264419819492,0.0370796527389605,0.0570561904721554,zero,-0.0650863824981489,-0.0828377295215564,-0.0476494377668217,0.1117128244800981,0.5826222978521522,10.0,0.0,0.001953125,-2.18477134456496,
W4_dense,clearance_A=1.8,centered_orientation_rmse,kcal/mol,mace_polar_l,10,0.0466264419819492,0.0370796527389605,0.0570561904721554,exact_dipole,-0.1156207943546973,-0.170396083757774,-0.0701867436887741,0.1622472363366465,0.7126210403658029,10.0,0.0,0.001953125,-1.3603306165741775,
W4_dense,clearance_A=1.8,centered_orientation_rmse,kcal/mol,zero,10,0.1117128244800981,0.0872785137134997,0.1361850905652286,,,,,,,,,,,
W4_dense,clearance_A=1.8,centered_orientation_rmse,kcal/mol,zero,10,0.1117128244800981,0.0872785137134997,0.1361850905652286,mace_polar_l,0.0650863824981489,0.0476494377668216,0.0828377295215564,0.0466264419819492,-1.395911412741857,0.0,0.0,0.001953125,2.18477134456496,
W4_dense,clearance_A=1.8,centered_orientation_rmse,kcal/mol,zero,10,0.1117128244800981,0.0872785137134997,0.1361850905652286,exact_dipole,-0.0505344118565483,-0.0897978280049811,-0.0185693065723549,0.1622472363366465,0.3114654708305455,8.0,0.0,0.109375,-0.8338574660184953,
W4_dense,clearance_A=1.8,centered_orientation_nrmse,1,exact_dipole,10,1.501448862099266,1.2596254465308598,1.7374637735063374,,,,,,,,,,,
W4_dense,clearance_A=1.8,centered_orientation_nrmse,1,exact_dipole,10,1.501448862099266,1.2596254465308598,1.7374637735063374,zero,0.5014488620992663,0.2596254465308596,0.7374637735063373,1.0,-0.5014488620992661,1.0,0.0,0.021484375,1.23521816545033,
W4_dense,clearance_A=1.8,centered_orientation_nrmse,1,exact_dipole,10,1.501448862099266,1.2596254465308598,1.7374637735063374,mace_polar_l,1.033135241008916,0.7394778992584667,1.3345724273260884,0.4683136210903503,-2.2060755751744323,0.0,0.0,0.001953125,2.035832353383236,
W4_dense,clearance_A=1.8,centered_orientation_nrmse,1,exact_dipole_quadrupole,10,2.914732049353094,1.8414617629630776,4.188371328085689,,,,,,,,,,,
W4_dense,clearance_A=1.8,centered_orientation_nrmse,1,exact_dipole_quadrupole,10,2.914732049353094,1.8414617629630776,4.188371328085689,zero,1.9147320493530933,0.8414617629630778,3.188371328085688,1.0,-1.914732049353094,2.0,0.0,0.109375,0.9579125187142132,
W4_dense,clearance_A=1.8,centered_orientation_nrmse,1,exact_dipole_quadrupole,10,2.914732049353094,1.8414617629630776,4.188371328085689,mace_polar_l,2.4464184282627435,1.313408959560592,3.778777349560524,0.4683136210903503,-5.223889116372217,1.0,0.0,0.021484375,1.1627542332945466,
W4_dense,clearance_A=1.8,centered_orientation_nrmse,1,exact_dipole_quadrupole,10,2.914732049353094,1.8414617629630776,4.188371328085689,exact_dipole,1.4132831872538272,0.4686122629238204,2.5931655134621314,1.501448862099266,-0.9412796019425074,3.0,0.0,0.34375,0.7819954315669606,
W4_dense,clearance_A=1.8,centered_orientation_nrmse,1,exact_dipole_quadrupole_octupole,10,4.624194437955819,2.6139664534453395,6.791131135385523,,,,,,,,,,,
W4_dense,clearance_A=1.8,centered_orientation_nrmse,1,exact_dipole_quadrupole_octupole,10,4.624194437955819,2.6139664534453395,6.791131135385523,zero,3.6241944379558193,1.6139664534453395,5.791131135385523,1.0,-3.6241944379558193,2.0,0.0,0.109375,1.0098524509156734,
W4_dense,clearance_A=1.8,centered_orientation_nrmse,1,exact_dipole_quadrupole_octupole,10,4.624194437955819,2.6139664534453395,6.791131135385523,mace_polar_l,4.155880816865468,2.077397054679442,6.395184959468658,0.4683136210903503,-8.874140383082489,2.0,0.0,0.109375,1.1230373791625927,
W4_dense,clearance_A=1.8,centered_orientation_nrmse,1,exact_dipole_quadrupole_octupole,10,4.624194437955819,2.6139664534453395,6.791131135385523,exact_dipole,3.1227455758565528,1.2507566371040164,5.167183692879019,1.501448862099266,-2.079821467572632,3.0,0.0,0.34375,0.9327894373382952,
W4_dense,clearance_A=1.8,centered_orientation_nrmse,1,glider,10,0.438940423128174,0.3608807340626139,0.5249484370510805,,,,,,,,,,,
W4_dense,clearance_A=1.8,centered_orientation_nrmse,1,glider,10,0.438940423128174,0.3608807340626139,0.5249484370510805,zero,-0.561059576871826,-0.639119265937386,-0.4750515629489196,1.0,0.561059576871826,10.0,0.0,0.001953125,-4.02447772862796,
W4_dense,clearance_A=1.8,centered_orientation_nrmse,1,glider,10,0.438940423128174,0.3608807340626139,0.5249484370510805,mace_polar_l,-0.0293731979621763,-0.1301173125037522,0.0536597951736003,0.4683136210903503,0.0627212121095008,4.0,0.0,0.75390625,-0.1856786358689653,
W4_dense,clearance_A=1.8,centered_orientation_nrmse,1,glider,10,0.438940423128174,0.3608807340626139,0.5249484370510805,exact_dipole,-1.0625084389710924,-1.34231109393243,-0.7635153511931017,1.501448862099266,0.7076554292268968,10.0,0.0,0.001953125,-2.1848626600401904,
W4_dense,clearance_A=1.8,centered_orientation_nrmse,1,mace_polar_l,10,0.4683136210903503,0.3713775267433861,0.5726654351698893,,,,,,,,,,,
W4_dense,clearance_A=1.8,centered_orientation_nrmse,1,mace_polar_l,10,0.4683136210903503,0.3713775267433861,0.5726654351698893,zero,-0.5316863789096496,-0.6286224732566137,-0.4273345648301108,1.0,0.5316863789096496,10.0,0.0,0.001953125,-3.101544340529617,
W4_dense,clearance_A=1.8,centered_orientation_nrmse,1,mace_polar_l,10,0.4683136210903503,0.3713775267433861,0.5726654351698893,exact_dipole,-1.033135241008916,-1.334572427326089,-0.7394778992584669,1.501448862099266,0.6880921935392639,10.0,0.0,0.001953125,-2.035832353383236,
W4_dense,clearance_A=1.8,centered_orientation_nrmse,1,zero,10,1.0,1.0,1.0,,,,,,,,,,,
W4_dense,clearance_A=1.8,centered_orientation_nrmse,1,zero,10,1.0,1.0,1.0,mace_polar_l,0.5316863789096496,0.4273345648301108,0.6286224732566136,0.4683136210903503,-1.1353211928189313,0.0,0.0,0.001953125,3.101544340529617,
W4_dense,clearance_A=1.8,centered_orientation_nrmse,1,zero,10,1.0,1.0,1.0,exact_dipole,-0.5014488620992663,-0.7374637735063376,-0.25962544653086,1.501448862099266,0.3339766506587245,9.0,0.0,0.021484375,-1.23521816545033,
W4_dense,clearance_A=1.8,torque_vrmse,kcal/mol,exact_dipole,10,0.2568360567739797,0.1834362242763973,0.344037851598119,,,,,,,,,,,
W4_dense,clearance_A=1.8,torque_vrmse,kcal/mol,exact_dipole,10,0.2568360567739797,0.1834362242763973,0.344037851598119,zero,0.0860318192624487,0.040149302556062,0.1439221157910707,0.1708042375115309,-0.5036866796506776,1.0,0.0,0.021484375,0.9717110094970745,
W4_dense,clearance_A=1.8,torque_vrmse,kcal/mol,exact_dipole,10,0.2568360567739797,0.1834362242763973,0.344037851598119,mace_polar_l,0.179190961121031,0.1118896488864579,0.26180732896378,0.0776450956529486,-2.307820727299549,0.0,0.0,0.001953125,1.406288112412696,
W4_dense,clearance_A=1.8,torque_vrmse,kcal/mol,exact_dipole_quadrupole,10,0.5079224125959272,0.3026584461386611,0.7397417209890341,,,,,,,,,,,
W4_dense,clearance_A=1.8,torque_vrmse,kcal/mol,exact_dipole_quadrupole,10,0.5079224125959272,0.3026584461386611,0.7397417209890341,zero,0.3371181750843963,0.1469727127481503,0.5563837270772236,0.1708042375115309,-1.973710839941178,2.0,0.0,0.109375,0.96385551901039,
W4_dense,clearance_A=1.8,torque_vrmse,kcal/mol,exact_dipole_quadrupole,10,0.5079224125959272,0.3026584461386611,0.7397417209890341,mace_polar_l,0.4302773169429786,0.2243468126538736,0.6654545081095157,0.0776450956529486,-5.541590403419617,1.0,0.0,0.021484375,1.1420847341116709,
W4_dense,clearance_A=1.8,torque_vrmse,kcal/mol,exact_dipole_quadrupole,10,0.5079224125959272,0.3026584461386611,0.7397417209890341,exact_dipole,0.2510863558219475,0.0934061036585553,0.4467554720525576,0.2568360567739797,-0.977613342050754,3.0,0.0,0.34375,0.8310921350888764,
W4_dense,clearance_A=1.8,torque_vrmse,kcal/mol,exact_dipole_quadrupole_octupole,10,0.9628282897087098,0.5006575369182424,1.556547933039932,,,,,,,,,,,
W4_dense,clearance_A=1.8,torque_vrmse,kcal/mol,exact_dipole_quadrupole_octupole,10,0.9628282897087098,0.5006575369182424,1.556547933039932,zero,0.792024052197179,0.3437391079311821,1.3777881838637076,0.1708042375115309,-4.6370281190694085,2.0,0.0,0.109375,0.89419419096141,
W4_dense,clearance_A=1.8,torque_vrmse,kcal/mol,exact_dipole_quadrupole_octupole,10,0.9628282897087098,0.5006575369182424,1.556547933039932,mace_polar_l,0.8851831940557613,0.421454236541302,1.4848959243433362,0.0776450956529486,-11.400374828724232,1.0,0.0,0.021484375,0.9743714359070946,
W4_dense,clearance_A=1.8,torque_vrmse,kcal/mol,exact_dipole_quadrupole_octupole,10,0.9628282897087098,0.5006575369182424,1.556547933039932,exact_dipole,0.7059922329347301,0.2894201825149015,1.2690627042359433,0.2568360567739797,-2.748804984013657,3.0,0.0,0.34375,0.8372561338051059,
W4_dense,clearance_A=1.8,torque_vrmse,kcal/mol,glider,10,0.0608980443532766,0.0535436240056991,0.0679297688497949,,,,,,,,,,,
W4_dense,clearance_A=1.8,torque_vrmse,kcal/mol,glider,10,0.0608980443532766,0.0535436240056991,0.0679297688497949,zero,-0.1099061931582543,-0.1437645726366396,-0.0775103135661388,0.1708042375115309,0.6434629184819527,10.0,0.0,0.001953125,-1.9576433970999128,
W4_dense,clearance_A=1.8,torque_vrmse,kcal/mol,glider,10,0.0608980443532766,0.0535436240056991,0.0679297688497949,mace_polar_l,-0.016747051299672,-0.0331389482452935,-0.0036801684666817,0.0776450956529486,0.2156871745580243,8.0,0.0,0.109375,-0.6610036661863121,
W4_dense,clearance_A=1.8,torque_vrmse,kcal/mol,glider,10,0.0608980443532766,0.0535436240056991,0.0679297688497949,exact_dipole,-0.195938012420703,-0.280068632809695,-0.1258194317034902,0.2568360567739797,0.762891374683937,10.0,0.0,0.001953125,-1.4961524900745735,
W4_dense,clearance_A=1.8,torque_vrmse,kcal/mol,mace_polar_l,10,0.0776450956529486,0.0636203402811402,0.0928962784458774,,,,,,,,,,,
W4_dense,clearance_A=1.8,torque_vrmse,kcal/mol,mace_polar_l,10,0.0776450956529486,0.0636203402811402,0.0928962784458774,zero,-0.0931591418585823,-0.1204425037776326,-0.0676104780902367,0.1708042375115309,0.5454146993999088,10.0,0.0,0.001953125,-2.0737821637817384,
W4_dense,clearance_A=1.8,torque_vrmse,kcal/mol,mace_polar_l,10,0.0776450956529486,0.0636203402811402,0.0928962784458774,exact_dipole,-0.179190961121031,-0.2618073289637802,-0.1118896488864579,0.2568360567739797,0.697686155798297,10.0,0.0,0.001953125,-1.406288112412696,
W4_dense,clearance_A=1.8,torque_vrmse,kcal/mol,zero,10,0.1708042375115309,0.1353296369849297,0.2075215909372882,,,,,,,,,,,
W4_dense,clearance_A=1.8,torque_vrmse,kcal/mol,zero,10,0.1708042375115309,0.1353296369849297,0.2075215909372882,mace_polar_l,0.0931591418585823,0.0676104780902367,0.1204425037776326,0.0776450956529486,-1.1998071619999924,0.0,0.0,0.001953125,2.0737821637817384,
W4_dense,clearance_A=1.8,torque_vrmse,kcal/mol,zero,10,0.1708042375115309,0.1353296369849297,0.2075215909372882,exact_dipole,-0.0860318192624487,-0.1439221157910707,-0.0401493025560621,0.2568360567739797,0.3349678403533437,9.0,0.0,0.021484375,-0.9717110094970745,
W4_dense,clearance_A=1.8,esp_rmse_mEh,mEh/e,exact_dipole,10,1.2850238054951253,0.8807486829452705,1.727011256982541,,,,,,,,,,,
W4_dense,clearance_A=1.8,esp_rmse_mEh,mEh/e,exact_dipole,10,1.2850238054951253,0.8807486829452705,1.727011256982541,zero,0.0643274119050022,-0.1084407783976773,0.2162355529065314,1.220696393590123,-0.0526973064250746,3.0,0.0,0.34375,0.2317529641853609,
W4_dense,clearance_A=1.8,esp_rmse_mEh,mEh/e,exact_dipole,10,1.2850238054951253,0.8807486829452705,1.727011256982541,mace_polar_l,0.9257227063262472,0.5656742526154939,1.3177289004350872,0.3593010991688782,-2.576453866875426,0.0,0.0,0.001953125,1.4417780571635246,
W4_dense,clearance_A=1.8,esp_rmse_mEh,mEh/e,exact_dipole_quadrupole,10,1.56511957131859,0.9045800321753792,2.274226963619407,,,,,,,,,,,
W4_dense,clearance_A=1.8,esp_rmse_mEh,mEh/e,exact_dipole_quadrupole,10,1.56511957131859,0.9045800321753792,2.274226963619407,zero,0.3444231777284668,-0.125168244840508,0.8479031165895581,1.220696393590123,-0.2821530230916,3.0,0.0,0.34375,0.4162779405646615,
W4_dense,clearance_A=1.8,esp_rmse_mEh,mEh/e,exact_dipole_quadrupole,10,1.56511957131859,0.9045800321753792,2.274226963619407,mace_polar_l,1.2058184721497116,0.571291518514609,1.8949322071224324,0.3593010991688782,-3.356011086353384,2.0,0.0,0.109375,1.0717097108819642,
W4_dense,clearance_A=1.8,esp_rmse_mEh,mEh/e,exact_dipole_quadrupole,10,1.56511957131859,0.9045800321753792,2.274226963619407,exact_dipole,0.2800957658234647,-0.0585335632801901,0.6616439318238948,1.2850238054951253,-0.2179693205882225,3.0,0.0,0.34375,0.4580733588532517,
W4_dense,clearance_A=1.8,esp_rmse_mEh,mEh/e,exact_dipole_quadrupole_octupole,10,2.109710694295404,1.171622868728818,3.138644634132356,,,,,,,,,,,
W4_dense,clearance_A=1.8,esp_rmse_mEh,mEh/e,exact_dipole_quadrupole_octupole,10,2.109710694295404,1.171622868728818,3.138644634132356,zero,0.889014300705281,0.0989777606015488,1.759174245563856,1.220696393590123,-0.7282845311688437,3.0,0.0,0.34375,0.6293409958164587,
W4_dense,clearance_A=1.8,esp_rmse_mEh,mEh/e,exact_dipole_quadrupole_octupole,10,2.109710694295404,1.171622868728818,3.138644634132356,mace_polar_l,1.7504095951265255,0.825046913687337,2.769522493710467,0.3593010991688782,-4.871706763980148,2.0,0.0,0.109375,1.0565456216017852,
W4_dense,clearance_A=1.8,esp_rmse_mEh,mEh/e,exact_dipole_quadrupole_octupole,10,2.109710694295404,1.171622868728818,3.138644634132356,exact_dipole,0.8246868888002787,0.16899567295849,1.574531458591528,1.2850238054951253,-0.6417677908173252,3.0,0.0,0.34375,0.687169889171383,
W4_dense,clearance_A=1.8,esp_rmse_mEh,mEh/e,glider,10,0.3214123870303947,0.2586188250085648,0.3867778838936396,,,,,,,,,,,
W4_dense,clearance_A=1.8,esp_rmse_mEh,mEh/e,glider,10,0.3214123870303947,0.2586188250085648,0.3867778838936396,zero,-0.8992840065597283,-1.2127723839688371,-0.6301052206698683,1.220696393590123,0.7366975205971515,10.0,0.0,0.001953125,-1.819030372062297,
W4_dense,clearance_A=1.8,esp_rmse_mEh,mEh/e,glider,10,0.3214123870303947,0.2586188250085648,0.3867778838936396,mace_polar_l,-0.0378887121384833,-0.1004267374147318,0.0225880238437663,0.3593010991688782,0.1054511445306629,7.0,0.0,0.34375,-0.3595682779098716,
W4_dense,clearance_A=1.8,esp_rmse_mEh,mEh/e,glider,10,0.3214123870303947,0.2586188250085648,0.3867778838936396,exact_dipole,-0.9636114184647304,-1.374630313954059,-0.5822475372283851,1.2850238054951253,0.7498782624446765,10.0,0.0,0.001953125,-1.424256806945576,
W4_dense,clearance_A=1.8,esp_rmse_mEh,mEh/e,mace_polar_l,10,0.3593010991688782,0.2907128289425434,0.4291578752444886,,,,,,,,,,,
W4_dense,clearance_A=1.8,esp_rmse_mEh,mEh/e,mace_polar_l,10,0.3593010991688782,0.2907128289425434,0.4291578752444886,zero,-0.8613952944212449,-1.1550591017830183,-0.6157505911061327,1.220696393590123,0.7056589164549283,10.0,0.0,0.001953125,-1.883998102027136,
W4_dense,clearance_A=1.8,esp_rmse_mEh,mEh/e,mace_polar_l,10,0.3593010991688782,0.2907128289425434,0.4291578752444886,exact_dipole,-0.9257227063262472,-1.3177289004350872,-0.5656742526154942,1.2850238054951253,0.7203934295750747,10.0,0.0,0.001953125,-1.4417780571635246,
W4_dense,clearance_A=1.8,esp_rmse_mEh,mEh/e,zero,10,1.220696393590123,0.9293430016346964,1.5674348656728794,,,,,,,,,,,
W4_dense,clearance_A=1.8,esp_rmse_mEh,mEh/e,zero,10,1.220696393590123,0.9293430016346964,1.5674348656728794,mace_polar_l,0.8613952944212449,0.6157505911061326,1.1550591017830183,0.3593010991688782,-2.3974190349369704,0.0,0.0,0.001953125,1.883998102027136,
W4_dense,clearance_A=1.8,esp_rmse_mEh,mEh/e,zero,10,1.220696393590123,0.9293430016346964,1.5674348656728794,exact_dipole,-0.0643274119050022,-0.2162355529065314,0.1084407783976773,1.2850238054951253,0.0500593153449143,7.0,0.0,0.34375,-0.2317529641853609,
W4_dense,clearance_A=1.8,field_vrmse,kcal/mol/e/A,exact_dipole,10,0.6299694237279743,0.4486054182814761,0.8407702595547782,,,,,,,,,,,
W4_dense,clearance_A=1.8,field_vrmse,kcal/mol/e/A,exact_dipole,10,0.6299694237279743,0.4486054182814761,0.8407702595547782,zero,0.2059768031903398,0.0917900964287428,0.3465648237927771,0.4239926205376344,-0.4858028022496135,2.0,0.0,0.109375,0.9465139425591428,
W4_dense,clearance_A=1.8,field_vrmse,kcal/mol/e/A,exact_dipole,10,0.6299694237279743,0.4486054182814761,0.8407702595547782,mace_polar_l,0.4394037045930848,0.2728165317509591,0.638848342792139,0.1905657191348894,-2.3057856711471736,0.0,0.0,0.001953125,1.4107879315265257,
W4_dense,clearance_A=1.8,field_vrmse,kcal/mol/e/A,exact_dipole_quadrupole,10,1.2016864286779192,0.7095245456528189,1.7669513048809131,,,,,,,,,,,
W4_dense,clearance_A=1.8,field_vrmse,kcal/mol/e/A,exact_dipole_quadrupole,10,1.2016864286779192,0.7095245456528189,1.7669513048809131,zero,0.7776938081402849,0.3257052524013811,1.3186255948989318,0.4239926205376344,-1.834215433169916,3.0,0.0,0.34375,0.918265182459393,
W4_dense,clearance_A=1.8,field_vrmse,kcal/mol/e/A,exact_dipole_quadrupole,10,1.2016864286779192,0.7095245456528189,1.7669513048809131,mace_polar_l,1.01112070954303,0.5191528040662068,1.590898267083215,0.1905657191348894,-5.305889821806415,1.0,0.0,0.021484375,1.108604921199818,
W4_dense,clearance_A=1.8,field_vrmse,kcal/mol/e/A,exact_dipole_quadrupole,10,1.2016864286779192,0.7095245456528189,1.7669513048809131,exact_dipole,0.5717170049499449,0.2038046436849455,1.0492309548594585,0.6299694237279743,-0.9075313553579972,3.0,0.0,0.34375,0.7883477419929665,
W4_dense,clearance_A=1.8,field_vrmse,kcal/mol/e/A,exact_dipole_quadrupole_octupole,10,2.2101298908697493,1.1759172504689932,3.4537296148144647,,,,,,,,,,,
W4_dense,clearance_A=1.8,field_vrmse,kcal/mol/e/A,exact_dipole_quadrupole_octupole,10,2.2101298908697493,1.1759172504689932,3.4537296148144647,zero,1.7861372703321152,0.785497370220375,3.005623589245419,0.4239926205376344,-4.212661220535497,2.0,0.0,0.109375,0.940967215305202,
W4_dense,clearance_A=1.8,field_vrmse,kcal/mol/e/A,exact_dipole_quadrupole_octupole,10,2.2101298908697493,1.1759172504689932,3.4537296148144647,mace_polar_l,2.01956417173486,0.9796819709627392,3.2738561917607694,0.1905657191348894,-10.597730698380952,2.0,0.0,0.109375,1.0311963308192869,
W4_dense,clearance_A=1.8,field_vrmse,kcal/mol/e/A,exact_dipole_quadrupole_octupole,10,2.2101298908697493,1.1759172504689932,3.4537296148144647,exact_dipole,1.5801604671417755,0.6651958888674978,2.73332096442045,0.6299694237279743,-2.5083129555571904,3.0,0.0,0.34375,0.8933603190915139,
W4_dense,clearance_A=1.8,field_vrmse,kcal/mol/e/A,glider,10,0.1476944690994102,0.1294060430294944,0.1653696822566995,,,,,,,,,,,
W4_dense,clearance_A=1.8,field_vrmse,kcal/mol/e/A,glider,10,0.1476944690994102,0.1294060430294944,0.1653696822566995,zero,-0.2762981514382241,-0.3598592197732758,-0.1963533968309088,0.4239926205376344,0.6516579252909414,10.0,0.0,0.001953125,-1.9940243300180107,
W4_dense,clearance_A=1.8,field_vrmse,kcal/mol/e/A,glider,10,0.1476944690994102,0.1294060430294944,0.1653696822566995,mace_polar_l,-0.0428712500354791,-0.0856551252047464,-0.008858184161421,0.1905657191348894,0.2249683218477157,7.0,0.0,0.34375,-0.6494021030084737,
W4_dense,clearance_A=1.8,field_vrmse,kcal/mol/e/A,glider,10,0.1476944690994102,0.1294060430294944,0.1653696822566995,exact_dipole,-0.482274954628564,-0.6835018973485456,-0.3106980548437794,0.6299694237279743,0.7655529561650822,10.0,0.0,0.001953125,-1.5206006136102836,
W4_dense,clearance_A=1.8,field_vrmse,kcal/mol/e/A,mace_polar_l,10,0.1905657191348894,0.153459689654152,0.231300623037492,,,,,,,,,,,
W4_dense,clearance_A=1.8,field_vrmse,kcal/mol/e/A,mace_polar_l,10,0.1905657191348894,0.153459689654152,0.231300623037492,zero,-0.2334269014027449,-0.3000456980273049,-0.1709031838483888,0.4239926205376344,0.5505447267142367,10.0,0.0,0.001953125,-2.1299305518828686,
W4_dense,clearance_A=1.8,field_vrmse,kcal/mol/e/A,mace_polar_l,10,0.1905657191348894,0.153459689654152,0.231300623037492,exact_dipole,-0.4394037045930848,-0.6388483427921399,-0.2728165317509591,0.6299694237279743,0.6975000500704027,10.0,0.0,0.001953125,-1.4107879315265257,
W4_dense,clearance_A=1.8,field_vrmse,kcal/mol/e/A,zero,10,0.4239926205376344,0.3353066673571633,0.5154607588935102,,,,,,,,,,,
W4_dense,clearance_A=1.8,field_vrmse,kcal/mol/e/A,zero,10,0.4239926205376344,0.3353066673571633,0.5154607588935102,mace_polar_l,0.2334269014027449,0.1709031838483888,0.3000456980273049,0.1905657191348894,-1.224915490899582,0.0,0.0,0.001953125,2.1299305518828686,
W4_dense,clearance_A=1.8,field_vrmse,kcal/mol/e/A,zero,10,0.4239926205376344,0.3353066673571633,0.5154607588935102,exact_dipole,-0.2059768031903398,-0.3465648237927772,-0.0917900964287429,0.6299694237279743,0.3269631754052912,8.0,0.0,0.109375,-0.9465139425591428,
W4_dense,clearance_A=1.8,force_vrmse,kcal/mol/A,exact_dipole,10,0.1688680278100069,0.1201456410223062,0.2290517756257825,,,,,,,,,,,
W4_dense,clearance_A=1.8,force_vrmse,kcal/mol/A,exact_dipole,10,0.1688680278100069,0.1201456410223062,0.2290517756257825,zero,0.0763931476283124,0.0381473657664129,0.1297929030241486,0.0924748801816945,-0.8260962055664767,0.0,0.0,0.001953125,0.970748758713486,
W4_dense,clearance_A=1.8,force_vrmse,kcal/mol/A,exact_dipole,10,0.1688680278100069,0.1201456410223062,0.2290517756257825,mace_polar_l,0.1059053766280159,0.0629215790102715,0.1635800547179682,0.0629626511819909,-1.6820348991007523,0.0,0.0,0.001953125,1.2258357253875876,
W4_dense,clearance_A=1.8,force_vrmse,kcal/mol/A,exact_dipole_quadrupole,10,0.4258007723119187,0.2486280813862383,0.6418856568092854,,,,,,,,,,,
W4_dense,clearance_A=1.8,force_vrmse,kcal/mol/A,exact_dipole_quadrupole,10,0.4258007723119187,0.2486280813862383,0.6418856568092854,zero,0.3333258921302242,0.1586898717047364,0.5509533981502089,0.0924748801816945,-3.604502016929419,1.0,0.0,0.021484375,0.991775018145328,
W4_dense,clearance_A=1.8,force_vrmse,kcal/mol/A,exact_dipole_quadrupole,10,0.4258007723119187,0.2486280813862383,0.6418856568092854,mace_polar_l,0.3628381211299277,0.1846896780126008,0.5832912213488612,0.0629626511819909,-5.762751636381372,0.0,0.0,0.001953125,1.0639398819165828,
W4_dense,clearance_A=1.8,force_vrmse,kcal/mol/A,exact_dipole_quadrupole,10,0.4258007723119187,0.2486280813862383,0.6418856568092854,exact_dipole,0.2569327445019118,0.1096419085012322,0.4526469852760494,0.1688680278100069,-1.5215002379904998,2.0,0.0,0.109375,0.8689739558041456,
W4_dense,clearance_A=1.8,force_vrmse,kcal/mol/A,exact_dipole_quadrupole_octupole,10,0.9768597124467489,0.5029377824144453,1.5581306409410212,,,,,,,,,,,
W4_dense,clearance_A=1.8,force_vrmse,kcal/mol/A,exact_dipole_quadrupole_octupole,10,0.9768597124467489,0.5029377824144453,1.5581306409410212,zero,0.8843848322650544,0.4103325767112141,1.46847338290441,0.0924748801816945,-9.563514227078926,2.0,0.0,0.109375,0.9752405090517442,
W4_dense,clearance_A=1.8,force_vrmse,kcal/mol/A,exact_dipole_quadrupole_octupole,10,0.9768597124467489,0.5029377824144453,1.5581306409410212,mace_polar_l,0.913897061264758,0.4370042201351615,1.4998568388023596,0.0629626511819909,-14.51490755405417,1.0,0.0,0.021484375,1.0031713777059448,
W4_dense,clearance_A=1.8,force_vrmse,kcal/mol/A,exact_dipole_quadrupole_octupole,10,0.9768597124467489,0.5029377824144453,1.5581306409410212,exact_dipole,0.807991684636742,0.3621428250476435,1.3674157059133834,0.1688680278100069,-4.784752301044292,2.0,0.0,0.109375,0.9387389723907896,
W4_dense,clearance_A=1.8,force_vrmse,kcal/mol/A,glider,10,0.0438257114733715,0.0400551566147921,0.047740770483434,,,,,,,,,,,
W4_dense,clearance_A=1.8,force_vrmse,kcal/mol/A,glider,10,0.0438257114733715,0.0400551566147921,0.047740770483434,zero,-0.0486491687083229,-0.0685605280841766,-0.030772499226249,0.0924748801816945,0.5260798241937391,10.0,0.0,0.001953125,-1.5236297343686664,
W4_dense,clearance_A=1.8,force_vrmse,kcal/mol/A,glider,10,0.0438257114733715,0.0400551566147921,0.047740770483434,mace_polar_l,-0.0191369397086193,-0.0353817858009291,-0.006860983770937,0.0629626511819909,0.3039411357267157,9.0,0.0,0.021484375,-0.7712800112391508,
W4_dense,clearance_A=1.8,force_vrmse,kcal/mol/A,glider,10,0.0438257114733715,0.0400551566147921,0.047740770483434,exact_dipole,-0.1250423163366353,-0.1834840827862086,-0.0778446862502608,0.1688680278100069,0.7404735991665645,10.0,0.0,0.001953125,-1.3927909308530246,
W4_dense,clearance_A=1.8,force_vrmse,kcal/mol/A,mace_polar_l,10,0.0629626511819909,0.0488845784721729,0.0796656922620726,,,,,,,,,,,
W4_dense,clearance_A=1.8,force_vrmse,kcal/mol/A,mace_polar_l,10,0.0629626511819909,0.0488845784721729,0.0796656922620726,zero,-0.0295122289997035,-0.03655688618657,-0.0222034375010962,0.0924748801816945,0.3191377911679148,10.0,0.0,0.001953125,-2.434832015435332,
W4_dense,clearance_A=1.8,force_vrmse,kcal/mol/A,mace_polar_l,10,0.0629626511819909,0.0488845784721729,0.0796656922620726,exact_dipole,-0.1059053766280159,-0.1635800547179683,-0.0629215790102715,0.1688680278100069,0.6271487741135339,10.0,0.0,0.001953125,-1.2258357253875876,
W4_dense,clearance_A=1.8,force_vrmse,kcal/mol/A,zero,10,0.0924748801816945,0.0727512205894256,0.113215981299201,,,,,,,,,,,
W4_dense,clearance_A=1.8,force_vrmse,kcal/mol/A,zero,10,0.0924748801816945,0.0727512205894256,0.113215981299201,mace_polar_l,0.0295122289997035,0.0222034375010962,0.03655688618657,0.0629626511819909,-0.4687259580985512,0.0,0.0,0.001953125,2.434832015435332,
W4_dense,clearance_A=1.8,force_vrmse,kcal/mol/A,zero,10,0.0924748801816945,0.0727512205894256,0.113215981299201,exact_dipole,-0.0763931476283124,-0.1297929030241487,-0.0381473657664129,0.1688680278100069,0.4523837260316806,10.0,0.0,0.001953125,-0.970748758713486,
W4_dense,clearance_A=2.5,energy_mae,kcal/mol,exact_dipole,10,0.0799703799628033,0.0546289357398464,0.1088847122890405,,,,,,,,,,,
W4_dense,clearance_A=2.5,energy_mae,kcal/mol,exact_dipole,10,0.0799703799628033,0.0546289357398464,0.1088847122890405,zero,0.0112158295234354,-0.0009112784809446,0.0257132120787502,0.0687545504393679,-0.1631285413367109,3.0,0.0,0.34375,0.494101764480403,
W4_dense,clearance_A=2.5,energy_mae,kcal/mol,exact_dipole,10,0.0799703799628033,0.0546289357398464,0.1088847122890405,mace_polar_l,0.0569263737067567,0.0340198797875232,0.0833766014799337,0.0230440062560465,-2.470333199628416,0.0,0.0,0.001953125,1.3570451307114348,
W4_dense,clearance_A=2.5,energy_mae,kcal/mol,exact_dipole_quadrupole,10,0.1063480428392867,0.0623241140828474,0.1533189387501295,,,,,,,,,,,
W4_dense,clearance_A=2.5,energy_mae,kcal/mol,exact_dipole_quadrupole,10,0.1063480428392867,0.0623241140828474,0.1533189387501295,zero,0.0375934923999187,0.0034530790939227,0.0746635074831217,0.0687545504393679,-0.5467782446351825,3.0,0.0,0.34375,0.6218185914651406,
W4_dense,clearance_A=2.5,energy_mae,kcal/mol,exact_dipole_quadrupole,10,0.1063480428392867,0.0623241140828474,0.1533189387501295,mace_polar_l,0.0833040365832401,0.0407644188563015,0.129331349614993,0.0230440062560465,-3.614998002414694,2.0,0.0,0.109375,1.1025822214619652,
W4_dense,clearance_A=2.5,energy_mae,kcal/mol,exact_dipole_quadrupole,10,0.1063480428392867,0.0623241140828474,0.1533189387501295,exact_dipole,0.0263776628764833,0.0013849484551248,0.0564796615253395,0.0799703799628033,-0.3298429104469975,3.0,0.0,0.34375,0.566597725181846,
W4_dense,clearance_A=2.5,energy_mae,kcal/mol,exact_dipole_quadrupole_octupole,10,0.1289571531713091,0.068838375082412,0.1926795152444134,,,,,,,,,,,
W4_dense,clearance_A=2.5,energy_mae,kcal/mol,exact_dipole_quadrupole_octupole,10,0.1289571531713091,0.068838375082412,0.1926795152444134,zero,0.0602026027319411,0.0095408192127148,0.1144101900379243,0.0687545504393679,-0.8756162660830944,3.0,0.0,0.34375,0.674648139775606,
W4_dense,clearance_A=2.5,energy_mae,kcal/mol,exact_dipole_quadrupole_octupole,10,0.1289571531713091,0.068838375082412,0.1926795152444134,mace_polar_l,0.1059131469152625,0.0465833584293495,0.1691219981379824,0.0230440062560465,-4.596125592852227,2.0,0.0,0.109375,1.0147431168165275,
W4_dense,clearance_A=2.5,energy_mae,kcal/mol,exact_dipole_quadrupole_octupole,10,0.1289571531713091,0.068838375082412,0.1926795152444134,exact_dipole,0.0489867732085057,0.0079397558975758,0.0941595251127676,0.0799703799628033,-0.6125614662740249,3.0,0.0,0.34375,0.6675811171091268,
W4_dense,clearance_A=2.5,energy_mae,kcal/mol,glider,10,0.0197280681733114,0.0164622737219263,0.023019464452755,,,,,,,,,,,
W4_dense,clearance_A=2.5,energy_mae,kcal/mol,glider,10,0.0197280681733114,0.0164622737219263,0.023019464452755,zero,-0.0490264822660565,-0.062815274854624,-0.035710744827734,0.0687545504393679,0.7130652728111591,10.0,0.0,0.001953125,-2.1266376598011463,
W4_dense,clearance_A=2.5,energy_mae,kcal/mol,glider,10,0.0197280681733114,0.0164622737219263,0.023019464452755,mace_polar_l,-0.0033159380827351,-0.0070531953085052,-0.0002394986207079,0.0230440062560465,0.1438959027302403,8.0,0.0,0.109375,-0.5693265925174038,
W4_dense,clearance_A=2.5,energy_mae,kcal/mol,glider,10,0.0197280681733114,0.0164622737219263,0.023019464452755,exact_dipole,-0.0602423117894919,-0.0870711736275711,-0.0366964994393503,0.0799703799628033,0.753307809935534,10.0,0.0,0.001953125,-1.4082499449324382,
W4_dense,clearance_A=2.5,energy_mae,kcal/mol,mace_polar_l,10,0.0230440062560465,0.0190782538360289,0.0270737295352908,,,,,,,,,,,
W4_dense,clearance_A=2.5,energy_mae,kcal/mol,mace_polar_l,10,0.0230440062560465,0.0190782538360289,0.0270737295352908,zero,-0.0457105441833213,-0.0585460268945665,-0.0334092935049974,0.0687545504393679,0.6648366383201324,10.0,0.0,0.001953125,-2.145929700895312,
W4_dense,clearance_A=2.5,energy_mae,kcal/mol,mace_polar_l,10,0.0230440062560465,0.0190782538360289,0.0270737295352908,exact_dipole,-0.0569263737067567,-0.0833766014799337,-0.0340198797875232,0.0799703799628033,0.711843231621945,10.0,0.0,0.001953125,-1.3570451307114348,
W4_dense,clearance_A=2.5,energy_mae,kcal/mol,zero,10,0.0687545504393679,0.0536114805422014,0.0846280767449637,,,,,,,,,,,
W4_dense,clearance_A=2.5,energy_mae,kcal/mol,zero,10,0.0687545504393679,0.0536114805422014,0.0846280767449637,mace_polar_l,0.0457105441833213,0.0334092935049973,0.0585460268945665,0.0230440062560465,-1.9836196742624672,0.0,0.0,0.001953125,2.145929700895312,
W4_dense,clearance_A=2.5,energy_mae,kcal/mol,zero,10,0.0687545504393679,0.0536114805422014,0.0846280767449637,exact_dipole,-0.0112158295234354,-0.0257132120787502,0.0009112784809446,0.0799703799628033,0.1402497965953423,7.0,0.0,0.34375,-0.494101764480403,
W4_dense,clearance_A=2.5,energy_rmse,kcal/mol,exact_dipole,10,0.0913213997739492,0.0625143504228911,0.1239550832962647,,,,,,,,,,,
W4_dense,clearance_A=2.5,energy_rmse,kcal/mol,exact_dipole,10,0.0913213997739492,0.0625143504228911,0.1239550832962647,zero,0.0128339107703435,-0.0012215585118992,0.0288239737102901,0.0784874890036056,-0.1635153695610514,3.0,0.0,0.34375,0.5018047764183784,
W4_dense,clearance_A=2.5,energy_rmse,kcal/mol,exact_dipole,10,0.0913213997739492,0.0625143504228911,0.1239550832962647,mace_polar_l,0.0645855838899859,0.038487621177461,0.0945280341349204,0.0267358158839632,-2.415695266989243,0.0,0.0,0.001953125,1.3550109540633417,
W4_dense,clearance_A=2.5,energy_rmse,kcal/mol,exact_dipole_quadrupole,10,0.1225116949722367,0.0712825171808417,0.1774546283706989,,,,,,,,,,,
W4_dense,clearance_A=2.5,energy_rmse,kcal/mol,exact_dipole_quadrupole,10,0.1225116949722367,0.0712825171808417,0.1774546283706989,zero,0.044024205968631,0.0041007216050591,0.0880670407113719,0.0784874890036056,-0.5609073054510461,3.0,0.0,0.34375,0.6174653324863011,
W4_dense,clearance_A=2.5,energy_rmse,kcal/mol,exact_dipole_quadrupole,10,0.1225116949722367,0.0712825171808417,0.1774546283706989,mace_polar_l,0.0957758790882734,0.0461894354347512,0.149878789308285,0.0267358158839632,-3.582306203182746,2.0,0.0,0.109375,1.08259086417376,
W4_dense,clearance_A=2.5,energy_rmse,kcal/mol,exact_dipole_quadrupole,10,0.1225116949722367,0.0712825171808417,0.1774546283706989,exact_dipole,0.0311902951982875,0.0016171371983824,0.0672730235753884,0.0913213997739492,-0.3415442084275304,3.0,0.0,0.34375,0.5604027392834952,
W4_dense,clearance_A=2.5,energy_rmse,kcal/mol,exact_dipole_quadrupole_octupole,10,0.1530120926631876,0.0811473648892743,0.230122132052123,,,,,,,,,,,
W4_dense,clearance_A=2.5,energy_rmse,kcal/mol,exact_dipole_quadrupole_octupole,10,0.1530120926631876,0.0811473648892743,0.230122132052123,zero,0.074524603659582,0.0133688973787922,0.1402413860652927,0.0784874890036056,-0.949509337165295,3.0,0.0,0.34375,0.688793329437189,
W4_dense,clearance_A=2.5,energy_rmse,kcal/mol,exact_dipole_quadrupole_octupole,10,0.1530120926631876,0.0811473648892743,0.230122132052123,mace_polar_l,0.1262762767792244,0.0551190721827456,0.2029495865736608,0.0267358158839632,-4.723112895723061,2.0,0.0,0.109375,1.0044184209304636,
W4_dense,clearance_A=2.5,energy_rmse,kcal/mol,exact_dipole_quadrupole_octupole,10,0.1530120926631876,0.0811473648892743,0.230122132052123,exact_dipole,0.0616906928892384,0.0114760969140914,0.1175051670029094,0.0913213997739492,-0.6755338074311545,3.0,0.0,0.34375,0.6867843170162203,
W4_dense,clearance_A=2.5,energy_rmse,kcal/mol,glider,10,0.0227631859215937,0.0189933819466755,0.0265615937253828,,,,,,,,,,,
W4_dense,clearance_A=2.5,energy_rmse,kcal/mol,glider,10,0.0227631859215937,0.0189933819466755,0.0265615937253828,zero,-0.0557243030820119,-0.071974656750555,-0.0400542504782101,0.0784874890036056,0.7099768866277787,10.0,0.0,0.001953125,-2.0571818294255806,
W4_dense,clearance_A=2.5,energy_rmse,kcal/mol,glider,10,0.0227631859215937,0.0189933819466755,0.0265615937253828,mace_polar_l,-0.0039726299623695,-0.0085535502418839,-0.0002831863304328,0.0267358158839632,0.1485883198631856,8.0,0.0,0.109375,-0.5581995341400043,
W4_dense,clearance_A=2.5,energy_rmse,kcal/mol,glider,10,0.0227631859215937,0.0189933819466755,0.0265615937253828,exact_dipole,-0.0685582138523555,-0.0989896131885478,-0.0414687072315197,0.0913213997739492,0.7507354685983773,10.0,0.0,0.001953125,-1.4030699884625435,
W4_dense,clearance_A=2.5,energy_rmse,kcal/mol,mace_polar_l,10,0.0267358158839632,0.0220666548687796,0.0314948314588211,,,,,,,,,,,
W4_dense,clearance_A=2.5,energy_rmse,kcal/mol,mace_polar_l,10,0.0267358158839632,0.0220666548687796,0.0314948314588211,zero,-0.0517516731196423,-0.0667657089990839,-0.037560044868729,0.0784874890036056,0.659362068740216,10.0,0.0,0.001953125,-2.0880827671888924,
W4_dense,clearance_A=2.5,energy_rmse,kcal/mol,mace_polar_l,10,0.0267358158839632,0.0220666548687796,0.0314948314588211,exact_dipole,-0.0645855838899859,-0.0945280341349205,-0.038487621177461,0.0913213997739492,0.7072338362076873,10.0,0.0,0.001953125,-1.3550109540633417,
W4_dense,clearance_A=2.5,energy_rmse,kcal/mol,zero,10,0.0784874890036056,0.0608430129378233,0.0971016864523949,,,,,,,,,,,
W4_dense,clearance_A=2.5,energy_rmse,kcal/mol,zero,10,0.0784874890036056,0.0608430129378233,0.0971016864523949,mace_polar_l,0.0517516731196423,0.037560044868729,0.0667657089990839,0.0267358158839632,-1.935668368762375,0.0,0.0,0.001953125,2.0880827671888924,
W4_dense,clearance_A=2.5,energy_rmse,kcal/mol,zero,10,0.0784874890036056,0.0608430129378233,0.0971016864523949,exact_dipole,-0.0128339107703435,-0.0288239737102901,0.0012215585118992,0.0913213997739492,0.1405356335110031,7.0,0.0,0.34375,-0.5018047764183784,
W4_dense,clearance_A=2.5,energy_nrmse,1,exact_dipole,10,1.1669952436028326,0.9891842239392568,1.335341753229838,,,,,,,,,,,
W4_dense,clearance_A=2.5,energy_nrmse,1,exact_dipole,10,1.1669952436028326,0.9891842239392568,1.335341753229838,zero,0.1669952436028326,-0.0108157760607433,0.3353417532298379,1.0,-0.1669952436028325,2.0,0.0,0.109375,0.5657576079606903,
W4_dense,clearance_A=2.5,energy_nrmse,1,exact_dipole,10,1.1669952436028326,0.9891842239392568,1.335341753229838,mace_polar_l,0.7599257350889166,0.5408086185621657,0.9707440681159408,0.4070695085139161,-1.866820577800505,0.0,0.0,0.001953125,2.083232058918427,
W4_dense,clearance_A=2.5,energy_nrmse,1,exact_dipole_quadrupole,10,1.5960882359879964,1.07500910412991,2.151292600190898,,,,,,,,,,,
W4_dense,clearance_A=2.5,energy_nrmse,1,exact_dipole_quadrupole,10,1.5960882359879964,1.07500910412991,2.151292600190898,zero,0.5960882359879964,0.07500910412991,1.151292600190898,1.0,-0.5960882359879964,2.0,0.0,0.109375,0.647604444414478,
W4_dense,clearance_A=2.5,energy_nrmse,1,exact_dipole_quadrupole,10,1.5960882359879964,1.07500910412991,2.151292600190898,mace_polar_l,1.1890187274740804,0.6237476733714951,1.8001311693287427,0.4070695085139161,-2.92092309201644,2.0,0.0,0.109375,1.1753260385616873,
W4_dense,clearance_A=2.5,energy_nrmse,1,exact_dipole_quadrupole,10,1.5960882359879964,1.07500910412991,2.151292600190898,exact_dipole,0.4290929923851637,-0.0073232259267814,0.9352317974700868,1.1669952436028326,-0.3676904381036179,3.0,0.0,0.34375,0.5334394788535975,
W4_dense,clearance_A=2.5,energy_nrmse,1,exact_dipole_quadrupole_octupole,10,1.918469537058504,1.1643230770898698,2.7024369459372184,,,,,,,,,,,
W4_dense,clearance_A=2.5,energy_nrmse,1,exact_dipole_quadrupole_octupole,10,1.918469537058504,1.1643230770898698,2.7024369459372184,zero,0.9184695370585034,0.1643230770898697,1.7024369459372188,1.0,-0.9184695370585036,3.0,0.0,0.34375,0.6950324371484267,
W4_dense,clearance_A=2.5,energy_nrmse,1,exact_dipole_quadrupole_octupole,10,1.918469537058504,1.1643230770898698,2.7024369459372184,mace_polar_l,1.5114000285445874,0.702729406518608,2.3536814119354443,0.4070695085139161,-3.7128794884741874,2.0,0.0,0.109375,1.0632635932889,
W4_dense,clearance_A=2.5,energy_nrmse,1,exact_dipole_quadrupole_octupole,10,1.918469537058504,1.1643230770898698,2.7024369459372184,exact_dipole,0.7514742934556708,0.0845000129655276,1.4631717562028657,1.1669952436028326,-0.6439394655420059,3.0,0.0,0.34375,0.6346779448947688,
W4_dense,clearance_A=2.5,energy_nrmse,1,glider,10,0.3734731317027215,0.3062354202068063,0.4476314671019408,,,,,,,,,,,
W4_dense,clearance_A=2.5,energy_nrmse,1,glider,10,0.3734731317027215,0.3062354202068063,0.4476314671019408,zero,-0.6265268682972784,-0.6937645797931938,-0.5523685328980593,1.0,0.6265268682972784,10.0,0.0,0.001953125,-5.2198065212185405,
W4_dense,clearance_A=2.5,energy_nrmse,1,glider,10,0.3734731317027215,0.3062354202068063,0.4476314671019408,mace_polar_l,-0.0335963768111945,-0.1205672478443853,0.0303925717719175,0.4070695085139161,0.0825322852940877,5.0,0.0,1.0,-0.2550173667119393,
W4_dense,clearance_A=2.5,energy_nrmse,1,glider,10,0.3734731317027215,0.3062354202068063,0.4476314671019408,exact_dipole,-0.793522111900111,-1.008121824950141,-0.5656325369918331,1.1669952436028326,0.6799703051490527,10.0,0.0,0.001953125,-2.1059625589100133,
W4_dense,clearance_A=2.5,energy_nrmse,1,mace_polar_l,10,0.4070695085139161,0.3172063239536609,0.501989947031245,,,,,,,,,,,
W4_dense,clearance_A=2.5,energy_nrmse,1,mace_polar_l,10,0.4070695085139161,0.3172063239536609,0.501989947031245,zero,-0.5929304914860838,-0.6827936760463391,-0.498010052968755,1.0,0.5929304914860839,10.0,0.0,0.001953125,-3.7549835007328287,
W4_dense,clearance_A=2.5,energy_nrmse,1,mace_polar_l,10,0.4070695085139161,0.3172063239536609,0.501989947031245,exact_dipole,-0.7599257350889166,-0.970744068115941,-0.5408086185621662,1.1669952436028326,0.6511815187376586,10.0,0.0,0.001953125,-2.083232058918427,
W4_dense,clearance_A=2.5,energy_nrmse,1,zero,10,1.0,1.0,1.0,,,,,,,,,,,
W4_dense,clearance_A=2.5,energy_nrmse,1,zero,10,1.0,1.0,1.0,mace_polar_l,0.5929304914860838,0.4980100529687548,0.6827936760463391,0.4070695085139161,-1.4565829154109045,0.0,0.0,0.001953125,3.7549835007328287,
W4_dense,clearance_A=2.5,energy_nrmse,1,zero,10,1.0,1.0,1.0,exact_dipole,-0.1669952436028326,-0.3353417532298387,0.0108157760607432,1.1669952436028326,0.1430984783513536,8.0,0.0,0.109375,-0.5657576079606903,
W4_dense,clearance_A=2.5,centered_orientation_rmse,kcal/mol,exact_dipole,10,0.0883212770710105,0.0601365209984308,0.1201624489136083,,,,,,,,,,,
W4_dense,clearance_A=2.5,centered_orientation_rmse,kcal/mol,exact_dipole,10,0.0883212770710105,0.0601365209984308,0.1201624489136083,zero,0.0127044755730517,-0.00119120597317,0.0286006344034338,0.0756168014979587,-0.168011279522247,3.0,0.0,0.34375,0.5013988012609657,
W4_dense,clearance_A=2.5,centered_orientation_rmse,kcal/mol,exact_dipole,10,0.0883212770710105,0.0601365209984308,0.1201624489136083,mace_polar_l,0.0633031098863608,0.0375098969785961,0.0926493886526339,0.0250181671846496,-2.5302856687759974,0.0,0.0,0.001953125,1.3505500377484418,
W4_dense,clearance_A=2.5,centered_orientation_rmse,kcal/mol,exact_dipole_quadrupole,10,0.1180382723421777,0.0687331569874634,0.1711282479002643,,,,,,,,,,,
W4_dense,clearance_A=2.5,centered_orientation_rmse,kcal/mol,exact_dipole_quadrupole,10,0.1180382723421777,0.0687331569874634,0.1711282479002643,zero,0.042421470844219,0.00394277377245,0.0844990512118527,0.0756168014979587,-0.5610058876315236,3.0,0.0,0.34375,0.620982622181654,
W4_dense,clearance_A=2.5,centered_orientation_rmse,kcal/mol,exact_dipole_quadrupole,10,0.1180382723421777,0.0687331569874634,0.1711282479002643,mace_polar_l,0.0930201051575281,0.0450574795349716,0.1450348826323596,0.0250181671846496,-3.718102308253915,2.0,0.0,0.109375,1.0890891822495676,
W4_dense,clearance_A=2.5,centered_orientation_rmse,kcal/mol,exact_dipole_quadrupole,10,0.1180382723421777,0.0687331569874634,0.1711282479002643,exact_dipole,0.0297169952711672,0.0020952949734139,0.0630248157422152,0.0883212770710105,-0.3364647371128328,3.0,0.0,0.34375,0.5742272528149539,
W4_dense,clearance_A=2.5,centered_orientation_rmse,kcal/mol,exact_dipole_quadrupole_octupole,10,0.1481987589307718,0.0782178296573442,0.2234968894641874,,,,,,,,,,,
W4_dense,clearance_A=2.5,centered_orientation_rmse,kcal/mol,exact_dipole_quadrupole_octupole,10,0.1481987589307718,0.0782178296573442,0.2234968894641874,zero,0.0725819574328131,0.0129283308130208,0.1367188918981874,0.0756168014979587,-0.9598654795624026,3.0,0.0,0.34375,0.6881956785185857,
W4_dense,clearance_A=2.5,centered_orientation_rmse,kcal/mol,exact_dipole_quadrupole_octupole,10,0.1481987589307718,0.0782178296573442,0.2234968894641874,mace_polar_l,0.1231805917461222,0.053858810581729,0.1982472762742004,0.0250181671846496,-4.9236457186081175,2.0,0.0,0.109375,1.00415086922915,
W4_dense,clearance_A=2.5,centered_orientation_rmse,kcal/mol,exact_dipole_quadrupole_octupole,10,0.1481987589307718,0.0782178296573442,0.2234968894641874,exact_dipole,0.0598774818597613,0.0114001415728773,0.1138809161401608,0.0883212770710105,-0.6779508159921612,3.0,0.0,0.34375,0.689338231445787,
W4_dense,clearance_A=2.5,centered_orientation_rmse,kcal/mol,glider,10,0.021942518013149,0.018206696098912,0.0256710359247735,,,,,,,,,,,
W4_dense,clearance_A=2.5,centered_orientation_rmse,kcal/mol,glider,10,0.021942518013149,0.018206696098912,0.0256710359247735,zero,-0.0536742834848097,-0.0694080662260697,-0.0383336892502654,0.0756168014979587,0.7098195430318308,10.0,0.0,0.001953125,-2.0330336836257485,
W4_dense,clearance_A=2.5,centered_orientation_rmse,kcal/mol,glider,10,0.021942518013149,0.018206696098912,0.0256710359247735,mace_polar_l,-0.0030756491715006,-0.007075909390912,0.0002302858554242,0.0250181671846496,0.1229366303614657,7.0,0.0,0.34375,-0.489432724513984,
W4_dense,clearance_A=2.5,centered_orientation_rmse,kcal/mol,glider,10,0.021942518013149,0.018206696098912,0.0256710359247735,exact_dipole,-0.0663787590578615,-0.0959677395647879,-0.0401027006282634,0.0883212770710105,0.7515602271522052,10.0,0.0,0.001953125,-1.3967759701495035,
W4_dense,clearance_A=2.5,centered_orientation_rmse,kcal/mol,mace_polar_l,10,0.0250181671846496,0.0208153090256939,0.0292961722845644,,,,,,,,,,,
W4_dense,clearance_A=2.5,centered_orientation_rmse,kcal/mol,mace_polar_l,10,0.0250181671846496,0.0208153090256939,0.0292961722845644,zero,-0.050598634313309,-0.0653635467536093,-0.0364265639283046,0.0756168014979587,0.6691453924386765,10.0,0.0,0.001953125,-2.0605401045911367,
W4_dense,clearance_A=2.5,centered_orientation_rmse,kcal/mol,mace_polar_l,10,0.0250181671846496,0.0208153090256939,0.0292961722845644,exact_dipole,-0.0633031098863608,-0.0926493886526339,-0.0375098969785961,0.0883212770710105,0.7167368043768778,10.0,0.0,0.001953125,-1.3505500377484418,
W4_dense,clearance_A=2.5,centered_orientation_rmse,kcal/mol,zero,10,0.0756168014979587,0.0582863060880844,0.093632273973423,,,,,,,,,,,
W4_dense,clearance_A=2.5,centered_orientation_rmse,kcal/mol,zero,10,0.0756168014979587,0.0582863060880844,0.093632273973423,mace_polar_l,0.050598634313309,0.0364265639283046,0.0653635467536093,0.0250181671846496,-2.0224756649781623,0.0,0.0,0.001953125,2.0605401045911367,
W4_dense,clearance_A=2.5,centered_orientation_rmse,kcal/mol,zero,10,0.0756168014979587,0.0582863060880844,0.093632273973423,exact_dipole,-0.0127044755730517,-0.0286006344034339,0.00119120597317,0.0883212770710105,0.1438438844451646,7.0,0.0,0.34375,-0.5013988012609657,
W4_dense,clearance_A=2.5,centered_orientation_nrmse,1,exact_dipole,10,1.176913718553598,0.999993551170935,1.3433407067566252,,,,,,,,,,,
W4_dense,clearance_A=2.5,centered_orientation_nrmse,1,exact_dipole,10,1.176913718553598,0.999993551170935,1.3433407067566252,zero,0.176913718553598,-6.448829064963186e-06,0.3433407067566251,1.0,-0.176913718553598,3.0,0.0,0.34375,0.6053772239168518,
W4_dense,clearance_A=2.5,centered_orientation_nrmse,1,exact_dipole,10,1.176913718553598,0.999993551170935,1.3433407067566252,mace_polar_l,0.7733062974072978,0.5531991813008919,0.9864886764405676,0.4036074211463002,-1.9159863196048328,0.0,0.0,0.001953125,2.103329742033522,
W4_dense,clearance_A=2.5,centered_orientation_nrmse,1,exact_dipole_quadrupole,10,1.5982882066634947,1.0804196387027096,2.144188316399469,,,,,,,,,,,
W4_dense,clearance_A=2.5,centered_orientation_nrmse,1,exact_dipole_quadrupole,10,1.5982882066634947,1.0804196387027096,2.144188316399469,zero,0.5982882066634946,0.0804196387027095,1.14418831639947,1.0,-0.5982882066634947,2.0,0.0,0.109375,0.6573571877333353,
W4_dense,clearance_A=2.5,centered_orientation_nrmse,1,exact_dipole_quadrupole,10,1.5982882066634947,1.0804196387027096,2.144188316399469,mace_polar_l,1.1946807855171944,0.6294837185132591,1.7964182688873866,0.4036074211463002,-2.9600069843218884,2.0,0.0,0.109375,1.1895692964013171,
W4_dense,clearance_A=2.5,centered_orientation_nrmse,1,exact_dipole_quadrupole,10,1.5982882066634947,1.0804196387027096,2.144188316399469,exact_dipole,0.4213744881098966,-0.0078159960785138,0.9154028927789648,1.176913718553598,-0.3580334577353359,3.0,0.0,0.34375,0.5336962721903895,
W4_dense,clearance_A=2.5,centered_orientation_nrmse,1,exact_dipole_quadrupole_octupole,10,1.9248342087357195,1.1669606832615145,2.7082397641769185,,,,,,,,,,,
W4_dense,clearance_A=2.5,centered_orientation_nrmse,1,exact_dipole_quadrupole_octupole,10,1.9248342087357195,1.1669606832615145,2.7082397641769185,zero,0.9248342087357194,0.1669606832615143,1.7082397641769187,1.0,-0.9248342087357196,3.0,0.0,0.34375,0.6984843000942154,
W4_dense,clearance_A=2.5,centered_orientation_nrmse,1,exact_dipole_quadrupole_octupole,10,1.9248342087357195,1.1669606832615145,2.7082397641769185,mace_polar_l,1.5212267875894192,0.709208593287352,2.363744860819922,0.4036074211463002,-3.7690753635523535,2.0,0.0,0.109375,1.0667810895641878,
W4_dense,clearance_A=2.5,centered_orientation_nrmse,1,exact_dipole_quadrupole_octupole,10,1.9248342087357195,1.1669606832615145,2.7082397641769185,exact_dipole,0.7479204901821215,0.081220633071683,1.4589274550235805,1.176913718553598,-0.6354930513523964,3.0,0.0,0.34375,0.63224326556304,
W4_dense,clearance_A=2.5,centered_orientation_nrmse,1,glider,10,0.3776720951593398,0.3073043486257941,0.4553092442285397,,,,,,,,,,,
W4_dense,clearance_A=2.5,centered_orientation_nrmse,1,glider,10,0.3776720951593398,0.3073043486257941,0.4553092442285397,zero,-0.6223279048406603,-0.692695651374206,-0.5446907557714602,1.0,0.6223279048406601,10.0,0.0,0.001953125,-4.957107328183481,
W4_dense,clearance_A=2.5,centered_orientation_nrmse,1,glider,10,0.3776720951593398,0.3073043486257941,0.4553092442285397,mace_polar_l,-0.0259353259869603,-0.1103148232414728,0.0368063657029986,0.4036074211463002,0.0642587936398704,4.0,0.0,0.75390625,-0.2022022198563308,
W4_dense,clearance_A=2.5,centered_orientation_nrmse,1,glider,10,0.3776720951593398,0.3073043486257941,0.4553092442285397,exact_dipole,-0.7992416233942582,-1.012880129224161,-0.5705386804709095,1.176913718553598,0.6790995897103733,10.0,0.0,0.001953125,-2.1342237893650027,
W4_dense,clearance_A=2.5,centered_orientation_nrmse,1,mace_polar_l,10,0.4036074211463002,0.3111297479102861,0.4999744953239357,,,,,,,,,,,
W4_dense,clearance_A=2.5,centered_orientation_nrmse,1,mace_polar_l,10,0.4036074211463002,0.3111297479102861,0.4999744953239357,zero,-0.5963925788536998,-0.6888702520897141,-0.5000255046760643,1.0,0.5963925788536998,10.0,0.0,0.001953125,-3.700883870581854,
W4_dense,clearance_A=2.5,centered_orientation_nrmse,1,mace_polar_l,10,0.4036074211463002,0.3111297479102861,0.4999744953239357,exact_dipole,-0.7733062974072978,-0.986488676440568,-0.5531991813008921,1.176913718553598,0.6570628629919233,10.0,0.0,0.001953125,-2.103329742033522,
W4_dense,clearance_A=2.5,centered_orientation_nrmse,1,zero,10,1.0,1.0,1.0,,,,,,,,,,,
W4_dense,clearance_A=2.5,centered_orientation_nrmse,1,zero,10,1.0,1.0,1.0,mace_polar_l,0.5963925788536998,0.5000255046760643,0.688870252089714,0.4036074211463002,-1.4776551361713404,0.0,0.0,0.001953125,3.700883870581854,
W4_dense,clearance_A=2.5,centered_orientation_nrmse,1,zero,10,1.0,1.0,1.0,exact_dipole,-0.176913718553598,-0.3433407067566252,6.448829064920527e-06,1.176913718553598,0.1503200411080442,7.0,0.0,0.34375,-0.6053772239168518,
W4_dense,clearance_A=2.5,torque_vrmse,kcal/mol,exact_dipole,10,0.1360862386066617,0.093846557937813,0.1846260520197824,,,,,,,,,,,
W4_dense,clearance_A=2.5,torque_vrmse,kcal/mol,exact_dipole,10,0.1360862386066617,0.093846557937813,0.1846260520197824,zero,0.0229164144589467,0.0026472945835873,0.046037873541785,0.113169824147715,-0.2024958033780726,2.0,0.0,0.109375,0.617051583731367,
W4_dense,clearance_A=2.5,torque_vrmse,kcal/mol,exact_dipole,10,0.1360862386066617,0.093846557937813,0.1846260520197824,mace_polar_l,0.0953782033296809,0.0568305157521019,0.1398431775606333,0.0407080352769808,-2.3429822314125404,0.0,0.0,0.001953125,1.349668242677054,
W4_dense,clearance_A=2.5,torque_vrmse,kcal/mol,exact_dipole_quadrupole,10,0.1899356555468992,0.1113041829421066,0.2734044586510147,,,,,,,,,,,
W4_dense,clearance_A=2.5,torque_vrmse,kcal/mol,exact_dipole_quadrupole,10,0.1899356555468992,0.1113041829421066,0.2734044586510147,zero,0.0767658313991843,0.0159337627762111,0.1421888835086044,0.113169824147715,-0.6783242085715855,3.0,0.0,0.34375,0.7141648512085242,
W4_dense,clearance_A=2.5,torque_vrmse,kcal/mol,exact_dipole_quadrupole,10,0.1899356555468992,0.1113041829421066,0.2734044586510147,mace_polar_l,0.1492276202699184,0.0730463525160084,0.2307229405068259,0.0407080352769808,-3.665802568327395,1.0,0.0,0.021484375,1.1083641117559728,
W4_dense,clearance_A=2.5,torque_vrmse,kcal/mol,exact_dipole_quadrupole,10,0.1899356555468992,0.1113041829421066,0.2734044586510147,exact_dipole,0.0538494169402375,0.0076265817189503,0.1082541888439868,0.1360862386066617,-0.3957006784196728,3.0,0.0,0.34375,0.6318410055787589,
W4_dense,clearance_A=2.5,torque_vrmse,kcal/mol,exact_dipole_quadrupole_octupole,10,0.262783823107018,0.1364187562376699,0.3977420232004278,,,,,,,,,,,
W4_dense,clearance_A=2.5,torque_vrmse,kcal/mol,exact_dipole_quadrupole_octupole,10,0.262783823107018,0.1364187562376699,0.3977420232004278,zero,0.149613998959303,0.0401557969728175,0.2689773836338496,0.113169824147715,-1.3220308512984809,3.0,0.0,0.34375,0.7670866747601733,
W4_dense,clearance_A=2.5,torque_vrmse,kcal/mol,exact_dipole_quadrupole_octupole,10,0.262783823107018,0.1364187562376699,0.3977420232004278,mace_polar_l,0.2220757878300372,0.0974856183652165,0.3568058586740155,0.0407080352769808,-5.455330534107463,2.0,0.0,0.109375,1.0069478296337169,
W4_dense,clearance_A=2.5,torque_vrmse,kcal/mol,exact_dipole_quadrupole_octupole,10,0.262783823107018,0.1364187562376699,0.3977420232004278,exact_dipole,0.1266975845003563,0.0328067297484912,0.2343777795117824,0.1360862386066617,-0.9310095260003324,3.0,0.0,0.34375,0.7420371459653982,
W4_dense,clearance_A=2.5,torque_vrmse,kcal/mol,glider,10,0.0344681579935809,0.0290050252925161,0.0399169874959682,,,,,,,,,,,
W4_dense,clearance_A=2.5,torque_vrmse,kcal/mol,glider,10,0.0344681579935809,0.0290050252925161,0.0399169874959682,zero,-0.078701666154134,-0.1036956084252754,-0.0555779130187317,0.113169824147715,0.695429782160027,10.0,0.0,0.001953125,-1.9326962087938155,
W4_dense,clearance_A=2.5,torque_vrmse,kcal/mol,glider,10,0.0344681579935809,0.0290050252925161,0.0399169874959682,mace_polar_l,-0.0062398772833998,-0.0124694654776219,-0.0009203989760815,0.0407080352769808,0.1532836758380302,8.0,0.0,0.109375,-0.6315519358352412,
W4_dense,clearance_A=2.5,torque_vrmse,kcal/mol,glider,10,0.0344681579935809,0.0290050252925161,0.0399169874959682,exact_dipole,-0.1016180806130807,-0.1469985889249653,-0.0617039944922937,0.1360862386066617,0.7467182696319032,10.0,0.0,0.001953125,-1.4019268082763232,
W4_dense,clearance_A=2.5,torque_vrmse,kcal/mol,mace_polar_l,10,0.0407080352769808,0.0343414525429669,0.047159234597838,,,,,,,,,,,
W4_dense,clearance_A=2.5,torque_vrmse,kcal/mol,mace_polar_l,10,0.0407080352769808,0.0343414525429669,0.047159234597838,zero,-0.0724617888707341,-0.0959330294597915,-0.0513431914540556,0.113169824147715,0.6402924933076981,10.0,0.0,0.001953125,-1.919190986620904,
W4_dense,clearance_A=2.5,torque_vrmse,kcal/mol,mace_polar_l,10,0.0407080352769808,0.0343414525429669,0.047159234597838,exact_dipole,-0.0953782033296809,-0.1398431775606333,-0.0568305157521019,0.1360862386066617,0.7008658943492316,10.0,0.0,0.001953125,-1.349668242677054,
W4_dense,clearance_A=2.5,torque_vrmse,kcal/mol,zero,10,0.113169824147715,0.0873863707031309,0.1417093817235007,,,,,,,,,,,
W4_dense,clearance_A=2.5,torque_vrmse,kcal/mol,zero,10,0.113169824147715,0.0873863707031309,0.1417093817235007,mace_polar_l,0.0724617888707341,0.0513431914540556,0.0959330294597915,0.0407080352769808,-1.7800365057585856,0.0,0.0,0.001953125,1.919190986620904,
W4_dense,clearance_A=2.5,torque_vrmse,kcal/mol,zero,10,0.113169824147715,0.0873863707031309,0.1417093817235007,exact_dipole,-0.0229164144589467,-0.046037873541785,-0.0026472945835873,0.1360862386066617,0.1683962661734185,8.0,0.0,0.109375,-0.617051583731367,
W4_dense,clearance_A=2.5,esp_rmse_mEh,mEh/e,exact_dipole,10,0.8074203136267674,0.5460699773904711,1.0859691654590802,,,,,,,,,,,
W4_dense,clearance_A=2.5,esp_rmse_mEh,mEh/e,exact_dipole,10,0.8074203136267674,0.5460699773904711,1.0859691654590802,zero,-0.1285354530586835,-0.2346861455271678,-0.0264174822038235,0.935955766685451,0.1373306919341637,8.0,0.0,0.109375,-0.7248922102375521,
W4_dense,clearance_A=2.5,esp_rmse_mEh,mEh/e,exact_dipole,10,0.8074203136267674,0.5460699773904711,1.0859691654590802,mace_polar_l,0.552083571221004,0.3323742444490309,0.7881121653552072,0.2553367424057634,-2.162178329759025,0.0,0.0,0.001953125,1.4196039380384002,
W4_dense,clearance_A=2.5,esp_rmse_mEh,mEh/e,exact_dipole_quadrupole,10,0.7723590644075128,0.4417825890473445,1.1129263150890631,,,,,,,,,,,
W4_dense,clearance_A=2.5,esp_rmse_mEh,mEh/e,exact_dipole_quadrupole,10,0.7723590644075128,0.4417825890473445,1.1129263150890631,zero,-0.1635967022779382,-0.3588729999226746,0.0328620919039465,0.935955766685451,0.1747910618226027,7.0,0.0,0.34375,-0.4912343778277963,
W4_dense,clearance_A=2.5,esp_rmse_mEh,mEh/e,exact_dipole_quadrupole,10,0.7723590644075128,0.4417825890473445,1.1129263150890631,mace_polar_l,0.5170223220017494,0.2208222931876577,0.8200681901164733,0.2553367424057634,-2.0248645656336186,2.0,0.0,0.109375,1.0051372740963291,
W4_dense,clearance_A=2.5,esp_rmse_mEh,mEh/e,exact_dipole_quadrupole,10,0.7723590644075128,0.4417825890473445,1.1129263150890631,exact_dipole,-0.0350612492192546,-0.1648641925569902,0.0833547035656754,0.8074203136267674,0.0434237888588244,5.0,0.0,1.0,-0.1665475893738669,
W4_dense,clearance_A=2.5,esp_rmse_mEh,mEh/e,exact_dipole_quadrupole_octupole,10,0.7993625550288938,0.4341525191826855,1.181514837754932,,,,,,,,,,,
W4_dense,clearance_A=2.5,esp_rmse_mEh,mEh/e,exact_dipole_quadrupole_octupole,10,0.7993625550288938,0.4341525191826855,1.181514837754932,zero,-0.1365932116565572,-0.412424472055101,0.1623305121192416,0.935955766685451,0.1459398152332368,7.0,0.0,0.34375,-0.2795936085870534,
W4_dense,clearance_A=2.5,esp_rmse_mEh,mEh/e,exact_dipole_quadrupole_octupole,10,0.7993625550288938,0.4341525191826855,1.181514837754932,mace_polar_l,0.5440258126231304,0.2057734302407117,0.9001947077850022,0.2553367424057634,-2.1306209497989217,3.0,0.0,0.34375,0.917389863897237,
W4_dense,clearance_A=2.5,esp_rmse_mEh,mEh/e,exact_dipole_quadrupole_octupole,10,0.7993625550288938,0.4341525191826855,1.181514837754932,exact_dipole,-0.0080577585978736,-0.2181227142543365,0.2168758219364892,0.8074203136267674,0.0099796332367212,5.0,0.0,1.0,-0.0219052897532613,
W4_dense,clearance_A=2.5,esp_rmse_mEh,mEh/e,glider,10,0.2300458550205434,0.1796403964941483,0.2827457520254454,,,,,,,,,,,
W4_dense,clearance_A=2.5,esp_rmse_mEh,mEh/e,glider,10,0.2300458550205434,0.1796403964941483,0.2827457520254454,zero,-0.7059099116649075,-0.9587715858832544,-0.4934891991154644,0.935955766685451,0.7542128985056453,10.0,0.0,0.001953125,-1.7831584714149762,
W4_dense,clearance_A=2.5,esp_rmse_mEh,mEh/e,glider,10,0.2300458550205434,0.1796403964941483,0.2827457520254454,mace_polar_l,-0.0252908873852199,-0.0627260596894765,0.0122475227840715,0.2553367424057634,0.0990491503374372,6.0,0.0,0.75390625,-0.3920816405678268,
W4_dense,clearance_A=2.5,esp_rmse_mEh,mEh/e,glider,10,0.2300458550205434,0.1796403964941483,0.2827457520254454,exact_dipole,-0.577374458606224,-0.8326871244063078,-0.3338139388269329,0.8074203136267674,0.7150853760574534,10.0,0.0,0.001953125,-1.3588393130898282,
W4_dense,clearance_A=2.5,esp_rmse_mEh,mEh/e,mace_polar_l,10,0.2553367424057634,0.2024984940866688,0.3084423175409215,,,,,,,,,,,
W4_dense,clearance_A=2.5,esp_rmse_mEh,mEh/e,mace_polar_l,10,0.2553367424057634,0.2024984940866688,0.3084423175409215,zero,-0.6806190242796876,-0.9236574407272876,-0.4841845604231851,0.935955766685451,0.727191442700331,10.0,0.0,0.001953125,-1.827040922318097,
W4_dense,clearance_A=2.5,esp_rmse_mEh,mEh/e,mace_polar_l,10,0.2553367424057634,0.2024984940866688,0.3084423175409215,exact_dipole,-0.552083571221004,-0.7881121653552072,-0.332374244449031,0.8074203136267674,0.6837623006302097,10.0,0.0,0.001953125,-1.4196039380384002,
W4_dense,clearance_A=2.5,esp_rmse_mEh,mEh/e,zero,10,0.935955766685451,0.7052889929215979,1.219213113034585,,,,,,,,,,,
W4_dense,clearance_A=2.5,esp_rmse_mEh,mEh/e,zero,10,0.935955766685451,0.7052889929215979,1.219213113034585,mace_polar_l,0.6806190242796876,0.484184560423185,0.9236574407272868,0.2553367424057634,-2.665574166361436,0.0,0.0,0.001953125,1.827040922318097,
W4_dense,clearance_A=2.5,esp_rmse_mEh,mEh/e,zero,10,0.935955766685451,0.7052889929215979,1.219213113034585,exact_dipole,0.1285354530586835,0.0264174822038235,0.2346861455271677,0.8074203136267674,-0.1591927412394773,2.0,0.0,0.109375,0.7248922102375521,
W4_dense,clearance_A=2.5,field_vrmse,kcal/mol/e/A,exact_dipole,10,0.3363988060252291,0.2323877786694026,0.4545808254574712,,,,,,,,,,,
W4_dense,clearance_A=2.5,field_vrmse,kcal/mol/e/A,exact_dipole,10,0.3363988060252291,0.2323877786694026,0.4545808254574712,zero,0.0529151795370838,0.0029564231794371,0.1089332513807865,0.2834836264881452,-0.1866604438238928,2.0,0.0,0.109375,0.5844796496140802,
W4_dense,clearance_A=2.5,field_vrmse,kcal/mol/e/A,exact_dipole,10,0.3363988060252291,0.2323877786694026,0.4545808254574712,mace_polar_l,0.235472204427933,0.140747835252037,0.3436431854322941,0.100926601597296,-2.333103470257355,0.0,0.0,0.001953125,1.3644804581395906,
W4_dense,clearance_A=2.5,field_vrmse,kcal/mol/e/A,exact_dipole_quadrupole,10,0.466714223894077,0.2721966811320194,0.675857947653663,,,,,,,,,,,
W4_dense,clearance_A=2.5,field_vrmse,kcal/mol/e/A,exact_dipole_quadrupole,10,0.466714223894077,0.2721966811320194,0.675857947653663,zero,0.1832305974059318,0.0304439344800767,0.3523475785731607,0.2834836264881452,-0.6463533703015971,3.0,0.0,0.34375,0.6705966363336001,
W4_dense,clearance_A=2.5,field_vrmse,kcal/mol/e/A,exact_dipole_quadrupole,10,0.466714223894077,0.2721966811320194,0.675857947653663,mace_polar_l,0.3657876222967809,0.1767411612420716,0.5718055678337473,0.100926601597296,-3.624293461859522,2.0,0.0,0.109375,1.084207920133474,
W4_dense,clearance_A=2.5,field_vrmse,kcal/mol/e/A,exact_dipole_quadrupole,10,0.466714223894077,0.2721966811320194,0.675857947653663,exact_dipole,0.1303154178688479,0.0141862835198101,0.2729238512575241,0.3363988060252291,-0.3873837110440712,3.0,0.0,0.34375,0.5946789442661636,
W4_dense,clearance_A=2.5,field_vrmse,kcal/mol/e/A,exact_dipole_quadrupole_octupole,10,0.6208607936149176,0.3247613439255878,0.9369243360803704,,,,,,,,,,,
W4_dense,clearance_A=2.5,field_vrmse,kcal/mol/e/A,exact_dipole_quadrupole_octupole,10,0.6208607936149176,0.3247613439255878,0.9369243360803704,zero,0.3373771671267725,0.0824266180671434,0.6143902806568018,0.2834836264881452,-1.1901116523245865,3.0,0.0,0.34375,0.7445079207693085,
W4_dense,clearance_A=2.5,field_vrmse,kcal/mol/e/A,exact_dipole_quadrupole_octupole,10,0.6208607936149176,0.3247613439255878,0.9369243360803704,mace_polar_l,0.5199341920176217,0.2286687640720145,0.8339741467725947,0.100926601597296,-5.151607046992367,2.0,0.0,0.109375,1.0050109869763193,
W4_dense,clearance_A=2.5,field_vrmse,kcal/mol/e/A,exact_dipole_quadrupole_octupole,10,0.6208607936149176,0.3247613439255878,0.9369243360803704,exact_dipole,0.2844619875896886,0.0680978383632873,0.5293709446688026,0.3363988060252291,-0.8456093853328202,3.0,0.0,0.34375,0.7272711682650174,
W4_dense,clearance_A=2.5,field_vrmse,kcal/mol/e/A,glider,10,0.0849096330501612,0.0713640497936025,0.0984270787803788,,,,,,,,,,,
W4_dense,clearance_A=2.5,field_vrmse,kcal/mol/e/A,glider,10,0.0849096330501612,0.0713640497936025,0.0984270787803788,zero,-0.198573993437984,-0.2592662439773275,-0.1412666083931811,0.2834836264881452,0.7004778226452102,10.0,0.0,0.001953125,-1.9874569198270973,
W4_dense,clearance_A=2.5,field_vrmse,kcal/mol/e/A,glider,10,0.0849096330501612,0.0713640497936025,0.0984270787803788,mace_polar_l,-0.0160169685471348,-0.0324493386650245,-0.0021924954905715,0.100926601597296,0.158699176368225,8.0,0.0,0.109375,-0.6165191287582364,
W4_dense,clearance_A=2.5,field_vrmse,kcal/mol/e/A,glider,10,0.0849096330501612,0.0713640497936025,0.0984270787803788,exact_dipole,-0.2514891729750678,-0.3616750414290235,-0.1534782716882517,0.3363988060252291,0.7475923471506222,10.0,0.0,0.001953125,-1.4231736362197522,
W4_dense,clearance_A=2.5,field_vrmse,kcal/mol/e/A,mace_polar_l,10,0.100926601597296,0.0843271446286257,0.1177805430276118,,,,,,,,,,,
W4_dense,clearance_A=2.5,field_vrmse,kcal/mol/e/A,mace_polar_l,10,0.100926601597296,0.0843271446286257,0.1177805430276118,zero,-0.1825570248908491,-0.2388380525728635,-0.1306884337253909,0.2834836264881452,0.6439773159120474,10.0,0.0,0.001953125,-1.9853959322402592,
W4_dense,clearance_A=2.5,field_vrmse,kcal/mol/e/A,mace_polar_l,10,0.100926601597296,0.0843271446286257,0.1177805430276118,exact_dipole,-0.235472204427933,-0.3436431854322944,-0.140747835252037,0.3363988060252291,0.6999793108964637,10.0,0.0,0.001953125,-1.3644804581395906,
W4_dense,clearance_A=2.5,field_vrmse,kcal/mol/e/A,zero,10,0.2834836264881452,0.2193477946460117,0.3531103266092076,,,,,,,,,,,
W4_dense,clearance_A=2.5,field_vrmse,kcal/mol/e/A,zero,10,0.2834836264881452,0.2193477946460117,0.3531103266092076,mace_polar_l,0.1825570248908491,0.1306884337253908,0.2388380525728635,0.100926601597296,-1.808809788516054,0.0,0.0,0.001953125,1.9853959322402592,
W4_dense,clearance_A=2.5,field_vrmse,kcal/mol/e/A,zero,10,0.2834836264881452,0.2193477946460117,0.3531103266092076,exact_dipole,-0.0529151795370838,-0.1089332513807866,-0.0029564231794371,0.3363988060252291,0.1572989516886553,8.0,0.0,0.109375,-0.5844796496140802,
W4_dense,clearance_A=2.5,force_vrmse,kcal/mol/A,exact_dipole,10,0.0766376018486753,0.0526767609087826,0.1060612277541476,,,,,,,,,,,
W4_dense,clearance_A=2.5,force_vrmse,kcal/mol/A,exact_dipole,10,0.0766376018486753,0.0526767609087826,0.1060612277541476,zero,0.0237325951597962,0.0084874591324531,0.0455770636226045,0.0529050066888791,-0.4485888320430902,2.0,0.0,0.109375,0.7302863050136529,
W4_dense,clearance_A=2.5,force_vrmse,kcal/mol/A,exact_dipole,10,0.0766376018486753,0.0526767609087826,0.1060612277541476,mace_polar_l,0.047988201059682,0.0274003079039108,0.0749296152442908,0.0286494007889933,-1.6750158725175974,0.0,0.0,0.001953125,1.1749058750516008,
W4_dense,clearance_A=2.5,force_vrmse,kcal/mol/A,exact_dipole_quadrupole,10,0.1356825412647206,0.0782047554318342,0.2006097289341088,,,,,,,,,,,
W4_dense,clearance_A=2.5,force_vrmse,kcal/mol/A,exact_dipole_quadrupole,10,0.1356825412647206,0.0782047554318342,0.2006097289341088,zero,0.0827775345758414,0.0307017953528407,0.1433637220715719,0.0529050066888791,-1.5646446292434089,2.0,0.0,0.109375,0.8617582526550815,
W4_dense,clearance_A=2.5,force_vrmse,kcal/mol/A,exact_dipole_quadrupole,10,0.1356825412647206,0.0782047554318342,0.2006097289341088,mace_polar_l,0.1070331404757272,0.0502441144145019,0.1723010615202903,0.0286494007889933,-3.7359643667258737,1.0,0.0,0.021484375,1.031181897741749,
W4_dense,clearance_A=2.5,force_vrmse,kcal/mol/A,exact_dipole_quadrupole,10,0.1356825412647206,0.0782047554318342,0.2006097289341088,exact_dipole,0.0590449394160452,0.0183475661234877,0.1105774735506828,0.0766376018486753,-0.770443463675081,3.0,0.0,0.34375,0.7520596868464401,
W4_dense,clearance_A=2.5,force_vrmse,kcal/mol/A,exact_dipole_quadrupole_octupole,10,0.2147801620368462,0.108925881623071,0.3339197084932302,,,,,,,,,,,
W4_dense,clearance_A=2.5,force_vrmse,kcal/mol/A,exact_dipole_quadrupole_octupole,10,0.2147801620368462,0.108925881623071,0.3339197084932302,zero,0.161875155347967,0.060604565059693,0.2776175297547311,0.0529050066888791,-3.0597322536960148,2.0,0.0,0.109375,0.8780136742371526,
W4_dense,clearance_A=2.5,force_vrmse,kcal/mol/A,exact_dipole_quadrupole_octupole,10,0.2147801620368462,0.108925881623071,0.3339197084932302,mace_polar_l,0.1861307612478528,0.0801403537968129,0.3063956892093131,0.0286494007889933,-6.49684656997648,2.0,0.0,0.109375,0.9685405461503264,
W4_dense,clearance_A=2.5,force_vrmse,kcal/mol/A,exact_dipole_quadrupole_octupole,10,0.2147801620368462,0.108925881623071,0.3339197084932302,exact_dipole,0.1381425601881708,0.0492929825588717,0.2395994973317579,0.0766376018486753,-1.802542836099438,3.0,0.0,0.34375,0.8547908955607048,
W4_dense,clearance_A=2.5,force_vrmse,kcal/mol/A,glider,10,0.0204050461808105,0.0177509646487057,0.0231675653557991,,,,,,,,,,,
W4_dense,clearance_A=2.5,force_vrmse,kcal/mol/A,glider,10,0.0204050461808105,0.0177509646487057,0.0231675653557991,zero,-0.0324999605080686,-0.0428042164767561,-0.022536184610932,0.0529050066888791,0.6143078423407559,10.0,0.0,0.001953125,-1.884782609595281,
W4_dense,clearance_A=2.5,force_vrmse,kcal/mol/A,glider,10,0.0204050461808105,0.0177509646487057,0.0231675653557991,mace_polar_l,-0.0082443546081827,-0.0146067538397393,-0.0033967694636875,0.0286494007889933,0.287767086959464,8.0,0.0,0.109375,-0.8485384482257703,
W4_dense,clearance_A=2.5,force_vrmse,kcal/mol/A,glider,10,0.0204050461808105,0.0177509646487057,0.0231675653557991,exact_dipole,-0.0562325556678648,-0.0836775102110673,-0.0338629452613657,0.0766376018486753,0.7337462852621446,10.0,0.0,0.001953125,-1.3194789003244851,
W4_dense,clearance_A=2.5,force_vrmse,kcal/mol/A,mace_polar_l,10,0.0286494007889933,0.0227898523508451,0.0350928550080856,,,,,,,,,,,
W4_dense,clearance_A=2.5,force_vrmse,kcal/mol/A,mace_polar_l,10,0.0286494007889933,0.0227898523508451,0.0350928550080856,zero,-0.0242556058998858,-0.030743214885616,-0.0175375809177683,0.0529050066888791,0.4584746778792952,10.0,0.0,0.001953125,-2.160284067630533,
W4_dense,clearance_A=2.5,force_vrmse,kcal/mol/A,mace_polar_l,10,0.0286494007889933,0.0227898523508451,0.0350928550080856,exact_dipole,-0.047988201059682,-0.0749296152442909,-0.0274003079039108,0.0766376018486753,0.6261704424733572,10.0,0.0,0.001953125,-1.1749058750516008,
W4_dense,clearance_A=2.5,force_vrmse,kcal/mol/A,zero,10,0.0529050066888791,0.0415421530266702,0.064233261575844,,,,,,,,,,,
W4_dense,clearance_A=2.5,force_vrmse,kcal/mol/A,zero,10,0.0529050066888791,0.0415421530266702,0.064233261575844,mace_polar_l,0.0242556058998858,0.0175375809177682,0.030743214885616,0.0286494007889933,-0.8466357142521623,0.0,0.0,0.001953125,2.160284067630533,
W4_dense,clearance_A=2.5,force_vrmse,kcal/mol/A,zero,10,0.0529050066888791,0.0415421530266702,0.064233261575844,exact_dipole,-0.0237325951597962,-0.0455770636226045,-0.0084874591324531,0.0766376018486753,0.3096729880282181,8.0,0.0,0.109375,-0.7302863050136529,
W4_dense,clearance_A=3.5,energy_mae,kcal/mol,exact_dipole,10,0.0414613514399505,0.0282488135487012,0.055496517648306,,,,,,,,,,,
W4_dense,clearance_A=3.5,energy_mae,kcal/mol,exact_dipole,10,0.0414613514399505,0.0282488135487012,0.055496517648306,zero,-0.0005515425580657,-0.0054000010723052,0.0038950229706717,0.0420128939980162,0.0131279353926869,5.0,0.0,1.0,-0.0690276394754669,
W4_dense,clearance_A=3.5,energy_mae,kcal/mol,exact_dipole,10,0.0414613514399505,0.0282488135487012,0.055496517648306,mace_polar_l,0.0296375394314812,0.0177533977531977,0.0422458689644183,0.0118238120084692,-2.5065976531301555,0.0,0.0,0.001953125,1.4209198999507506,
W4_dense,clearance_A=3.5,energy_mae,kcal/mol,exact_dipole_quadrupole,10,0.0428429277118607,0.0253321605617666,0.0603587717712798,,,,,,,,,,,
W4_dense,clearance_A=3.5,energy_mae,kcal/mol,exact_dipole_quadrupole,10,0.0428429277118607,0.0253321605617666,0.0603587717712798,zero,0.0008300337138444,-0.0102214821125651,0.0118406640317756,0.0420128939980162,-0.0197566421842705,4.0,0.0,0.75390625,0.0440790181481634,
W4_dense,clearance_A=3.5,energy_mae,kcal/mol,exact_dipole_quadrupole,10,0.0428429277118607,0.0253321605617666,0.0603587717712798,mace_polar_l,0.0310191157033914,0.0145386820830648,0.0475700266381139,0.0118238120084692,-2.623444594786589,2.0,0.0,0.109375,1.1042557130548838,
W4_dense,clearance_A=3.5,energy_mae,kcal/mol,exact_dipole_quadrupole,10,0.0428429277118607,0.0253321605617666,0.0603587717712798,exact_dipole,0.0013815762719102,-0.0063362567231381,0.0093983440466436,0.0414613514399505,-0.0333220269944944,4.0,0.0,0.75390625,0.1039711239940518,
W4_dense,clearance_A=3.5,energy_mae,kcal/mol,exact_dipole_quadrupole_octupole,10,0.0428797366994667,0.0233005041263837,0.0629356924069445,,,,,,,,,,,
W4_dense,clearance_A=3.5,energy_mae,kcal/mol,exact_dipole_quadrupole_octupole,10,0.0428797366994667,0.0233005041263837,0.0629356924069445,zero,0.0008668427014504,-0.0134662209472083,0.0161585025848561,0.0420128939980162,-0.0206327776775236,5.0,0.0,1.0,0.0341464413436611,
W4_dense,clearance_A=3.5,energy_mae,kcal/mol,exact_dipole_quadrupole_octupole,10,0.0428797366994667,0.0233005041263837,0.0629356924069445,mace_polar_l,0.0310559246909974,0.0122025979872535,0.05058063970199,0.0118238120084692,-2.62655771833588,2.0,0.0,0.109375,0.9494536233197436,
W4_dense,clearance_A=3.5,energy_mae,kcal/mol,exact_dipole_quadrupole_octupole,10,0.0428797366994667,0.0233005041263837,0.0629356924069445,exact_dipole,0.0014183852595161,-0.0099932846861366,0.0136828090751666,0.0414613514399505,-0.034209817342073,6.0,0.0,0.75390625,0.0703084016953349,
W4_dense,clearance_A=3.5,energy_mae,kcal/mol,glider,10,0.0107708466354054,0.0087070331445762,0.0128734239521779,,,,,,,,,,,
W4_dense,clearance_A=3.5,energy_mae,kcal/mol,glider,10,0.0107708466354054,0.0087070331445762,0.0128734239521779,zero,-0.0312420473626108,-0.040752448208375,-0.0224420324642975,0.0420128939980162,0.7436299761707912,10.0,0.0,0.001953125,-2.0120548202210964,
W4_dense,clearance_A=3.5,energy_mae,kcal/mol,glider,10,0.0107708466354054,0.0087070331445762,0.0128734239521779,mace_polar_l,-0.0010529653730638,-0.0026791979407858,0.0002332627334738,0.0118238120084692,0.0890546443320976,8.0,0.0,0.109375,-0.4238156119495473,
W4_dense,clearance_A=3.5,energy_mae,kcal/mol,glider,10,0.0107708466354054,0.0087070331445762,0.0128734239521779,exact_dipole,-0.030690504804545,-0.0434084899383692,-0.0185407768590298,0.0414613514399505,0.740219595808276,10.0,0.0,0.001953125,-1.4456130849829902,
W4_dense,clearance_A=3.5,energy_mae,kcal/mol,mace_polar_l,10,0.0118238120084692,0.0099525271975261,0.0137463954623055,,,,,,,,,,,
W4_dense,clearance_A=3.5,energy_mae,kcal/mol,mace_polar_l,10,0.0118238120084692,0.0099525271975261,0.0137463954623055,zero,-0.030189081989547,-0.0395718941705421,-0.0216744690426431,0.0420128939980162,0.7185670663623515,10.0,0.0,0.001953125,-1.974229227702436,
W4_dense,clearance_A=3.5,energy_mae,kcal/mol,mace_polar_l,10,0.0118238120084692,0.0099525271975261,0.0137463954623055,exact_dipole,-0.0296375394314812,-0.0422458689644183,-0.0177533977531977,0.0414613514399505,0.7148232848706344,10.0,0.0,0.001953125,-1.4209198999507506,
W4_dense,clearance_A=3.5,energy_mae,kcal/mol,zero,10,0.0420128939980162,0.0320707766638113,0.0529840707167363,,,,,,,,,,,
W4_dense,clearance_A=3.5,energy_mae,kcal/mol,zero,10,0.0420128939980162,0.0320707766638113,0.0529840707167363,mace_polar_l,0.030189081989547,0.0216744690426431,0.0395718941705421,0.0118238120084692,-2.553244416261258,0.0,0.0,0.001953125,1.974229227702436,
W4_dense,clearance_A=3.5,energy_mae,kcal/mol,zero,10,0.0420128939980162,0.0320707766638113,0.0529840707167363,exact_dipole,0.0005515425580657,-0.0038950229706717,0.0054000010723052,0.0414613514399505,-0.0133025706811455,5.0,0.0,1.0,0.0690276394754669,
W4_dense,clearance_A=3.5,energy_rmse,kcal/mol,exact_dipole,10,0.0470849355891609,0.0322190710010795,0.0627030363268023,,,,,,,,,,,
W4_dense,clearance_A=3.5,energy_rmse,kcal/mol,exact_dipole,10,0.0470849355891609,0.0322190710010795,0.0627030363268023,zero,-0.0012022514938013,-0.006732323167621,0.0036799392840868,0.0482871870829622,0.0248979401458144,5.0,0.0,1.0,-0.1342435387858235,
W4_dense,clearance_A=3.5,energy_rmse,kcal/mol,exact_dipole,10,0.0470849355891609,0.0322190710010795,0.0627030363268023,mace_polar_l,0.0334242311783438,0.02001485618588,0.0475152625817402,0.013660704410817,-2.446742874538551,0.0,0.0,0.001953125,1.431002506850271,
W4_dense,clearance_A=3.5,energy_rmse,kcal/mol,exact_dipole_quadrupole,10,0.0491172492533498,0.028791385908305,0.0696063847938636,,,,,,,,,,,
W4_dense,clearance_A=3.5,energy_rmse,kcal/mol,exact_dipole_quadrupole,10,0.0491172492533498,0.028791385908305,0.0696063847938636,zero,0.0008300621703876,-0.0120767418832557,0.0137815320777847,0.0482871870829622,-0.0171901123368709,4.0,0.0,0.75390625,0.037640646396643,
W4_dense,clearance_A=3.5,energy_rmse,kcal/mol,exact_dipole_quadrupole,10,0.0491172492533498,0.028791385908305,0.0696063847938636,mace_polar_l,0.0354565448425328,0.0163799354720444,0.0548592965584514,0.013660704410817,-2.5955136555372023,2.0,0.0,0.109375,1.081247948845307,
W4_dense,clearance_A=3.5,energy_rmse,kcal/mol,exact_dipole_quadrupole,10,0.0491172492533498,0.028791385908305,0.0696063847938636,exact_dipole,0.0020323136641889,-0.0070105862223963,0.0116589844792141,0.0470849355891609,-0.043162715181813,3.0,0.0,0.34375,0.1285055828927084,
W4_dense,clearance_A=3.5,energy_rmse,kcal/mol,exact_dipole_quadrupole_octupole,10,0.0505574572162701,0.0273215387250221,0.0742239300421271,,,,,,,,,,,
W4_dense,clearance_A=3.5,energy_rmse,kcal/mol,exact_dipole_quadrupole_octupole,10,0.0505574572162701,0.0273215387250221,0.0742239300421271,zero,0.0022702701333078,-0.0147086328983437,0.0201821785403198,0.0482871870829622,-0.0470159947276969,4.0,0.0,0.75390625,0.0761652233991361,
W4_dense,clearance_A=3.5,energy_rmse,kcal/mol,exact_dipole_quadrupole_octupole,10,0.0505574572162701,0.0273215387250221,0.0742239300421271,mace_polar_l,0.036896752805453,0.0145251443409309,0.0599801031454554,0.013660704410817,-2.7009407198824222,2.0,0.0,0.109375,0.9530582684901626,
W4_dense,clearance_A=3.5,energy_rmse,kcal/mol,exact_dipole_quadrupole_octupole,10,0.0505574572162701,0.0273215387250221,0.0742239300421271,exact_dipole,0.0034725216271092,-0.0099361213110026,0.0177745481502774,0.0470849355891609,-0.0737501619925458,4.0,0.0,0.75390625,0.147342634177977,
W4_dense,clearance_A=3.5,energy_rmse,kcal/mol,glider,10,0.0124631186896253,0.0101493268348072,0.014818699547008,,,,,,,,,,,
W4_dense,clearance_A=3.5,energy_rmse,kcal/mol,glider,10,0.0124631186896253,0.0101493268348072,0.014818699547008,zero,-0.0358240683933368,-0.047045797166566,-0.025388787475494,0.0482871870829622,0.7418959470922898,10.0,0.0,0.001953125,-1.952826986728489,
W4_dense,clearance_A=3.5,energy_rmse,kcal/mol,glider,10,0.0124631186896253,0.0101493268348072,0.014818699547008,mace_polar_l,-0.0011975857211916,-0.0030985063883703,0.0003284543368358,0.013660704410817,0.0876664691056002,8.0,0.0,0.109375,-0.4093205260757943,
W4_dense,clearance_A=3.5,energy_rmse,kcal/mol,glider,10,0.0124631186896253,0.0101493268348072,0.014818699547008,exact_dipole,-0.0346218168995355,-0.0489244407250166,-0.0207791010801697,0.0470849355891609,0.7353056018092029,10.0,0.0,0.001953125,-1.442210783930188,
W4_dense,clearance_A=3.5,energy_rmse,kcal/mol,mace_polar_l,10,0.013660704410817,0.0115222288501021,0.015841283737385,,,,,,,,,,,
W4_dense,clearance_A=3.5,energy_rmse,kcal/mol,mace_polar_l,10,0.013660704410817,0.0115222288501021,0.015841283737385,zero,-0.0346264826721452,-0.0456643275079344,-0.0246284820729606,0.0482871870829622,0.7170946324260605,10.0,0.0,0.001953125,-1.938076529736564,
W4_dense,clearance_A=3.5,energy_rmse,kcal/mol,mace_polar_l,10,0.013660704410817,0.0115222288501021,0.015841283737385,exact_dipole,-0.0334242311783438,-0.0475152625817402,-0.02001485618588,0.0470849355891609,0.7098710184078121,10.0,0.0,0.001953125,-1.431002506850271,
W4_dense,clearance_A=3.5,energy_rmse,kcal/mol,zero,10,0.0482871870829622,0.0367006023820137,0.0609982211940419,,,,,,,,,,,
W4_dense,clearance_A=3.5,energy_rmse,kcal/mol,zero,10,0.0482871870829622,0.0367006023820137,0.0609982211940419,mace_polar_l,0.0346264826721452,0.0246284820729606,0.0456643275079344,0.013660704410817,-2.5347508906441742,0.0,0.0,0.001953125,1.938076529736564,
W4_dense,clearance_A=3.5,energy_rmse,kcal/mol,zero,10,0.0482871870829622,0.0367006023820137,0.0609982211940419,exact_dipole,0.0012022514938013,-0.0036799392840868,0.006732323167621,0.0470849355891609,-0.0255336760846733,5.0,0.0,1.0,0.1342435387858235,
W4_dense,clearance_A=3.5,energy_nrmse,1,exact_dipole,10,1.0007674724268647,0.8281613878405395,1.1709491095138325,,,,,,,,,,,
W4_dense,clearance_A=3.5,energy_nrmse,1,exact_dipole,10,1.0007674724268647,0.8281613878405395,1.1709491095138325,zero,0.0007674724268646,-0.1718386121594604,0.1709491095138324,1.0,-0.0007674724268647,5.0,0.0,1.0,0.0026296118168608,
W4_dense,clearance_A=3.5,energy_nrmse,1,exact_dipole,10,1.0007674724268647,0.8281613878405395,1.1709491095138325,mace_polar_l,0.6399188740535582,0.4488244160165569,0.8252909198089586,0.3608485983733064,-1.7733722035731647,0.0,0.0,0.001953125,2.010066681247728,
W4_dense,clearance_A=3.5,energy_nrmse,1,exact_dipole_quadrupole,10,1.011470134487674,0.6876441047661825,1.3257792959182466,,,,,,,,,,,
W4_dense,clearance_A=3.5,energy_nrmse,1,exact_dipole_quadrupole,10,1.011470134487674,0.6876441047661825,1.3257792959182466,zero,0.0114701344876741,-0.3123558952338174,0.3257792959182468,1.0,-0.0114701344876739,5.0,0.0,1.0,0.0210630990418758,
W4_dense,clearance_A=3.5,energy_nrmse,1,exact_dipole_quadrupole,10,1.011470134487674,0.6876441047661825,1.3257792959182466,mace_polar_l,0.6506215361143677,0.3002336334131859,0.9956206544922894,0.3608485983733064,-1.8030319060330235,2.0,0.0,0.109375,1.0897065000592114,
W4_dense,clearance_A=3.5,energy_nrmse,1,exact_dipole_quadrupole,10,1.011470134487674,0.6876441047661825,1.3257792959182466,exact_dipole,0.0107026620608095,-0.225298577629045,0.2502529256216853,1.0007674724268647,-0.010694454361966,5.0,0.0,1.0,0.026336226418609,
W4_dense,clearance_A=3.5,energy_nrmse,1,exact_dipole_quadrupole_octupole,10,1.0505473354227637,0.6211467710125134,1.492659209729085,,,,,,,,,,,
W4_dense,clearance_A=3.5,energy_nrmse,1,exact_dipole_quadrupole_octupole,10,1.0505473354227637,0.6211467710125134,1.492659209729085,zero,0.0505473354227635,-0.3788532289874867,0.492659209729085,1.0,-0.0505473354227634,5.0,0.0,1.0,0.0682751803060967,
W4_dense,clearance_A=3.5,energy_nrmse,1,exact_dipole_quadrupole_octupole,10,1.0505473354227637,0.6211467710125134,1.492659209729085,mace_polar_l,0.6896987370494572,0.2305278295474121,1.1655073295756753,0.3608485983733064,-1.9113244173833464,3.0,0.0,0.34375,0.865915169624688,
W4_dense,clearance_A=3.5,energy_nrmse,1,exact_dipole_quadrupole_octupole,10,1.0505473354227637,0.6211467710125134,1.492659209729085,exact_dipole,0.0497798629958989,-0.3030454643753856,0.4000562512312689,1.0007674724268647,-0.049741687622183,5.0,0.0,1.0,0.0827843766947523,
W4_dense,clearance_A=3.5,energy_nrmse,1,glider,10,0.3312546528883778,0.2692467565496511,0.3977611645172075,,,,,,,,,,,
W4_dense,clearance_A=3.5,energy_nrmse,1,glider,10,0.3312546528883778,0.2692467565496511,0.3977611645172075,zero,-0.6687453471116223,-0.7307532434503489,-0.6022388354827924,1.0,0.6687453471116223,10.0,0.0,0.001953125,-6.142812963249877,
W4_dense,clearance_A=3.5,energy_nrmse,1,glider,10,0.3312546528883778,0.2692467565496511,0.3977611645172075,mace_polar_l,-0.0295939454849286,-0.1060339209617904,0.0231661721732797,0.3608485983733064,0.0820120837889828,6.0,0.0,0.75390625,-0.2585818940572769,
W4_dense,clearance_A=3.5,energy_nrmse,1,glider,10,0.3312546528883778,0.2692467565496511,0.3977611645172075,exact_dipole,-0.669512819538487,-0.8745925345650083,-0.4592132869536531,1.0007674724268647,0.6689993809600105,10.0,0.0,0.001953125,-1.891430128536281,
W4_dense,clearance_A=3.5,energy_nrmse,1,mace_polar_l,10,0.3608485983733064,0.2788444183379034,0.4486521020342344,,,,,,,,,,,
W4_dense,clearance_A=3.5,energy_nrmse,1,mace_polar_l,10,0.3608485983733064,0.2788444183379034,0.4486521020342344,zero,-0.6391514016266936,-0.7211555816620965,-0.5513478979657656,1.0,0.6391514016266936,10.0,0.0,0.001953125,-4.447629007774015,
W4_dense,clearance_A=3.5,energy_nrmse,1,mace_polar_l,10,0.3608485983733064,0.2788444183379034,0.4486521020342344,exact_dipole,-0.6399188740535582,-0.8252909198089586,-0.448824416016557,1.0007674724268647,0.6394281305943654,10.0,0.0,0.001953125,-2.010066681247728,
W4_dense,clearance_A=3.5,energy_nrmse,1,zero,10,1.0,1.0,1.0,,,,,,,,,,,
W4_dense,clearance_A=3.5,energy_nrmse,1,zero,10,1.0,1.0,1.0,mace_polar_l,0.6391514016266936,0.5513478979657652,0.7211555816620965,0.3608485983733064,-1.7712453491795923,0.0,0.0,0.001953125,4.447629007774015,
W4_dense,clearance_A=3.5,energy_nrmse,1,zero,10,1.0,1.0,1.0,exact_dipole,-0.0007674724268646,-0.1709491095138324,0.1718386121594604,1.0007674724268647,0.0007668838646439,5.0,0.0,1.0,-0.0026296118168608,
W4_dense,clearance_A=3.5,centered_orientation_rmse,kcal/mol,exact_dipole,10,0.0455482599083556,0.0310004702843408,0.0607801761570786,,,,,,,,,,,
W4_dense,clearance_A=3.5,centered_orientation_rmse,kcal/mol,exact_dipole,10,0.0455482599083556,0.0310004702843408,0.0607801761570786,zero,-0.0009695572342013,-0.0063646969199145,0.003769633017984,0.0465178171425569,0.0208427070262139,5.0,0.0,1.0,-0.1110555910681708,
W4_dense,clearance_A=3.5,centered_orientation_rmse,kcal/mol,exact_dipole,10,0.0455482599083556,0.0310004702843408,0.0607801761570786,mace_polar_l,0.0325747707407585,0.0194876876722072,0.0463695977487098,0.012973489167597,-2.5108720036640664,0.0,0.0,0.001953125,1.4284612014447118,
W4_dense,clearance_A=3.5,centered_orientation_rmse,kcal/mol,exact_dipole_quadrupole,10,0.0472894091134125,0.0276795383417604,0.0670765191238451,,,,,,,,,,,
W4_dense,clearance_A=3.5,centered_orientation_rmse,kcal/mol,exact_dipole_quadrupole,10,0.0472894091134125,0.0276795383417604,0.0670765191238451,zero,0.0007715919708555,-0.0115172577477777,0.012771157760327,0.0465178171425569,-0.0165870201624249,4.0,0.0,0.75390625,0.0371817143301456,
W4_dense,clearance_A=3.5,centered_orientation_rmse,kcal/mol,exact_dipole_quadrupole,10,0.0472894091134125,0.0276795383417604,0.0670765191238451,mace_polar_l,0.0343159199458154,0.0158886172684647,0.0530498901914365,0.012973489167597,-2.6450802480741853,2.0,0.0,0.109375,1.085759322882022,
W4_dense,clearance_A=3.5,centered_orientation_rmse,kcal/mol,exact_dipole_quadrupole,10,0.0472894091134125,0.0276795383417604,0.0670765191238451,exact_dipole,0.0017411492050569,-0.0064538923110405,0.0102274380533042,0.0455482599083556,-0.0382264703099555,3.0,0.0,0.34375,0.1227219903011832,
W4_dense,clearance_A=3.5,centered_orientation_rmse,kcal/mol,exact_dipole_quadrupole_octupole,10,0.0488288732934071,0.0262397260174752,0.0718141602066705,,,,,,,,,,,
W4_dense,clearance_A=3.5,centered_orientation_rmse,kcal/mol,exact_dipole_quadrupole_octupole,10,0.0488288732934071,0.0262397260174752,0.0718141602066705,zero,0.0023110561508501,-0.0140601996478752,0.0194189206676808,0.0465178171425569,-0.0496810962510934,4.0,0.0,0.75390625,0.0810070030936697,
W4_dense,clearance_A=3.5,centered_orientation_rmse,kcal/mol,exact_dipole_quadrupole_octupole,10,0.0488288732934071,0.0262397260174752,0.0718141602066705,mace_polar_l,0.03585538412581,0.0141526302628075,0.0582951781502827,0.012973489167597,-2.7637425570418874,2.0,0.0,0.109375,0.9547071790207962,
W4_dense,clearance_A=3.5,centered_orientation_rmse,kcal/mol,exact_dipole_quadrupole_octupole,10,0.0488288732934071,0.0262397260174752,0.0718141602066705,exact_dipole,0.0032806133850514,-0.0092726275836882,0.0167290962978966,0.0455482599083556,-0.0720249992349242,5.0,0.0,1.0,0.1481286572972446,
W4_dense,clearance_A=3.5,centered_orientation_rmse,kcal/mol,glider,10,0.0119853645852486,0.0097165163164419,0.0142910223076409,,,,,,,,,,,
W4_dense,clearance_A=3.5,centered_orientation_rmse,kcal/mol,glider,10,0.0119853645852486,0.0097165163164419,0.0142910223076409,zero,-0.0345324525573083,-0.0454478122340357,-0.0243173504116506,0.0465178171425569,0.7423489466730846,10.0,0.0,0.001953125,-1.9280143912537595,
W4_dense,clearance_A=3.5,centered_orientation_rmse,kcal/mol,glider,10,0.0119853645852486,0.0097165163164419,0.0142910223076409,mace_polar_l,-0.0009881245823484,-0.0028009543291839,0.0004518817617161,0.012973489167597,0.0761649059542448,6.0,0.0,0.75390625,-0.3520734153205896,
W4_dense,clearance_A=3.5,centered_orientation_rmse,kcal/mol,glider,10,0.0119853645852486,0.0097165163164419,0.0142910223076409,exact_dipole,-0.033562895323107,-0.0474275084511996,-0.020139915239342,0.0455482599083556,0.736864490336985,10.0,0.0,0.001953125,-1.4417255012910586,
W4_dense,clearance_A=3.5,centered_orientation_rmse,kcal/mol,mace_polar_l,10,0.012973489167597,0.0109548619495402,0.0149873799315498,,,,,,,,,,,
W4_dense,clearance_A=3.5,centered_orientation_rmse,kcal/mol,mace_polar_l,10,0.012973489167597,0.0109548619495402,0.0149873799315498,zero,-0.0335443279749598,-0.0442910808976016,-0.0237050635804748,0.0465178171425569,0.7211070947753424,10.0,0.0,0.001953125,-1.912915369323389,
W4_dense,clearance_A=3.5,centered_orientation_rmse,kcal/mol,mace_polar_l,10,0.012973489167597,0.0109548619495402,0.0149873799315498,exact_dipole,-0.0325747707407585,-0.0463695977487099,-0.0194876876722072,0.0455482599083556,0.7151704764638627,10.0,0.0,0.001953125,-1.4284612014447118,
W4_dense,clearance_A=3.5,centered_orientation_rmse,kcal/mol,zero,10,0.0465178171425569,0.035109946881758,0.0588817055169875,,,,,,,,,,,
W4_dense,clearance_A=3.5,centered_orientation_rmse,kcal/mol,zero,10,0.0465178171425569,0.035109946881758,0.0588817055169875,mace_polar_l,0.0335443279749598,0.0237050635804748,0.0442910808976016,0.012973489167597,-2.585605733478471,0.0,0.0,0.001953125,1.912915369323389,
W4_dense,clearance_A=3.5,centered_orientation_rmse,kcal/mol,zero,10,0.0465178171425569,0.035109946881758,0.0588817055169875,exact_dipole,0.0009695572342013,-0.003769633017984,0.0063646969199145,0.0455482599083556,-0.0212863726551153,5.0,0.0,1.0,0.1110555910681708,
W4_dense,clearance_A=3.5,centered_orientation_nrmse,1,exact_dipole,10,1.0098854798418313,0.8374152583597537,1.1783697219806777,,,,,,,,,,,
W4_dense,clearance_A=3.5,centered_orientation_nrmse,1,exact_dipole,10,1.0098854798418313,0.8374152583597537,1.1783697219806777,zero,0.0098854798418312,-0.1625847416402463,0.1783697219806777,1.0,-0.0098854798418313,5.0,0.0,1.0,0.0341300182589452,
W4_dense,clearance_A=3.5,centered_orientation_nrmse,1,exact_dipole,10,1.0098854798418313,0.8374152583597537,1.1783697219806777,mace_polar_l,0.6453399084477571,0.4556195975590889,0.833916747844733,0.3645455713940742,-1.770258533054963,0.0,0.0,0.001953125,2.023299617595217,
W4_dense,clearance_A=3.5,centered_orientation_nrmse,1,exact_dipole_quadrupole,10,1.0149808614791147,0.6900216298519986,1.3294715122192082,,,,,,,,,,,
W4_dense,clearance_A=3.5,centered_orientation_nrmse,1,exact_dipole_quadrupole,10,1.0149808614791147,0.6900216298519986,1.3294715122192082,zero,0.0149808614791148,-0.3099783701480014,0.3294715122192083,1.0,-0.0149808614791147,5.0,0.0,1.0,0.0274591690642186,
W4_dense,clearance_A=3.5,centered_orientation_nrmse,1,exact_dipole_quadrupole,10,1.0149808614791147,0.6900216298519986,1.3294715122192082,mace_polar_l,0.6504352900850406,0.2960869255513153,0.9984263000591068,0.3645455713940742,-1.784235884687018,2.0,0.0,0.109375,1.0818238268599496,
W4_dense,clearance_A=3.5,centered_orientation_nrmse,1,exact_dipole_quadrupole,10,1.0149808614791147,0.6900216298519986,1.3294715122192082,exact_dipole,0.0050953816372835,-0.2277534063754855,0.2400465198042092,1.0098854798418313,-0.005045504405194,5.0,0.0,1.0,0.0128008408204667,
W4_dense,clearance_A=3.5,centered_orientation_nrmse,1,exact_dipole_quadrupole_octupole,10,1.0560373566157053,0.6246766073099639,1.5034368384411694,,,,,,,,,,,
W4_dense,clearance_A=3.5,centered_orientation_nrmse,1,exact_dipole_quadrupole_octupole,10,1.0560373566157053,0.6246766073099639,1.5034368384411694,zero,0.056037356615705,-0.3753233926900362,0.5034368384411692,1.0,-0.0560373566157053,5.0,0.0,1.0,0.0751252615210112,
W4_dense,clearance_A=3.5,centered_orientation_nrmse,1,exact_dipole_quadrupole_octupole,10,1.0560373566157053,0.6246766073099639,1.5034368384411694,mace_polar_l,0.6914917852216309,0.2286767891991985,1.1726883894119946,0.3645455713940742,-1.8968596507077784,3.0,0.0,0.34375,0.8587145515965211,
W4_dense,clearance_A=3.5,centered_orientation_nrmse,1,exact_dipole_quadrupole_octupole,10,1.0560373566157053,0.6246766073099639,1.5034368384411694,exact_dipole,0.0461518767738738,-0.3019427690883375,0.3950415881231884,1.0098854798418313,-0.0457001092649655,5.0,0.0,1.0,0.0774099592661079,
W4_dense,clearance_A=3.5,centered_orientation_nrmse,1,glider,10,0.3347754173956614,0.2704373716434732,0.4044809578263345,,,,,,,,,,,
W4_dense,clearance_A=3.5,centered_orientation_nrmse,1,glider,10,0.3347754173956614,0.2704373716434732,0.4044809578263345,zero,-0.6652245826043385,-0.7295626283565269,-0.5955190421736655,1.0,0.6652245826043386,10.0,0.0,0.001953125,-5.867474528136524,
W4_dense,clearance_A=3.5,centered_orientation_nrmse,1,glider,10,0.3347754173956614,0.2704373716434732,0.4044809578263345,mace_polar_l,-0.0297701539984127,-0.1100700291234081,0.0243280581527042,0.3645455713940742,0.0816637379095498,6.0,0.0,0.75390625,-0.2489525521115689,
W4_dense,clearance_A=3.5,centered_orientation_nrmse,1,glider,10,0.3347754173956614,0.2704373716434732,0.4044809578263345,exact_dipole,-0.6751100624461698,-0.8754919142171375,-0.4668053708930483,1.0098854798418313,0.6685016033222954,10.0,0.0,0.001953125,-1.9427715994288144,
W4_dense,clearance_A=3.5,centered_orientation_nrmse,1,mace_polar_l,10,0.3645455713940742,0.2785217214888723,0.4570014261350197,,,,,,,,,,,
W4_dense,clearance_A=3.5,centered_orientation_nrmse,1,mace_polar_l,10,0.3645455713940742,0.2785217214888723,0.4570014261350197,zero,-0.6354544286059258,-0.7214782785111278,-0.5429985738649802,1.0,0.6354544286059258,10.0,0.0,0.001953125,-4.186938030909568,
W4_dense,clearance_A=3.5,centered_orientation_nrmse,1,mace_polar_l,10,0.3645455713940742,0.2785217214888723,0.4570014261350197,exact_dipole,-0.6453399084477571,-0.8339167478447331,-0.455619597559089,1.0098854798418313,0.639022860838469,10.0,0.0,0.001953125,-2.023299617595217,
W4_dense,clearance_A=3.5,centered_orientation_nrmse,1,zero,10,1.0,1.0,1.0,,,,,,,,,,,
W4_dense,clearance_A=3.5,centered_orientation_nrmse,1,zero,10,1.0,1.0,1.0,mace_polar_l,0.6354544286059258,0.5429985738649802,0.7214782785111276,0.3645455713940742,-1.7431412653728242,0.0,0.0,0.001953125,4.186938030909568,
W4_dense,clearance_A=3.5,centered_orientation_nrmse,1,zero,10,1.0,1.0,1.0,exact_dipole,-0.0098854798418312,-0.1783697219806779,0.1625847416402458,1.0098854798418313,0.0097887137097758,5.0,0.0,1.0,-0.0341300182589452,
W4_dense,clearance_A=3.5,torque_vrmse,kcal/mol,exact_dipole,10,0.0688734500589848,0.0473475385443938,0.0918086112583676,,,,,,,,,,,
W4_dense,clearance_A=3.5,torque_vrmse,kcal/mol,exact_dipole,10,0.0688734500589848,0.0473475385443938,0.0918086112583676,zero,-0.000145201163616,-0.0082558766404441,0.0079022985755639,0.0690186512226009,0.0021037960180897,5.0,0.0,1.0,-0.0104998806818315,
W4_dense,clearance_A=3.5,torque_vrmse,kcal/mol,exact_dipole,10,0.0688734500589848,0.0473475385443938,0.0918086112583676,mace_polar_l,0.0483172605570451,0.0287997190035774,0.0690747077854699,0.0205561895019396,-2.3504969416868806,0.0,0.0,0.001953125,1.4058876388931587,
W4_dense,clearance_A=3.5,torque_vrmse,kcal/mol,exact_dipole_quadrupole,10,0.0733041477877182,0.0429454301571682,0.1038065289566469,,,,,,,,,,,
W4_dense,clearance_A=3.5,torque_vrmse,kcal/mol,exact_dipole_quadrupole,10,0.0733041477877182,0.0429454301571682,0.1038065289566469,zero,0.0042854965651173,-0.0151823204531201,0.0235237929985213,0.0690186512226009,-0.0620918619706962,4.0,0.0,0.75390625,0.130025003508283,
W4_dense,clearance_A=3.5,torque_vrmse,kcal/mol,exact_dipole_quadrupole,10,0.0733041477877182,0.0429454301571682,0.1038065289566469,mace_polar_l,0.0527479582857785,0.0241728571987531,0.0818283184690591,0.0205561895019396,-2.56603775134498,2.0,0.0,0.109375,1.0781715285657614,
W4_dense,clearance_A=3.5,torque_vrmse,kcal/mol,exact_dipole_quadrupole,10,0.0733041477877182,0.0429454301571682,0.1038065289566469,exact_dipole,0.0044306977287334,-0.009085397921752,0.0188617564602367,0.0688734500589848,-0.0643309972847134,3.0,0.0,0.34375,0.1878760886320601,
W4_dense,clearance_A=3.5,torque_vrmse,kcal/mol,exact_dipole_quadrupole_octupole,10,0.0829266788829025,0.0440807136060351,0.122886523070249,,,,,,,,,,,
W4_dense,clearance_A=3.5,torque_vrmse,kcal/mol,exact_dipole_quadrupole_octupole,10,0.0829266788829025,0.0440807136060351,0.122886523070249,zero,0.0139080276603016,-0.0153150919835711,0.0452556779842355,0.0690186512226009,-0.2015111482756317,4.0,0.0,0.75390625,0.2671143728680348,
W4_dense,clearance_A=3.5,torque_vrmse,kcal/mol,exact_dipole_quadrupole_octupole,10,0.0829266788829025,0.0440807136060351,0.122886523070249,mace_polar_l,0.0623704893809628,0.0247034510103885,0.10143200660846,0.0205561895019396,-3.034146448935859,2.0,0.0,0.109375,0.9558292153024208,
W4_dense,clearance_A=3.5,torque_vrmse,kcal/mol,exact_dipole_quadrupole_octupole,10,0.0829266788829025,0.0440807136060351,0.122886523070249,exact_dipole,0.0140532288239176,-0.00932473112156,0.0398802757801928,0.0688734500589848,-0.2040442116937972,3.0,0.0,0.34375,0.3346233800119724,
W4_dense,clearance_A=3.5,torque_vrmse,kcal/mol,glider,10,0.0184465401151942,0.0150708263440873,0.0218747972337678,,,,,,,,,,,
W4_dense,clearance_A=3.5,torque_vrmse,kcal/mol,glider,10,0.0184465401151942,0.0150708263440873,0.0218747972337678,zero,-0.0505721111074066,-0.0677312416709262,-0.0353019188065507,0.0690186512226009,0.732731083722573,10.0,0.0,0.001953125,-1.8427009104486216,
W4_dense,clearance_A=3.5,torque_vrmse,kcal/mol,glider,10,0.0184465401151942,0.0150708263440873,0.0218747972337678,mace_polar_l,-0.0021096493867454,-0.0046667218217995,5.229089905516102e-05,0.0205561895019396,0.1026284266617779,8.0,0.0,0.109375,-0.5209923337122249,
W4_dense,clearance_A=3.5,torque_vrmse,kcal/mol,glider,10,0.0184465401151942,0.0150708263440873,0.0218747972337678,exact_dipole,-0.0504269099437906,-0.0716573446188713,-0.0302911547514835,0.0688734500589848,0.7321676190259643,10.0,0.0,0.001953125,-1.431242060577272,
W4_dense,clearance_A=3.5,torque_vrmse,kcal/mol,mace_polar_l,10,0.0205561895019396,0.0174702479426026,0.0237680044715025,,,,,,,,,,,
W4_dense,clearance_A=3.5,torque_vrmse,kcal/mol,mace_polar_l,10,0.0205561895019396,0.0174702479426026,0.0237680044715025,zero,-0.0484624617206612,-0.0654293654934366,-0.0338177408998093,0.0690186512226009,0.7021647172495261,10.0,0.0,0.001953125,-1.7998441915419183,
W4_dense,clearance_A=3.5,torque_vrmse,kcal/mol,mace_polar_l,10,0.0205561895019396,0.0174702479426026,0.0237680044715025,exact_dipole,-0.0483172605570451,-0.06907470778547,-0.0287997190035774,0.0688734500589848,0.7015368115821863,10.0,0.0,0.001953125,-1.4058876388931587,
W4_dense,clearance_A=3.5,torque_vrmse,kcal/mol,zero,10,0.0690186512226009,0.0521324800122048,0.0882698432378109,,,,,,,,,,,
W4_dense,clearance_A=3.5,torque_vrmse,kcal/mol,zero,10,0.0690186512226009,0.0521324800122048,0.0882698432378109,mace_polar_l,0.0484624617206612,0.0338177408998093,0.0654293654934365,0.0205561895019396,-2.357560564232408,0.0,0.0,0.001953125,1.7998441915419183,
W4_dense,clearance_A=3.5,torque_vrmse,kcal/mol,zero,10,0.0690186512226009,0.0521324800122048,0.0882698432378109,exact_dipole,0.000145201163616,-0.0079022985755639,0.0082558766404441,0.0688734500589848,-0.002108231306718,5.0,0.0,1.0,0.0104998806818315,
W4_dense,clearance_A=3.5,esp_rmse_mEh,mEh/e,exact_dipole,10,0.4881419472250345,0.3285956671663086,0.6512696732296052,,,,,,,,,,,
W4_dense,clearance_A=3.5,esp_rmse_mEh,mEh/e,exact_dipole,10,0.4881419472250345,0.3285956671663086,0.6512696732296052,zero,-0.1974501352221166,-0.3082748304299205,-0.1015960596684955,0.6855920824471513,0.2879994391378303,9.0,0.0,0.021484375,-1.1271882654417642,
W4_dense,clearance_A=3.5,esp_rmse_mEh,mEh/e,exact_dipole,10,0.4881419472250345,0.3285956671663086,0.6512696732296052,mace_polar_l,0.3134515695646704,0.18612749743508,0.4450522055523119,0.1746903776603641,-1.794326475005326,0.0,0.0,0.001953125,1.4197362235090412,
W4_dense,clearance_A=3.5,esp_rmse_mEh,mEh/e,exact_dipole_quadrupole,10,0.3708872021180956,0.2123841241803501,0.5317053518737268,,,,,,,,,,,
W4_dense,clearance_A=3.5,esp_rmse_mEh,mEh/e,exact_dipole_quadrupole,10,0.3708872021180956,0.2123841241803501,0.5317053518737268,zero,-0.3147048803290556,-0.4575522819655003,-0.1917444395419291,0.6855920824471513,0.4590264216671647,10.0,0.0,0.001953125,-1.3924956693213764,
W4_dense,clearance_A=3.5,esp_rmse_mEh,mEh/e,exact_dipole_quadrupole,10,0.3708872021180956,0.2123841241803501,0.5317053518737268,mace_polar_l,0.1961968244577315,0.0647255313482568,0.3305896359358217,0.1746903776603641,-1.1231117997762907,3.0,0.0,0.34375,0.869372678707235,
W4_dense,clearance_A=3.5,esp_rmse_mEh,mEh/e,exact_dipole_quadrupole,10,0.3708872021180956,0.2123841241803501,0.5317053518737268,exact_dipole,-0.1172547451069389,-0.175405147762886,-0.0689360764701198,0.4881419472250345,0.2402062469195751,10.0,0.0,0.001953125,-1.291727013159733,
W4_dense,clearance_A=3.5,esp_rmse_mEh,mEh/e,exact_dipole_quadrupole_octupole,10,0.3219845308987716,0.1722835570998858,0.4792119922692586,,,,,,,,,,,
W4_dense,clearance_A=3.5,esp_rmse_mEh,mEh/e,exact_dipole_quadrupole_octupole,10,0.3219845308987716,0.1722835570998858,0.4792119922692586,zero,-0.3636075515483796,-0.5672871999929598,-0.1980362672495702,0.6855920824471513,0.53035552897653,10.0,0.0,0.001953125,-1.1495267053444689,
W4_dense,clearance_A=3.5,esp_rmse_mEh,mEh/e,exact_dipole_quadrupole_octupole,10,0.3219845308987716,0.1722835570998858,0.4792119922692586,mace_polar_l,0.1472941532384074,0.0167269649257736,0.2896216199810869,0.1746903776603641,-0.8431726762007412,3.0,0.0,0.34375,0.6300379739140829,
W4_dense,clearance_A=3.5,esp_rmse_mEh,mEh/e,exact_dipole_quadrupole_octupole,10,0.3219845308987716,0.1722835570998858,0.4792119922692586,exact_dipole,-0.1661574163262629,-0.2791359624331833,-0.0644116107970985,0.4881419472250345,0.3403874984947033,9.0,0.0,0.021484375,-0.9093208190708352,
W4_dense,clearance_A=3.5,esp_rmse_mEh,mEh/e,glider,10,0.1574925385506247,0.1204848086427147,0.1977843344514313,,,,,,,,,,,
W4_dense,clearance_A=3.5,esp_rmse_mEh,mEh/e,glider,10,0.1574925385506247,0.1204848086427147,0.1977843344514313,zero,-0.5280995438965265,-0.7313831592788455,-0.3626159019636767,0.6855920824471513,0.7702824426027921,10.0,0.0,0.001953125,-1.677456849808788,
W4_dense,clearance_A=3.5,esp_rmse_mEh,mEh/e,glider,10,0.1574925385506247,0.1204848086427147,0.1977843344514313,mace_polar_l,-0.0171978391097393,-0.0452491693302568,0.0113480100733125,0.1746903776603641,0.0984475466827125,7.0,0.0,0.34375,-0.354054085471977,
W4_dense,clearance_A=3.5,esp_rmse_mEh,mEh/e,glider,10,0.1574925385506247,0.1204848086427147,0.1977843344514313,exact_dipole,-0.3306494086744098,-0.4807187211434645,-0.1821559855817772,0.4881419472250345,0.6773632353336347,9.0,0.0,0.021484375,-1.296517610407404,
W4_dense,clearance_A=3.5,esp_rmse_mEh,mEh/e,mace_polar_l,10,0.1746903776603641,0.1342578156820112,0.2158660007834753,,,,,,,,,,,
W4_dense,clearance_A=3.5,esp_rmse_mEh,mEh/e,mace_polar_l,10,0.1746903776603641,0.1342578156820112,0.2158660007834753,zero,-0.5109017047867872,-0.7078116428592086,-0.3576835779106356,0.6855920824471513,0.7451977901541328,10.0,0.0,0.001953125,-1.7079399398468071,
W4_dense,clearance_A=3.5,esp_rmse_mEh,mEh/e,mace_polar_l,10,0.1746903776603641,0.1342578156820112,0.2158660007834753,exact_dipole,-0.3134515695646704,-0.4450522055523122,-0.1861274974350802,0.4881419472250345,0.6421320096471211,10.0,0.0,0.001953125,-1.4197362235090412,
W4_dense,clearance_A=3.5,esp_rmse_mEh,mEh/e,zero,10,0.6855920824471513,0.5082244670980989,0.9086393342442274,,,,,,,,,,,
W4_dense,clearance_A=3.5,esp_rmse_mEh,mEh/e,zero,10,0.6855920824471513,0.5082244670980989,0.9086393342442274,mace_polar_l,0.5109017047867872,0.3576835779106356,0.7078116428592086,0.1746903776603641,-2.9246127441552074,0.0,0.0,0.001953125,1.7079399398468071,
W4_dense,clearance_A=3.5,esp_rmse_mEh,mEh/e,zero,10,0.6855920824471513,0.5082244670980989,0.9086393342442274,exact_dipole,0.1974501352221166,0.1015960596684954,0.3082748304299204,0.4881419472250345,-0.4044932756641211,1.0,0.0,0.021484375,1.1271882654417642,
W4_dense,clearance_A=3.5,field_vrmse,kcal/mol/e/A,exact_dipole,10,0.1711530875772302,0.1177391505847259,0.2273814877748779,,,,,,,,,,,
W4_dense,clearance_A=3.5,field_vrmse,kcal/mol/e/A,exact_dipole,10,0.1711530875772302,0.1177391505847259,0.2273814877748779,zero,-0.0020592694223879,-0.0219228070614445,0.0166240461043376,0.1732123569996181,0.0118886981163386,5.0,0.0,1.0,-0.0621758801702993,
W4_dense,clearance_A=3.5,field_vrmse,kcal/mol/e/A,exact_dipole,10,0.1711530875772302,0.1177391505847259,0.2273814877748779,mace_polar_l,0.1203432636488938,0.0720321103300464,0.1714796920765812,0.0508098239283364,-2.3685038511180307,0.0,0.0,0.001953125,1.424348252494247,
W4_dense,clearance_A=3.5,field_vrmse,kcal/mol/e/A,exact_dipole_quadrupole,10,0.1820640511724681,0.1067944578838108,0.2579840189120737,,,,,,,,,,,
W4_dense,clearance_A=3.5,field_vrmse,kcal/mol/e/A,exact_dipole_quadrupole,10,0.1820640511724681,0.1067944578838108,0.2579840189120737,zero,0.00885169417285,-0.0392387394397301,0.0576326107856119,0.1732123569996181,-0.0511031333224658,4.0,0.0,0.75390625,0.1068217571708698,
W4_dense,clearance_A=3.5,field_vrmse,kcal/mol/e/A,exact_dipole_quadrupole,10,0.1820640511724681,0.1067944578838108,0.2579840189120737,mace_polar_l,0.1312542272441318,0.0602422740127671,0.20343454556981,0.0508098239283364,-2.583245071450285,2.0,0.0,0.109375,1.0760174031831164,
W4_dense,clearance_A=3.5,field_vrmse,kcal/mol/e/A,exact_dipole_quadrupole,10,0.1820640511724681,0.1067944578838108,0.2579840189120737,exact_dipole,0.0109109635952379,-0.0230703191253437,0.0480307431631764,0.1711530875772302,-0.0637497327666645,3.0,0.0,0.34375,0.1816804379569801,
W4_dense,clearance_A=3.5,field_vrmse,kcal/mol/e/A,exact_dipole_quadrupole_octupole,10,0.1975312366023204,0.1057232096695329,0.2914980399149274,,,,,,,,,,,
W4_dense,clearance_A=3.5,field_vrmse,kcal/mol/e/A,exact_dipole_quadrupole_octupole,10,0.1975312366023204,0.1057232096695329,0.2914980399149274,zero,0.0243188796027022,-0.0441012560653054,0.0970422586776557,0.1732123569996181,-0.1403992187621803,4.0,0.0,0.75390625,0.2015231785596614,
W4_dense,clearance_A=3.5,field_vrmse,kcal/mol/e/A,exact_dipole_quadrupole_octupole,10,0.1975312366023204,0.1057232096695329,0.2914980399149274,mace_polar_l,0.146721412673984,0.0580415323004264,0.2385433520619682,0.0508098239283364,-2.887658356795804,2.0,0.0,0.109375,0.9543060490365608,
W4_dense,clearance_A=3.5,field_vrmse,kcal/mol/e/A,exact_dipole_quadrupole_octupole,10,0.1975312366023204,0.1057232096695329,0.2914980399149274,exact_dipole,0.0263781490250902,-0.0277838729307601,0.0860313130753844,0.1711530875772302,-0.1541202054750396,4.0,0.0,0.75390625,0.2725341029727102,
W4_dense,clearance_A=3.5,field_vrmse,kcal/mol/e/A,glider,10,0.0457989620819256,0.0374164295582498,0.054237068774216,,,,,,,,,,,
W4_dense,clearance_A=3.5,field_vrmse,kcal/mol/e/A,glider,10,0.0457989620819256,0.0374164295582498,0.054237068774216,zero,-0.1274133949176925,-0.169221548403328,-0.0894501694098732,0.1732123569996181,0.7355906768128178,10.0,0.0,0.001953125,-1.8888850285140208,
W4_dense,clearance_A=3.5,field_vrmse,kcal/mol/e/A,glider,10,0.0457989620819256,0.0374164295582498,0.054237068774216,mace_polar_l,-0.0050108618464107,-0.0117655705931562,0.000549684950335,0.0508098239283364,0.0986199411648867,8.0,0.0,0.109375,-0.4797376000460423,
W4_dense,clearance_A=3.5,field_vrmse,kcal/mol/e/A,glider,10,0.0457989620819256,0.0374164295582498,0.054237068774216,exact_dipole,-0.1253541254953046,-0.1772278398658948,-0.0755158732428435,0.1711530875772302,0.7324093726251971,10.0,0.0,0.001953125,-1.4469125638470517,
W4_dense,clearance_A=3.5,field_vrmse,kcal/mol/e/A,mace_polar_l,10,0.0508098239283364,0.04314422072511,0.0586257616908015,,,,,,,,,,,
W4_dense,clearance_A=3.5,field_vrmse,kcal/mol/e/A,mace_polar_l,10,0.0508098239283364,0.04314422072511,0.0586257616908015,zero,-0.1224025330712817,-0.163528065053258,-0.086114977240665,0.1732123569996181,0.7066616677443607,10.0,0.0,0.001953125,-1.85384655505158,
W4_dense,clearance_A=3.5,field_vrmse,kcal/mol/e/A,mace_polar_l,10,0.0508098239283364,0.04314422072511,0.0586257616908015,exact_dipole,-0.1203432636488938,-0.1714796920765813,-0.0720321103300465,0.1711530875772302,0.7031322972458254,10.0,0.0,0.001953125,-1.424348252494247,
W4_dense,clearance_A=3.5,field_vrmse,kcal/mol/e/A,zero,10,0.1732123569996181,0.1310915135400828,0.2201414981043705,,,,,,,,,,,
W4_dense,clearance_A=3.5,field_vrmse,kcal/mol/e/A,zero,10,0.1732123569996181,0.1310915135400828,0.2201414981043705,mace_polar_l,0.1224025330712817,0.086114977240665,0.163528065053258,0.0508098239283364,-2.4090328131016894,0.0,0.0,0.001953125,1.85384655505158,
W4_dense,clearance_A=3.5,field_vrmse,kcal/mol/e/A,zero,10,0.1732123569996181,0.1310915135400828,0.2201414981043705,exact_dipole,0.0020592694223879,-0.0166240461043377,0.0219228070614445,0.1711530875772302,-0.0120317398391001,5.0,0.0,1.0,0.0621758801702993,
W4_dense,clearance_A=3.5,force_vrmse,kcal/mol/A,exact_dipole,10,0.0328524399175902,0.0225380848200455,0.0443316454207443,,,,,,,,,,,
W4_dense,clearance_A=3.5,force_vrmse,kcal/mol/A,exact_dipole,10,0.0328524399175902,0.0225380848200455,0.0443316454207443,zero,0.0056364289840363,0.0003902474702242,0.0120932853320679,0.0272160109335538,-0.2070997471965068,2.0,0.0,0.109375,0.5595478025179345,
W4_dense,clearance_A=3.5,force_vrmse,kcal/mol/A,exact_dipole,10,0.0328524399175902,0.0225380848200455,0.0443316454207443,mace_polar_l,0.0222784349625034,0.012890121936962,0.0329215566420466,0.0105740049550867,-2.106906045262071,0.0,0.0,0.001953125,1.305590900045639,
W4_dense,clearance_A=3.5,force_vrmse,kcal/mol/A,exact_dipole_quadrupole,10,0.0439637340713846,0.0257379595013413,0.062846370074467,,,,,,,,,,,
W4_dense,clearance_A=3.5,force_vrmse,kcal/mol/A,exact_dipole_quadrupole,10,0.0439637340713846,0.0257379595013413,0.062846370074467,zero,0.0167477231378307,0.0024363407018149,0.0318318309351539,0.0272160109335538,-0.6153628898341943,3.0,0.0,0.34375,0.6727174475166041,
W4_dense,clearance_A=3.5,force_vrmse,kcal/mol/A,exact_dipole_quadrupole,10,0.0439637340713846,0.0257379595013413,0.062846370074467,mace_polar_l,0.0333897291162978,0.0156274767679613,0.0519694419703866,0.0105740049550867,-3.1577183156354733,2.0,0.0,0.109375,1.0797472534558272,
W4_dense,clearance_A=3.5,force_vrmse,kcal/mol/A,exact_dipole_quadrupole,10,0.0439637340713846,0.0257379595013413,0.062846370074467,exact_dipole,0.0111112941537943,0.0004929981452936,0.0233215042443703,0.0328524399175902,-0.3382182322429277,3.0,0.0,0.34375,0.5755745288990288,
W4_dense,clearance_A=3.5,force_vrmse,kcal/mol/A,exact_dipole_quadrupole_octupole,10,0.0553834969630382,0.0292890331211605,0.0825279140154938,,,,,,,,,,,
W4_dense,clearance_A=3.5,force_vrmse,kcal/mol/A,exact_dipole_quadrupole_octupole,10,0.0553834969630382,0.0292890331211605,0.0825279140154938,zero,0.0281674860294844,0.0053869652489951,0.0519461792970855,0.0272160109335538,-1.0349601232250203,3.0,0.0,0.34375,0.7148509609266109,
W4_dense,clearance_A=3.5,force_vrmse,kcal/mol/A,exact_dipole_quadrupole_octupole,10,0.0553834969630382,0.0292890331211605,0.0825279140154938,mace_polar_l,0.0448094920079515,0.0189498197792074,0.0719174364975117,0.0105740049550867,-4.237702951557176,2.0,0.0,0.109375,0.9949144817937928,
W4_dense,clearance_A=3.5,force_vrmse,kcal/mol/A,exact_dipole_quadrupole_octupole,10,0.0553834969630382,0.0292890331211605,0.0825279140154938,exact_dipole,0.022531057045448,0.0036755787278634,0.0425076887296622,0.0328524399175902,-0.6858259874142316,3.0,0.0,0.34375,0.6832960127115939,
W4_dense,clearance_A=3.5,force_vrmse,kcal/mol/A,glider,10,0.0088908580463373,0.0074354628846318,0.0104272224799443,,,,,,,,,,,
W4_dense,clearance_A=3.5,force_vrmse,kcal/mol/A,glider,10,0.0088908580463373,0.0074354628846318,0.0104272224799443,zero,-0.0183251528872165,-0.0235950106019667,-0.013006628692051,0.0272160109335538,0.6733225134262402,10.0,0.0,0.001953125,-2.0397729332615744,
W4_dense,clearance_A=3.5,force_vrmse,kcal/mol/A,glider,10,0.0088908580463373,0.0074354628846318,0.0104272224799443,mace_polar_l,-0.0016831469087494,-0.0033452808509031,-0.000343953158601,0.0105740049550867,0.1591778059400042,8.0,0.0,0.109375,-0.6539038724745752,
W4_dense,clearance_A=3.5,force_vrmse,kcal/mol/A,glider,10,0.0088908580463373,0.0074354628846318,0.0104272224799443,exact_dipole,-0.0239615818712528,-0.0344209420523594,-0.014474096797396,0.0328524399175902,0.7293699320768898,10.0,0.0,0.001953125,-1.4058206534655242,
W4_dense,clearance_A=3.5,force_vrmse,kcal/mol/A,mace_polar_l,10,0.0105740049550867,0.0088544626999393,0.0123099958906314,,,,,,,,,,,
W4_dense,clearance_A=3.5,force_vrmse,kcal/mol/A,mace_polar_l,10,0.0105740049550867,0.0088544626999393,0.0123099958906314,zero,-0.016642005978467,-0.0215549550507638,-0.0117082507696469,0.0272160109335538,0.611478516050624,10.0,0.0,0.001953125,-1.9904043404246616,
W4_dense,clearance_A=3.5,force_vrmse,kcal/mol/A,mace_polar_l,10,0.0105740049550867,0.0088544626999393,0.0123099958906314,exact_dipole,-0.0222784349625034,-0.0329215566420466,-0.012890121936962,0.0328524399175902,0.6781363886027494,10.0,0.0,0.001953125,-1.305590900045639,
W4_dense,clearance_A=3.5,force_vrmse,kcal/mol/A,zero,10,0.0272160109335538,0.0211308431812577,0.0332950250303022,,,,,,,,,,,
W4_dense,clearance_A=3.5,force_vrmse,kcal/mol/A,zero,10,0.0272160109335538,0.0211308431812577,0.0332950250303022,mace_polar_l,0.016642005978467,0.0117082507696469,0.0215549550507638,0.0105740049550867,-1.5738602401979378,0.0,0.0,0.001953125,1.9904043404246616,
W4_dense,clearance_A=3.5,force_vrmse,kcal/mol/A,zero,10,0.0272160109335538,0.0211308431812577,0.0332950250303022,exact_dipole,-0.0056364289840363,-0.0120932853320679,-0.0003902474702242,0.0328524399175902,0.1715680478580968,8.0,0.0,0.109375,-0.5595478025179345,
W4_dense,clearance_A=5.0,energy_mae,kcal/mol,exact_dipole,10,0.0184650567003305,0.0128153783732058,0.0239844747545681,,,,,,,,,,,
W4_dense,clearance_A=5.0,energy_mae,kcal/mol,exact_dipole,10,0.0184650567003305,0.0128153783732058,0.0239844747545681,zero,-0.0043288471873271,-0.007412165652851,-0.0016350747449356,0.0227939038876577,0.189912496282443,9.0,0.0,0.021484375,-0.8790163024285089,
W4_dense,clearance_A=5.0,energy_mae,kcal/mol,exact_dipole,10,0.0184650567003305,0.0128153783732058,0.0239844747545681,mace_polar_l,0.0127055803210681,0.0078181496545877,0.0175815353897797,0.0057594763792624,-2.206030459090993,0.0,0.0,0.001953125,1.5246294379023329,
W4_dense,clearance_A=5.0,energy_mae,kcal/mol,exact_dipole_quadrupole,10,0.0150294656725593,0.0090746681238347,0.0208223805220208,,,,,,,,,,,
W4_dense,clearance_A=5.0,energy_mae,kcal/mol,exact_dipole_quadrupole,10,0.0150294656725593,0.0090746681238347,0.0208223805220208,zero,-0.0077644382150983,-0.0126488544226588,-0.003276662408205,0.0227939038876577,0.3406366129016892,9.0,0.0,0.021484375,-0.9736759713561606,
W4_dense,clearance_A=5.0,energy_mae,kcal/mol,exact_dipole_quadrupole,10,0.0150294656725593,0.0090746681238347,0.0208223805220208,mace_polar_l,0.0092699892932968,0.0039130892972899,0.0145899045746923,0.0057594763792624,-1.6095194567815851,2.0,0.0,0.109375,1.0167366394931647,
W4_dense,clearance_A=5.0,energy_mae,kcal/mol,exact_dipole_quadrupole,10,0.0150294656725593,0.0090746681238347,0.0208223805220208,exact_dipole,-0.0034355910277712,-0.0058333946308596,-0.0013414303034238,0.0184650567003305,0.1860590564939725,7.0,0.0,0.34375,-0.899985518533478,
W4_dense,clearance_A=5.0,energy_mae,kcal/mol,exact_dipole_quadrupole_octupole,10,0.012589392279492,0.0068957300196087,0.0183826995793037,,,,,,,,,,,
W4_dense,clearance_A=5.0,energy_mae,kcal/mol,exact_dipole_quadrupole_octupole,10,0.012589392279492,0.0068957300196087,0.0183826995793037,zero,-0.0102045116081656,-0.0161137267781003,-0.0049177885678019,0.0227939038876577,0.4476859979080241,9.0,0.0,0.021484375,-1.0715773636894084,
W4_dense,clearance_A=5.0,energy_mae,kcal/mol,exact_dipole_quadrupole_octupole,10,0.012589392279492,0.0068957300196087,0.0183826995793037,mace_polar_l,0.0068299159002296,0.001578453635458,0.0123166926685596,0.0057594763792624,-1.185857090207259,3.0,0.0,0.34375,0.74637216082427,
W4_dense,clearance_A=5.0,energy_mae,kcal/mol,exact_dipole_quadrupole_octupole,10,0.012589392279492,0.0068957300196087,0.0183826995793037,exact_dipole,-0.0058756644208384,-0.0093528593969568,-0.0028443200006228,0.0184650567003305,0.3182045154907805,9.0,0.0,0.021484375,-1.0624421221991578,
W4_dense,clearance_A=5.0,energy_mae,kcal/mol,glider,10,0.005328346267647,0.0042389727867414,0.0064710806115335,,,,,,,,,,,
W4_dense,clearance_A=5.0,energy_mae,kcal/mol,glider,10,0.005328346267647,0.0042389727867414,0.0064710806115335,zero,-0.0174655576200106,-0.0233205870199841,-0.0123448900080461,0.0227939038876577,0.7662381005944227,10.0,0.0,0.001953125,-1.869834881011974,
W4_dense,clearance_A=5.0,energy_mae,kcal/mol,glider,10,0.005328346267647,0.0042389727867414,0.0064710806115335,mace_polar_l,-0.0004311301116154,-0.0012801708274998,0.0002534953102079,0.0057594763792624,0.0748557825790801,5.0,0.0,1.0,-0.3257172540598342,
W4_dense,clearance_A=5.0,energy_mae,kcal/mol,glider,10,0.005328346267647,0.0042389727867414,0.0064710806115335,exact_dipole,-0.0131367104326835,-0.0181947818677102,-0.0079035855357808,0.0184650567003305,0.7114362357982007,10.0,0.0,0.001953125,-1.4981288773673542,
W4_dense,clearance_A=5.0,energy_mae,kcal/mol,mace_polar_l,10,0.0057594763792624,0.0047935948722572,0.0067396140741287,,,,,,,,,,,
W4_dense,clearance_A=5.0,energy_mae,kcal/mol,mace_polar_l,10,0.0057594763792624,0.0047935948722572,0.0067396140741287,zero,-0.0170344275083952,-0.0229126200376524,-0.0121015720305097,0.0227939038876577,0.7473238280002987,10.0,0.0,0.001953125,-1.847637842788808,
W4_dense,clearance_A=5.0,energy_mae,kcal/mol,mace_polar_l,10,0.0057594763792624,0.0047935948722572,0.0067396140741287,exact_dipole,-0.0127055803210681,-0.0175815353897797,-0.0078181496545877,0.0184650567003305,0.6880878042925611,10.0,0.0,0.001953125,-1.5246294379023329,
W4_dense,clearance_A=5.0,energy_mae,kcal/mol,zero,10,0.0227939038876577,0.0171629158225123,0.0293139389558151,,,,,,,,,,,
W4_dense,clearance_A=5.0,energy_mae,kcal/mol,zero,10,0.0227939038876577,0.0171629158225123,0.0293139389558151,mace_polar_l,0.0170344275083952,0.0121015720305097,0.0229126200376524,0.0057594763792624,-2.9576347547373096,0.0,0.0,0.001953125,1.847637842788808,
W4_dense,clearance_A=5.0,energy_mae,kcal/mol,zero,10,0.0227939038876577,0.0171629158225123,0.0293139389558151,exact_dipole,0.0043288471873271,0.0016350747449356,0.007412165652851,0.0184650567003305,-0.2344345461581856,1.0,0.0,0.021484375,0.8790163024285089,
W4_dense,clearance_A=5.0,energy_rmse,kcal/mol,exact_dipole,10,0.021144133700498,0.0146996700975678,0.027415647249059,,,,,,,,,,,
W4_dense,clearance_A=5.0,energy_rmse,kcal/mol,exact_dipole,10,0.021144133700498,0.0146996700975678,0.027415647249059,zero,-0.0050645337606271,-0.0088349426511856,-0.0017928130208162,0.0262086674611252,0.1932388881708425,9.0,0.0,0.021484375,-0.8443138626924019,
W4_dense,clearance_A=5.0,energy_rmse,kcal/mol,exact_dipole,10,0.021144133700498,0.0146996700975678,0.027415647249059,mace_polar_l,0.0144803514143562,0.0088732994917412,0.020029652233669,0.0066637822861417,-2.172992872901954,0.0,0.0,0.001953125,1.5275462164501388,
W4_dense,clearance_A=5.0,energy_rmse,kcal/mol,exact_dipole_quadrupole,10,0.017072663104793,0.0102552933137683,0.0237774537314588,,,,,,,,,,,
W4_dense,clearance_A=5.0,energy_rmse,kcal/mol,exact_dipole_quadrupole,10,0.017072663104793,0.0102552933137683,0.0237774537314588,zero,-0.0091360043563321,-0.0148561216490218,-0.0039213957118198,0.0262086674611252,0.348587137056221,8.0,0.0,0.109375,-0.9884733135678349,
W4_dense,clearance_A=5.0,energy_rmse,kcal/mol,exact_dipole_quadrupole,10,0.017072663104793,0.0102552933137683,0.0237774537314588,mace_polar_l,0.0104088808186512,0.0043279091934388,0.0165141037238346,0.0066637822861417,-1.5620079365885051,2.0,0.0,0.109375,0.9973032586235108,
W4_dense,clearance_A=5.0,energy_rmse,kcal/mol,exact_dipole_quadrupole,10,0.017072663104793,0.0102552933137683,0.0237774537314588,exact_dipole,-0.0040714705957049,-0.0067495718071226,-0.0017305966608534,0.021144133700498,0.1925579289923379,8.0,0.0,0.109375,-0.9530301852135576,
W4_dense,clearance_A=5.0,energy_rmse,kcal/mol,exact_dipole_quadrupole_octupole,10,0.0145952630151231,0.0079763048432575,0.0213731681863145,,,,,,,,,,,
W4_dense,clearance_A=5.0,energy_rmse,kcal/mol,exact_dipole_quadrupole_octupole,10,0.0145952630151231,0.0079763048432575,0.0213731681863145,zero,-0.011613404446002,-0.0185528511725671,-0.005420909281971,0.0262086674611252,0.4431131213835273,9.0,0.0,0.021484375,-1.04147195906671,
W4_dense,clearance_A=5.0,energy_rmse,kcal/mol,exact_dipole_quadrupole_octupole,10,0.0145952630151231,0.0079763048432575,0.0213731681863145,mace_polar_l,0.0079314807289813,0.0018430446595413,0.0143632340134072,0.0066637822861417,-1.1902370738425838,3.0,0.0,0.34375,0.743011673060354,
W4_dense,clearance_A=5.0,energy_rmse,kcal/mol,exact_dipole_quadrupole_octupole,10,0.0145952630151231,0.0079763048432575,0.0213731681863145,exact_dipole,-0.0065488706853749,-0.0104509833852765,-0.0031599883592487,0.021144133700498,0.3097251832654014,10.0,0.0,0.001953125,-1.0538954193549923,
W4_dense,clearance_A=5.0,energy_rmse,kcal/mol,glider,10,0.0061804349430612,0.00493414432482,0.007487999548198,,,,,,,,,,,
W4_dense,clearance_A=5.0,energy_rmse,kcal/mol,glider,10,0.0061804349430612,0.00493414432482,0.007487999548198,zero,-0.0200282325180639,-0.0267754770559693,-0.0140531816326199,0.0262086674611252,0.764183549116774,10.0,0.0,0.001953125,-1.851969526739374,
W4_dense,clearance_A=5.0,energy_rmse,kcal/mol,glider,10,0.0061804349430612,0.00493414432482,0.007487999548198,mace_polar_l,-0.0004833473430805,-0.001472535689811,0.0003184309580537,0.0066637822861417,0.0725334835871954,6.0,0.0,0.75390625,-0.3131750240081732,
W4_dense,clearance_A=5.0,energy_rmse,kcal/mol,glider,10,0.0061804349430612,0.00493414432482,0.007487999548198,exact_dipole,-0.0149636987574368,-0.0207891888023997,-0.0089062794187217,0.021144133700498,0.7076997794941271,10.0,0.0,0.001953125,-1.4835959695289855,
W4_dense,clearance_A=5.0,energy_rmse,kcal/mol,mace_polar_l,10,0.0066637822861417,0.0055335608769957,0.0078112406363387,,,,,,,,,,,
W4_dense,clearance_A=5.0,energy_rmse,kcal/mol,mace_polar_l,10,0.0066637822861417,0.0055335608769957,0.0078112406363387,zero,-0.0195448851749834,-0.0262670133953732,-0.0138265586971887,0.0262086674611252,0.7457412782994024,10.0,0.0,0.001953125,-1.84550483214282,
W4_dense,clearance_A=5.0,energy_rmse,kcal/mol,mace_polar_l,10,0.0066637822861417,0.0055335608769957,0.0078112406363387,exact_dipole,-0.0144803514143562,-0.020029652233669,-0.0088732994917412,0.021144133700498,0.6848401367238431,10.0,0.0,0.001953125,-1.5275462164501388,
W4_dense,clearance_A=5.0,energy_rmse,kcal/mol,zero,10,0.0262086674611252,0.0196773389745958,0.0336858589470495,,,,,,,,,,,
W4_dense,clearance_A=5.0,energy_rmse,kcal/mol,zero,10,0.0262086674611252,0.0196773389745958,0.0336858589470495,mace_polar_l,0.0195448851749834,0.0138265586971887,0.0262670133953732,0.0066637822861417,-2.933001760221033,0.0,0.0,0.001953125,1.84550483214282,
W4_dense,clearance_A=5.0,energy_rmse,kcal/mol,zero,10,0.0262086674611252,0.0196773389745958,0.0336858589470495,exact_dipole,0.0050645337606271,0.0017928130208162,0.0088349426511856,0.021144133700498,-0.239524297016145,1.0,0.0,0.021484375,0.8443138626924019,
W4_dense,clearance_A=5.0,energy_nrmse,1,exact_dipole,10,0.8784489651883008,0.6959795578441087,1.057066227580079,,,,,,,,,,,
W4_dense,clearance_A=5.0,energy_nrmse,1,exact_dipole,10,0.8784489651883008,0.6959795578441087,1.057066227580079,zero,-0.1215510348116991,-0.3040204421558914,0.0570662275800791,1.0,0.1215510348116991,7.0,0.0,0.34375,-0.3945021295232719,
W4_dense,clearance_A=5.0,energy_nrmse,1,exact_dipole,10,0.8784489651883008,0.6959795578441087,1.057066227580079,mace_polar_l,0.5529737192123046,0.3786113219576422,0.7318228469586611,0.3254752459759962,-1.6989731970371915,0.0,0.0,0.001953125,1.8519882327217423,
W4_dense,clearance_A=5.0,energy_nrmse,1,exact_dipole_quadrupole,10,0.6626147785084078,0.4359455357423976,0.8832222680487215,,,,,,,,,,,
W4_dense,clearance_A=5.0,energy_nrmse,1,exact_dipole_quadrupole,10,0.6626147785084078,0.4359455357423976,0.8832222680487215,zero,-0.3373852214915922,-0.5640544642576024,-0.1167777319512784,1.0,0.3373852214915922,9.0,0.0,0.021484375,-0.888954129959703,
W4_dense,clearance_A=5.0,energy_nrmse,1,exact_dipole_quadrupole,10,0.6626147785084078,0.4359455357423976,0.8832222680487215,mace_polar_l,0.3371395325324116,0.1062506519325915,0.5660621686051703,0.3254752459759962,-1.0358377071701343,3.0,0.0,0.34375,0.8602180968325376,
W4_dense,clearance_A=5.0,energy_nrmse,1,exact_dipole_quadrupole,10,0.6626147785084078,0.4359455357423976,0.8832222680487215,exact_dipole,-0.2158341866798931,-0.3487035650523244,-0.09573883197293,0.8784489651883008,0.2456991757439519,9.0,0.0,0.021484375,-1.0078672956592356,
W4_dense,clearance_A=5.0,energy_nrmse,1,exact_dipole_quadrupole_octupole,10,0.5962159529318317,0.3376407617766885,0.8677296410140428,,,,,,,,,,,
W4_dense,clearance_A=5.0,energy_nrmse,1,exact_dipole_quadrupole_octupole,10,0.5962159529318317,0.3376407617766885,0.8677296410140428,zero,-0.4037840470681682,-0.6623592382233116,-0.1322703589859571,1.0,0.4037840470681683,8.0,0.0,0.109375,-0.8964478683125936,
W4_dense,clearance_A=5.0,energy_nrmse,1,exact_dipole_quadrupole_octupole,10,0.5962159529318317,0.3376407617766885,0.8677296410140428,mace_polar_l,0.2707407069558355,9.406627003621935e-05,0.5510096840961478,0.3254752459759962,-0.8318319451421585,3.0,0.0,0.34375,0.5768605556771529,
W4_dense,clearance_A=5.0,energy_nrmse,1,exact_dipole_quadrupole_octupole,10,0.5962159529318317,0.3376407617766885,0.8677296410140428,exact_dipole,-0.2822330122564692,-0.4690028045367406,-0.1256594073227827,0.8784489651883008,0.321285610708154,9.0,0.0,0.021484375,-0.9652725068520536,
W4_dense,clearance_A=5.0,energy_nrmse,1,glider,10,0.3008980225731097,0.239556357597696,0.3666367260763304,,,,,,,,,,,
W4_dense,clearance_A=5.0,energy_nrmse,1,glider,10,0.3008980225731097,0.239556357597696,0.3666367260763304,zero,-0.6991019774268903,-0.760443642402304,-0.6333632739236695,1.0,0.6991019774268903,10.0,0.0,0.001953125,-6.458385578412543,
W4_dense,clearance_A=5.0,energy_nrmse,1,glider,10,0.3008980225731097,0.239556357597696,0.3666367260763304,mace_polar_l,-0.0245772234028864,-0.0945544810829826,0.0265183434997414,0.3254752459759962,0.0755118052962438,5.0,0.0,1.0,-0.2322812530919888,
W4_dense,clearance_A=5.0,energy_nrmse,1,glider,10,0.3008980225731097,0.239556357597696,0.3666367260763304,exact_dipole,-0.5775509426151911,-0.7791193498942928,-0.3699041574963809,0.8784489651883008,0.6574667004034658,10.0,0.0,0.001953125,-1.6484763564443052,
W4_dense,clearance_A=5.0,energy_nrmse,1,mace_polar_l,10,0.3254752459759962,0.2601976623219614,0.3955567086055628,,,,,,,,,,,
W4_dense,clearance_A=5.0,energy_nrmse,1,mace_polar_l,10,0.3254752459759962,0.2601976623219614,0.3955567086055628,zero,-0.6745247540240038,-0.7398023376780386,-0.6044432913944371,1.0,0.6745247540240038,10.0,0.0,0.001953125,-5.888928727170068,
W4_dense,clearance_A=5.0,energy_nrmse,1,mace_polar_l,10,0.3254752459759962,0.2601976623219614,0.3955567086055628,exact_dipole,-0.5529737192123046,-0.7318228469586616,-0.3786113219576423,0.8784489651883008,0.6294887251574954,10.0,0.0,0.001953125,-1.8519882327217423,
W4_dense,clearance_A=5.0,energy_nrmse,1,zero,10,1.0,1.0,1.0,,,,,,,,,,,
W4_dense,clearance_A=5.0,energy_nrmse,1,zero,10,1.0,1.0,1.0,mace_polar_l,0.6745247540240038,0.604443291394437,0.7398023376780386,0.3254752459759962,-2.072430276537067,0.0,0.0,0.001953125,5.888928727170068,
W4_dense,clearance_A=5.0,energy_nrmse,1,zero,10,1.0,1.0,1.0,exact_dipole,0.1215510348116991,-0.0570662275800792,0.3040204421558909,0.8784489651883008,-0.1383700586244574,3.0,0.0,0.34375,0.3945021295232719,
W4_dense,clearance_A=5.0,centered_orientation_rmse,kcal/mol,exact_dipole,10,0.0204693668473934,0.0141425244132703,0.0266567686963333,,,,,,,,,,,
W4_dense,clearance_A=5.0,centered_orientation_rmse,kcal/mol,exact_dipole,10,0.0204693668473934,0.0141425244132703,0.0266567686963333,zero,-0.0047434782254723,-0.0084797911841884,-0.0014928659792632,0.0252128450728658,0.1881373645760162,8.0,0.0,0.109375,-0.7984564255191704,
W4_dense,clearance_A=5.0,centered_orientation_rmse,kcal/mol,exact_dipole,10,0.0204693668473934,0.0141425244132703,0.0266567686963333,mace_polar_l,0.0141182580167783,0.0086308500723152,0.0195710018447633,0.0063511088306151,-2.222959548216541,0.0,0.0,0.001953125,1.5180381747941414,
W4_dense,clearance_A=5.0,centered_orientation_rmse,kcal/mol,exact_dipole_quadrupole,10,0.0164357694358708,0.0098762945908174,0.0228682625831964,,,,,,,,,,,
W4_dense,clearance_A=5.0,centered_orientation_rmse,kcal/mol,exact_dipole_quadrupole,10,0.0164357694358708,0.0098762945908174,0.0228682625831964,zero,-0.008777075636995,-0.0141883551208035,-0.0038727492612917,0.0252128450728658,0.3481192071592488,9.0,0.0,0.021484375,-1.0017320100956222,
W4_dense,clearance_A=5.0,centered_orientation_rmse,kcal/mol,exact_dipole_quadrupole,10,0.0164357694358708,0.0098762945908174,0.0228682625831964,mace_polar_l,0.0100846606052556,0.0042265919772563,0.0159319358896748,0.0063511088306151,-1.587858258174251,2.0,0.0,0.109375,1.0066685927040766,
W4_dense,clearance_A=5.0,centered_orientation_rmse,kcal/mol,exact_dipole_quadrupole,10,0.0164357694358708,0.0098762945908174,0.0228682625831964,exact_dipole,-0.0040335974115226,-0.0063999011698811,-0.0019825355491515,0.0204693668473934,0.1970553091160358,9.0,0.0,0.021484375,-1.0737008995823472,
W4_dense,clearance_A=5.0,centered_orientation_rmse,kcal/mol,exact_dipole_quadrupole_octupole,10,0.0140531685875652,0.0076607293004404,0.020593398431369,,,,,,,,,,,
W4_dense,clearance_A=5.0,centered_orientation_rmse,kcal/mol,exact_dipole_quadrupole_octupole,10,0.0140531685875652,0.0076607293004404,0.020593398431369,zero,-0.0111596764853006,-0.0178065363172932,-0.0052722728886491,0.0252128450728658,0.4426186911095846,9.0,0.0,0.021484375,-1.0495290710204797,
W4_dense,clearance_A=5.0,centered_orientation_rmse,kcal/mol,exact_dipole_quadrupole_octupole,10,0.0140531685875652,0.0076607293004404,0.020593398431369,mace_polar_l,0.00770205975695,0.0018368103421808,0.0138534097479316,0.0063511088306151,-1.212711033988704,3.0,0.0,0.34375,0.7523578981934366,
W4_dense,clearance_A=5.0,centered_orientation_rmse,kcal/mol,exact_dipole_quadrupole_octupole,10,0.0140531685875652,0.0076607293004404,0.020593398431369,exact_dipole,-0.0064161982598282,-0.0099647915222716,-0.0033042380574999,0.0204693668473934,0.31345367483339,10.0,0.0,0.001953125,-1.1271150336852196,
W4_dense,clearance_A=5.0,centered_orientation_rmse,kcal/mol,glider,10,0.0059325341542936,0.0047192941954345,0.0072036980396838,,,,,,,,,,,
W4_dense,clearance_A=5.0,centered_orientation_rmse,kcal/mol,glider,10,0.0059325341542936,0.0047192941954345,0.0072036980396838,zero,-0.0192803109185722,-0.0258427484806615,-0.0134373822596875,0.0252128450728658,0.7647019153471786,10.0,0.0,0.001953125,-1.8237488273503173,
W4_dense,clearance_A=5.0,centered_orientation_rmse,kcal/mol,glider,10,0.0059325341542936,0.0047192941954345,0.0072036980396838,mace_polar_l,-0.0004185746763214,-0.0013610380548025,0.000349108210589,0.0063511088306151,0.0659057634635027,5.0,0.0,1.0,-0.2840976287083923,
W4_dense,clearance_A=5.0,centered_orientation_rmse,kcal/mol,glider,10,0.0059325341542936,0.0047192941954345,0.0072036980396838,exact_dipole,-0.0145368326930998,-0.02024463354117,-0.0086526433095436,0.0204693668473934,0.7101750045068396,10.0,0.0,0.001953125,-1.4755623110084133,
W4_dense,clearance_A=5.0,centered_orientation_rmse,kcal/mol,mace_polar_l,10,0.0063511088306151,0.0052600555259838,0.0074397989881135,,,,,,,,,,,
W4_dense,clearance_A=5.0,centered_orientation_rmse,kcal/mol,mace_polar_l,10,0.0063511088306151,0.0052600555259838,0.0074397989881135,zero,-0.0188617362422507,-0.0254613866530997,-0.0132477401173926,0.0252128450728658,0.7481002714187844,10.0,0.0,0.001953125,-1.8198310351338152,
W4_dense,clearance_A=5.0,centered_orientation_rmse,kcal/mol,mace_polar_l,10,0.0063511088306151,0.0052600555259838,0.0074397989881135,exact_dipole,-0.0141182580167783,-0.0195710018447633,-0.0086308500723152,0.0204693668473934,0.6897261709184774,10.0,0.0,0.001953125,-1.5180381747941414,
W4_dense,clearance_A=5.0,centered_orientation_rmse,kcal/mol,zero,10,0.0252128450728658,0.0187873467401684,0.0324875551992105,,,,,,,,,,,
W4_dense,clearance_A=5.0,centered_orientation_rmse,kcal/mol,zero,10,0.0252128450728658,0.0187873467401684,0.0324875551992105,mace_polar_l,0.0188617362422507,0.0132477401173926,0.0254613866530997,0.0063511088306151,-2.9698335747812754,0.0,0.0,0.001953125,1.8198310351338152,
W4_dense,clearance_A=5.0,centered_orientation_rmse,kcal/mol,zero,10,0.0252128450728658,0.0187873467401684,0.0324875551992105,exact_dipole,0.0047434782254723,0.0014928659792632,0.0084797911841884,0.0204693668473934,-0.231735464063775,2.0,0.0,0.109375,0.7984564255191704,
W4_dense,clearance_A=5.0,centered_orientation_nrmse,1,exact_dipole,10,0.8914660068047813,0.7050991429123497,1.0746805561244333,,,,,,,,,,,
W4_dense,clearance_A=5.0,centered_orientation_nrmse,1,exact_dipole,10,0.8914660068047813,0.7050991429123497,1.0746805561244333,zero,-0.1085339931952188,-0.2949008570876504,0.0746805561244333,1.0,0.1085339931952187,6.0,0.0,0.75390625,-0.3444519103831392,
W4_dense,clearance_A=5.0,centered_orientation_nrmse,1,exact_dipole,10,0.8914660068047813,0.7050991429123497,1.0746805561244333,mace_polar_l,0.5598710704816144,0.3839711129791792,0.7423371190825391,0.3315949363231666,-1.68841863717718,0.0,0.0,0.001953125,1.854700244456224,
W4_dense,clearance_A=5.0,centered_orientation_nrmse,1,exact_dipole_quadrupole,10,0.6682943366194207,0.4381088094857253,0.8912787429056992,,,,,,,,,,,
W4_dense,clearance_A=5.0,centered_orientation_nrmse,1,exact_dipole_quadrupole,10,0.6682943366194207,0.4381088094857253,0.8912787429056992,zero,-0.3317056633805794,-0.5618911905142747,-0.1087212570943006,1.0,0.3317056633805793,8.0,0.0,0.109375,-0.8633254770785076,
W4_dense,clearance_A=5.0,centered_orientation_nrmse,1,exact_dipole_quadrupole,10,0.6682943366194207,0.4381088094857253,0.8912787429056992,mace_polar_l,0.336699400296254,0.1017189523510226,0.5705737297925937,0.3315949363231666,-1.015393672863909,3.0,0.0,0.34375,0.8419411555006546,
W4_dense,clearance_A=5.0,centered_orientation_nrmse,1,exact_dipole_quadrupole,10,0.6682943366194207,0.4381088094857253,0.8912787429056992,exact_dipole,-0.2231716701853604,-0.3554622521543154,-0.1023090468277172,0.8914660068047813,0.2503423220648189,9.0,0.0,0.021484375,-1.0421621475211431,
W4_dense,clearance_A=5.0,centered_orientation_nrmse,1,exact_dipole_quadrupole_octupole,10,0.6010903265761248,0.3403245208460507,0.8745826517353452,,,,,,,,,,,
W4_dense,clearance_A=5.0,centered_orientation_nrmse,1,exact_dipole_quadrupole_octupole,10,0.6010903265761248,0.3403245208460507,0.8745826517353452,zero,-0.3989096734238752,-0.6596754791539493,-0.1254173482646547,1.0,0.3989096734238752,8.0,0.0,0.109375,-0.8780205702185241,
W4_dense,clearance_A=5.0,centered_orientation_nrmse,1,exact_dipole_quadrupole_octupole,10,0.6010903265761248,0.3403245208460507,0.8745826517353452,mace_polar_l,0.2694953902529582,-0.0056088934061865,0.5539168627536727,0.3315949363231666,-0.8127246852476442,3.0,0.0,0.34375,0.563993260238499,
W4_dense,clearance_A=5.0,centered_orientation_nrmse,1,exact_dipole_quadrupole_octupole,10,0.6010903265761248,0.3403245208460507,0.8745826517353452,exact_dipole,-0.2903756802286563,-0.4756318980844908,-0.1333248324346863,0.8914660068047813,0.3257282700766455,9.0,0.0,0.021484375,-0.9995456717514069,
W4_dense,clearance_A=5.0,centered_orientation_nrmse,1,glider,10,0.3052007648746723,0.2420595416354303,0.3736996593917362,,,,,,,,,,,
W4_dense,clearance_A=5.0,centered_orientation_nrmse,1,glider,10,0.3052007648746723,0.2420595416354303,0.3736996593917362,zero,-0.6947992351253276,-0.7579404583645696,-0.6263003406082638,1.0,0.6947992351253277,10.0,0.0,0.001953125,-6.215854703073937,
W4_dense,clearance_A=5.0,centered_orientation_nrmse,1,glider,10,0.3052007648746723,0.2420595416354303,0.3736996593917362,mace_polar_l,-0.0263941714484943,-0.1017781550272709,0.0264682426670971,0.3315949363231666,0.0795976311977545,4.0,0.0,0.75390625,-0.2319754730746064,
W4_dense,clearance_A=5.0,centered_orientation_nrmse,1,glider,10,0.3052007648746723,0.2420595416354303,0.3736996593917362,exact_dipole,-0.5862652419301088,-0.7873811436426396,-0.3794003891568014,0.8914660068047813,0.6576417243675035,10.0,0.0,0.001953125,-1.6789272430279285,
W4_dense,clearance_A=5.0,centered_orientation_nrmse,1,mace_polar_l,10,0.3315949363231666,0.2608874497958031,0.4092433311658562,,,,,,,,,,,
W4_dense,clearance_A=5.0,centered_orientation_nrmse,1,mace_polar_l,10,0.3315949363231666,0.2608874497958031,0.4092433311658562,zero,-0.6684050636768334,-0.739112550204197,-0.5907566688341438,1.0,0.6684050636768334,10.0,0.0,0.001953125,-5.314345185267728,
W4_dense,clearance_A=5.0,centered_orientation_nrmse,1,mace_polar_l,10,0.3315949363231666,0.2608874497958031,0.4092433311658562,exact_dipole,-0.5598710704816144,-0.7423371190825392,-0.3839711129791796,0.8914660068047813,0.6280341215570531,10.0,0.0,0.001953125,-1.854700244456224,
W4_dense,clearance_A=5.0,centered_orientation_nrmse,1,zero,10,1.0,1.0,1.0,,,,,,,,,,,
W4_dense,clearance_A=5.0,centered_orientation_nrmse,1,zero,10,1.0,1.0,1.0,mace_polar_l,0.6684050636768334,0.5907566688341437,0.739112550204197,0.3315949363231666,-2.015727595506517,0.0,0.0,0.001953125,5.314345185267728,
W4_dense,clearance_A=5.0,centered_orientation_nrmse,1,zero,10,1.0,1.0,1.0,exact_dipole,0.1085339931952188,-0.0746805561244337,0.2949008570876498,0.8914660068047813,-0.121747764207218,4.0,0.0,0.75390625,0.3444519103831392,
W4_dense,clearance_A=5.0,torque_vrmse,kcal/mol,exact_dipole,10,0.0306190783494825,0.0212513124591788,0.0397567290093049,,,,,,,,,,,
W4_dense,clearance_A=5.0,torque_vrmse,kcal/mol,exact_dipole,10,0.0306190783494825,0.0212513124591788,0.0397567290093049,zero,-0.0066654603961282,-0.0123650363131503,-0.0014583660629558,0.0372845387456108,0.1787727733902276,8.0,0.0,0.109375,-0.7211626094451922,
W4_dense,clearance_A=5.0,torque_vrmse,kcal/mol,exact_dipole,10,0.0306190783494825,0.0212513124591788,0.0397567290093049,mace_polar_l,0.0208563535362266,0.0127185846727225,0.0290033949169012,0.0097627248132559,-2.1363250460473573,0.0,0.0,0.001953125,1.504961473735332,
W4_dense,clearance_A=5.0,torque_vrmse,kcal/mol,exact_dipole_quadrupole,10,0.0249837298301418,0.0149088999395533,0.0350109790082699,,,,,,,,,,,
W4_dense,clearance_A=5.0,torque_vrmse,kcal/mol,exact_dipole_quadrupole,10,0.0249837298301418,0.0149088999395533,0.0350109790082699,zero,-0.0123008089154689,-0.0211315671368217,-0.0043329418376026,0.0372845387456108,0.3299171541157143,8.0,0.0,0.109375,-0.8638688765207705,
W4_dense,clearance_A=5.0,torque_vrmse,kcal/mol,exact_dipole_quadrupole,10,0.0249837298301418,0.0149088999395533,0.0350109790082699,mace_polar_l,0.0152210050168858,0.0061127974940445,0.0244863386427547,0.0097627248132559,-1.559093932077103,2.0,0.0,0.109375,0.9705464531457832,
W4_dense,clearance_A=5.0,torque_vrmse,kcal/mol,exact_dipole_quadrupole,10,0.0249837298301418,0.0149088999395533,0.0350109790082699,exact_dipole,-0.0056353485193407,-0.0095997631422174,-0.0020635665996439,0.0306190783494825,0.1840469675481264,7.0,0.0,0.34375,-0.8875270743700608,
W4_dense,clearance_A=5.0,torque_vrmse,kcal/mol,exact_dipole_quadrupole_octupole,10,0.0228786527778427,0.0123572305211622,0.0336911583054088,,,,,,,,,,,
W4_dense,clearance_A=5.0,torque_vrmse,kcal/mol,exact_dipole_quadrupole_octupole,10,0.0228786527778427,0.0123572305211622,0.0336911583054088,zero,-0.014405885967768,-0.0249173191973,-0.0048368153504966,0.0372845387456108,0.3863769394079991,8.0,0.0,0.109375,-0.844771976610552,
W4_dense,clearance_A=5.0,torque_vrmse,kcal/mol,exact_dipole_quadrupole_octupole,10,0.0228786527778427,0.0123572305211622,0.0336911583054088,mace_polar_l,0.0131159279645868,0.0034332398153461,0.0233332430740537,0.0097627248132559,-1.3434700061173372,3.0,0.0,0.34375,0.7712894847876772,
W4_dense,clearance_A=5.0,torque_vrmse,kcal/mol,exact_dipole_quadrupole_octupole,10,0.0228786527778427,0.0123572305211622,0.0336911583054088,exact_dipole,-0.0077404255716398,-0.0134136704631433,-0.0026553996919176,0.0306190783494825,0.2527974710176287,8.0,0.0,0.109375,-0.8471446453682824,
W4_dense,clearance_A=5.0,torque_vrmse,kcal/mol,glider,10,0.0090488629994441,0.0072238941794725,0.0109598542243279,,,,,,,,,,,
W4_dense,clearance_A=5.0,torque_vrmse,kcal/mol,glider,10,0.0090488629994441,0.0072238941794725,0.0109598542243279,zero,-0.0282356757461667,-0.0382415248008047,-0.0196081326817038,0.0372845387456108,0.7573025360140911,10.0,0.0,0.001953125,-1.780632019003739,
W4_dense,clearance_A=5.0,torque_vrmse,kcal/mol,glider,10,0.0090488629994441,0.0072238941794725,0.0109598542243279,mace_polar_l,-0.0007138618138118,-0.0020933017913109,0.0004469622737479,0.0097627248132559,0.0731211651938129,5.0,0.0,1.0,-0.3268993420910464,
W4_dense,clearance_A=5.0,torque_vrmse,kcal/mol,glider,10,0.0090488629994441,0.0072238941794725,0.0109598542243279,exact_dipole,-0.0215702153500384,-0.030023193743264,-0.0128901860681187,0.0306190783494825,0.704469778738555,10.0,0.0,0.001953125,-1.4766721441690267,
W4_dense,clearance_A=5.0,torque_vrmse,kcal/mol,mace_polar_l,10,0.0097627248132559,0.0081307770735438,0.0114902095145498,,,,,,,,,,,
W4_dense,clearance_A=5.0,torque_vrmse,kcal/mol,mace_polar_l,10,0.0097627248132559,0.0081307770735438,0.0114902095145498,zero,-0.0275218139323548,-0.0375472631688001,-0.0191929856257424,0.0372845387456108,0.7381562132264488,10.0,0.0,0.001953125,-1.7538966741330246,
W4_dense,clearance_A=5.0,torque_vrmse,kcal/mol,mace_polar_l,10,0.0097627248132559,0.0081307770735438,0.0114902095145498,exact_dipole,-0.0208563535362266,-0.0290033949169012,-0.0127185846727225,0.0306190783494825,0.6811554971764555,10.0,0.0,0.001953125,-1.504961473735332,
W4_dense,clearance_A=5.0,torque_vrmse,kcal/mol,zero,10,0.0372845387456108,0.0278294961662497,0.0483192827858811,,,,,,,,,,,
W4_dense,clearance_A=5.0,torque_vrmse,kcal/mol,zero,10,0.0372845387456108,0.0278294961662497,0.0483192827858811,mace_polar_l,0.0275218139323548,0.0191929856257423,0.0375472631688001,0.0097627248132559,-2.8190709518909607,0.0,0.0,0.001953125,1.7538966741330246,
W4_dense,clearance_A=5.0,torque_vrmse,kcal/mol,zero,10,0.0372845387456108,0.0278294961662497,0.0483192827858811,exact_dipole,0.0066654603961282,0.0014583660629558,0.0123650363131503,0.0306190783494825,-0.2176897789035143,2.0,0.0,0.109375,0.7211626094451922,
W4_dense,clearance_A=5.0,esp_rmse_mEh,mEh/e,exact_dipole,10,0.2689165149044711,0.1817341154449693,0.3547411489653389,,,,,,,,,,,
W4_dense,clearance_A=5.0,esp_rmse_mEh,mEh/e,exact_dipole,10,0.2689165149044711,0.1817341154449693,0.3547411489653389,zero,-0.1929321979546151,-0.3066394160928659,-0.1073675600088987,0.4618487128590863,0.4177389534340443,10.0,0.0,0.001953125,-1.129564462769053,
W4_dense,clearance_A=5.0,esp_rmse_mEh,mEh/e,exact_dipole,10,0.2689165149044711,0.1817341154449693,0.3547411489653389,mace_polar_l,0.1586693076697667,0.0915304290017217,0.2270354782552104,0.1102472072347044,-1.439213850850451,0.0,0.0,0.001953125,1.379053398938792,
W4_dense,clearance_A=5.0,esp_rmse_mEh,mEh/e,exact_dipole_quadrupole,10,0.1566702458199725,0.0917724709981358,0.2224676821314648,,,,,,,,,,,
W4_dense,clearance_A=5.0,esp_rmse_mEh,mEh/e,exact_dipole_quadrupole,10,0.1566702458199725,0.0917724709981358,0.2224676821314648,zero,-0.3051784670391138,-0.4444205859673218,-0.2056105192420846,0.4618487128590863,0.6607758310072981,10.0,0.0,0.001953125,-1.4716862306174194,
W4_dense,clearance_A=5.0,esp_rmse_mEh,mEh/e,exact_dipole_quadrupole,10,0.1566702458199725,0.0917724709981358,0.2224676821314648,mace_polar_l,0.0464230385852681,-0.0023974540319429,0.0991361985212517,0.1102472072347044,-0.4210813112611411,4.0,0.0,0.75390625,0.5348613884432337,
W4_dense,clearance_A=5.0,esp_rmse_mEh,mEh/e,exact_dipole_quadrupole,10,0.1566702458199725,0.0917724709981358,0.2224676821314648,exact_dipole,-0.1122462690844986,-0.1473250872565273,-0.07960890468257,0.2689165149044711,0.4174019179311933,10.0,0.0,0.001953125,-1.937113604631914,
W4_dense,clearance_A=5.0,esp_rmse_mEh,mEh/e,exact_dipole_quadrupole_octupole,10,0.1193951966769411,0.0630334214234946,0.1794427419190875,,,,,,,,,,,
W4_dense,clearance_A=5.0,esp_rmse_mEh,mEh/e,exact_dipole_quadrupole_octupole,10,0.1193951966769411,0.0630334214234946,0.1794427419190875,zero,-0.3424535161821452,-0.4961972034202122,-0.2329045108357421,0.4618487128590863,0.7414841844251939,10.0,0.0,0.001953125,-1.4837808037092528,
W4_dense,clearance_A=5.0,esp_rmse_mEh,mEh/e,exact_dipole_quadrupole_octupole,10,0.1193951966769411,0.0630334214234946,0.1794427419190875,mace_polar_l,0.0091479894422366,-0.0389714029703742,0.0626160113825819,0.1102472072347044,-0.0829770628362638,5.0,0.0,1.0,0.1060617898222327,
W4_dense,clearance_A=5.0,esp_rmse_mEh,mEh/e,exact_dipole_quadrupole_octupole,10,0.1193951966769411,0.0630334214234946,0.1794427419190875,exact_dipole,-0.1495213182275301,-0.2023572527667366,-0.1020081268973725,0.2689165149044711,0.5560138925667893,10.0,0.0,0.001953125,-1.7285985983860348,
W4_dense,clearance_A=5.0,esp_rmse_mEh,mEh/e,glider,10,0.1053008414350074,0.0778470159964955,0.136004914635617,,,,,,,,,,,
W4_dense,clearance_A=5.0,esp_rmse_mEh,mEh/e,glider,10,0.1053008414350074,0.0778470159964955,0.136004914635617,zero,-0.3565478714240789,-0.5011643167297082,-0.2404357524857092,0.4618487128590863,0.7720014400751711,10.0,0.0,0.001953125,-1.5999246048359714,
W4_dense,clearance_A=5.0,esp_rmse_mEh,mEh/e,glider,10,0.1053008414350074,0.0778470159964955,0.136004914635617,mace_polar_l,-0.0049463657996969,-0.027168992644222,0.0158870240555862,0.1102472072347044,0.0448661324287943,5.0,0.0,1.0,-0.1338201392279202,
W4_dense,clearance_A=5.0,esp_rmse_mEh,mEh/e,glider,10,0.1053008414350074,0.0778470159964955,0.136004914635617,exact_dipole,-0.1636156734694637,-0.2441695076114434,-0.0818316341997862,0.2689165149044711,0.6084255313497049,8.0,0.0,0.109375,-1.179129449429451,
W4_dense,clearance_A=5.0,esp_rmse_mEh,mEh/e,mace_polar_l,10,0.1102472072347044,0.0831726472992827,0.1388322379982291,,,,,,,,,,,
W4_dense,clearance_A=5.0,esp_rmse_mEh,mEh/e,mace_polar_l,10,0.1102472072347044,0.0831726472992827,0.1388322379982291,zero,-0.3516015056243819,-0.4988306375578513,-0.2393171523507204,0.4618487128590863,0.7612915135083602,10.0,0.0,0.001953125,-1.5737063840605443,
W4_dense,clearance_A=5.0,esp_rmse_mEh,mEh/e,mace_polar_l,10,0.1102472072347044,0.0831726472992827,0.1388322379982291,exact_dipole,-0.1586693076697667,-0.2270354782552104,-0.0915304290017219,0.2689165149044711,0.5900318458542115,10.0,0.0,0.001953125,-1.379053398938792,
W4_dense,clearance_A=5.0,esp_rmse_mEh,mEh/e,zero,10,0.4618487128590863,0.3365032894992464,0.6240556443367181,,,,,,,,,,,
W4_dense,clearance_A=5.0,esp_rmse_mEh,mEh/e,zero,10,0.4618487128590863,0.3365032894992464,0.6240556443367181,mace_polar_l,0.3516015056243819,0.2393171523507204,0.4988306375578512,0.1102472072347044,-3.18921008924843,0.0,0.0,0.001953125,1.5737063840605443,
W4_dense,clearance_A=5.0,esp_rmse_mEh,mEh/e,zero,10,0.4618487128590863,0.3365032894992464,0.6240556443367181,exact_dipole,0.1929321979546151,0.1073675600088986,0.3066394160928657,0.2689165149044711,-0.7174427276180924,0.0,0.0,0.001953125,1.129564462769053,
W4_dense,clearance_A=5.0,field_vrmse,kcal/mol/e/A,exact_dipole,10,0.0763532218987626,0.0531974730616173,0.0990136900818357,,,,,,,,,,,
W4_dense,clearance_A=5.0,field_vrmse,kcal/mol/e/A,exact_dipole,10,0.0763532218987626,0.0531974730616173,0.0990136900818357,zero,-0.0172565724366101,-0.0312371648918005,-0.0047455018010465,0.0936097943353728,0.1843458001284098,8.0,0.0,0.109375,-0.7657949420131337,
W4_dense,clearance_A=5.0,field_vrmse,kcal/mol/e/A,exact_dipole,10,0.0763532218987626,0.0531974730616173,0.0990136900818357,mace_polar_l,0.0520644593548341,0.0318132692113108,0.0723247745194065,0.0242887625439285,-2.143561626932226,0.0,0.0,0.001953125,1.514088537305606,
W4_dense,clearance_A=5.0,field_vrmse,kcal/mol/e/A,exact_dipole_quadrupole,10,0.062455243512954,0.037403714130766,0.0872544911024153,,,,,,,,,,,
W4_dense,clearance_A=5.0,field_vrmse,kcal/mol/e/A,exact_dipole_quadrupole,10,0.062455243512954,0.037403714130766,0.0872544911024153,zero,-0.0311545508224188,-0.0525925169313003,-0.011747337278811,0.0936097943353728,0.3328129395392371,8.0,0.0,0.109375,-0.8982630602004134,
W4_dense,clearance_A=5.0,field_vrmse,kcal/mol/e/A,exact_dipole_quadrupole,10,0.062455243512954,0.037403714130766,0.0872544911024153,mace_polar_l,0.0381664809690254,0.0156484583988667,0.0608984975300941,0.0242887625439285,-1.5713637489764096,2.0,0.0,0.109375,0.9839917892724598,
W4_dense,clearance_A=5.0,field_vrmse,kcal/mol/e/A,exact_dipole_quadrupole,10,0.062455243512954,0.037403714130766,0.0872544911024153,exact_dipole,-0.0138979783858086,-0.0236058353166496,-0.005207411257152,0.0763532218987626,0.1820221601681211,8.0,0.0,0.109375,-0.8893941493970348,
W4_dense,clearance_A=5.0,field_vrmse,kcal/mol/e/A,exact_dipole_quadrupole_octupole,10,0.0553455787413855,0.0300156157360954,0.0813377776822531,,,,,,,,,,,
W4_dense,clearance_A=5.0,field_vrmse,kcal/mol/e/A,exact_dipole_quadrupole_octupole,10,0.0553455787413855,0.0300156157360954,0.0813377776822531,zero,-0.0382642155939873,-0.063909285376121,-0.0151754898177674,0.0936097943353728,0.4087629490659847,8.0,0.0,0.109375,-0.9241458430079862,
W4_dense,clearance_A=5.0,field_vrmse,kcal/mol/e/A,exact_dipole_quadrupole_octupole,10,0.0553455787413855,0.0300156157360954,0.0813377776822531,mace_polar_l,0.0310568161974569,0.0077626087704928,0.0554376817924427,0.0242887625439285,-1.2786495870791152,3.0,0.0,0.34375,0.761355197457349,
W4_dense,clearance_A=5.0,field_vrmse,kcal/mol/e/A,exact_dipole_quadrupole_octupole,10,0.0553455787413855,0.0300156157360954,0.0813377776822531,exact_dipole,-0.0210076431573771,-0.0349248800213365,-0.0087657063085176,0.0763532218987626,0.2751376122049089,9.0,0.0,0.021484375,-0.943429581021248,
W4_dense,clearance_A=5.0,field_vrmse,kcal/mol/e/A,glider,10,0.0225124857646022,0.0179890091512675,0.0272217251505001,,,,,,,,,,,
W4_dense,clearance_A=5.0,field_vrmse,kcal/mol/e/A,glider,10,0.0225124857646022,0.0179890091512675,0.0272217251505001,zero,-0.0710973085707706,-0.0957507043860657,-0.0495728160771455,0.0936097943353728,0.7595071549463351,10.0,0.0,0.001953125,-1.8072038523435057,
W4_dense,clearance_A=5.0,field_vrmse,kcal/mol/e/A,glider,10,0.0225124857646022,0.0179890091512675,0.0272217251505001,mace_polar_l,-0.0017762767793263,-0.0052892259879605,0.0011184634482284,0.0242887625439285,0.0731316293332667,6.0,0.0,0.75390625,-0.3225355703155911,
W4_dense,clearance_A=5.0,field_vrmse,kcal/mol/e/A,glider,10,0.0225124857646022,0.0179890091512675,0.0272217251505001,exact_dipole,-0.0538407361341604,-0.0749034660543349,-0.0322048546135525,0.0763532218987626,0.7051534276516616,10.0,0.0,0.001953125,-1.4811939811441526,
W4_dense,clearance_A=5.0,field_vrmse,kcal/mol/e/A,mace_polar_l,10,0.0242887625439285,0.020243761902093,0.0284672273364159,,,,,,,,,,,
W4_dense,clearance_A=5.0,field_vrmse,kcal/mol/e/A,mace_polar_l,10,0.0242887625439285,0.020243761902093,0.0284672273364159,zero,-0.0693210317914443,-0.0940860201202237,-0.0486172478473341,0.0936097943353728,0.7405318245128283,10.0,0.0,0.001953125,-1.7863391435737754,
W4_dense,clearance_A=5.0,field_vrmse,kcal/mol/e/A,mace_polar_l,10,0.0242887625439285,0.020243761902093,0.0284672273364159,exact_dipole,-0.0520644593548341,-0.0723247745194065,-0.0318132692113108,0.0763532218987626,0.6818894875695849,10.0,0.0,0.001953125,-1.514088537305606,
W4_dense,clearance_A=5.0,field_vrmse,kcal/mol/e/A,zero,10,0.0936097943353728,0.0699984304816571,0.1209056847049921,,,,,,,,,,,
W4_dense,clearance_A=5.0,field_vrmse,kcal/mol/e/A,zero,10,0.0936097943353728,0.0699984304816571,0.1209056847049921,mace_polar_l,0.0693210317914443,0.048617247847334,0.0940860201202236,0.0242887625439285,-2.8540371979046064,0.0,0.0,0.001953125,1.7863391435737754,
W4_dense,clearance_A=5.0,field_vrmse,kcal/mol/e/A,zero,10,0.0936097943353728,0.0699984304816571,0.1209056847049921,exact_dipole,0.0172565724366101,0.0047455018010465,0.0312371648918005,0.0763532218987626,-0.2260097479513154,2.0,0.0,0.109375,0.7657949420131337,
W4_dense,clearance_A=5.0,force_vrmse,kcal/mol/A,exact_dipole,10,0.0118124119685854,0.0083501809264936,0.0152437415124656,,,,,,,,,,,
W4_dense,clearance_A=5.0,force_vrmse,kcal/mol/A,exact_dipole,10,0.0118124119685854,0.0083501809264936,0.0152437415124656,zero,-8.630368959077063e-05,-0.0014495415716075,0.0012764322249537,0.0118987156581762,0.0072531937118328,3.0,0.0,0.34375,-0.0370929605327658,
W4_dense,clearance_A=5.0,force_vrmse,kcal/mol/A,exact_dipole,10,0.0118124119685854,0.0083501809264936,0.0152437415124656,mace_polar_l,0.0081673115435445,0.0049554849827594,0.0114011305119767,0.0036451004250408,-2.2406273054748578,0.0,0.0,0.001953125,1.4928431768343018,
W4_dense,clearance_A=5.0,force_vrmse,kcal/mol/A,exact_dipole_quadrupole,10,0.0121652765295362,0.0074083317684209,0.016903315846301,,,,,,,,,,,
W4_dense,clearance_A=5.0,force_vrmse,kcal/mol/A,exact_dipole_quadrupole,10,0.0121652765295362,0.0074083317684209,0.016903315846301,zero,0.00026656087136,-0.0030218144504792,0.0035430544411608,0.0118987156581762,-0.0224024910769964,5.0,0.0,1.0,0.0474612490404394,
W4_dense,clearance_A=5.0,force_vrmse,kcal/mol/A,exact_dipole_quadrupole,10,0.0121652765295362,0.0074083317684209,0.016903315846301,mace_polar_l,0.0085201761044953,0.0039072568319822,0.013191221858254,0.0036451004250408,-2.33743247400374,2.0,0.0,0.109375,1.075931791143442,
W4_dense,clearance_A=5.0,force_vrmse,kcal/mol/A,exact_dipole_quadrupole,10,0.0121652765295362,0.0074083317684209,0.016903315846301,exact_dipole,0.0003528645609507,-0.0020454635422051,0.0028676293051677,0.0118124119685854,-0.0298723547645651,5.0,0.0,1.0,0.0849651056790916,
W4_dense,clearance_A=5.0,force_vrmse,kcal/mol/A,exact_dipole_quadrupole_octupole,10,0.0122765650587115,0.0067634827339244,0.017863854841524,,,,,,,,,,,
W4_dense,clearance_A=5.0,force_vrmse,kcal/mol/A,exact_dipole_quadrupole_octupole,10,0.0122765650587115,0.0067634827339244,0.017863854841524,zero,0.0003778494005352,-0.0039409541834999,0.0048882748203155,0.0118987156581762,-0.0317554777666797,5.0,0.0,1.0,0.0500891933211243,
W4_dense,clearance_A=5.0,force_vrmse,kcal/mol/A,exact_dipole_quadrupole_octupole,10,0.0122765650587115,0.0067634827339244,0.017863854841524,mace_polar_l,0.0086314646336706,0.0032017360705236,0.0141810083350941,0.0036451004250408,-2.367963465251808,2.0,0.0,0.109375,0.9191236391003478,
W4_dense,clearance_A=5.0,force_vrmse,kcal/mol/A,exact_dipole_quadrupole_octupole,10,0.0122765650587115,0.0067634827339244,0.017863854841524,exact_dipole,0.000464153090126,-0.0030115863087936,0.0039978030875761,0.0118124119685854,-0.0392936761230833,5.0,0.0,1.0,0.0781737571233742,
W4_dense,clearance_A=5.0,force_vrmse,kcal/mol/A,glider,10,0.0032985280181653,0.0027201855901533,0.0038900199526076,,,,,,,,,,,
W4_dense,clearance_A=5.0,force_vrmse,kcal/mol/A,glider,10,0.0032985280181653,0.0027201855901533,0.0038900199526076,zero,-0.0086001876400108,-0.0110870268221172,-0.0061546787977242,0.0118987156581762,0.7227828521224675,10.0,0.0,0.001953125,-2.0537265799754776,
W4_dense,clearance_A=5.0,force_vrmse,kcal/mol/A,glider,10,0.0032985280181653,0.0027201855901533,0.0038900199526076,mace_polar_l,-0.0003465724068755,-0.0008952961336982,0.0001055426023111,0.0036451004250408,0.0950789735434065,7.0,0.0,0.34375,-0.4065940746375995,
W4_dense,clearance_A=5.0,force_vrmse,kcal/mol/A,glider,10,0.0032985280181653,0.0027201855901533,0.0038900199526076,exact_dipole,-0.0085138839504201,-0.0116757929005724,-0.0052982573631964,0.0118124119685854,0.7207574518279902,10.0,0.0,0.001953125,-1.568855605464649,
W4_dense,clearance_A=5.0,force_vrmse,kcal/mol/A,mace_polar_l,10,0.0036451004250408,0.0031385649391937,0.00421592032783,,,,,,,,,,,
W4_dense,clearance_A=5.0,force_vrmse,kcal/mol/A,mace_polar_l,10,0.0036451004250408,0.0031385649391937,0.00421592032783,zero,-0.0082536152331353,-0.010810406981646,-0.0057948417880359,0.0118987156581762,0.6936559768502298,10.0,0.0,0.001953125,-1.9377063597784976,
W4_dense,clearance_A=5.0,force_vrmse,kcal/mol/A,mace_polar_l,10,0.0036451004250408,0.0031385649391937,0.00421592032783,exact_dipole,-0.0081673115435445,-0.0114011305119767,-0.0049554849827594,0.0118124119685854,0.6914177701611796,10.0,0.0,0.001953125,-1.4928431768343018,
W4_dense,clearance_A=5.0,force_vrmse,kcal/mol/A,zero,10,0.0118987156581762,0.0092033583407262,0.0146924843949608,,,,,,,,,,,
W4_dense,clearance_A=5.0,force_vrmse,kcal/mol/A,zero,10,0.0118987156581762,0.0092033583407262,0.0146924843949608,mace_polar_l,0.0082536152331353,0.0057948417880358,0.010810406981646,0.0036451004250408,-2.264303934244229,0.0,0.0,0.001953125,1.9377063597784976,
W4_dense,clearance_A=5.0,force_vrmse,kcal/mol/A,zero,10,0.0118987156581762,0.0092033583407262,0.0146924843949608,exact_dipole,8.630368959077063e-05,-0.0012764322249537,0.0014495415716075,0.0118124119685854,-0.0073061869007187,7.0,0.0,0.34375,0.0370929605327658,
W4_dense,clearance_A=7.5,energy_mae,kcal/mol,exact_dipole,10,0.0069829443684479,0.0047468737421456,0.0091658954757435,,,,,,,,,,,
W4_dense,clearance_A=7.5,energy_mae,kcal/mol,exact_dipole,10,0.0069829443684479,0.0047468737421456,0.0091658954757435,zero,-0.0035401718300384,-0.0058386465993092,-0.0018662174289268,0.0105231161984863,0.33641858203064,10.0,0.0,0.001953125,-1.0271671988568891,
W4_dense,clearance_A=7.5,energy_mae,kcal/mol,exact_dipole,10,0.0069829443684479,0.0047468737421456,0.0091658954757435,mace_polar_l,0.0044751636639778,0.0026465173845263,0.0063287062162611,0.0025077807044701,-1.784511562753813,0.0,0.0,0.001953125,1.435158292508704,
W4_dense,clearance_A=7.5,energy_mae,kcal/mol,exact_dipole_quadrupole,10,0.0041846102349547,0.0024824622541937,0.0058671900571084,,,,,,,,,,,
W4_dense,clearance_A=7.5,energy_mae,kcal/mol,exact_dipole_quadrupole,10,0.0041846102349547,0.0024824622541937,0.0058671900571084,zero,-0.0063385059635316,-0.009114379110883,-0.0042854402858458,0.0105231161984863,0.6023411548418827,10.0,0.0,0.001953125,-1.5176872450324588,
W4_dense,clearance_A=7.5,energy_mae,kcal/mol,exact_dipole_quadrupole,10,0.0041846102349547,0.0024824622541937,0.0058671900571084,mace_polar_l,0.0016768295304846,0.000327380612729,0.0031157054089166,0.0025077807044701,-0.6686507825407995,3.0,0.0,0.34375,0.7049739633039582,
W4_dense,clearance_A=7.5,energy_mae,kcal/mol,exact_dipole_quadrupole,10,0.0041846102349547,0.0024824622541937,0.0058671900571084,exact_dipole,-0.0027983341334931,-0.0036189284870426,-0.0019810773222548,0.0069829443684479,0.400738425775993,10.0,0.0,0.001953125,-1.9987340451809628,
W4_dense,clearance_A=7.5,energy_mae,kcal/mol,exact_dipole_quadrupole_octupole,10,0.0029771105411788,0.0015753817230256,0.0044248131580108,,,,,,,,,,,
W4_dense,clearance_A=7.5,energy_mae,kcal/mol,exact_dipole_quadrupole_octupole,10,0.0029771105411788,0.0015753817230256,0.0044248131580108,zero,-0.0075460056573075,-0.0107056091492518,-0.0052660428791129,0.0105231161984863,0.7170885044862396,10.0,0.0,0.001953125,-1.5965126162306436,
W4_dense,clearance_A=7.5,energy_mae,kcal/mol,exact_dipole_quadrupole_octupole,10,0.0029771105411788,0.0015753817230256,0.0044248131580108,mace_polar_l,0.0004693298367087,-0.0006831834046536,0.001754814013652,0.0025077807044701,-0.187149472787699,6.0,0.0,0.75390625,0.2247682633426302,
W4_dense,clearance_A=7.5,energy_mae,kcal/mol,exact_dipole_quadrupole_octupole,10,0.0029771105411788,0.0015753817230256,0.0044248131580108,exact_dipole,-0.004005833827269,-0.0051867813716302,-0.0028547395179235,0.0069829443684479,0.5736597079835296,10.0,0.0,0.001953125,-2.0082726670224424,
W4_dense,clearance_A=7.5,energy_mae,kcal/mol,glider,10,0.002387649981032,0.0018182091920989,0.0030060262865682,,,,,,,,,,,
W4_dense,clearance_A=7.5,energy_mae,kcal/mol,glider,10,0.002387649981032,0.0018182091920989,0.0030060262865682,zero,-0.0081354662174543,-0.0112028659211229,-0.0055400355234447,0.0105231161984863,0.7731042843206959,10.0,0.0,0.001953125,-1.6904521891010078,
W4_dense,clearance_A=7.5,energy_mae,kcal/mol,glider,10,0.002387649981032,0.0018182091920989,0.0030060262865682,mace_polar_l,-0.000120130723438,-0.0005693315747228,0.0002658630519829,0.0025077807044701,0.0479032011148086,4.0,0.0,0.75390625,-0.1678635844205772,
W4_dense,clearance_A=7.5,energy_mae,kcal/mol,glider,10,0.002387649981032,0.0018182091920989,0.0030060262865682,exact_dipole,-0.0045952943874158,-0.0066247336614392,-0.0025385017383367,0.0069829443684479,0.6580740365309917,9.0,0.0,0.021484375,-1.319913779128618,
W4_dense,clearance_A=7.5,energy_mae,kcal/mol,mace_polar_l,10,0.0025077807044701,0.0019621975339897,0.0030752867003229,,,,,,,,,,,
W4_dense,clearance_A=7.5,energy_mae,kcal/mol,mace_polar_l,10,0.0025077807044701,0.0019621975339897,0.0030752867003229,zero,-0.0080153354940162,-0.0110875026260372,-0.0055566539003565,0.0105231161984863,0.7616883956074887,10.0,0.0,0.001953125,-1.6944044128404252,
W4_dense,clearance_A=7.5,energy_mae,kcal/mol,mace_polar_l,10,0.0025077807044701,0.0019621975339897,0.0030752867003229,exact_dipole,-0.0044751636639778,-0.0063287062162611,-0.0026465173845263,0.0069829443684479,0.6408705880858241,10.0,0.0,0.001953125,-1.435158292508704,
W4_dense,clearance_A=7.5,energy_mae,kcal/mol,zero,10,0.0105231161984863,0.0076681652643162,0.0139768567365985,,,,,,,,,,,
W4_dense,clearance_A=7.5,energy_mae,kcal/mol,zero,10,0.0105231161984863,0.0076681652643162,0.0139768567365985,mace_polar_l,0.0080153354940162,0.0055566539003565,0.0110875026260372,0.0025077807044701,-3.196186763750495,0.0,0.0,0.001953125,1.6944044128404252,
W4_dense,clearance_A=7.5,energy_mae,kcal/mol,zero,10,0.0105231161984863,0.0076681652643162,0.0139768567365985,exact_dipole,0.0035401718300384,0.0018662174289268,0.0058386465993092,0.0069829443684479,-0.5069740847477644,0.0,0.0,0.001953125,1.0271671988568891,
W4_dense,clearance_A=7.5,energy_rmse,kcal/mol,exact_dipole,10,0.0081031823730322,0.0054923273607117,0.0106432803683913,,,,,,,,,,,
W4_dense,clearance_A=7.5,energy_rmse,kcal/mol,exact_dipole,10,0.0081031823730322,0.0054923273607117,0.0106432803683913,zero,-0.0040028642929379,-0.0067010163023018,-0.0020153323265255,0.0121060466659702,0.330649996930036,10.0,0.0,0.001953125,-0.98487513850173,
W4_dense,clearance_A=7.5,energy_rmse,kcal/mol,exact_dipole,10,0.0081031823730322,0.0054923273607117,0.0106432803683913,mace_polar_l,0.0052051277761536,0.0030505591530455,0.007366234117698,0.0028980545968786,-1.796076506550223,0.0,0.0,0.001953125,1.4226532538296464,
W4_dense,clearance_A=7.5,energy_rmse,kcal/mol,exact_dipole_quadrupole,10,0.0047917171824348,0.0028282163342321,0.0067513663019715,,,,,,,,,,,
W4_dense,clearance_A=7.5,energy_rmse,kcal/mol,exact_dipole_quadrupole,10,0.0047917171824348,0.0028282163342321,0.0067513663019715,zero,-0.0073143294835353,-0.0105787821507231,-0.004905818210618,0.0121060466659702,0.6041881123831886,10.0,0.0,0.001953125,-1.4935739557342678,
W4_dense,clearance_A=7.5,energy_rmse,kcal/mol,exact_dipole_quadrupole,10,0.0047917171824348,0.0028282163342321,0.0067513663019715,mace_polar_l,0.0018936625855562,0.0003321237482182,0.0035710813742581,0.0028980545968786,-0.6534254349782733,3.0,0.0,0.34375,0.6848767619188263,
W4_dense,clearance_A=7.5,energy_rmse,kcal/mol,exact_dipole_quadrupole,10,0.0047917171824348,0.0028282163342321,0.0067513663019715,exact_dipole,-0.0033114651905974,-0.0042135564428365,-0.0023856137010827,0.0081031823730322,0.4086623055181504,10.0,0.0,0.001953125,-2.1174462846834765,
W4_dense,clearance_A=7.5,energy_rmse,kcal/mol,exact_dipole_quadrupole_octupole,10,0.0034357607329657,0.0018168300823808,0.0051104767230293,,,,,,,,,,,
W4_dense,clearance_A=7.5,energy_rmse,kcal/mol,exact_dipole_quadrupole_octupole,10,0.0034357607329657,0.0018168300823808,0.0051104767230293,zero,-0.0086702859330044,-0.012332817579931,-0.0060106363487699,0.0121060466659702,0.7161946564584496,10.0,0.0,0.001953125,-1.5781900588085187,
W4_dense,clearance_A=7.5,energy_rmse,kcal/mol,exact_dipole_quadrupole_octupole,10,0.0034357607329657,0.0018168300823808,0.0051104767230293,mace_polar_l,0.000537706136087,-0.0007966971589224,0.0020214819565135,0.0028980545968786,-0.1855403747970092,5.0,0.0,1.0,0.2227400946537027,
W4_dense,clearance_A=7.5,energy_rmse,kcal/mol,exact_dipole_quadrupole_octupole,10,0.0034357607329657,0.0018168300823808,0.0051104767230293,exact_dipole,-0.0046674216400665,-0.0059982890224719,-0.0033292165996135,0.0081031823730322,0.5759985923061457,10.0,0.0,0.001953125,-2.042193195978296,
W4_dense,clearance_A=7.5,energy_rmse,kcal/mol,glider,10,0.002762792013159,0.0021053219562029,0.0034762509356815,,,,,,,,,,,
W4_dense,clearance_A=7.5,energy_rmse,kcal/mol,glider,10,0.002762792013159,0.0021053219562029,0.0034762509356815,zero,-0.0093432546528111,-0.0128876929820053,-0.0063382708820751,0.0121060466659702,0.7717841266112759,10.0,0.0,0.001953125,-1.6773916490733198,
W4_dense,clearance_A=7.5,energy_rmse,kcal/mol,glider,10,0.002762792013159,0.0021053219562029,0.0034762509356815,mace_polar_l,-0.0001352625837196,-0.0006476012912268,0.0003065428075717,0.0028980545968786,0.0466735802235396,4.0,0.0,0.75390625,-0.1651609591441774,
W4_dense,clearance_A=7.5,energy_rmse,kcal/mol,glider,10,0.002762792013159,0.0021053219562029,0.0034762509356815,exact_dipole,-0.0053403903598732,-0.0077131515565857,-0.0029158555891011,0.0081031823730322,0.6590485211891906,9.0,0.0,0.021484375,-1.3094463302632893,
W4_dense,clearance_A=7.5,energy_rmse,kcal/mol,mace_polar_l,10,0.0028980545968786,0.0022762505315948,0.0035484740245746,,,,,,,,,,,
W4_dense,clearance_A=7.5,energy_rmse,kcal/mol,mace_polar_l,10,0.0028980545968786,0.0022762505315948,0.0035484740245746,zero,-0.0092079920690915,-0.012770938892567,-0.0063499330549158,0.0121060466659702,0.7606109841766088,10.0,0.0,0.001953125,-1.6783184482306972,
W4_dense,clearance_A=7.5,energy_rmse,kcal/mol,mace_polar_l,10,0.0028980545968786,0.0022762505315948,0.0035484740245746,exact_dipole,-0.0052051277761536,-0.007366234117698,-0.0030505591530455,0.0081031823730322,0.6423559950318413,10.0,0.0,0.001953125,-1.4226532538296464,
W4_dense,clearance_A=7.5,energy_rmse,kcal/mol,zero,10,0.0121060466659702,0.0088048841332441,0.0160851270895438,,,,,,,,,,,
W4_dense,clearance_A=7.5,energy_rmse,kcal/mol,zero,10,0.0121060466659702,0.0088048841332441,0.0160851270895438,mace_polar_l,0.0092079920690915,0.0063499330549158,0.012770938892567,0.0028980545968786,-3.1773011036469105,0.0,0.0,0.001953125,1.6783184482306972,
W4_dense,clearance_A=7.5,energy_rmse,kcal/mol,zero,10,0.0121060466659702,0.0088048841332441,0.0160851270895438,exact_dipole,0.0040028642929379,0.0020153323265255,0.0067010163023018,0.0081031823730322,-0.4939866966661907,0.0,0.0,0.001953125,0.98487513850173,
W4_dense,clearance_A=7.5,energy_nrmse,1,exact_dipole,10,0.7502908067999037,0.5700991098242354,0.9224692598482368,,,,,,,,,,,
W4_dense,clearance_A=7.5,energy_nrmse,1,exact_dipole,10,0.7502908067999037,0.5700991098242354,0.9224692598482368,zero,-0.2497091932000961,-0.4299008901757647,-0.077530740151763,1.0,0.2497091932000963,8.0,0.0,0.109375,-0.8331013560421832,
W4_dense,clearance_A=7.5,energy_nrmse,1,exact_dipole,10,0.7502908067999037,0.5700991098242354,0.9224692598482368,mace_polar_l,0.4535430123037345,0.2956212442485017,0.610395843590564,0.2967477944961693,-1.528378713222717,0.0,0.0,0.001953125,1.7003353430362889,
W4_dense,clearance_A=7.5,energy_nrmse,1,exact_dipole_quadrupole,10,0.4127133035214701,0.259822759873627,0.5641322709311254,,,,,,,,,,,
W4_dense,clearance_A=7.5,energy_nrmse,1,exact_dipole_quadrupole,10,0.4127133035214701,0.259822759873627,0.5641322709311254,zero,-0.5872866964785299,-0.740177240126373,-0.4358677290688746,1.0,0.5872866964785299,10.0,0.0,0.001953125,-2.270396284215835,
W4_dense,clearance_A=7.5,energy_nrmse,1,exact_dipole_quadrupole,10,0.4127133035214701,0.259822759873627,0.5641322709311254,mace_polar_l,0.1159655090253008,-0.0240143860959544,0.2615110478438102,0.2967477944961693,-0.3907881075314878,3.0,0.0,0.34375,0.4772616148638113,
W4_dense,clearance_A=7.5,energy_nrmse,1,exact_dipole_quadrupole,10,0.4127133035214701,0.259822759873627,0.5641322709311254,exact_dipole,-0.3375775032784336,-0.4131040449927365,-0.2699046320095382,0.7502908067999037,0.4499288812004098,10.0,0.0,0.001953125,-2.7895547096856914,
W4_dense,clearance_A=7.5,energy_nrmse,1,exact_dipole_quadrupole_octupole,10,0.3099904118138541,0.1697055668563819,0.4522292806251987,,,,,,,,,,,
W4_dense,clearance_A=7.5,energy_nrmse,1,exact_dipole_quadrupole_octupole,10,0.3099904118138541,0.1697055668563819,0.4522292806251987,zero,-0.6900095881861459,-0.830294433143618,-0.5477707193748012,1.0,0.6900095881861459,10.0,0.0,0.001953125,-2.8572992035793043,
W4_dense,clearance_A=7.5,energy_nrmse,1,exact_dipole_quadrupole_octupole,10,0.3099904118138541,0.1697055668563819,0.4522292806251987,mace_polar_l,0.0132426173176847,-0.1213577088000857,0.1546998403699131,0.2967477944961693,-0.0446258323171995,5.0,0.0,1.0,0.0564972043088231,
W4_dense,clearance_A=7.5,energy_nrmse,1,exact_dipole_quadrupole_octupole,10,0.3099904118138541,0.1697055668563819,0.4522292806251987,exact_dipole,-0.4403003949860496,-0.5360086580411052,-0.3582373494221357,0.7502908067999037,0.5868396507002305,10.0,0.0,0.001953125,-2.9205842405076097,
W4_dense,clearance_A=7.5,energy_nrmse,1,glider,10,0.2863350109258281,0.2168698643549823,0.3602378449778388,,,,,,,,,,,
W4_dense,clearance_A=7.5,energy_nrmse,1,glider,10,0.2863350109258281,0.2168698643549823,0.3602378449778388,zero,-0.7136649890741719,-0.7831301356450177,-0.6397621550221612,1.0,0.713664989074172,10.0,0.0,0.001953125,-5.842727762984263,
W4_dense,clearance_A=7.5,energy_nrmse,1,glider,10,0.2863350109258281,0.2168698643549823,0.3602378449778388,mace_polar_l,-0.0104127835703411,-0.0739166391172792,0.0436649227645467,0.2967477944961693,0.0350896746781907,4.0,0.0,0.75390625,-0.1031479222651507,
W4_dense,clearance_A=7.5,energy_nrmse,1,glider,10,0.2863350109258281,0.2168698643549823,0.3602378449778388,exact_dipole,-0.4639557958740757,-0.6495371487841886,-0.270248424092561,0.7502908067999037,0.6183679603551491,9.0,0.0,0.021484375,-1.429075696037166,
W4_dense,clearance_A=7.5,energy_nrmse,1,mace_polar_l,10,0.2967477944961693,0.2410432345088198,0.3574899035899008,,,,,,,,,,,
W4_dense,clearance_A=7.5,energy_nrmse,1,mace_polar_l,10,0.2967477944961693,0.2410432345088198,0.3574899035899008,zero,-0.7032522055038307,-0.7589567654911802,-0.6425100964100992,1.0,0.7032522055038307,10.0,0.0,0.001953125,-7.12044477164015,
W4_dense,clearance_A=7.5,energy_nrmse,1,mace_polar_l,10,0.2967477944961693,0.2410432345088198,0.3574899035899008,exact_dipole,-0.4535430123037345,-0.610395843590564,-0.2956212442485017,0.7502908067999037,0.6044896301450893,10.0,0.0,0.001953125,-1.7003353430362889,
W4_dense,clearance_A=7.5,energy_nrmse,1,zero,10,1.0,1.0,1.0,,,,,,,,,,,
W4_dense,clearance_A=7.5,energy_nrmse,1,zero,10,1.0,1.0,1.0,mace_polar_l,0.7032522055038307,0.6425100964100992,0.7589567654911801,0.2967477944961693,-2.3698649780964387,0.0,0.0,0.001953125,7.12044477164015,
W4_dense,clearance_A=7.5,energy_nrmse,1,zero,10,1.0,1.0,1.0,exact_dipole,0.2497091932000961,0.0775307401517627,0.4299008901757642,0.7502908067999037,-0.3328165438480333,2.0,0.0,0.109375,0.8331013560421832,
W4_dense,clearance_A=7.5,centered_orientation_rmse,kcal/mol,exact_dipole,10,0.0078481113287668,0.0052726785120789,0.0103479811734432,,,,,,,,,,,
W4_dense,clearance_A=7.5,centered_orientation_rmse,kcal/mol,exact_dipole,10,0.0078481113287668,0.0052726785120789,0.0103479811734432,zero,-0.0037724246861703,-0.0064507110486109,-0.0017995442749229,0.0116205360149372,0.3246343095810042,10.0,0.0,0.001953125,-0.936379815273798,
W4_dense,clearance_A=7.5,centered_orientation_rmse,kcal/mol,exact_dipole,10,0.0078481113287668,0.0052726785120789,0.0103479811734432,mace_polar_l,0.0050829609515342,0.0029637293477241,0.0072221572466998,0.0027651503772326,-1.838222251269134,0.0,0.0,0.001953125,1.4092062524088795,
W4_dense,clearance_A=7.5,centered_orientation_rmse,kcal/mol,exact_dipole_quadrupole,10,0.0046239898066675,0.0027212422967939,0.0065206627031593,,,,,,,,,,,
W4_dense,clearance_A=7.5,centered_orientation_rmse,kcal/mol,exact_dipole_quadrupole,10,0.0046239898066675,0.0027212422967939,0.0065206627031593,zero,-0.0069965462082696,-0.0101691666782044,-0.0046572596429016,0.0116205360149372,0.6020846369974818,10.0,0.0,0.001953125,-1.469869264072521,
W4_dense,clearance_A=7.5,centered_orientation_rmse,kcal/mol,exact_dipole_quadrupole,10,0.0046239898066675,0.0027212422967939,0.0065206627031593,mace_polar_l,0.0018588394294349,0.0003538223332967,0.0034792798894792,0.0027651503772326,-0.672238097696259,3.0,0.0,0.34375,0.6968482819801514,
W4_dense,clearance_A=7.5,centered_orientation_rmse,kcal/mol,exact_dipole_quadrupole,10,0.0046239898066675,0.0027212422967939,0.0065206627031593,exact_dipole,-0.0032241215220992,-0.0041177682396661,-0.0022893734742317,0.0078481113287668,0.4108149575148655,10.0,0.0,0.001953125,-2.077911859354641,
W4_dense,clearance_A=7.5,centered_orientation_rmse,kcal/mol,exact_dipole_quadrupole_octupole,10,0.0033047984496394,0.0017484522176223,0.0049172415084872,,,,,,,,,,,
W4_dense,clearance_A=7.5,centered_orientation_rmse,kcal/mol,exact_dipole_quadrupole_octupole,10,0.0033047984496394,0.0017484522176223,0.0049172415084872,zero,-0.0083157375652977,-0.0118854153181114,-0.0057421285208303,0.0116205360149372,0.7156070558714822,10.0,0.0,0.001953125,-1.5581302013969205,
W4_dense,clearance_A=7.5,centered_orientation_rmse,kcal/mol,exact_dipole_quadrupole_octupole,10,0.0033047984496394,0.0017484522176223,0.0049172415084872,mace_polar_l,0.0005396480724068,-0.0007313723134576,0.0019524970308359,0.0027651503772326,-0.1951604791009324,5.0,0.0,1.0,0.234730050052543,
W4_dense,clearance_A=7.5,centered_orientation_rmse,kcal/mol,exact_dipole_quadrupole_octupole,10,0.0033047984496394,0.0017484522176223,0.0049172415084872,exact_dipole,-0.0045433128791274,-0.0058367193137778,-0.0032282006843455,0.0078481113287668,0.5789052536084844,10.0,0.0,0.001953125,-2.0357468543456108,
W4_dense,clearance_A=7.5,centered_orientation_rmse,kcal/mol,glider,10,0.0026467123618878,0.0020115152531161,0.0033319554466424,,,,,,,,,,,
W4_dense,clearance_A=7.5,centered_orientation_rmse,kcal/mol,glider,10,0.0026467123618878,0.0020115152531161,0.0033319554466424,zero,-0.0089738236530494,-0.0124418882183553,-0.0060278952291653,0.0116205360149372,0.772238358154419,10.0,0.0,0.001953125,-1.646900620433969,
W4_dense,clearance_A=7.5,centered_orientation_rmse,kcal/mol,glider,10,0.0026467123618878,0.0020115152531161,0.0033319554466424,mace_polar_l,-0.0001184380153448,-0.0005988226896209,0.0002998084878243,0.0027651503772326,0.0428323957785444,4.0,0.0,0.75390625,-0.1535283127090397,
W4_dense,clearance_A=7.5,centered_orientation_rmse,kcal/mol,glider,10,0.0026467123618878,0.0020115152531161,0.0033319554466424,exact_dipole,-0.005201398966879,-0.0075372449284245,-0.0028380057211345,0.0078481113287668,0.6627580508209143,9.0,0.0,0.021484375,-1.2989475354109683,
W4_dense,clearance_A=7.5,centered_orientation_rmse,kcal/mol,mace_polar_l,10,0.0027651503772326,0.0021639864342697,0.0033888360585542,,,,,,,,,,,
W4_dense,clearance_A=7.5,centered_orientation_rmse,kcal/mol,mace_polar_l,10,0.0027651503772326,0.0021639864342697,0.0033888360585542,zero,-0.0088553856377045,-0.0123471664199593,-0.0060532746567286,0.0116205360149372,0.7620462280157939,10.0,0.0,0.001953125,-1.6503600157896832,
W4_dense,clearance_A=7.5,centered_orientation_rmse,kcal/mol,mace_polar_l,10,0.0027651503772326,0.0021639864342697,0.0033888360585542,exact_dipole,-0.0050829609515342,-0.0072221572466998,-0.0029637293477241,0.0078481113287668,0.6476667746675434,10.0,0.0,0.001953125,-1.4092062524088795,
W4_dense,clearance_A=7.5,centered_orientation_rmse,kcal/mol,zero,10,0.0116205360149372,0.0083857118763138,0.0155084023812925,,,,,,,,,,,
W4_dense,clearance_A=7.5,centered_orientation_rmse,kcal/mol,zero,10,0.0116205360149372,0.0083857118763138,0.0155084023812925,mace_polar_l,0.0088553856377045,0.0060532746567286,0.0123471664199593,0.0027651503772326,-3.2024969457780808,0.0,0.0,0.001953125,1.6503600157896832,
W4_dense,clearance_A=7.5,centered_orientation_rmse,kcal/mol,zero,10,0.0116205360149372,0.0083857118763138,0.0155084023812925,exact_dipole,0.0037724246861703,0.0017995442749229,0.0064507110486109,0.0078481113287668,-0.480679303355789,0.0,0.0,0.001953125,0.936379815273798,
W4_dense,clearance_A=7.5,centered_orientation_nrmse,1,exact_dipole,10,0.7614142594401939,0.5774473265678459,0.9372097741716732,,,,,,,,,,,
W4_dense,clearance_A=7.5,centered_orientation_nrmse,1,exact_dipole,10,0.7614142594401939,0.5774473265678459,0.9372097741716732,zero,-0.2385857405598059,-0.4225526734321541,-0.0627902258283269,1.0,0.238585740559806,8.0,0.0,0.109375,-0.7792861038946152,
W4_dense,clearance_A=7.5,centered_orientation_nrmse,1,exact_dipole,10,0.7614142594401939,0.5774473265678459,0.9372097741716732,mace_polar_l,0.4599932388879376,0.3014536617357525,0.6152991214093146,0.3014210205522564,-1.5260821492978458,0.0,0.0,0.001953125,1.724200990314273,
W4_dense,clearance_A=7.5,centered_orientation_nrmse,1,exact_dipole_quadrupole,10,0.4168667297235167,0.2626658277756393,0.5696205692656415,,,,,,,,,,,
W4_dense,clearance_A=7.5,centered_orientation_nrmse,1,exact_dipole_quadrupole,10,0.4168667297235167,0.2626658277756393,0.5696205692656415,zero,-0.5831332702764833,-0.7373341722243607,-0.4303794307343585,1.0,0.5831332702764833,10.0,0.0,0.001953125,-2.23346174761292,
W4_dense,clearance_A=7.5,centered_orientation_nrmse,1,exact_dipole_quadrupole,10,0.4168667297235167,0.2626658277756393,0.5696205692656415,mace_polar_l,0.1154457091712603,-0.027075439695617,0.2630633593045177,0.3014210205522564,-0.3830048380824384,3.0,0.0,0.34375,0.4665256358826363,
W4_dense,clearance_A=7.5,centered_orientation_nrmse,1,exact_dipole_quadrupole,10,0.4168667297235167,0.2626658277756393,0.5696205692656415,exact_dipole,-0.3445475297166772,-0.4273804590701839,-0.2705005976046597,0.7614142594401939,0.452509951639197,10.0,0.0,0.001953125,-2.60139433225714,
W4_dense,clearance_A=7.5,centered_orientation_nrmse,1,exact_dipole_quadrupole_octupole,10,0.3108398992514721,0.1714578844575274,0.4520203385517556,,,,,,,,,,,
W4_dense,clearance_A=7.5,centered_orientation_nrmse,1,exact_dipole_quadrupole_octupole,10,0.3108398992514721,0.1714578844575274,0.4520203385517556,zero,-0.6891601007485277,-0.8285421155424725,-0.5479796614482444,1.0,0.6891601007485278,10.0,0.0,0.001953125,-2.8681066967392743,
W4_dense,clearance_A=7.5,centered_orientation_nrmse,1,exact_dipole_quadrupole_octupole,10,0.3108398992514721,0.1714578844575274,0.4520203385517556,mace_polar_l,0.0094188786992157,-0.127087157645924,0.151679242572332,0.3014210205522564,-0.0312482476569109,5.0,0.0,1.0,0.0397217021171021,
W4_dense,clearance_A=7.5,centered_orientation_nrmse,1,exact_dipole_quadrupole_octupole,10,0.3108398992514721,0.1714578844575274,0.4520203385517556,exact_dipole,-0.4505743601887218,-0.5533360843221068,-0.3622352914675027,0.7614142594401939,0.5917598135343466,10.0,0.0,0.001953125,-2.78477733864695,
W4_dense,clearance_A=7.5,centered_orientation_nrmse,1,glider,10,0.2898539530858918,0.2192379119282251,0.3669595933617444,,,,,,,,,,,
W4_dense,clearance_A=7.5,centered_orientation_nrmse,1,glider,10,0.2898539530858918,0.2192379119282251,0.3669595933617444,zero,-0.7101460469141083,-0.7807620880717748,-0.6330404066382557,1.0,0.7101460469141082,10.0,0.0,0.001953125,-5.659329316832115,
W4_dense,clearance_A=7.5,centered_orientation_nrmse,1,glider,10,0.2898539530858918,0.2192379119282251,0.3669595933617444,mace_polar_l,-0.0115670674663646,-0.0793403706967747,0.0442344275322853,0.3014210205522564,0.0383751187796116,4.0,0.0,0.75390625,-0.1090221566052149,
W4_dense,clearance_A=7.5,centered_orientation_nrmse,1,glider,10,0.2898539530858918,0.2192379119282251,0.3669595933617444,exact_dipole,-0.4715603063543023,-0.6565269681557266,-0.2772159238738159,0.7614142594401939,0.619321611734724,9.0,0.0,0.021484375,-1.4574339234851417,
W4_dense,clearance_A=7.5,centered_orientation_nrmse,1,mace_polar_l,10,0.3014210205522564,0.2414184182689993,0.3668765555259425,,,,,,,,,,,
W4_dense,clearance_A=7.5,centered_orientation_nrmse,1,mace_polar_l,10,0.3014210205522564,0.2414184182689993,0.3668765555259425,zero,-0.6985789794477436,-0.7585815817310007,-0.6331234444740576,1.0,0.6985789794477436,10.0,0.0,0.001953125,-6.59333967570031,
W4_dense,clearance_A=7.5,centered_orientation_nrmse,1,mace_polar_l,10,0.3014210205522564,0.2414184182689993,0.3668765555259425,exact_dipole,-0.4599932388879376,-0.6152991214093148,-0.301453661735753,0.7614142594401939,0.6041300555969797,10.0,0.0,0.001953125,-1.724200990314273,
W4_dense,clearance_A=7.5,centered_orientation_nrmse,1,zero,10,1.0,1.0,1.0,,,,,,,,,,,
W4_dense,clearance_A=7.5,centered_orientation_nrmse,1,zero,10,1.0,1.0,1.0,mace_polar_l,0.6985789794477436,0.6331234444740574,0.7585815817310005,0.3014210205522564,-2.317618652368119,0.0,0.0,0.001953125,6.59333967570031,
W4_dense,clearance_A=7.5,centered_orientation_nrmse,1,zero,10,1.0,1.0,1.0,exact_dipole,0.2385857405598059,0.0627902258283268,0.4225526734321541,0.7614142594401939,-0.3133455114633903,2.0,0.0,0.109375,0.7792861038946152,
W4_dense,clearance_A=7.5,torque_vrmse,kcal/mol,exact_dipole,10,0.0116151267003054,0.007838095830657,0.0153101622819239,,,,,,,,,,,
W4_dense,clearance_A=7.5,torque_vrmse,kcal/mol,exact_dipole,10,0.0116151267003054,0.007838095830657,0.0153101622819239,zero,-0.0055225400482277,-0.0094325438334714,-0.0026069678989224,0.0171376667485331,0.3222457367891359,10.0,0.0,0.001953125,-0.938894627233088,
W4_dense,clearance_A=7.5,torque_vrmse,kcal/mol,exact_dipole,10,0.0116151267003054,0.007838095830657,0.0153101622819239,mace_polar_l,0.0074518743857909,0.0043493890467013,0.0105781874663116,0.0041632523145145,-1.7899165899244576,0.0,0.0,0.001953125,1.408648636464096,
W4_dense,clearance_A=7.5,torque_vrmse,kcal/mol,exact_dipole_quadrupole,10,0.0069814530422391,0.004055724200974,0.009961564558414,,,,,,,,,,,
W4_dense,clearance_A=7.5,torque_vrmse,kcal/mol,exact_dipole_quadrupole,10,0.0069814530422391,0.004055724200974,0.009961564558414,zero,-0.010156213706294,-0.0149826853564495,-0.0065671920822748,0.0171376667485331,0.5926252304540434,10.0,0.0,0.001953125,-1.3968852686211275,
W4_dense,clearance_A=7.5,torque_vrmse,kcal/mol,exact_dipole_quadrupole,10,0.0069814530422391,0.004055724200974,0.009961564558414,mace_polar_l,0.0028182007277245,0.0004316621065331,0.0054433580730853,0.0041632523145145,-0.6769228753922485,3.0,0.0,0.34375,0.657713417187613,
W4_dense,clearance_A=7.5,torque_vrmse,kcal/mol,exact_dipole_quadrupole,10,0.0069814530422391,0.004055724200974,0.009961564558414,exact_dipole,-0.0046336736580663,-0.0059582137684243,-0.0033291264689237,0.0116151267003054,0.3989344049036052,10.0,0.0,0.001953125,-2.0683827057425463,
W4_dense,clearance_A=7.5,torque_vrmse,kcal/mol,exact_dipole_quadrupole_octupole,10,0.0051682271238031,0.0027161728631759,0.0077004626902923,,,,,,,,,,,
W4_dense,clearance_A=7.5,torque_vrmse,kcal/mol,exact_dipole_quadrupole_octupole,10,0.0051682271238031,0.0027161728631759,0.0077004626902923,zero,-0.01196943962473,-0.0172819061109513,-0.0081710081466274,0.0171376667485331,0.6984287768201902,10.0,0.0,0.001953125,-1.5108462369925657,
W4_dense,clearance_A=7.5,torque_vrmse,kcal/mol,exact_dipole_quadrupole_octupole,10,0.0051682271238031,0.0027161728631759,0.0077004626902923,mace_polar_l,0.0010049748092885,-0.0009887591549778,0.0032291827638095,0.0041632523145145,-0.2413917613844616,4.0,0.0,0.75390625,0.2776765247246545,
W4_dense,clearance_A=7.5,torque_vrmse,kcal/mol,exact_dipole_quadrupole_octupole,10,0.0051682271238031,0.0027161728631759,0.0077004626902923,exact_dipole,-0.0064468995765023,-0.0082823413909079,-0.0046388991784358,0.0116151267003054,0.555043413889992,10.0,0.0,0.001953125,-2.0743144454262588,
W4_dense,clearance_A=7.5,torque_vrmse,kcal/mol,glider,10,0.0039680406261659,0.0030242858132265,0.0049980642509131,,,,,,,,,,,
W4_dense,clearance_A=7.5,torque_vrmse,kcal/mol,glider,10,0.0039680406261659,0.0030242858132265,0.0049980642509131,zero,-0.0131696261223672,-0.0183023031351487,-0.0088611597540861,0.0171376667485331,0.7684608596730035,10.0,0.0,0.001953125,-1.6377426320271344,
W4_dense,clearance_A=7.5,torque_vrmse,kcal/mol,glider,10,0.0039680406261659,0.0030242858132265,0.0049980642509131,mace_polar_l,-0.0001952116883485,-0.000915153404626,0.0004367653442637,0.0041632523145145,0.0468892283246948,4.0,0.0,0.75390625,-0.1687283343303541,
W4_dense,clearance_A=7.5,torque_vrmse,kcal/mol,glider,10,0.0039680406261659,0.0030242858132265,0.0049980642509131,exact_dipole,-0.0076470860741395,-0.0110662786014496,-0.0041763742588169,0.0116151267003054,0.6583730226497158,9.0,0.0,0.021484375,-1.3028971924185115,
W4_dense,clearance_A=7.5,torque_vrmse,kcal/mol,mace_polar_l,10,0.0041632523145145,0.0032730147434318,0.0051025469590638,,,,,,,,,,,
W4_dense,clearance_A=7.5,torque_vrmse,kcal/mol,mace_polar_l,10,0.0041632523145145,0.0032730147434318,0.0051025469590638,zero,-0.0129744144340186,-0.0181579553260478,-0.0088730880812467,0.0171376667485331,0.7570700623601024,10.0,0.0,0.001953125,-1.631711987857534,
W4_dense,clearance_A=7.5,torque_vrmse,kcal/mol,mace_polar_l,10,0.0041632523145145,0.0032730147434318,0.0051025469590638,exact_dipole,-0.0074518743857909,-0.0105781874663116,-0.0043493890467013,0.0116151267003054,0.6415663451690945,10.0,0.0,0.001953125,-1.408648636464096,
W4_dense,clearance_A=7.5,torque_vrmse,kcal/mol,zero,10,0.0171376667485331,0.0124161731720162,0.0228916504735631,,,,,,,,,,,
W4_dense,clearance_A=7.5,torque_vrmse,kcal/mol,zero,10,0.0171376667485331,0.0124161731720162,0.0228916504735631,mace_polar_l,0.0129744144340186,0.0088730880812467,0.0181579553260478,0.0041632523145145,-3.1164131918657576,0.0,0.0,0.001953125,1.631711987857534,
W4_dense,clearance_A=7.5,torque_vrmse,kcal/mol,zero,10,0.0171376667485331,0.0124161731720162,0.0228916504735631,exact_dipole,0.0055225400482277,0.0026069678989224,0.0094325438334714,0.0116151267003054,-0.475461025154597,0.0,0.0,0.001953125,0.938894627233088,
W4_dense,clearance_A=7.5,esp_rmse_mEh,mEh/e,exact_dipole,10,0.1326339385517359,0.0867554912207635,0.1780394612730984,,,,,,,,,,,
W4_dense,clearance_A=7.5,esp_rmse_mEh,mEh/e,exact_dipole,10,0.1326339385517359,0.0867554912207635,0.1780394612730984,zero,-0.1453536909191563,-0.2290328202072775,-0.0848480462977469,0.2779876294708923,0.5228782705036741,10.0,0.0,0.001953125,-1.166092530106008,
W4_dense,clearance_A=7.5,esp_rmse_mEh,mEh/e,exact_dipole,10,0.1326339385517359,0.0867554912207635,0.1780394612730984,mace_polar_l,0.0668513567307297,0.0329030752628011,0.1027474561912084,0.0657825818210062,-1.016247080612183,1.0,0.0,0.021484375,1.1224375079297222,
W4_dense,clearance_A=7.5,esp_rmse_mEh,mEh/e,exact_dipole_quadrupole,10,0.0555359870965956,0.0323196609717546,0.0790096285915392,,,,,,,,,,,
W4_dense,clearance_A=7.5,esp_rmse_mEh,mEh/e,exact_dipole_quadrupole,10,0.0555359870965956,0.0323196609717546,0.0790096285915392,zero,-0.2224516423742966,-0.320161545014251,-0.1525488093579132,0.2779876294708923,0.8002213724319313,10.0,0.0,0.001953125,-1.5253071476301474,
W4_dense,clearance_A=7.5,esp_rmse_mEh,mEh/e,exact_dipole_quadrupole,10,0.0555359870965956,0.0323196609717546,0.0790096285915392,mace_polar_l,-0.0102465947244105,-0.0280033923255195,0.0105567203274605,0.0657825818210062,0.1557645571329424,7.0,0.0,0.34375,-0.3090470668909427,
W4_dense,clearance_A=7.5,esp_rmse_mEh,mEh/e,exact_dipole_quadrupole,10,0.0555359870965956,0.0323196609717546,0.0790096285915392,exact_dipole,-0.0770979514551402,-0.1014696136277051,-0.0523933440300672,0.1326339385517359,0.5812837370057213,10.0,0.0,0.001953125,-1.843467653615312,
W4_dense,clearance_A=7.5,esp_rmse_mEh,mEh/e,exact_dipole_quadrupole_octupole,10,0.0362590918624903,0.0184067152596009,0.0552503606174412,,,,,,,,,,,
W4_dense,clearance_A=7.5,esp_rmse_mEh,mEh/e,exact_dipole_quadrupole_octupole,10,0.0362590918624903,0.0184067152596009,0.0552503606174412,zero,-0.241728537608402,-0.3443502432775433,-0.1669087278911703,0.2779876294708923,0.8695658079048192,10.0,0.0,0.001953125,-1.572440793526648,
W4_dense,clearance_A=7.5,esp_rmse_mEh,mEh/e,exact_dipole_quadrupole_octupole,10,0.0362590918624903,0.0184067152596009,0.0552503606174412,mace_polar_l,-0.0295234899585159,-0.0485589077169257,-0.0103532363018533,0.0657825818210062,0.4488040624317402,8.0,0.0,0.109375,-0.9061729298040682,
W4_dense,clearance_A=7.5,esp_rmse_mEh,mEh/e,exact_dipole_quadrupole_octupole,10,0.0362590918624903,0.0184067152596009,0.0552503606174412,exact_dipole,-0.0963748466892456,-0.1270903139902621,-0.0654760304768698,0.1326339385517359,0.7266228217422128,10.0,0.0,0.001953125,-1.8283651141443933,
W4_dense,clearance_A=7.5,esp_rmse_mEh,mEh/e,glider,10,0.0640188938935244,0.0450695263832826,0.0856502356970755,,,,,,,,,,,
W4_dense,clearance_A=7.5,esp_rmse_mEh,mEh/e,glider,10,0.0640188938935244,0.0450695263832826,0.0856502356970755,zero,-0.2139687355773679,-0.3062450045450573,-0.1399588991312509,0.2779876294708923,0.7697059613214633,10.0,0.0,0.001953125,-1.5103758419192357,
W4_dense,clearance_A=7.5,esp_rmse_mEh,mEh/e,glider,10,0.0640188938935244,0.0450695263832826,0.0856502356970755,mace_polar_l,-0.0017636879274818,-0.0171023637451591,0.0120767270862734,0.0657825818210062,0.0268108651053079,4.0,0.0,0.75390625,-0.0702596531459352,
W4_dense,clearance_A=7.5,esp_rmse_mEh,mEh/e,glider,10,0.0640188938935244,0.0450695263832826,0.0856502356970755,exact_dipole,-0.0686150446582115,-0.1141349148688568,-0.0251462526122628,0.1326339385517359,0.5173264505860028,8.0,0.0,0.109375,-0.9062805317885362,
W4_dense,clearance_A=7.5,esp_rmse_mEh,mEh/e,mace_polar_l,10,0.0657825818210062,0.0480528713487931,0.0851138018071812,,,,,,,,,,,
W4_dense,clearance_A=7.5,esp_rmse_mEh,mEh/e,mace_polar_l,10,0.0657825818210062,0.0480528713487931,0.0851138018071812,zero,-0.2122050476498861,-0.3072931475663797,-0.1390389871364017,0.2779876294708923,0.763361477824702,10.0,0.0,0.001953125,-1.4654845262393663,
W4_dense,clearance_A=7.5,esp_rmse_mEh,mEh/e,mace_polar_l,10,0.0657825818210062,0.0480528713487931,0.0851138018071812,exact_dipole,-0.0668513567307297,-0.1027474561912085,-0.0329030752628011,0.1326339385517359,0.5040290400835323,9.0,0.0,0.021484375,-1.1224375079297222,
W4_dense,clearance_A=7.5,esp_rmse_mEh,mEh/e,zero,10,0.2779876294708923,0.1967801132334211,0.3829481107654072,,,,,,,,,,,
W4_dense,clearance_A=7.5,esp_rmse_mEh,mEh/e,zero,10,0.2779876294708923,0.1967801132334211,0.3829481107654072,mace_polar_l,0.2122050476498861,0.1390389871364016,0.3072931475663796,0.0657825818210062,-3.2258546529428376,0.0,0.0,0.001953125,1.4654845262393663,
W4_dense,clearance_A=7.5,esp_rmse_mEh,mEh/e,zero,10,0.2779876294708923,0.1967801132334211,0.3829481107654072,exact_dipole,0.1453536909191563,0.0848480462977468,0.2290328202072773,0.1326339385517359,-1.095901188687531,0.0,0.0,0.001953125,1.166092530106008,
W4_dense,clearance_A=7.5,field_vrmse,kcal/mol/e/A,exact_dipole,10,0.0290449590953764,0.0196333539625484,0.0382280682052169,,,,,,,,,,,
W4_dense,clearance_A=7.5,field_vrmse,kcal/mol/e/A,exact_dipole,10,0.0290449590953764,0.0196333539625484,0.0382280682052169,zero,-0.014011914434086,-0.0237971990522303,-0.0067928548951819,0.0430568735294625,0.3254280509823395,10.0,0.0,0.001953125,-0.953265848199624,
W4_dense,clearance_A=7.5,field_vrmse,kcal/mol/e/A,exact_dipole,10,0.0290449590953764,0.0196333539625484,0.0382280682052169,mace_polar_l,0.0186367205323459,0.0108887016818826,0.0264516176285687,0.0104082385630304,-1.7905739207921885,0.0,0.0,0.001953125,1.410566666651278,
W4_dense,clearance_A=7.5,field_vrmse,kcal/mol/e/A,exact_dipole_quadrupole,10,0.0174160150981395,0.0101788176749588,0.0246786640176688,,,,,,,,,,,
W4_dense,clearance_A=7.5,field_vrmse,kcal/mol/e/A,exact_dipole_quadrupole,10,0.0174160150981395,0.0101788176749588,0.0246786640176688,zero,-0.0256408584313229,-0.0375638477420835,-0.0168663619424262,0.0430568735294625,0.5955113859759853,10.0,0.0,0.001953125,-1.4321513003628723,
W4_dense,clearance_A=7.5,field_vrmse,kcal/mol/e/A,exact_dipole_quadrupole,10,0.0174160150981395,0.0101788176749588,0.0246786640176688,mace_polar_l,0.007007776535109,0.0011637605400659,0.0133467904196468,0.0104082385630304,-0.6732913059852741,3.0,0.0,0.34375,0.673328857351386,
W4_dense,clearance_A=7.5,field_vrmse,kcal/mol/e/A,exact_dipole_quadrupole,10,0.0174160150981395,0.0101788176749588,0.0246786640176688,exact_dipole,-0.0116289439972368,-0.0148311215581606,-0.0083963966308936,0.0290449590953764,0.4003773583929072,10.0,0.0,0.001953125,-2.108893933077378,
W4_dense,clearance_A=7.5,field_vrmse,kcal/mol/e/A,exact_dipole_quadrupole_octupole,10,0.0126895672202428,0.0066871881988758,0.0188997208217315,,,,,,,,,,,
W4_dense,clearance_A=7.5,field_vrmse,kcal/mol/e/A,exact_dipole_quadrupole_octupole,10,0.0126895672202428,0.0066871881988758,0.0188997208217315,zero,-0.0303673063092196,-0.043599313015474,-0.0208870522821738,0.0430568735294625,0.7052835893539796,10.0,0.0,0.001953125,-1.536909829249654,
W4_dense,clearance_A=7.5,field_vrmse,kcal/mol/e/A,exact_dipole_quadrupole_octupole,10,0.0126895672202428,0.0066871881988758,0.0188997208217315,mace_polar_l,0.0022813286572123,-0.00261831309656,0.0077363169603169,0.0104082385630304,-0.2191848931398929,4.0,0.0,0.75390625,0.2570414940998598,
W4_dense,clearance_A=7.5,field_vrmse,kcal/mol/e/A,exact_dipole_quadrupole_octupole,10,0.0126895672202428,0.0066871881988758,0.0188997208217315,exact_dipole,-0.0163553918751336,-0.0209845378193168,-0.0117431672106396,0.0290449590953764,0.5631060392072357,10.0,0.0,0.001953125,-2.0752705317338136,
W4_dense,clearance_A=7.5,field_vrmse,kcal/mol/e/A,glider,10,0.0099152380529747,0.007551747536968,0.0124762016650545,,,,,,,,,,,
W4_dense,clearance_A=7.5,field_vrmse,kcal/mol/e/A,glider,10,0.0099152380529747,0.007551747536968,0.0124762016650545,zero,-0.0331416354764877,-0.0459341011404383,-0.0223685405504734,0.0430568735294625,0.769717649234563,10.0,0.0,0.001953125,-1.6520883313043255,
W4_dense,clearance_A=7.5,field_vrmse,kcal/mol/e/A,glider,10,0.0099152380529747,0.007551747536968,0.0124762016650545,mace_polar_l,-0.0004930005100557,-0.0022926561662029,0.0010789349821534,0.0104082385630304,0.0473663730006007,4.0,0.0,0.75390625,-0.1704217262938996,
W4_dense,clearance_A=7.5,field_vrmse,kcal/mol/e/A,glider,10,0.0099152380529747,0.007551747536968,0.0124762016650545,exact_dipole,-0.0191297210424017,-0.027682589124649,-0.0104442288069054,0.0290449590953764,0.6586244786775025,9.0,0.0,0.021484375,-1.304632722212644,
W4_dense,clearance_A=7.5,field_vrmse,kcal/mol/e/A,mace_polar_l,10,0.0104082385630304,0.0081896339933103,0.0127262256605144,,,,,,,,,,,
W4_dense,clearance_A=7.5,field_vrmse,kcal/mol/e/A,mace_polar_l,10,0.0104082385630304,0.0081896339933103,0.0127262256605144,zero,-0.032648634966432,-0.0455613140409214,-0.0223907952529976,0.0430568735294625,0.7582676653029987,10.0,0.0,0.001953125,-1.647639591908107,
W4_dense,clearance_A=7.5,field_vrmse,kcal/mol/e/A,mace_polar_l,10,0.0104082385630304,0.0081896339933103,0.0127262256605144,exact_dipole,-0.0186367205323459,-0.0264516176285687,-0.0108887016818826,0.0290449590953764,0.6416507756525869,10.0,0.0,0.001953125,-1.410566666651278,
W4_dense,clearance_A=7.5,field_vrmse,kcal/mol/e/A,zero,10,0.0430568735294625,0.0312457155753256,0.0574106926724678,,,,,,,,,,,
W4_dense,clearance_A=7.5,field_vrmse,kcal/mol/e/A,zero,10,0.0430568735294625,0.0312457155753256,0.0574106926724678,mace_polar_l,0.032648634966432,0.0223907952529976,0.0455613140409214,0.0104082385630304,-3.1368069408399464,0.0,0.0,0.001953125,1.647639591908107,
W4_dense,clearance_A=7.5,field_vrmse,kcal/mol/e/A,zero,10,0.0430568735294625,0.0312457155753256,0.0574106926724678,exact_dipole,0.014011914434086,0.0067928548951819,0.0237971990522303,0.0290449590953764,-0.4824215585249896,0.0,0.0,0.001953125,0.953265848199624,
W4_dense,clearance_A=7.5,force_vrmse,kcal/mol/A,exact_dipole,10,0.0034689117325622,0.0024073038792429,0.0044968329465912,,,,,,,,,,,
W4_dense,clearance_A=7.5,force_vrmse,kcal/mol/A,exact_dipole,10,0.0034689117325622,0.0024073038792429,0.0044968329465912,zero,-0.0007268545345252,-0.0013315341357598,-0.0001744861077293,0.0041957662670875,0.1732352300524606,8.0,0.0,0.109375,-0.741544067146735,
W4_dense,clearance_A=7.5,force_vrmse,kcal/mol/A,exact_dipole,10,0.0034689117325622,0.0024073038792429,0.0044968329465912,mace_polar_l,0.0023665011018655,0.0014299925732373,0.0032972791976544,0.0011024106306966,-2.146660269749045,0.0,0.0,0.001953125,1.491217124260681,
W4_dense,clearance_A=7.5,force_vrmse,kcal/mol/A,exact_dipole_quadrupole,10,0.0026549436302207,0.0015825746722462,0.0037270005712154,,,,,,,,,,,
W4_dense,clearance_A=7.5,force_vrmse,kcal/mol/A,exact_dipole_quadrupole,10,0.0026549436302207,0.0015825746722462,0.0037270005712154,zero,-0.0015408226368667,-0.0024312549711531,-0.0007174679739555,0.0041957662670875,0.3672327147852098,9.0,0.0,0.021484375,-1.0570635217116695,
W4_dense,clearance_A=7.5,force_vrmse,kcal/mol/A,exact_dipole_quadrupole,10,0.0026549436302207,0.0015825746722462,0.0037270005712154,mace_polar_l,0.001552532999524,0.0005832281527288,0.0025514824998861,0.0011024106306966,-1.40830735507596,2.0,0.0,0.109375,0.9251433707120004,
W4_dense,clearance_A=7.5,force_vrmse,kcal/mol/A,exact_dipole_quadrupole,10,0.0026549436302207,0.0015825746722462,0.0037270005712154,exact_dipole,-0.0008139681023414,-0.0011990318891846,-0.0004792663587227,0.0034689117325622,0.2346465304091982,10.0,0.0,0.001953125,-1.3406774175040603,
W4_dense,clearance_A=7.5,force_vrmse,kcal/mol/A,exact_dipole_quadrupole_octupole,10,0.0022022859076391,0.0011800838216647,0.0032548000438551,,,,,,,,,,,
W4_dense,clearance_A=7.5,force_vrmse,kcal/mol/A,exact_dipole_quadrupole_octupole,10,0.0022022859076391,0.0011800838216647,0.0032548000438551,zero,-0.0019934803594483,-0.0030468251631955,-0.0010686480970597,0.0041957662670875,0.4751171139073361,9.0,0.0,0.021484375,-1.1802930676651182,
W4_dense,clearance_A=7.5,force_vrmse,kcal/mol/A,exact_dipole_quadrupole_octupole,10,0.0022022859076391,0.0011800838216647,0.0032548000438551,mace_polar_l,0.0010998752769424,0.0001604374331194,0.0021022920464518,0.0011024106306966,-0.9977001729812456,3.0,0.0,0.34375,0.6640197035213341,
W4_dense,clearance_A=7.5,force_vrmse,kcal/mol/A,exact_dipole_quadrupole_octupole,10,0.0022022859076391,0.0011800838216647,0.0032548000438551,exact_dipole,-0.0012666258249231,-0.0018312633974922,-0.0007889517283041,0.0034689117325622,0.3651363662653777,10.0,0.0,0.001953125,-1.4294623716461388,
W4_dense,clearance_A=7.5,force_vrmse,kcal/mol/A,glider,10,0.0010232897390291,0.0008238196678522,0.0012299666776865,,,,,,,,,,,
W4_dense,clearance_A=7.5,force_vrmse,kcal/mol/A,glider,10,0.0010232897390291,0.0008238196678522,0.0012299666776865,zero,-0.0031724765280583,-0.0042150747545919,-0.0022148950900422,0.0041957662670875,0.7561137408782589,10.0,0.0,0.001953125,-1.8729903098954184,
W4_dense,clearance_A=7.5,force_vrmse,kcal/mol/A,glider,10,0.0010232897390291,0.0008238196678522,0.0012299666776865,mace_polar_l,-7.91208916675222e-05,-0.0002344650815379,4.506161082925963e-05,0.0011024106306966,0.0717707988878155,4.0,0.0,0.75390625,-0.327785681515279,
W4_dense,clearance_A=7.5,force_vrmse,kcal/mol/A,glider,10,0.0010232897390291,0.0008238196678522,0.0012299666776865,exact_dipole,-0.0024456219935331,-0.0033978917764787,-0.0014580143579661,0.0034689117325622,0.7050113067381713,10.0,0.0,0.001953125,-1.4810922765981396,
W4_dense,clearance_A=7.5,force_vrmse,kcal/mol/A,mace_polar_l,10,0.0011024106306966,0.0009283337491484,0.0012923302028416,,,,,,,,,,,
W4_dense,clearance_A=7.5,force_vrmse,kcal/mol/A,mace_polar_l,10,0.0011024106306966,0.0009283337491484,0.0012923302028416,zero,-0.0030933556363908,-0.0041505684107232,-0.0021696486149331,0.0041957662670875,0.7372564245667754,10.0,0.0,0.001953125,-1.8394091410351543,
W4_dense,clearance_A=7.5,force_vrmse,kcal/mol/A,mace_polar_l,10,0.0011024106306966,0.0009283337491484,0.0012923302028416,exact_dipole,-0.0023665011018655,-0.0032972791976544,-0.0014299925732373,0.0034689117325622,0.6822027437745122,10.0,0.0,0.001953125,-1.491217124260681,
W4_dense,clearance_A=7.5,force_vrmse,kcal/mol/A,zero,10,0.0041957662670875,0.0031482263856621,0.0053548496702416,,,,,,,,,,,
W4_dense,clearance_A=7.5,force_vrmse,kcal/mol/A,zero,10,0.0041957662670875,0.0031482263856621,0.0053548496702416,mace_polar_l,0.0030933556363908,0.0021696486149331,0.0041505684107232,0.0011024106306966,-2.8059922049517305,0.0,0.0,0.001953125,1.8394091410351543,
W4_dense,clearance_A=7.5,force_vrmse,kcal/mol/A,zero,10,0.0041957662670875,0.0031482263856621,0.0053548496702416,exact_dipole,0.0007268545345252,0.0001744861077293,0.0013315341357598,0.0034689117325622,-0.2095338799492545,2.0,0.0,0.109375,0.741544067146735,
W4_dense,clearance_A=10.0,energy_mae,kcal/mol,exact_dipole,10,0.0033127561180181,0.0022032353636039,0.0043882801541122,,,,,,,,,,,
W4_dense,clearance_A=10.0,energy_mae,kcal/mol,exact_dipole,10,0.0033127561180181,0.0022032353636039,0.0043882801541122,zero,-0.002436030832315,-0.0040114983318527,-0.0013307412128343,0.0057487869503332,0.4237469318938479,10.0,0.0,0.001953125,-1.0439126758211563,
W4_dense,clearance_A=10.0,energy_mae,kcal/mol,exact_dipole,10,0.0033127561180181,0.0022032353636039,0.0043882801541122,mace_polar_l,0.0019508242004011,0.0010920370727651,0.0028386743038795,0.0013619319176169,-1.4323948026819302,0.0,0.0,0.001953125,1.3133280460425496,
W4_dense,clearance_A=10.0,energy_mae,kcal/mol,exact_dipole_quadrupole,10,0.0015631251017863,0.0009155845450509,0.0022159294895658,,,,,,,,,,,
W4_dense,clearance_A=10.0,energy_mae,kcal/mol,exact_dipole_quadrupole,10,0.0015631251017863,0.0009155845450509,0.0022159294895658,zero,-0.0041856618485468,-0.0059850967832046,-0.0028851672152888,0.0057487869503332,0.7280947936858635,10.0,0.0,0.001953125,-1.5652615600390212,
W4_dense,clearance_A=10.0,energy_mae,kcal/mol,exact_dipole_quadrupole,10,0.0015631251017863,0.0009155845450509,0.0022159294895658,mace_polar_l,0.0002011931841694,-0.0002616512660106,0.0007380165297297,0.0013619319176169,-0.147726315513222,5.0,0.0,1.0,0.2355445283111374,
W4_dense,clearance_A=10.0,energy_mae,kcal/mol,exact_dipole_quadrupole,10,0.0015631251017863,0.0009155845450509,0.0022159294895658,exact_dipole,-0.0017496310162317,-0.0022755294553624,-0.0012177952497177,0.0033127561180181,0.5281496596491029,10.0,0.0,0.001953125,-1.919482703994422,
W4_dense,clearance_A=10.0,energy_mae,kcal/mol,exact_dipole_quadrupole_octupole,10,0.0009645767169836,0.0005077848146422,0.0014406584195857,,,,,,,,,,,
W4_dense,clearance_A=10.0,energy_mae,kcal/mol,exact_dipole_quadrupole_octupole,10,0.0009645767169836,0.0005077848146422,0.0014406584195857,zero,-0.0047842102333495,-0.0067536769924493,-0.0033413017569455,0.0057487869503332,0.8322121300863699,10.0,0.0,0.001953125,-1.6231031033158472,
W4_dense,clearance_A=10.0,energy_mae,kcal/mol,exact_dipole_quadrupole_octupole,10,0.0009645767169836,0.0005077848146422,0.0014406584195857,mace_polar_l,-0.0003973552006332,-0.0007790464500961,3.229498835858117e-05,0.0013619319176169,0.2917584906362627,8.0,0.0,0.109375,-0.5745990189233018,
W4_dense,clearance_A=10.0,energy_mae,kcal/mol,exact_dipole_quadrupole_octupole,10,0.0009645767169836,0.0005077848146422,0.0014406584195857,exact_dipole,-0.0023481794010344,-0.0030408299333218,-0.0016273458664169,0.0033127561180181,0.7088295417409878,10.0,0.0,0.001953125,-1.9478504883409264,
W4_dense,clearance_A=10.0,energy_mae,kcal/mol,glider,10,0.0013052942919684,0.0009510107201819,0.0016936497891578,,,,,,,,,,,
W4_dense,clearance_A=10.0,energy_mae,kcal/mol,glider,10,0.0013052942919684,0.0009510107201819,0.0016936497891578,zero,-0.0044434926583647,-0.0062572469089166,-0.0029381422300532,0.0057487869503332,0.7729443962273147,10.0,0.0,0.001953125,-1.5711340017444435,
W4_dense,clearance_A=10.0,energy_mae,kcal/mol,glider,10,0.0013052942919684,0.0009510107201819,0.0016936497891578,mace_polar_l,-5.663762564851624e-05,-0.0003344583900434,0.0001813527074333,0.0013619319176169,0.0415862385746992,4.0,0.0,0.75390625,-0.1272352606060956,
W4_dense,clearance_A=10.0,energy_mae,kcal/mol,glider,10,0.0013052942919684,0.0009510107201819,0.0016936497891578,exact_dipole,-0.0020074618260496,-0.0030442501764408,-0.0009913916609571,0.0033127561180181,0.6059793581335706,8.0,0.0,0.109375,-1.1610852145138602,
W4_dense,clearance_A=10.0,energy_mae,kcal/mol,mace_polar_l,10,0.0013619319176169,0.0010209914543828,0.0017226710509641,,,,,,,,,,,
W4_dense,clearance_A=10.0,energy_mae,kcal/mol,mace_polar_l,10,0.0013619319176169,0.0010209914543828,0.0017226710509641,zero,-0.0043868550327162,-0.0062267342027088,-0.0029453835662612,0.0057487869503332,0.7630922959254878,10.0,0.0,0.001953125,-1.5638119187256485,
W4_dense,clearance_A=10.0,energy_mae,kcal/mol,mace_polar_l,10,0.0013619319176169,0.0010209914543828,0.0017226710509641,exact_dipole,-0.0019508242004011,-0.0028386743038795,-0.0010920370727651,0.0033127561180181,0.5888825288981001,10.0,0.0,0.001953125,-1.3133280460425496,
W4_dense,clearance_A=10.0,energy_mae,kcal/mol,zero,10,0.0057487869503332,0.0040820905488011,0.0078108012852933,,,,,,,,,,,
W4_dense,clearance_A=10.0,energy_mae,kcal/mol,zero,10,0.0057487869503332,0.0040820905488011,0.0078108012852933,mace_polar_l,0.0043868550327162,0.0029453835662612,0.0062267342027088,0.0013619319176169,-3.2210531054974902,0.0,0.0,0.001953125,1.5638119187256485,
W4_dense,clearance_A=10.0,energy_mae,kcal/mol,zero,10,0.0057487869503332,0.0040820905488011,0.0078108012852933,exact_dipole,0.002436030832315,0.0013307412128343,0.0040114983318527,0.0033127561180181,-0.7353486781189496,0.0,0.0,0.001953125,1.0439126758211563,
W4_dense,clearance_A=10.0,energy_rmse,kcal/mol,exact_dipole,10,0.0038620525271143,0.0025558279679361,0.0051262663431371,,,,,,,,,,,
W4_dense,clearance_A=10.0,energy_rmse,kcal/mol,exact_dipole,10,0.0038620525271143,0.0025558279679361,0.0051262663431371,zero,-0.0027705388990191,-0.0045990570967028,-0.0014934562621589,0.0066325914261335,0.4177159003195608,10.0,0.0,0.001953125,-1.016693265800634,
W4_dense,clearance_A=10.0,energy_rmse,kcal/mol,exact_dipole,10,0.0038620525271143,0.0025558279679361,0.0051262663431371,mace_polar_l,0.0023009008593243,0.0012806372047386,0.0033541692944478,0.00156115166779,-1.4738483818048491,0.0,0.0,0.001953125,1.3097533900354434,
W4_dense,clearance_A=10.0,energy_rmse,kcal/mol,exact_dipole_quadrupole,10,0.0017999594262579,0.0010449950455666,0.0025609674666348,,,,,,,,,,,
W4_dense,clearance_A=10.0,energy_rmse,kcal/mol,exact_dipole_quadrupole,10,0.0017999594262579,0.0010449950455666,0.0025609674666348,zero,-0.0048326319998755,-0.0069429095489391,-0.0033189688677948,0.0066325914261335,0.7286189800315723,10.0,0.0,0.001953125,-1.5394013381673055,
W4_dense,clearance_A=10.0,energy_rmse,kcal/mol,exact_dipole_quadrupole,10,0.0017999594262579,0.0010449950455666,0.0025609674666348,mace_polar_l,0.0002388077584679,-0.0003074158554152,0.0008777003119746,0.00156115166779,-0.15296896733036,5.0,0.0,1.0,0.2361767224960894,
W4_dense,clearance_A=10.0,energy_rmse,kcal/mol,exact_dipole_quadrupole,10,0.0017999594262579,0.0010449950455666,0.0025609674666348,exact_dipole,-0.0020620931008563,-0.0026685635326457,-0.0014337044008434,0.0038620525271143,0.5339370933924468,10.0,0.0,0.001953125,-1.9473946109643512,
W4_dense,clearance_A=10.0,energy_rmse,kcal/mol,exact_dipole_quadrupole_octupole,10,0.0011140558816198,0.0005858934273906,0.0016633528706255,,,,,,,,,,,
W4_dense,clearance_A=10.0,energy_rmse,kcal/mol,exact_dipole_quadrupole_octupole,10,0.0011140558816198,0.0005858934273906,0.0016633528706255,zero,-0.0055185355445136,-0.0078148469252123,-0.003843648247666,0.0066325914261335,0.8320330908322929,10.0,0.0,0.001953125,-1.608022151954717,
W4_dense,clearance_A=10.0,energy_rmse,kcal/mol,exact_dipole_quadrupole_octupole,10,0.0011140558816198,0.0005858934273906,0.0016633528706255,mace_polar_l,-0.0004470957861701,-0.0008882349074154,5.279857433136316e-05,0.00156115166779,0.2863884370716347,8.0,0.0,0.109375,-0.558001316420208,
W4_dense,clearance_A=10.0,energy_rmse,kcal/mol,exact_dipole_quadrupole_octupole,10,0.0011140558816198,0.0005858934273906,0.0016633528706255,exact_dipole,-0.0027479966454944,-0.0035552075953303,-0.0019001396444302,0.0038620525271143,0.7115378742784008,10.0,0.0,0.001953125,-1.9402289895383689,
W4_dense,clearance_A=10.0,energy_rmse,kcal/mol,glider,10,0.0015070429560432,0.0010959266979694,0.0019601708714324,,,,,,,,,,,
W4_dense,clearance_A=10.0,energy_rmse,kcal/mol,glider,10,0.0015070429560432,0.0010959266979694,0.0019601708714324,zero,-0.0051255484700903,-0.0072362294536719,-0.0033824216986427,0.0066325914261335,0.7727821813197768,10.0,0.0,0.001953125,-1.5601756564588487,
W4_dense,clearance_A=10.0,energy_rmse,kcal/mol,glider,10,0.0015070429560432,0.0010959266979694,0.0019601708714324,mace_polar_l,-5.410871174684126e-05,-0.0003755601889908,0.0002221819929742,0.00156115166779,0.0346594843173928,4.0,0.0,0.75390625,-0.10491393907973,
W4_dense,clearance_A=10.0,energy_rmse,kcal/mol,glider,10,0.0015070429560432,0.0010959266979694,0.0019601708714324,exact_dipole,-0.0023550095710711,-0.0035687630404937,-0.0011601053301009,0.0038620525271143,0.6097818593966045,8.0,0.0,0.109375,-1.1534662880123412,
W4_dense,clearance_A=10.0,energy_rmse,kcal/mol,mace_polar_l,10,0.00156115166779,0.0011699170874007,0.00197738719339,,,,,,,,,,,
W4_dense,clearance_A=10.0,energy_rmse,kcal/mol,mace_polar_l,10,0.00156115166779,0.0011699170874007,0.00197738719339,zero,-0.0050714397583434,-0.0072155989250831,-0.0034015097937464,0.0066325914261335,0.7646241766621036,10.0,0.0,0.001953125,-1.551777334884001,
W4_dense,clearance_A=10.0,energy_rmse,kcal/mol,mace_polar_l,10,0.00156115166779,0.0011699170874007,0.00197738719339,exact_dipole,-0.0023009008593243,-0.0033541692944478,-0.0012806372047386,0.0038620525271143,0.5957715083288861,10.0,0.0,0.001953125,-1.3097533900354434,
W4_dense,clearance_A=10.0,energy_rmse,kcal/mol,zero,10,0.0066325914261335,0.0047036966614338,0.009033324320718,,,,,,,,,,,
W4_dense,clearance_A=10.0,energy_rmse,kcal/mol,zero,10,0.0066325914261335,0.0047036966614338,0.009033324320718,mace_polar_l,0.0050714397583434,0.0034015097937464,0.0072155989250831,0.00156115166779,-3.24852470325484,0.0,0.0,0.001953125,1.551777334884001,
W4_dense,clearance_A=10.0,energy_rmse,kcal/mol,zero,10,0.0066325914261335,0.0047036966614338,0.009033324320718,exact_dipole,0.0027705388990191,0.0014934562621589,0.0045990570967028,0.0038620525271143,-0.7173747326241704,0.0,0.0,0.001953125,1.016693265800634,
W4_dense,clearance_A=10.0,energy_nrmse,1,exact_dipole,10,0.6592156413044974,0.487241106560958,0.8238006491049122,,,,,,,,,,,
W4_dense,clearance_A=10.0,energy_nrmse,1,exact_dipole,10,0.6592156413044974,0.487241106560958,0.8238006491049122,zero,-0.3407843586955025,-0.512758893439042,-0.1761993508950877,1.0,0.3407843586955026,9.0,0.0,0.021484375,-1.1871457850609934,
W4_dense,clearance_A=10.0,energy_nrmse,1,exact_dipole,10,0.6592156413044974,0.487241106560958,0.8238006491049122,mace_polar_l,0.3732712255432833,0.2292998448921484,0.509695022574213,0.2859444157612141,-1.3053978499618395,1.0,0.0,0.021484375,1.5746964747021477,
W4_dense,clearance_A=10.0,energy_nrmse,1,exact_dipole_quadrupole,10,0.2917247309518372,0.1783449006386699,0.4053250250255107,,,,,,,,,,,
W4_dense,clearance_A=10.0,energy_nrmse,1,exact_dipole_quadrupole,10,0.2917247309518372,0.1783449006386699,0.4053250250255107,zero,-0.7082752690481626,-0.8216550993613301,-0.5946749749744892,1.0,0.7082752690481627,10.0,0.0,0.001953125,-3.666673764542637,
W4_dense,clearance_A=10.0,energy_nrmse,1,exact_dipole_quadrupole,10,0.2917247309518372,0.1783449006386699,0.4053250250255107,mace_polar_l,0.0057803151906231,-0.0913255472804084,0.1094298802109532,0.2859444157612141,-0.020214821035184,7.0,0.0,0.34375,0.033849184847219,
W4_dense,clearance_A=10.0,energy_nrmse,1,exact_dipole_quadrupole,10,0.2917247309518372,0.1783449006386699,0.4053250250255107,exact_dipole,-0.3674909103526602,-0.4469833901915535,-0.2902155633960182,0.6592156413044974,0.5574669157203946,10.0,0.0,0.001953125,-2.76534721595105,
W4_dense,clearance_A=10.0,energy_nrmse,1,exact_dipole_quadrupole_octupole,10,0.1873885407091211,0.1006356597825285,0.2730831440763798,,,,,,,,,,,
W4_dense,clearance_A=10.0,energy_nrmse,1,exact_dipole_quadrupole_octupole,10,0.1873885407091211,0.1006356597825285,0.2730831440763798,zero,-0.8126114592908789,-0.8993643402174716,-0.7269168559236202,1.0,0.8126114592908789,10.0,0.0,0.001953125,-5.523669154803924,
W4_dense,clearance_A=10.0,energy_nrmse,1,exact_dipole_quadrupole_octupole,10,0.1873885407091211,0.1006356597825285,0.2730831440763798,mace_polar_l,-0.098555875052093,-0.1774885339841594,-0.0141381277752443,0.2859444157612141,0.3446679481035741,8.0,0.0,0.109375,-0.711737122559328,
W4_dense,clearance_A=10.0,energy_nrmse,1,exact_dipole_quadrupole_octupole,10,0.1873885407091211,0.1006356597825285,0.2730831440763798,exact_dipole,-0.4718271005953763,-0.5697543728117342,-0.3729135983128999,0.6592156413044974,0.7157401478849852,10.0,0.0,0.001953125,-2.816538796894657,
W4_dense,clearance_A=10.0,energy_nrmse,1,glider,10,0.2838349814765224,0.204574346266393,0.3689817367818033,,,,,,,,,,,
W4_dense,clearance_A=10.0,energy_nrmse,1,glider,10,0.2838349814765224,0.204574346266393,0.3689817367818033,zero,-0.7161650185234776,-0.7954256537336069,-0.6310182632181968,1.0,0.7161650185234776,10.0,0.0,0.001953125,-5.121393690324873,
W4_dense,clearance_A=10.0,energy_nrmse,1,glider,10,0.2838349814765224,0.204574346266393,0.3689817367818033,mace_polar_l,-0.0021094342846917,-0.0692150791011615,0.0566460706952549,0.2859444157612141,0.0073770780907755,4.0,0.0,0.75390625,-0.0195566766688713,
W4_dense,clearance_A=10.0,energy_nrmse,1,glider,10,0.2838349814765224,0.204574346266393,0.3689817367818033,exact_dipole,-0.375380659827975,-0.5460991392351341,-0.1949304864377913,0.6592156413044974,0.5694353050925007,8.0,0.0,0.109375,-1.250700538961164,
W4_dense,clearance_A=10.0,energy_nrmse,1,mace_polar_l,10,0.2859444157612141,0.227074272752442,0.3538327362325943,,,,,,,,,,,
W4_dense,clearance_A=10.0,energy_nrmse,1,mace_polar_l,10,0.2859444157612141,0.227074272752442,0.3538327362325943,zero,-0.7140555842387858,-0.772925727247558,-0.6461672637674057,1.0,0.7140555842387859,10.0,0.0,0.001953125,-6.591826114979969,
W4_dense,clearance_A=10.0,energy_nrmse,1,mace_polar_l,10,0.2859444157612141,0.227074272752442,0.3538327362325943,exact_dipole,-0.3732712255432833,-0.5096950225742131,-0.2292998448921484,0.6592156413044974,0.5662353896892233,9.0,0.0,0.021484375,-1.5746964747021477,
W4_dense,clearance_A=10.0,energy_nrmse,1,zero,10,1.0,1.0,1.0,,,,,,,,,,,
W4_dense,clearance_A=10.0,energy_nrmse,1,zero,10,1.0,1.0,1.0,mace_polar_l,0.7140555842387858,0.6461672637674056,0.7729257272475579,0.2859444157612141,-2.4971831757507656,0.0,0.0,0.001953125,6.591826114979969,
W4_dense,clearance_A=10.0,energy_nrmse,1,zero,10,1.0,1.0,1.0,exact_dipole,0.3407843586955025,0.1761993508950877,0.5127588934390419,0.6592156413044974,-0.5169542974149355,1.0,0.0,0.021484375,1.1871457850609934,
W4_dense,clearance_A=10.0,centered_orientation_rmse,kcal/mol,exact_dipole,10,0.0037405276628229,0.0024532902247195,0.0049884775767111,,,,,,,,,,,
W4_dense,clearance_A=10.0,centered_orientation_rmse,kcal/mol,exact_dipole,10,0.0037405276628229,0.0024532902247195,0.0049884775767111,zero,-0.0026158832791804,-0.0044250354086652,-0.0013539317768408,0.0063564109420034,0.4115346385008861,10.0,0.0,0.001953125,-0.9709243577487536,
W4_dense,clearance_A=10.0,centered_orientation_rmse,kcal/mol,exact_dipole,10,0.0037405276628229,0.0024532902247195,0.0049884775767111,mace_polar_l,0.0022511130767674,0.0012511331083038,0.0032887972209359,0.0014894145860555,-1.5114079705162076,0.0,0.0,0.001953125,1.299074220847361,
W4_dense,clearance_A=10.0,centered_orientation_rmse,kcal/mol,exact_dipole_quadrupole,10,0.0017389322145775,0.001007653464803,0.0024805063067646,,,,,,,,,,,
W4_dense,clearance_A=10.0,centered_orientation_rmse,kcal/mol,exact_dipole_quadrupole,10,0.0017389322145775,0.001007653464803,0.0024805063067646,zero,-0.0046174787274259,-0.0066772503833834,-0.0031441483452569,0.0063564109420034,0.7264286040591618,10.0,0.0,0.001953125,-1.50547574020912,
W4_dense,clearance_A=10.0,centered_orientation_rmse,kcal/mol,exact_dipole_quadrupole,10,0.0017389322145775,0.001007653464803,0.0024805063067646,mace_polar_l,0.0002495176285219,-0.0002777976538316,0.0008670382660868,0.0014894145860555,-0.1675273163416282,5.0,0.0,1.0,0.2557683240138065,
W4_dense,clearance_A=10.0,centered_orientation_rmse,kcal/mol,exact_dipole_quadrupole,10,0.0017389322145775,0.001007653464803,0.0024805063067646,exact_dipole,-0.0020015954482454,-0.0026108899642463,-0.0013780202591762,0.0037405276628229,0.5351104519662536,10.0,0.0,0.001953125,-1.889871547518836,
W4_dense,clearance_A=10.0,centered_orientation_rmse,kcal/mol,exact_dipole_quadrupole_octupole,10,0.0010725789471069,0.0005635305606187,0.0016017464027749,,,,,,,,,,,
W4_dense,clearance_A=10.0,centered_orientation_rmse,kcal/mol,exact_dipole_quadrupole_octupole,10,0.0010725789471069,0.0005635305606187,0.0016017464027749,zero,-0.0052838319948965,-0.0075297886243445,-0.00365479193204,0.0063564109420034,0.8312602887237404,10.0,0.0,0.001953125,-1.5770964917321533,
W4_dense,clearance_A=10.0,centered_orientation_rmse,kcal/mol,exact_dipole_quadrupole_octupole,10,0.0010725789471069,0.0005635305606187,0.0016017464027749,mace_polar_l,-0.0004168356389486,-0.0008381931969049,5.573650755747487e-05,0.0014894145860555,0.2798654201799774,8.0,0.0,0.109375,-0.5474299124153498,
W4_dense,clearance_A=10.0,centered_orientation_rmse,kcal/mol,exact_dipole_quadrupole_octupole,10,0.0010725789471069,0.0005635305606187,0.0016017464027749,exact_dipole,-0.002667948715716,-0.0034701724820433,-0.0018297677383979,0.0037405276628229,0.7132546411119327,10.0,0.0,0.001953125,-1.904237275936608,
W4_dense,clearance_A=10.0,centered_orientation_rmse,kcal/mol,glider,10,0.0014420669399055,0.0010470809501704,0.0018756936283303,,,,,,,,,,,
W4_dense,clearance_A=10.0,centered_orientation_rmse,kcal/mol,glider,10,0.0014420669399055,0.0010470809501704,0.0018756936283303,zero,-0.0049143440020979,-0.0069853829331461,-0.0032130379471921,0.0063564109420034,0.7731318895107517,10.0,0.0,0.001953125,-1.5294692169132262,
W4_dense,clearance_A=10.0,centered_orientation_rmse,kcal/mol,glider,10,0.0014420669399055,0.0010470809501704,0.0018756936283303,mace_polar_l,-4.734764615003542e-05,-0.0003497894135208,0.0002130697909758,0.0014894145860555,0.0317894336428028,4.0,0.0,0.75390625,-0.0974889462554636,
W4_dense,clearance_A=10.0,centered_orientation_rmse,kcal/mol,glider,10,0.0014420669399055,0.0010470809501704,0.0018756936283303,exact_dipole,-0.0022984607229174,-0.0034968424735106,-0.0011286507442207,0.0037405276628229,0.6144749966059133,8.0,0.0,0.109375,-1.14701591475412,
W4_dense,clearance_A=10.0,centered_orientation_rmse,kcal/mol,mace_polar_l,10,0.0014894145860555,0.0011126703444105,0.0018872638852873,,,,,,,,,,,
W4_dense,clearance_A=10.0,centered_orientation_rmse,kcal/mol,mace_polar_l,10,0.0014894145860555,0.0011126703444105,0.0018872638852873,zero,-0.0048669963559479,-0.0069669814394007,-0.0032284320249855,0.0063564109420034,0.7656830875717267,10.0,0.0,0.001953125,-1.5232375299128436,
W4_dense,clearance_A=10.0,centered_orientation_rmse,kcal/mol,mace_polar_l,10,0.0014894145860555,0.0011126703444105,0.0018872638852873,exact_dipole,-0.0022511130767674,-0.0032887972209359,-0.0012511331083038,0.0037405276628229,0.6018169840424394,10.0,0.0,0.001953125,-1.299074220847361,
W4_dense,clearance_A=10.0,centered_orientation_rmse,kcal/mol,zero,10,0.0063564109420034,0.0044727441352511,0.0087095086114493,,,,,,,,,,,
W4_dense,clearance_A=10.0,centered_orientation_rmse,kcal/mol,zero,10,0.0063564109420034,0.0044727441352511,0.0087095086114493,mace_polar_l,0.0048669963559479,0.0032284320249855,0.0069669814394007,0.0014894145860555,-3.2677243807832683,0.0,0.0,0.001953125,1.5232375299128436,
W4_dense,clearance_A=10.0,centered_orientation_rmse,kcal/mol,zero,10,0.0063564109420034,0.0044727441352511,0.0087095086114493,exact_dipole,0.0026158832791804,0.0013539317768408,0.0044250354086652,0.0037405276628229,-0.6993353652158945,0.0,0.0,0.001953125,0.9709243577487536,
W4_dense,clearance_A=10.0,centered_orientation_nrmse,1,exact_dipole,10,0.6691973089188886,0.4924865351296542,0.8399966978387667,,,,,,,,,,,
W4_dense,clearance_A=10.0,centered_orientation_nrmse,1,exact_dipole,10,0.6691973089188886,0.4924865351296542,0.8399966978387667,zero,-0.3308026910811112,-0.5075134648703458,-0.1600033021612331,1.0,0.3308026910811114,9.0,0.0,0.021484375,-1.1193856251923522,
W4_dense,clearance_A=10.0,centered_orientation_nrmse,1,exact_dipole,10,0.6691973089188886,0.4924865351296542,0.8399966978387667,mace_polar_l,0.3806185145603776,0.2347706088997703,0.5192265164156027,0.2885787943585111,-1.3189413844716618,0.0,0.0,0.001953125,1.5849700907730893,
W4_dense,clearance_A=10.0,centered_orientation_nrmse,1,exact_dipole_quadrupole,10,0.2946873919390887,0.1800384930126944,0.4095257695137809,,,,,,,,,,,
W4_dense,clearance_A=10.0,centered_orientation_nrmse,1,exact_dipole_quadrupole,10,0.2946873919390887,0.1800384930126944,0.4095257695137809,zero,-0.7053126080609112,-0.8199615069873055,-0.590474230486219,1.0,0.7053126080609113,10.0,0.0,0.001953125,-3.61333248508653,
W4_dense,clearance_A=10.0,centered_orientation_nrmse,1,exact_dipole_quadrupole,10,0.2946873919390887,0.1800384930126944,0.4095257695137809,mace_polar_l,0.0061085975805776,-0.0921866586403076,0.1114141508262391,0.2885787943585111,-0.0211678671475379,7.0,0.0,0.34375,0.0353070327390502,
W4_dense,clearance_A=10.0,centered_orientation_nrmse,1,exact_dipole_quadrupole,10,0.2946873919390887,0.1800384930126944,0.4095257695137809,exact_dipole,-0.3745099169797999,-0.4617608129013962,-0.2914396843035601,0.6691973089188886,0.5596405006242982,10.0,0.0,0.001953125,-2.596859725796834,
W4_dense,clearance_A=10.0,centered_orientation_nrmse,1,exact_dipole_quadrupole_octupole,10,0.1879683906760748,0.1012837040916628,0.2736631934368845,,,,,,,,,,,
W4_dense,clearance_A=10.0,centered_orientation_nrmse,1,exact_dipole_quadrupole_octupole,10,0.1879683906760748,0.1012837040916628,0.2736631934368845,zero,-0.8120316093239252,-0.8987162959083371,-0.7263368065631153,1.0,0.8120316093239252,10.0,0.0,0.001953125,-5.525862744469747,
W4_dense,clearance_A=10.0,centered_orientation_nrmse,1,exact_dipole_quadrupole_octupole,10,0.1879683906760748,0.1012837040916628,0.2736631934368845,mace_polar_l,-0.1006104036824362,-0.1810354386648435,-0.014924473147322,0.2885787943585111,0.3486410146874638,8.0,0.0,0.109375,-0.7157652708940033,
W4_dense,clearance_A=10.0,centered_orientation_nrmse,1,exact_dipole_quadrupole_octupole,10,0.1879683906760748,0.1012837040916628,0.2736631934368845,exact_dipole,-0.4812289182428138,-0.5871474508513566,-0.3769642597691083,0.6691973089188886,0.7191136482904508,10.0,0.0,0.001953125,-2.692998990706636,
W4_dense,clearance_A=10.0,centered_orientation_nrmse,1,glider,10,0.2863133943879989,0.2062980671261033,0.3741740342603363,,,,,,,,,,,
W4_dense,clearance_A=10.0,centered_orientation_nrmse,1,glider,10,0.2863133943879989,0.2062980671261033,0.3741740342603363,zero,-0.713686605612001,-0.7937019328738967,-0.6258259657396636,1.0,0.713686605612001,10.0,0.0,0.001953125,-4.9924401748320015,
W4_dense,clearance_A=10.0,centered_orientation_nrmse,1,glider,10,0.2863133943879989,0.2062980671261033,0.3741740342603363,mace_polar_l,-0.0022653999705121,-0.0709452397930147,0.057191613050509,0.2885787943585111,0.0078501955611395,4.0,0.0,0.75390625,-0.0206453736602955,
W4_dense,clearance_A=10.0,centered_orientation_nrmse,1,glider,10,0.2863133943879989,0.2062980671261033,0.3741740342603363,exact_dipole,-0.3828839145308897,-0.5547370076010835,-0.2014018686859544,0.6691973089188886,0.5721539961800681,8.0,0.0,0.109375,-1.2691815781244469,
W4_dense,clearance_A=10.0,centered_orientation_nrmse,1,mace_polar_l,10,0.2885787943585111,0.2279049694869193,0.3586157799577744,,,,,,,,,,,
W4_dense,clearance_A=10.0,centered_orientation_nrmse,1,mace_polar_l,10,0.2885787943585111,0.2279049694869193,0.3586157799577744,zero,-0.7114212056414889,-0.7720950305130807,-0.6413842200422256,1.0,0.7114212056414889,10.0,0.0,0.001953125,-6.360107927815958,
W4_dense,clearance_A=10.0,centered_orientation_nrmse,1,mace_polar_l,10,0.2885787943585111,0.2279049694869193,0.3586157799577744,exact_dipole,-0.3806185145603776,-0.5192265164156028,-0.2347706088997704,0.6691973089188886,0.5687687465080813,10.0,0.0,0.001953125,-1.5849700907730893,
W4_dense,clearance_A=10.0,centered_orientation_nrmse,1,zero,10,1.0,1.0,1.0,,,,,,,,,,,
W4_dense,clearance_A=10.0,centered_orientation_nrmse,1,zero,10,1.0,1.0,1.0,mace_polar_l,0.7114212056414889,0.6413842200422255,0.7720950305130807,0.2885787943585111,-2.465258083924443,0.0,0.0,0.001953125,6.360107927815958,
W4_dense,clearance_A=10.0,centered_orientation_nrmse,1,zero,10,1.0,1.0,1.0,exact_dipole,0.3308026910811112,0.160003302161233,0.5075134648703457,0.6691973089188886,-0.494327587203742,1.0,0.0,0.021484375,1.1193856251923522,
W4_dense,clearance_A=10.0,torque_vrmse,kcal/mol,exact_dipole,10,0.0054993240228745,0.0036194015358847,0.0073305775280484,,,,,,,,,,,
W4_dense,clearance_A=10.0,torque_vrmse,kcal/mol,exact_dipole,10,0.0054993240228745,0.0036194015358847,0.0073305775280484,zero,-0.0038754460296533,-0.0064638869294591,-0.0020701034451046,0.0093747700525279,0.4133910493738802,10.0,0.0,0.001953125,-1.0045662104938908,
W4_dense,clearance_A=10.0,torque_vrmse,kcal/mol,exact_dipole,10,0.0054993240228745,0.0036194015358847,0.0073305775280484,mace_polar_l,0.0032725809198026,0.0018151954923293,0.0047739433803075,0.0022267431030719,-1.4696715194886507,0.0,0.0,0.001953125,1.2995116906638702,
W4_dense,clearance_A=10.0,torque_vrmse,kcal/mol,exact_dipole_quadrupole,10,0.0026127184105426,0.0014861781183198,0.0037836954494625,,,,,,,,,,,
W4_dense,clearance_A=10.0,torque_vrmse,kcal/mol,exact_dipole_quadrupole,10,0.0026127184105426,0.0014861781183198,0.0037836954494625,zero,-0.0067620516419853,-0.0098032707981639,-0.004603966422776,0.0093747700525279,0.7213032004088371,10.0,0.0,0.001953125,-1.49093556414567,
W4_dense,clearance_A=10.0,torque_vrmse,kcal/mol,exact_dipole_quadrupole,10,0.0026127184105426,0.0014861781183198,0.0037836954494625,mace_polar_l,0.0003859753074706,-0.0004584484676704,0.0013950738739801,0.0022267431030719,-0.1733362537143052,6.0,0.0,0.75390625,0.2425479252778556,
W4_dense,clearance_A=10.0,torque_vrmse,kcal/mol,exact_dipole_quadrupole,10,0.0026127184105426,0.0014861781183198,0.0037836954494625,exact_dipole,-0.0028866056123319,-0.0037531631007252,-0.0020023904175121,0.0054993240228745,0.5249018970922714,10.0,0.0,0.001953125,-1.9162035330006413,
W4_dense,clearance_A=10.0,torque_vrmse,kcal/mol,exact_dipole_quadrupole_octupole,10,0.0016418196137799,0.0008624875150046,0.0024513927270786,,,,,,,,,,,
W4_dense,clearance_A=10.0,torque_vrmse,kcal/mol,exact_dipole_quadrupole_octupole,10,0.0016418196137799,0.0008624875150046,0.0024513927270786,zero,-0.007732950438748,-0.0110098339542566,-0.0053673977414716,0.0093747700525279,0.8248682789465118,10.0,0.0,0.001953125,-1.5786381330367725,
W4_dense,clearance_A=10.0,torque_vrmse,kcal/mol,exact_dipole_quadrupole_octupole,10,0.0016418196137799,0.0008624875150046,0.0024513927270786,mace_polar_l,-0.000584923489292,-0.00121603315064,0.0001293323070112,0.0022267431030719,0.2626811725542528,8.0,0.0,0.109375,-0.5107429358084221,
W4_dense,clearance_A=10.0,torque_vrmse,kcal/mol,exact_dipole_quadrupole_octupole,10,0.0016418196137799,0.0008624875150046,0.0024513927270786,exact_dipole,-0.0038575044090946,-0.0050051694779602,-0.0026721462329736,0.0054993240228745,0.701450649761548,10.0,0.0,0.001953125,-1.9345440253795283,
W4_dense,clearance_A=10.0,torque_vrmse,kcal/mol,glider,10,0.0021427444774895,0.0015634254685142,0.0027889891546803,,,,,,,,,,,
W4_dense,clearance_A=10.0,torque_vrmse,kcal/mol,glider,10,0.0021427444774895,0.0015634254685142,0.0027889891546803,zero,-0.0072320255750384,-0.0102704559499269,-0.0047371104292831,0.0093747700525279,0.7714349828866767,10.0,0.0,0.001953125,-1.5353961295609435,
W4_dense,clearance_A=10.0,torque_vrmse,kcal/mol,glider,10,0.0021427444774895,0.0015634254685142,0.0027889891546803,mace_polar_l,-8.399862558243526e-05,-0.0005351208376737,0.0003115951501468,0.0022267431030719,0.0377226387123658,4.0,0.0,0.75390625,-0.1150496931195978,
W4_dense,clearance_A=10.0,torque_vrmse,kcal/mol,glider,10,0.0021427444774895,0.0015634254685142,0.0027889891546803,exact_dipole,-0.003356579545385,-0.0050910163205622,-0.0016443421246798,0.0054993240228745,0.6103622065954443,8.0,0.0,0.109375,-1.1464821103093563,
W4_dense,clearance_A=10.0,torque_vrmse,kcal/mol,mace_polar_l,10,0.0022267431030719,0.0016697428685052,0.0028207775618625,,,,,,,,,,,
W4_dense,clearance_A=10.0,torque_vrmse,kcal/mol,mace_polar_l,10,0.0022267431030719,0.0016697428685052,0.0028207775618625,zero,-0.0071480269494559,-0.0102284993640908,-0.0047629062963255,0.0093747700525279,0.7624749097209583,10.0,0.0,0.001953125,-1.5259224783456016,
W4_dense,clearance_A=10.0,torque_vrmse,kcal/mol,mace_polar_l,10,0.0022267431030719,0.0016697428685052,0.0028207775618625,exact_dipole,-0.0032725809198026,-0.0047739433803075,-0.0018151954923293,0.0054993240228745,0.5950878519232989,10.0,0.0,0.001953125,-1.2995116906638702,
W4_dense,clearance_A=10.0,torque_vrmse,kcal/mol,zero,10,0.0093747700525279,0.006628097442535,0.0128284927992955,,,,,,,,,,,
W4_dense,clearance_A=10.0,torque_vrmse,kcal/mol,zero,10,0.0093747700525279,0.006628097442535,0.0128284927992955,mace_polar_l,0.0071480269494559,0.0047629062963255,0.0102284993640908,0.0022267431030719,-3.210081548964835,0.0,0.0,0.001953125,1.5259224783456016,
W4_dense,clearance_A=10.0,torque_vrmse,kcal/mol,zero,10,0.0093747700525279,0.006628097442535,0.0128284927992955,exact_dipole,0.0038754460296533,0.0020701034451046,0.0064638869294591,0.0054993240228745,-0.7047131635694366,0.0,0.0,0.001953125,1.0045662104938908,
W4_dense,clearance_A=10.0,esp_rmse_mEh,mEh/e,exact_dipole,10,0.0767117459136344,0.0490851962142983,0.1041863042666594,,,,,,,,,,,
W4_dense,clearance_A=10.0,esp_rmse_mEh,mEh/e,exact_dipole,10,0.0767117459136344,0.0490851962142983,0.1041863042666594,zero,-0.1105736611888762,-0.1733907723819964,-0.0651984836889881,0.1872854071025106,0.5904019053035658,10.0,0.0,0.001953125,-1.1803555305416158,
W4_dense,clearance_A=10.0,esp_rmse_mEh,mEh/e,exact_dipole,10,0.0767117459136344,0.0490851962142983,0.1041863042666594,mace_polar_l,0.0323433155006777,0.0126103890576611,0.0544202777739342,0.0443684304129566,-0.7289713699503033,2.0,0.0,0.109375,0.9066692315111248,
W4_dense,clearance_A=10.0,esp_rmse_mEh,mEh/e,exact_dipole_quadrupole,10,0.0250993793424902,0.0144226642732995,0.035986227624466,,,,,,,,,,,
W4_dense,clearance_A=10.0,esp_rmse_mEh,mEh/e,exact_dipole_quadrupole,10,0.0250993793424902,0.0144226642732995,0.035986227624466,zero,-0.1621860277600204,-0.2337959739671255,-0.1102118875113419,0.1872854071025106,0.8659832619593684,10.0,0.0,0.001953125,-1.509919547508764,
W4_dense,clearance_A=10.0,esp_rmse_mEh,mEh/e,exact_dipole_quadrupole,10,0.0250993793424902,0.0144226642732995,0.035986227624466,mace_polar_l,-0.0192690510704664,-0.0310847391294231,-0.0070802294165242,0.0443684304129566,0.4342964330971556,8.0,0.0,0.109375,-0.9412055247421004,
W4_dense,clearance_A=10.0,esp_rmse_mEh,mEh/e,exact_dipole_quadrupole,10,0.0250993793424902,0.0144226642732995,0.035986227624466,exact_dipole,-0.0516123665711441,-0.0692560345993798,-0.0338850539272546,0.0767117459136344,0.6728091761755981,10.0,0.0,0.001953125,-1.7125044213300884,
W4_dense,clearance_A=10.0,esp_rmse_mEh,mEh/e,exact_dipole_quadrupole_octupole,10,0.0141034265557005,0.0071287931708912,0.0214976750240967,,,,,,,,,,,
W4_dense,clearance_A=10.0,esp_rmse_mEh,mEh/e,exact_dipole_quadrupole_octupole,10,0.0141034265557005,0.0071287931708912,0.0214976750240967,zero,-0.1731819805468101,-0.2472015522927179,-0.1181751640927505,0.1872854071025106,0.9246955394235226,10.0,0.0,0.001953125,-1.5511550394600984,
W4_dense,clearance_A=10.0,esp_rmse_mEh,mEh/e,exact_dipole_quadrupole_octupole,10,0.0141034265557005,0.0071287931708912,0.0214976750240967,mace_polar_l,-0.0302650038572561,-0.042961408384493,-0.0187815786789977,0.0443684304129566,0.6821292431480293,10.0,0.0,0.001953125,-1.4595378481397665,
W4_dense,clearance_A=10.0,esp_rmse_mEh,mEh/e,exact_dipole_quadrupole_octupole,10,0.0141034265557005,0.0071287931708912,0.0214976750240967,exact_dipole,-0.0626083193579338,-0.0839101925673293,-0.0410828584370045,0.0767117459136344,0.81615036409706,10.0,0.0,0.001953125,-1.7196117923267702,
W4_dense,clearance_A=10.0,esp_rmse_mEh,mEh/e,glider,10,0.0436309802639961,0.029783006330634,0.05948386082785,,,,,,,,,,,
W4_dense,clearance_A=10.0,esp_rmse_mEh,mEh/e,glider,10,0.0436309802639961,0.029783006330634,0.05948386082785,zero,-0.1436544268385145,-0.2083384023399737,-0.0914540978335163,0.1872854071025106,0.76703481099243,10.0,0.0,0.001953125,-1.438783113546361,
W4_dense,clearance_A=10.0,esp_rmse_mEh,mEh/e,glider,10,0.0436309802639961,0.029783006330634,0.05948386082785,mace_polar_l,-0.0007374501489605,-0.0119402944707524,0.009088023441567,0.0443684304129566,0.0166210556041039,4.0,0.0,0.75390625,-0.0407538943994973,
W4_dense,clearance_A=10.0,esp_rmse_mEh,mEh/e,glider,10,0.0436309802639961,0.029783006330634,0.05948386082785,exact_dipole,-0.0330807656496382,-0.0616890412686901,-0.0065228704570818,0.0767117459136344,0.4312346858443574,7.0,0.0,0.34375,-0.7023643863123549,
W4_dense,clearance_A=10.0,esp_rmse_mEh,mEh/e,mace_polar_l,10,0.0443684304129566,0.0315044193598863,0.0586094936755056,,,,,,,,,,,
W4_dense,clearance_A=10.0,esp_rmse_mEh,mEh/e,mace_polar_l,10,0.0443684304129566,0.0315044193598863,0.0586094936755056,zero,-0.1429169766895539,-0.2102503509682836,-0.0902992623200445,0.1872854071025106,0.7630972369957708,10.0,0.0,0.001953125,-1.3852707117550696,
W4_dense,clearance_A=10.0,esp_rmse_mEh,mEh/e,mace_polar_l,10,0.0443684304129566,0.0315044193598863,0.0586094936755056,exact_dipole,-0.0323433155006777,-0.0544202777739342,-0.0126103890576612,0.0767117459136344,0.4216214233618318,8.0,0.0,0.109375,-0.9066692315111248,
W4_dense,clearance_A=10.0,esp_rmse_mEh,mEh/e,zero,10,0.1872854071025106,0.1293899777829429,0.2625152016189361,,,,,,,,,,,
W4_dense,clearance_A=10.0,esp_rmse_mEh,mEh/e,zero,10,0.1872854071025106,0.1293899777829429,0.2625152016189361,mace_polar_l,0.1429169766895539,0.0902992623200443,0.2102503509682835,0.0443684304129566,-3.221141143812442,0.0,0.0,0.001953125,1.3852707117550696,
W4_dense,clearance_A=10.0,esp_rmse_mEh,mEh/e,zero,10,0.1872854071025106,0.1293899777829429,0.2625152016189361,exact_dipole,0.1105736611888762,0.0651984836889881,0.1733907723819964,0.0767117459136344,-1.441417606547049,0.0,0.0,0.001953125,1.1803555305416158,
W4_dense,clearance_A=10.0,field_vrmse,kcal/mol/e/A,exact_dipole,10,0.0137762219572287,0.0090827055275893,0.0183557619502828,,,,,,,,,,,
W4_dense,clearance_A=10.0,field_vrmse,kcal/mol/e/A,exact_dipole,10,0.0137762219572287,0.0090827055275893,0.0183557619502828,zero,-0.0097793920302187,-0.0162936264297277,-0.0052507115472413,0.0235556139874474,0.4151618393572789,10.0,0.0,0.001953125,-1.0070574312723144,
W4_dense,clearance_A=10.0,field_vrmse,kcal/mol/e/A,exact_dipole,10,0.0137762219572287,0.0090827055275893,0.0183557619502828,mace_polar_l,0.0082025464666217,0.0045542667392081,0.0119775909326907,0.0055736754906069,-1.4716584200937164,0.0,0.0,0.001953125,1.3003537193902903,
W4_dense,clearance_A=10.0,field_vrmse,kcal/mol/e/A,exact_dipole_quadrupole,10,0.0065171734249823,0.0037362528384377,0.0093736584352497,,,,,,,,,,,
W4_dense,clearance_A=10.0,field_vrmse,kcal/mol/e/A,exact_dipole_quadrupole,10,0.0065171734249823,0.0037362528384377,0.0093736584352497,zero,-0.0170384405624651,-0.0246118482058786,-0.0116367051006992,0.0235556139874474,0.7233282295908192,10.0,0.0,0.001953125,-1.508612982326758,
W4_dense,clearance_A=10.0,field_vrmse,kcal/mol/e/A,exact_dipole_quadrupole,10,0.0065171734249823,0.0037362528384377,0.0093736584352497,mace_polar_l,0.0009434979343753,-0.0011122179256584,0.0033859576759523,0.0055736754906069,-0.1692775146248459,6.0,0.0,0.75390625,0.2455502283481284,
W4_dense,clearance_A=10.0,field_vrmse,kcal/mol/e/A,exact_dipole_quadrupole,10,0.0065171734249823,0.0037362528384377,0.0093736584352497,exact_dipole,-0.0072590485322463,-0.0094247082294835,-0.0050483350348031,0.0137762219572287,0.5269259274991116,10.0,0.0,0.001953125,-1.9294466762236573,
W4_dense,clearance_A=10.0,field_vrmse,kcal/mol/e/A,exact_dipole_quadrupole_octupole,10,0.0040615540917362,0.0021342142780034,0.0060606408456897,,,,,,,,,,,
W4_dense,clearance_A=10.0,field_vrmse,kcal/mol/e/A,exact_dipole_quadrupole_octupole,10,0.0040615540917362,0.0021342142780034,0.0060606408456897,zero,-0.0194940598957111,-0.0276826805465906,-0.0135482254811424,0.0235556139874474,0.8275759615563132,10.0,0.0,0.001953125,-1.5892381269132414,
W4_dense,clearance_A=10.0,field_vrmse,kcal/mol/e/A,exact_dipole_quadrupole_octupole,10,0.0040615540917362,0.0021342142780034,0.0060606408456897,mace_polar_l,-0.0015121213988706,-0.0030886971312185,0.0002646492353686,0.0055736754906069,0.2712969926970079,8.0,0.0,0.109375,-0.5289295204811714,
W4_dense,clearance_A=10.0,field_vrmse,kcal/mol/e/A,exact_dipole_quadrupole_octupole,10,0.0040615540917362,0.0021342142780034,0.0060606408456897,exact_dipole,-0.0097146678654924,-0.0125834916758204,-0.0067313930233466,0.0137762219572287,0.7051764914686868,10.0,0.0,0.001953125,-1.9386763924395187,
W4_dense,clearance_A=10.0,field_vrmse,kcal/mol/e/A,glider,10,0.0053691237826306,0.0039178439251839,0.0069876063503188,,,,,,,,,,,
W4_dense,clearance_A=10.0,field_vrmse,kcal/mol/e/A,glider,10,0.0053691237826306,0.0039178439251839,0.0069876063503188,zero,-0.0181864902048168,-0.0257672563709387,-0.0119503195233302,0.0235556139874474,0.7720660652067143,10.0,0.0,0.001953125,-1.5443494516673808,
W4_dense,clearance_A=10.0,field_vrmse,kcal/mol/e/A,glider,10,0.0053691237826306,0.0039178439251839,0.0069876063503188,mace_polar_l,-0.0002045517079763,-0.0013359866087323,0.000781128824684,0.0055736754906069,0.0366996084219549,4.0,0.0,0.75390625,-0.112277135831084,
W4_dense,clearance_A=10.0,field_vrmse,kcal/mol/e/A,glider,10,0.0053691237826306,0.0039178439251839,0.0069876063503188,exact_dipole,-0.008407098174598,-0.0127377653286759,-0.0041312878462365,0.0137762219572287,0.6102615216784202,8.0,0.0,0.109375,-1.1482893429996033,
W4_dense,clearance_A=10.0,field_vrmse,kcal/mol/e/A,mace_polar_l,10,0.0055736754906069,0.0041836772744184,0.0070545280192443,,,,,,,,,,,
W4_dense,clearance_A=10.0,field_vrmse,kcal/mol/e/A,mace_polar_l,10,0.0055736754906069,0.0041836772744184,0.0070545280192443,zero,-0.0179819384968404,-0.0256936120481103,-0.0119992121538544,0.0235556139874474,0.7633822878241622,10.0,0.0,0.001953125,-1.5350126149857963,
W4_dense,clearance_A=10.0,field_vrmse,kcal/mol/e/A,mace_polar_l,10,0.0055736754906069,0.0041836772744184,0.0070545280192443,exact_dipole,-0.0082025464666217,-0.0119775909326907,-0.0045542667392081,0.0137762219572287,0.5954133500526001,10.0,0.0,0.001953125,-1.3003537193902903,
W4_dense,clearance_A=10.0,field_vrmse,kcal/mol/e/A,zero,10,0.0235556139874474,0.0166645400708264,0.0321913955613144,,,,,,,,,,,
W4_dense,clearance_A=10.0,field_vrmse,kcal/mol/e/A,zero,10,0.0235556139874474,0.0166645400708264,0.0321913955613144,mace_polar_l,0.0179819384968404,0.0119992121538544,0.0256936120481103,0.0055736754906069,-3.2262263074239748,0.0,0.0,0.001953125,1.5350126149857963,
W4_dense,clearance_A=10.0,field_vrmse,kcal/mol/e/A,zero,10,0.0235556139874474,0.0166645400708264,0.0321913955613144,exact_dipole,0.0097793920302187,0.0052507115472413,0.0162936264297277,0.0137762219572287,-0.7098747436402362,0.0,0.0,0.001953125,1.0070574312723144,
W4_dense,clearance_A=10.0,force_vrmse,kcal/mol/A,exact_dipole,10,0.0013536487942604,0.0009171845381277,0.0017755903491654,,,,,,,,,,,
W4_dense,clearance_A=10.0,force_vrmse,kcal/mol/A,exact_dipole,10,0.0013536487942604,0.0009171845381277,0.0017755903491654,zero,-0.0005114286770526,-0.0008847421527214,-0.0002235111727207,0.0018650774713131,0.2742131010207261,10.0,0.0,0.001953125,-0.9036181851478926,
W4_dense,clearance_A=10.0,force_vrmse,kcal/mol/A,exact_dipole,10,0.0013536487942604,0.0009171845381277,0.0017755903491654,mace_polar_l,0.0008945844668579,0.0005275281300278,0.0012595442117653,0.0004590643274025,-1.9487126606410028,0.0,0.0,0.001953125,1.4318414209264625,
W4_dense,clearance_A=10.0,force_vrmse,kcal/mol/A,exact_dipole_quadrupole,10,0.0008199780914512,0.0004813771343752,0.0011633999000238,,,,,,,,,,,
W4_dense,clearance_A=10.0,force_vrmse,kcal/mol/A,exact_dipole_quadrupole,10,0.0008199780914512,0.0004813771343752,0.0011633999000238,zero,-0.0010450993798619,-0.0015029946416291,-0.000679545443694,0.0018650774713131,0.560351725832658,10.0,0.0,0.001953125,-1.477209451659227,
W4_dense,clearance_A=10.0,force_vrmse,kcal/mol/A,exact_dipole_quadrupole,10,0.0008199780914512,0.0004813771343752,0.0011633999000238,mace_polar_l,0.0003609137640486,7.93577560419482e-05,0.000663993778592,0.0004590643274025,-0.7861943141842642,3.0,0.0,0.34375,0.7254235562676671,
W4_dense,clearance_A=10.0,force_vrmse,kcal/mol/A,exact_dipole_quadrupole,10,0.0008199780914512,0.0004813771343752,0.0011633999000238,exact_dipole,-0.0005336707028092,-0.0006829793665472,-0.000380631672513,0.0013536487942604,0.3942460592969495,10.0,0.0,0.001953125,-2.0512570643534267,
W4_dense,clearance_A=10.0,force_vrmse,kcal/mol/A,exact_dipole_quadrupole_octupole,10,0.0005850234325425,0.0003100796484682,0.0008686091862563,,,,,,,,,,,
W4_dense,clearance_A=10.0,force_vrmse,kcal/mol/A,exact_dipole_quadrupole_octupole,10,0.0005850234325425,0.0003100796484682,0.0008686091862563,zero,-0.0012800540387705,-0.0018031114276471,-0.0008891554349803,0.0018650774713131,0.6863275432035112,10.0,0.0,0.001953125,-1.625458879970935,
W4_dense,clearance_A=10.0,force_vrmse,kcal/mol/A,exact_dipole_quadrupole_octupole,10,0.0005850234325425,0.0003100796484682,0.0008686091862563,mace_polar_l,0.00012595910514,-0.0001021389081,0.0003773574542577,0.0004590643274025,-0.2743822545584244,4.0,0.0,0.75390625,0.307427632669444,
W4_dense,clearance_A=10.0,force_vrmse,kcal/mol/A,exact_dipole_quadrupole_octupole,10,0.0005850234325425,0.0003100796484682,0.0008686091862563,exact_dipole,-0.0007686253617178,-0.0009827368706947,-0.0005507696727561,0.0013536487942604,0.5678174168786612,10.0,0.0,0.001953125,-2.0868629458293304,
W4_dense,clearance_A=10.0,force_vrmse,kcal/mol/A,glider,10,0.0004324957426564,0.0003359797945306,0.0005351509898206,,,,,,,,,,,
W4_dense,clearance_A=10.0,force_vrmse,kcal/mol/A,glider,10,0.0004324957426564,0.0003359797945306,0.0005351509898206,zero,-0.0014325817286566,-0.0019479728162855,-0.0009770743142989,0.0018650774713131,0.7681084301812167,10.0,0.0,0.001953125,-1.7390502184334398,
W4_dense,clearance_A=10.0,force_vrmse,kcal/mol/A,glider,10,0.0004324957426564,0.0003359797945306,0.0005351509898206,mace_polar_l,-2.656858474607301e-05,-9.94503215301955e-05,3.604530533442601e-05,0.0004590643274025,0.0578755158267325,5.0,0.0,1.0,-0.2285056628702909,
W4_dense,clearance_A=10.0,force_vrmse,kcal/mol/A,glider,10,0.0004324957426564,0.0003359797945306,0.0005351509898206,exact_dipole,-0.000921153051604,-0.0013129017199351,-0.000519081837366,0.0013536487942604,0.6804963410817843,10.0,0.0,0.001953125,-1.3581482195703378,
W4_dense,clearance_A=10.0,force_vrmse,kcal/mol/A,mace_polar_l,10,0.0004590643274025,0.0003698888695444,0.0005518992028434,,,,,,,,,,,
W4_dense,clearance_A=10.0,force_vrmse,kcal/mol/A,mace_polar_l,10,0.0004590643274025,0.0003698888695444,0.0005518992028434,zero,-0.0014060131439106,-0.0019285238918019,-0.0009744636219139,0.0018650774713131,0.7538631319806185,10.0,0.0,0.001953125,-1.736309928157238,
W4_dense,clearance_A=10.0,force_vrmse,kcal/mol/A,mace_polar_l,10,0.0004590643274025,0.0003698888695444,0.0005518992028434,exact_dipole,-0.0008945844668579,-0.0012595442117653,-0.0005275281300278,0.0013536487942604,0.66086895703747,10.0,0.0,0.001953125,-1.4318414209264625,
W4_dense,clearance_A=10.0,force_vrmse,kcal/mol/A,zero,10,0.0018650774713131,0.001364885927761,0.0024436608752666,,,,,,,,,,,
W4_dense,clearance_A=10.0,force_vrmse,kcal/mol/A,zero,10,0.0018650774713131,0.001364885927761,0.0024436608752666,mace_polar_l,0.0014060131439106,0.0009744636219139,0.0019285238918019,0.0004590643274025,-3.062780224867642,0.0,0.0,0.001953125,1.736309928157238,
W4_dense,clearance_A=10.0,force_vrmse,kcal/mol/A,zero,10,0.0018650774713131,0.001364885927761,0.0024436608752666,exact_dipole,0.0005114286770526,0.0002235111727207,0.0008847421527214,0.0013536487942604,-0.3778148949869055,0.0,0.0,0.001953125,0.9036181851478926,
W4_dense,clearance_A=15.0,energy_mae,kcal/mol,exact_dipole,10,0.0010618843790306,0.0006859959875162,0.0014259804013038,,,,,,,,,,,
W4_dense,clearance_A=15.0,energy_mae,kcal/mol,exact_dipole,10,0.0010618843790306,0.0006859959875162,0.0014259804013038,zero,-0.0012365731354246,-0.0020198954113751,-0.0006952112200197,0.0022984575144553,0.5380013020243786,10.0,0.0,0.001953125,-1.066022258672464,
W4_dense,clearance_A=15.0,energy_mae,kcal/mol,exact_dipole,10,0.0010618843790306,0.0006859959875162,0.0014259804013038,mace_polar_l,0.0005183997182678,0.0002513733023217,0.0008161788714155,0.0005434846607627,-0.953844249330394,1.0,0.0,0.021484375,1.0780187950079352,
W4_dense,clearance_A=15.0,energy_mae,kcal/mol,exact_dipole_quadrupole,10,0.0003590192211023,0.0002058337440655,0.0005165322565336,,,,,,,,,,,
W4_dense,clearance_A=15.0,energy_mae,kcal/mol,exact_dipole_quadrupole,10,0.0003590192211023,0.0002058337440655,0.0005165322565336,zero,-0.001939438293353,-0.0028027127303891,-0.001311779315886,0.0022984575144553,0.8437999315434828,10.0,0.0,0.001953125,-1.4961438232827464,
W4_dense,clearance_A=15.0,energy_mae,kcal/mol,exact_dipole_quadrupole,10,0.0003590192211023,0.0002058337440655,0.0005165322565336,mace_polar_l,-0.0001844654396604,-0.000321410149115,-3.778224184750327e-05,0.0005434846607627,0.339412412121377,8.0,0.0,0.109375,-0.7614060041668969,
W4_dense,clearance_A=15.0,energy_mae,kcal/mol,exact_dipole_quadrupole,10,0.0003590192211023,0.0002058337440655,0.0005165322565336,exact_dipole,-0.0007028651579283,-0.0009334071072972,-0.0004673156645697,0.0010618843790306,0.6619036608956859,10.0,0.0,0.001953125,-1.767145264413837,
W4_dense,clearance_A=15.0,energy_mae,kcal/mol,exact_dipole_quadrupole_octupole,10,0.0001736696061013,9.038109387887084e-05,0.0002610874942518,,,,,,,,,,,
W4_dense,clearance_A=15.0,energy_mae,kcal/mol,exact_dipole_quadrupole_octupole,10,0.0001736696061013,9.038109387887084e-05,0.0002610874942518,zero,-0.0021247879083539,-0.0030391164965331,-0.0014422805739088,0.0022984575144553,0.9244408021426817,10.0,0.0,0.001953125,-1.5395422862446362,
W4_dense,clearance_A=15.0,energy_mae,kcal/mol,exact_dipole_quadrupole_octupole,10,0.0001736696061013,9.038109387887084e-05,0.0002610874942518,mace_polar_l,-0.0003698150546614,-0.0005161405630892,-0.0002339390279496,0.0005434846607627,0.6804516877116191,10.0,0.0,0.001953125,-1.5373585901502136,
W4_dense,clearance_A=15.0,energy_mae,kcal/mol,exact_dipole_quadrupole_octupole,10,0.0001736696061013,9.038109387887084e-05,0.0002610874942518,exact_dipole,-0.0008882147729292,-0.0011765168915748,-0.00058872917402,0.0010618843790306,0.8364514917717245,10.0,0.0,0.001953125,-1.7689769436030895,
W4_dense,clearance_A=15.0,energy_mae,kcal/mol,glider,10,0.0005311097181414,0.0003659286305936,0.0007133173577087,,,,,,,,,,,
W4_dense,clearance_A=15.0,energy_mae,kcal/mol,glider,10,0.0005311097181414,0.0003659286305936,0.0007133173577087,zero,-0.0017673477963139,-0.0025712210620164,-0.001119463394817,0.0022984575144553,0.7689277635974568,10.0,0.0,0.001953125,-1.423508344218766,
W4_dense,clearance_A=15.0,energy_mae,kcal/mol,glider,10,0.0005311097181414,0.0003659286305936,0.0007133173577087,mace_polar_l,-1.2374942621360176e-05,-0.0001456467002417,9.804797595480888e-05,0.0005434846607627,0.0227696262926569,4.0,0.0,0.75390625,-0.0590484306803036,
W4_dense,clearance_A=15.0,energy_mae,kcal/mol,glider,10,0.0005311097181414,0.0003659286305936,0.0007133173577087,exact_dipole,-0.0005307746608892,-0.0008877860763632,-0.0001952236452247,0.0010618843790306,0.4998422345884266,8.0,0.0,0.109375,-0.8989937901394557,
W4_dense,clearance_A=15.0,energy_mae,kcal/mol,mace_polar_l,10,0.0005434846607627,0.0003876807900162,0.0007127548682914,,,,,,,,,,,
W4_dense,clearance_A=15.0,energy_mae,kcal/mol,mace_polar_l,10,0.0005434846607627,0.0003876807900162,0.0007127548682914,zero,-0.0017549728536925,-0.0025802531174894,-0.0011160046930537,0.0022984575144553,0.7635437429907967,10.0,0.0,0.001953125,-1.3943054319653947,
W4_dense,clearance_A=15.0,energy_mae,kcal/mol,mace_polar_l,10,0.0005434846607627,0.0003876807900162,0.0007127548682914,exact_dipole,-0.0005183997182678,-0.0008161788714155,-0.0002513733023218,0.0010618843790306,0.4881884774885654,9.0,0.0,0.021484375,-1.0780187950079352,
W4_dense,clearance_A=15.0,energy_mae,kcal/mol,zero,10,0.0022984575144553,0.0015712992379802,0.0032261382166444,,,,,,,,,,,
W4_dense,clearance_A=15.0,energy_mae,kcal/mol,zero,10,0.0022984575144553,0.0015712992379802,0.0032261382166444,mace_polar_l,0.0017549728536925,0.0011160046930537,0.0025802531174894,0.0005434846607627,-3.229112025405522,0.0,0.0,0.001953125,1.3943054319653947,
W4_dense,clearance_A=15.0,energy_mae,kcal/mol,zero,10,0.0022984575144553,0.0015712992379802,0.0032261382166444,exact_dipole,0.0012365731354246,0.0006952112200197,0.0020198954113751,0.0010618843790306,-1.1645082645942173,0.0,0.0,0.001953125,1.066022258672464,
W4_dense,clearance_A=15.0,energy_rmse,kcal/mol,exact_dipole,10,0.0012379990170734,0.0007944890116059,0.0016666086345844,,,,,,,,,,,
W4_dense,clearance_A=15.0,energy_rmse,kcal/mol,exact_dipole,10,0.0012379990170734,0.0007944890116059,0.0016666086345844,zero,-0.0014183149713847,-0.0023266421046704,-0.000792579903687,0.0026563139884581,0.5339410090627053,10.0,0.0,0.001953125,-1.0517603014550394,
W4_dense,clearance_A=15.0,energy_rmse,kcal/mol,exact_dipole,10,0.0012379990170734,0.0007944890116059,0.0016666086345844,mace_polar_l,0.0006152996003467,0.0003007012648573,0.0009638334847475,0.0006226994167266,-0.9881165516121144,1.0,0.0,0.021484375,1.0877751528267374,
W4_dense,clearance_A=15.0,energy_rmse,kcal/mol,exact_dipole_quadrupole,10,0.0004159837879479,0.000236337153256,0.0006025616374086,,,,,,,,,,,
W4_dense,clearance_A=15.0,energy_rmse,kcal/mol,exact_dipole_quadrupole,10,0.0004159837879479,0.000236337153256,0.0006025616374086,zero,-0.0022403302005102,-0.0032518396150336,-0.0015109493792972,0.0026563139884581,0.8433981111587812,10.0,0.0,0.001953125,-1.4794996806956011,
W4_dense,clearance_A=15.0,energy_rmse,kcal/mol,exact_dipole_quadrupole,10,0.0004159837879479,0.000236337153256,0.0006025616374086,mace_polar_l,-0.0002067156287787,-0.0003707052974715,-2.8517052390067827e-05,0.0006226994167266,0.3319669542415572,8.0,0.0,0.109375,-0.7104691102834715,
W4_dense,clearance_A=15.0,energy_rmse,kcal/mol,exact_dipole_quadrupole,10,0.0004159837879479,0.000236337153256,0.0006025616374086,exact_dipole,-0.0008220152291255,-0.0010930660194665,-0.0005459198318065,0.0012379990170734,0.6639869804329372,10.0,0.0,0.001953125,-1.763077568630457,
W4_dense,clearance_A=15.0,energy_rmse,kcal/mol,exact_dipole_quadrupole_octupole,10,0.0002005658961573,0.0001042795172675,0.0003012239973877,,,,,,,,,,,
W4_dense,clearance_A=15.0,energy_rmse,kcal/mol,exact_dipole_quadrupole_octupole,10,0.0002005658961573,0.0001042795172675,0.0003012239973877,zero,-0.0024557480923008,-0.0035227142847601,-0.0016634539185402,0.0026563139884581,0.9244946580002216,10.0,0.0,0.001953125,-1.5278972853795143,
W4_dense,clearance_A=15.0,energy_rmse,kcal/mol,exact_dipole_quadrupole_octupole,10,0.0002005658961573,0.0001042795172675,0.0003012239973877,mace_polar_l,-0.0004221335205693,-0.0005927023678706,-0.0002641306541461,0.0006226994167266,0.6779089705725907,10.0,0.0,0.001953125,-1.507174909588051,
W4_dense,clearance_A=15.0,energy_rmse,kcal/mol,exact_dipole_quadrupole_octupole,10,0.0002005658961573,0.0001042795172675,0.0003012239973877,exact_dipole,-0.0010374331209161,-0.0013762352596283,-0.0006854750430742,0.0012379990170734,0.8379918777064485,10.0,0.0,0.001953125,-1.7552072225403037,
W4_dense,clearance_A=15.0,energy_rmse,kcal/mol,glider,10,0.0006102061760519,0.0004198820212142,0.0008211776097192,,,,,,,,,,,
W4_dense,clearance_A=15.0,energy_rmse,kcal/mol,glider,10,0.0006102061760519,0.0004198820212142,0.0008211776097192,zero,-0.0020461078124061,-0.002986118201859,-0.0012925799518654,0.0026563139884581,0.7702808558388209,10.0,0.0,0.001953125,-1.4140888129910305,
W4_dense,clearance_A=15.0,energy_rmse,kcal/mol,glider,10,0.0006102061760519,0.0004198820212142,0.0008211776097192,mace_polar_l,-1.249324067465741e-05,-0.0001650056492418,0.0001141384476837,0.0006226994167266,0.0200630357746777,4.0,0.0,0.75390625,-0.0518911839465401,
W4_dense,clearance_A=15.0,energy_rmse,kcal/mol,glider,10,0.0006102061760519,0.0004198820212142,0.0008211776097192,exact_dipole,-0.0006277928410214,-0.0010479728737329,-0.0002316069764183,0.0012379990170734,0.5071028590196507,8.0,0.0,0.109375,-0.9015434937752964,
W4_dense,clearance_A=15.0,energy_rmse,kcal/mol,mace_polar_l,10,0.0006226994167266,0.0004421216912526,0.0008198998997127,,,,,,,,,,,
W4_dense,clearance_A=15.0,energy_rmse,kcal/mol,mace_polar_l,10,0.0006226994167266,0.0004421216912526,0.0008198998997127,zero,-0.0020336145717315,-0.0029958569615177,-0.0012950458257127,0.0026563139884581,0.7655776314726724,10.0,0.0,0.001953125,-1.3876809366750562,
W4_dense,clearance_A=15.0,energy_rmse,kcal/mol,mace_polar_l,10,0.0006226994167266,0.0004421216912526,0.0008198998997127,exact_dipole,-0.0006152996003467,-0.0009638334847475,-0.0003007012648573,0.0012379990170734,0.4970113803493438,9.0,0.0,0.021484375,-1.0877751528267374,
W4_dense,clearance_A=15.0,energy_rmse,kcal/mol,zero,10,0.0026563139884581,0.0018146259015818,0.0037422438496591,,,,,,,,,,,
W4_dense,clearance_A=15.0,energy_rmse,kcal/mol,zero,10,0.0026563139884581,0.0018146259015818,0.0037422438496591,mace_polar_l,0.0020336145717315,0.0012950458257127,0.0029958569615177,0.0006226994167266,-3.2658045231866417,0.0,0.0,0.001953125,1.3876809366750562,
W4_dense,clearance_A=15.0,energy_rmse,kcal/mol,zero,10,0.0026563139884581,0.0018146259015818,0.0037422438496591,exact_dipole,0.0014183149713847,0.000792579903687,0.0023266421046704,0.0012379990170734,-1.145651128817175,0.0,0.0,0.001953125,1.0517603014550394,
W4_dense,clearance_A=15.0,energy_nrmse,1,exact_dipole,10,0.5455520238161822,0.3804197426499908,0.7102202064526572,,,,,,,,,,,
W4_dense,clearance_A=15.0,energy_nrmse,1,exact_dipole,10,0.5455520238161822,0.3804197426499908,0.7102202064526572,zero,-0.4544479761838178,-0.6195802573500092,-0.2897797935473428,1.0,0.4544479761838178,10.0,0.0,0.001953125,-1.626857053761785,
W4_dense,clearance_A=15.0,energy_nrmse,1,exact_dipole,10,0.5455520238161822,0.3804197426499908,0.7102202064526572,mace_polar_l,0.259470199370418,0.1352532173581275,0.3833156618284715,0.2860818244457642,-0.906978973142031,2.0,0.0,0.109375,1.2409502635267635,
W4_dense,clearance_A=15.0,energy_nrmse,1,exact_dipole_quadrupole,10,0.1766727509528039,0.103079164896212,0.2516303587113161,,,,,,,,,,,
W4_dense,clearance_A=15.0,energy_nrmse,1,exact_dipole_quadrupole,10,0.1766727509528039,0.103079164896212,0.2516303587113161,zero,-0.8233272490471961,-0.896920835103788,-0.748369641288684,1.0,0.823327249047196,10.0,0.0,0.001953125,-6.498604146819305,
W4_dense,clearance_A=15.0,energy_nrmse,1,exact_dipole_quadrupole,10,0.1766727509528039,0.103079164896212,0.2516303587113161,mace_polar_l,-0.1094090734929602,-0.1780385797338404,-0.0364841516321856,0.2860818244457642,0.3824397921990398,8.0,0.0,0.109375,-0.905481185547696,
W4_dense,clearance_A=15.0,energy_nrmse,1,exact_dipole_quadrupole,10,0.1766727509528039,0.103079164896212,0.2516303587113161,exact_dipole,-0.3688792728633782,-0.4737511928666071,-0.2692031736974193,0.5455520238161822,0.6761578305273928,10.0,0.0,0.001953125,-2.125009426866212,
W4_dense,clearance_A=15.0,energy_nrmse,1,exact_dipole_quadrupole_octupole,10,0.0888767074876085,0.046339191940744,0.1315069649035379,,,,,,,,,,,
W4_dense,clearance_A=15.0,energy_nrmse,1,exact_dipole_quadrupole_octupole,10,0.0888767074876085,0.046339191940744,0.1315069649035379,zero,-0.9111232925123914,-0.953660808059256,-0.8684930350964621,1.0,0.9111232925123914,10.0,0.0,0.001953125,-12.54938167060524,
W4_dense,clearance_A=15.0,energy_nrmse,1,exact_dipole_quadrupole_octupole,10,0.0888767074876085,0.046339191940744,0.1315069649035379,mace_polar_l,-0.1972051169581556,-0.2642147363492061,-0.1325629606556523,0.2860818244457642,0.6893311636983848,10.0,0.0,0.001953125,-1.7698656942096973,
W4_dense,clearance_A=15.0,energy_nrmse,1,exact_dipole_quadrupole_octupole,10,0.0888767074876085,0.046339191940744,0.1315069649035379,exact_dipole,-0.4566753163285736,-0.5840919217872772,-0.3309784460194591,0.5455520238161822,0.8370884835768575,10.0,0.0,0.001953125,-2.134226524168177,
W4_dense,clearance_A=15.0,energy_nrmse,1,glider,10,0.288944036042306,0.1965687024184241,0.3913131606415704,,,,,,,,,,,
W4_dense,clearance_A=15.0,energy_nrmse,1,glider,10,0.288944036042306,0.1965687024184241,0.3913131606415704,zero,-0.7110559639576939,-0.8034312975815759,-0.6086868393584295,1.0,0.711055963957694,10.0,0.0,0.001953125,-4.30470593005492,
W4_dense,clearance_A=15.0,energy_nrmse,1,glider,10,0.288944036042306,0.1965687024184241,0.3913131606415704,mace_polar_l,0.0028622115965418,-0.0754766771257486,0.0714122013765311,0.2860818244457642,-0.0100048704669961,4.0,0.0,0.75390625,0.0227651307838402,
W4_dense,clearance_A=15.0,energy_nrmse,1,glider,10,0.288944036042306,0.1965687024184241,0.3913131606415704,exact_dipole,-0.2566079877738762,-0.4194965587595075,-0.0918869882066694,0.5455520238161822,0.4703639186944661,8.0,0.0,0.109375,-0.9198032612106408,
W4_dense,clearance_A=15.0,energy_nrmse,1,mace_polar_l,10,0.2860818244457642,0.2128449621172483,0.3715163191139632,,,,,,,,,,,
W4_dense,clearance_A=15.0,energy_nrmse,1,mace_polar_l,10,0.2860818244457642,0.2128449621172483,0.3715163191139632,zero,-0.7139181755542358,-0.7871550378827517,-0.6284836808860367,1.0,0.7139181755542359,10.0,0.0,0.001953125,-5.258274992456762,
W4_dense,clearance_A=15.0,energy_nrmse,1,mace_polar_l,10,0.2860818244457642,0.2128449621172483,0.3715163191139632,exact_dipole,-0.259470199370418,-0.3833156618284715,-0.1352532173581276,0.5455520238161822,0.475610369026591,8.0,0.0,0.109375,-1.2409502635267635,
W4_dense,clearance_A=15.0,energy_nrmse,1,zero,10,1.0,1.0,1.0,,,,,,,,,,,
W4_dense,clearance_A=15.0,energy_nrmse,1,zero,10,1.0,1.0,1.0,mace_polar_l,0.7139181755542358,0.6284836808860366,0.7871550378827515,0.2860818244457642,-2.4955034348558605,0.0,0.0,0.001953125,5.258274992456762,
W4_dense,clearance_A=15.0,energy_nrmse,1,zero,10,1.0,1.0,1.0,exact_dipole,0.4544479761838178,0.2897797935473425,0.6195802573500092,0.5455520238161822,-0.8330057562703481,0.0,0.0,0.001953125,1.626857053761785,
W4_dense,clearance_A=15.0,centered_orientation_rmse,kcal/mol,exact_dipole,10,0.0011990368821734,0.0007652459300046,0.0016234182012374,,,,,,,,,,,
W4_dense,clearance_A=15.0,centered_orientation_rmse,kcal/mol,exact_dipole,10,0.0011990368821734,0.0007652459300046,0.0016234182012374,zero,-0.0013427477254868,-0.0022377484096917,-0.0007279403763244,0.0025417846076602,0.5282696737717837,10.0,0.0,0.001953125,-1.0109913405891415,
W4_dense,clearance_A=15.0,centered_orientation_rmse,kcal/mol,exact_dipole,10,0.0011990368821734,0.0007652459300046,0.0016234182012374,mace_polar_l,0.0006047077347382,0.0002940434787716,0.0009479503142928,0.0005943291474351,-1.0174626927652284,1.0,0.0,0.021484375,1.0847701191587495,
W4_dense,clearance_A=15.0,centered_orientation_rmse,kcal/mol,exact_dipole_quadrupole,10,0.0004019916411952,0.0002271307758948,0.0005844935795956,,,,,,,,,,,
W4_dense,clearance_A=15.0,centered_orientation_rmse,kcal/mol,exact_dipole_quadrupole,10,0.0004019916411952,0.0002271307758948,0.0005844935795956,zero,-0.0021397929664649,-0.0031290487335548,-0.0014287036081341,0.0025417846076602,0.8418466930739155,10.0,0.0,0.001953125,-1.444182485283904,
W4_dense,clearance_A=15.0,centered_orientation_rmse,kcal/mol,exact_dipole_quadrupole,10,0.0004019916411952,0.0002271307758948,0.0005844935795956,mace_polar_l,-0.0001923375062398,-0.0003502337778986,-2.182326692028017e-05,0.0005943291474351,0.3236211904967424,8.0,0.0,0.109375,-0.688105299963075,
W4_dense,clearance_A=15.0,centered_orientation_rmse,kcal/mol,exact_dipole_quadrupole,10,0.0004019916411952,0.0002271307758948,0.0005844935795956,exact_dipole,-0.0007970452409781,-0.0010664962794766,-0.0005244112174867,0.0011990368821734,0.6647378849042402,10.0,0.0,0.001953125,-1.723415980644848,
W4_dense,clearance_A=15.0,centered_orientation_rmse,kcal/mol,exact_dipole_quadrupole_octupole,10,0.0001934675234733,0.0001006307804459,0.0002907106706302,,,,,,,,,,,
W4_dense,clearance_A=15.0,centered_orientation_rmse,kcal/mol,exact_dipole_quadrupole_octupole,10,0.0001934675234733,0.0001006307804459,0.0002907106706302,zero,-0.0023483170841868,-0.0033864959875448,-0.0015761321109682,0.0025417846076602,0.923885162066712,10.0,0.0,0.001953125,-1.494157080024382,
W4_dense,clearance_A=15.0,centered_orientation_rmse,kcal/mol,exact_dipole_quadrupole_octupole,10,0.0001934675234733,0.0001006307804459,0.0002907106706302,mace_polar_l,-0.0004008616239617,-0.0005659221247787,-0.0002503039852854,0.0005943291474351,0.6744774771550506,10.0,0.0,0.001953125,-1.4953561009070944,
W4_dense,clearance_A=15.0,centered_orientation_rmse,kcal/mol,exact_dipole_quadrupole_octupole,10,0.0001934675234733,0.0001006307804459,0.0002907106706302,exact_dipole,-0.0010055693587,-0.0013400113553978,-0.0006586259171869,0.0011990368821734,0.8386475625981598,10.0,0.0,0.001953125,-1.7250989313231888,
W4_dense,clearance_A=15.0,centered_orientation_rmse,kcal/mol,glider,10,0.0005836991091363,0.0004009689733825,0.0007860198528239,,,,,,,,,,,
W4_dense,clearance_A=15.0,centered_orientation_rmse,kcal/mol,glider,10,0.0005836991091363,0.0004009689733825,0.0007860198528239,zero,-0.0019580854985239,-0.0028768287894108,-0.0012245112018657,0.0025417846076602,0.7703585475428599,10.0,0.0,0.001953125,-1.3835446197648815,
W4_dense,clearance_A=15.0,centered_orientation_rmse,kcal/mol,glider,10,0.0005836991091363,0.0004009689733825,0.0007860198528239,mace_polar_l,-1.0630038298872335e-05,-0.0001557141435186,0.0001097268940157,0.0005943291474351,0.017885776500692,4.0,0.0,0.75390625,-0.0466242541708907,
W4_dense,clearance_A=15.0,centered_orientation_rmse,kcal/mol,glider,10,0.0005836991091363,0.0004009689733825,0.0007860198528239,exact_dipole,-0.0006153377730371,-0.0010284937442329,-0.0002281434528438,0.0011990368821734,0.513193365596676,8.0,0.0,0.109375,-0.9028054890188631,
W4_dense,clearance_A=15.0,centered_orientation_rmse,kcal/mol,mace_polar_l,10,0.0005943291474351,0.0004200332786963,0.0007839576127197,,,,,,,,,,,
W4_dense,clearance_A=15.0,centered_orientation_rmse,kcal/mol,mace_polar_l,10,0.0005943291474351,0.0004200332786963,0.0007839576127197,zero,-0.001947455460225,-0.0028909519652014,-0.0012267681239898,0.0025417846076602,0.7661764314552748,10.0,0.0,0.001953125,-1.3587178679852585,
W4_dense,clearance_A=15.0,centered_orientation_rmse,kcal/mol,mace_polar_l,10,0.0005943291474351,0.0004200332786963,0.0007839576127197,exact_dipole,-0.0006047077347382,-0.0009479503142928,-0.0002940434787716,0.0011990368821734,0.5043278849288888,9.0,0.0,0.021484375,-1.0847701191587495,
W4_dense,clearance_A=15.0,centered_orientation_rmse,kcal/mol,zero,10,0.0025417846076602,0.0017199733696858,0.0036027214433523,,,,,,,,,,,
W4_dense,clearance_A=15.0,centered_orientation_rmse,kcal/mol,zero,10,0.0025417846076602,0.0017199733696858,0.0036027214433523,mace_polar_l,0.001947455460225,0.0012267681239898,0.0028909519652014,0.0005943291474351,-3.2767288439904307,0.0,0.0,0.001953125,1.3587178679852585,
W4_dense,clearance_A=15.0,centered_orientation_rmse,kcal/mol,zero,10,0.0025417846076602,0.0017199733696858,0.0036027214433523,exact_dipole,0.0013427477254868,0.0007279403763244,0.0022377484096917,0.0011990368821734,-1.119855231686365,0.0,0.0,0.001953125,1.0109913405891415,
W4_dense,clearance_A=15.0,centered_orientation_nrmse,1,exact_dipole,10,0.5556005670479641,0.385056782653733,0.7281789964896962,,,,,,,,,,,
W4_dense,clearance_A=15.0,centered_orientation_nrmse,1,exact_dipole,10,0.5556005670479641,0.385056782653733,0.7281789964896962,zero,-0.4443994329520359,-0.6149432173462668,-0.2718210035103038,1.0,0.4443994329520359,10.0,0.0,0.001953125,-1.5280457540664436,
W4_dense,clearance_A=15.0,centered_orientation_nrmse,1,exact_dipole,10,0.5556005670479641,0.385056782653733,0.7281789964896962,mace_polar_l,0.2676969392045051,0.1402910370544875,0.3948151229579838,0.2879036278434591,-0.9298144007760092,1.0,0.0,0.021484375,1.2511319474960445,
W4_dense,clearance_A=15.0,centered_orientation_nrmse,1,exact_dipole_quadrupole,10,0.1790480317823885,0.1041844525417285,0.2554903627400688,,,,,,,,,,,
W4_dense,clearance_A=15.0,centered_orientation_nrmse,1,exact_dipole_quadrupole,10,0.1790480317823885,0.1041844525417285,0.2554903627400688,zero,-0.8209519682176115,-0.8958155474582714,-0.7445096372599311,1.0,0.8209519682176114,10.0,0.0,0.001953125,-6.366400609706632,
W4_dense,clearance_A=15.0,centered_orientation_nrmse,1,exact_dipole_quadrupole,10,0.1790480317823885,0.1041844525417285,0.2554903627400688,mace_polar_l,-0.1088555960610705,-0.1774320659138231,-0.0357964712557732,0.2879036278434591,0.3780973406846343,8.0,0.0,0.109375,-0.899619506100792,
W4_dense,clearance_A=15.0,centered_orientation_nrmse,1,exact_dipole_quadrupole,10,0.1790480317823885,0.1041844525417285,0.2554903627400688,exact_dipole,-0.3765525352655755,-0.4894436062793448,-0.2718444706793511,0.5556005670479641,0.67773965254623,10.0,0.0,0.001953125,-2.0420270426462457,
W4_dense,clearance_A=15.0,centered_orientation_nrmse,1,exact_dipole_quadrupole_octupole,10,0.0894525842603654,0.046457783163159,0.132204166111285,,,,,,,,,,,
W4_dense,clearance_A=15.0,centered_orientation_nrmse,1,exact_dipole_quadrupole_octupole,10,0.0894525842603654,0.046457783163159,0.132204166111285,zero,-0.9105474157396346,-0.9535422168368408,-0.867795833888715,1.0,0.9105474157396346,10.0,0.0,0.001953125,-12.487481335645452,
W4_dense,clearance_A=15.0,centered_orientation_nrmse,1,exact_dipole_quadrupole_octupole,10,0.0894525842603654,0.046457783163159,0.132204166111285,mace_polar_l,-0.1984510435830936,-0.2670663285366939,-0.1331355356990084,0.2879036278434591,0.6892967798620335,10.0,0.0,0.001953125,-1.747447578898765,
W4_dense,clearance_A=15.0,centered_orientation_nrmse,1,exact_dipole_quadrupole_octupole,10,0.0894525842603654,0.046457783163159,0.132204166111285,exact_dipole,-0.4661479827875987,-0.6023004072511492,-0.3347604128638531,0.5556005670479641,0.8389983927920593,10.0,0.0,0.001953125,-2.060442176866875,
W4_dense,clearance_A=15.0,centered_orientation_nrmse,1,glider,10,0.2912436431978024,0.1973010835104379,0.3959849452779702,,,,,,,,,,,
W4_dense,clearance_A=15.0,centered_orientation_nrmse,1,glider,10,0.2912436431978024,0.1973010835104379,0.3959849452779702,zero,-0.7087563568021975,-0.802698916489562,-0.6040150547220299,1.0,0.7087563568021975,10.0,0.0,0.001953125,-4.181017827605192,
W4_dense,clearance_A=15.0,centered_orientation_nrmse,1,glider,10,0.2912436431978024,0.1973010835104379,0.3959849452779702,mace_polar_l,0.0033400153543434,-0.0748799396128354,0.0718248989389185,0.2879036278434591,-0.0116011575795753,4.0,0.0,0.75390625,0.0266217352733989,
W4_dense,clearance_A=15.0,centered_orientation_nrmse,1,glider,10,0.2912436431978024,0.1973010835104379,0.3959849452779702,exact_dipole,-0.2643569238501617,-0.4292656633029961,-0.0986161720214812,0.5556005670479641,0.475803912970701,8.0,0.0,0.109375,-0.9372675108619104,
W4_dense,clearance_A=15.0,centered_orientation_nrmse,1,mace_polar_l,10,0.2879036278434591,0.2130655586606451,0.3752827443583081,,,,,,,,,,,
W4_dense,clearance_A=15.0,centered_orientation_nrmse,1,mace_polar_l,10,0.2879036278434591,0.2130655586606451,0.3752827443583081,zero,-0.7120963721565409,-0.7869344413393548,-0.6247172556416918,1.0,0.712096372156541,10.0,0.0,0.001953125,-5.121138094035186,
W4_dense,clearance_A=15.0,centered_orientation_nrmse,1,mace_polar_l,10,0.2879036278434591,0.2130655586606451,0.3752827443583081,exact_dipole,-0.2676969392045051,-0.3948151229579844,-0.1402910370544875,0.5556005670479641,0.4818154535493755,9.0,0.0,0.021484375,-1.2511319474960445,
W4_dense,clearance_A=15.0,centered_orientation_nrmse,1,zero,10,1.0,1.0,1.0,,,,,,,,,,,
W4_dense,clearance_A=15.0,centered_orientation_nrmse,1,zero,10,1.0,1.0,1.0,mace_polar_l,0.7120963721565409,0.6247172556416917,0.7869344413393546,0.2879036278434591,-2.4733845054002823,0.0,0.0,0.001953125,5.121138094035186,
W4_dense,clearance_A=15.0,centered_orientation_nrmse,1,zero,10,1.0,1.0,1.0,exact_dipole,0.4443994329520359,0.2718210035103037,0.6149432173462668,0.5556005670479641,-0.7998541745794718,0.0,0.0,0.001953125,1.5280457540664436,
W4_dense,clearance_A=15.0,torque_vrmse,kcal/mol,exact_dipole,10,0.0017508130301533,0.0011218619962638,0.0023640939792305,,,,,,,,,,,
W4_dense,clearance_A=15.0,torque_vrmse,kcal/mol,exact_dipole,10,0.0017508130301533,0.0011218619962638,0.0023640939792305,zero,-0.0020091564807147,-0.0032818384255337,-0.0011346981425553,0.0037599695108681,0.5343544608293664,10.0,0.0,0.001953125,-1.0619663097668304,
W4_dense,clearance_A=15.0,torque_vrmse,kcal/mol,exact_dipole,10,0.0017508130301533,0.0011218619962638,0.0023640939792305,mace_polar_l,0.0008675552989722,0.0004212397883811,0.0013579090641568,0.000883257731181,-0.9822221400906376,2.0,0.0,0.109375,1.0819546073542157,
W4_dense,clearance_A=15.0,torque_vrmse,kcal/mol,exact_dipole_quadrupole,10,0.0006014622140909,0.0003340686255374,0.0008864053680535,,,,,,,,,,,
W4_dense,clearance_A=15.0,torque_vrmse,kcal/mol,exact_dipole_quadrupole,10,0.0006014622140909,0.0003340686255374,0.0008864053680535,zero,-0.0031585072967772,-0.0045949126273284,-0.002131320198429,0.0037599695108681,0.8400353480653506,10.0,0.0,0.001953125,-1.4692250184548057,
W4_dense,clearance_A=15.0,torque_vrmse,kcal/mol,exact_dipole_quadrupole,10,0.0006014622140909,0.0003340686255374,0.0008864053680535,mace_polar_l,-0.0002817955170901,-0.0005317078393185,-5.453099534978006e-06,0.000883257731181,0.3190410988119435,8.0,0.0,0.109375,-0.6303063829945343,
W4_dense,clearance_A=15.0,torque_vrmse,kcal/mol,exact_dipole_quadrupole,10,0.0006014622140909,0.0003340686255374,0.0008864053680535,exact_dipole,-0.0011493508160624,-0.0015338388900192,-0.0007582675878105,0.0017508130301533,0.6564669078124012,10.0,0.0,0.001953125,-1.7399037914336266,
W4_dense,clearance_A=15.0,torque_vrmse,kcal/mol,exact_dipole_quadrupole_octupole,10,0.0002906113957491,0.0001515932876708,0.0004355032440645,,,,,,,,,,,
W4_dense,clearance_A=15.0,torque_vrmse,kcal/mol,exact_dipole_quadrupole_octupole,10,0.0002906113957491,0.0001515932876708,0.0004355032440645,zero,-0.0034693581151189,-0.0049800249772828,-0.002346879046012,0.0037599695108681,0.9227091084358036,10.0,0.0,0.001953125,-1.5217286533128966,
W4_dense,clearance_A=15.0,torque_vrmse,kcal/mol,exact_dipole_quadrupole_octupole,10,0.0002906113957491,0.0001515932876708,0.0004355032440645,mace_polar_l,-0.0005926463354318,-0.000831442612276,-0.0003734072951522,0.000883257731181,0.6709778069413599,10.0,0.0,0.001953125,-1.5144286794609914,
W4_dense,clearance_A=15.0,torque_vrmse,kcal/mol,exact_dipole_quadrupole_octupole,10,0.0002906113957491,0.0001515932876708,0.0004355032440645,exact_dipole,-0.0014602016344041,-0.001943521226338,-0.0009617495588298,0.0017508130301533,0.8340134607498656,10.0,0.0,0.001953125,-1.7406937501002362,
W4_dense,clearance_A=15.0,torque_vrmse,kcal/mol,glider,10,0.0008605589908684,0.0005946561061514,0.0011599290736247,,,,,,,,,,,
W4_dense,clearance_A=15.0,torque_vrmse,kcal/mol,glider,10,0.0008605589908684,0.0005946561061514,0.0011599290736247,zero,-0.0028994105199996,-0.0042369622736288,-0.0018230361707141,0.0037599695108681,0.771126072064931,10.0,0.0,0.001953125,-1.4056093636177251,
W4_dense,clearance_A=15.0,torque_vrmse,kcal/mol,glider,10,0.0008605589908684,0.0005946561061514,0.0011599290736247,mace_polar_l,-2.269874031257692e-05,-0.0002375623171891,0.0001586612490728,0.000883257731181,0.0256988866457188,4.0,0.0,0.75390625,-0.0666776672198353,
W4_dense,clearance_A=15.0,torque_vrmse,kcal/mol,glider,10,0.0008605589908684,0.0005946561061514,0.0011599290736247,exact_dipole,-0.0008902540392848,-0.0014881529238726,-0.0003252995674895,0.0017508130301533,0.5084803596686036,8.0,0.0,0.109375,-0.8968113723309626,
W4_dense,clearance_A=15.0,torque_vrmse,kcal/mol,mace_polar_l,10,0.000883257731181,0.0006282369491872,0.0011633124052192,,,,,,,,,,,
W4_dense,clearance_A=15.0,torque_vrmse,kcal/mol,mace_polar_l,10,0.000883257731181,0.0006282369491872,0.0011633124052192,zero,-0.002876711779687,-0.004242583919162,-0.0018238173721916,0.0037599695108681,0.7650891240931544,10.0,0.0,0.001953125,-1.379751851140906,
W4_dense,clearance_A=15.0,torque_vrmse,kcal/mol,mace_polar_l,10,0.000883257731181,0.0006282369491872,0.0011633124052192,exact_dipole,-0.0008675552989722,-0.0013579090641568,-0.0004212397883811,0.0017508130301533,0.4955156741644129,8.0,0.0,0.109375,-1.0819546073542157,
W4_dense,clearance_A=15.0,torque_vrmse,kcal/mol,zero,10,0.0037599695108681,0.0025644293035833,0.005297162892829,,,,,,,,,,,
W4_dense,clearance_A=15.0,torque_vrmse,kcal/mol,zero,10,0.0037599695108681,0.0025644293035833,0.005297162892829,mace_polar_l,0.002876711779687,0.0018238173721916,0.004242583919162,0.000883257731181,-3.256933597219025,0.0,0.0,0.001953125,1.379751851140906,
W4_dense,clearance_A=15.0,torque_vrmse,kcal/mol,zero,10,0.0037599695108681,0.0025644293035833,0.005297162892829,exact_dipole,0.0020091564807147,0.0011346981425553,0.0032818384255337,0.0017508130301533,-1.1475562759199005,0.0,0.0,0.001953125,1.0619663097668304,
W4_dense,clearance_A=15.0,esp_rmse_mEh,mEh/e,exact_dipole,10,0.0329466619470789,0.0205984211335583,0.0452198384666078,,,,,,,,,,,
W4_dense,clearance_A=15.0,esp_rmse_mEh,mEh/e,exact_dipole,10,0.0329466619470789,0.0205984211335583,0.0452198384666078,zero,-0.0704137912637996,-0.1096364942015082,-0.0420484171358037,0.1033604532108785,0.681244993383878,10.0,0.0,0.001953125,-1.2002624590368556,
W4_dense,clearance_A=15.0,esp_rmse_mEh,mEh/e,exact_dipole,10,0.0329466619470789,0.0205984211335583,0.0452198384666078,mace_polar_l,0.0084946960894385,9.024471447793545e-05,0.0187504301609378,0.0244519658576404,-0.347403400564795,3.0,0.0,0.34375,0.5287163962712935,
W4_dense,clearance_A=15.0,esp_rmse_mEh,mEh/e,exact_dipole_quadrupole,10,0.0077849453054523,0.0043980454459962,0.0113236971551963,,,,,,,,,,,
W4_dense,clearance_A=15.0,esp_rmse_mEh,mEh/e,exact_dipole_quadrupole,10,0.0077849453054523,0.0043980454459962,0.0113236971551963,zero,-0.0955755079054262,-0.1390777281891413,-0.0634113283416872,0.1033604532108785,0.9246815869743786,10.0,0.0,0.001953125,-1.4588105069371482,
W4_dense,clearance_A=15.0,esp_rmse_mEh,mEh/e,exact_dipole_quadrupole,10,0.0077849453054523,0.0043980454459962,0.0113236971551963,mace_polar_l,-0.016667020552188,-0.0242908913215929,-0.0099273651507748,0.0244519658576404,0.6816229275479775,10.0,0.0,0.001953125,-1.3536361832681691,
W4_dense,clearance_A=15.0,esp_rmse_mEh,mEh/e,exact_dipole_quadrupole,10,0.0077849453054523,0.0043980454459962,0.0113236971551963,exact_dipole,-0.0251617166416265,-0.0343658619637666,-0.0159609157214454,0.0329466619470789,0.7637106509315863,10.0,0.0,0.001953125,-1.611735127067212,
W4_dense,clearance_A=15.0,esp_rmse_mEh,mEh/e,exact_dipole_quadrupole_octupole,10,0.0033326719345947,0.0016859757103883,0.0050767032573132,,,,,,,,,,,
W4_dense,clearance_A=15.0,esp_rmse_mEh,mEh/e,exact_dipole_quadrupole_octupole,10,0.0033326719345947,0.0016859757103883,0.0050767032573132,zero,-0.1000277812762838,-0.1442933433819798,-0.0666703049153873,0.1033604532108785,0.9677567983588912,10.0,0.0,0.001953125,-1.489340574195341,
W4_dense,clearance_A=15.0,esp_rmse_mEh,mEh/e,exact_dipole_quadrupole_octupole,10,0.0033326719345947,0.0016859757103883,0.0050767032573132,mace_polar_l,-0.0211192939230456,-0.0291481005828729,-0.014086838084909,0.0244519658576404,0.8637053579251007,10.0,0.0,0.001953125,-1.6279846155423825,
W4_dense,clearance_A=15.0,esp_rmse_mEh,mEh/e,exact_dipole_quadrupole_octupole,10,0.0033326719345947,0.0016859757103883,0.0050767032573132,exact_dipole,-0.0296139900124841,-0.0403630955252226,-0.0187623384127361,0.0329466619470789,0.8988464464185201,10.0,0.0,0.001953125,-1.6119203636346895,
W4_dense,clearance_A=15.0,esp_rmse_mEh,mEh/e,glider,10,0.0243859398744094,0.0160888962402969,0.0337703362773282,,,,,,,,,,,
W4_dense,clearance_A=15.0,esp_rmse_mEh,mEh/e,glider,10,0.0243859398744094,0.0160888962402969,0.0337703362773282,zero,-0.0789745133364691,-0.1168889905431575,-0.0486053125273638,0.1033604532108785,0.7640689536775093,10.0,0.0,0.001953125,-1.351938796408677,
W4_dense,clearance_A=15.0,esp_rmse_mEh,mEh/e,glider,10,0.0243859398744094,0.0160888962402969,0.0337703362773282,mace_polar_l,-6.602598323099569e-05,-0.0067421435221184,0.0055803877632954,0.0244519658576404,0.0027002321046657,4.0,0.0,0.75390625,-0.0062185823092648,
W4_dense,clearance_A=15.0,esp_rmse_mEh,mEh/e,glider,10,0.0243859398744094,0.0160888962402969,0.0337703362773282,exact_dipole,-0.0085607220726695,-0.022255808531947,0.0038088765772595,0.0329466619470789,0.2598357941821334,4.0,0.0,0.75390625,-0.384149521707206,
W4_dense,clearance_A=15.0,esp_rmse_mEh,mEh/e,mace_polar_l,10,0.0244519658576404,0.016835663881066,0.0330562118297724,,,,,,,,,,,
W4_dense,clearance_A=15.0,esp_rmse_mEh,mEh/e,mace_polar_l,10,0.0244519658576404,0.016835663881066,0.0330562118297724,zero,-0.0789084873532381,-0.1187870686379368,-0.0477690829011674,0.1033604532108785,0.7634301602010887,10.0,0.0,0.001953125,-1.2929269056240846,
W4_dense,clearance_A=15.0,esp_rmse_mEh,mEh/e,mace_polar_l,10,0.0244519658576404,0.016835663881066,0.0330562118297724,exact_dipole,-0.0084946960894385,-0.0187504301609379,-9.024471447793564e-05,0.0329466619470789,0.2578317676941982,7.0,0.0,0.34375,-0.5287163962712935,
W4_dense,clearance_A=15.0,esp_rmse_mEh,mEh/e,zero,10,0.1033604532108785,0.0693961444548444,0.1479711934213583,,,,,,,,,,,
W4_dense,clearance_A=15.0,esp_rmse_mEh,mEh/e,zero,10,0.1033604532108785,0.0693961444548444,0.1479711934213583,mace_polar_l,0.0789084873532381,0.0477690829011674,0.1187870686379367,0.0244519658576404,-3.22708152844005,0.0,0.0,0.001953125,1.2929269056240846,
W4_dense,clearance_A=15.0,esp_rmse_mEh,mEh/e,zero,10,0.1033604532108785,0.0693961444548444,0.1479711934213583,exact_dipole,0.0704137912637996,0.0420484171358037,0.1096364942015082,0.0329466619470789,-2.1372056257748584,0.0,0.0,0.001953125,1.2002624590368556,
W4_dense,clearance_A=15.0,field_vrmse,kcal/mol/e/A,exact_dipole,10,0.004394068243621,0.0028172743409646,0.0059340993983332,,,,,,,,,,,
W4_dense,clearance_A=15.0,field_vrmse,kcal/mol/e/A,exact_dipole,10,0.004394068243621,0.0028172743409646,0.0059340993983332,zero,-0.0050441095225791,-0.0082522237693604,-0.0028433202982784,0.0094381777662002,0.5344367999343047,10.0,0.0,0.001953125,-1.0574377163356297,
W4_dense,clearance_A=15.0,field_vrmse,kcal/mol/e/A,exact_dipole,10,0.004394068243621,0.0028172743409646,0.0059340993983332,mace_polar_l,0.0021808410269012,0.0010594889991563,0.003414236005755,0.0022132272167198,-0.9853669837538576,2.0,0.0,0.109375,1.0826890989077156,
W4_dense,clearance_A=15.0,field_vrmse,kcal/mol/e/A,exact_dipole_quadrupole,10,0.0015004186685742,0.0008399856484726,0.0021990487630364,,,,,,,,,,,
W4_dense,clearance_A=15.0,field_vrmse,kcal/mol/e/A,exact_dipole_quadrupole,10,0.0015004186685742,0.0008399856484726,0.0021990487630364,zero,-0.0079377590976259,-0.011541008236019,-0.0053527814227271,0.0094381777662002,0.8410266572910337,10.0,0.0,0.001953125,-1.472794576402363,
W4_dense,clearance_A=15.0,field_vrmse,kcal/mol/e/A,exact_dipole_quadrupole,10,0.0015004186685742,0.0008399856484726,0.0021990487630364,mace_polar_l,-0.0007128085481455,-0.001323083698864,-4.031575150759238e-05,0.0022132272167198,0.3220674961705912,8.0,0.0,0.109375,-0.6554985325931226,
W4_dense,clearance_A=15.0,field_vrmse,kcal/mol/e/A,exact_dipole_quadrupole,10,0.0015004186685742,0.0008399856484726,0.0021990487630364,exact_dipole,-0.0028936495750467,-0.0038575635755817,-0.0019145236156795,0.004394068243621,0.6585354197098617,10.0,0.0,0.001953125,-1.7477387411282734,
W4_dense,clearance_A=15.0,field_vrmse,kcal/mol/e/A,exact_dipole_quadrupole_octupole,10,0.0007232020984415,0.0003771530033228,0.0010846562106041,,,,,,,,,,,
W4_dense,clearance_A=15.0,field_vrmse,kcal/mol/e/A,exact_dipole_quadrupole_octupole,10,0.0007232020984415,0.0003771530033228,0.0010846562106041,zero,-0.0087149756677586,-0.0125030776238356,-0.0058975434332501,0.0094381777662002,0.9233748170084808,10.0,0.0,0.001953125,-1.5237657378800622,
W4_dense,clearance_A=15.0,field_vrmse,kcal/mol/e/A,exact_dipole_quadrupole_octupole,10,0.0007232020984415,0.0003771530033228,0.0010846562106041,mace_polar_l,-0.0014900251182782,-0.002090217210117,-0.0009369435420895,0.0022132272167198,0.6732363975202651,10.0,0.0,0.001953125,-1.513104895901462,
W4_dense,clearance_A=15.0,field_vrmse,kcal/mol/e/A,exact_dipole_quadrupole_octupole,10,0.0007232020984415,0.0003771530033228,0.0010846562106041,exact_dipole,-0.0036708661451795,-0.0048791905664381,-0.0024188038649501,0.004394068243621,0.8354140039833329,10.0,0.0,0.001953125,-1.7460116410891304,
W4_dense,clearance_A=15.0,field_vrmse,kcal/mol/e/A,glider,10,0.0021618939939485,0.0014919236843254,0.0029113440117074,,,,,,,,,,,
W4_dense,clearance_A=15.0,field_vrmse,kcal/mol/e/A,glider,10,0.0021618939939485,0.0014919236843254,0.0029113440117074,zero,-0.0072762837722516,-0.0106246925356055,-0.0045855922614527,0.0094381777662002,0.7709415898383797,10.0,0.0,0.001953125,-1.4086399647177454,
W4_dense,clearance_A=15.0,field_vrmse,kcal/mol/e/A,glider,10,0.0021618939939485,0.0014919236843254,0.0029113440117074,mace_polar_l,-5.133322277129264e-05,-0.0005890007436416,0.0004003487559497,0.0022132272167198,0.023193833142614,4.0,0.0,0.75390625,-0.0602981305102872,
W4_dense,clearance_A=15.0,field_vrmse,kcal/mol/e/A,glider,10,0.0021618939939485,0.0014919236843254,0.0029113440117074,exact_dipole,-0.0022321742496725,-0.0037309258288515,-0.000816336572182,0.004394068243621,0.5079971738975545,8.0,0.0,0.109375,-0.8978636742725188,
W4_dense,clearance_A=15.0,field_vrmse,kcal/mol/e/A,mace_polar_l,10,0.0022132272167198,0.0015751771768223,0.0029127356814141,,,,,,,,,,,
W4_dense,clearance_A=15.0,field_vrmse,kcal/mol/e/A,mace_polar_l,10,0.0022132272167198,0.0015751771768223,0.0029127356814141,zero,-0.0072249505494803,-0.0106504753119041,-0.0045828837304527,0.0094381777662002,0.7655026985563013,10.0,0.0,0.001953125,-1.3828682156320404,
W4_dense,clearance_A=15.0,field_vrmse,kcal/mol/e/A,mace_polar_l,10,0.0022132272167198,0.0015751771768223,0.0029127356814141,exact_dipole,-0.0021808410269012,-0.003414236005755,-0.0010594889991563,0.004394068243621,0.4963147830184838,8.0,0.0,0.109375,-1.0826890989077156,
W4_dense,clearance_A=15.0,field_vrmse,kcal/mol/e/A,zero,10,0.0094381777662002,0.0064336243915726,0.013294334597137,,,,,,,,,,,
W4_dense,clearance_A=15.0,field_vrmse,kcal/mol/e/A,zero,10,0.0094381777662002,0.0064336243915726,0.013294334597137,mace_polar_l,0.0072249505494803,0.0045828837304527,0.0106504753119041,0.0022132272167198,-3.264441398017936,0.0,0.0,0.001953125,1.3828682156320404,
W4_dense,clearance_A=15.0,field_vrmse,kcal/mol/e/A,zero,10,0.0094381777662002,0.0064336243915726,0.013294334597137,exact_dipole,0.0050441095225791,0.0028433202982784,0.0082522237693604,0.004394068243621,-1.147936090865624,0.0,0.0,0.001953125,1.0574377163356297,
W4_dense,clearance_A=15.0,force_vrmse,kcal/mol/A,exact_dipole,10,0.0003214993773616,0.0002109322854699,0.0004285997122719,,,,,,,,,,,
W4_dense,clearance_A=15.0,force_vrmse,kcal/mol/A,exact_dipole,10,0.0003214993773616,0.0002109322854699,0.0004285997122719,zero,-0.0002220789604572,-0.0003714652416444,-0.0001182315941139,0.0005435783378189,0.4085500561856792,10.0,0.0,0.001953125,-0.9959417851728268,
W4_dense,clearance_A=15.0,force_vrmse,kcal/mol/A,exact_dipole,10,0.0003214993773616,0.0002109322854699,0.0004285997122719,mace_polar_l,0.0001934728582334,0.0001074094240928,0.00028220506902,0.0001280265191281,-1.511193614814664,0.0,0.0,0.001953125,1.3007438271412313,
W4_dense,clearance_A=15.0,force_vrmse,kcal/mol/A,exact_dipole_quadrupole,10,0.0001406160774708,8.005572405751173e-05,0.0002038287622912,,,,,,,,,,,
W4_dense,clearance_A=15.0,force_vrmse,kcal/mol/A,exact_dipole_quadrupole,10,0.0001406160774708,8.005572405751173e-05,0.0002038287622912,zero,-0.0004029622603481,-0.0005764601207542,-0.0002772654977345,0.0005435783378189,0.7413140522945915,10.0,0.0,0.001953125,-1.5560768169126329,
W4_dense,clearance_A=15.0,force_vrmse,kcal/mol/A,exact_dipole_quadrupole,10,0.0001406160774708,8.005572405751173e-05,0.0002038287622912,mace_polar_l,1.2589558342618489e-05,-3.195192488162666e-05,6.560023210394519e-05,0.0001280265191281,-0.0983355513244246,7.0,0.0,0.34375,0.1502100831231532,
W4_dense,clearance_A=15.0,force_vrmse,kcal/mol/A,exact_dipole_quadrupole,10,0.0001406160774708,8.005572405751173e-05,0.0002038287622912,exact_dipole,-0.0001808832998908,-0.0002364664178613,-0.0001240886125205,0.0003214993773616,0.5626241063831766,10.0,0.0,0.001953125,-1.874863806197404,
W4_dense,clearance_A=15.0,force_vrmse,kcal/mol/A,exact_dipole_quadrupole_octupole,10,7.831895701391602e-05,4.102859767502648e-05,0.000117111243598,,,,,,,,,,,
W4_dense,clearance_A=15.0,force_vrmse,kcal/mol/A,exact_dipole_quadrupole_octupole,10,7.831895701391602e-05,4.102859767502648e-05,0.000117111243598,zero,-0.000465259380805,-0.0006530015420155,-0.0003255862520658,0.0005435783378189,0.8559196502786207,10.0,0.0,0.001953125,-1.6461432721960725,
W4_dense,clearance_A=15.0,force_vrmse,kcal/mol/A,exact_dipole_quadrupole_octupole,10,7.831895701391602e-05,4.102859767502648e-05,0.000117111243598,mace_polar_l,-4.97075621142835e-05,-8.188471812292985e-05,-1.446939592949958e-05,0.0001280265191281,0.3882598890664891,8.0,0.0,0.109375,-0.8620104691234117,
W4_dense,clearance_A=15.0,force_vrmse,kcal/mol/A,exact_dipole_quadrupole_octupole,10,7.831895701391602e-05,4.102859767502648e-05,0.000117111243598,exact_dipole,-0.0002431804203477,-0.0003167162134797,-0.0001661163413854,0.0003214993773616,0.7563946852506394,10.0,0.0,0.001953125,-1.8857189108522965,
W4_dense,clearance_A=15.0,force_vrmse,kcal/mol/A,glider,10,0.0001232213812778,8.972448953356682e-05,0.0001603428954919,,,,,,,,,,,
W4_dense,clearance_A=15.0,force_vrmse,kcal/mol/A,glider,10,0.0001232213812778,8.972448953356682e-05,0.0001603428954919,zero,-0.000420356956541,-0.0005929289081475,-0.0002763401669578,0.0005435783378189,0.7733144006946344,10.0,0.0,0.001953125,-1.560974001191788,
W4_dense,clearance_A=15.0,force_vrmse,kcal/mol/A,glider,10,0.0001232213812778,8.972448953356682e-05,0.0001603428954919,mace_polar_l,-4.805137850303181e-06,-3.0955951795261154e-05,1.7760656199104358e-05,0.0001280265191281,0.0375323634745671,4.0,0.0,0.75390625,-0.1142593793444775,
W4_dense,clearance_A=15.0,force_vrmse,kcal/mol/A,glider,10,0.0001232213812778,8.972448953356682e-05,0.0001603428954919,exact_dipole,-0.0001982779960837,-0.0003003389273841,-9.74465346450911e-05,0.0003214993773616,0.6167290204756009,8.0,0.0,0.109375,-1.1521419194736178,
W4_dense,clearance_A=15.0,force_vrmse,kcal/mol/A,mace_polar_l,10,0.0001280265191281,9.591890673973324e-05,0.0001619860451659,,,,,,,,,,,
W4_dense,clearance_A=15.0,force_vrmse,kcal/mol/A,mace_polar_l,10,0.0001280265191281,9.591890673973324e-05,0.0001619860451659,zero,-0.0004155518186907,-0.0005906779957388,-0.000278586059384,0.0005435783378189,0.7644745748296384,10.0,0.0,0.001953125,-1.556762324937162,
W4_dense,clearance_A=15.0,force_vrmse,kcal/mol/A,mace_polar_l,10,0.0001280265191281,9.591890673973324e-05,0.0001619860451659,exact_dipole,-0.0001934728582334,-0.00028220506902,-0.0001074094240928,0.0003214993773616,0.6017829951061723,10.0,0.0,0.001953125,-1.3007438271412313,
W4_dense,clearance_A=15.0,force_vrmse,kcal/mol/A,zero,10,0.0005435783378189,0.0003849523614793,0.0007403428417475,,,,,,,,,,,
W4_dense,clearance_A=15.0,force_vrmse,kcal/mol/A,zero,10,0.0005435783378189,0.0003849523614793,0.0007403428417475,mace_polar_l,0.0004155518186907,0.000278586059384,0.0005906779957388,0.0001280265191281,-3.245826111031005,0.0,0.0,0.001953125,1.556762324937162,
W4_dense,clearance_A=15.0,force_vrmse,kcal/mol/A,zero,10,0.0005435783378189,0.0003849523614793,0.0007403428417475,exact_dipole,0.0002220789604572,0.0001182315941139,0.0003714652416444,0.0003214993773616,-0.6907601572347752,0.0,0.0,0.001953125,0.9959417851728268,
mechanism_dense,near-minus-far,energy_nrmse,1,glider,10,-0.0080511175650201,-0.1216532999106545,0.0882552448516795,mace_polar_l,-0.0048311154788564,-0.0886703643141487,0.0817139805287531,-0.0032200020861636,-1.5003454499659363,6.0,0.0,0.75390625,-0.0330542463646172,Negative contrast means stronger normalized near-field advantage
mechanism_dense,near-minus-far,centered_orientation_nrmse,1,glider,10,0.0027376600028775,-0.1055453717336417,0.0964729286385614,mace_polar_l,0.0062351440303886,-0.0724688100707731,0.0892692185742328,-0.0034974840275111,1.7827512524269458,6.0,0.0,0.75390625,0.0449999005451845,Negative contrast means stronger normalized near-field advantage
mechanism_dense,near-minus-far,energy_nrmse,1,glider,10,-4.91211079833362,-9.38785344323461,-1.771144513828142,exact_dipole,-4.546795983841644,-9.084021191124393,-1.3843284411663133,-0.3653148144919756,-12.446240347971209,10.0,0.0,0.001953125,-0.6673912320874175,Negative contrast means stronger normalized near-field advantage
mechanism_dense,near-minus-far,centered_orientation_nrmse,1,glider,10,-4.648188303016218,-8.849365476716189,-1.7222653714784568,exact_dipole,-4.275254588104433,-8.54888643029291,-1.3295977705856747,-0.3729337149117845,-11.463845764429536,10.0,0.0,0.001953125,-0.6615489358344593,Negative contrast means stronger normalized near-field advantage
W4_quantum,all,energy_mae,kcal/mol,exact_dipole_base_com,10,0.5044302084158925,0.1996550047788007,0.8876196924852504,,,,,,,,,,,
W4_quantum,all,energy_mae,kcal/mol,exact_dipole_base_com,10,0.5044302084158925,0.1996550047788007,0.8876196924852504,zero,0.4096817068916999,0.10605703844306,0.7868645146092282,0.0947485015241925,-4.323885869446645,0.0,0.0,0.001953125,0.7125767056916643,
W4_quantum,all,energy_mae,kcal/mol,exact_dipole_base_com,10,0.5044302084158925,0.1996550047788007,0.8876196924852504,mace_polar_l,0.4430575614045798,0.1372176073877022,0.8222330273882231,0.0613726470113126,-7.21913723752068,1.0,0.0,0.021484375,0.7660304522937141,
W4_quantum,all,energy_mae,kcal/mol,exact_dipole_nuclear_center,10,0.419608495505008,0.1923920491448716,0.7074263577277213,,,,,,,,,,,
W4_quantum,all,energy_mae,kcal/mol,exact_dipole_nuclear_center,10,0.419608495505008,0.1923920491448716,0.7074263577277213,zero,0.3248599939808154,0.0994411790362565,0.6021577052769517,0.0947485015241925,-3.428655743941952,0.0,0.0,0.001953125,0.762241413209297,
W4_quantum,all,energy_mae,kcal/mol,exact_dipole_nuclear_center,10,0.419608495505008,0.1923920491448716,0.7074263577277213,mace_polar_l,0.3582358484936953,0.131927310722408,0.639633013734114,0.0613726470113126,-5.837060415980794,1.0,0.0,0.021484375,0.8296283253330045,
W4_quantum,all,energy_mae,kcal/mol,exact_dipole_nuclear_center,10,0.419608495505008,0.1923920491448716,0.7074263577277213,exact_dipole_base_com,-0.0848217129108845,-0.2066532567672218,-0.0051762681365376,0.5044302084158925,0.1681535155819825,8.0,0.0,0.109375,-0.4951223181182367,
W4_quantum,all,energy_mae,kcal/mol,exact_dipole_solute_com,10,0.201168663735595,0.1331935637922288,0.2788623408205152,,,,,,,,,,,
W4_quantum,all,energy_mae,kcal/mol,exact_dipole_solute_com,10,0.201168663735595,0.1331935637922288,0.2788623408205152,zero,0.1064201622114024,0.0315029904322185,0.1968706794767646,0.0947485015241925,-1.123185702142527,2.0,0.0,0.109375,0.7486461578523868,
W4_quantum,all,energy_mae,kcal/mol,exact_dipole_solute_com,10,0.201168663735595,0.1331935637922288,0.2788623408205152,mace_polar_l,0.1397960167242823,0.0665796931134577,0.227552835606437,0.0613726470113126,-2.2778228336560744,2.0,0.0,0.109375,1.0105194139823142,
W4_quantum,all,energy_mae,kcal/mol,exact_dipole_solute_com,10,0.201168663735595,0.1331935637922288,0.2788623408205152,exact_dipole_base_com,-0.3032615446802975,-0.6669981979048003,-0.0345949296802316,0.5044302084158925,0.6011962400758213,9.0,0.0,0.021484375,-0.557942701174198,
W4_quantum,all,energy_mae,kcal/mol,glider,10,0.055954721750709,0.0381936753716011,0.0746345805585229,,,,,,,,,,,
W4_quantum,all,energy_mae,kcal/mol,glider,10,0.055954721750709,0.0381936753716011,0.0746345805585229,zero,-0.0387937797734834,-0.0550506747654605,-0.0225540075992496,0.0947485015241925,0.4094395072156163,10.0,0.0,0.001953125,-1.387523631631975,
W4_quantum,all,energy_mae,kcal/mol,glider,10,0.055954721750709,0.0381936753716011,0.0746345805585229,mace_polar_l,-0.0054179252606036,-0.014002907287647,0.0044815669996506,0.0613726470113126,0.0882791524309674,7.0,0.0,0.34375,-0.3458742258421267,
W4_quantum,all,energy_mae,kcal/mol,glider,10,0.055954721750709,0.0381936753716011,0.0746345805585229,exact_dipole_base_com,-0.4484754866651833,-0.8254846432538459,-0.1434002663475448,0.5044302084158925,0.8890734123033022,10.0,0.0,0.001953125,-0.7774319155781888,
W4_quantum,all,energy_mae,kcal/mol,mace_polar_l,10,0.0613726470113126,0.0419203087368401,0.0815194524481465,,,,,,,,,,,
W4_quantum,all,energy_mae,kcal/mol,mace_polar_l,10,0.0613726470113126,0.0419203087368401,0.0815194524481465,zero,-0.0333758545128798,-0.0476667839560597,-0.0188302746817037,0.0947485015241925,0.3522573336355914,9.0,0.0,0.021484375,-1.349405440822856,
W4_quantum,all,energy_mae,kcal/mol,mace_polar_l,10,0.0613726470113126,0.0419203087368401,0.0815194524481465,exact_dipole_base_com,-0.4430575614045798,-0.8222330273882236,-0.1372176073877023,0.5044302084158925,0.878332728715739,9.0,0.0,0.021484375,-0.7660304522937141,
W4_quantum,all,energy_mae,kcal/mol,zero,10,0.0947485015241925,0.064164964226779,0.1263192895135188,,,,,,,,,,,
W4_quantum,all,energy_mae,kcal/mol,zero,10,0.0947485015241925,0.064164964226779,0.1263192895135188,mace_polar_l,0.0333758545128798,0.0188302746817037,0.0476667839560597,0.0613726470113126,-0.5438229592203792,1.0,0.0,0.021484375,1.349405440822856,
W4_quantum,all,energy_mae,kcal/mol,zero,10,0.0947485015241925,0.064164964226779,0.1263192895135188,exact_dipole_base_com,-0.4096817068916999,-0.7868645146092285,-0.1060570384430601,0.5044302084158925,0.8121672732056635,10.0,0.0,0.001953125,-0.7125767056916643,
W4_quantum,all,energy_rmse,kcal/mol,exact_dipole_base_com,10,0.5320677800877955,0.2222609097115023,0.9156959015619291,,,,,,,,,,,
W4_quantum,all,energy_rmse,kcal/mol,exact_dipole_base_com,10,0.5320677800877955,0.2222609097115023,0.9156959015619291,zero,0.4247645532482963,0.1165787271762814,0.8006457808891888,0.1073032268394993,-3.958544078862092,0.0,0.0,0.001953125,0.7337556737008313,
W4_quantum,all,energy_rmse,kcal/mol,exact_dipole_base_com,10,0.5320677800877955,0.2222609097115023,0.9156959015619291,mace_polar_l,0.4630158866032522,0.1524108555053014,0.8417583745871355,0.0690518934845434,-6.705332225348659,0.0,0.0,0.001953125,0.7923926226219964,
W4_quantum,all,energy_rmse,kcal/mol,exact_dipole_nuclear_center,10,0.454877907082181,0.2169701547878267,0.756048181146528,,,,,,,,,,,
W4_quantum,all,energy_rmse,kcal/mol,exact_dipole_nuclear_center,10,0.454877907082181,0.2169701547878267,0.756048181146528,zero,0.3475746802426817,0.1113325950940189,0.63640079933063,0.1073032268394993,-3.2391819936838653,0.0,0.0,0.001953125,0.7816970653076015,
W4_quantum,all,energy_rmse,kcal/mol,exact_dipole_nuclear_center,10,0.454877907082181,0.2169701547878267,0.756048181146528,mace_polar_l,0.3858260135976376,0.1478759933343605,0.6795709001348703,0.0690518934845434,-5.587479128056074,0.0,0.0,0.001953125,0.8522943610529365,
W4_quantum,all,energy_rmse,kcal/mol,exact_dipole_nuclear_center,10,0.454877907082181,0.2169701547878267,0.756048181146528,exact_dipole_base_com,-0.0771898730056146,-0.1931894110908132,-0.0045736676583653,0.5320677800877955,0.1450752627661039,8.0,0.0,0.109375,-0.4816746556515018,
W4_quantum,all,energy_rmse,kcal/mol,exact_dipole_solute_com,10,0.2214851844080524,0.1462285817517685,0.3083874398217271,,,,,,,,,,,
W4_quantum,all,energy_rmse,kcal/mol,exact_dipole_solute_com,10,0.2214851844080524,0.1462285817517685,0.3083874398217271,zero,0.1141819575685531,0.0298739393141893,0.2164189200176862,0.1073032268394993,-1.0641055346764428,2.0,0.0,0.109375,0.7112484430136248,
W4_quantum,all,energy_rmse,kcal/mol,exact_dipole_solute_com,10,0.2214851844080524,0.1462285817517685,0.3083874398217271,mace_polar_l,0.152433290923509,0.0717947428847806,0.2505999901739805,0.0690518934845434,-2.2075179003980496,2.0,0.0,0.109375,0.9928120677007632,
W4_quantum,all,energy_rmse,kcal/mol,exact_dipole_solute_com,10,0.2214851844080524,0.1462285817517685,0.3083874398217271,exact_dipole_base_com,-0.3105825956797431,-0.6795984550589137,-0.0397175480516558,0.5320677800877955,0.5837275010873508,9.0,0.0,0.021484375,-0.5677733191745958,
W4_quantum,all,energy_rmse,kcal/mol,glider,10,0.0609055938739893,0.0426064169984353,0.0799132178759784,,,,,,,,,,,
W4_quantum,all,energy_rmse,kcal/mol,glider,10,0.0609055938739893,0.0426064169984353,0.0799132178759784,zero,-0.04639763296551,-0.0669362659974235,-0.0263796181578949,0.1073032268394993,0.4323973689524742,10.0,0.0,0.001953125,-1.325439985259168,
W4_quantum,all,energy_rmse,kcal/mol,glider,10,0.0609055938739893,0.0426064169984353,0.0799132178759784,mace_polar_l,-0.008146299610554,-0.0177775816347852,0.0031770003096993,0.0690518934845434,0.1179735876812353,8.0,0.0,0.109375,-0.4584996492375103,
W4_quantum,all,energy_rmse,kcal/mol,glider,10,0.0609055938739893,0.0426064169984353,0.0799132178759784,exact_dipole_base_com,-0.4711621862138064,-0.8480496561925708,-0.1616037889549825,0.5320677800877955,0.8855303851251068,10.0,0.0,0.001953125,-0.8077773495192612,
W4_quantum,all,energy_rmse,kcal/mol,mace_polar_l,10,0.0690518934845434,0.0473800092808834,0.0915259214795224,,,,,,,,,,,
W4_quantum,all,energy_rmse,kcal/mol,mace_polar_l,10,0.0690518934845434,0.0473800092808834,0.0915259214795224,zero,-0.0382513333549559,-0.055016073204308,-0.0216437208592443,0.1073032268394993,0.3564788728317651,9.0,0.0,0.021484375,-1.3396915656686674,
W4_quantum,all,energy_rmse,kcal/mol,mace_polar_l,10,0.0690518934845434,0.0473800092808834,0.0915259214795224,exact_dipole_base_com,-0.4630158866032522,-0.8417583745871364,-0.1524108555053014,0.5320677800877955,0.8702197425426714,10.0,0.0,0.001953125,-0.7923926226219964,
W4_quantum,all,energy_rmse,kcal/mol,zero,10,0.1073032268394993,0.0722480702800077,0.1437543772010087,,,,,,,,,,,
W4_quantum,all,energy_rmse,kcal/mol,zero,10,0.1073032268394993,0.0722480702800077,0.1437543772010087,mace_polar_l,0.0382513333549559,0.0216437208592443,0.055016073204308,0.0690518934845434,-0.5539505352379386,1.0,0.0,0.021484375,1.3396915656686674,
W4_quantum,all,energy_rmse,kcal/mol,zero,10,0.1073032268394993,0.0722480702800077,0.1437543772010087,exact_dipole_base_com,-0.4247645532482963,-0.8006457808891893,-0.1165787271762814,0.5320677800877955,0.7983278994608667,10.0,0.0,0.001953125,-0.7337556737008313,
W4_quantum,all,energy_nrmse,1,exact_dipole_base_com,10,2.628813143863298,1.5162550914546042,4.351461535024173,,,,,,,,,,,
W4_quantum,all,energy_nrmse,1,exact_dipole_base_com,10,2.628813143863298,1.5162550914546042,4.351461535024173,zero,1.6288131438632971,0.5162550914546042,3.351461535024173,1.0,-1.6288131438632978,1.0,0.0,0.021484375,0.6316299203730394,
W4_quantum,all,energy_nrmse,1,exact_dipole_base_com,10,2.628813143863298,1.5162550914546042,4.351461535024173,mace_polar_l,2.042029864722964,0.876509649594001,3.7873872900744616,0.5867832791403333,-3.48004099182008,1.0,0.0,0.021484375,0.783703733699901,
W4_quantum,all,energy_nrmse,1,exact_dipole_nuclear_center,10,2.29806426629455,1.4804283640925269,3.42887103514155,,,,,,,,,,,
W4_quantum,all,energy_nrmse,1,exact_dipole_nuclear_center,10,2.29806426629455,1.4804283640925269,3.42887103514155,zero,1.2980642662945503,0.480428364092527,2.4288710351415497,1.0,-1.29806426629455,1.0,0.0,0.021484375,0.7584747030331567,
W4_quantum,all,energy_nrmse,1,exact_dipole_nuclear_center,10,2.29806426629455,1.4804283640925269,3.42887103514155,mace_polar_l,1.711280987154217,0.8424751939074491,2.86130178869235,0.5867832791403333,-2.916376536259398,1.0,0.0,0.021484375,0.97540080105047,
W4_quantum,all,energy_nrmse,1,exact_dipole_nuclear_center,10,2.29806426629455,1.4804283640925269,3.42887103514155,exact_dipole_base_com,-0.3307488775687471,-0.9267403137283686,-0.0184528877795086,2.628813143863298,0.1258168076117726,7.0,0.0,0.34375,-0.3573269573167209,
W4_quantum,all,energy_nrmse,1,exact_dipole_solute_com,10,1.675889050630546,1.0669057453938189,2.350666090384318,,,,,,,,,,,
W4_quantum,all,energy_nrmse,1,exact_dipole_solute_com,10,1.675889050630546,1.0669057453938189,2.350666090384318,zero,0.6758890506305459,0.0669057453938186,1.3506660903843182,1.0,-0.6758890506305459,2.0,0.0,0.109375,0.6150225455111513,
W4_quantum,all,energy_nrmse,1,exact_dipole_solute_com,10,1.675889050630546,1.0669057453938189,2.350666090384318,mace_polar_l,1.0891057714902126,0.4478966678127405,1.7837480957788194,0.5867832791403333,-1.8560613606539824,2.0,0.0,0.109375,0.9540064604402796,
W4_quantum,all,energy_nrmse,1,exact_dipole_solute_com,10,1.675889050630546,1.0669057453938189,2.350666090384318,exact_dipole_base_com,-0.9529240932327516,-2.1028395412233394,-0.2406091578070263,2.628813143863298,0.3624921365967977,9.0,0.0,0.021484375,-0.5589695127021298,
W4_quantum,all,energy_nrmse,1,glider,10,0.4902055094792185,0.4058699790040806,0.5780713096030584,,,,,,,,,,,
W4_quantum,all,energy_nrmse,1,glider,10,0.4902055094792185,0.4058699790040806,0.5780713096030584,zero,-0.5097944905207814,-0.5941300209959194,-0.4219286903969415,1.0,0.5097944905207814,10.0,0.0,0.001953125,-3.4883553741201787,
W4_quantum,all,energy_nrmse,1,glider,10,0.4902055094792185,0.4058699790040806,0.5780713096030584,mace_polar_l,-0.0965777696611149,-0.1766001985421747,-0.0205564329428699,0.5867832791403333,0.1645884828255605,6.0,0.0,0.75390625,-0.723411187562166,
W4_quantum,all,energy_nrmse,1,glider,10,0.4902055094792185,0.4058699790040806,0.5780713096030584,exact_dipole_base_com,-2.138607634384079,-3.834271882017145,-1.0158356214012232,2.628813143863298,0.8135259211467523,10.0,0.0,0.001953125,-0.8438529363484676,
W4_quantum,all,energy_nrmse,1,mace_polar_l,10,0.5867832791403333,0.5063078609191264,0.6746314911493065,,,,,,,,,,,
W4_quantum,all,energy_nrmse,1,mace_polar_l,10,0.5867832791403333,0.5063078609191264,0.6746314911493065,zero,-0.4132167208596666,-0.4936921390808735,-0.3253685088506933,1.0,0.4132167208596666,10.0,0.0,0.001953125,-2.8670880350569328,
W4_quantum,all,energy_nrmse,1,mace_polar_l,10,0.5867832791403333,0.5063078609191264,0.6746314911493065,exact_dipole_base_com,-2.042029864722964,-3.787387290074464,-0.876509649594001,2.628813143863298,0.7767877566687764,9.0,0.0,0.021484375,-0.783703733699901,
W4_quantum,all,energy_nrmse,1,zero,10,1.0,1.0,1.0,,,,,,,,,,,
W4_quantum,all,energy_nrmse,1,zero,10,1.0,1.0,1.0,mace_polar_l,0.4132167208596666,0.3253685088506932,0.4936921390808734,0.5867832791403333,-0.7042067072276661,0.0,0.0,0.001953125,2.8670880350569328,
W4_quantum,all,energy_nrmse,1,zero,10,1.0,1.0,1.0,exact_dipole_base_com,-1.6288131438632971,-3.351461535024173,-0.5162550914546049,2.628813143863298,0.6196001977795949,9.0,0.0,0.021484375,-0.6316299203730394,
W4_quantum,all,centered_orientation_rmse,kcal/mol,exact_dipole_base_com,10,0.2399620537706399,0.1473575222144142,0.3610843147562285,,,,,,,,,,,
W4_quantum,all,centered_orientation_rmse,kcal/mol,exact_dipole_base_com,10,0.2399620537706399,0.1473575222144142,0.3610843147562285,zero,0.1594315410077242,0.0718889494154153,0.2743943881835698,0.0805305127629156,-1.9797656259447365,0.0,0.0,0.001953125,0.9109511593050028,
W4_quantum,all,centered_orientation_rmse,kcal/mol,exact_dipole_base_com,10,0.2399620537706399,0.1473575222144142,0.3610843147562285,mace_polar_l,0.1965243707323583,0.104809354038998,0.3182561705073657,0.0434376830382815,-4.524282995461844,0.0,0.0,0.001953125,1.0629864922890409,
W4_quantum,all,centered_orientation_rmse,kcal/mol,exact_dipole_nuclear_center,10,0.2551473901768767,0.1528204717843661,0.3788943589662499,,,,,,,,,,,
W4_quantum,all,centered_orientation_rmse,kcal/mol,exact_dipole_nuclear_center,10,0.2551473901768767,0.1528204717843661,0.3788943589662499,zero,0.1746168774139609,0.0768303273150216,0.2910728694935223,0.0805305127629156,-2.168331871026808,1.0,0.0,0.021484375,0.9478941694644732,
W4_quantum,all,centered_orientation_rmse,kcal/mol,exact_dipole_nuclear_center,10,0.2551473901768767,0.1528204717843661,0.3788943589662499,mace_polar_l,0.2117097071385951,0.1104750307331924,0.335412927271441,0.0434376830382815,-4.873872000769839,0.0,0.0,0.001953125,1.1005689623673776,
W4_quantum,all,centered_orientation_rmse,kcal/mol,exact_dipole_nuclear_center,10,0.2551473901768767,0.1528204717843661,0.3788943589662499,exact_dipole_base_com,0.0151853364062367,-0.0086995873183253,0.0473809606305031,0.2399620537706399,-0.0632822405360442,6.0,0.0,0.75390625,0.3121691591794373,
W4_quantum,all,centered_orientation_rmse,kcal/mol,exact_dipole_solute_com,10,0.1520582594602075,0.0966084724141773,0.2131828192145511,,,,,,,,,,,
W4_quantum,all,centered_orientation_rmse,kcal/mol,exact_dipole_solute_com,10,0.1520582594602075,0.0966084724141773,0.2131828192145511,zero,0.0715277466972919,0.0095917978576912,0.1373890065585826,0.0805305127629156,-0.8882067708654959,2.0,0.0,0.109375,0.6552691614797278,
W4_quantum,all,centered_orientation_rmse,kcal/mol,exact_dipole_solute_com,10,0.1520582594602075,0.0966084724141773,0.2131828192145511,mace_polar_l,0.108620576421926,0.0463335010577915,0.1758528723860047,0.0434376830382815,-2.500607049556465,2.0,0.0,0.109375,0.9894350657185264,
W4_quantum,all,centered_orientation_rmse,kcal/mol,exact_dipole_solute_com,10,0.1520582594602075,0.0966084724141773,0.2131828192145511,exact_dipole_base_com,-0.0879037943104323,-0.1815398479614213,-0.0117641053063525,0.2399620537706399,0.3663237288111077,9.0,0.0,0.021484375,-0.6069821330086598,
W4_quantum,all,centered_orientation_rmse,kcal/mol,glider,10,0.0330783330317138,0.0255809884965784,0.0406898920096478,,,,,,,,,,,
W4_quantum,all,centered_orientation_rmse,kcal/mol,glider,10,0.0330783330317138,0.0255809884965784,0.0406898920096478,zero,-0.0474521797312017,-0.0695172805732184,-0.0260274924906964,0.0805305127629156,0.5892447235609002,9.0,0.0,0.021484375,-1.272865792807213,
W4_quantum,all,centered_orientation_rmse,kcal/mol,glider,10,0.0330783330317138,0.0255809884965784,0.0406898920096478,mace_polar_l,-0.0103593500065676,-0.0233585445639256,0.0016160503184571,0.0434376830382815,0.2384876282981753,6.0,0.0,0.75390625,-0.4782986458187975,
W4_quantum,all,centered_orientation_rmse,kcal/mol,glider,10,0.0330783330317138,0.0255809884965784,0.0406898920096478,exact_dipole_base_com,-0.206883720738926,-0.3302852388908772,-0.1138591276899981,0.2399620537706399,0.8621518172897006,10.0,0.0,0.001953125,-1.1015780218330409,
W4_quantum,all,centered_orientation_rmse,kcal/mol,mace_polar_l,10,0.0434376830382815,0.0281815102533268,0.0601076082190483,,,,,,,,,,,
W4_quantum,all,centered_orientation_rmse,kcal/mol,mace_polar_l,10,0.0434376830382815,0.0281815102533268,0.0601076082190483,zero,-0.0370928297246341,-0.0492446993948414,-0.0237715562249273,0.0805305127629156,0.4606059051658665,10.0,0.0,0.001953125,-1.7030417169098282,
W4_quantum,all,centered_orientation_rmse,kcal/mol,mace_polar_l,10,0.0434376830382815,0.0281815102533268,0.0601076082190483,exact_dipole_base_com,-0.1965243707323583,-0.3182561705073659,-0.1048093540389981,0.2399620537706399,0.8189810332270283,10.0,0.0,0.001953125,-1.0629864922890409,
W4_quantum,all,centered_orientation_rmse,kcal/mol,zero,10,0.0805305127629156,0.0548105814608641,0.1055648496189112,,,,,,,,,,,
W4_quantum,all,centered_orientation_rmse,kcal/mol,zero,10,0.0805305127629156,0.0548105814608641,0.1055648496189112,mace_polar_l,0.0370928297246341,0.0237715562249273,0.0492446993948414,0.0434376830382815,-0.8539320500116068,0.0,0.0,0.001953125,1.7030417169098282,
W4_quantum,all,centered_orientation_rmse,kcal/mol,zero,10,0.0805305127629156,0.0548105814608641,0.1055648496189112,exact_dipole_base_com,-0.1594315410077242,-0.27439438818357,-0.0718889494154154,0.2399620537706399,0.6644031358396016,10.0,0.0,0.001953125,-0.9109511593050028,
W4_quantum,all,centered_orientation_nrmse,1,exact_dipole_base_com,10,2.021217859089217,1.4501525959044876,2.633389766762294,,,,,,,,,,,
W4_quantum,all,centered_orientation_nrmse,1,exact_dipole_base_com,10,2.021217859089217,1.4501525959044876,2.633389766762294,zero,1.0212178590892174,0.4501525959044875,1.633389766762294,1.0,-1.0212178590892171,1.0,0.0,0.021484375,0.9986356049260336,
W4_quantum,all,centered_orientation_nrmse,1,exact_dipole_base_com,10,2.021217859089217,1.4501525959044876,2.633389766762294,mace_polar_l,1.5667994615705962,0.9915220641434924,2.164420025969808,0.4544183975186211,-3.447922597602118,0.0,0.0,0.001953125,1.5351404383009764,
W4_quantum,all,centered_orientation_nrmse,1,exact_dipole_nuclear_center,10,2.1367888606995,1.4533322976338825,2.994022667716693,,,,,,,,,,,
W4_quantum,all,centered_orientation_nrmse,1,exact_dipole_nuclear_center,10,2.1367888606995,1.4533322976338825,2.994022667716693,zero,1.136788860699499,0.4533322976338824,1.9940226677166928,1.0,-1.1367888606994994,1.0,0.0,0.021484375,0.8532257183173831,
W4_quantum,all,centered_orientation_nrmse,1,exact_dipole_nuclear_center,10,2.1367888606995,1.4533322976338825,2.994022667716693,mace_polar_l,1.682370463180878,0.9929300549618956,2.5151888352428826,0.4544183975186211,-3.702249892098478,0.0,0.0,0.001953125,1.280545462864789,
W4_quantum,all,centered_orientation_nrmse,1,exact_dipole_nuclear_center,10,2.1367888606995,1.4533322976338825,2.994022667716693,exact_dipole_base_com,0.1155710016102817,-0.0559242933895015,0.4133915272044026,2.021217859089217,-0.0571788939478101,5.0,0.0,1.0,0.2564639631334364,
W4_quantum,all,centered_orientation_nrmse,1,exact_dipole_solute_com,10,1.6908606799516923,1.0148674942161051,2.560787450565604,,,,,,,,,,,
W4_quantum,all,centered_orientation_nrmse,1,exact_dipole_solute_com,10,1.6908606799516923,1.0148674942161051,2.560787450565604,zero,0.6908606799516923,0.014867494216105,1.560787450565604,1.0,-0.6908606799516925,2.0,0.0,0.109375,0.52112706588431,
W4_quantum,all,centered_orientation_nrmse,1,exact_dipole_solute_com,10,1.6908606799516923,1.0148674942161051,2.560787450565604,mace_polar_l,1.2364422824330714,0.5747045789025458,2.069820019958049,0.4544183975186211,-2.7209335915639388,2.0,0.0,0.109375,0.9631676052389168,
W4_quantum,all,centered_orientation_nrmse,1,exact_dipole_solute_com,10,1.6908606799516923,1.0148674942161051,2.560787450565604,exact_dipole_base_com,-0.3303571791375249,-0.6462371716228024,0.0535214640047822,2.021217859089217,0.1634446171410671,9.0,0.0,0.021484375,-0.559151324400585,
W4_quantum,all,centered_orientation_nrmse,1,glider,10,0.4866357951482546,0.3766284664810469,0.6093014870031417,,,,,,,,,,,
W4_quantum,all,centered_orientation_nrmse,1,glider,10,0.4866357951482546,0.3766284664810469,0.6093014870031417,zero,-0.5133642048517453,-0.6233715335189531,-0.3906985129968582,1.0,0.5133642048517453,10.0,0.0,0.001953125,-2.6041893328556003,
W4_quantum,all,centered_orientation_nrmse,1,glider,10,0.4866357951482546,0.3766284664810469,0.6093014870031417,mace_polar_l,0.0322173976296335,-0.0542505611193145,0.1118694906941658,0.4544183975186211,-0.0708980926070743,3.0,0.0,0.34375,0.2268785740596333,
W4_quantum,all,centered_orientation_nrmse,1,glider,10,0.4866357951482546,0.3766284664810469,0.6093014870031417,exact_dipole_base_com,-1.5345820639409626,-2.08454720398614,-0.9902516739820714,2.021217859089217,0.7592363470568492,9.0,0.0,0.021484375,-1.6131445940086293,
W4_quantum,all,centered_orientation_nrmse,1,mace_polar_l,10,0.4544183975186211,0.3735379613596088,0.5408067838908338,,,,,,,,,,,
W4_quantum,all,centered_orientation_nrmse,1,mace_polar_l,10,0.4544183975186211,0.3735379613596088,0.5408067838908338,zero,-0.545581602481379,-0.6264620386403912,-0.4591932161091662,1.0,0.5455816024813789,10.0,0.0,0.001953125,-3.84714600910708,
W4_quantum,all,centered_orientation_nrmse,1,mace_polar_l,10,0.4544183975186211,0.3735379613596088,0.5408067838908338,exact_dipole_base_com,-1.5667994615705962,-2.1644200259698083,-0.9915220641434928,2.021217859089217,0.7751759438127135,10.0,0.0,0.001953125,-1.5351404383009764,
W4_quantum,all,centered_orientation_nrmse,1,zero,10,1.0,1.0,1.0,,,,,,,,,,,
W4_quantum,all,centered_orientation_nrmse,1,zero,10,1.0,1.0,1.0,mace_polar_l,0.545581602481379,0.4591932161091659,0.626462038640391,0.4544183975186211,-1.200615127953797,0.0,0.0,0.001953125,3.84714600910708,
W4_quantum,all,centered_orientation_nrmse,1,zero,10,1.0,1.0,1.0,exact_dipole_base_com,-1.0212178590892174,-1.633389766762294,-0.4501525959044875,2.021217859089217,0.5052487808263227,9.0,0.0,0.021484375,-0.9986356049260336,
W4_quantum,all,torque_vrmse,kcal/mol,exact_dipole_base_com,10,0.7128690653936293,0.2948858975806044,1.216012844725899,,,,,,,,,,,
W4_quantum,all,torque_vrmse,kcal/mol,exact_dipole_base_com,10,0.7128690653936293,0.2948858975806044,1.216012844725899,zero,0.5632449253723005,0.1487440077837667,1.0565621780917478,0.1496241400213286,-3.764398748036321,1.0,0.0,0.021484375,0.7312257408007539,
W4_quantum,all,torque_vrmse,kcal/mol,exact_dipole_base_com,10,0.7128690653936293,0.2948858975806044,1.216012844725899,mace_polar_l,0.6226451289660666,0.2015872108389154,1.125155362185874,0.0902239364275626,-6.90110799439531,0.0,0.0,0.001953125,0.7899613791140686,
W4_quantum,all,torque_vrmse,kcal/mol,exact_dipole_nuclear_center,10,0.9456859250235188,0.2793317275710122,1.932952914048178,,,,,,,,,,,
W4_quantum,all,torque_vrmse,kcal/mol,exact_dipole_nuclear_center,10,0.9456859250235188,0.2793317275710122,1.932952914048178,zero,0.79606178500219,0.1320996358954382,1.7835483040512532,0.1496241400213286,-5.320410094846413,1.0,0.0,0.021484375,0.5482908356528132,
W4_quantum,all,torque_vrmse,kcal/mol,exact_dipole_nuclear_center,10,0.9456859250235188,0.2793317275710122,1.932952914048178,mace_polar_l,0.855461988595956,0.1842516275231979,1.8463301486973875,0.0902239364275626,-9.481541400964854,0.0,0.0,0.001953125,0.5877613101693442,
W4_quantum,all,torque_vrmse,kcal/mol,exact_dipole_nuclear_center,10,0.9456859250235188,0.2793317275710122,1.932952914048178,exact_dipole_base_com,0.2328168596298895,-0.0786284073957153,0.7865378144965243,0.7128690653936293,-0.3265913348355682,6.0,0.0,0.75390625,0.2747631603604197,
W4_quantum,all,torque_vrmse,kcal/mol,exact_dipole_solute_com,10,0.3330439098495265,0.1926633117698833,0.5386200411088207,,,,,,,,,,,
W4_quantum,all,torque_vrmse,kcal/mol,exact_dipole_solute_com,10,0.3330439098495265,0.1926633117698833,0.5386200411088207,zero,0.1834197698281978,0.0598456292037949,0.3574379264803328,0.1496241400213286,-1.2258701690920444,1.0,0.0,0.021484375,0.7051140461831781,
W4_quantum,all,torque_vrmse,kcal/mol,exact_dipole_solute_com,10,0.3330439098495265,0.1926633117698833,0.5386200411088207,mace_polar_l,0.2428199734219638,0.1076542052250344,0.4432665206428661,0.0902239364275626,-2.6913032509606225,1.0,0.0,0.021484375,0.8131484890994242,
W4_quantum,all,torque_vrmse,kcal/mol,exact_dipole_solute_com,10,0.3330439098495265,0.1926633117698833,0.5386200411088207,exact_dipole_base_com,-0.3798251555441027,-0.8047858466863321,-0.0471921979905589,0.7128690653936293,0.5328119482002945,8.0,0.0,0.109375,-0.5888307528074838,
W4_quantum,all,torque_vrmse,kcal/mol,glider,10,0.0705378801252309,0.0550574806116682,0.087498765313858,,,,,,,,,,,
W4_quantum,all,torque_vrmse,kcal/mol,glider,10,0.0705378801252309,0.0550574806116682,0.087498765313858,zero,-0.0790862598960976,-0.1316108684370297,-0.0315912971780054,0.1496241400213286,0.5285661784577282,9.0,0.0,0.021484375,-0.9274064099959056,
W4_quantum,all,torque_vrmse,kcal/mol,glider,10,0.0705378801252309,0.0550574806116682,0.087498765313858,mace_polar_l,-0.0196860563023316,-0.0500168010774381,0.0091604639115746,0.0902239364275626,0.2181910597321021,6.0,0.0,0.75390625,-0.3923782826653487,
W4_quantum,all,torque_vrmse,kcal/mol,glider,10,0.0705378801252309,0.0550574806116682,0.087498765313858,exact_dipole_base_com,-0.6423311852683982,-1.1374433105591495,-0.2279086405706748,0.7128690653936293,0.9010507208833904,9.0,0.0,0.021484375,-0.826683649686284,
W4_quantum,all,torque_vrmse,kcal/mol,mace_polar_l,10,0.0902239364275626,0.0627569965548609,0.11835788521373,,,,,,,,,,,
W4_quantum,all,torque_vrmse,kcal/mol,mace_polar_l,10,0.0902239364275626,0.0627569965548609,0.11835788521373,zero,-0.0594002035937659,-0.0931719414619212,-0.0328150459901781,0.1496241400213286,0.396996123655572,10.0,0.0,0.001953125,-1.1459350034282547,
W4_quantum,all,torque_vrmse,kcal/mol,mace_polar_l,10,0.0902239364275626,0.0627569965548609,0.11835788521373,exact_dipole_base_com,-0.6226451289660666,-1.1251553621858743,-0.2015872108389161,0.7128690653936293,0.8734354725046974,10.0,0.0,0.001953125,-0.7899613791140686,
W4_quantum,all,torque_vrmse,kcal/mol,zero,10,0.1496241400213286,0.1037586869233686,0.1987732127475875,,,,,,,,,,,
W4_quantum,all,torque_vrmse,kcal/mol,zero,10,0.1496241400213286,0.1037586869233686,0.1987732127475875,mace_polar_l,0.0594002035937659,0.0328150459901781,0.0931719414619211,0.0902239364275626,-0.6583641320222839,0.0,0.0,0.001953125,1.1459350034282547,
W4_quantum,all,torque_vrmse,kcal/mol,zero,10,0.1496241400213286,0.1037586869233686,0.1987732127475875,exact_dipole_base_com,-0.5632449253723005,-1.0565621780917482,-0.1487440077837672,0.7128690653936293,0.7901099272154422,9.0,0.0,0.021484375,-0.7312257408007539,
W4_quantum,region=far,energy_mae,kcal/mol,exact_dipole_base_com,10,0.0035654203440442,0.0024323154186108,0.0047704684651261,,,,,,,,,,,
W4_quantum,region=far,energy_mae,kcal/mol,exact_dipole_base_com,10,0.0035654203440442,0.0024323154186108,0.0047704684651261,zero,-0.0017664317972285,-0.0025196588979365,-0.0010666088462538,0.0053318521412728,0.3312979712162277,10.0,0.0,0.001953125,-1.4296150102527447,
W4_quantum,region=far,energy_mae,kcal/mol,exact_dipole_base_com,10,0.0035654203440442,0.0024323154186108,0.0047704684651261,mace_polar_l,0.0022060063391967,0.0012760740724907,0.0032971172426902,0.0013594140048474,-1.622762698729324,1.0,0.0,0.021484375,1.2778321944423434,
W4_quantum,region=far,energy_mae,kcal/mol,exact_dipole_nuclear_center,10,0.0035624444609208,0.0024214424541141,0.0047769388822269,,,,,,,,,,,
W4_quantum,region=far,energy_mae,kcal/mol,exact_dipole_nuclear_center,10,0.0035624444609208,0.0024214424541141,0.0047769388822269,zero,-0.0017694076803519,-0.0025098998915715,-0.0010737139129369,0.0053318521412728,0.331856104308547,10.0,0.0,0.001953125,-1.4480398553876843,
W4_quantum,region=far,energy_mae,kcal/mol,exact_dipole_nuclear_center,10,0.0035624444609208,0.0024214424541141,0.0047769388822269,mace_polar_l,0.0022030304560733,0.0012599970411928,0.0033049722959201,0.0013594140048474,-1.6205736061403213,1.0,0.0,0.021484375,1.2613860262485048,
W4_quantum,region=far,energy_mae,kcal/mol,exact_dipole_nuclear_center,10,0.0035624444609208,0.0024214424541141,0.0047769388822269,exact_dipole_base_com,-2.9758831233974618e-06,-2.5030424642534554e-05,2.022319306265508e-05,0.0035654203440442,0.0008346514116824,7.0,0.0,0.34375,-0.0783662388580493,
W4_quantum,region=far,energy_mae,kcal/mol,exact_dipole_solute_com,10,0.0033782262267648,0.0020480246962437,0.0047064151900779,,,,,,,,,,,
W4_quantum,region=far,energy_mae,kcal/mol,exact_dipole_solute_com,10,0.0033782262267648,0.0020480246962437,0.0047064151900779,zero,-0.0019536259145079,-0.0028134295518835,-0.0011515297952227,0.0053318521412728,0.3664066187029671,10.0,0.0,0.001953125,-1.3697130800229556,
W4_quantum,region=far,energy_mae,kcal/mol,exact_dipole_solute_com,10,0.0033782262267648,0.0020480246962437,0.0047064151900779,mace_polar_l,0.0020188122219173,0.0008698583567891,0.0032299868659541,0.0013594140048474,-1.4850606325362037,2.0,0.0,0.109375,1.011164857973137,
W4_quantum,region=far,energy_mae,kcal/mol,exact_dipole_solute_com,10,0.0033782262267648,0.0020480246962437,0.0047064151900779,exact_dipole_base_com,-0.0001871941172793,-0.000558312547888,6.308049963361783e-05,0.0035654203440442,0.0525026782864627,7.0,0.0,0.34375,-0.3386166679494191,
W4_quantum,region=far,energy_mae,kcal/mol,glider,10,0.0011918333306392,0.0008579829388882,0.0015726489415186,,,,,,,,,,,
W4_quantum,region=far,energy_mae,kcal/mol,glider,10,0.0011918333306392,0.0008579829388882,0.0015726489415186,zero,-0.0041400188106335,-0.0056713763834062,-0.0027708778641603,0.0053318521412728,0.7764691707383374,10.0,0.0,0.001953125,-1.673651639545643,
W4_quantum,region=far,energy_mae,kcal/mol,glider,10,0.0011918333306392,0.0008579829388882,0.0015726489415186,mace_polar_l,-0.0001675806742082,-0.0004713877819676,0.0001049437145343,0.0013594140048474,0.1232742002146755,6.0,0.0,0.75390625,-0.3402286343847905,
W4_quantum,region=far,energy_mae,kcal/mol,glider,10,0.0011918333306392,0.0008579829388882,0.0015726489415186,exact_dipole_base_com,-0.0023735870134049,-0.0035587458655538,-0.001337065701698,0.0035654203440442,0.6657243142087995,9.0,0.0,0.021484375,-1.2593141818395897,
W4_quantum,region=far,energy_mae,kcal/mol,mace_polar_l,10,0.0013594140048474,0.0010654907736529,0.0016687739565753,,,,,,,,,,,
W4_quantum,region=far,energy_mae,kcal/mol,mace_polar_l,10,0.0013594140048474,0.0010654907736529,0.0016687739565753,zero,-0.0039724381364253,-0.0054650805723573,-0.002660629948087,0.0053318521412728,0.7450390654450953,10.0,0.0,0.001953125,-1.6598342751610196,
W4_quantum,region=far,energy_mae,kcal/mol,mace_polar_l,10,0.0013594140048474,0.0010654907736529,0.0016687739565753,exact_dipole_base_com,-0.0022060063391967,-0.0032971172426902,-0.0012760740724907,0.0035654203440442,0.6187226543657647,9.0,0.0,0.021484375,-1.2778321944423434,
W4_quantum,region=far,energy_mae,kcal/mol,zero,10,0.0053318521412728,0.0038543366861225,0.006903199945803,,,,,,,,,,,
W4_quantum,region=far,energy_mae,kcal/mol,zero,10,0.0053318521412728,0.0038543366861225,0.006903199945803,mace_polar_l,0.0039724381364253,0.002660629948087,0.0054650805723573,0.0013594140048474,-2.922169495282638,0.0,0.0,0.001953125,1.6598342751610196,
W4_quantum,region=far,energy_mae,kcal/mol,zero,10,0.0053318521412728,0.0038543366861225,0.006903199945803,exact_dipole_base_com,0.0017664317972285,0.0010666088462538,0.0025196588979365,0.0035654203440442,-0.4954343742889322,0.0,0.0,0.001953125,1.4296150102527447,
W4_quantum,region=far,energy_rmse,kcal/mol,exact_dipole_base_com,10,0.0040359228462551,0.0027463987271315,0.0053717518342712,,,,,,,,,,,
W4_quantum,region=far,energy_rmse,kcal/mol,exact_dipole_base_com,10,0.0040359228462551,0.0027463987271315,0.0053717518342712,zero,-0.0019134360594688,-0.0028485068257881,-0.001067531574201,0.0059493589057239,0.3216205459764507,9.0,0.0,0.021484375,-1.2595025722367164,
W4_quantum,region=far,energy_rmse,kcal/mol,exact_dipole_base_com,10,0.0040359228462551,0.0027463987271315,0.0053717518342712,mace_polar_l,0.0025147562059509,0.0014810727685643,0.003693951120929,0.0015211666403042,-1.6531760159083475,0.0,0.0,0.001953125,1.3306019066536792,
W4_quantum,region=far,energy_rmse,kcal/mol,exact_dipole_nuclear_center,10,0.0040344921942976,0.0027316462884419,0.0053773540266775,,,,,,,,,,,
W4_quantum,region=far,energy_rmse,kcal/mol,exact_dipole_nuclear_center,10,0.0040344921942976,0.0027316462884419,0.0053773540266775,zero,-0.0019148667114263,-0.0028375203930838,-0.0010731681958637,0.0059493589057239,0.321861017593678,8.0,0.0,0.109375,-1.2741268619840862,
W4_quantum,region=far,energy_rmse,kcal/mol,exact_dipole_nuclear_center,10,0.0040344921942976,0.0027316462884419,0.0053773540266775,mace_polar_l,0.0025133255539933,0.0014655386661982,0.0037039360587733,0.0015211666403042,-1.6522355193712697,0.0,0.0,0.001953125,1.3155307895397998,
W4_quantum,region=far,energy_rmse,kcal/mol,exact_dipole_nuclear_center,10,0.0040344921942976,0.0027316462884419,0.0053773540266775,exact_dipole_base_com,-1.4306519575249207e-06,-2.7310790448090785e-05,2.715512038667461e-05,0.0040359228462551,0.0003544795111363,6.0,0.0,0.75390625,-0.0314269403247224,
W4_quantum,region=far,energy_rmse,kcal/mol,exact_dipole_solute_com,10,0.0038609999781397,0.0023238630277984,0.0053616373266983,,,,,,,,,,,
W4_quantum,region=far,energy_rmse,kcal/mol,exact_dipole_solute_com,10,0.0038609999781397,0.0023238630277984,0.0053616373266983,zero,-0.0020883589275842,-0.0031121635960676,-0.0011474973122763,0.0059493589057239,0.3510225153125325,9.0,0.0,0.021484375,-1.2405915469736533,
W4_quantum,region=far,energy_rmse,kcal/mol,exact_dipole_solute_com,10,0.0038609999781397,0.0023238630277984,0.0053616373266983,mace_polar_l,0.0023398333378354,0.0010390937117831,0.003673889588549,0.0015211666403042,-1.5381834414718925,2.0,0.0,0.109375,1.0473911505581073,
W4_quantum,region=far,energy_rmse,kcal/mol,exact_dipole_solute_com,10,0.0038609999781397,0.0023238630277984,0.0053616373266983,exact_dipole_base_com,-0.0001749228681154,-0.000622604643473,0.000173619455933,0.0040359228462551,0.0433414797009183,6.0,0.0,0.75390625,-0.2564459281674662,
W4_quantum,region=far,energy_rmse,kcal/mol,glider,10,0.0013579438198516,0.0009810518600424,0.0017740147595541,,,,,,,,,,,
W4_quantum,region=far,energy_rmse,kcal/mol,glider,10,0.0013579438198516,0.0009810518600424,0.0017740147595541,zero,-0.0045914150858723,-0.0062734931438756,-0.0030580864267289,0.0059493589057239,0.7717495546377087,10.0,0.0,0.001953125,-1.679783930744983,
W4_quantum,region=far,energy_rmse,kcal/mol,glider,10,0.0013579438198516,0.0009810518600424,0.0017740147595541,mace_polar_l,-0.0001632228204526,-0.0004950926234702,0.0001373097712737,0.0015211666403042,0.1073010780857053,5.0,0.0,1.0,-0.3008278281562134,
W4_quantum,region=far,energy_rmse,kcal/mol,glider,10,0.0013579438198516,0.0009810518600424,0.0017740147595541,exact_dipole_base_com,-0.0026779790264035,-0.0039600706131176,-0.0015048521016205,0.0040359228462551,0.6635357335654687,10.0,0.0,0.001953125,-1.2808634303315627,
W4_quantum,region=far,energy_rmse,kcal/mol,mace_polar_l,10,0.0015211666403042,0.0011656781317591,0.0019030343292524,,,,,,,,,,,
W4_quantum,region=far,energy_rmse,kcal/mol,mace_polar_l,10,0.0015211666403042,0.0011656781317591,0.0019030343292524,zero,-0.0044281922654197,-0.0060871742138697,-0.0029376096584377,0.0059493589057239,0.7443141917626233,10.0,0.0,0.001953125,-1.6487228323930463,
W4_quantum,region=far,energy_rmse,kcal/mol,mace_polar_l,10,0.0015211666403042,0.0011656781317591,0.0019030343292524,exact_dipole_base_com,-0.0025147562059509,-0.003693951120929,-0.0014810727685643,0.0040359228462551,0.6230932309036279,10.0,0.0,0.001953125,-1.3306019066536792,
W4_quantum,region=far,energy_rmse,kcal/mol,zero,10,0.0059493589057239,0.0042647812029895,0.0077016391201966,,,,,,,,,,,
W4_quantum,region=far,energy_rmse,kcal/mol,zero,10,0.0059493589057239,0.0042647812029895,0.0077016391201966,mace_polar_l,0.0044281922654197,0.0029376096584377,0.0060871742138697,0.0015211666403042,-2.9110500770211205,0.0,0.0,0.001953125,1.6487228323930463,
W4_quantum,region=far,energy_rmse,kcal/mol,zero,10,0.0059493589057239,0.0042647812029895,0.0077016391201966,exact_dipole_base_com,0.0019134360594688,0.001067531574201,0.0028485068257881,0.0040359228462551,-0.4741012483041475,1.0,0.0,0.021484375,1.2595025722367164,
W4_quantum,region=far,energy_nrmse,1,exact_dipole_base_com,10,0.7229550966209886,0.5461072546700355,0.8960264718985844,,,,,,,,,,,
W4_quantum,region=far,energy_nrmse,1,exact_dipole_base_com,10,0.7229550966209886,0.5461072546700355,0.8960264718985844,zero,-0.2770449033790114,-0.4538927453299644,-0.1039735281014156,1.0,0.2770449033790114,7.0,0.0,0.34375,-0.9305142675394646,
W4_quantum,region=far,energy_nrmse,1,exact_dipole_base_com,10,0.7229550966209886,0.5461072546700355,0.8960264718985844,mace_polar_l,0.3978489186943063,0.2585279729778319,0.532182041022973,0.3251061779266823,-1.223750718093179,0.0,0.0,0.001953125,1.7053367040786525,
W4_quantum,region=far,energy_nrmse,1,exact_dipole_nuclear_center,10,0.7215201096801295,0.543686161226008,0.8954699709121557,,,,,,,,,,,
W4_quantum,region=far,energy_nrmse,1,exact_dipole_nuclear_center,10,0.7215201096801295,0.543686161226008,0.8954699709121557,zero,-0.2784798903198706,-0.456313838773992,-0.1045300290878444,1.0,0.2784798903198705,7.0,0.0,0.34375,-0.9321869268568324,
W4_quantum,region=far,energy_nrmse,1,exact_dipole_nuclear_center,10,0.7215201096801295,0.543686161226008,0.8954699709121557,mace_polar_l,0.3964139317534472,0.2554549494097974,0.5316329087565366,0.3251061779266823,-1.219336815687477,0.0,0.0,0.001953125,1.6815626668821029,
W4_quantum,region=far,energy_nrmse,1,exact_dipole_nuclear_center,10,0.7215201096801295,0.543686161226008,0.8954699709121557,exact_dipole_base_com,-0.0014349869408591,-0.005135521772705,0.0020771935833239,0.7229550966209886,0.0019848908287195,6.0,0.0,0.75390625,-0.2337207001441063,
W4_quantum,region=far,energy_nrmse,1,exact_dipole_solute_com,10,0.6753804031467632,0.4445529907468877,0.8838848853131522,,,,,,,,,,,
W4_quantum,region=far,energy_nrmse,1,exact_dipole_solute_com,10,0.6753804031467632,0.4445529907468877,0.8838848853131522,zero,-0.3246195968532368,-0.5554470092531123,-0.1161151146868478,1.0,0.3246195968532368,8.0,0.0,0.109375,-0.8664836786917717,
W4_quantum,region=far,energy_nrmse,1,exact_dipole_solute_com,10,0.6753804031467632,0.4445529907468877,0.8838848853131522,mace_polar_l,0.3502742252200809,0.1469992306565363,0.5198882515496015,0.3251061779266823,-1.0774148539837176,2.0,0.0,0.109375,1.1008027506852922,
W4_quantum,region=far,energy_nrmse,1,exact_dipole_solute_com,10,0.6753804031467632,0.4445529907468877,0.8838848853131522,exact_dipole_base_com,-0.0475746934742253,-0.1264872597983107,0.0152236153895549,0.7229550966209886,0.065805876044839,6.0,0.0,0.75390625,-0.3885528849965434,
W4_quantum,region=far,energy_nrmse,1,glider,10,0.3022441240557621,0.2158700938626735,0.3956839995157728,,,,,,,,,,,
W4_quantum,region=far,energy_nrmse,1,glider,10,0.3022441240557621,0.2158700938626735,0.3956839995157728,zero,-0.6977558759442379,-0.7841299061373265,-0.6043160004842272,1.0,0.6977558759442379,10.0,0.0,0.001953125,-4.568718749811665,
W4_quantum,region=far,energy_nrmse,1,glider,10,0.3022441240557621,0.2158700938626735,0.3956839995157728,mace_polar_l,-0.0228620538709201,-0.1048447724176566,0.0476059784338179,0.3251061779266823,0.0703218069146505,5.0,0.0,1.0,-0.1752190490680174,
W4_quantum,region=far,energy_nrmse,1,glider,10,0.3022441240557621,0.2158700938626735,0.3956839995157728,exact_dipole_base_com,-0.4207109725652264,-0.5853387430343526,-0.245947613541677,0.7229550966209886,0.5819323697026033,9.0,0.0,0.021484375,-1.4466623234214695,
W4_quantum,region=far,energy_nrmse,1,mace_polar_l,10,0.3251061779266823,0.2411973498768257,0.4173767650497327,,,,,,,,,,,
W4_quantum,region=far,energy_nrmse,1,mace_polar_l,10,0.3251061779266823,0.2411973498768257,0.4173767650497327,zero,-0.6748938220733178,-0.7588026501231742,-0.5826232349502672,1.0,0.6748938220733177,10.0,0.0,0.001953125,-4.515768275319333,
W4_quantum,region=far,energy_nrmse,1,mace_polar_l,10,0.3251061779266823,0.2411973498768257,0.4173767650497327,exact_dipole_base_com,-0.3978489186943063,-0.532182041022973,-0.258527972977832,0.7229550966209886,0.5503093076648988,10.0,0.0,0.001953125,-1.7053367040786525,
W4_quantum,region=far,energy_nrmse,1,zero,10,1.0,1.0,1.0,,,,,,,,,,,
W4_quantum,region=far,energy_nrmse,1,zero,10,1.0,1.0,1.0,mace_polar_l,0.6748938220733178,0.5826232349502671,0.7588026501231742,0.3251061779266823,-2.0759181704185248,0.0,0.0,0.001953125,4.515768275319333,
W4_quantum,region=far,energy_nrmse,1,zero,10,1.0,1.0,1.0,exact_dipole_base_com,0.2770449033790114,0.1039735281014154,0.4538927453299642,0.7229550966209886,-0.3832117716216241,3.0,0.0,0.34375,0.9305142675394646,
W4_quantum,region=far,centered_orientation_rmse,kcal/mol,exact_dipole_base_com,10,0.0037561990481982,0.0025291257942766,0.0050150980856017,,,,,,,,,,,
W4_quantum,region=far,centered_orientation_rmse,kcal/mol,exact_dipole_base_com,10,0.0037561990481982,0.0025291257942766,0.0050150980856017,zero,-0.0015026556501896,-0.0021763184844384,-0.0008405917493419,0.0052588546983879,0.2857381951721003,8.0,0.0,0.109375,-1.31762074709668,
W4_quantum,region=far,centered_orientation_rmse,kcal/mol,exact_dipole_base_com,10,0.0037561990481982,0.0025291257942766,0.0050150980856017,mace_polar_l,0.0023824521133413,0.0013969611180479,0.0034936798739727,0.0013737469348568,-1.734272923847965,0.0,0.0,0.001953125,1.335644079089645,
W4_quantum,region=far,centered_orientation_rmse,kcal/mol,exact_dipole_nuclear_center,10,0.0037545400088795,0.002516356461436,0.0050247305508732,,,,,,,,,,,
W4_quantum,region=far,centered_orientation_rmse,kcal/mol,exact_dipole_nuclear_center,10,0.0037545400088795,0.002516356461436,0.0050247305508732,zero,-0.0015043146895083,-0.002167215759232,-0.0008433915698311,0.0052588546983879,0.2860536705776498,8.0,0.0,0.109375,-1.3319049596356938,
W4_quantum,region=far,centered_orientation_rmse,kcal/mol,exact_dipole_nuclear_center,10,0.0037545400088795,0.002516356461436,0.0050247305508732,mace_polar_l,0.0023807930740226,0.0013853451893477,0.0035008599839346,0.0013737469348568,-1.7330652492198335,0.0,0.0,0.001953125,1.3196025223859655,
W4_quantum,region=far,centered_orientation_rmse,kcal/mol,exact_dipole_nuclear_center,10,0.0037545400088795,0.002516356461436,0.0050247305508732,exact_dipole_base_com,-1.6590393187002733e-06,-2.525749830523067e-05,2.281699198854507e-05,0.0037561990481982,0.0004416803522422,5.0,0.0,1.0,-0.0411671158881006,
W4_quantum,region=far,centered_orientation_rmse,kcal/mol,exact_dipole_solute_com,10,0.0036006305825372,0.0021670265195439,0.0050025502365203,,,,,,,,,,,
W4_quantum,region=far,centered_orientation_rmse,kcal/mol,exact_dipole_solute_com,10,0.0036006305825372,0.0021670265195439,0.0050025502365203,zero,-0.0016582241158506,-0.0024647427851084,-0.0008979543737001,0.0052588546983879,0.3153203902665249,8.0,0.0,0.109375,-1.2370204528997868,
W4_quantum,region=far,centered_orientation_rmse,kcal/mol,exact_dipole_solute_com,10,0.0036006305825372,0.0021670265195439,0.0050025502365203,mace_polar_l,0.0022268836476804,0.0010144360330342,0.0034685212616176,0.0013737469348568,-1.6210290201029474,2.0,0.0,0.109375,1.0713103781606916,
W4_quantum,region=far,centered_orientation_rmse,kcal/mol,exact_dipole_solute_com,10,0.0036006305825372,0.0021670265195439,0.0050025502365203,exact_dipole_base_com,-0.0001555684656609,-0.0005520484965909,0.0001339682726564,0.0037561990481982,0.0414164594753213,5.0,0.0,1.0,-0.2622086649528843,
W4_quantum,region=far,centered_orientation_rmse,kcal/mol,glider,10,0.0011876725509933,0.0008664615199026,0.0015574241154684,,,,,,,,,,,
W4_quantum,region=far,centered_orientation_rmse,kcal/mol,glider,10,0.0011876725509933,0.0008664615199026,0.0015574241154684,zero,-0.0040711821473945,-0.0056161883855825,-0.0027066308814393,0.0052588546983879,0.7741575648862437,10.0,0.0,0.001953125,-1.638939934230095,
W4_quantum,region=far,centered_orientation_rmse,kcal/mol,glider,10,0.0011876725509933,0.0008664615199026,0.0015574241154684,mace_polar_l,-0.0001860743838635,-0.0005083588862764,0.0001099821142002,0.0013737469348568,0.1354502631759454,5.0,0.0,1.0,-0.3525902792231139,
W4_quantum,region=far,centered_orientation_rmse,kcal/mol,glider,10,0.0011876725509933,0.0008664615199026,0.0015574241154684,exact_dipole_base_com,-0.0025685264972048,-0.0038146429293456,-0.0014374540711649,0.0037561990481982,0.6838100069369204,9.0,0.0,0.021484375,-1.274230171815688,
W4_quantum,region=far,centered_orientation_rmse,kcal/mol,mace_polar_l,10,0.0013737469348568,0.0010583700713729,0.0017101007677405,,,,,,,,,,,
W4_quantum,region=far,centered_orientation_rmse,kcal/mol,mace_polar_l,10,0.0013737469348568,0.0010583700713729,0.0017101007677405,zero,-0.003885107763531,-0.0053677958535225,-0.0025849877064566,0.0052588546983879,0.7387745025018523,10.0,0.0,0.001953125,-1.632750135968962,
W4_quantum,region=far,centered_orientation_rmse,kcal/mol,mace_polar_l,10,0.0013737469348568,0.0010583700713729,0.0017101007677405,exact_dipole_base_com,-0.0023824521133413,-0.0034936798739727,-0.0013969611180479,0.0037561990481982,0.6342720614031858,10.0,0.0,0.001953125,-1.335644079089645,
W4_quantum,region=far,centered_orientation_rmse,kcal/mol,zero,10,0.0052588546983879,0.0037664152933812,0.0068468600034862,,,,,,,,,,,
W4_quantum,region=far,centered_orientation_rmse,kcal/mol,zero,10,0.0052588546983879,0.0037664152933812,0.0068468600034862,mace_polar_l,0.003885107763531,0.0025849877064566,0.0053677958535225,0.0013737469348568,-2.828110232643315,0.0,0.0,0.001953125,1.632750135968962,
W4_quantum,region=far,centered_orientation_rmse,kcal/mol,zero,10,0.0052588546983879,0.0037664152933812,0.0068468600034862,exact_dipole_base_com,0.0015026556501896,0.0008405917493419,0.0021763184844384,0.0037561990481982,-0.4000468641060102,2.0,0.0,0.109375,1.31762074709668,
W4_quantum,region=far,centered_orientation_nrmse,1,exact_dipole_base_com,10,0.7530125701785573,0.5714663434140737,0.9290648085853656,,,,,,,,,,,
W4_quantum,region=far,centered_orientation_nrmse,1,exact_dipole_base_com,10,0.7530125701785573,0.5714663434140737,0.9290648085853656,zero,-0.2469874298214427,-0.4285336565859265,-0.0709351914146341,1.0,0.2469874298214427,6.0,0.0,0.75390625,-0.8102416371752102,
W4_quantum,region=far,centered_orientation_nrmse,1,exact_dipole_base_com,10,0.7530125701785573,0.5714663434140737,0.9290648085853656,mace_polar_l,0.4214899730416304,0.280389788384668,0.5518055118880817,0.3315225971369268,-1.2713763003839675,0.0,0.0,0.001953125,1.8259167666260985,
W4_quantum,region=far,centered_orientation_nrmse,1,exact_dipole_nuclear_center,10,0.7513266110995701,0.5686598862413296,0.9274174506782988,,,,,,,,,,,
W4_quantum,region=far,centered_orientation_nrmse,1,exact_dipole_nuclear_center,10,0.7513266110995701,0.5686598862413296,0.9274174506782988,zero,-0.2486733889004299,-0.4313401137586704,-0.0725825493217012,1.0,0.2486733889004299,6.0,0.0,0.75390625,-0.8126676252358015,
W4_quantum,region=far,centered_orientation_nrmse,1,exact_dipole_nuclear_center,10,0.7513266110995701,0.5686598862413296,0.9274174506782988,mace_polar_l,0.4198040139626433,0.2769079284065546,0.5512976583166387,0.3315225971369268,-1.2662907976352944,0.0,0.0,0.001953125,1.7955847467970816,
W4_quantum,region=far,centered_orientation_nrmse,1,exact_dipole_nuclear_center,10,0.7513266110995701,0.5686598862413296,0.9274174506782988,exact_dipole_base_com,-0.0016859590789871,-0.0058791536986849,0.0021351576180987,0.7530125701785573,0.0022389521048598,6.0,0.0,0.75390625,-0.2468661997634217,
W4_quantum,region=far,centered_orientation_nrmse,1,exact_dipole_solute_com,10,0.7052542529622645,0.4676435297058698,0.9216431938574106,,,,,,,,,,,
W4_quantum,region=far,centered_orientation_nrmse,1,exact_dipole_solute_com,10,0.7052542529622645,0.4676435297058698,0.9216431938574106,zero,-0.2947457470377355,-0.5323564702941301,-0.0783568061425895,1.0,0.2947457470377355,7.0,0.0,0.34375,-0.761478293217764,
W4_quantum,region=far,centered_orientation_nrmse,1,exact_dipole_solute_com,10,0.7052542529622645,0.4676435297058698,0.9216431938574106,mace_polar_l,0.3737316558253377,0.1621795743085628,0.5460684353333487,0.3315225971369268,-1.1273187983351178,2.0,0.0,0.109375,1.144670741696505,
W4_quantum,region=far,centered_orientation_nrmse,1,exact_dipole_solute_com,10,0.7052542529622645,0.4676435297058698,0.9216431938574106,exact_dipole_base_com,-0.0477583172162927,-0.1339171523688337,0.0179784997598931,0.7530125701785573,0.0634230012985946,6.0,0.0,0.75390625,-0.3636958875717162,
W4_quantum,region=far,centered_orientation_nrmse,1,glider,10,0.3072041922672032,0.2178758163245376,0.4035076635151118,,,,,,,,,,,
W4_quantum,region=far,centered_orientation_nrmse,1,glider,10,0.3072041922672032,0.2178758163245376,0.4035076635151118,zero,-0.6927958077327968,-0.7821241836754624,-0.5964923364848883,1.0,0.6927958077327967,10.0,0.0,0.001953125,-4.387928807835963,
W4_quantum,region=far,centered_orientation_nrmse,1,glider,10,0.3072041922672032,0.2178758163245376,0.4035076635151118,mace_polar_l,-0.0243184048697235,-0.1104226793979948,0.0506885343527295,0.3315225971369268,0.0733536871384952,5.0,0.0,1.0,-0.1765286628529866,
W4_quantum,region=far,centered_orientation_nrmse,1,glider,10,0.3072041922672032,0.2178758163245376,0.4035076635151118,exact_dipole_base_com,-0.445808377911354,-0.616970954668737,-0.2610356283858578,0.7530125701785573,0.5920331154706251,9.0,0.0,0.021484375,-1.4668227734480317,
W4_quantum,region=far,centered_orientation_nrmse,1,mace_polar_l,10,0.3315225971369268,0.2483386597602392,0.423701643394984,,,,,,,,,,,
W4_quantum,region=far,centered_orientation_nrmse,1,mace_polar_l,10,0.3315225971369268,0.2483386597602392,0.423701643394984,zero,-0.6684774028630731,-0.7516613402397606,-0.5762983566050158,1.0,0.6684774028630732,10.0,0.0,0.001953125,-4.4922355113059975,
W4_quantum,region=far,centered_orientation_nrmse,1,mace_polar_l,10,0.3315225971369268,0.2483386597602392,0.423701643394984,exact_dipole_base_com,-0.4214899730416304,-0.5518055118880817,-0.2803897883846682,0.7530125701785573,0.5597382961903081,10.0,0.0,0.001953125,-1.8259167666260985,
W4_quantum,region=far,centered_orientation_nrmse,1,zero,10,1.0,1.0,1.0,,,,,,,,,,,
W4_quantum,region=far,centered_orientation_nrmse,1,zero,10,1.0,1.0,1.0,mace_polar_l,0.6684774028630731,0.5762983566050158,0.7516613402397606,0.3315225971369268,-2.016385635960061,0.0,0.0,0.001953125,4.4922355113059975,
W4_quantum,region=far,centered_orientation_nrmse,1,zero,10,1.0,1.0,1.0,exact_dipole_base_com,0.2469874298214427,0.0709351914146338,0.4285336565859263,0.7530125701785573,-0.3279990794348573,4.0,0.0,0.75390625,0.8102416371752102,
W4_quantum,region=far,torque_vrmse,kcal/mol,exact_dipole_base_com,10,0.006232959287434,0.0038061512695257,0.0087099664597644,,,,,,,,,,,
W4_quantum,region=far,torque_vrmse,kcal/mol,exact_dipole_base_com,10,0.006232959287434,0.0038061512695257,0.0087099664597644,zero,-0.0030806714506811,-0.006348397895909,-0.0006848222639724,0.0093136307381151,0.3307701944928699,7.0,0.0,0.34375,-0.6258134230010874,
W4_quantum,region=far,torque_vrmse,kcal/mol,exact_dipole_base_com,10,0.006232959287434,0.0038061512695257,0.0087099664597644,mace_polar_l,0.0040061714210577,0.0020556340048314,0.006096672642284,0.0022267878663762,-1.7990808561289184,1.0,0.0,0.021484375,1.1695441010690613,
W4_quantum,region=far,torque_vrmse,kcal/mol,exact_dipole_nuclear_center,10,0.0062407343340968,0.0037915720751518,0.0087501463314957,,,,,,,,,,,
W4_quantum,region=far,torque_vrmse,kcal/mol,exact_dipole_nuclear_center,10,0.0062407343340968,0.0037915720751518,0.0087501463314957,zero,-0.0030728964040182,-0.00627463459119,-0.0007144704404888,0.0093136307381151,0.329935391516298,8.0,0.0,0.109375,-0.6361681111102911,
W4_quantum,region=far,torque_vrmse,kcal/mol,exact_dipole_nuclear_center,10,0.0062407343340968,0.0037915720751518,0.0087501463314957,mace_polar_l,0.0040139464677206,0.0020358943606609,0.0061328054192667,0.0022267878663762,-1.8025724535012009,1.0,0.0,0.021484375,1.1550193278604726,
W4_quantum,region=far,torque_vrmse,kcal/mol,exact_dipole_nuclear_center,10,0.0062407343340968,0.0037915720751518,0.0087501463314957,exact_dipole_base_com,7.775046662870282e-06,-4.507578975167874e-05,7.892433887390365e-05,0.006232959287434,-0.0012474085429283,5.0,0.0,1.0,0.0728603093336407,
W4_quantum,region=far,torque_vrmse,kcal/mol,exact_dipole_solute_com,10,0.0062762034181254,0.0034727086322623,0.0092038611126331,,,,,,,,,,,
W4_quantum,region=far,torque_vrmse,kcal/mol,exact_dipole_solute_com,10,0.0062762034181254,0.0034727086322623,0.0092038611126331,zero,-0.0030374273199896,-0.0057196481509342,-0.0009088139420003,0.0093136307381151,0.3261270932246956,7.0,0.0,0.34375,-0.7330625414698161,
W4_quantum,region=far,torque_vrmse,kcal/mol,exact_dipole_solute_com,10,0.0062762034181254,0.0034727086322623,0.0092038611126331,mace_polar_l,0.0040494155517491,0.0017369526198986,0.006476025732303,0.0022267878663762,-1.8185008158585447,2.0,0.0,0.109375,1.0036529120593398,
W4_quantum,region=far,torque_vrmse,kcal/mol,exact_dipole_solute_com,10,0.0062762034181254,0.0034727086322623,0.0092038611126331,exact_dipole_base_com,4.324413069144962e-05,-0.000580499201818,0.0007646694610205,0.006232959287434,-0.0069379774032267,5.0,0.0,1.0,0.0391928751333,
W4_quantum,region=far,torque_vrmse,kcal/mol,glider,10,0.0020387181110815,0.0013137591377718,0.0029043482545885,,,,,,,,,,,
W4_quantum,region=far,torque_vrmse,kcal/mol,glider,10,0.0020387181110815,0.0013137591377718,0.0029043482545885,zero,-0.0072749126270335,-0.0117778936690835,-0.0037326521168878,0.0093136307381151,0.7811038285275467,10.0,0.0,0.001953125,-1.051839992080536,
W4_quantum,region=far,torque_vrmse,kcal/mol,glider,10,0.0020387181110815,0.0013137591377718,0.0029043482545885,mace_polar_l,-0.0001880697552947,-0.0006628684743038,0.0001451797593471,0.0022267878663762,0.0844578678258984,5.0,0.0,1.0,-0.265092886431068,
W4_quantum,region=far,torque_vrmse,kcal/mol,glider,10,0.0020387181110815,0.0013137591377718,0.0029043482545885,exact_dipole_base_com,-0.0041942411763524,-0.0064016402528907,-0.0020685046209552,0.006232959287434,0.6729132957451323,9.0,0.0,0.021484375,-1.1399772073943275,
W4_quantum,region=far,torque_vrmse,kcal/mol,mace_polar_l,10,0.0022267878663762,0.0015575218310573,0.0029637953676535,,,,,,,,,,,
W4_quantum,region=far,torque_vrmse,kcal/mol,mace_polar_l,10,0.0022267878663762,0.0015575218310573,0.0029637953676535,zero,-0.0070868428717388,-0.011693350040863,-0.003527708117669,0.0093136307381151,0.7609108704231347,10.0,0.0,0.001953125,-1.007622468068685,
W4_quantum,region=far,torque_vrmse,kcal/mol,mace_polar_l,10,0.0022267878663762,0.0015575218310573,0.0029637953676535,exact_dipole_base_com,-0.0040061714210577,-0.006096672642284,-0.0020556340048314,0.006232959287434,0.6427398666207224,9.0,0.0,0.021484375,-1.1695441010690613,
W4_quantum,region=far,torque_vrmse,kcal/mol,zero,10,0.0093136307381151,0.0054125684156893,0.0143575753040609,,,,,,,,,,,
W4_quantum,region=far,torque_vrmse,kcal/mol,zero,10,0.0093136307381151,0.0054125684156893,0.0143575753040609,mace_polar_l,0.0070868428717388,0.003527708117669,0.0116933500408629,0.0022267878663762,-3.18254063566076,0.0,0.0,0.001953125,1.007622468068685,
W4_quantum,region=far,torque_vrmse,kcal/mol,zero,10,0.0093136307381151,0.0054125684156893,0.0143575753040609,exact_dipole_base_com,0.0030806714506811,0.0006848222639724,0.006348397895909,0.006232959287434,-0.4942550253604116,3.0,0.0,0.34375,0.6258134230010874,
W4_quantum,region=intermediate,energy_mae,kcal/mol,exact_dipole_base_com,10,0.0462030603498111,0.0279399731979738,0.068080963593202,,,,,,,,,,,
W4_quantum,region=intermediate,energy_mae,kcal/mol,exact_dipole_base_com,10,0.0462030603498111,0.0279399731979738,0.068080963593202,zero,0.0068579765520609,-0.0041640903529058,0.023345935749311,0.0393450837977502,-0.1743032646038771,5.0,0.0,1.0,0.283804366572256,
W4_quantum,region=intermediate,energy_mae,kcal/mol,exact_dipole_base_com,10,0.0462030603498111,0.0279399731979738,0.068080963593202,mace_polar_l,0.0311664693799908,0.0152397410579152,0.0507136984335026,0.0150365909698203,-2.072708464474734,1.0,0.0,0.021484375,1.0232577960096885,
W4_quantum,region=intermediate,energy_mae,kcal/mol,exact_dipole_nuclear_center,10,0.0460773853614397,0.0277049592870989,0.0681621766246271,,,,,,,,,,,
W4_quantum,region=intermediate,energy_mae,kcal/mol,exact_dipole_nuclear_center,10,0.0460773853614397,0.0277049592870989,0.0681621766246271,zero,0.0067323015636895,-0.0044401141882147,0.0234602822133783,0.0393450837977502,-0.1711090920099789,5.0,0.0,1.0,0.2744011472352563,
W4_quantum,region=intermediate,energy_mae,kcal/mol,exact_dipole_nuclear_center,10,0.0460773853614397,0.0277049592870989,0.0681621766246271,mace_polar_l,0.0310407943916194,0.0149697081591305,0.050851256976937,0.0150365909698203,-2.06435052026892,1.0,0.0,0.021484375,1.0091251745499628,
W4_quantum,region=intermediate,energy_mae,kcal/mol,exact_dipole_nuclear_center,10,0.0460773853614397,0.0277049592870989,0.0681621766246271,exact_dipole_base_com,-0.0001256749883713,-0.0004343217245523,0.0001653666848869,0.0462030603498111,0.002720057663278,9.0,0.0,0.021484375,-0.2617428591250576,
W4_quantum,region=intermediate,energy_mae,kcal/mol,exact_dipole_solute_com,10,0.0419866791565445,0.0230809447878689,0.0632125612553096,,,,,,,,,,,
W4_quantum,region=intermediate,energy_mae,kcal/mol,exact_dipole_solute_com,10,0.0419866791565445,0.0230809447878689,0.0632125612553096,zero,0.0026415953587943,-0.0103842377406199,0.0183651343489945,0.0393450837977502,-0.0671391468467381,5.0,0.0,1.0,0.1090967409158678,
W4_quantum,region=intermediate,energy_mae,kcal/mol,exact_dipole_solute_com,10,0.0419866791565445,0.0230809447878689,0.0632125612553096,mace_polar_l,0.0269500881867242,0.0102340570222732,0.0457097249142838,0.0150365909698203,-1.792300411763236,2.0,0.0,0.109375,0.8948436213379324,
W4_quantum,region=intermediate,energy_mae,kcal/mol,exact_dipole_solute_com,10,0.0419866791565445,0.0230809447878689,0.0632125612553096,exact_dipole_base_com,-0.0042163811932665,-0.0097523716611244,-0.000454188219304,0.0462030603498111,0.0912576171652628,8.0,0.0,0.109375,-0.5215506166690882,
W4_quantum,region=intermediate,energy_mae,kcal/mol,glider,10,0.0100820311213131,0.0074410908862184,0.0125488653311739,,,,,,,,,,,
W4_quantum,region=intermediate,energy_mae,kcal/mol,glider,10,0.0100820311213131,0.0074410908862184,0.0125488653311739,zero,-0.029263052676437,-0.0397633619801709,-0.019818157934272,0.0393450837977502,0.7437537260528171,10.0,0.0,0.001953125,-1.729954201331245,
W4_quantum,region=intermediate,energy_mae,kcal/mol,glider,10,0.0100820311213131,0.0074410908862184,0.0125488653311739,mace_polar_l,-0.0049545598485071,-0.0068614070723701,-0.0029643429104002,0.0150365909698203,0.3295002077566217,10.0,0.0,0.001953125,-1.474681659359708,
W4_quantum,region=intermediate,energy_mae,kcal/mol,glider,10,0.0100820311213131,0.0074410908862184,0.0125488653311739,exact_dipole_base_com,-0.036121029228498,-0.0565186309083413,-0.0195994165840618,0.0462030603498111,0.7817886727636566,10.0,0.0,0.001953125,-1.1403765760876594,
W4_quantum,region=intermediate,energy_mae,kcal/mol,mace_polar_l,10,0.0150365909698203,0.0114061485131544,0.0187357132659997,,,,,,,,,,,
W4_quantum,region=intermediate,energy_mae,kcal/mol,mace_polar_l,10,0.0150365909698203,0.0114061485131544,0.0187357132659997,zero,-0.0243084928279299,-0.0337953153171632,-0.0158167582168398,0.0393450837977502,0.6178279592155778,10.0,0.0,0.001953125,-1.5851295356262065,
W4_quantum,region=intermediate,energy_mae,kcal/mol,mace_polar_l,10,0.0150365909698203,0.0114061485131544,0.0187357132659997,exact_dipole_base_com,-0.0311664693799908,-0.0507136984335026,-0.0152397410579152,0.0462030603498111,0.674554220954722,9.0,0.0,0.021484375,-1.0232577960096885,
W4_quantum,region=intermediate,energy_mae,kcal/mol,zero,10,0.0393450837977502,0.0279844089408206,0.0513755156377176,,,,,,,,,,,
W4_quantum,region=intermediate,energy_mae,kcal/mol,zero,10,0.0393450837977502,0.0279844089408206,0.0513755156377176,mace_polar_l,0.0243084928279299,0.0158167582168398,0.0337953153171631,0.0150365909698203,-1.6166226026044792,0.0,0.0,0.001953125,1.5851295356262065,
W4_quantum,region=intermediate,energy_mae,kcal/mol,zero,10,0.0393450837977502,0.0279844089408206,0.0513755156377176,exact_dipole_base_com,-0.0068579765520609,-0.023345935749311,0.0041640903529058,0.0462030603498111,0.1484312186279019,5.0,0.0,1.0,-0.283804366572256,
W4_quantum,region=intermediate,energy_rmse,kcal/mol,exact_dipole_base_com,10,0.0510065771199193,0.0310791432665045,0.0742726398971185,,,,,,,,,,,
W4_quantum,region=intermediate,energy_rmse,kcal/mol,exact_dipole_base_com,10,0.0510065771199193,0.0310791432665045,0.0742726398971185,zero,0.0070143807545251,-0.0042108426900152,0.0228654698828485,0.0439921963653941,-0.1594460230233687,5.0,0.0,1.0,0.299522998317022,
W4_quantum,region=intermediate,energy_rmse,kcal/mol,exact_dipole_base_com,10,0.0510065771199193,0.0310791432665045,0.0742726398971185,mace_polar_l,0.0338700811987904,0.0165317411195645,0.0547962523946871,0.0171364959211288,-1.9764881545607915,1.0,0.0,0.021484375,1.034993553705775,
W4_quantum,region=intermediate,energy_rmse,kcal/mol,exact_dipole_nuclear_center,10,0.0508674435034034,0.0308213352524209,0.0743043775620304,,,,,,,,,,,
W4_quantum,region=intermediate,energy_rmse,kcal/mol,exact_dipole_nuclear_center,10,0.0508674435034034,0.0308213352524209,0.0743043775620304,zero,0.0068752471380093,-0.0044794188564262,0.022946214197154,0.0439921963653941,-0.1562833344556009,5.0,0.0,1.0,0.2898278953322178,
W4_quantum,region=intermediate,energy_rmse,kcal/mol,exact_dipole_nuclear_center,10,0.0508674435034034,0.0308213352524209,0.0743043775620304,mace_polar_l,0.0337309475822746,0.0162849784122287,0.0548121640066766,0.0171364959211288,-1.9683690141509784,1.0,0.0,0.021484375,1.0224785545240946,
W4_quantum,region=intermediate,energy_rmse,kcal/mol,exact_dipole_nuclear_center,10,0.0508674435034034,0.0308213352524209,0.0743043775620304,exact_dipole_base_com,-0.0001391336165158,-0.0004398105351348,0.0001038177798665,0.0510065771199193,0.0027277583474915,8.0,0.0,0.109375,-0.3078197712574679,
W4_quantum,region=intermediate,energy_rmse,kcal/mol,exact_dipole_solute_com,10,0.0461121402373245,0.0255820344570801,0.068746690295307,,,,,,,,,,,
W4_quantum,region=intermediate,energy_rmse,kcal/mol,exact_dipole_solute_com,10,0.0461121402373245,0.0255820344570801,0.068746690295307,zero,0.0021199438719304,-0.0113601826469617,0.0172062515007245,0.0439921963653941,-0.0481890891357728,5.0,0.0,1.0,0.0883505138041724,
W4_quantum,region=intermediate,energy_rmse,kcal/mol,exact_dipole_solute_com,10,0.0461121402373245,0.0255820344570801,0.068746690295307,mace_polar_l,0.0289756443161956,0.0109046975123375,0.0490403824446161,0.0171364959211288,-1.6908733529629876,2.0,0.0,0.109375,0.8958652856843556,
W4_quantum,region=intermediate,energy_rmse,kcal/mol,exact_dipole_solute_com,10,0.0461121402373245,0.0255820344570801,0.068746690295307,exact_dipole_base_com,-0.0048944368825947,-0.0107924938291989,-0.000784915147907,0.0510065771199193,0.0959569757266342,8.0,0.0,0.109375,-0.563390014185623,
W4_quantum,region=intermediate,energy_rmse,kcal/mol,glider,10,0.0115165609263503,0.0085031321533608,0.0144294335251666,,,,,,,,,,,
W4_quantum,region=intermediate,energy_rmse,kcal/mol,glider,10,0.0115165609263503,0.0085031321533608,0.0144294335251666,zero,-0.0324756354390437,-0.0440028415722264,-0.0217206178621468,0.0439921963653941,0.7382135497237933,10.0,0.0,0.001953125,-1.7194356726237692,
W4_quantum,region=intermediate,energy_rmse,kcal/mol,glider,10,0.0115165609263503,0.0085031321533608,0.0144294335251666,mace_polar_l,-0.0056199349947784,-0.0080842833315025,-0.0031476504300371,0.0171364959211288,0.3279512346423893,9.0,0.0,0.021484375,-1.3312635661853,
W4_quantum,region=intermediate,energy_rmse,kcal/mol,glider,10,0.0115165609263503,0.0085031321533608,0.0144294335251666,exact_dipole_base_com,-0.0394900161935689,-0.0612310924328323,-0.0210711944141897,0.0510065771199193,0.7742141979205095,10.0,0.0,0.001953125,-1.1471152583633435,
W4_quantum,region=intermediate,energy_rmse,kcal/mol,mace_polar_l,10,0.0171364959211288,0.0128721958416096,0.0215849537038849,,,,,,,,,,,
W4_quantum,region=intermediate,energy_rmse,kcal/mol,mace_polar_l,10,0.0171364959211288,0.0128721958416096,0.0215849537038849,zero,-0.0268557004442652,-0.0366736121010768,-0.0174779945117572,0.0439921963653941,0.6104650975187718,10.0,0.0,0.001953125,-1.6428775520167027,
W4_quantum,region=intermediate,energy_rmse,kcal/mol,mace_polar_l,10,0.0171364959211288,0.0128721958416096,0.0215849537038849,exact_dipole_base_com,-0.0338700811987904,-0.0547962523946871,-0.0165317411195645,0.0510065771199193,0.6640336033362917,9.0,0.0,0.021484375,-1.034993553705775,
W4_quantum,region=intermediate,energy_rmse,kcal/mol,zero,10,0.0439921963653941,0.031337522373158,0.0570635738075267,,,,,,,,,,,
W4_quantum,region=intermediate,energy_rmse,kcal/mol,zero,10,0.0439921963653941,0.031337522373158,0.0570635738075267,mace_polar_l,0.0268557004442652,0.0174779945117572,0.0366736121010767,0.0171364959211288,-1.567164055467893,0.0,0.0,0.001953125,1.6428775520167027,
W4_quantum,region=intermediate,energy_rmse,kcal/mol,zero,10,0.0439921963653941,0.031337522373158,0.0570635738075267,exact_dipole_base_com,-0.0070143807545251,-0.0228654698828485,0.0042108426900152,0.0510065771199193,0.1375191426398597,5.0,0.0,1.0,-0.299522998317022,
W4_quantum,region=intermediate,energy_nrmse,1,exact_dipole_base_com,10,1.2725105635274794,0.9945994440995404,1.5814027220825664,,,,,,,,,,,
W4_quantum,region=intermediate,energy_nrmse,1,exact_dipole_base_com,10,1.2725105635274794,0.9945994440995404,1.5814027220825664,zero,0.2725105635274795,-0.0054005559004597,0.5814027220825665,1.0,-0.2725105635274794,2.0,0.0,0.109375,0.5430398602447704,
W4_quantum,region=intermediate,energy_nrmse,1,exact_dipole_base_com,10,1.2725105635274794,0.9945994440995404,1.5814027220825664,mace_polar_l,0.7762443726791073,0.4409300863069097,1.136151936610545,0.4962661908483722,-1.5641693651387154,0.0,0.0,0.001953125,1.306592063794442,
W4_quantum,region=intermediate,energy_nrmse,1,exact_dipole_nuclear_center,10,1.2676161494302307,0.9862469309733076,1.5776501085872614,,,,,,,,,,,
W4_quantum,region=intermediate,energy_nrmse,1,exact_dipole_nuclear_center,10,1.2676161494302307,0.9862469309733076,1.5776501085872614,zero,0.2676161494302306,-0.0137530690266922,0.5776501085872615,1.0,-0.2676161494302307,2.0,0.0,0.109375,0.5294584631324566,
W4_quantum,region=intermediate,energy_nrmse,1,exact_dipole_nuclear_center,10,1.2676161494302307,0.9862469309733076,1.5776501085872614,mace_polar_l,0.7713499585818584,0.4347276290553389,1.1326546820850274,0.4962661908483722,-1.5543068877273858,0.0,0.0,0.001953125,1.2929545639885855,
W4_quantum,region=intermediate,energy_nrmse,1,exact_dipole_nuclear_center,10,1.2676161494302307,0.9862469309733076,1.5776501085872614,exact_dipole_base_com,-0.0048944140972489,-0.0115383839702394,0.0011169541219788,1.2725105635274794,0.0038462659859428,7.0,0.0,0.34375,-0.4519403707759582,
W4_quantum,region=intermediate,energy_nrmse,1,exact_dipole_solute_com,10,1.14329133724651,0.7697662580243096,1.5003711925418604,,,,,,,,,,,
W4_quantum,region=intermediate,energy_nrmse,1,exact_dipole_solute_com,10,1.14329133724651,0.7697662580243096,1.5003711925418604,zero,0.1432913372465099,-0.2302337419756902,0.5003711925418606,1.0,-0.1432913372465099,3.0,0.0,0.34375,0.2296794922189135,
W4_quantum,region=intermediate,energy_nrmse,1,exact_dipole_solute_com,10,1.14329133724651,0.7697662580243096,1.5003711925418604,mace_polar_l,0.6470251463981376,0.2559867227485661,1.046468603619251,0.4962661908483722,-1.3037864725220176,2.0,0.0,0.109375,0.961286686738964,
W4_quantum,region=intermediate,energy_nrmse,1,exact_dipole_solute_com,10,1.14329133724651,0.7697662580243096,1.5003711925418604,exact_dipole_base_com,-0.1292192262809696,-0.2693234445796499,-0.0264713258155506,1.2725105635274794,0.1015466825853026,8.0,0.0,0.109375,-0.6169279234334234,
W4_quantum,region=intermediate,energy_nrmse,1,glider,10,0.3549654518540295,0.2796754295717499,0.4333788434574127,,,,,,,,,,,
W4_quantum,region=intermediate,energy_nrmse,1,glider,10,0.3549654518540295,0.2796754295717499,0.4333788434574127,zero,-0.6450345481459705,-0.7203245704282502,-0.5666211565425873,1.0,0.6450345481459705,10.0,0.0,0.001953125,-4.985553007031574,
W4_quantum,region=intermediate,energy_nrmse,1,glider,10,0.3549654518540295,0.2796754295717499,0.4333788434574127,mace_polar_l,-0.1413007389943427,-0.2343981343694249,-0.0537009912514427,0.4962661908483722,0.2847277158913195,9.0,0.0,0.021484375,-0.9195512833856188,
W4_quantum,region=intermediate,energy_nrmse,1,glider,10,0.3549654518540295,0.2796754295717499,0.4333788434574127,exact_dipole_base_com,-0.91754511167345,-1.2396542456596942,-0.614879739450128,1.2725105635274794,0.721051076487693,10.0,0.0,0.001953125,-1.721450415452232,
W4_quantum,region=intermediate,energy_nrmse,1,mace_polar_l,10,0.4962661908483722,0.3747162203533399,0.6354752954420149,,,,,,,,,,,
W4_quantum,region=intermediate,energy_nrmse,1,mace_polar_l,10,0.4962661908483722,0.3747162203533399,0.6354752954420149,zero,-0.5037338091516277,-0.6252837796466599,-0.3645247045579851,1.0,0.5037338091516277,10.0,0.0,0.001953125,-2.275676084803507,
W4_quantum,region=intermediate,energy_nrmse,1,mace_polar_l,10,0.4962661908483722,0.3747162203533399,0.6354752954420149,exact_dipole_base_com,-0.7762443726791073,-1.136151936610545,-0.4409300863069097,1.2725105635274794,0.6100101601729018,10.0,0.0,0.001953125,-1.306592063794442,
W4_quantum,region=intermediate,energy_nrmse,1,zero,10,1.0,1.0,1.0,,,,,,,,,,,
W4_quantum,region=intermediate,energy_nrmse,1,zero,10,1.0,1.0,1.0,mace_polar_l,0.5037338091516277,0.3645247045579848,0.6252837796466599,0.4962661908483722,-1.0150476063873897,0.0,0.0,0.001953125,2.275676084803507,
W4_quantum,region=intermediate,energy_nrmse,1,zero,10,1.0,1.0,1.0,exact_dipole_base_com,-0.2725105635274795,-0.5814027220825665,0.0054005559004594,1.2725105635274794,0.2141519067410041,8.0,0.0,0.109375,-0.5430398602447704,
W4_quantum,region=intermediate,centered_orientation_rmse,kcal/mol,exact_dipole_base_com,10,0.0481915385306473,0.0287394748455663,0.0713887786539038,,,,,,,,,,,
W4_quantum,region=intermediate,centered_orientation_rmse,kcal/mol,exact_dipole_base_com,10,0.0481915385306473,0.0287394748455663,0.0713887786539038,zero,0.0079395795222036,-0.0025793518754957,0.0239757414723988,0.0402519590084436,-0.1972470338782317,4.0,0.0,0.75390625,0.3357610721893851,
W4_quantum,region=intermediate,centered_orientation_rmse,kcal/mol,exact_dipole_base_com,10,0.0481915385306473,0.0287394748455663,0.0713887786539038,mace_polar_l,0.0343464137406634,0.0174128845857723,0.0551158515560777,0.0138451247899839,-2.48075869749552,1.0,0.0,0.021484375,1.063517926014492,
W4_quantum,region=intermediate,centered_orientation_rmse,kcal/mol,exact_dipole_nuclear_center,10,0.0480727898349143,0.0285073918353431,0.071443956959096,,,,,,,,,,,
W4_quantum,region=intermediate,centered_orientation_rmse,kcal/mol,exact_dipole_nuclear_center,10,0.0480727898349143,0.0285073918353431,0.071443956959096,zero,0.0078208308264707,-0.0028592550531343,0.0240617771538155,0.0402519590084436,-0.194296899309426,4.0,0.0,0.75390625,0.3264827303247163,
W4_quantum,region=intermediate,centered_orientation_rmse,kcal/mol,exact_dipole_nuclear_center,10,0.0480727898349143,0.0285073918353431,0.071443956959096,mace_polar_l,0.0342276650449304,0.0171665790706449,0.0551225260462802,0.0138451247899839,-2.4721817653598936,1.0,0.0,0.021484375,1.0509990974050178,
W4_quantum,region=intermediate,centered_orientation_rmse,kcal/mol,exact_dipole_nuclear_center,10,0.0480727898349143,0.0285073918353431,0.071443956959096,exact_dipole_base_com,-0.0001187486957329,-0.0004241576848851,0.0001376283281659,0.0481915385306473,0.002464098456982,7.0,0.0,0.34375,-0.2552949166849466,
W4_quantum,region=intermediate,centered_orientation_rmse,kcal/mol,exact_dipole_solute_com,10,0.0436077560788061,0.0237192926227297,0.0657509814418283,,,,,,,,,,,
W4_quantum,region=intermediate,centered_orientation_rmse,kcal/mol,exact_dipole_solute_com,10,0.0436077560788061,0.0237192926227297,0.0657509814418283,zero,0.0033557970703624,-0.0091540744414755,0.0185056042470415,0.0402519590084436,-0.0833697825653281,5.0,0.0,1.0,0.1435338806656198,
W4_quantum,region=intermediate,centered_orientation_rmse,kcal/mol,exact_dipole_solute_com,10,0.0436077560788061,0.0237192926227297,0.0657509814418283,mace_polar_l,0.0297626312888221,0.0123994324080213,0.049453242318368,0.0138451247899839,-2.1496831368651583,2.0,0.0,0.109375,0.9485887004745628,
W4_quantum,region=intermediate,centered_orientation_rmse,kcal/mol,exact_dipole_solute_com,10,0.0436077560788061,0.0237192926227297,0.0657509814418283,exact_dipole_base_com,-0.0045837824518412,-0.0104504398861875,-0.0005971088883467,0.0481915385306473,0.0951159185118396,8.0,0.0,0.109375,-0.538489823664918,
W4_quantum,region=intermediate,centered_orientation_rmse,kcal/mol,glider,10,0.010312886413972,0.0076139413510541,0.0128993033544023,,,,,,,,,,,
W4_quantum,region=intermediate,centered_orientation_rmse,kcal/mol,glider,10,0.010312886413972,0.0076139413510541,0.0128993033544023,zero,-0.0299390725944716,-0.0409609264873793,-0.0197080933820796,0.0402519590084436,0.7437916894477432,10.0,0.0,0.001953125,-1.670385558418072,
W4_quantum,region=intermediate,centered_orientation_rmse,kcal/mol,glider,10,0.010312886413972,0.0076139413510541,0.0128993033544023,mace_polar_l,-0.0035322383760118,-0.0059079027554519,-0.0007367001670176,0.0138451247899839,0.2551250660136501,8.0,0.0,0.109375,-0.7881353712814724,
W4_quantum,region=intermediate,centered_orientation_rmse,kcal/mol,glider,10,0.010312886413972,0.0076139413510541,0.0128993033544023,exact_dipole_base_com,-0.0378786521166753,-0.0596476947783039,-0.0200256656877128,0.0481915385306473,0.7860021338099928,10.0,0.0,0.001953125,-1.1148247016449673,
W4_quantum,region=intermediate,centered_orientation_rmse,kcal/mol,mace_polar_l,10,0.0138451247899839,0.0102126756461479,0.0175753600361886,,,,,,,,,,,
W4_quantum,region=intermediate,centered_orientation_rmse,kcal/mol,mace_polar_l,10,0.0138451247899839,0.0102126756461479,0.0175753600361886,zero,-0.0264068342184597,-0.0362771218617558,-0.0172414455541549,0.0402519590084436,0.6560384853050352,10.0,0.0,0.001953125,-1.626262733203084,
W4_quantum,region=intermediate,centered_orientation_rmse,kcal/mol,mace_polar_l,10,0.0138451247899839,0.0102126756461479,0.0175753600361886,exact_dipole_base_com,-0.0343464137406634,-0.0551158515560777,-0.0174128845857723,0.0481915385306473,0.712706312931281,9.0,0.0,0.021484375,-1.063517926014492,
W4_quantum,region=intermediate,centered_orientation_rmse,kcal/mol,zero,10,0.0402519590084436,0.028291267288314,0.0527125849802228,,,,,,,,,,,
W4_quantum,region=intermediate,centered_orientation_rmse,kcal/mol,zero,10,0.0402519590084436,0.028291267288314,0.0527125849802228,mace_polar_l,0.0264068342184597,0.0172414455541549,0.0362771218617558,0.0138451247899839,-1.9073020011754205,0.0,0.0,0.001953125,1.626262733203084,
W4_quantum,region=intermediate,centered_orientation_rmse,kcal/mol,zero,10,0.0402519590084436,0.028291267288314,0.0527125849802228,exact_dipole_base_com,-0.0079395795222036,-0.0239757414723988,0.0025793518754957,0.0481915385306473,0.1647504886600479,6.0,0.0,0.75390625,-0.3357610721893851,
W4_quantum,region=intermediate,centered_orientation_nrmse,1,exact_dipole_base_com,10,1.2903990760075046,1.0117556925418008,1.5944739080292183,,,,,,,,,,,
W4_quantum,region=intermediate,centered_orientation_nrmse,1,exact_dipole_base_com,10,1.2903990760075046,1.0117556925418008,1.5944739080292183,zero,0.2903990760075044,0.0117556925418003,0.5944739080292183,1.0,-0.2903990760075046,2.0,0.0,0.109375,0.58176442579797,
W4_quantum,region=intermediate,centered_orientation_nrmse,1,exact_dipole_base_com,10,1.2903990760075046,1.0117556925418008,1.5944739080292183,mace_polar_l,0.8476212761493702,0.5183395629773693,1.2043561681466797,0.4427777998581342,-1.914326500608088,0.0,0.0,0.001953125,1.448583340747709,
W4_quantum,region=intermediate,centered_orientation_nrmse,1,exact_dipole_nuclear_center,10,1.2851264541988647,1.0029502651542084,1.5906274854057545,,,,,,,,,,,
W4_quantum,region=intermediate,centered_orientation_nrmse,1,exact_dipole_nuclear_center,10,1.2851264541988647,1.0029502651542084,1.5906274854057545,zero,0.2851264541988648,0.0029502651542082,0.5906274854057542,1.0,-0.2851264541988647,2.0,0.0,0.109375,0.5654543862811994,
W4_quantum,region=intermediate,centered_orientation_nrmse,1,exact_dipole_nuclear_center,10,1.2851264541988647,1.0029502651542084,1.5906274854057545,mace_polar_l,0.8423486543407306,0.5110981638112473,1.2016911304923843,0.4427777998581342,-1.902418446928953,1.0,0.0,0.021484375,1.4309708999943376,
W4_quantum,region=intermediate,centered_orientation_nrmse,1,exact_dipole_nuclear_center,10,1.2851264541988647,1.0029502651542084,1.5906274854057545,exact_dipole_base_com,-0.0052726218086396,-0.0130892150969158,0.0017870370581148,1.2903990760075046,0.0040860396653051,7.0,0.0,0.34375,-0.41334092579059,
W4_quantum,region=intermediate,centered_orientation_nrmse,1,exact_dipole_solute_com,10,1.1601360810248047,0.7930615084724263,1.5049256250988516,,,,,,,,,,,
W4_quantum,region=intermediate,centered_orientation_nrmse,1,exact_dipole_solute_com,10,1.1601360810248047,0.7930615084724263,1.5049256250988516,zero,0.1601360810248044,-0.2069384915275737,0.5049256250988516,1.0,-0.1601360810248047,2.0,0.0,0.109375,0.2634833246044695,
W4_quantum,region=intermediate,centered_orientation_nrmse,1,exact_dipole_solute_com,10,1.1601360810248047,0.7930615084724263,1.5049256250988516,mace_polar_l,0.7173582811666701,0.342398055801164,1.1035102946123718,0.4427777998581342,-1.6201315454309395,2.0,0.0,0.109375,1.105995723691958,
W4_quantum,region=intermediate,centered_orientation_nrmse,1,exact_dipole_solute_com,10,1.1601360810248047,0.7930615084724263,1.5049256250988516,exact_dipole_base_com,-0.1302629949826999,-0.2818900977170763,-0.0280711311215196,1.2903990760075046,0.1009478365295593,7.0,0.0,0.34375,-0.5763724013816186,
W4_quantum,region=intermediate,centered_orientation_nrmse,1,glider,10,0.3491238200085388,0.2775202514085461,0.4199909926205382,,,,,,,,,,,
W4_quantum,region=intermediate,centered_orientation_nrmse,1,glider,10,0.3491238200085388,0.2775202514085461,0.4199909926205382,zero,-0.6508761799914611,-0.7224797485914538,-0.5800090073794617,1.0,0.6508761799914611,10.0,0.0,0.001953125,-5.401123739772379,
W4_quantum,region=intermediate,centered_orientation_nrmse,1,glider,10,0.3491238200085388,0.2775202514085461,0.4199909926205382,mace_polar_l,-0.0936539798495953,-0.1923179661173184,0.0020365679105546,0.4427777998581342,0.2115146239933485,8.0,0.0,0.109375,-0.5638445914169139,
W4_quantum,region=intermediate,centered_orientation_nrmse,1,glider,10,0.3491238200085388,0.2775202514085461,0.4199909926205382,exact_dipole_base_com,-0.9412752559989656,-1.2609610038178678,-0.6376681046818979,1.2903990760075046,0.7294450790458342,10.0,0.0,0.001953125,-1.7729958458735533,
W4_quantum,region=intermediate,centered_orientation_nrmse,1,mace_polar_l,10,0.4427777998581342,0.3316168731117908,0.5681016095398078,,,,,,,,,,,
W4_quantum,region=intermediate,centered_orientation_nrmse,1,mace_polar_l,10,0.4427777998581342,0.3316168731117908,0.5681016095398078,zero,-0.5572222001418657,-0.6683831268882092,-0.4318983904601923,1.0,0.5572222001418657,10.0,0.0,0.001953125,-2.7363027907740003,
W4_quantum,region=intermediate,centered_orientation_nrmse,1,mace_polar_l,10,0.4427777998581342,0.3316168731117908,0.5681016095398078,exact_dipole_base_com,-0.8476212761493702,-1.2043561681466797,-0.5183395629773695,1.2903990760075046,0.6568675473419517,10.0,0.0,0.001953125,-1.448583340747709,
W4_quantum,region=intermediate,centered_orientation_nrmse,1,zero,10,1.0,1.0,1.0,,,,,,,,,,,
W4_quantum,region=intermediate,centered_orientation_nrmse,1,zero,10,1.0,1.0,1.0,mace_polar_l,0.5572222001418657,0.4318983904601922,0.6683831268882092,0.4427777998581342,-1.258469147099063,0.0,0.0,0.001953125,2.7363027907740003,
W4_quantum,region=intermediate,centered_orientation_nrmse,1,zero,10,1.0,1.0,1.0,exact_dipole_base_com,-0.2903990760075044,-0.5944739080292187,-0.0117556925418004,1.2903990760075046,0.2250459423033682,8.0,0.0,0.109375,-0.58176442579797,
W4_quantum,region=intermediate,torque_vrmse,kcal/mol,exact_dipole_base_com,10,0.0861291366034733,0.0459308392290837,0.1374162235279222,,,,,,,,,,,
W4_quantum,region=intermediate,torque_vrmse,kcal/mol,exact_dipole_base_com,10,0.0861291366034733,0.0459308392290837,0.1374162235279222,zero,0.0110053938153716,-0.0046198378147538,0.0293399150960215,0.0751237427881017,-0.1464968784424654,5.0,0.0,1.0,0.3819936576798909,
W4_quantum,region=intermediate,torque_vrmse,kcal/mol,exact_dipole_base_com,10,0.0861291366034733,0.0459308392290837,0.1374162235279222,mace_polar_l,0.0649756613353455,0.0277524324740809,0.11035864720809,0.0211534752681277,-3.0716305718921424,0.0,0.0,0.001953125,0.9172404353342868,
W4_quantum,region=intermediate,torque_vrmse,kcal/mol,exact_dipole_nuclear_center,10,0.0861746568431736,0.0453913691693386,0.1383780906324032,,,,,,,,,,,
W4_quantum,region=intermediate,torque_vrmse,kcal/mol,exact_dipole_nuclear_center,10,0.0861746568431736,0.0453913691693386,0.1383780906324032,zero,0.0110509140550718,-0.004898013630208,0.0300665526430712,0.0751237427881017,-0.1471028152343623,5.0,0.0,1.0,0.3712961443646076,
W4_quantum,region=intermediate,torque_vrmse,kcal/mol,exact_dipole_nuclear_center,10,0.0861746568431736,0.0453913691693386,0.1383780906324032,mace_polar_l,0.0650211815750458,0.027352298702152,0.1112727887560354,0.0211534752681277,-3.073782475497735,0.0,0.0,0.001953125,0.901403620185305,
W4_quantum,region=intermediate,torque_vrmse,kcal/mol,exact_dipole_nuclear_center,10,0.0861746568431736,0.0453913691693386,0.1383780906324032,exact_dipole_base_com,4.552023970028907e-05,-0.0008258835275751,0.0011076486919896,0.0861291366034733,-0.0005285115060409,5.0,0.0,1.0,0.0284074388104027,
W4_quantum,region=intermediate,torque_vrmse,kcal/mol,exact_dipole_solute_com,10,0.0819128522597521,0.038985731758901,0.1354776014716849,,,,,,,,,,,
W4_quantum,region=intermediate,torque_vrmse,kcal/mol,exact_dipole_solute_com,10,0.0819128522597521,0.038985731758901,0.1354776014716849,zero,0.0067891094716504,-0.0094273877273898,0.026692623236586,0.0751237427881017,-0.0903723539281069,6.0,0.0,0.75390625,0.2186655490577028,
W4_quantum,region=intermediate,torque_vrmse,kcal/mol,exact_dipole_solute_com,10,0.0819128522597521,0.038985731758901,0.1354776014716849,mace_polar_l,0.0607593769916243,0.0212023267630816,0.1087547705487122,0.0211534752681277,-2.872311817395385,2.0,0.0,0.109375,0.8096065570216823,
W4_quantum,region=intermediate,torque_vrmse,kcal/mol,exact_dipole_solute_com,10,0.0819128522597521,0.038985731758901,0.1354776014716849,exact_dipole_base_com,-0.0042162843437212,-0.0116002312037518,0.0003543507511793,0.0861291366034733,0.0489530547964548,6.0,0.0,0.75390625,-0.3822058020120311,
W4_quantum,region=intermediate,torque_vrmse,kcal/mol,glider,10,0.0174337546284313,0.0130477860542875,0.0220788725804811,,,,,,,,,,,
W4_quantum,region=intermediate,torque_vrmse,kcal/mol,glider,10,0.0174337546284313,0.0130477860542875,0.0220788725804811,zero,-0.0576899881596704,-0.0911788009003392,-0.0296599622589035,0.0751237427881017,0.7679328268080847,10.0,0.0,0.001953125,-1.098931593385453,
W4_quantum,region=intermediate,torque_vrmse,kcal/mol,glider,10,0.0174337546284313,0.0130477860542875,0.0220788725804811,mace_polar_l,-0.0037197206396964,-0.0075627717712346,-0.0004578517089211,0.0211534752681277,0.1758444223725739,6.0,0.0,0.75390625,-0.613145930283462,
W4_quantum,region=intermediate,torque_vrmse,kcal/mol,glider,10,0.0174337546284313,0.0130477860542875,0.0220788725804811,exact_dipole_base_com,-0.068695381975042,-0.1169601876205651,-0.0299972950666157,0.0861291366034733,0.7975858656438888,9.0,0.0,0.021484375,-0.9175218294844186,
W4_quantum,region=intermediate,torque_vrmse,kcal/mol,mace_polar_l,10,0.0211534752681277,0.0157438664630832,0.0280277951120524,,,,,,,,,,,
W4_quantum,region=intermediate,torque_vrmse,kcal/mol,mace_polar_l,10,0.0211534752681277,0.0157438664630832,0.0280277951120524,zero,-0.0539702675199739,-0.0847803426997176,-0.027737948296022,0.0751237427881017,0.71841824590936,10.0,0.0,0.001953125,-1.1098530267835187,
W4_quantum,region=intermediate,torque_vrmse,kcal/mol,mace_polar_l,10,0.0211534752681277,0.0157438664630832,0.0280277951120524,exact_dipole_base_com,-0.0649756613353455,-0.11035864720809,-0.0277524324740809,0.0861291366034733,0.7543981502390364,10.0,0.0,0.001953125,-0.9172404353342868,
W4_quantum,region=intermediate,torque_vrmse,kcal/mol,zero,10,0.0751237427881017,0.045375070320857,0.1114523440007099,,,,,,,,,,,
W4_quantum,region=intermediate,torque_vrmse,kcal/mol,zero,10,0.0751237427881017,0.045375070320857,0.1114523440007099,mace_polar_l,0.0539702675199739,0.027737948296022,0.0847803426997175,0.0211534752681277,-2.551366469853384,0.0,0.0,0.001953125,1.1098530267835187,
W4_quantum,region=intermediate,torque_vrmse,kcal/mol,zero,10,0.0751237427881017,0.045375070320857,0.1114523440007099,exact_dipole_base_com,-0.0110053938153716,-0.0293399150960215,0.0046198378147538,0.0861291366034733,0.1277778258249458,5.0,0.0,1.0,-0.3819936576798909,
W4_quantum,region=near,energy_mae,kcal/mol,exact_dipole_base_com,10,1.2344085705207817,0.4711566065962716,2.195921199363032,,,,,,,,,,,
W4_quantum,region=near,energy_mae,kcal/mol,exact_dipole_base_com,10,1.2344085705207817,0.4711566065962716,2.195921199363032,zero,1.0225417107504478,0.2653538842208247,1.969362107732438,0.2118668597703333,-4.82634099480635,0.0,0.0,0.001953125,0.7112880663168181,
W4_quantum,region=near,energy_mae,kcal/mol,exact_dipole_base_com,10,1.2344085705207817,0.4711566065962716,2.195921199363032,mace_polar_l,1.0898546624822572,0.3247007392814531,2.0412077507364508,0.1445539080385241,-7.539434092586465,1.0,0.0,0.021484375,0.7524413860041593,
W4_quantum,region=near,energy_mae,kcal/mol,exact_dipole_nuclear_center,10,1.0224201016208792,0.4549402725134047,1.746488742680325,,,,,,,,,,,
W4_quantum,region=near,energy_mae,kcal/mol,exact_dipole_nuclear_center,10,1.0224201016208792,0.4549402725134047,1.746488742680325,zero,0.8105532418505458,0.2484905353585065,1.5062635280241885,0.2118668597703333,-3.82576700636049,0.0,0.0,0.001953125,0.7609511149695267,
W4_quantum,region=near,energy_mae,kcal/mol,exact_dipole_nuclear_center,10,1.0224201016208792,0.4549402725134047,1.746488742680325,mace_polar_l,0.8778661935823548,0.3110533876001107,1.5842441864573658,0.1445539080385241,-6.072932966630004,1.0,0.0,0.021484375,0.8124625148203828,
W4_quantum,region=near,energy_mae,kcal/mol,exact_dipole_nuclear_center,10,1.0224201016208792,0.4549402725134047,1.746488742680325,exact_dipole_base_com,-0.2119884688999021,-0.5166307953650738,-0.0128822845665189,1.2344085705207817,0.1717328232827053,8.0,0.0,0.109375,-0.4950666388785963,
W4_quantum,region=near,energy_mae,kcal/mol,exact_dipole_solute_com,10,0.4785500935339501,0.3141407188793296,0.6710407972420908,,,,,,,,,,,
W4_quantum,region=near,energy_mae,kcal/mol,exact_dipole_solute_com,10,0.4785500935339501,0.3141407188793296,0.6710407972420908,zero,0.2666832337636169,0.0845438721957922,0.4896737338247426,0.2118668597703333,-1.258730289638999,2.0,0.0,0.109375,0.7656872327734094,
W4_quantum,region=near,energy_mae,kcal/mol,exact_dipole_solute_com,10,0.4785500935339501,0.3141407188793296,0.6710407972420908,mace_polar_l,0.3339961854954262,0.1566587592930082,0.5516539234171235,0.1445539080385241,-2.310530306841756,2.0,0.0,0.109375,0.9830247647050168,
W4_quantum,region=near,energy_mae,kcal/mol,exact_dipole_solute_com,10,0.4785500935339501,0.3141407188793296,0.6710407972420908,exact_dipole_base_com,-0.755858476986831,-1.6628601152811675,-0.0860734488794336,1.2344085705207817,0.6123243916460691,9.0,0.0,0.021484375,-0.5576900833660237,
W4_quantum,region=near,energy_mae,kcal/mol,glider,10,0.1336539554854768,0.0898423040538189,0.179991463747073,,,,,,,,,,,
W4_quantum,region=near,energy_mae,kcal/mol,glider,10,0.1336539554854768,0.0898423040538189,0.179991463747073,zero,-0.0782129042848565,-0.1142402109921371,-0.042592660057918,0.2118668597703333,0.3691606340398892,8.0,0.0,0.109375,-1.2702213575207784,
W4_quantum,region=near,energy_mae,kcal/mol,glider,10,0.1336539554854768,0.0898423040538189,0.179991463747073,mace_polar_l,-0.0108999525530473,-0.0326783706212846,0.0140367218230729,0.1445539080385241,0.0754040669045242,7.0,0.0,0.34375,-0.2745305821989786,
W4_quantum,region=near,energy_mae,kcal/mol,glider,10,0.1336539554854768,0.0898423040538189,0.179991463747073,exact_dipole_base_com,-1.1007546150353045,-2.0493511387157373,-0.3376601145498603,1.2344085705207817,0.8917263224856825,10.0,0.0,0.001953125,-0.761499258539199,
W4_quantum,region=near,energy_mae,kcal/mol,mace_polar_l,10,0.1445539080385241,0.0968879126911062,0.1945490598064152,,,,,,,,,,,
W4_quantum,region=near,energy_mae,kcal/mol,mace_polar_l,10,0.1445539080385241,0.0968879126911062,0.1945490598064152,zero,-0.0673129517318092,-0.0992037648263846,-0.0349028454081252,0.2118668597703333,0.3177134536509269,9.0,0.0,0.021484375,-1.2192888057937776,
W4_quantum,region=near,energy_mae,kcal/mol,mace_polar_l,10,0.1445539080385241,0.0968879126911062,0.1945490598064152,exact_dipole_base_com,-1.0898546624822572,-2.041207750736452,-0.3247007392814532,1.2344085705207817,0.8828962213235941,9.0,0.0,0.021484375,-0.7524413860041593,
W4_quantum,region=near,energy_mae,kcal/mol,zero,10,0.2118668597703333,0.140868109785018,0.2864531013213452,,,,,,,,,,,
W4_quantum,region=near,energy_mae,kcal/mol,zero,10,0.2118668597703333,0.140868109785018,0.2864531013213452,mace_polar_l,0.0673129517318092,0.0349028454081251,0.0992037648263846,0.1445539080385241,-0.4656598541346257,1.0,0.0,0.021484375,1.2192888057937776,
W4_quantum,region=near,energy_mae,kcal/mol,zero,10,0.2118668597703333,0.140868109785018,0.2864531013213452,exact_dipole_base_com,-1.0225417107504478,-1.969362107732438,-0.2653538842208248,1.2344085705207817,0.8283656928265255,10.0,0.0,0.001953125,-0.7112880663168181,
W4_quantum,region=near,energy_rmse,kcal/mol,exact_dipole_base_com,10,1.3006302388132742,0.5240957268795714,2.2652775323100305,,,,,,,,,,,
W4_quantum,region=near,energy_rmse,kcal/mol,exact_dipole_base_com,10,1.3006302388132742,0.5240957268795714,2.2652775323100305,zero,1.0603176288029468,0.2907691595857926,2.0023574722850044,0.2403126100103274,-4.412242989485154,0.0,0.0,0.001953125,0.7323757859351311,
W4_quantum,region=near,energy_rmse,kcal/mol,exact_dipole_base_com,10,1.3006302388132742,0.5240957268795714,2.2652775323100305,mace_polar_l,1.1380899197027845,0.3616030476217059,2.090221630875146,0.1625403191104898,-7.001892982190752,0.0,0.0,0.001953125,0.7777357057768016,
W4_quantum,region=near,energy_rmse,kcal/mol,exact_dipole_nuclear_center,10,1.1077265537594532,0.5123509227376486,1.8624141603056392,,,,,,,,,,,
W4_quantum,region=near,energy_rmse,kcal/mol,exact_dipole_nuclear_center,10,1.1077265537594532,0.5123509227376486,1.8624141603056392,zero,0.8674139437491256,0.2771845593761921,1.5908762736956767,0.2403126100103274,-3.6095232110867954,0.0,0.0,0.001953125,0.7802213660630242,
W4_quantum,region=near,energy_rmse,kcal/mol,exact_dipole_nuclear_center,10,1.1077265537594532,0.5123509227376486,1.8624141603056392,mace_polar_l,0.9451862346489632,0.3501435159105459,1.6815047658258424,0.1625403191104898,-5.815087849104413,0.0,0.0,0.001953125,0.8344379892557804,
W4_quantum,region=near,energy_rmse,kcal/mol,exact_dipole_nuclear_center,10,1.1077265537594532,0.5123509227376486,1.8624141603056392,exact_dipole_base_com,-0.1929036850538211,-0.4827228960905539,-0.0114614907167842,1.3006302388132742,0.1483155467997045,8.0,0.0,0.109375,-0.48158962951751,
W4_quantum,region=near,energy_rmse,kcal/mol,exact_dipole_solute_com,10,0.5267958909233292,0.344910860153868,0.7415365641164613,,,,,,,,,,,
W4_quantum,region=near,energy_rmse,kcal/mol,exact_dipole_solute_com,10,0.5267958909233292,0.344910860153868,0.7415365641164613,zero,0.2864832809130018,0.0813813353488864,0.539466100988832,0.2403126100103274,-1.192127541291696,2.0,0.0,0.109375,0.7266888325606098,
W4_quantum,region=near,energy_rmse,kcal/mol,exact_dipole_solute_com,10,0.5267958909233292,0.344910860153868,0.7415365641164613,mace_polar_l,0.3642555718128394,0.1684627000973292,0.607802704652914,0.1625403191104898,-2.2410167139221,2.0,0.0,0.109375,0.9638300557433108,
W4_quantum,region=near,energy_rmse,kcal/mol,exact_dipole_solute_com,10,0.5267958909233292,0.344910860153868,0.7415365641164613,exact_dipole_base_com,-0.773834347889945,-1.6923249209526914,-0.0986531080238449,1.3006302388132742,0.5949687503775167,9.0,0.0,0.021484375,-0.5674591790273713,
W4_quantum,region=near,energy_rmse,kcal/mol,glider,10,0.1451477604019465,0.0999689368131076,0.1925102996978943,,,,,,,,,,,
W4_quantum,region=near,energy_rmse,kcal/mol,glider,10,0.1451477604019465,0.0999689368131076,0.1925102996978943,zero,-0.0951648496083809,-0.141168967314899,-0.0505748062961404,0.2403126100103274,0.3960043944605784,8.0,0.0,0.109375,-1.216163469922308,
W4_quantum,region=near,energy_rmse,kcal/mol,glider,10,0.1451477604019465,0.0999689368131076,0.1925102996978943,mace_polar_l,-0.0173925587085433,-0.0417526430524656,0.0111232572792448,0.1625403191104898,0.1070045807940145,7.0,0.0,0.34375,-0.3885378706552153,
W4_quantum,region=near,energy_rmse,kcal/mol,glider,10,0.1451477604019465,0.0999689368131076,0.1925102996978943,exact_dipole_base_com,-1.1554824784113276,-2.104054800918721,-0.3792238765560027,1.3006302388132742,0.8884019792324813,10.0,0.0,0.001953125,-0.7904768138725854,
W4_quantum,region=near,energy_rmse,kcal/mol,mace_polar_l,10,0.1625403191104898,0.109584510492446,0.2180195828183159,,,,,,,,,,,
W4_quantum,region=near,energy_rmse,kcal/mol,mace_polar_l,10,0.1625403191104898,0.109584510492446,0.2180195828183159,zero,-0.0777722908998375,-0.115713142565722,-0.0404047773926687,0.2403126100103274,0.3236296709377643,9.0,0.0,0.021484375,-1.211865517132593,
W4_quantum,region=near,energy_rmse,kcal/mol,mace_polar_l,10,0.1625403191104898,0.109584510492446,0.2180195828183159,exact_dipole_base_com,-1.1380899197027845,-2.090221630875148,-0.3616030476217062,1.3006302388132742,0.8750295708495941,10.0,0.0,0.001953125,-0.7777357057768016,
W4_quantum,region=near,energy_rmse,kcal/mol,zero,10,0.2403126100103274,0.1585911750579018,0.3270642346896068,,,,,,,,,,,
W4_quantum,region=near,energy_rmse,kcal/mol,zero,10,0.2403126100103274,0.1585911750579018,0.3270642346896068,mace_polar_l,0.0777722908998375,0.0404047773926687,0.115713142565722,0.1625403191104898,-0.4784799939205875,1.0,0.0,0.021484375,1.211865517132593,
W4_quantum,region=near,energy_rmse,kcal/mol,zero,10,0.2403126100103274,0.1585911750579018,0.3270642346896068,exact_dipole_base_com,-1.0603176288029468,-2.0023574722850044,-0.2907691595857926,1.3006302388132742,0.8152337206694547,10.0,0.0,0.001953125,-0.7323757859351311,
W4_quantum,region=near,energy_nrmse,1,exact_dipole_base_com,10,5.212822481273515,2.536505973213667,9.437317987597584,,,,,,,,,,,
W4_quantum,region=near,energy_nrmse,1,exact_dipole_base_com,10,5.212822481273515,2.536505973213667,9.437317987597584,zero,4.212822481273515,1.536505973213667,8.437317987597584,1.0,-4.212822481273515,0.0,0.0,0.001953125,0.6668247416378144,
W4_quantum,region=near,energy_nrmse,1,exact_dipole_base_com,10,5.212822481273515,2.536505973213667,9.437317987597584,mace_polar_l,4.31910355677355,1.5496963034308786,8.598576076882084,0.8937189244999653,-4.832731453225167,1.0,0.0,0.021484375,0.6752605234168241,
W4_quantum,region=near,energy_nrmse,1,exact_dipole_nuclear_center,10,4.389832481341131,2.458985699649122,7.1344059788819125,,,,,,,,,,,
W4_quantum,region=near,energy_nrmse,1,exact_dipole_nuclear_center,10,4.389832481341131,2.458985699649122,7.1344059788819125,zero,3.389832481341132,1.4589856996491215,6.134405978881912,1.0,-3.3898324813411307,0.0,0.0,0.001953125,0.8226326700302061,
W4_quantum,region=near,energy_nrmse,1,exact_dipole_nuclear_center,10,4.389832481341131,2.458985699649122,7.1344059788819125,mace_polar_l,3.4961135568411663,1.4727506991053765,6.297434538730956,0.8937189244999653,-3.911871463164145,1.0,0.0,0.021484375,0.828529717714863,
W4_quantum,region=near,energy_nrmse,1,exact_dipole_nuclear_center,10,4.389832481341131,2.458985699649122,7.1344059788819125,exact_dipole_base_com,-0.8229899999323844,-2.312201713664767,-0.0443214847825854,5.212822481273515,0.1578780023468829,8.0,0.0,0.109375,-0.3555307733705738,
W4_quantum,region=near,energy_nrmse,1,exact_dipole_solute_com,10,2.942696554806347,1.7047467849714006,4.451874409329431,,,,,,,,,,,
W4_quantum,region=near,energy_nrmse,1,exact_dipole_solute_com,10,2.942696554806347,1.7047467849714006,4.451874409329431,zero,1.942696554806347,0.7047467849714005,3.451874409329432,1.0,-1.9426965548063468,2.0,0.0,0.109375,0.8186358219974947,
W4_quantum,region=near,energy_nrmse,1,exact_dipole_solute_com,10,2.942696554806347,1.7047467849714006,4.451874409329431,mace_polar_l,2.0489776303063816,0.7418275282190925,3.6030939808204416,0.8937189244999653,-2.292642098244459,2.0,0.0,0.109375,0.8313019710759183,
W4_quantum,region=near,energy_nrmse,1,exact_dipole_solute_com,10,2.942696554806347,1.7047467849714006,4.451874409329431,exact_dipole_base_com,-2.2701259264671685,-5.1306312995858425,-0.5276020328925721,5.212822481273515,0.4354888229212376,9.0,0.0,0.021484375,-0.5320278927613412,
W4_quantum,region=near,energy_nrmse,1,glider,10,0.7457869237152693,0.6353195351756024,0.8633854377080921,,,,,,,,,,,
W4_quantum,region=near,energy_nrmse,1,glider,10,0.7457869237152693,0.6353195351756024,0.8633854377080921,zero,-0.2542130762847306,-0.3646804648243976,-0.136614562291908,1.0,0.2542130762847306,9.0,0.0,0.021484375,-1.3051222591796354,
W4_quantum,region=near,energy_nrmse,1,glider,10,0.7457869237152693,0.6353195351756024,0.8633854377080921,mace_polar_l,-0.1479320007846958,-0.3062554928578215,0.0258291659109159,0.8937189244999653,0.1655240777937691,8.0,0.0,0.109375,-0.5225314481218746,
W4_quantum,region=near,energy_nrmse,1,glider,10,0.7457869237152693,0.6353195351756024,0.8633854377080921,exact_dipole_base_com,-4.467035557558247,-8.665433715621514,-1.7747566719193386,5.212822481273515,0.8569322231105267,10.0,0.0,0.001953125,-0.7118496986779215,
W4_quantum,region=near,energy_nrmse,1,mace_polar_l,10,0.8937189244999653,0.7349657384796529,1.0639745417580793,,,,,,,,,,,
W4_quantum,region=near,energy_nrmse,1,mace_polar_l,10,0.8937189244999653,0.7349657384796529,1.0639745417580793,zero,-0.1062810755000347,-0.2650342615203472,0.0639745417580794,1.0,0.1062810755000347,8.0,0.0,0.109375,-0.3802658867213968,
W4_quantum,region=near,energy_nrmse,1,mace_polar_l,10,0.8937189244999653,0.7349657384796529,1.0639745417580793,exact_dipole_base_com,-4.31910355677355,-8.598576076882088,-1.549696303430879,5.212822481273515,0.8285537388409924,9.0,0.0,0.021484375,-0.6752605234168241,
W4_quantum,region=near,energy_nrmse,1,zero,10,1.0,1.0,1.0,,,,,,,,,,,
W4_quantum,region=near,energy_nrmse,1,zero,10,1.0,1.0,1.0,mace_polar_l,0.1062810755000347,-0.0639745417580794,0.2650342615203471,0.8937189244999653,-0.1189200234956409,2.0,0.0,0.109375,0.3802658867213968,
W4_quantum,region=near,energy_nrmse,1,zero,10,1.0,1.0,1.0,exact_dipole_base_com,-4.212822481273515,-8.437317987597584,-1.5365059732136686,5.212822481273515,0.8081653454357234,10.0,0.0,0.001953125,-0.6668247416378144,
W4_quantum,region=near,centered_orientation_rmse,kcal/mol,exact_dipole_base_com,10,0.5720531661130779,0.3465874479386631,0.8646945355932304,,,,,,,,,,,
W4_quantum,region=near,centered_orientation_rmse,kcal/mol,exact_dipole_base_com,10,0.5720531661130779,0.3465874479386631,0.8646945355932304,zero,0.3961117184083986,0.1807153741205407,0.6770060132699962,0.1759414477046793,-2.2513837619051467,0.0,0.0,0.001953125,0.9250556750307732,
W4_quantum,region=near,centered_orientation_rmse,kcal/mol,exact_dipole_base_com,10,0.5720531661130779,0.3465874479386631,0.8646945355932304,mace_polar_l,0.471755267847223,0.24719084286781,0.7672601784421172,0.1002978982658549,-4.703540911662607,0.0,0.0,0.001953125,1.0480442769877332,
W4_quantum,region=near,centered_orientation_rmse,kcal/mol,exact_dipole_nuclear_center,10,0.6100775405158548,0.3593770302088234,0.9115768493315404,,,,,,,,,,,
W4_quantum,region=near,centered_orientation_rmse,kcal/mol,exact_dipole_nuclear_center,10,0.6100775405158548,0.3593770302088234,0.9115768493315404,zero,0.4341360928111755,0.1927629140056422,0.7198381628395828,0.1759414477046793,-2.4675032431237027,0.0,0.0,0.001953125,0.9587304184137057,
W4_quantum,region=near,centered_orientation_rmse,kcal/mol,exact_dipole_nuclear_center,10,0.6100775405158548,0.3593770302088234,0.9115768493315404,mace_polar_l,0.5097796422499999,0.2607784963181636,0.8106532502781946,0.1002978982658549,-5.082655280559825,0.0,0.0,0.001953125,1.0821313268297352,
W4_quantum,region=near,centered_orientation_rmse,kcal/mol,exact_dipole_nuclear_center,10,0.6100775405158548,0.3593770302088234,0.9115768493315404,exact_dipole_base_com,0.0380243744027769,-0.0217690434971348,0.1186190997231201,0.5720531661130779,-0.066470000788809,6.0,0.0,0.75390625,0.3121775251204904,
W4_quantum,region=near,centered_orientation_rmse,kcal/mol,exact_dipole_solute_com,10,0.3547411400285785,0.2248803023427789,0.4988852675760288,,,,,,,,,,,
W4_quantum,region=near,centered_orientation_rmse,kcal/mol,exact_dipole_solute_com,10,0.3547411400285785,0.2248803023427789,0.4988852675760288,zero,0.1787996923238991,0.0300311350804218,0.3375665575669116,0.1759414477046793,-1.016245430832293,2.0,0.0,0.109375,0.6791210728993115,
W4_quantum,region=near,centered_orientation_rmse,kcal/mol,exact_dipole_solute_com,10,0.3547411400285785,0.2248803023427789,0.4988852675760288,mace_polar_l,0.2544432417627235,0.1053121451929243,0.4154826884470435,0.1002978982658549,-2.5368751106656555,1.0,0.0,0.021484375,0.9650906321923322,
W4_quantum,region=near,centered_orientation_rmse,kcal/mol,exact_dipole_solute_com,10,0.3547411400285785,0.2248803023427789,0.4988852675760288,exact_dipole_base_com,-0.2173120260844994,-0.4487157056178006,-0.0291144421561284,0.5720531661130779,0.3798808204507748,9.0,0.0,0.021484375,-0.6070623371744781,
W4_quantum,region=near,centered_orientation_rmse,kcal/mol,glider,10,0.0763517168213053,0.058177042638611,0.0952687169324627,,,,,,,,,,,
W4_quantum,region=near,centered_orientation_rmse,kcal/mol,glider,10,0.0763517168213053,0.058177042638611,0.0952687169324627,zero,-0.0995897308833739,-0.1495402261742122,-0.0508718913998271,0.1759414477046793,0.5660390555074721,8.0,0.0,0.109375,-1.1766256183638513,
W4_quantum,region=near,centered_orientation_rmse,kcal/mol,glider,10,0.0763517168213053,0.058177042638611,0.0952687169324627,mace_polar_l,-0.0239461814445496,-0.0569007953870449,0.0063972842472732,0.1002978982658549,0.238750580606152,6.0,0.0,0.75390625,-0.4364224137245351,
W4_quantum,region=near,centered_orientation_rmse,kcal/mol,glider,10,0.0763517168213053,0.058177042638611,0.0952687169324627,exact_dipole_base_com,-0.4957014492917726,-0.7953643704530864,-0.2674316259628801,0.5720531661130779,0.8665303832857156,10.0,0.0,0.001953125,-1.0843214341545866,
W4_quantum,region=near,centered_orientation_rmse,kcal/mol,mace_polar_l,10,0.1002978982658549,0.0627951349351629,0.1417903263754003,,,,,,,,,,,
W4_quantum,region=near,centered_orientation_rmse,kcal/mol,mace_polar_l,10,0.1002978982658549,0.0627951349351629,0.1417903263754003,zero,-0.0756435494388243,-0.101104396898888,-0.047527461216527,0.1759414477046793,0.4299359271261272,10.0,0.0,0.001953125,-1.657193672225957,
W4_quantum,region=near,centered_orientation_rmse,kcal/mol,mace_polar_l,10,0.1002978982658549,0.0627951349351629,0.1417903263754003,exact_dipole_base_com,-0.471755267847223,-0.7672601784421206,-0.2471908428678101,0.5720531661130779,0.8246703205099837,10.0,0.0,0.001953125,-1.0480442769877332,
W4_quantum,region=near,centered_orientation_rmse,kcal/mol,zero,10,0.1759414477046793,0.1175899462892157,0.232860808562955,,,,,,,,,,,
W4_quantum,region=near,centered_orientation_rmse,kcal/mol,zero,10,0.1759414477046793,0.1175899462892157,0.232860808562955,mace_polar_l,0.0756435494388243,0.047527461216527,0.101104396898888,0.1002978982658549,-0.7541887790940494,0.0,0.0,0.001953125,1.657193672225957,
W4_quantum,region=near,centered_orientation_rmse,kcal/mol,zero,10,0.1759414477046793,0.1175899462892157,0.232860808562955,exact_dipole_base_com,-0.3961117184083986,-0.6770060132699962,-0.180715374120541,0.5720531661130779,0.6924386435964573,10.0,0.0,0.001953125,-0.9250556750307732,
W4_quantum,region=near,centered_orientation_nrmse,1,exact_dipole_base_com,10,3.6548325395407337,2.394696010644389,5.076241974639063,,,,,,,,,,,
W4_quantum,region=near,centered_orientation_nrmse,1,exact_dipole_base_com,10,3.6548325395407337,2.394696010644389,5.076241974639063,zero,2.6548325395407337,1.3946960106443893,4.076241974639063,1.0,-2.6548325395407337,0.0,0.0,0.001953125,1.146404472046057,
W4_quantum,region=near,centered_orientation_nrmse,1,exact_dipole_base_com,10,3.6548325395407337,2.394696010644389,5.076241974639063,mace_polar_l,3.071698042810175,1.7817444807359206,4.467853751417683,0.5831344967305586,-5.267563589587248,0.0,0.0,0.001953125,1.3198788766260094,
W4_quantum,region=near,centered_orientation_nrmse,1,exact_dipole_nuclear_center,10,3.9480823135497447,2.3927941522706666,6.0022863820542565,,,,,,,,,,,
W4_quantum,region=near,centered_orientation_nrmse,1,exact_dipole_nuclear_center,10,3.9480823135497447,2.3927941522706666,6.0022863820542565,zero,2.9480823135497447,1.392794152270667,5.002286382054256,1.0,-2.9480823135497447,0.0,0.0,0.001953125,0.939504837975376,
W4_quantum,region=near,centered_orientation_nrmse,1,exact_dipole_nuclear_center,10,3.9480823135497447,2.3927941522706666,6.0022863820542565,mace_polar_l,3.3649478168191864,1.785371700257745,5.372984789705308,0.5831344967305586,-5.770448902757993,0.0,0.0,0.001953125,1.0823266197655088,
W4_quantum,region=near,centered_orientation_nrmse,1,exact_dipole_nuclear_center,10,3.9480823135497447,2.3927941522706666,6.0022863820542565,exact_dipole_base_com,0.2932497740090113,-0.1368997727519944,1.0384186682085548,3.6548325395407337,-0.0802361724747751,6.0,0.0,0.75390625,0.2604022232504364,
W4_quantum,region=near,centered_orientation_nrmse,1,exact_dipole_solute_com,10,2.9418294064045645,1.5418733471235564,4.945113950964231,,,,,,,,,,,
W4_quantum,region=near,centered_orientation_nrmse,1,exact_dipole_solute_com,10,2.9418294064045645,1.5418733471235564,4.945113950964231,zero,1.9418294064045645,0.5418733471235565,3.945113950964231,1.0,-1.9418294064045645,2.0,0.0,0.109375,0.6483430858918305,
W4_quantum,region=near,centered_orientation_nrmse,1,exact_dipole_solute_com,10,2.9418294064045645,1.5418733471235564,4.945113950964231,mace_polar_l,2.3586949096740053,0.9589737813638264,4.311552513071386,0.5831344967305586,-4.04485572864995,2.0,0.0,0.109375,0.8059823926987004,
W4_quantum,region=near,centered_orientation_nrmse,1,exact_dipole_solute_com,10,2.9418294064045645,1.5418733471235564,4.945113950964231,exact_dipole_base_com,-0.7130031331361695,-1.4656109773539765,0.212181188044452,3.6548325395407337,0.1950850347922549,9.0,0.0,0.021484375,-0.5034708408524208,
W4_quantum,region=near,centered_orientation_nrmse,1,glider,10,0.7348233855991636,0.5622079188027549,0.9409903126147328,,,,,,,,,,,
W4_quantum,region=near,centered_orientation_nrmse,1,glider,10,0.7348233855991636,0.5622079188027549,0.9409903126147328,zero,-0.2651766144008363,-0.4377920811972451,-0.0590096873852671,1.0,0.2651766144008364,8.0,0.0,0.109375,-0.8201782276496096,
W4_quantum,region=near,centered_orientation_nrmse,1,glider,10,0.7348233855991636,0.5622079188027549,0.9409903126147328,mace_polar_l,0.1516888888686051,0.0122612521915099,0.2932043238947346,0.5831344967305586,-0.2601267627263937,3.0,0.0,0.34375,0.6330603608663307,
W4_quantum,region=near,centered_orientation_nrmse,1,glider,10,0.7348233855991636,0.5622079188027549,0.9409903126147328,exact_dipole_base_com,-2.9200091539415696,-4.219961109311361,-1.7205327233820136,3.6548325395407337,0.7989447183559601,10.0,0.0,0.001953125,-1.3428490982502856,
W4_quantum,region=near,centered_orientation_nrmse,1,mace_polar_l,10,0.5831344967305586,0.4581752608746308,0.7144337718745222,,,,,,,,,,,
W4_quantum,region=near,centered_orientation_nrmse,1,mace_polar_l,10,0.5831344967305586,0.4581752608746308,0.7144337718745222,zero,-0.4168655032694414,-0.5418247391253692,-0.2855662281254778,1.0,0.4168655032694414,10.0,0.0,0.001953125,-1.9155960727862296,
W4_quantum,region=near,centered_orientation_nrmse,1,mace_polar_l,10,0.5831344967305586,0.4581752608746308,0.7144337718745222,exact_dipole_base_com,-3.071698042810175,-4.467853751417684,-1.7817444807359208,3.6548325395407337,0.8404483679014647,10.0,0.0,0.001953125,-1.3198788766260094,
W4_quantum,region=near,centered_orientation_nrmse,1,zero,10,1.0,1.0,1.0,,,,,,,,,,,
W4_quantum,region=near,centered_orientation_nrmse,1,zero,10,1.0,1.0,1.0,mace_polar_l,0.4168655032694414,0.2855662281254776,0.5418247391253692,0.5831344967305586,-0.7148702496708181,0.0,0.0,0.001953125,1.9155960727862296,
W4_quantum,region=near,centered_orientation_nrmse,1,zero,10,1.0,1.0,1.0,exact_dipole_base_com,-2.6548325395407337,-4.076241974639063,-1.3946960106443902,3.6548325395407337,0.7263896528277982,10.0,0.0,0.001953125,-1.146404472046057,
W4_quantum,region=near,torque_vrmse,kcal/mol,exact_dipole_base_com,10,1.8088628577050383,0.7136966911465683,3.1413237094793454,,,,,,,,,,,
W4_quantum,region=near,torque_vrmse,kcal/mol,exact_dipole_base_com,10,1.8088628577050383,0.7136966911465683,3.1413237094793454,zero,1.4638919130400174,0.3756988095346669,2.7582786927732523,0.3449709446650215,-4.243522347835715,1.0,0.0,0.021484375,0.7199197189595985,
W4_quantum,region=near,torque_vrmse,kcal/mol,exact_dipole_base_com,10,1.8088628577050383,0.7136966911465683,3.1413237094793454,mace_polar_l,1.5844703276416436,0.4766200703572493,2.9210746927011506,0.2243925300633951,-7.061154518797931,0.0,0.0,0.001953125,0.7614711977229907,
W4_quantum,region=near,torque_vrmse,kcal/mol,exact_dipole_nuclear_center,10,2.390185257464174,0.6759521982820598,4.939086429129257,,,,,,,,,,,
W4_quantum,region=near,torque_vrmse,kcal/mol,exact_dipole_nuclear_center,10,2.390185257464174,0.6759521982820598,4.939086429129257,zero,2.0452143127991524,0.3349238650203593,4.567315640601782,0.3449709446650215,-5.928656730163536,1.0,0.0,0.021484375,0.5564426570351079,
W4_quantum,region=near,torque_vrmse,kcal/mol,exact_dipole_nuclear_center,10,2.390185257464174,0.6759521982820598,4.939086429129257,mace_polar_l,2.1657927274007784,0.4372922463680865,4.713506465721382,0.2243925300633951,-9.651804036386151,0.0,0.0,0.001953125,0.5867598358615002,
W4_quantum,region=near,torque_vrmse,kcal/mol,exact_dipole_nuclear_center,10,2.390185257464174,0.6759521982820598,4.939086429129257,exact_dipole_base_com,0.5813223997591355,-0.1970326654211124,1.9657088454276688,1.8088628577050383,-0.3213745018219225,6.0,0.0,0.75390625,0.2743287827293464,
W4_quantum,region=near,torque_vrmse,kcal/mol,exact_dipole_solute_com,10,0.8297940803344177,0.467555319811469,1.3773864537169147,,,,,,,,,,,
W4_quantum,region=near,torque_vrmse,kcal/mol,exact_dipole_solute_com,10,0.8297940803344177,0.467555319811469,1.3773864537169147,zero,0.4848231356693961,0.1564426911938841,0.961791676052186,0.3449709446650215,-1.4054028119387731,1.0,0.0,0.021484375,0.6801398285980466,
W4_quantum,region=near,torque_vrmse,kcal/mol,exact_dipole_solute_com,10,0.8297940803344177,0.467555319811469,1.3773864537169147,mace_polar_l,0.6054015502710224,0.2553239559116733,1.1385933518208966,0.2243925300633951,-2.6979576820136795,1.0,0.0,0.021484375,0.7599354523938657,
W4_quantum,region=near,torque_vrmse,kcal/mol,exact_dipole_solute_com,10,0.8297940803344177,0.467555319811469,1.3773864537169147,exact_dipole_base_com,-0.9790687773706208,-2.0592652158850737,-0.1172585502617538,1.8088628577050383,0.541262027245557,8.0,0.0,0.109375,-0.5942656905665408,
W4_quantum,region=near,torque_vrmse,kcal/mol,glider,10,0.1703619676301531,0.1325849183795991,0.2111185212063291,,,,,,,,,,,
W4_quantum,region=near,torque_vrmse,kcal/mol,glider,10,0.1703619676301531,0.1325849183795991,0.2111185212063291,zero,-0.1746089770348683,-0.3004071147389649,-0.0613968073940908,0.3449709446650215,0.5061556045087205,9.0,0.0,0.021484375,-0.8575003907280535,
W4_quantum,region=near,torque_vrmse,kcal/mol,glider,10,0.1703619676301531,0.1325849183795991,0.2111185212063291,mace_polar_l,-0.054030562433242,-0.1363300153007442,0.0232581918827926,0.2243925300633951,0.240785922855709,7.0,0.0,0.34375,-0.399844513067379,
W4_quantum,region=near,torque_vrmse,kcal/mol,glider,10,0.1703619676301531,0.1325849183795991,0.2111185212063291,exact_dipole_base_com,-1.6385008900748854,-2.9602728345204192,-0.5512875882302315,1.8088628577050383,0.9058181957219816,9.0,0.0,0.021484375,-0.7973994001893464,
W4_quantum,region=near,torque_vrmse,kcal/mol,mace_polar_l,10,0.2243925300633951,0.1494101103128812,0.3044524493567048,,,,,,,,,,,
W4_quantum,region=near,torque_vrmse,kcal/mol,mace_polar_l,10,0.2243925300633951,0.1494101103128812,0.3044524493567048,zero,-0.1205784146016263,-0.1929737070451603,-0.0646439692755051,0.3449709446650215,0.3495320880392175,10.0,0.0,0.001953125,-1.094349322702435,
W4_quantum,region=near,torque_vrmse,kcal/mol,mace_polar_l,10,0.2243925300633951,0.1494101103128812,0.3044524493567048,exact_dipole_base_com,-1.5844703276416436,-2.921074692701151,-0.4766200703572495,1.8088628577050383,0.8759482903263938,10.0,0.0,0.001953125,-0.7614711977229907,
W4_quantum,region=near,torque_vrmse,kcal/mol,zero,10,0.3449709446650215,0.2338808720573067,0.4643153019322865,,,,,,,,,,,
W4_quantum,region=near,torque_vrmse,kcal/mol,zero,10,0.3449709446650215,0.2338808720573067,0.4643153019322865,mace_polar_l,0.1205784146016263,0.0646439692755051,0.1929737070451603,0.2243925300633951,-0.5373548511956288,0.0,0.0,0.001953125,1.094349322702435,
W4_quantum,region=near,torque_vrmse,kcal/mol,zero,10,0.3449709446650215,0.2338808720573067,0.4643153019322865,exact_dipole_base_com,-1.4638919130400174,-2.7582786927732545,-0.3756988095346669,1.8088628577050383,0.8092885023341697,9.0,0.0,0.021484375,-0.7199197189595985,
W4_quantum,clearance_A=0.8,energy_mae,kcal/mol,exact_dipole_base_com,10,2.26920269339283,0.7534868074231914,4.23000112497316,,,,,,,,,,,
W4_quantum,clearance_A=0.8,energy_mae,kcal/mol,exact_dipole_base_com,10,2.26920269339283,0.7534868074231914,4.23000112497316,zero,1.9546778987745523,0.4572633800522193,3.883157502701021,0.3145247946182782,-6.214702090965005,0.0,0.0,0.001953125,0.6779313926309501,
W4_quantum,clearance_A=0.8,energy_mae,kcal/mol,exact_dipole_base_com,10,2.26920269339283,0.7534868074231914,4.23000112497316,mace_polar_l,2.0652391560301906,0.5485353955407114,4.017239830242512,0.2039635373626403,-10.125531174517064,1.0,0.0,0.021484375,0.7080206489030291,
W4_quantum,clearance_A=0.8,energy_mae,kcal/mol,exact_dipole_nuclear_center,10,1.8483010936747928,0.7241047295094144,3.3045519423165484,,,,,,,,,,,
W4_quantum,clearance_A=0.8,energy_mae,kcal/mol,exact_dipole_nuclear_center,10,1.8483010936747928,0.7241047295094144,3.3045519423165484,zero,1.5337762990565142,0.4226075044449556,2.930301738578122,0.3145247946182782,-4.87648772147829,0.0,0.0,0.001953125,0.7203859399808993,
W4_quantum,clearance_A=0.8,energy_mae,kcal/mol,exact_dipole_nuclear_center,10,1.8483010936747928,0.7241047295094144,3.3045519423165484,mace_polar_l,1.644337556312152,0.51949988816847,3.069796434956704,0.2039635373626403,-8.061919191902302,1.0,0.0,0.021484375,0.7577339511099628,
W4_quantum,clearance_A=0.8,energy_mae,kcal/mol,exact_dipole_nuclear_center,10,1.8483010936747928,0.7241047295094144,3.3045519423165484,exact_dipole_base_com,-0.4209015997180382,-1.0314577394598807,-0.0231736719327177,2.26920269339283,0.1854843557799241,8.0,0.0,0.109375,-0.4914798397183686,
W4_quantum,clearance_A=0.8,energy_mae,kcal/mol,exact_dipole_solute_com,10,0.7946895197932685,0.5018229602430939,1.176738043881162,,,,,,,,,,,
W4_quantum,clearance_A=0.8,energy_mae,kcal/mol,exact_dipole_solute_com,10,0.7946895197932685,0.5018229602430939,1.176738043881162,zero,0.4801647251749902,0.1540353362072514,0.9155995918089206,0.3145247946182782,-1.5266355256911952,2.0,0.0,0.109375,0.7267022091293424,
W4_quantum,clearance_A=0.8,energy_mae,kcal/mol,exact_dipole_solute_com,10,0.7946895197932685,0.5018229602430939,1.176738043881162,mace_polar_l,0.5907259824306281,0.2763610744393113,1.0145965868647602,0.2039635373626403,-2.8962332683039183,1.0,0.0,0.021484375,0.920358812007298,
W4_quantum,clearance_A=0.8,energy_mae,kcal/mol,exact_dipole_solute_com,10,0.7946895197932685,0.5018229602430939,1.176738043881162,exact_dipole_base_com,-1.474513173599562,-3.2591355653659058,-0.1502531715651494,2.26920269339283,0.649793505839235,9.0,0.0,0.021484375,-0.5499342006893757,
W4_quantum,clearance_A=0.8,energy_mae,kcal/mol,glider,10,0.2273223764925876,0.1460657371569799,0.316002745699314,,,,,,,,,,,
W4_quantum,clearance_A=0.8,energy_mae,kcal/mol,glider,10,0.2273223764925876,0.1460657371569799,0.316002745699314,zero,-0.0872024181256904,-0.1371775928193318,-0.0384485894949911,0.3145247946182782,0.2772513315890514,8.0,0.0,0.109375,-1.0356936941171275,
W4_quantum,clearance_A=0.8,energy_mae,kcal/mol,glider,10,0.2273223764925876,0.1460657371569799,0.316002745699314,mace_polar_l,0.0233588391299473,-0.0151178223124888,0.0622541996061829,0.2039635373626403,-0.1145245833249894,4.0,0.0,0.75390625,0.3595592588377498,
W4_quantum,clearance_A=0.8,energy_mae,kcal/mol,glider,10,0.2273223764925876,0.1460657371569799,0.316002745699314,exact_dipole_base_com,-2.041880316900243,-3.981070990422271,-0.5293989997358265,2.26920269339283,0.8998227980451128,10.0,0.0,0.001953125,-0.7032387615970069,
W4_quantum,clearance_A=0.8,energy_mae,kcal/mol,mace_polar_l,10,0.2039635373626403,0.1307233179617297,0.2837278799565174,,,,,,,,,,,
W4_quantum,clearance_A=0.8,energy_mae,kcal/mol,mace_polar_l,10,0.2039635373626403,0.1307233179617297,0.2837278799565174,zero,-0.1105612572556378,-0.1691484211197528,-0.0539544188210339,0.3145247946182782,0.3515184149148562,9.0,0.0,0.021484375,-1.1160952408513176,
W4_quantum,clearance_A=0.8,energy_mae,kcal/mol,mace_polar_l,10,0.2039635373626403,0.1307233179617297,0.2837278799565174,exact_dipole_base_com,-2.0652391560301906,-4.017239830242513,-0.5485353955407117,2.26920269339283,0.9101166511230948,9.0,0.0,0.021484375,-0.7080206489030291,
W4_quantum,clearance_A=0.8,energy_mae,kcal/mol,zero,10,0.3145247946182782,0.1976213104665225,0.4431486627031705,,,,,,,,,,,
W4_quantum,clearance_A=0.8,energy_mae,kcal/mol,zero,10,0.3145247946182782,0.1976213104665225,0.4431486627031705,mace_polar_l,0.1105612572556378,0.0539544188210339,0.1691484211197526,0.2039635373626403,-0.5420638349641076,1.0,0.0,0.021484375,1.1160952408513176,
W4_quantum,clearance_A=0.8,energy_mae,kcal/mol,zero,10,0.3145247946182782,0.1976213104665225,0.4431486627031705,exact_dipole_base_com,-1.9546778987745523,-3.883157502701025,-0.45726338005222,2.26920269339283,0.861394138331463,10.0,0.0,0.001953125,-0.6779313926309501,
W4_quantum,clearance_A=0.8,energy_rmse,kcal/mol,exact_dipole_base_com,10,2.378661569780146,0.8404558903155767,4.346861594236468,,,,,,,,,,,
W4_quantum,clearance_A=0.8,energy_rmse,kcal/mol,exact_dipole_base_com,10,2.378661569780146,0.8404558903155767,4.346861594236468,zero,2.0189907101853297,0.4996624711326629,3.948137703946089,0.359670859594816,-5.61343977785636,0.0,0.0,0.001953125,0.6958467844101973,
W4_quantum,clearance_A=0.8,energy_rmse,kcal/mol,exact_dipole_base_com,10,2.378661569780146,0.8404558903155767,4.346861594236468,mace_polar_l,2.14885722606621,0.6103836082211649,4.1043772515822186,0.2298043437139358,-9.350812048797223,0.0,0.0,0.001953125,0.730396583143162,
W4_quantum,clearance_A=0.8,energy_rmse,kcal/mol,exact_dipole_nuclear_center,10,1.995276483379799,0.817692390076906,3.5192925255585084,,,,,,,,,,,
W4_quantum,clearance_A=0.8,energy_rmse,kcal/mol,exact_dipole_nuclear_center,10,1.995276483379799,0.817692390076906,3.5192925255585084,zero,1.6356056237849828,0.4753013029835546,3.0896185452921863,0.359670859594816,-4.547506644345778,0.0,0.0,0.001953125,0.7371613265903089,
W4_quantum,clearance_A=0.8,energy_rmse,kcal/mol,exact_dipole_nuclear_center,10,1.995276483379799,0.817692390076906,3.5192925255585084,mace_polar_l,1.765472139665863,0.5871532523302183,3.254827914373021,0.2298043437139358,-7.682501170924565,0.0,0.0,0.001953125,0.7783155358026811,
W4_quantum,clearance_A=0.8,energy_rmse,kcal/mol,exact_dipole_nuclear_center,10,1.995276483379799,0.817692390076906,3.5192925255585084,exact_dipole_base_com,-0.383385086400347,-0.9626224234839968,-0.0211405286111346,2.378661569780146,0.1611768110567247,8.0,0.0,0.109375,-0.4786498001147948,
W4_quantum,clearance_A=0.8,energy_rmse,kcal/mol,exact_dipole_solute_com,10,0.8768296693268885,0.5507186935334429,1.309369219593767,,,,,,,,,,,
W4_quantum,clearance_A=0.8,energy_rmse,kcal/mol,exact_dipole_solute_com,10,0.8768296693268885,0.5507186935334429,1.309369219593767,zero,0.5171588097320726,0.1461722513976825,1.01484802001984,0.359670859594816,-1.437866860592135,2.0,0.0,0.109375,0.686644656812027,
W4_quantum,clearance_A=0.8,energy_rmse,kcal/mol,exact_dipole_solute_com,10,0.8768296693268885,0.5507186935334429,1.309369219593767,mace_polar_l,0.6470253256129528,0.2973499277177565,1.1262925953032503,0.2298043437139358,-2.815548719211245,1.0,0.0,0.021484375,0.8973291467792857,
W4_quantum,clearance_A=0.8,energy_rmse,kcal/mol,exact_dipole_solute_com,10,0.8768296693268885,0.5507186935334429,1.309369219593767,exact_dipole_base_com,-1.5018319004532574,-3.318890282946556,-0.1739626394289558,2.378661569780146,0.6313768715707078,9.0,0.0,0.021484375,-0.5575210821212119,
W4_quantum,clearance_A=0.8,energy_rmse,kcal/mol,glider,10,0.2444288790951596,0.1615476676020254,0.3344385225174591,,,,,,,,,,,
W4_quantum,clearance_A=0.8,energy_rmse,kcal/mol,glider,10,0.2444288790951596,0.1615476676020254,0.3344385225174591,zero,-0.1152419804996563,-0.1847219544799557,-0.05028814959475,0.359670859594816,0.3204095561966882,8.0,0.0,0.109375,-0.9949092224737996,
W4_quantum,clearance_A=0.8,energy_rmse,kcal/mol,glider,10,0.2444288790951596,0.1615476676020254,0.3344385225174591,mace_polar_l,0.0146245353812238,-0.0230729673423686,0.054834703273938,0.2298043437139358,-0.0636390728951088,4.0,0.0,0.75390625,0.2213383840494163,
W4_quantum,clearance_A=0.8,energy_rmse,kcal/mol,glider,10,0.2444288790951596,0.1615476676020254,0.3344385225174591,exact_dipole_base_com,-2.1342326906849864,-4.078383058056884,-0.5962802292798248,2.378661569780146,0.8972410021667137,10.0,0.0,0.001953125,-0.7274295270163321,
W4_quantum,clearance_A=0.8,energy_rmse,kcal/mol,mace_polar_l,10,0.2298043437139358,0.1481812696374715,0.3180272084017143,,,,,,,,,,,
W4_quantum,clearance_A=0.8,energy_rmse,kcal/mol,mace_polar_l,10,0.2298043437139358,0.1481812696374715,0.3180272084017143,zero,-0.1298665158808801,-0.2004231268375228,-0.0643004075511266,0.359670859594816,0.3610704409781213,9.0,0.0,0.021484375,-1.1104734899867936,
W4_quantum,clearance_A=0.8,energy_rmse,kcal/mol,mace_polar_l,10,0.2298043437139358,0.1481812696374715,0.3180272084017143,exact_dipole_base_com,-2.14885722606621,-4.104377251582219,-0.6103836082211657,2.378661569780146,0.9033892224797764,10.0,0.0,0.001953125,-0.730396583143162,
W4_quantum,clearance_A=0.8,energy_rmse,kcal/mol,zero,10,0.359670859594816,0.2231043050178389,0.5110435757560093,,,,,,,,,,,
W4_quantum,clearance_A=0.8,energy_rmse,kcal/mol,zero,10,0.359670859594816,0.2231043050178389,0.5110435757560093,mace_polar_l,0.1298665158808801,0.0643004075511265,0.2004231268375226,0.2298043437139358,-0.5651177596648918,1.0,0.0,0.021484375,1.1104734899867936,
W4_quantum,clearance_A=0.8,energy_rmse,kcal/mol,zero,10,0.359670859594816,0.2231043050178389,0.5110435757560093,exact_dipole_base_com,-2.0189907101853297,-3.9481377039460894,-0.4996624711326629,2.378661569780146,0.8487927563280642,10.0,0.0,0.001953125,-0.6958467844101973,
W4_quantum,clearance_A=0.8,energy_nrmse,1,exact_dipole_base_com,10,8.436484133545765,3.418153655726954,16.893419087321004,,,,,,,,,,,
W4_quantum,clearance_A=0.8,energy_nrmse,1,exact_dipole_base_com,10,8.436484133545765,3.418153655726954,16.893419087321004,zero,7.436484133545764,2.418153655726954,15.893419087321004,1.0,-7.436484133545765,0.0,0.0,0.001953125,0.5841453623643011,
W4_quantum,clearance_A=0.8,energy_nrmse,1,exact_dipole_base_com,10,8.436484133545765,3.418153655726954,16.893419087321004,mace_polar_l,7.6186172548927376,2.4588025285111312,16.188204320734123,0.8178668786530261,-9.315228986213636,1.0,0.0,0.021484375,0.5907967600003949,
W4_quantum,clearance_A=0.8,energy_nrmse,1,exact_dipole_nuclear_center,10,6.811125214538691,3.2917393158696644,12.321658624859996,,,,,,,,,,,
W4_quantum,clearance_A=0.8,energy_nrmse,1,exact_dipole_nuclear_center,10,6.811125214538691,3.2917393158696644,12.321658624859996,zero,5.811125214538691,2.291739315869664,11.321658624859996,1.0,-5.811125214538691,0.0,0.0,0.001953125,0.7083378091340777,
W4_quantum,clearance_A=0.8,energy_nrmse,1,exact_dipole_nuclear_center,10,6.811125214538691,3.2917393158696644,12.321658624859996,mace_polar_l,5.993258335885665,2.344877363125852,11.622640010923346,0.8178668786530261,-7.327914227014761,1.0,0.0,0.021484375,0.7150574055439572,
W4_quantum,clearance_A=0.8,energy_nrmse,1,exact_dipole_nuclear_center,10,6.811125214538691,3.2917393158696644,12.321658624859996,exact_dipole_base_com,-1.6253589190070716,-4.60502025878967,-0.0730897131041228,8.436484133545765,0.1926583270090205,7.0,0.0,0.34375,-0.3506151771177659,
W4_quantum,clearance_A=0.8,energy_nrmse,1,exact_dipole_solute_com,10,4.260711984914558,2.1533909246239493,7.219218169337164,,,,,,,,,,,
W4_quantum,clearance_A=0.8,energy_nrmse,1,exact_dipole_solute_com,10,4.260711984914558,2.1533909246239493,7.219218169337164,zero,3.2607119849145576,1.153390924623949,6.219218169337164,1.0,-3.2607119849145576,2.0,0.0,0.109375,0.7342161246924199,
W4_quantum,clearance_A=0.8,energy_nrmse,1,exact_dipole_solute_com,10,4.260711984914558,2.1533909246239493,7.219218169337164,mace_polar_l,3.442845106261532,1.217448412114346,6.507737525286161,0.8178668786530261,-4.209542159149023,2.0,0.0,0.109375,0.7439804270261452,
W4_quantum,clearance_A=0.8,energy_nrmse,1,exact_dipole_solute_com,10,4.260711984914558,2.1533909246239493,7.219218169337164,exact_dipole_base_com,-4.175772148631205,-9.883260300781624,-0.808548583528854,8.436484133545765,0.4949659221223681,9.0,0.0,0.021484375,-0.4867269149482397,
W4_quantum,clearance_A=0.8,energy_nrmse,1,glider,10,0.9353780515593628,0.7739759239249058,1.1416075891549584,,,,,,,,,,,
W4_quantum,clearance_A=0.8,energy_nrmse,1,glider,10,0.9353780515593628,0.7739759239249058,1.1416075891549584,zero,-0.0646219484406372,-0.2260240760750942,0.1416075891549583,1.0,0.0646219484406371,7.0,0.0,0.34375,-0.2033857406215425,
W4_quantum,clearance_A=0.8,energy_nrmse,1,glider,10,0.9353780515593628,0.7739759239249058,1.1416075891549584,mace_polar_l,0.1175111729063367,-0.0687627545336414,0.3331441707121557,0.8178668786530261,-0.143680073094377,6.0,0.0,0.75390625,0.3463106592944847,
W4_quantum,clearance_A=0.8,energy_nrmse,1,glider,10,0.9353780515593628,0.7739759239249058,1.1416075891549584,exact_dipole_base_com,-7.501106081986402,-15.943736686091604,-2.435089496035522,8.436484133545765,0.8891270300811633,9.0,0.0,0.021484375,-0.5903783419945758,
W4_quantum,clearance_A=0.8,energy_nrmse,1,mace_polar_l,10,0.8178668786530261,0.6076503432848159,1.1091921051989462,,,,,,,,,,,
W4_quantum,clearance_A=0.8,energy_nrmse,1,mace_polar_l,10,0.8178668786530261,0.6076503432848159,1.1091921051989462,zero,-0.1821331213469739,-0.3923496567151839,0.1091921051989462,1.0,0.1821331213469739,9.0,0.0,0.021484375,-0.4107475198145064,
W4_quantum,clearance_A=0.8,energy_nrmse,1,mace_polar_l,10,0.8178668786530261,0.6076503432848159,1.1091921051989462,exact_dipole_base_com,-7.6186172548927376,-16.188204320734123,-2.4588025285111312,8.436484133545765,0.9030559572321172,9.0,0.0,0.021484375,-0.5907967600003949,
W4_quantum,clearance_A=0.8,energy_nrmse,1,zero,10,1.0,1.0,1.0,,,,,,,,,,,
W4_quantum,clearance_A=0.8,energy_nrmse,1,zero,10,1.0,1.0,1.0,mace_polar_l,0.1821331213469739,-0.1091921051989463,0.3923496567151839,0.8178668786530261,-0.2226928686083185,1.0,0.0,0.021484375,0.4107475198145064,
W4_quantum,clearance_A=0.8,energy_nrmse,1,zero,10,1.0,1.0,1.0,exact_dipole_base_com,-7.436484133545764,-15.893419087321004,-2.418153655726955,8.436484133545765,0.8814672102536497,10.0,0.0,0.001953125,-0.5841453623643011,
W4_quantum,clearance_A=0.8,centered_orientation_rmse,kcal/mol,exact_dipole_base_com,10,0.936878441287048,0.5451801191838241,1.4205403483405596,,,,,,,,,,,
W4_quantum,clearance_A=0.8,centered_orientation_rmse,kcal/mol,exact_dipole_base_com,10,0.936878441287048,0.5451801191838241,1.4205403483405596,zero,0.6957321751494534,0.310043703142548,1.1673044715751388,0.2411462661375944,-2.885104489872048,0.0,0.0,0.001953125,0.9431658128111244,
W4_quantum,clearance_A=0.8,centered_orientation_rmse,kcal/mol,exact_dipole_base_com,10,0.936878441287048,0.5451801191838241,1.4205403483405596,mace_polar_l,0.7864316428000215,0.3932417068315681,1.27544219031819,0.1504467984870263,-5.227307265483879,0.0,0.0,0.001953125,1.0355207275614915,
W4_quantum,clearance_A=0.8,centered_orientation_rmse,kcal/mol,exact_dipole_nuclear_center,10,1.015392874281884,0.5628693907870697,1.5412671014987809,,,,,,,,,,,
W4_quantum,clearance_A=0.8,centered_orientation_rmse,kcal/mol,exact_dipole_nuclear_center,10,1.015392874281884,0.5628693907870697,1.5412671014987809,zero,0.7742466081442897,0.3323801023027287,1.2769575561881958,0.2411462661375944,-3.2106929149071552,0.0,0.0,0.001953125,0.9549515862998118,
W4_quantum,clearance_A=0.8,centered_orientation_rmse,kcal/mol,exact_dipole_nuclear_center,10,1.015392874281884,0.5628693907870697,1.5412671014987809,mace_polar_l,0.8649460757948578,0.4163894802111604,1.3811095913380191,0.1504467984870263,-5.749182332181339,0.0,0.0,0.001953125,1.0466946439247535,
W4_quantum,clearance_A=0.8,centered_orientation_rmse,kcal/mol,exact_dipole_nuclear_center,10,1.015392874281884,0.5628693907870697,1.5412671014987809,exact_dipole_base_com,0.0785144329948362,-0.0411224825237316,0.240488001172501,0.936878441287048,-0.083804290433854,6.0,0.0,0.75390625,0.3208638446353233,
W4_quantum,clearance_A=0.8,centered_orientation_rmse,kcal/mol,exact_dipole_solute_com,10,0.5486888246542744,0.3329731926596445,0.7861091064503565,,,,,,,,,,,
W4_quantum,clearance_A=0.8,centered_orientation_rmse,kcal/mol,exact_dipole_solute_com,10,0.5486888246542744,0.3329731926596445,0.7861091064503565,zero,0.30754255851668,0.0491510865469888,0.5890942111720568,0.2411462661375944,-1.2753361826519043,2.0,0.0,0.109375,0.662782295448769,
W4_quantum,clearance_A=0.8,centered_orientation_rmse,kcal/mol,exact_dipole_solute_com,10,0.5486888246542744,0.3329731926596445,0.7861091064503565,mace_polar_l,0.3982420261672482,0.1402409082503852,0.6750508036932448,0.1504467984870263,-2.6470621520177464,1.0,0.0,0.021484375,0.8687650274778608,
W4_quantum,clearance_A=0.8,centered_orientation_rmse,kcal/mol,exact_dipole_solute_com,10,0.5486888246542744,0.3329731926596445,0.7861091064503565,exact_dipole_base_com,-0.3881896166327734,-0.8053345645561849,-0.0468064941973243,0.936878441287048,0.4143436325629325,9.0,0.0,0.021484375,-0.5977867898970314,
W4_quantum,clearance_A=0.8,centered_orientation_rmse,kcal/mol,glider,10,0.1125300007448589,0.0843445853450955,0.1448740480585114,,,,,,,,,,,
W4_quantum,clearance_A=0.8,centered_orientation_rmse,kcal/mol,glider,10,0.1125300007448589,0.0843445853450955,0.1448740480585114,zero,-0.1286162653927354,-0.2047063378989919,-0.0565693195074074,0.2411462661375944,0.5333537502063124,8.0,0.0,0.109375,-1.008736644308797,
W4_quantum,clearance_A=0.8,centered_orientation_rmse,kcal/mol,glider,10,0.1125300007448589,0.0843445853450955,0.1448740480585114,mace_polar_l,-0.0379167977421673,-0.0999258765789513,0.0156195820435137,0.1504467984870263,0.2520279469119914,5.0,0.0,1.0,-0.3807212025624872,
W4_quantum,clearance_A=0.8,centered_orientation_rmse,kcal/mol,glider,10,0.1125300007448589,0.0843445853450955,0.1448740480585114,exact_dipole_base_com,-0.8243484405421888,-1.3236267926957637,-0.4269501125185539,0.936878441287048,0.8798883656771208,9.0,0.0,0.021484375,-1.0694974482206778,
W4_quantum,clearance_A=0.8,centered_orientation_rmse,kcal/mol,mace_polar_l,10,0.1504467984870263,0.0847225134491193,0.2249758839567575,,,,,,,,,,,
W4_quantum,clearance_A=0.8,centered_orientation_rmse,kcal/mol,mace_polar_l,10,0.1504467984870263,0.0847225134491193,0.2249758839567575,zero,-0.0906994676505681,-0.1217054667798327,-0.0568613469928999,0.2411462661375944,0.3761180676909854,10.0,0.0,0.001953125,-1.6488835861467854,
W4_quantum,clearance_A=0.8,centered_orientation_rmse,kcal/mol,mace_polar_l,10,0.1504467984870263,0.0847225134491193,0.2249758839567575,exact_dipole_base_com,-0.7864316428000215,-1.27544219031819,-0.3932417068315681,0.936878441287048,0.839416949033059,10.0,0.0,0.001953125,-1.0355207275614915,
W4_quantum,clearance_A=0.8,centered_orientation_rmse,kcal/mol,zero,10,0.2411462661375944,0.1549816351446205,0.3299002534114559,,,,,,,,,,,
W4_quantum,clearance_A=0.8,centered_orientation_rmse,kcal/mol,zero,10,0.2411462661375944,0.1549816351446205,0.3299002534114559,mace_polar_l,0.0906994676505681,0.0568613469928999,0.1217054667798327,0.1504467984870263,-0.602867382773782,0.0,0.0,0.001953125,1.6488835861467854,
W4_quantum,clearance_A=0.8,centered_orientation_rmse,kcal/mol,zero,10,0.2411462661375944,0.1549816351446205,0.3299002534114559,exact_dipole_base_com,-0.6957321751494534,-1.1673044715751395,-0.310043703142549,0.936878441287048,0.7426066653787904,10.0,0.0,0.001953125,-0.9431658128111244,
W4_quantum,clearance_A=0.8,centered_orientation_nrmse,1,exact_dipole_base_com,10,5.3360707238097485,2.9755663165829613,8.191695802794566,,,,,,,,,,,
W4_quantum,clearance_A=0.8,centered_orientation_nrmse,1,exact_dipole_base_com,10,5.3360707238097485,2.9755663165829613,8.191695802794566,zero,4.336070723809748,1.9755663165829616,7.191695802794567,1.0,-4.3360707238097485,0.0,0.0,0.001953125,0.9668608765092064,
W4_quantum,clearance_A=0.8,centered_orientation_nrmse,1,exact_dipole_base_com,10,5.3360707238097485,2.9755663165829613,8.191695802794566,mace_polar_l,4.734152213371645,2.348276910086505,7.551087319004971,0.6019185104381028,-7.865104879273311,0.0,0.0,0.001953125,1.0577685088073507,
W4_quantum,clearance_A=0.8,centered_orientation_nrmse,1,exact_dipole_nuclear_center,10,5.947521336731483,2.9937992871769987,10.163545244736762,,,,,,,,,,,
W4_quantum,clearance_A=0.8,centered_orientation_nrmse,1,exact_dipole_nuclear_center,10,5.947521336731483,2.9937992871769987,10.163545244736762,zero,4.947521336731483,1.993799287176999,9.163545244736762,1.0,-4.947521336731483,0.0,0.0,0.001953125,0.7849472221844468,
W4_quantum,clearance_A=0.8,centered_orientation_nrmse,1,exact_dipole_nuclear_center,10,5.947521336731483,2.9937992871769987,10.163545244736762,mace_polar_l,5.34560282629338,2.3617193807646784,9.537460183259862,0.6019185104381028,-8.880941080218008,0.0,0.0,0.001953125,0.854202781217454,
W4_quantum,clearance_A=0.8,centered_orientation_nrmse,1,exact_dipole_nuclear_center,10,5.947521336731483,2.9937992871769987,10.163545244736762,exact_dipole_base_com,0.6114506129217354,-0.2486243638588898,2.097831053686823,5.3360707238097485,-0.1145881763135969,6.0,0.0,0.75390625,0.2722803224675605,
W4_quantum,clearance_A=0.8,centered_orientation_nrmse,1,exact_dipole_solute_com,10,4.30304103725393,1.6857496857211332,8.317745021521548,,,,,,,,,,,
W4_quantum,clearance_A=0.8,centered_orientation_nrmse,1,exact_dipole_solute_com,10,4.30304103725393,1.6857496857211332,8.317745021521548,zero,3.303041037253931,0.6857496857211334,7.317745021521548,1.0,-3.30304103725393,3.0,0.0,0.34375,0.5497387746785217,
W4_quantum,clearance_A=0.8,centered_orientation_nrmse,1,exact_dipole_solute_com,10,4.30304103725393,1.6857496857211332,8.317745021521548,mace_polar_l,3.701122526815827,1.0719968516197795,7.685381554115522,0.6019185104381028,-6.148876405415721,2.0,0.0,0.109375,0.623196583949162,
W4_quantum,clearance_A=0.8,centered_orientation_nrmse,1,exact_dipole_solute_com,10,4.30304103725393,1.6857496857211332,8.317745021521548,exact_dipole_base_com,-1.0330296865558173,-2.322477026958103,0.6409631260951604,5.3360707238097485,0.1935937021873419,9.0,0.0,0.021484375,-0.4100776621799376,
W4_quantum,clearance_A=0.8,centered_orientation_nrmse,1,glider,10,0.8508123385264115,0.6291716595523512,1.105372285585984,,,,,,,,,,,
W4_quantum,clearance_A=0.8,centered_orientation_nrmse,1,glider,10,0.8508123385264115,0.6291716595523512,1.105372285585984,zero,-0.1491876614735884,-0.3708283404476488,0.105372285585984,1.0,0.1491876614735885,8.0,0.0,0.109375,-0.3671455399302514,
W4_quantum,clearance_A=0.8,centered_orientation_nrmse,1,glider,10,0.8508123385264115,0.6291716595523512,1.105372285585984,mace_polar_l,0.2488938280883086,0.0666117718092498,0.4387781113845538,0.6019185104381028,-0.4135008705865395,2.0,0.0,0.109375,0.7839183115379688,
W4_quantum,clearance_A=0.8,centered_orientation_nrmse,1,glider,10,0.8508123385264115,0.6291716595523512,1.105372285585984,exact_dipole_base_com,-4.485258385283336,-7.209866686731886,-2.172432383256871,5.3360707238097485,0.8405545236253982,9.0,0.0,0.021484375,-1.0331075214135568,
W4_quantum,clearance_A=0.8,centered_orientation_nrmse,1,mace_polar_l,10,0.6019185104381028,0.4806108413194629,0.7321865347898173,,,,,,,,,,,
W4_quantum,clearance_A=0.8,centered_orientation_nrmse,1,mace_polar_l,10,0.6019185104381028,0.4806108413194629,0.7321865347898173,zero,-0.3980814895618971,-0.519389158680537,-0.2678134652101827,1.0,0.3980814895618971,10.0,0.0,0.001953125,-1.86327743061708,
W4_quantum,clearance_A=0.8,centered_orientation_nrmse,1,mace_polar_l,10,0.6019185104381028,0.4806108413194629,0.7321865347898173,exact_dipole_base_com,-4.734152213371645,-7.551087319004975,-2.348276910086509,5.3360707238097485,0.8871981760376001,10.0,0.0,0.001953125,-1.0577685088073507,
W4_quantum,clearance_A=0.8,centered_orientation_nrmse,1,zero,10,1.0,1.0,1.0,,,,,,,,,,,
W4_quantum,clearance_A=0.8,centered_orientation_nrmse,1,zero,10,1.0,1.0,1.0,mace_polar_l,0.3980814895618971,0.2678134652101824,0.519389158680537,0.6019185104381028,-0.6613544568884513,0.0,0.0,0.001953125,1.86327743061708,
W4_quantum,clearance_A=0.8,centered_orientation_nrmse,1,zero,10,1.0,1.0,1.0,exact_dipole_base_com,-4.336070723809748,-7.191695802794568,-1.9755663165829616,5.3360707238097485,0.8125961870149205,10.0,0.0,0.001953125,-0.9668608765092064,
W4_quantum,clearance_A=0.8,torque_vrmse,kcal/mol,exact_dipole_base_com,10,3.4433803323607632,1.1649252460732862,6.235707838273201,,,,,,,,,,,
W4_quantum,clearance_A=0.8,torque_vrmse,kcal/mol,exact_dipole_base_com,10,3.4433803323607632,1.1649252460732862,6.235707838273201,zero,2.94343586898355,0.6775526707636146,5.684841400305208,0.4999444633772126,-5.88752568455329,2.0,0.0,0.109375,0.6875729585820759,
W4_quantum,clearance_A=0.8,torque_vrmse,kcal/mol,exact_dipole_base_com,10,3.4433803323607632,1.1649252460732862,6.235707838273201,mace_polar_l,3.079477602714922,0.7796700004079294,5.888177966230159,0.3639027296458408,-8.462364670119255,0.0,0.0,0.001953125,0.7039106175625119,
W4_quantum,clearance_A=0.8,torque_vrmse,kcal/mol,exact_dipole_nuclear_center,10,4.604603180364444,1.083528139627488,9.744861328821145,,,,,,,,,,,
W4_quantum,clearance_A=0.8,torque_vrmse,kcal/mol,exact_dipole_nuclear_center,10,4.604603180364444,1.083528139627488,9.744861328821145,zero,4.104658716987231,0.5930003153996458,9.218386926081118,0.4999444633772126,-8.210229370797592,2.0,0.0,0.109375,0.5536635715002699,
W4_quantum,clearance_A=0.8,torque_vrmse,kcal/mol,exact_dipole_nuclear_center,10,4.604603180364444,1.083528139627488,9.744861328821145,mace_polar_l,4.240700450718602,0.6915248711690801,9.387001770474011,0.3639027296458408,-11.653390055209968,0.0,0.0,0.001953125,0.5684252231574556,
W4_quantum,clearance_A=0.8,torque_vrmse,kcal/mol,exact_dipole_nuclear_center,10,4.604603180364444,1.083528139627488,9.744861328821145,exact_dipole_base_com,1.1612228480036804,-0.3972870049444584,3.933358002949081,3.4433803323607632,-0.3372333973945749,6.0,0.0,0.75390625,0.2732493604651451,
W4_quantum,clearance_A=0.8,torque_vrmse,kcal/mol,exact_dipole_solute_com,10,1.4276116293745138,0.748736837634789,2.482855667301432,,,,,,,,,,,
W4_quantum,clearance_A=0.8,torque_vrmse,kcal/mol,exact_dipole_solute_com,10,1.4276116293745138,0.748736837634789,2.482855667301432,zero,0.9276671659973014,0.2774820345120088,1.8980250461847947,0.4999444633772126,-1.855540432892779,2.0,0.0,0.109375,0.6416455436745138,
W4_quantum,clearance_A=0.8,torque_vrmse,kcal/mol,exact_dipole_solute_com,10,1.4276116293745138,0.748736837634789,2.482855667301432,mace_polar_l,1.0637088997286732,0.3835401505529314,2.115207958901109,0.3639027296458408,-2.92305831496208,1.0,0.0,0.021484375,0.6770820226167831,
W4_quantum,clearance_A=0.8,torque_vrmse,kcal/mol,exact_dipole_solute_com,10,1.4276116293745138,0.748736837634789,2.482855667301432,exact_dipole_base_com,-2.015768702986249,-4.175842068740565,-0.2252860389074528,3.4433803323607632,0.5854040240754494,9.0,0.0,0.021484375,-0.5993039547689749,
W4_quantum,clearance_A=0.8,torque_vrmse,kcal/mol,glider,10,0.2628544467420343,0.192090630625982,0.3449424478022027,,,,,,,,,,,
W4_quantum,clearance_A=0.8,torque_vrmse,kcal/mol,glider,10,0.2628544467420343,0.192090630625982,0.3449424478022027,zero,-0.2370900166351783,-0.4456304316909403,-0.0485014976921785,0.4999444633772126,0.4742327078363737,8.0,0.0,0.109375,-0.6984571786963576,
W4_quantum,clearance_A=0.8,torque_vrmse,kcal/mol,glider,10,0.2628544467420343,0.192090630625982,0.3449424478022027,mace_polar_l,-0.1010482829038065,-0.2537513198773347,0.0430489721396852,0.3639027296458408,0.2776793760303729,5.0,0.0,1.0,-0.4011811660538658,
W4_quantum,clearance_A=0.8,torque_vrmse,kcal/mol,glider,10,0.2628544467420343,0.192090630625982,0.3449424478022027,exact_dipole_base_com,-3.180525885618729,-5.958516207682915,-0.915243923042604,3.4433803323607632,0.9236638357163924,9.0,0.0,0.021484375,-0.7350174132031918,
W4_quantum,clearance_A=0.8,torque_vrmse,kcal/mol,mace_polar_l,10,0.3639027296458408,0.2211433729090632,0.5238052181057856,,,,,,,,,,,
W4_quantum,clearance_A=0.8,torque_vrmse,kcal/mol,mace_polar_l,10,0.3639027296458408,0.2211433729090632,0.5238052181057856,zero,-0.1360417337313718,-0.2427595410953757,-0.0614110567068673,0.4999444633772126,0.2721136920136807,10.0,0.0,0.001953125,-0.8595962163255368,
W4_quantum,clearance_A=0.8,torque_vrmse,kcal/mol,mace_polar_l,10,0.3639027296458408,0.2211433729090632,0.5238052181057856,exact_dipole_base_com,-3.079477602714922,-5.8881779662301605,-0.7796700004079297,3.4433803323607632,0.8943181715287457,10.0,0.0,0.001953125,-0.7039106175625119,
W4_quantum,clearance_A=0.8,torque_vrmse,kcal/mol,zero,10,0.4999444633772126,0.3133013496315641,0.7044499650816071,,,,,,,,,,,
W4_quantum,clearance_A=0.8,torque_vrmse,kcal/mol,zero,10,0.4999444633772126,0.3133013496315641,0.7044499650816071,mace_polar_l,0.1360417337313718,0.0614110567068673,0.2427595410953757,0.3639027296458408,-0.3738409268426508,0.0,0.0,0.001953125,0.8595962163255368,
W4_quantum,clearance_A=0.8,torque_vrmse,kcal/mol,zero,10,0.4999444633772126,0.3133013496315641,0.7044499650816071,exact_dipole_base_com,-2.94343586898355,-5.68484140030521,-0.6775526707636155,3.4433803323607632,0.8548099788226259,8.0,0.0,0.109375,-0.6875729585820759,
W4_quantum,clearance_A=1.8,energy_mae,kcal/mol,exact_dipole_base_com,10,0.1996144476487318,0.1124951533035445,0.3074427158348452,,,,,,,,,,,
W4_quantum,clearance_A=1.8,energy_mae,kcal/mol,exact_dipole_base_com,10,0.1996144476487318,0.1124951533035445,0.3074427158348452,zero,0.0904055227263433,0.0230323983791932,0.1827527553754254,0.1092089249223885,-0.8278217443362972,2.0,0.0,0.109375,0.6609425917090853,
W4_quantum,clearance_A=1.8,energy_mae,kcal/mol,exact_dipole_base_com,10,0.1996144476487318,0.1124951533035445,0.3074427158348452,mace_polar_l,0.114470168934324,0.0366599662711251,0.2208593773809173,0.0851442787144078,-1.3444258459018887,2.0,0.0,0.109375,0.7230133996898418,
W4_quantum,clearance_A=1.8,energy_mae,kcal/mol,exact_dipole_nuclear_center,10,0.1965391095669656,0.1107710339449812,0.3018322483932076,,,,,,,,,,,
W4_quantum,clearance_A=1.8,energy_mae,kcal/mol,exact_dipole_nuclear_center,10,0.1965391095669656,0.1107710339449812,0.3018322483932076,zero,0.0873301846445771,0.0216625615783201,0.1772616337055647,0.1092089249223885,-0.799661609219577,2.0,0.0,0.109375,0.6557637708593469,
W4_quantum,clearance_A=1.8,energy_mae,kcal/mol,exact_dipole_nuclear_center,10,0.1965391095669656,0.1107710339449812,0.3018322483932076,mace_polar_l,0.1113948308525578,0.0347067860654432,0.2150998176085696,0.0851442787144078,-1.3083067063871652,2.0,0.0,0.109375,0.7195303060713727,
W4_quantum,clearance_A=1.8,energy_mae,kcal/mol,exact_dipole_nuclear_center,10,0.1965391095669656,0.1107710339449812,0.3018322483932076,exact_dipole_base_com,-0.0030753380817662,-0.0060004365644944,-0.0008010518452721,0.1996144476487318,0.0154063902587752,10.0,0.0,0.001953125,-0.6890534489641515,
W4_quantum,clearance_A=1.8,energy_mae,kcal/mol,exact_dipole_solute_com,10,0.1624106672746321,0.0849996862012784,0.2504070610005914,,,,,,,,,,,
W4_quantum,clearance_A=1.8,energy_mae,kcal/mol,exact_dipole_solute_com,10,0.1624106672746321,0.0849996862012784,0.2504070610005914,zero,0.0532017423522436,-0.0062938349109822,0.1248127137713557,0.1092089249223885,-0.4871556275281763,3.0,0.0,0.34375,0.4814378375141312,
W4_quantum,clearance_A=1.8,energy_mae,kcal/mol,exact_dipole_solute_com,10,0.1624106672746321,0.0849996862012784,0.2504070610005914,mace_polar_l,0.0772663885602242,0.0056106878363688,0.163176425193426,0.0851442787144078,-0.9074759893074232,3.0,0.0,0.34375,0.5800585763789324,
W4_quantum,clearance_A=1.8,energy_mae,kcal/mol,exact_dipole_solute_com,10,0.1624106672746321,0.0849996862012784,0.2504070610005914,exact_dipole_base_com,-0.0372037803740997,-0.0712338565804672,-0.0082210868954892,0.1996144476487318,0.186378194626315,9.0,0.0,0.021484375,-0.6964773307306378,
W4_quantum,clearance_A=1.8,energy_mae,kcal/mol,glider,10,0.0399855344783658,0.0298168582155355,0.0494965354248803,,,,,,,,,,,
W4_quantum,clearance_A=1.8,energy_mae,kcal/mol,glider,10,0.0399855344783658,0.0298168582155355,0.0494965354248803,zero,-0.0692233904440226,-0.0973517485176783,-0.0433037412562152,0.1092089249223885,0.6338620263244747,10.0,0.0,0.001953125,-1.4990386698209446,
W4_quantum,clearance_A=1.8,energy_mae,kcal/mol,glider,10,0.0399855344783658,0.0298168582155355,0.0494965354248803,mace_polar_l,-0.0451587442360419,-0.068075147392205,-0.0238608718258119,0.0851442787144078,0.5303790802845847,9.0,0.0,0.021484375,-1.182292652780711,
W4_quantum,clearance_A=1.8,energy_mae,kcal/mol,glider,10,0.0399855344783658,0.0298168582155355,0.0494965354248803,exact_dipole_base_com,-0.159628913170366,-0.2686069953912791,-0.076710216971932,0.1996144476487318,0.799686170267947,10.0,0.0,0.001953125,-0.9736823387106938,
W4_quantum,clearance_A=1.8,energy_mae,kcal/mol,mace_polar_l,10,0.0851442787144078,0.0590827061565815,0.1126976818899249,,,,,,,,,,,
W4_quantum,clearance_A=1.8,energy_mae,kcal/mol,mace_polar_l,10,0.0851442787144078,0.0590827061565815,0.1126976818899249,zero,-0.0240646462079806,-0.042683893594313,-0.0068645307169052,0.1092089249223885,0.2203542084594517,7.0,0.0,0.34375,-0.7889109831822357,
W4_quantum,clearance_A=1.8,energy_mae,kcal/mol,mace_polar_l,10,0.0851442787144078,0.0590827061565815,0.1126976818899249,exact_dipole_base_com,-0.114470168934324,-0.2208593773809176,-0.0366599662711254,0.1996144476487318,0.5734563318571055,8.0,0.0,0.109375,-0.7230133996898418,
W4_quantum,clearance_A=1.8,energy_mae,kcal/mol,zero,10,0.1092089249223885,0.077309766701025,0.1419736104640525,,,,,,,,,,,
W4_quantum,clearance_A=1.8,energy_mae,kcal/mol,zero,10,0.1092089249223885,0.077309766701025,0.1419736104640525,mace_polar_l,0.0240646462079806,0.0068645307169052,0.042683893594313,0.0851442787144078,-0.2826337432336303,3.0,0.0,0.34375,0.7889109831822357,
W4_quantum,clearance_A=1.8,energy_mae,kcal/mol,zero,10,0.1092089249223885,0.077309766701025,0.1419736104640525,exact_dipole_base_com,-0.0904055227263433,-0.1827527553754256,-0.0230323983791933,0.1996144476487318,0.4529006982772757,8.0,0.0,0.109375,-0.6609425917090853,
W4_quantum,clearance_A=1.8,energy_rmse,kcal/mol,exact_dipole_base_com,10,0.2225989078464026,0.1239445166211552,0.3467986359916896,,,,,,,,,,,
W4_quantum,clearance_A=1.8,energy_rmse,kcal/mol,exact_dipole_base_com,10,0.2225989078464026,0.1239445166211552,0.3467986359916896,zero,0.1016445474205638,0.0263383518296641,0.2082182301568347,0.1209543604258388,-0.8403545524337299,2.0,0.0,0.109375,0.6478598140728297,
W4_quantum,clearance_A=1.8,energy_rmse,kcal/mol,exact_dipole_base_com,10,0.2225989078464026,0.1239445166211552,0.3467986359916896,mace_polar_l,0.1273226133393588,0.0392275350601331,0.2487108068747421,0.0952762945070438,-1.3363514397586664,2.0,0.0,0.109375,0.7056897304365681,
W4_quantum,clearance_A=1.8,energy_rmse,kcal/mol,exact_dipole_nuclear_center,10,0.2201766241391074,0.1225382694819158,0.3432099779113999,,,,,,,,,,,
W4_quantum,clearance_A=1.8,energy_rmse,kcal/mol,exact_dipole_nuclear_center,10,0.2201766241391074,0.1225382694819158,0.3432099779113999,zero,0.0992222637132685,0.0247957907681048,0.2044750260025398,0.1209543604258388,-0.820328125120426,2.0,0.0,0.109375,0.6400067068755513,
W4_quantum,clearance_A=1.8,energy_rmse,kcal/mol,exact_dipole_nuclear_center,10,0.2201766241391074,0.1225382694819158,0.3432099779113999,mace_polar_l,0.1249003296320635,0.0376768388723378,0.2450190420503434,0.0952762945070438,-1.31092765811573,2.0,0.0,0.109375,0.6994701847271042,
W4_quantum,clearance_A=1.8,energy_rmse,kcal/mol,exact_dipole_nuclear_center,10,0.2201766241391074,0.1225382694819158,0.3432099779113999,exact_dipole_base_com,-0.0024222837072952,-0.0043504993847823,-0.0007375816471493,0.2225989078464026,0.0108818310508811,10.0,0.0,0.001953125,-0.7862399869575643,
W4_quantum,clearance_A=1.8,energy_rmse,kcal/mol,exact_dipole_solute_com,10,0.1767621125197698,0.0941049147861117,0.2680437102246656,,,,,,,,,,,
W4_quantum,clearance_A=1.8,energy_rmse,kcal/mol,exact_dipole_solute_com,10,0.1767621125197698,0.0941049147861117,0.2680437102246656,zero,0.055807752093931,-0.0065527904047466,0.1281483804371151,0.1209543604258388,-0.4613951237264295,3.0,0.0,0.34375,0.4909014257180184,
W4_quantum,clearance_A=1.8,energy_rmse,kcal/mol,exact_dipole_solute_com,10,0.1767621125197698,0.0941049147861117,0.2680437102246656,mace_polar_l,0.081485818012726,0.0066066704485778,0.169465958281029,0.0952762945070438,-0.8552580516940831,3.0,0.0,0.34375,0.594399201132714,
W4_quantum,clearance_A=1.8,energy_rmse,kcal/mol,exact_dipole_solute_com,10,0.1767621125197698,0.0941049147861117,0.2680437102246656,exact_dipole_base_com,-0.0458367953266327,-0.0907981133630632,-0.0090807127184984,0.2225989078464026,0.205916532880121,9.0,0.0,0.021484375,-0.6566820785387565,
W4_quantum,clearance_A=1.8,energy_rmse,kcal/mol,glider,10,0.0458666417087333,0.0343497746417108,0.0566012744435517,,,,,,,,,,,
W4_quantum,clearance_A=1.8,energy_rmse,kcal/mol,glider,10,0.0458666417087333,0.0343497746417108,0.0566012744435517,zero,-0.0750877187171054,-0.1057686016927151,-0.0465691420321271,0.1209543604258388,0.6207938139042475,10.0,0.0,0.001953125,-1.4843760914563813,
W4_quantum,clearance_A=1.8,energy_rmse,kcal/mol,glider,10,0.0458666417087333,0.0343497746417108,0.0566012744435517,mace_polar_l,-0.0494096527983104,-0.0737536533881731,-0.0261620436034087,0.0952762945070438,0.5185933505700897,9.0,0.0,0.021484375,-1.2092393461130786,
W4_quantum,clearance_A=1.8,energy_rmse,kcal/mol,glider,10,0.0458666417087333,0.0343497746417108,0.0566012744435517,exact_dipole_base_com,-0.1767322661376693,-0.3028044266164477,-0.0829236432407042,0.2225989078464026,0.7939493856799056,10.0,0.0,0.001953125,-0.9399334532147304,
W4_quantum,clearance_A=1.8,energy_rmse,kcal/mol,mace_polar_l,10,0.0952762945070438,0.0665177552893922,0.1249987746702632,,,,,,,,,,,
W4_quantum,clearance_A=1.8,energy_rmse,kcal/mol,mace_polar_l,10,0.0952762945070438,0.0665177552893922,0.1249987746702632,zero,-0.0256780659187949,-0.0459263169589699,-0.0075517551632262,0.1209543604258388,0.2122954958249648,7.0,0.0,0.34375,-0.7862756019335969,
W4_quantum,clearance_A=1.8,energy_rmse,kcal/mol,mace_polar_l,10,0.0952762945070438,0.0665177552893922,0.1249987746702632,exact_dipole_base_com,-0.1273226133393588,-0.2487108068747421,-0.0392275350601331,0.2225989078464026,0.5719822014006184,8.0,0.0,0.109375,-0.7056897304365681,
W4_quantum,clearance_A=1.8,energy_rmse,kcal/mol,zero,10,0.1209543604258388,0.0856769523547863,0.1567778082024883,,,,,,,,,,,
W4_quantum,clearance_A=1.8,energy_rmse,kcal/mol,zero,10,0.1209543604258388,0.0856769523547863,0.1567778082024883,mace_polar_l,0.0256780659187949,0.0075517551632262,0.0459263169589699,0.0952762945070438,-0.2695115931161298,3.0,0.0,0.34375,0.7862756019335969,
W4_quantum,clearance_A=1.8,energy_rmse,kcal/mol,zero,10,0.1209543604258388,0.0856769523547863,0.1567778082024883,exact_dipole_base_com,-0.1016445474205638,-0.2082182301568347,-0.0263383518296641,0.2225989078464026,0.4566264426180403,8.0,0.0,0.109375,-0.6478598140728297,
W4_quantum,clearance_A=1.8,energy_nrmse,1,exact_dipole_base_com,10,1.9891608290012688,1.3694160588532225,2.7093182395827795,,,,,,,,,,,
W4_quantum,clearance_A=1.8,energy_nrmse,1,exact_dipole_base_com,10,1.9891608290012688,1.3694160588532225,2.7093182395827795,zero,0.9891608290012684,0.3694160588532222,1.7093182395827795,1.0,-0.9891608290012688,1.0,0.0,0.021484375,0.8620318989387322,
W4_quantum,clearance_A=1.8,energy_nrmse,1,exact_dipole_base_com,10,1.9891608290012688,1.3694160588532225,2.7093182395827795,mace_polar_l,1.019589858654364,0.3017810637161279,1.8416037999066743,0.9695709703469042,-1.0515886818368378,3.0,0.0,0.34375,0.7753953971292724,
W4_quantum,clearance_A=1.8,energy_nrmse,1,exact_dipole_nuclear_center,10,1.9685397481435707,1.3551727572528316,2.679485373116916,,,,,,,,,,,
W4_quantum,clearance_A=1.8,energy_nrmse,1,exact_dipole_nuclear_center,10,1.9685397481435707,1.3551727572528316,2.679485373116916,zero,0.9685397481435706,0.3551727572528318,1.6794853731169157,1.0,-0.9685397481435708,1.0,0.0,0.021484375,0.8524797564044523,
W4_quantum,clearance_A=1.8,energy_nrmse,1,exact_dipole_nuclear_center,10,1.9685397481435707,1.3551727572528316,2.679485373116916,mace_polar_l,0.9989687777966664,0.2884989677662877,1.811188234871584,0.9695709703469042,-1.0303204286729457,3.0,0.0,0.34375,0.767834323363532,
W4_quantum,clearance_A=1.8,energy_nrmse,1,exact_dipole_nuclear_center,10,1.9685397481435707,1.3551727572528316,2.679485373116916,exact_dipole_base_com,-0.0206210808576976,-0.0343441920820908,-0.0082744180707659,1.9891608290012688,0.0103667237746942,10.0,0.0,0.001953125,-0.9279229598178342,
W4_quantum,clearance_A=1.8,energy_nrmse,1,exact_dipole_solute_com,10,1.624681124698136,1.0318782583288728,2.2534478760801604,,,,,,,,,,,
W4_quantum,clearance_A=1.8,energy_nrmse,1,exact_dipole_solute_com,10,1.624681124698136,1.0318782583288728,2.2534478760801604,zero,0.624681124698136,0.0318782583288729,1.25344787608016,1.0,-0.6246811246981359,2.0,0.0,0.109375,0.6053305403466661,
W4_quantum,clearance_A=1.8,energy_nrmse,1,exact_dipole_solute_com,10,1.624681124698136,1.0318782583288728,2.2534478760801604,mace_polar_l,0.6551101543512314,0.0200780815134448,1.3522374681413678,0.9695709703469042,-0.6756701411108037,4.0,0.0,0.75390625,0.5782802465759901,
W4_quantum,clearance_A=1.8,energy_nrmse,1,exact_dipole_solute_com,10,1.624681124698136,1.0318782583288728,2.2534478760801604,exact_dipole_base_com,-0.3644797043031324,-0.6036537690881504,-0.1376263710054206,1.9891608290012688,0.1832328985113452,9.0,0.0,0.021484375,-0.923021130624182,
W4_quantum,clearance_A=1.8,energy_nrmse,1,glider,10,0.5561957958711761,0.4492027691102585,0.6731573594501631,,,,,,,,,,,
W4_quantum,clearance_A=1.8,energy_nrmse,1,glider,10,0.5561957958711761,0.4492027691102585,0.6731573594501631,zero,-0.443804204128824,-0.5507972308897415,-0.3268426405498369,1.0,0.4438042041288239,10.0,0.0,0.001953125,-2.330169341351195,
W4_quantum,clearance_A=1.8,energy_nrmse,1,glider,10,0.5561957958711761,0.4492027691102585,0.6731573594501631,mace_polar_l,-0.4133751744757285,-0.5951030313117369,-0.2348894581535849,0.9695709703469042,0.4263485470566698,9.0,0.0,0.021484375,-1.336408247738183,
W4_quantum,clearance_A=1.8,energy_nrmse,1,glider,10,0.5561957958711761,0.4492027691102585,0.6731573594501631,exact_dipole_base_com,-1.4329650331300925,-2.165780666805562,-0.7635510856351156,1.9891608290012688,0.7203867139539266,10.0,0.0,0.001953125,-1.1975703104223632,
W4_quantum,clearance_A=1.8,energy_nrmse,1,mace_polar_l,10,0.9695709703469042,0.7794684497507471,1.1403746423318195,,,,,,,,,,,
W4_quantum,clearance_A=1.8,energy_nrmse,1,mace_polar_l,10,0.9695709703469042,0.7794684497507471,1.1403746423318195,zero,-0.0304290296530954,-0.2205315502492528,0.1403746423318195,1.0,0.0304290296530957,4.0,0.0,0.75390625,-0.0990481151516216,
W4_quantum,clearance_A=1.8,energy_nrmse,1,mace_polar_l,10,0.9695709703469042,0.7794684497507471,1.1403746423318195,exact_dipole_base_com,-1.019589858654364,-1.8416037999066743,-0.3017810637161282,1.9891608290012688,0.5125728617762331,7.0,0.0,0.34375,-0.7753953971292724,
W4_quantum,clearance_A=1.8,energy_nrmse,1,zero,10,1.0,1.0,1.0,,,,,,,,,,,
W4_quantum,clearance_A=1.8,energy_nrmse,1,zero,10,1.0,1.0,1.0,mace_polar_l,0.0304290296530954,-0.1403746423318195,0.2205315502492525,0.9695709703469042,-0.0313840147691391,6.0,0.0,0.75390625,0.0990481151516216,
W4_quantum,clearance_A=1.8,energy_nrmse,1,zero,10,1.0,1.0,1.0,exact_dipole_base_com,-0.9891608290012684,-1.7093182395827804,-0.3694160588532226,1.9891608290012688,0.4972754412713391,9.0,0.0,0.021484375,-0.8620318989387322,
W4_quantum,clearance_A=1.8,centered_orientation_rmse,kcal/mol,exact_dipole_base_com,10,0.2072278909391079,0.1117030775239572,0.3286620337245519,,,,,,,,,,,
W4_quantum,clearance_A=1.8,centered_orientation_rmse,kcal/mol,exact_dipole_base_com,10,0.2072278909391079,0.1117030775239572,0.3286620337245519,zero,0.0964912616673437,0.0262422655495306,0.19816684607729,0.1107366292717641,-0.8713581251470084,2.0,0.0,0.109375,0.6434638582060616,
W4_quantum,clearance_A=1.8,centered_orientation_rmse,kcal/mol,exact_dipole_base_com,10,0.2072278909391079,0.1117030775239572,0.3286620337245519,mace_polar_l,0.1570788928944242,0.0695554515545677,0.2726770989265795,0.0501489980446836,-3.1322438935761863,1.0,0.0,0.021484375,0.9012522608425936,
W4_quantum,clearance_A=1.8,centered_orientation_rmse,kcal/mol,exact_dipole_nuclear_center,10,0.2047622067498256,0.1100569133588464,0.3252999681828786,,,,,,,,,,,
W4_quantum,clearance_A=1.8,centered_orientation_rmse,kcal/mol,exact_dipole_nuclear_center,10,0.2047622067498256,0.1100569133588464,0.3252999681828786,zero,0.0940255774780614,0.0247766587792211,0.194731128032753,0.1107366292717641,-0.8490919228479379,2.0,0.0,0.109375,0.6341967442132785,
W4_quantum,clearance_A=1.8,centered_orientation_rmse,kcal/mol,exact_dipole_nuclear_center,10,0.2047622067498256,0.1100569133588464,0.3252999681828786,mace_polar_l,0.154613208705142,0.0683024935865159,0.2689047279763145,0.0501489980446836,-3.0830767260270893,1.0,0.0,0.021484375,0.8968403960784612,
W4_quantum,clearance_A=1.8,centered_orientation_rmse,kcal/mol,exact_dipole_nuclear_center,10,0.2047622067498256,0.1100569133588464,0.3252999681828786,exact_dipole_base_com,-0.0024656841892822,-0.0043853661604987,-0.0007695232771983,0.2072278909391079,0.01189841858694,9.0,0.0,0.021484375,-0.802531341123449,
W4_quantum,clearance_A=1.8,centered_orientation_rmse,kcal/mol,exact_dipole_solute_com,10,0.1607934554028825,0.0821268747850606,0.2501577032982607,,,,,,,,,,,
W4_quantum,clearance_A=1.8,centered_orientation_rmse,kcal/mol,exact_dipole_solute_com,10,0.1607934554028825,0.0821268747850606,0.2501577032982607,zero,0.0500568261311183,-0.0072180718102103,0.1191784728132036,0.1107366292717641,-0.4520349450792067,3.0,0.0,0.34375,0.467314991776329,
W4_quantum,clearance_A=1.8,centered_orientation_rmse,kcal/mol,exact_dipole_solute_com,10,0.1607934554028825,0.0821268747850606,0.2501577032982607,mace_polar_l,0.1106444573581989,0.0437229523410052,0.1929260956161841,0.0501489980446836,-2.2063144164837127,2.0,0.0,0.109375,0.8725897621505174,
W4_quantum,clearance_A=1.8,centered_orientation_rmse,kcal/mol,exact_dipole_solute_com,10,0.1607934554028825,0.0821268747850606,0.2501577032982607,exact_dipole_base_com,-0.0464344355362253,-0.0911786809607114,-0.0083676749867465,0.2072278909391079,0.22407425624898,9.0,0.0,0.021484375,-0.6653025496837449,
W4_quantum,clearance_A=1.8,centered_orientation_rmse,kcal/mol,glider,10,0.0401734328977516,0.029723343068339,0.0501157129598293,,,,,,,,,,,
W4_quantum,clearance_A=1.8,centered_orientation_rmse,kcal/mol,glider,10,0.0401734328977516,0.029723343068339,0.0501157129598293,zero,-0.0705631963740125,-0.101687862511997,-0.0413873215512239,0.1107366292717641,0.6372164010956114,9.0,0.0,0.021484375,-1.3688023860680865,
W4_quantum,clearance_A=1.8,centered_orientation_rmse,kcal/mol,glider,10,0.0401734328977516,0.029723343068339,0.0501157129598293,mace_polar_l,-0.0099755651469319,-0.025827334666081,0.0042780945853786,0.0501489980446836,0.1989185334878183,5.0,0.0,1.0,-0.3904458332566566,
W4_quantum,clearance_A=1.8,centered_orientation_rmse,kcal/mol,glider,10,0.0401734328977516,0.029723343068339,0.0501157129598293,exact_dipole_base_com,-0.1670544580413562,-0.2900770719065442,-0.075828743842945,0.2072278909391079,0.8061388709999646,10.0,0.0,0.001953125,-0.9066103995486262,
W4_quantum,clearance_A=1.8,centered_orientation_rmse,kcal/mol,mace_polar_l,10,0.0501489980446836,0.0335178434026418,0.069287716836967,,,,,,,,,,,
W4_quantum,clearance_A=1.8,centered_orientation_rmse,kcal/mol,mace_polar_l,10,0.0501489980446836,0.0335178434026418,0.069287716836967,zero,-0.0605876312270805,-0.0818412069368529,-0.0370563516256877,0.1107366292717641,0.5471327023905478,10.0,0.0,0.001953125,-1.6022749465873398,
W4_quantum,clearance_A=1.8,centered_orientation_rmse,kcal/mol,mace_polar_l,10,0.0501489980446836,0.0335178434026418,0.069287716836967,exact_dipole_base_com,-0.1570788928944242,-0.2726770989265796,-0.0695554515545677,0.2072278909391079,0.7580007313811854,9.0,0.0,0.021484375,-0.9012522608425936,
W4_quantum,clearance_A=1.8,centered_orientation_rmse,kcal/mol,zero,10,0.1107366292717641,0.0753719997081817,0.1459198603250478,,,,,,,,,,,
W4_quantum,clearance_A=1.8,centered_orientation_rmse,kcal/mol,zero,10,0.1107366292717641,0.0753719997081817,0.1459198603250478,mace_polar_l,0.0605876312270805,0.0370563516256877,0.0818412069368529,0.0501489980446836,-1.208152377702461,0.0,0.0,0.001953125,1.6022749465873398,
W4_quantum,clearance_A=1.8,centered_orientation_rmse,kcal/mol,zero,10,0.1107366292717641,0.0753719997081817,0.1459198603250478,exact_dipole_base_com,-0.0964912616673437,-0.1981668460772901,-0.0262422655495307,0.2072278909391079,0.4656287395971079,8.0,0.0,0.109375,-0.6434638582060616,
W4_quantum,clearance_A=1.8,centered_orientation_nrmse,1,exact_dipole_base_com,10,1.97359435527172,1.384534439560539,2.647779664080912,,,,,,,,,,,
W4_quantum,clearance_A=1.8,centered_orientation_nrmse,1,exact_dipole_base_com,10,1.97359435527172,1.384534439560539,2.647779664080912,zero,0.97359435527172,0.384534439560539,1.6477796640809124,1.0,-0.97359435527172,2.0,0.0,0.109375,0.9030678997473708,
W4_quantum,clearance_A=1.8,centered_orientation_nrmse,1,exact_dipole_base_com,10,1.97359435527172,1.384534439560539,2.647779664080912,mace_polar_l,1.4092438722487055,0.7320768071887604,2.153124229494661,0.5643504830230143,-2.497107585874497,0.0,0.0,0.001953125,1.16511283260532,
W4_quantum,clearance_A=1.8,centered_orientation_nrmse,1,exact_dipole_nuclear_center,10,1.9486432903680064,1.3679414019560057,2.614620464113092,,,,,,,,,,,
W4_quantum,clearance_A=1.8,centered_orientation_nrmse,1,exact_dipole_nuclear_center,10,1.9486432903680064,1.3679414019560057,2.614620464113092,zero,0.9486432903680068,0.3679414019560054,1.614620464113092,1.0,-0.9486432903680064,2.0,0.0,0.109375,0.8906457261403234,
W4_quantum,clearance_A=1.8,centered_orientation_nrmse,1,exact_dipole_nuclear_center,10,1.9486432903680064,1.3679414019560057,2.614620464113092,mace_polar_l,1.3842928073449925,0.7157452664455368,2.1204393895963745,0.5643504830230143,-2.452895583485379,0.0,0.0,0.001953125,1.1588162945520657,
W4_quantum,clearance_A=1.8,centered_orientation_nrmse,1,exact_dipole_nuclear_center,10,1.9486432903680064,1.3679414019560057,2.614620464113092,exact_dipole_base_com,-0.0249510649037132,-0.0412846582793419,-0.010319673527306,1.97359435527172,0.0126424484530298,9.0,0.0,0.021484375,-0.93675294037222,
W4_quantum,clearance_A=1.8,centered_orientation_nrmse,1,exact_dipole_solute_com,10,1.5806177755551984,1.0521001656973217,2.1089996155171824,,,,,,,,,,,
W4_quantum,clearance_A=1.8,centered_orientation_nrmse,1,exact_dipole_solute_com,10,1.5806177755551984,1.0521001656973217,2.1089996155171824,zero,0.5806177755551983,0.0521001656973215,1.1089996155171824,1.0,-0.5806177755551984,2.0,0.0,0.109375,0.6482622325117305,
W4_quantum,clearance_A=1.8,centered_orientation_nrmse,1,exact_dipole_solute_com,10,1.5806177755551984,1.0521001656973217,2.1089996155171824,mace_polar_l,1.0162672925321838,0.4611026272660881,1.595740104681822,0.5643504830230143,-1.8007733192473243,2.0,0.0,0.109375,1.0543585025750384,
W4_quantum,clearance_A=1.8,centered_orientation_nrmse,1,exact_dipole_solute_com,10,1.5806177755551984,1.0521001656973217,2.1089996155171824,exact_dipole_base_com,-0.3929765797165216,-0.6860010019451968,-0.1277891353519618,1.97359435527172,0.199117198864514,8.0,0.0,0.109375,-0.826907983678504,
W4_quantum,clearance_A=1.8,centered_orientation_nrmse,1,glider,10,0.618834432671916,0.4547891286018247,0.8352550664560421,,,,,,,,,,,
W4_quantum,clearance_A=1.8,centered_orientation_nrmse,1,glider,10,0.618834432671916,0.4547891286018247,0.8352550664560421,zero,-0.3811655673280841,-0.5452108713981753,-0.1647449335439577,1.0,0.381165567328084,9.0,0.0,0.021484375,-1.1659470177967364,
W4_quantum,clearance_A=1.8,centered_orientation_nrmse,1,glider,10,0.618834432671916,0.4547891286018247,0.8352550664560421,mace_polar_l,0.0544839496489015,-0.1060089218497054,0.2224355696621651,0.5643504830230143,-0.0965427536396381,5.0,0.0,1.0,0.1937256231752087,
W4_quantum,clearance_A=1.8,centered_orientation_nrmse,1,glider,10,0.618834432671916,0.4547891286018247,0.8352550664560421,exact_dipole_base_com,-1.354759922599804,-2.0925044354969384,-0.6532995229357238,1.97359435527172,0.6864429455734249,9.0,0.0,0.021484375,-1.1074365725783477,
W4_quantum,clearance_A=1.8,centered_orientation_nrmse,1,mace_polar_l,10,0.5643504830230143,0.4196634475128693,0.7046959527102046,,,,,,,,,,,
W4_quantum,clearance_A=1.8,centered_orientation_nrmse,1,mace_polar_l,10,0.5643504830230143,0.4196634475128693,0.7046959527102046,zero,-0.4356495169769857,-0.5803365524871307,-0.2953040472897955,1.0,0.4356495169769857,10.0,0.0,0.001953125,-1.8176375101092248,
W4_quantum,clearance_A=1.8,centered_orientation_nrmse,1,mace_polar_l,10,0.5643504830230143,0.4196634475128693,0.7046959527102046,exact_dipole_base_com,-1.4092438722487055,-2.153124229494661,-0.7320768071887604,1.97359435527172,0.7140494035587592,10.0,0.0,0.001953125,-1.16511283260532,
W4_quantum,clearance_A=1.8,centered_orientation_nrmse,1,zero,10,1.0,1.0,1.0,,,,,,,,,,,
W4_quantum,clearance_A=1.8,centered_orientation_nrmse,1,zero,10,1.0,1.0,1.0,mace_polar_l,0.4356495169769857,0.2953040472897955,0.5803365524871307,0.5643504830230143,-0.7719485144114244,0.0,0.0,0.001953125,1.8176375101092248,
W4_quantum,clearance_A=1.8,centered_orientation_nrmse,1,zero,10,1.0,1.0,1.0,exact_dipole_base_com,-0.97359435527172,-1.6477796640809124,-0.3845344395605392,1.97359435527172,0.4933102654408827,8.0,0.0,0.109375,-0.9030678997473708,
W4_quantum,clearance_A=1.8,torque_vrmse,kcal/mol,exact_dipole_base_com,10,0.4211290252006562,0.2200034135944097,0.7081456979526659,,,,,,,,,,,
W4_quantum,clearance_A=1.8,torque_vrmse,kcal/mol,exact_dipole_base_com,10,0.4211290252006562,0.2200034135944097,0.7081456979526659,zero,0.1973013943871851,0.0475296655132761,0.4153678936502462,0.2238276308134711,-0.8814881061382811,2.0,0.0,0.109375,0.6035182284161538,
W4_quantum,clearance_A=1.8,torque_vrmse,kcal/mol,exact_dipole_base_com,10,0.4211290252006562,0.2200034135944097,0.7081456979526659,mace_polar_l,0.3086338658976225,0.1254474166286649,0.5745193085663294,0.1124951593030337,-2.7435301910746257,0.0,0.0,0.001953125,0.7825561656633176,
W4_quantum,clearance_A=1.8,torque_vrmse,kcal/mol,exact_dipole_nuclear_center,10,0.4188842492871474,0.2171512321196611,0.7086986721703059,,,,,,,,,,,
W4_quantum,clearance_A=1.8,torque_vrmse,kcal/mol,exact_dipole_nuclear_center,10,0.4188842492871474,0.2171512321196611,0.7086986721703059,zero,0.1950566184736763,0.04604324815155,0.4150994272801951,0.2238276308134711,-0.8714590676976275,2.0,0.0,0.109375,0.5925519309495114,
W4_quantum,clearance_A=1.8,torque_vrmse,kcal/mol,exact_dipole_nuclear_center,10,0.4188842492871474,0.2171512321196611,0.7086986721703059,mace_polar_l,0.3063890899841138,0.1231306886769899,0.5743481294603069,0.1124951593030337,-2.72357576879178,0.0,0.0,0.001953125,0.7705300850433947,
W4_quantum,clearance_A=1.8,torque_vrmse,kcal/mol,exact_dipole_nuclear_center,10,0.4188842492871474,0.2171512321196611,0.7086986721703059,exact_dipole_base_com,-0.0022447759135087,-0.0095816705844188,0.0027667346845069,0.4211290252006562,0.0053303756786632,5.0,0.0,1.0,-0.2064087958786198,
W4_quantum,clearance_A=1.8,torque_vrmse,kcal/mol,exact_dipole_solute_com,10,0.3467171014058242,0.1630347816400398,0.5821101097971632,,,,,,,,,,,
W4_quantum,clearance_A=1.8,torque_vrmse,kcal/mol,exact_dipole_solute_com,10,0.3467171014058242,0.1630347816400398,0.5821101097971632,zero,0.1228894705923532,0.0108704814444556,0.2850858592676254,0.2238276308134711,-0.5490361942613071,3.0,0.0,0.34375,0.5071123244491492,
W4_quantum,clearance_A=1.8,torque_vrmse,kcal/mol,exact_dipole_solute_com,10,0.3467171014058242,0.1630347816400398,0.5821101097971632,mace_polar_l,0.2342219421027906,0.0776385758810153,0.4463272021935476,0.1124951593030337,-2.082062406541916,2.0,0.0,0.109375,0.7343216507412074,
W4_quantum,clearance_A=1.8,torque_vrmse,kcal/mol,exact_dipole_solute_com,10,0.3467171014058242,0.1630347816400398,0.5821101097971632,exact_dipole_base_com,-0.0744119237948319,-0.1656807579159268,-0.0078375238346119,0.4211290252006562,0.1766962601529941,6.0,0.0,0.75390625,-0.5571876424100684,
W4_quantum,clearance_A=1.8,torque_vrmse,kcal/mol,glider,10,0.0871348541019907,0.0679028868959528,0.1074248389512818,,,,,,,,,,,
W4_quantum,clearance_A=1.8,torque_vrmse,kcal/mol,glider,10,0.0871348541019907,0.0679028868959528,0.1074248389512818,zero,-0.1366927767114803,-0.2115951364950589,-0.0667283853145293,0.2238276308134711,0.6107055514758792,10.0,0.0,0.001953125,-1.110262055324705,
W4_quantum,clearance_A=1.8,torque_vrmse,kcal/mol,glider,10,0.0871348541019907,0.0679028868959528,0.1074248389512818,mace_polar_l,-0.0253603052010429,-0.0602625595195056,0.0038055763249757,0.1124951593030337,0.2254346352159798,6.0,0.0,0.75390625,-0.4613993919194083,
W4_quantum,clearance_A=1.8,torque_vrmse,kcal/mol,glider,10,0.0871348541019907,0.0679028868959528,0.1074248389512818,exact_dipole_base_com,-0.3339941710986654,-0.6103553299127942,-0.1419936722854736,0.4211290252006562,0.7930922617825418,9.0,0.0,0.021484375,-0.8115225868856866,
W4_quantum,clearance_A=1.8,torque_vrmse,kcal/mol,mace_polar_l,10,0.1124951593030337,0.0746715526069626,0.1517098224539677,,,,,,,,,,,
W4_quantum,clearance_A=1.8,torque_vrmse,kcal/mol,mace_polar_l,10,0.1124951593030337,0.0746715526069626,0.1517098224539677,zero,-0.1113324715104374,-0.1655924242418946,-0.0625368552724434,0.2238276308134711,0.4974027161249694,10.0,0.0,0.001953125,-1.2743094535868753,
W4_quantum,clearance_A=1.8,torque_vrmse,kcal/mol,mace_polar_l,10,0.1124951593030337,0.0746715526069626,0.1517098224539677,exact_dipole_base_com,-0.3086338658976225,-0.5745193085663294,-0.125447416628665,0.4211290252006562,0.7328724629003358,10.0,0.0,0.001953125,-0.7825561656633176,
W4_quantum,clearance_A=1.8,torque_vrmse,kcal/mol,zero,10,0.2238276308134711,0.145042048253085,0.3066362107638593,,,,,,,,,,,
W4_quantum,clearance_A=1.8,torque_vrmse,kcal/mol,zero,10,0.2238276308134711,0.145042048253085,0.3066362107638593,mace_polar_l,0.1113324715104374,0.0625368552724434,0.1655924242418945,0.1124951593030337,-0.9896645526812022,0.0,0.0,0.001953125,1.2743094535868753,
W4_quantum,clearance_A=1.8,torque_vrmse,kcal/mol,zero,10,0.2238276308134711,0.145042048253085,0.3066362107638593,exact_dipole_base_com,-0.1973013943871851,-0.4153678936502465,-0.0475296655132763,0.4211290252006562,0.4685058083877653,8.0,0.0,0.109375,-0.6035182284161538,
W4_quantum,clearance_A=3.5,energy_mae,kcal/mol,exact_dipole_base_com,10,0.0462030603498111,0.0279399731979738,0.068080963593202,,,,,,,,,,,
W4_quantum,clearance_A=3.5,energy_mae,kcal/mol,exact_dipole_base_com,10,0.0462030603498111,0.0279399731979738,0.068080963593202,zero,0.0068579765520609,-0.0041640903529058,0.023345935749311,0.0393450837977502,-0.1743032646038771,5.0,0.0,1.0,0.283804366572256,
W4_quantum,clearance_A=3.5,energy_mae,kcal/mol,exact_dipole_base_com,10,0.0462030603498111,0.0279399731979738,0.068080963593202,mace_polar_l,0.0311664693799908,0.0152397410579152,0.0507136984335026,0.0150365909698203,-2.072708464474734,1.0,0.0,0.021484375,1.0232577960096885,
W4_quantum,clearance_A=3.5,energy_mae,kcal/mol,exact_dipole_nuclear_center,10,0.0460773853614397,0.0277049592870989,0.0681621766246271,,,,,,,,,,,
W4_quantum,clearance_A=3.5,energy_mae,kcal/mol,exact_dipole_nuclear_center,10,0.0460773853614397,0.0277049592870989,0.0681621766246271,zero,0.0067323015636895,-0.0044401141882147,0.0234602822133783,0.0393450837977502,-0.1711090920099789,5.0,0.0,1.0,0.2744011472352563,
W4_quantum,clearance_A=3.5,energy_mae,kcal/mol,exact_dipole_nuclear_center,10,0.0460773853614397,0.0277049592870989,0.0681621766246271,mace_polar_l,0.0310407943916194,0.0149697081591305,0.050851256976937,0.0150365909698203,-2.06435052026892,1.0,0.0,0.021484375,1.0091251745499628,
W4_quantum,clearance_A=3.5,energy_mae,kcal/mol,exact_dipole_nuclear_center,10,0.0460773853614397,0.0277049592870989,0.0681621766246271,exact_dipole_base_com,-0.0001256749883713,-0.0004343217245523,0.0001653666848869,0.0462030603498111,0.002720057663278,9.0,0.0,0.021484375,-0.2617428591250576,
W4_quantum,clearance_A=3.5,energy_mae,kcal/mol,exact_dipole_solute_com,10,0.0419866791565445,0.0230809447878689,0.0632125612553096,,,,,,,,,,,
W4_quantum,clearance_A=3.5,energy_mae,kcal/mol,exact_dipole_solute_com,10,0.0419866791565445,0.0230809447878689,0.0632125612553096,zero,0.0026415953587943,-0.0103842377406199,0.0183651343489945,0.0393450837977502,-0.0671391468467381,5.0,0.0,1.0,0.1090967409158678,
W4_quantum,clearance_A=3.5,energy_mae,kcal/mol,exact_dipole_solute_com,10,0.0419866791565445,0.0230809447878689,0.0632125612553096,mace_polar_l,0.0269500881867242,0.0102340570222732,0.0457097249142838,0.0150365909698203,-1.792300411763236,2.0,0.0,0.109375,0.8948436213379324,
W4_quantum,clearance_A=3.5,energy_mae,kcal/mol,exact_dipole_solute_com,10,0.0419866791565445,0.0230809447878689,0.0632125612553096,exact_dipole_base_com,-0.0042163811932665,-0.0097523716611244,-0.000454188219304,0.0462030603498111,0.0912576171652628,8.0,0.0,0.109375,-0.5215506166690882,
W4_quantum,clearance_A=3.5,energy_mae,kcal/mol,glider,10,0.0100820311213131,0.0074410908862184,0.0125488653311739,,,,,,,,,,,
W4_quantum,clearance_A=3.5,energy_mae,kcal/mol,glider,10,0.0100820311213131,0.0074410908862184,0.0125488653311739,zero,-0.029263052676437,-0.0397633619801709,-0.019818157934272,0.0393450837977502,0.7437537260528171,10.0,0.0,0.001953125,-1.729954201331245,
W4_quantum,clearance_A=3.5,energy_mae,kcal/mol,glider,10,0.0100820311213131,0.0074410908862184,0.0125488653311739,mace_polar_l,-0.0049545598485071,-0.0068614070723701,-0.0029643429104002,0.0150365909698203,0.3295002077566217,10.0,0.0,0.001953125,-1.474681659359708,
W4_quantum,clearance_A=3.5,energy_mae,kcal/mol,glider,10,0.0100820311213131,0.0074410908862184,0.0125488653311739,exact_dipole_base_com,-0.036121029228498,-0.0565186309083413,-0.0195994165840618,0.0462030603498111,0.7817886727636566,10.0,0.0,0.001953125,-1.1403765760876594,
W4_quantum,clearance_A=3.5,energy_mae,kcal/mol,mace_polar_l,10,0.0150365909698203,0.0114061485131544,0.0187357132659997,,,,,,,,,,,
W4_quantum,clearance_A=3.5,energy_mae,kcal/mol,mace_polar_l,10,0.0150365909698203,0.0114061485131544,0.0187357132659997,zero,-0.0243084928279299,-0.0337953153171632,-0.0158167582168398,0.0393450837977502,0.6178279592155778,10.0,0.0,0.001953125,-1.5851295356262065,
W4_quantum,clearance_A=3.5,energy_mae,kcal/mol,mace_polar_l,10,0.0150365909698203,0.0114061485131544,0.0187357132659997,exact_dipole_base_com,-0.0311664693799908,-0.0507136984335026,-0.0152397410579152,0.0462030603498111,0.674554220954722,9.0,0.0,0.021484375,-1.0232577960096885,
W4_quantum,clearance_A=3.5,energy_mae,kcal/mol,zero,10,0.0393450837977502,0.0279844089408206,0.0513755156377176,,,,,,,,,,,
W4_quantum,clearance_A=3.5,energy_mae,kcal/mol,zero,10,0.0393450837977502,0.0279844089408206,0.0513755156377176,mace_polar_l,0.0243084928279299,0.0158167582168398,0.0337953153171631,0.0150365909698203,-1.6166226026044792,0.0,0.0,0.001953125,1.5851295356262065,
W4_quantum,clearance_A=3.5,energy_mae,kcal/mol,zero,10,0.0393450837977502,0.0279844089408206,0.0513755156377176,exact_dipole_base_com,-0.0068579765520609,-0.023345935749311,0.0041640903529058,0.0462030603498111,0.1484312186279019,5.0,0.0,1.0,-0.283804366572256,
W4_quantum,clearance_A=3.5,energy_rmse,kcal/mol,exact_dipole_base_com,10,0.0510065771199193,0.0310791432665045,0.0742726398971185,,,,,,,,,,,
W4_quantum,clearance_A=3.5,energy_rmse,kcal/mol,exact_dipole_base_com,10,0.0510065771199193,0.0310791432665045,0.0742726398971185,zero,0.0070143807545251,-0.0042108426900152,0.0228654698828485,0.0439921963653941,-0.1594460230233687,5.0,0.0,1.0,0.299522998317022,
W4_quantum,clearance_A=3.5,energy_rmse,kcal/mol,exact_dipole_base_com,10,0.0510065771199193,0.0310791432665045,0.0742726398971185,mace_polar_l,0.0338700811987904,0.0165317411195645,0.0547962523946871,0.0171364959211288,-1.9764881545607915,1.0,0.0,0.021484375,1.034993553705775,
W4_quantum,clearance_A=3.5,energy_rmse,kcal/mol,exact_dipole_nuclear_center,10,0.0508674435034034,0.0308213352524209,0.0743043775620304,,,,,,,,,,,
W4_quantum,clearance_A=3.5,energy_rmse,kcal/mol,exact_dipole_nuclear_center,10,0.0508674435034034,0.0308213352524209,0.0743043775620304,zero,0.0068752471380093,-0.0044794188564262,0.022946214197154,0.0439921963653941,-0.1562833344556009,5.0,0.0,1.0,0.2898278953322178,
W4_quantum,clearance_A=3.5,energy_rmse,kcal/mol,exact_dipole_nuclear_center,10,0.0508674435034034,0.0308213352524209,0.0743043775620304,mace_polar_l,0.0337309475822746,0.0162849784122287,0.0548121640066766,0.0171364959211288,-1.9683690141509784,1.0,0.0,0.021484375,1.0224785545240946,
W4_quantum,clearance_A=3.5,energy_rmse,kcal/mol,exact_dipole_nuclear_center,10,0.0508674435034034,0.0308213352524209,0.0743043775620304,exact_dipole_base_com,-0.0001391336165158,-0.0004398105351348,0.0001038177798665,0.0510065771199193,0.0027277583474915,8.0,0.0,0.109375,-0.3078197712574679,
W4_quantum,clearance_A=3.5,energy_rmse,kcal/mol,exact_dipole_solute_com,10,0.0461121402373245,0.0255820344570801,0.068746690295307,,,,,,,,,,,
W4_quantum,clearance_A=3.5,energy_rmse,kcal/mol,exact_dipole_solute_com,10,0.0461121402373245,0.0255820344570801,0.068746690295307,zero,0.0021199438719304,-0.0113601826469617,0.0172062515007245,0.0439921963653941,-0.0481890891357728,5.0,0.0,1.0,0.0883505138041724,
W4_quantum,clearance_A=3.5,energy_rmse,kcal/mol,exact_dipole_solute_com,10,0.0461121402373245,0.0255820344570801,0.068746690295307,mace_polar_l,0.0289756443161956,0.0109046975123375,0.0490403824446161,0.0171364959211288,-1.6908733529629876,2.0,0.0,0.109375,0.8958652856843556,
W4_quantum,clearance_A=3.5,energy_rmse,kcal/mol,exact_dipole_solute_com,10,0.0461121402373245,0.0255820344570801,0.068746690295307,exact_dipole_base_com,-0.0048944368825947,-0.0107924938291989,-0.000784915147907,0.0510065771199193,0.0959569757266342,8.0,0.0,0.109375,-0.563390014185623,
W4_quantum,clearance_A=3.5,energy_rmse,kcal/mol,glider,10,0.0115165609263503,0.0085031321533608,0.0144294335251666,,,,,,,,,,,
W4_quantum,clearance_A=3.5,energy_rmse,kcal/mol,glider,10,0.0115165609263503,0.0085031321533608,0.0144294335251666,zero,-0.0324756354390437,-0.0440028415722264,-0.0217206178621468,0.0439921963653941,0.7382135497237933,10.0,0.0,0.001953125,-1.7194356726237692,
W4_quantum,clearance_A=3.5,energy_rmse,kcal/mol,glider,10,0.0115165609263503,0.0085031321533608,0.0144294335251666,mace_polar_l,-0.0056199349947784,-0.0080842833315025,-0.0031476504300371,0.0171364959211288,0.3279512346423893,9.0,0.0,0.021484375,-1.3312635661853,
W4_quantum,clearance_A=3.5,energy_rmse,kcal/mol,glider,10,0.0115165609263503,0.0085031321533608,0.0144294335251666,exact_dipole_base_com,-0.0394900161935689,-0.0612310924328323,-0.0210711944141897,0.0510065771199193,0.7742141979205095,10.0,0.0,0.001953125,-1.1471152583633435,
W4_quantum,clearance_A=3.5,energy_rmse,kcal/mol,mace_polar_l,10,0.0171364959211288,0.0128721958416096,0.0215849537038849,,,,,,,,,,,
W4_quantum,clearance_A=3.5,energy_rmse,kcal/mol,mace_polar_l,10,0.0171364959211288,0.0128721958416096,0.0215849537038849,zero,-0.0268557004442652,-0.0366736121010768,-0.0174779945117572,0.0439921963653941,0.6104650975187718,10.0,0.0,0.001953125,-1.6428775520167027,
W4_quantum,clearance_A=3.5,energy_rmse,kcal/mol,mace_polar_l,10,0.0171364959211288,0.0128721958416096,0.0215849537038849,exact_dipole_base_com,-0.0338700811987904,-0.0547962523946871,-0.0165317411195645,0.0510065771199193,0.6640336033362917,9.0,0.0,0.021484375,-1.034993553705775,
W4_quantum,clearance_A=3.5,energy_rmse,kcal/mol,zero,10,0.0439921963653941,0.031337522373158,0.0570635738075267,,,,,,,,,,,
W4_quantum,clearance_A=3.5,energy_rmse,kcal/mol,zero,10,0.0439921963653941,0.031337522373158,0.0570635738075267,mace_polar_l,0.0268557004442652,0.0174779945117572,0.0366736121010767,0.0171364959211288,-1.567164055467893,0.0,0.0,0.001953125,1.6428775520167027,
W4_quantum,clearance_A=3.5,energy_rmse,kcal/mol,zero,10,0.0439921963653941,0.031337522373158,0.0570635738075267,exact_dipole_base_com,-0.0070143807545251,-0.0228654698828485,0.0042108426900152,0.0510065771199193,0.1375191426398597,5.0,0.0,1.0,-0.299522998317022,
W4_quantum,clearance_A=3.5,energy_nrmse,1,exact_dipole_base_com,10,1.2725105635274794,0.9945994440995404,1.5814027220825664,,,,,,,,,,,
W4_quantum,clearance_A=3.5,energy_nrmse,1,exact_dipole_base_com,10,1.2725105635274794,0.9945994440995404,1.5814027220825664,zero,0.2725105635274795,-0.0054005559004597,0.5814027220825665,1.0,-0.2725105635274794,2.0,0.0,0.109375,0.5430398602447704,
W4_quantum,clearance_A=3.5,energy_nrmse,1,exact_dipole_base_com,10,1.2725105635274794,0.9945994440995404,1.5814027220825664,mace_polar_l,0.7762443726791073,0.4409300863069097,1.136151936610545,0.4962661908483722,-1.5641693651387154,0.0,0.0,0.001953125,1.306592063794442,
W4_quantum,clearance_A=3.5,energy_nrmse,1,exact_dipole_nuclear_center,10,1.2676161494302307,0.9862469309733076,1.5776501085872614,,,,,,,,,,,
W4_quantum,clearance_A=3.5,energy_nrmse,1,exact_dipole_nuclear_center,10,1.2676161494302307,0.9862469309733076,1.5776501085872614,zero,0.2676161494302306,-0.0137530690266922,0.5776501085872615,1.0,-0.2676161494302307,2.0,0.0,0.109375,0.5294584631324566,
W4_quantum,clearance_A=3.5,energy_nrmse,1,exact_dipole_nuclear_center,10,1.2676161494302307,0.9862469309733076,1.5776501085872614,mace_polar_l,0.7713499585818584,0.4347276290553389,1.1326546820850274,0.4962661908483722,-1.5543068877273858,0.0,0.0,0.001953125,1.2929545639885855,
W4_quantum,clearance_A=3.5,energy_nrmse,1,exact_dipole_nuclear_center,10,1.2676161494302307,0.9862469309733076,1.5776501085872614,exact_dipole_base_com,-0.0048944140972489,-0.0115383839702394,0.0011169541219788,1.2725105635274794,0.0038462659859428,7.0,0.0,0.34375,-0.4519403707759582,
W4_quantum,clearance_A=3.5,energy_nrmse,1,exact_dipole_solute_com,10,1.14329133724651,0.7697662580243096,1.5003711925418604,,,,,,,,,,,
W4_quantum,clearance_A=3.5,energy_nrmse,1,exact_dipole_solute_com,10,1.14329133724651,0.7697662580243096,1.5003711925418604,zero,0.1432913372465099,-0.2302337419756902,0.5003711925418606,1.0,-0.1432913372465099,3.0,0.0,0.34375,0.2296794922189135,
W4_quantum,clearance_A=3.5,energy_nrmse,1,exact_dipole_solute_com,10,1.14329133724651,0.7697662580243096,1.5003711925418604,mace_polar_l,0.6470251463981376,0.2559867227485661,1.046468603619251,0.4962661908483722,-1.3037864725220176,2.0,0.0,0.109375,0.961286686738964,
W4_quantum,clearance_A=3.5,energy_nrmse,1,exact_dipole_solute_com,10,1.14329133724651,0.7697662580243096,1.5003711925418604,exact_dipole_base_com,-0.1292192262809696,-0.2693234445796499,-0.0264713258155506,1.2725105635274794,0.1015466825853026,8.0,0.0,0.109375,-0.6169279234334234,
W4_quantum,clearance_A=3.5,energy_nrmse,1,glider,10,0.3549654518540295,0.2796754295717499,0.4333788434574127,,,,,,,,,,,
W4_quantum,clearance_A=3.5,energy_nrmse,1,glider,10,0.3549654518540295,0.2796754295717499,0.4333788434574127,zero,-0.6450345481459705,-0.7203245704282502,-0.5666211565425873,1.0,0.6450345481459705,10.0,0.0,0.001953125,-4.985553007031574,
W4_quantum,clearance_A=3.5,energy_nrmse,1,glider,10,0.3549654518540295,0.2796754295717499,0.4333788434574127,mace_polar_l,-0.1413007389943427,-0.2343981343694249,-0.0537009912514427,0.4962661908483722,0.2847277158913195,9.0,0.0,0.021484375,-0.9195512833856188,
W4_quantum,clearance_A=3.5,energy_nrmse,1,glider,10,0.3549654518540295,0.2796754295717499,0.4333788434574127,exact_dipole_base_com,-0.91754511167345,-1.2396542456596942,-0.614879739450128,1.2725105635274794,0.721051076487693,10.0,0.0,0.001953125,-1.721450415452232,
W4_quantum,clearance_A=3.5,energy_nrmse,1,mace_polar_l,10,0.4962661908483722,0.3747162203533399,0.6354752954420149,,,,,,,,,,,
W4_quantum,clearance_A=3.5,energy_nrmse,1,mace_polar_l,10,0.4962661908483722,0.3747162203533399,0.6354752954420149,zero,-0.5037338091516277,-0.6252837796466599,-0.3645247045579851,1.0,0.5037338091516277,10.0,0.0,0.001953125,-2.275676084803507,
W4_quantum,clearance_A=3.5,energy_nrmse,1,mace_polar_l,10,0.4962661908483722,0.3747162203533399,0.6354752954420149,exact_dipole_base_com,-0.7762443726791073,-1.136151936610545,-0.4409300863069097,1.2725105635274794,0.6100101601729018,10.0,0.0,0.001953125,-1.306592063794442,
W4_quantum,clearance_A=3.5,energy_nrmse,1,zero,10,1.0,1.0,1.0,,,,,,,,,,,
W4_quantum,clearance_A=3.5,energy_nrmse,1,zero,10,1.0,1.0,1.0,mace_polar_l,0.5037338091516277,0.3645247045579848,0.6252837796466599,0.4962661908483722,-1.0150476063873897,0.0,0.0,0.001953125,2.275676084803507,
W4_quantum,clearance_A=3.5,energy_nrmse,1,zero,10,1.0,1.0,1.0,exact_dipole_base_com,-0.2725105635274795,-0.5814027220825665,0.0054005559004594,1.2725105635274794,0.2141519067410041,8.0,0.0,0.109375,-0.5430398602447704,
W4_quantum,clearance_A=3.5,centered_orientation_rmse,kcal/mol,exact_dipole_base_com,10,0.0481915385306473,0.0287394748455663,0.0713887786539038,,,,,,,,,,,
W4_quantum,clearance_A=3.5,centered_orientation_rmse,kcal/mol,exact_dipole_base_com,10,0.0481915385306473,0.0287394748455663,0.0713887786539038,zero,0.0079395795222036,-0.0025793518754957,0.0239757414723988,0.0402519590084436,-0.1972470338782317,4.0,0.0,0.75390625,0.3357610721893851,
W4_quantum,clearance_A=3.5,centered_orientation_rmse,kcal/mol,exact_dipole_base_com,10,0.0481915385306473,0.0287394748455663,0.0713887786539038,mace_polar_l,0.0343464137406634,0.0174128845857723,0.0551158515560777,0.0138451247899839,-2.48075869749552,1.0,0.0,0.021484375,1.063517926014492,
W4_quantum,clearance_A=3.5,centered_orientation_rmse,kcal/mol,exact_dipole_nuclear_center,10,0.0480727898349143,0.0285073918353431,0.071443956959096,,,,,,,,,,,
W4_quantum,clearance_A=3.5,centered_orientation_rmse,kcal/mol,exact_dipole_nuclear_center,10,0.0480727898349143,0.0285073918353431,0.071443956959096,zero,0.0078208308264707,-0.0028592550531343,0.0240617771538155,0.0402519590084436,-0.194296899309426,4.0,0.0,0.75390625,0.3264827303247163,
W4_quantum,clearance_A=3.5,centered_orientation_rmse,kcal/mol,exact_dipole_nuclear_center,10,0.0480727898349143,0.0285073918353431,0.071443956959096,mace_polar_l,0.0342276650449304,0.0171665790706449,0.0551225260462802,0.0138451247899839,-2.4721817653598936,1.0,0.0,0.021484375,1.0509990974050178,
W4_quantum,clearance_A=3.5,centered_orientation_rmse,kcal/mol,exact_dipole_nuclear_center,10,0.0480727898349143,0.0285073918353431,0.071443956959096,exact_dipole_base_com,-0.0001187486957329,-0.0004241576848851,0.0001376283281659,0.0481915385306473,0.002464098456982,7.0,0.0,0.34375,-0.2552949166849466,
W4_quantum,clearance_A=3.5,centered_orientation_rmse,kcal/mol,exact_dipole_solute_com,10,0.0436077560788061,0.0237192926227297,0.0657509814418283,,,,,,,,,,,
W4_quantum,clearance_A=3.5,centered_orientation_rmse,kcal/mol,exact_dipole_solute_com,10,0.0436077560788061,0.0237192926227297,0.0657509814418283,zero,0.0033557970703624,-0.0091540744414755,0.0185056042470415,0.0402519590084436,-0.0833697825653281,5.0,0.0,1.0,0.1435338806656198,
W4_quantum,clearance_A=3.5,centered_orientation_rmse,kcal/mol,exact_dipole_solute_com,10,0.0436077560788061,0.0237192926227297,0.0657509814418283,mace_polar_l,0.0297626312888221,0.0123994324080213,0.049453242318368,0.0138451247899839,-2.1496831368651583,2.0,0.0,0.109375,0.9485887004745628,
W4_quantum,clearance_A=3.5,centered_orientation_rmse,kcal/mol,exact_dipole_solute_com,10,0.0436077560788061,0.0237192926227297,0.0657509814418283,exact_dipole_base_com,-0.0045837824518412,-0.0104504398861875,-0.0005971088883467,0.0481915385306473,0.0951159185118396,8.0,0.0,0.109375,-0.538489823664918,
W4_quantum,clearance_A=3.5,centered_orientation_rmse,kcal/mol,glider,10,0.010312886413972,0.0076139413510541,0.0128993033544023,,,,,,,,,,,
W4_quantum,clearance_A=3.5,centered_orientation_rmse,kcal/mol,glider,10,0.010312886413972,0.0076139413510541,0.0128993033544023,zero,-0.0299390725944716,-0.0409609264873793,-0.0197080933820796,0.0402519590084436,0.7437916894477432,10.0,0.0,0.001953125,-1.670385558418072,
W4_quantum,clearance_A=3.5,centered_orientation_rmse,kcal/mol,glider,10,0.010312886413972,0.0076139413510541,0.0128993033544023,mace_polar_l,-0.0035322383760118,-0.0059079027554519,-0.0007367001670176,0.0138451247899839,0.2551250660136501,8.0,0.0,0.109375,-0.7881353712814724,
W4_quantum,clearance_A=3.5,centered_orientation_rmse,kcal/mol,glider,10,0.010312886413972,0.0076139413510541,0.0128993033544023,exact_dipole_base_com,-0.0378786521166753,-0.0596476947783039,-0.0200256656877128,0.0481915385306473,0.7860021338099928,10.0,0.0,0.001953125,-1.1148247016449673,
W4_quantum,clearance_A=3.5,centered_orientation_rmse,kcal/mol,mace_polar_l,10,0.0138451247899839,0.0102126756461479,0.0175753600361886,,,,,,,,,,,
W4_quantum,clearance_A=3.5,centered_orientation_rmse,kcal/mol,mace_polar_l,10,0.0138451247899839,0.0102126756461479,0.0175753600361886,zero,-0.0264068342184597,-0.0362771218617558,-0.0172414455541549,0.0402519590084436,0.6560384853050352,10.0,0.0,0.001953125,-1.626262733203084,
W4_quantum,clearance_A=3.5,centered_orientation_rmse,kcal/mol,mace_polar_l,10,0.0138451247899839,0.0102126756461479,0.0175753600361886,exact_dipole_base_com,-0.0343464137406634,-0.0551158515560777,-0.0174128845857723,0.0481915385306473,0.712706312931281,9.0,0.0,0.021484375,-1.063517926014492,
W4_quantum,clearance_A=3.5,centered_orientation_rmse,kcal/mol,zero,10,0.0402519590084436,0.028291267288314,0.0527125849802228,,,,,,,,,,,
W4_quantum,clearance_A=3.5,centered_orientation_rmse,kcal/mol,zero,10,0.0402519590084436,0.028291267288314,0.0527125849802228,mace_polar_l,0.0264068342184597,0.0172414455541549,0.0362771218617558,0.0138451247899839,-1.9073020011754205,0.0,0.0,0.001953125,1.626262733203084,
W4_quantum,clearance_A=3.5,centered_orientation_rmse,kcal/mol,zero,10,0.0402519590084436,0.028291267288314,0.0527125849802228,exact_dipole_base_com,-0.0079395795222036,-0.0239757414723988,0.0025793518754957,0.0481915385306473,0.1647504886600479,6.0,0.0,0.75390625,-0.3357610721893851,
W4_quantum,clearance_A=3.5,centered_orientation_nrmse,1,exact_dipole_base_com,10,1.2903990760075046,1.0117556925418008,1.5944739080292183,,,,,,,,,,,
W4_quantum,clearance_A=3.5,centered_orientation_nrmse,1,exact_dipole_base_com,10,1.2903990760075046,1.0117556925418008,1.5944739080292183,zero,0.2903990760075044,0.0117556925418003,0.5944739080292183,1.0,-0.2903990760075046,2.0,0.0,0.109375,0.58176442579797,
W4_quantum,clearance_A=3.5,centered_orientation_nrmse,1,exact_dipole_base_com,10,1.2903990760075046,1.0117556925418008,1.5944739080292183,mace_polar_l,0.8476212761493702,0.5183395629773693,1.2043561681466797,0.4427777998581342,-1.914326500608088,0.0,0.0,0.001953125,1.448583340747709,
W4_quantum,clearance_A=3.5,centered_orientation_nrmse,1,exact_dipole_nuclear_center,10,1.2851264541988647,1.0029502651542084,1.5906274854057545,,,,,,,,,,,
W4_quantum,clearance_A=3.5,centered_orientation_nrmse,1,exact_dipole_nuclear_center,10,1.2851264541988647,1.0029502651542084,1.5906274854057545,zero,0.2851264541988648,0.0029502651542082,0.5906274854057542,1.0,-0.2851264541988647,2.0,0.0,0.109375,0.5654543862811994,
W4_quantum,clearance_A=3.5,centered_orientation_nrmse,1,exact_dipole_nuclear_center,10,1.2851264541988647,1.0029502651542084,1.5906274854057545,mace_polar_l,0.8423486543407306,0.5110981638112473,1.2016911304923843,0.4427777998581342,-1.902418446928953,1.0,0.0,0.021484375,1.4309708999943376,
W4_quantum,clearance_A=3.5,centered_orientation_nrmse,1,exact_dipole_nuclear_center,10,1.2851264541988647,1.0029502651542084,1.5906274854057545,exact_dipole_base_com,-0.0052726218086396,-0.0130892150969158,0.0017870370581148,1.2903990760075046,0.0040860396653051,7.0,0.0,0.34375,-0.41334092579059,
W4_quantum,clearance_A=3.5,centered_orientation_nrmse,1,exact_dipole_solute_com,10,1.1601360810248047,0.7930615084724263,1.5049256250988516,,,,,,,,,,,
W4_quantum,clearance_A=3.5,centered_orientation_nrmse,1,exact_dipole_solute_com,10,1.1601360810248047,0.7930615084724263,1.5049256250988516,zero,0.1601360810248044,-0.2069384915275737,0.5049256250988516,1.0,-0.1601360810248047,2.0,0.0,0.109375,0.2634833246044695,
W4_quantum,clearance_A=3.5,centered_orientation_nrmse,1,exact_dipole_solute_com,10,1.1601360810248047,0.7930615084724263,1.5049256250988516,mace_polar_l,0.7173582811666701,0.342398055801164,1.1035102946123718,0.4427777998581342,-1.6201315454309395,2.0,0.0,0.109375,1.105995723691958,
W4_quantum,clearance_A=3.5,centered_orientation_nrmse,1,exact_dipole_solute_com,10,1.1601360810248047,0.7930615084724263,1.5049256250988516,exact_dipole_base_com,-0.1302629949826999,-0.2818900977170763,-0.0280711311215196,1.2903990760075046,0.1009478365295593,7.0,0.0,0.34375,-0.5763724013816186,
W4_quantum,clearance_A=3.5,centered_orientation_nrmse,1,glider,10,0.3491238200085388,0.2775202514085461,0.4199909926205382,,,,,,,,,,,
W4_quantum,clearance_A=3.5,centered_orientation_nrmse,1,glider,10,0.3491238200085388,0.2775202514085461,0.4199909926205382,zero,-0.6508761799914611,-0.7224797485914538,-0.5800090073794617,1.0,0.6508761799914611,10.0,0.0,0.001953125,-5.401123739772379,
W4_quantum,clearance_A=3.5,centered_orientation_nrmse,1,glider,10,0.3491238200085388,0.2775202514085461,0.4199909926205382,mace_polar_l,-0.0936539798495953,-0.1923179661173184,0.0020365679105546,0.4427777998581342,0.2115146239933485,8.0,0.0,0.109375,-0.5638445914169139,
W4_quantum,clearance_A=3.5,centered_orientation_nrmse,1,glider,10,0.3491238200085388,0.2775202514085461,0.4199909926205382,exact_dipole_base_com,-0.9412752559989656,-1.2609610038178678,-0.6376681046818979,1.2903990760075046,0.7294450790458342,10.0,0.0,0.001953125,-1.7729958458735533,
W4_quantum,clearance_A=3.5,centered_orientation_nrmse,1,mace_polar_l,10,0.4427777998581342,0.3316168731117908,0.5681016095398078,,,,,,,,,,,
W4_quantum,clearance_A=3.5,centered_orientation_nrmse,1,mace_polar_l,10,0.4427777998581342,0.3316168731117908,0.5681016095398078,zero,-0.5572222001418657,-0.6683831268882092,-0.4318983904601923,1.0,0.5572222001418657,10.0,0.0,0.001953125,-2.7363027907740003,
W4_quantum,clearance_A=3.5,centered_orientation_nrmse,1,mace_polar_l,10,0.4427777998581342,0.3316168731117908,0.5681016095398078,exact_dipole_base_com,-0.8476212761493702,-1.2043561681466797,-0.5183395629773695,1.2903990760075046,0.6568675473419517,10.0,0.0,0.001953125,-1.448583340747709,
W4_quantum,clearance_A=3.5,centered_orientation_nrmse,1,zero,10,1.0,1.0,1.0,,,,,,,,,,,
W4_quantum,clearance_A=3.5,centered_orientation_nrmse,1,zero,10,1.0,1.0,1.0,mace_polar_l,0.5572222001418657,0.4318983904601922,0.6683831268882092,0.4427777998581342,-1.258469147099063,0.0,0.0,0.001953125,2.7363027907740003,
W4_quantum,clearance_A=3.5,centered_orientation_nrmse,1,zero,10,1.0,1.0,1.0,exact_dipole_base_com,-0.2903990760075044,-0.5944739080292187,-0.0117556925418004,1.2903990760075046,0.2250459423033682,8.0,0.0,0.109375,-0.58176442579797,
W4_quantum,clearance_A=3.5,torque_vrmse,kcal/mol,exact_dipole_base_com,10,0.0861291366034733,0.0459308392290837,0.1374162235279222,,,,,,,,,,,
W4_quantum,clearance_A=3.5,torque_vrmse,kcal/mol,exact_dipole_base_com,10,0.0861291366034733,0.0459308392290837,0.1374162235279222,zero,0.0110053938153716,-0.0046198378147538,0.0293399150960215,0.0751237427881017,-0.1464968784424654,5.0,0.0,1.0,0.3819936576798909,
W4_quantum,clearance_A=3.5,torque_vrmse,kcal/mol,exact_dipole_base_com,10,0.0861291366034733,0.0459308392290837,0.1374162235279222,mace_polar_l,0.0649756613353455,0.0277524324740809,0.11035864720809,0.0211534752681277,-3.0716305718921424,0.0,0.0,0.001953125,0.9172404353342868,
W4_quantum,clearance_A=3.5,torque_vrmse,kcal/mol,exact_dipole_nuclear_center,10,0.0861746568431736,0.0453913691693386,0.1383780906324032,,,,,,,,,,,
W4_quantum,clearance_A=3.5,torque_vrmse,kcal/mol,exact_dipole_nuclear_center,10,0.0861746568431736,0.0453913691693386,0.1383780906324032,zero,0.0110509140550718,-0.004898013630208,0.0300665526430712,0.0751237427881017,-0.1471028152343623,5.0,0.0,1.0,0.3712961443646076,
W4_quantum,clearance_A=3.5,torque_vrmse,kcal/mol,exact_dipole_nuclear_center,10,0.0861746568431736,0.0453913691693386,0.1383780906324032,mace_polar_l,0.0650211815750458,0.027352298702152,0.1112727887560354,0.0211534752681277,-3.073782475497735,0.0,0.0,0.001953125,0.901403620185305,
W4_quantum,clearance_A=3.5,torque_vrmse,kcal/mol,exact_dipole_nuclear_center,10,0.0861746568431736,0.0453913691693386,0.1383780906324032,exact_dipole_base_com,4.552023970028907e-05,-0.0008258835275751,0.0011076486919896,0.0861291366034733,-0.0005285115060409,5.0,0.0,1.0,0.0284074388104027,
W4_quantum,clearance_A=3.5,torque_vrmse,kcal/mol,exact_dipole_solute_com,10,0.0819128522597521,0.038985731758901,0.1354776014716849,,,,,,,,,,,
W4_quantum,clearance_A=3.5,torque_vrmse,kcal/mol,exact_dipole_solute_com,10,0.0819128522597521,0.038985731758901,0.1354776014716849,zero,0.0067891094716504,-0.0094273877273898,0.026692623236586,0.0751237427881017,-0.0903723539281069,6.0,0.0,0.75390625,0.2186655490577028,
W4_quantum,clearance_A=3.5,torque_vrmse,kcal/mol,exact_dipole_solute_com,10,0.0819128522597521,0.038985731758901,0.1354776014716849,mace_polar_l,0.0607593769916243,0.0212023267630816,0.1087547705487122,0.0211534752681277,-2.872311817395385,2.0,0.0,0.109375,0.8096065570216823,
W4_quantum,clearance_A=3.5,torque_vrmse,kcal/mol,exact_dipole_solute_com,10,0.0819128522597521,0.038985731758901,0.1354776014716849,exact_dipole_base_com,-0.0042162843437212,-0.0116002312037518,0.0003543507511793,0.0861291366034733,0.0489530547964548,6.0,0.0,0.75390625,-0.3822058020120311,
W4_quantum,clearance_A=3.5,torque_vrmse,kcal/mol,glider,10,0.0174337546284313,0.0130477860542875,0.0220788725804811,,,,,,,,,,,
W4_quantum,clearance_A=3.5,torque_vrmse,kcal/mol,glider,10,0.0174337546284313,0.0130477860542875,0.0220788725804811,zero,-0.0576899881596704,-0.0911788009003392,-0.0296599622589035,0.0751237427881017,0.7679328268080847,10.0,0.0,0.001953125,-1.098931593385453,
W4_quantum,clearance_A=3.5,torque_vrmse,kcal/mol,glider,10,0.0174337546284313,0.0130477860542875,0.0220788725804811,mace_polar_l,-0.0037197206396964,-0.0075627717712346,-0.0004578517089211,0.0211534752681277,0.1758444223725739,6.0,0.0,0.75390625,-0.613145930283462,
W4_quantum,clearance_A=3.5,torque_vrmse,kcal/mol,glider,10,0.0174337546284313,0.0130477860542875,0.0220788725804811,exact_dipole_base_com,-0.068695381975042,-0.1169601876205651,-0.0299972950666157,0.0861291366034733,0.7975858656438888,9.0,0.0,0.021484375,-0.9175218294844186,
W4_quantum,clearance_A=3.5,torque_vrmse,kcal/mol,mace_polar_l,10,0.0211534752681277,0.0157438664630832,0.0280277951120524,,,,,,,,,,,
W4_quantum,clearance_A=3.5,torque_vrmse,kcal/mol,mace_polar_l,10,0.0211534752681277,0.0157438664630832,0.0280277951120524,zero,-0.0539702675199739,-0.0847803426997176,-0.027737948296022,0.0751237427881017,0.71841824590936,10.0,0.0,0.001953125,-1.1098530267835187,
W4_quantum,clearance_A=3.5,torque_vrmse,kcal/mol,mace_polar_l,10,0.0211534752681277,0.0157438664630832,0.0280277951120524,exact_dipole_base_com,-0.0649756613353455,-0.11035864720809,-0.0277524324740809,0.0861291366034733,0.7543981502390364,10.0,0.0,0.001953125,-0.9172404353342868,
W4_quantum,clearance_A=3.5,torque_vrmse,kcal/mol,zero,10,0.0751237427881017,0.045375070320857,0.1114523440007099,,,,,,,,,,,
W4_quantum,clearance_A=3.5,torque_vrmse,kcal/mol,zero,10,0.0751237427881017,0.045375070320857,0.1114523440007099,mace_polar_l,0.0539702675199739,0.027737948296022,0.0847803426997175,0.0211534752681277,-2.551366469853384,0.0,0.0,0.001953125,1.1098530267835187,
W4_quantum,clearance_A=3.5,torque_vrmse,kcal/mol,zero,10,0.0751237427881017,0.045375070320857,0.1114523440007099,exact_dipole_base_com,-0.0110053938153716,-0.0293399150960215,0.0046198378147538,0.0861291366034733,0.1277778258249458,5.0,0.0,1.0,-0.3819936576798909,
W4_quantum,clearance_A=7.5,energy_mae,kcal/mol,exact_dipole_base_com,10,0.0062239856987185,0.0042587071952687,0.0083093364386071,,,,,,,,,,,
W4_quantum,clearance_A=7.5,energy_mae,kcal/mol,exact_dipole_base_com,10,0.0062239856987185,0.0042587071952687,0.0083093364386071,zero,-0.0026433308046852,-0.0037910425431788,-0.0015583144818972,0.0088673165034037,0.2980981679937262,10.0,0.0,0.001953125,-1.3858393240591091,
W4_quantum,clearance_A=7.5,energy_mae,kcal/mol,exact_dipole_base_com,10,0.0062239856987185,0.0042587071952687,0.0083093364386071,mace_polar_l,0.0039813647925384,0.0023480914486753,0.0058627356032997,0.0022426209061801,-1.775317790700437,1.0,0.0,0.021484375,1.327785075126311,
W4_quantum,clearance_A=7.5,energy_mae,kcal/mol,exact_dipole_nuclear_center,10,0.0062187642993736,0.0042336843125036,0.0083267776112418,,,,,,,,,,,
W4_quantum,clearance_A=7.5,energy_mae,kcal/mol,exact_dipole_nuclear_center,10,0.0062187642993736,0.0042336843125036,0.0083267776112418,zero,-0.00264855220403,-0.0037736577727764,-0.0015693012560395,0.0088673165034037,0.2986870044633483,10.0,0.0,0.001953125,-1.403253795573673,
W4_quantum,clearance_A=7.5,energy_mae,kcal/mol,exact_dipole_nuclear_center,10,0.0062187642993736,0.0042336843125036,0.0083267776112418,mace_polar_l,0.0039761433931935,0.0023185494309316,0.0058820324703924,0.0022426209061801,-1.7729895330218897,1.0,0.0,0.021484375,1.3093480480956765,
W4_quantum,clearance_A=7.5,energy_mae,kcal/mol,exact_dipole_nuclear_center,10,0.0062187642993736,0.0042336843125036,0.0083267776112418,exact_dipole_base_com,-5.22139934488572e-06,-4.443992547014511e-05,3.558419422717786e-05,0.0062239856987185,0.0008389157041218,7.0,0.0,0.34375,-0.0774392356256478,
W4_quantum,clearance_A=7.5,energy_mae,kcal/mol,exact_dipole_solute_com,10,0.0058647600769804,0.0035537325056888,0.0081595781915939,,,,,,,,,,,
W4_quantum,clearance_A=7.5,energy_mae,kcal/mol,exact_dipole_solute_com,10,0.0058647600769804,0.0035537325056888,0.0081595781915939,zero,-0.0030025564264233,-0.004445540897084,-0.0016819386371856,0.0088673165034037,0.3386093667989425,9.0,0.0,0.021484375,-1.2734714916266523,
W4_quantum,clearance_A=7.5,energy_mae,kcal/mol,exact_dipole_solute_com,10,0.0058647600769804,0.0035537325056888,0.0081595781915939,mace_polar_l,0.0036221391708002,0.0016153545001453,0.0057142597692632,0.0022426209061801,-1.615136629119263,2.0,0.0,0.109375,1.044648151839162,
W4_quantum,clearance_A=7.5,energy_mae,kcal/mol,exact_dipole_solute_com,10,0.0058647600769804,0.0035537325056888,0.0081595781915939,exact_dipole_base_com,-0.0003592256217381,-0.0010145361698057,6.067531349705337e-05,0.0062239856987185,0.0577163314838792,7.0,0.0,0.34375,-0.3696248185494807,
W4_quantum,clearance_A=7.5,energy_mae,kcal/mol,glider,10,0.0019527977356431,0.0014145028654849,0.0025728993348202,,,,,,,,,,,
W4_quantum,clearance_A=7.5,energy_mae,kcal/mol,glider,10,0.0019527977356431,0.0014145028654849,0.0025728993348202,zero,-0.0069145187677606,-0.0095077260696182,-0.0046264494562142,0.0088673165034037,0.7797757940755191,10.0,0.0,0.001953125,-1.6605999286715971,
W4_quantum,clearance_A=7.5,energy_mae,kcal/mol,glider,10,0.0019527977356431,0.0014145028654849,0.0025728993348202,mace_polar_l,-0.000289823170537,-0.0007780953086578,0.0001613170093525,0.0022426209061801,0.1292341339271137,6.0,0.0,0.75390625,-0.3605170094218163,
W4_quantum,clearance_A=7.5,energy_mae,kcal/mol,glider,10,0.0019527977356431,0.0014145028654849,0.0025728993348202,exact_dipole_base_com,-0.0042711879630754,-0.0062901212030363,-0.0024664414222667,0.0062239856987185,0.6862464295113672,9.0,0.0,0.021484375,-1.3120151718256388,
W4_quantum,clearance_A=7.5,energy_mae,kcal/mol,mace_polar_l,10,0.0022426209061801,0.0017783266173036,0.0027266890925148,,,,,,,,,,,
W4_quantum,clearance_A=7.5,energy_mae,kcal/mol,mace_polar_l,10,0.0022426209061801,0.0017783266173036,0.0027266890925148,zero,-0.0066246955972236,-0.0091286540704079,-0.0044445495884217,0.0088673165034037,0.7470913657678362,10.0,0.0,0.001953125,-1.6552899864409365,
W4_quantum,clearance_A=7.5,energy_mae,kcal/mol,mace_polar_l,10,0.0022426209061801,0.0017783266173036,0.0027266890925148,exact_dipole_base_com,-0.0039813647925384,-0.0058627356032997,-0.0023480914486753,0.0062239856987185,0.6396809030840324,9.0,0.0,0.021484375,-1.327785075126311,
W4_quantum,clearance_A=7.5,energy_mae,kcal/mol,zero,10,0.0088673165034037,0.0064087535461819,0.0115278332486222,,,,,,,,,,,
W4_quantum,clearance_A=7.5,energy_mae,kcal/mol,zero,10,0.0088673165034037,0.0064087535461819,0.0115278332486222,mace_polar_l,0.0066246955972236,0.0044445495884217,0.0091286540704079,0.0022426209061801,-2.953997075014944,0.0,0.0,0.001953125,1.6552899864409365,
W4_quantum,clearance_A=7.5,energy_mae,kcal/mol,zero,10,0.0088673165034037,0.0064087535461819,0.0115278332486222,exact_dipole_base_com,0.0026433308046852,0.0015583144818972,0.0037910425431788,0.0062239856987185,-0.4247006552777623,0.0,0.0,0.001953125,1.3858393240591091,
W4_quantum,clearance_A=7.5,energy_rmse,kcal/mol,exact_dipole_base_com,10,0.0070348698098531,0.0048044729163933,0.0093405519313334,,,,,,,,,,,
W4_quantum,clearance_A=7.5,energy_rmse,kcal/mol,exact_dipole_base_com,10,0.0070348698098531,0.0048044729163933,0.0093405519313334,zero,-0.0028026654824129,-0.004193394477777,-0.0014844612309128,0.009837535292266,0.2848950879613389,8.0,0.0,0.109375,-1.212379004834732,
W4_quantum,clearance_A=7.5,energy_rmse,kcal/mol,exact_dipole_base_com,10,0.0070348698098531,0.0048044729163933,0.0093405519313334,mace_polar_l,0.004518072832948,0.002693446632592,0.0065476955834556,0.0025167969769051,-1.7951677765060712,0.0,0.0,0.001953125,1.375767240298746,
W4_quantum,clearance_A=7.5,energy_rmse,kcal/mol,exact_dipole_nuclear_center,10,0.0070319907898529,0.0047861456044841,0.0093569660652396,,,,,,,,,,,
W4_quantum,clearance_A=7.5,energy_rmse,kcal/mol,exact_dipole_nuclear_center,10,0.0070319907898529,0.0047861456044841,0.0093569660652396,zero,-0.0028055445024131,-0.0041798133395504,-0.0014965935665676,0.009837535292266,0.2851877445988666,8.0,0.0,0.109375,-1.225053258918041,
W4_quantum,clearance_A=7.5,energy_rmse,kcal/mol,exact_dipole_nuclear_center,10,0.0070319907898529,0.0047861456044841,0.0093569660652396,mace_polar_l,0.0045151938129478,0.002666683235857,0.0065684030439168,0.0025167969769051,-1.7940238542800775,0.0,0.0,0.001953125,1.3588050245163354,
W4_quantum,clearance_A=7.5,energy_rmse,kcal/mol,exact_dipole_nuclear_center,10,0.0070319907898529,0.0047861456044841,0.0093569660652396,exact_dipole_base_com,-2.8790200001934395e-06,-4.863374122636556e-05,4.697088991231374e-05,0.0070348698098531,0.0004092499332628,6.0,0.0,0.75390625,-0.036087119131804,
W4_quantum,clearance_A=7.5,energy_rmse,kcal/mol,exact_dipole_solute_com,10,0.0067088288288562,0.0040366835149012,0.0093153496604504,,,,,,,,,,,
W4_quantum,clearance_A=7.5,energy_rmse,kcal/mol,exact_dipole_solute_com,10,0.0067088288288562,0.0040366835149012,0.0093153496604504,zero,-0.0031287064634098,-0.0048231158658522,-0.0016117889577215,0.009837535292266,0.3180376354908216,8.0,0.0,0.109375,-1.141004933256774,
W4_quantum,clearance_A=7.5,energy_rmse,kcal/mol,exact_dipole_solute_com,10,0.0067088288288562,0.0040366835149012,0.0093153496604504,mace_polar_l,0.0041920318519511,0.0019118434619586,0.0065149705241769,0.0025167969769051,-1.665621776574913,2.0,0.0,0.109375,1.075107341726652,
W4_quantum,clearance_A=7.5,energy_rmse,kcal/mol,exact_dipole_solute_com,10,0.0067088288288562,0.0040366835149012,0.0093153496604504,exact_dipole_base_com,-0.0003260409809968,-0.0011211123617593,0.0002774863578587,0.0070348698098531,0.046346412913034,6.0,0.0,0.75390625,-0.2710577405791913,
W4_quantum,clearance_A=7.5,energy_rmse,kcal/mol,glider,10,0.0022303484155198,0.0016225221992363,0.0029117097145563,,,,,,,,,,,
W4_quantum,clearance_A=7.5,energy_rmse,kcal/mol,glider,10,0.0022303484155198,0.0016225221992363,0.0029117097145563,zero,-0.0076071868767462,-0.0104067878831489,-0.0050854142168569,0.009837535292266,0.7732817876370633,10.0,0.0,0.001953125,-1.680070897131667,
W4_quantum,clearance_A=7.5,energy_rmse,kcal/mol,glider,10,0.0022303484155198,0.0016225221992363,0.0029117097145563,mace_polar_l,-0.0002864485613852,-0.0008122875102378,0.0002084433835892,0.0025167969769051,0.1138147272163054,6.0,0.0,0.75390625,-0.3269159858044312,
W4_quantum,clearance_A=7.5,energy_rmse,kcal/mol,glider,10,0.0022303484155198,0.0016225221992363,0.0029117097145563,exact_dipole_base_com,-0.0048045213943332,-0.0070057529867683,-0.0027734513554465,0.0070348698098531,0.6829581106965191,10.0,0.0,0.001953125,-1.3314609201907728,
W4_quantum,clearance_A=7.5,energy_rmse,kcal/mol,mace_polar_l,10,0.0025167969769051,0.0019500457775416,0.0031271291752641,,,,,,,,,,,
W4_quantum,clearance_A=7.5,energy_rmse,kcal/mol,mace_polar_l,10,0.0025167969769051,0.0019500457775416,0.0031271291752641,zero,-0.0073207383153609,-0.0100713549899056,-0.0048823783961553,0.009837535292266,0.7441638680692955,10.0,0.0,0.001953125,-1.6562587067768824,
W4_quantum,clearance_A=7.5,energy_rmse,kcal/mol,mace_polar_l,10,0.0025167969769051,0.0019500457775416,0.0031271291752641,exact_dipole_base_com,-0.004518072832948,-0.0065476955834556,-0.002693446632592,0.0070348698098531,0.6422397222788576,10.0,0.0,0.001953125,-1.375767240298746,
W4_quantum,clearance_A=7.5,energy_rmse,kcal/mol,zero,10,0.009837535292266,0.0070649089457734,0.0127500788524838,,,,,,,,,,,
W4_quantum,clearance_A=7.5,energy_rmse,kcal/mol,zero,10,0.009837535292266,0.0070649089457734,0.0127500788524838,mace_polar_l,0.0073207383153609,0.0048823783961553,0.0100713549899056,0.0025167969769051,-2.908752029876917,0.0,0.0,0.001953125,1.6562587067768824,
W4_quantum,clearance_A=7.5,energy_rmse,kcal/mol,zero,10,0.009837535292266,0.0070649089457734,0.0127500788524838,exact_dipole_base_com,0.0028026654824129,0.0014844612309128,0.004193394477777,0.0070348698098531,-0.3983962117518449,2.0,0.0,0.109375,1.212379004834732,
W4_quantum,clearance_A=7.5,energy_nrmse,1,exact_dipole_base_com,10,0.8512694211920018,0.6550738749291225,1.0520697413565774,,,,,,,,,,,
W4_quantum,clearance_A=7.5,energy_nrmse,1,exact_dipole_base_com,10,0.8512694211920018,0.6550738749291225,1.0520697413565774,zero,-0.1487305788079982,-0.3449261250708775,0.0520697413565775,1.0,0.1487305788079982,5.0,0.0,1.0,-0.4355551576687725,
W4_quantum,clearance_A=7.5,energy_nrmse,1,exact_dipole_base_com,10,0.8512694211920018,0.6550738749291225,1.0520697413565774,mace_polar_l,0.5203635461514632,0.3562041671366335,0.6936848053934884,0.3309058750405386,-1.5725424823228495,0.0,0.0,0.001953125,1.8069821664535988,
W4_quantum,clearance_A=7.5,energy_nrmse,1,exact_dipole_nuclear_center,10,0.8495078671851276,0.6513988435344256,1.0507920012621677,,,,,,,,,,,
W4_quantum,clearance_A=7.5,energy_nrmse,1,exact_dipole_nuclear_center,10,0.8495078671851276,0.6513988435344256,1.0507920012621677,zero,-0.1504921328148723,-0.3486011564655745,0.0507920012621675,1.0,0.1504921328148724,5.0,0.0,1.0,-0.4387537915673308,
W4_quantum,clearance_A=7.5,energy_nrmse,1,exact_dipole_nuclear_center,10,0.8495078671851276,0.6513988435344256,1.0507920012621677,mace_polar_l,0.5186019921445891,0.3517824454109453,0.693119722866668,0.3309058750405386,-1.5672190530949508,0.0,0.0,0.001953125,1.7835884180173496,
W4_quantum,clearance_A=7.5,energy_nrmse,1,exact_dipole_nuclear_center,10,0.8495078671851276,0.6513988435344256,1.0507920012621677,exact_dipole_base_com,-0.0017615540068741,-0.0062816855410969,0.0025317002402795,0.8512694211920018,0.0020693260711838,6.0,0.0,0.75390625,-0.2343316950905835,
W4_quantum,clearance_A=7.5,energy_nrmse,1,exact_dipole_solute_com,10,0.7897548072255219,0.5250656508614523,1.0312148397638847,,,,,,,,,,,
W4_quantum,clearance_A=7.5,energy_nrmse,1,exact_dipole_solute_com,10,0.7897548072255219,0.5250656508614523,1.0312148397638847,zero,-0.210245192774478,-0.4749343491385478,0.0312148397638847,1.0,0.210245192774478,5.0,0.0,1.0,-0.4855562891488397,
W4_quantum,clearance_A=7.5,energy_nrmse,1,exact_dipole_solute_com,10,0.7897548072255219,0.5250656508614523,1.0312148397638847,mace_polar_l,0.4588489321849834,0.2230072816696383,0.6685358527134584,0.3309058750405386,-1.386644864279822,2.0,0.0,0.109375,1.1940132430655868,
W4_quantum,clearance_A=7.5,energy_nrmse,1,exact_dipole_solute_com,10,0.7897548072255219,0.5250656508614523,1.0312148397638847,exact_dipole_base_com,-0.0615146139664797,-0.1585209456763113,0.0153079204208361,0.8512694211920018,0.0722622150345105,6.0,0.0,0.75390625,-0.4094207657299378,
W4_quantum,clearance_A=7.5,energy_nrmse,1,glider,10,0.3055779297268708,0.2288164240623293,0.3884663768931972,,,,,,,,,,,
W4_quantum,clearance_A=7.5,energy_nrmse,1,glider,10,0.3055779297268708,0.2288164240623293,0.3884663768931972,zero,-0.6944220702731292,-0.7711835759376707,-0.6115336231068029,1.0,0.6944220702731292,10.0,0.0,0.001953125,-5.112015759177937,
W4_quantum,clearance_A=7.5,energy_nrmse,1,glider,10,0.3055779297268708,0.2288164240623293,0.3884663768931972,mace_polar_l,-0.0253279453136677,-0.1029929164364726,0.0416437736448917,0.3309058750405386,0.0765412379292598,5.0,0.0,1.0,-0.2045057729563882,
W4_quantum,clearance_A=7.5,energy_nrmse,1,glider,10,0.3055779297268708,0.2288164240623293,0.3884663768931972,exact_dipole_base_com,-0.545691491465131,-0.7484079254463274,-0.3469656315172521,0.8512694211920018,0.6410326482784016,10.0,0.0,0.001953125,-1.583891897328192,
W4_quantum,clearance_A=7.5,energy_nrmse,1,mace_polar_l,10,0.3309058750405386,0.2522383775950961,0.4176632510059317,,,,,,,,,,,
W4_quantum,clearance_A=7.5,energy_nrmse,1,mace_polar_l,10,0.3309058750405386,0.2522383775950961,0.4176632510059317,zero,-0.6690941249594614,-0.7477616224049038,-0.5823367489940684,1.0,0.6690941249594614,10.0,0.0,0.001953125,-4.742436827752823,
W4_quantum,clearance_A=7.5,energy_nrmse,1,mace_polar_l,10,0.3309058750405386,0.2522383775950961,0.4176632510059317,exact_dipole_base_com,-0.5203635461514632,-0.6936848053934885,-0.3562041671366337,0.8512694211920018,0.6112794999999142,10.0,0.0,0.001953125,-1.8069821664535988,
W4_quantum,clearance_A=7.5,energy_nrmse,1,zero,10,1.0,1.0,1.0,,,,,,,,,,,
W4_quantum,clearance_A=7.5,energy_nrmse,1,zero,10,1.0,1.0,1.0,mace_polar_l,0.6690941249594614,0.5823367489940681,0.7477616224049037,0.3309058750405386,-2.0220073907043568,0.0,0.0,0.001953125,4.742436827752823,
W4_quantum,clearance_A=7.5,energy_nrmse,1,zero,10,1.0,1.0,1.0,exact_dipole_base_com,0.1487305788079982,-0.0520697413565779,0.3449261250708771,0.8512694211920018,-0.1747162239185522,5.0,0.0,1.0,0.4355551576687725,
W4_quantum,clearance_A=7.5,centered_orientation_rmse,kcal/mol,exact_dipole_base_com,10,0.0065559413057808,0.0044285535547123,0.0087342436536905,,,,,,,,,,,
W4_quantum,clearance_A=7.5,centered_orientation_rmse,kcal/mol,exact_dipole_base_com,10,0.0065559413057808,0.0044285535547123,0.0087342436536905,zero,-0.0021870873615546,-0.0032069131840917,-0.0011511447209209,0.0087430286673354,0.2501521434701172,8.0,0.0,0.109375,-1.245069765718281,
W4_quantum,clearance_A=7.5,centered_orientation_rmse,kcal/mol,exact_dipole_base_com,10,0.0065559413057808,0.0044285535547123,0.0087342436536905,mace_polar_l,0.0042820743822841,0.0025477327078884,0.006194980221335,0.0022738669234966,-1.883168420295854,0.0,0.0,0.001953125,1.3804867577430804,
W4_quantum,clearance_A=7.5,centered_orientation_rmse,kcal/mol,exact_dipole_nuclear_center,10,0.0065529949520669,0.0044067193796541,0.0087560661907435,,,,,,,,,,,
W4_quantum,clearance_A=7.5,centered_orientation_rmse,kcal/mol,exact_dipole_nuclear_center,10,0.0065529949520669,0.0044067193796541,0.0087560661907435,zero,-0.0021900337152684,-0.0031983722850771,-0.0011564279043828,0.0087430286673354,0.2504891381004592,8.0,0.0,0.109375,-1.2559678228415647,
W4_quantum,clearance_A=7.5,centered_orientation_rmse,kcal/mol,exact_dipole_nuclear_center,10,0.0065529949520669,0.0044067193796541,0.0087560661907435,mace_polar_l,0.0042791280285703,0.0025197526631324,0.0062088961153824,0.0022738669234966,-1.8818726744088048,0.0,0.0,0.001953125,1.3626383993525364,
W4_quantum,clearance_A=7.5,centered_orientation_rmse,kcal/mol,exact_dipole_nuclear_center,10,0.0065529949520669,0.0044067193796541,0.0087560661907435,exact_dipole_base_com,-2.946353713817473e-06,-4.502616371672905e-05,4.0169419944150025e-05,0.0065559413057808,0.0004494173416744,5.0,0.0,1.0,-0.0412986185536323,
W4_quantum,clearance_A=7.5,centered_orientation_rmse,kcal/mol,exact_dipole_solute_com,10,0.006265699381988,0.0037691682399351,0.0087114040779433,,,,,,,,,,,
W4_quantum,clearance_A=7.5,centered_orientation_rmse,kcal/mol,exact_dipole_solute_com,10,0.006265699381988,0.0037691682399351,0.0087114040779433,zero,-0.0024773292853474,-0.0038615951586482,-0.0012480033167692,0.0087430286673354,0.2833490978478526,8.0,0.0,0.109375,-1.1111220008774498,
W4_quantum,clearance_A=7.5,centered_orientation_rmse,kcal/mol,exact_dipole_solute_com,10,0.006265699381988,0.0037691682399351,0.0087114040779433,mace_polar_l,0.0039918324584914,0.0018677733015045,0.0061425756215255,0.0022738669234966,-1.7555259796615323,2.0,0.0,0.109375,1.0999335040765403,
W4_quantum,clearance_A=7.5,centered_orientation_rmse,kcal/mol,exact_dipole_solute_com,10,0.006265699381988,0.0037691682399351,0.0087114040779433,exact_dipole_base_com,-0.0002902419237927,-0.0009939608028057,0.0002123892371141,0.0065559413057808,0.0442715866807474,6.0,0.0,0.75390625,-0.2756808538182919,
W4_quantum,clearance_A=7.5,centered_orientation_rmse,kcal/mol,glider,10,0.0019510345064322,0.0014315245566112,0.0025520699110438,,,,,,,,,,,
W4_quantum,clearance_A=7.5,centered_orientation_rmse,kcal/mol,glider,10,0.0019510345064322,0.0014315245566112,0.0025520699110438,zero,-0.0067919941609032,-0.0093814549527892,-0.004516718972127,0.0087430286673354,0.77684683641477,10.0,0.0,0.001953125,-1.6318653807686403,
W4_quantum,clearance_A=7.5,centered_orientation_rmse,kcal/mol,glider,10,0.0019510345064322,0.0014315245566112,0.0025520699110438,mace_polar_l,-0.0003228324170643,-0.0008334686695316,0.000161017016203,0.0022738669234966,0.1419750706289978,6.0,0.0,0.75390625,-0.3785455730395367,
W4_quantum,clearance_A=7.5,centered_orientation_rmse,kcal/mol,glider,10,0.0019510345064322,0.0014315245566112,0.0025520699110438,exact_dipole_base_com,-0.0046049067993485,-0.0067426919997747,-0.0026421418584495,0.0065559413057808,0.7024020784457133,9.0,0.0,0.021484375,-1.323034940059976,
W4_quantum,clearance_A=7.5,centered_orientation_rmse,kcal/mol,mace_polar_l,10,0.0022738669234966,0.0017692857532808,0.0028004371088507,,,,,,,,,,,
W4_quantum,clearance_A=7.5,centered_orientation_rmse,kcal/mol,mace_polar_l,10,0.0022738669234966,0.0017692857532808,0.0028004371088507,zero,-0.0064691617438388,-0.0089325903121664,-0.0043221290930124,0.0087430286673354,0.7399222843690354,10.0,0.0,0.001953125,-1.6330246860257949,
W4_quantum,clearance_A=7.5,centered_orientation_rmse,kcal/mol,mace_polar_l,10,0.0022738669234966,0.0017692857532808,0.0028004371088507,exact_dipole_base_com,-0.0042820743822841,-0.006194980221335,-0.0025477327078884,0.0065559413057808,0.6531593531059189,10.0,0.0,0.001953125,-1.3804867577430804,
W4_quantum,clearance_A=7.5,centered_orientation_rmse,kcal/mol,zero,10,0.0087430286673354,0.0062711450374228,0.0114093972223433,,,,,,,,,,,
W4_quantum,clearance_A=7.5,centered_orientation_rmse,kcal/mol,zero,10,0.0087430286673354,0.0062711450374228,0.0114093972223433,mace_polar_l,0.0064691617438388,0.0043221290930124,0.0089325903121664,0.0022738669234966,-2.8450045501743126,0.0,0.0,0.001953125,1.6330246860257949,
W4_quantum,clearance_A=7.5,centered_orientation_rmse,kcal/mol,zero,10,0.0087430286673354,0.0062711450374228,0.0114093972223433,exact_dipole_base_com,0.0021870873615546,0.0011511447209209,0.0032069131840917,0.0065559413057808,-0.3336038654931439,2.0,0.0,0.109375,1.245069765718281,
W4_quantum,clearance_A=7.5,centered_orientation_nrmse,1,exact_dipole_base_com,10,0.8713498869328037,0.6765082638092191,1.0632475905708303,,,,,,,,,,,
W4_quantum,clearance_A=7.5,centered_orientation_nrmse,1,exact_dipole_base_com,10,0.8713498869328037,0.6765082638092191,1.0632475905708303,zero,-0.1286501130671963,-0.323491736190781,0.0632475905708303,1.0,0.1286501130671963,5.0,0.0,1.0,-0.3885114818176218,
W4_quantum,clearance_A=7.5,centered_orientation_nrmse,1,exact_dipole_base_com,10,0.8713498869328037,0.6765082638092191,1.0632475905708303,mace_polar_l,0.5415402876775578,0.3823601425638793,0.69514912307251,0.329809599255246,-1.6419785503527726,0.0,0.0,0.001953125,2.042810893156769,
W4_quantum,clearance_A=7.5,centered_orientation_nrmse,1,exact_dipole_nuclear_center,10,0.8693642393000196,0.6720061232021977,1.0625902878216025,,,,,,,,,,,
W4_quantum,clearance_A=7.5,centered_orientation_nrmse,1,exact_dipole_nuclear_center,10,0.8693642393000196,0.6720061232021977,1.0625902878216025,zero,-0.1306357606999803,-0.3279938767978023,0.0625902878216023,1.0,0.1306357606999804,5.0,0.0,1.0,-0.3919919777319311,
W4_quantum,clearance_A=7.5,centered_orientation_nrmse,1,exact_dipole_nuclear_center,10,0.8693642393000196,0.6720061232021977,1.0625902878216025,mace_polar_l,0.5395546400447737,0.3784288118205157,0.6940800425828433,0.329809599255246,-1.635957962603756,0.0,0.0,0.001953125,2.0073374464445,
W4_quantum,clearance_A=7.5,centered_orientation_nrmse,1,exact_dipole_nuclear_center,10,0.8693642393000196,0.6720061232021977,1.0625902878216025,exact_dipole_base_com,-0.001985647632784,-0.007137265176218,0.0026560773071099,0.8713498869328037,0.0022788178004746,6.0,0.0,0.75390625,-0.2386580294763683,
W4_quantum,clearance_A=7.5,centered_orientation_nrmse,1,exact_dipole_solute_com,10,0.8106031255850535,0.5421816766579863,1.049076564688111,,,,,,,,,,,
W4_quantum,clearance_A=7.5,centered_orientation_nrmse,1,exact_dipole_solute_com,10,0.8106031255850535,0.5421816766579863,1.049076564688111,zero,-0.1893968744149463,-0.4578183233420136,0.0490765646881109,1.0,0.1893968744149464,5.0,0.0,1.0,-0.4389556911343278,
W4_quantum,clearance_A=7.5,centered_orientation_nrmse,1,exact_dipole_solute_com,10,0.8106031255850535,0.5421816766579863,1.049076564688111,mace_polar_l,0.4807935263298077,0.2394190751614936,0.6793632825581389,0.329809599255246,-1.4577911844151998,2.0,0.0,0.109375,1.2780387407706055,
W4_quantum,clearance_A=7.5,centered_orientation_nrmse,1,exact_dipole_solute_com,10,0.8106031255850535,0.5421816766579863,1.049076564688111,exact_dipole_base_com,-0.06074676134775,-0.1663455092488942,0.0177817757665426,0.8713498869328037,0.0697156931546544,7.0,0.0,0.34375,-0.3809461962374275,
W4_quantum,clearance_A=7.5,centered_orientation_nrmse,1,glider,10,0.304883705544395,0.2280102927051375,0.3862478438823294,,,,,,,,,,,
W4_quantum,clearance_A=7.5,centered_orientation_nrmse,1,glider,10,0.304883705544395,0.2280102927051375,0.3862478438823294,zero,-0.695116294455605,-0.7719897072948625,-0.6137521561176706,1.0,0.695116294455605,10.0,0.0,0.001953125,-5.14770648766071,
W4_quantum,clearance_A=7.5,centered_orientation_nrmse,1,glider,10,0.304883705544395,0.2280102927051375,0.3862478438823294,mace_polar_l,-0.0249258937108508,-0.107258717252675,0.0469205535408314,0.329809599255246,0.0755766168332787,5.0,0.0,1.0,-0.1892971282302718,
W4_quantum,clearance_A=7.5,centered_orientation_nrmse,1,glider,10,0.304883705544395,0.2280102927051375,0.3862478438823294,exact_dipole_base_com,-0.5664661813884087,-0.7663162417588326,-0.3592399168156493,0.8713498869328037,0.6501018590619191,9.0,0.0,0.021484375,-1.6320385773813866,
W4_quantum,clearance_A=7.5,centered_orientation_nrmse,1,mace_polar_l,10,0.329809599255246,0.2559541591474529,0.4099303677338184,,,,,,,,,,,
W4_quantum,clearance_A=7.5,centered_orientation_nrmse,1,mace_polar_l,10,0.329809599255246,0.2559541591474529,0.4099303677338184,zero,-0.670190400744754,-0.7440458408525471,-0.5900696322661815,1.0,0.670190400744754,10.0,0.0,0.001953125,-5.139707607014491,
W4_quantum,clearance_A=7.5,centered_orientation_nrmse,1,mace_polar_l,10,0.329809599255246,0.2559541591474529,0.4099303677338184,exact_dipole_base_com,-0.5415402876775578,-0.6951491230725101,-0.3823601425638794,0.8713498869328037,0.6214957915284838,10.0,0.0,0.001953125,-2.042810893156769,
W4_quantum,clearance_A=7.5,centered_orientation_nrmse,1,zero,10,1.0,1.0,1.0,,,,,,,,,,,
W4_quantum,clearance_A=7.5,centered_orientation_nrmse,1,zero,10,1.0,1.0,1.0,mace_polar_l,0.670190400744754,0.5900696322661815,0.744045840852547,0.329809599255246,-2.032052439523086,0.0,0.0,0.001953125,5.139707607014491,
W4_quantum,clearance_A=7.5,centered_orientation_nrmse,1,zero,10,1.0,1.0,1.0,exact_dipole_base_com,0.1286501130671963,-0.0632475905708304,0.3234917361907808,0.8713498869328037,-0.1476446086658154,5.0,0.0,1.0,0.3885114818176218,
W4_quantum,clearance_A=7.5,torque_vrmse,kcal/mol,exact_dipole_base_com,10,0.0109230888866688,0.0066700548970721,0.015263770769007,,,,,,,,,,,
W4_quantum,clearance_A=7.5,torque_vrmse,kcal/mol,exact_dipole_base_com,10,0.0109230888866688,0.0066700548970721,0.015263770769007,zero,-0.0043818178012403,-0.0093815863045837,-0.0004853603247228,0.0153049066879092,0.2863015038635943,7.0,0.0,0.34375,-0.5703940505873344,
W4_quantum,clearance_A=7.5,torque_vrmse,kcal/mol,exact_dipole_base_com,10,0.0109230888866688,0.0066700548970721,0.015263770769007,mace_polar_l,0.0072079467571052,0.0037322080058418,0.0108838710008084,0.0037151421295635,-1.9401537022627824,1.0,0.0,0.021484375,1.1873954231810808,
W4_quantum,clearance_A=7.5,torque_vrmse,kcal/mol,exact_dipole_nuclear_center,10,0.0109360702450871,0.0066471006089105,0.0153267235082151,,,,,,,,,,,
W4_quantum,clearance_A=7.5,torque_vrmse,kcal/mol,exact_dipole_nuclear_center,10,0.0109360702450871,0.0066471006089105,0.0153267235082151,zero,-0.004368836442822,-0.0092556346577757,-0.0005309208242007,0.0153049066879092,0.2854533210760036,7.0,0.0,0.34375,-0.5803816384574569,
W4_quantum,clearance_A=7.5,torque_vrmse,kcal/mol,exact_dipole_nuclear_center,10,0.0109360702450871,0.0066471006089105,0.0153267235082151,mace_polar_l,0.0072209281155236,0.0036874718196142,0.0109673684486113,0.0037151421295635,-1.9436478777117008,1.0,0.0,0.021484375,1.1716569607843386,
W4_quantum,clearance_A=7.5,torque_vrmse,kcal/mol,exact_dipole_nuclear_center,10,0.0109360702450871,0.0066471006089105,0.0153267235082151,exact_dipole_base_com,1.2981358418366682e-05,-7.971275612801473e-05,0.0001366145046547,0.0109230888866688,-0.0011884329197586,5.0,0.0,1.0,0.0699643702681865,
W4_quantum,clearance_A=7.5,torque_vrmse,kcal/mol,exact_dipole_solute_com,10,0.0109700114834303,0.0060669449308882,0.0160995931616824,,,,,,,,,,,
W4_quantum,clearance_A=7.5,torque_vrmse,kcal/mol,exact_dipole_solute_com,10,0.0109700114834303,0.0060669449308882,0.0160995931616824,zero,-0.0043348952044788,-0.0083835631979066,-0.000844330122547,0.0153049066879092,0.2832356506886408,7.0,0.0,0.34375,-0.6714087148693528,
W4_quantum,clearance_A=7.5,torque_vrmse,kcal/mol,exact_dipole_solute_com,10,0.0109700114834303,0.0060669449308882,0.0160995931616824,mace_polar_l,0.0072548693538667,0.0031742293816566,0.0115515269410166,0.0037151421295635,-1.952783796920023,2.0,0.0,0.109375,1.013748451093039,
W4_quantum,clearance_A=7.5,torque_vrmse,kcal/mol,exact_dipole_solute_com,10,0.0109700114834303,0.0060669449308882,0.0160995931616824,exact_dipole_base_com,4.692259676149255e-05,-0.0010483592427939,0.0012858189995313,0.0109230888866688,-0.0042957259845024,5.0,0.0,1.0,0.0245881897910781,
W4_quantum,clearance_A=7.5,torque_vrmse,kcal/mol,glider,10,0.0033584093352027,0.0021949824328712,0.0047432964366559,,,,,,,,,,,
W4_quantum,clearance_A=7.5,torque_vrmse,kcal/mol,glider,10,0.0033584093352027,0.0021949824328712,0.0047432964366559,zero,-0.0119464973527064,-0.0192913217370961,-0.0061137473755583,0.0153049066879092,0.7805664938907556,10.0,0.0,0.001953125,-1.0560866537202998,
W4_quantum,clearance_A=7.5,torque_vrmse,kcal/mol,glider,10,0.0033584093352027,0.0021949824328712,0.0047432964366559,mace_polar_l,-0.0003567327943608,-0.0011275867893984,0.0001782179116375,0.0037151421295635,0.0960213046822927,5.0,0.0,1.0,-0.3081045274441574,
W4_quantum,clearance_A=7.5,torque_vrmse,kcal/mol,glider,10,0.0033584093352027,0.0021949824328712,0.0047432964366559,exact_dipole_base_com,-0.007564679551466,-0.0114178220321258,-0.0037850324091185,0.0109230888866688,0.692540327186979,9.0,0.0,0.021484375,-1.1652357102406738,
W4_quantum,clearance_A=7.5,torque_vrmse,kcal/mol,mace_polar_l,10,0.0037151421295635,0.0026272282365568,0.0049043886794206,,,,,,,,,,,
W4_quantum,clearance_A=7.5,torque_vrmse,kcal/mol,mace_polar_l,10,0.0037151421295635,0.0026272282365568,0.0049043886794206,zero,-0.0115897645583456,-0.0191071232461018,-0.0057545978791097,0.0153049066879092,0.7572580999465661,10.0,0.0,0.001953125,-1.0111426754033976,
W4_quantum,clearance_A=7.5,torque_vrmse,kcal/mol,mace_polar_l,10,0.0037151421295635,0.0026272282365568,0.0049043886794206,exact_dipole_base_com,-0.0072079467571052,-0.0108838710008084,-0.0037322080058418,0.0109230888866688,0.659881726853128,9.0,0.0,0.021484375,-1.1873954231810808,
W4_quantum,clearance_A=7.5,torque_vrmse,kcal/mol,zero,10,0.0153049066879092,0.0089379260868236,0.0235287701057848,,,,,,,,,,,
W4_quantum,clearance_A=7.5,torque_vrmse,kcal/mol,zero,10,0.0153049066879092,0.0089379260868236,0.0235287701057848,mace_polar_l,0.0115897645583456,0.0057545978791097,0.0191071232461018,0.0037151421295635,-3.1196019301977698,0.0,0.0,0.001953125,1.0111426754033976,
W4_quantum,clearance_A=7.5,torque_vrmse,kcal/mol,zero,10,0.0153049066879092,0.0089379260868236,0.0235287701057848,exact_dipole_base_com,0.0043818178012403,0.0004853603247228,0.0093815863045837,0.0109230888866688,-0.4011518945513861,3.0,0.0,0.34375,0.5703940505873344,
W4_quantum,clearance_A=15.0,energy_mae,kcal/mol,exact_dipole_base_com,10,0.0009068549893698,0.0005984169257717,0.0012435266210687,,,,,,,,,,,
W4_quantum,clearance_A=15.0,energy_mae,kcal/mol,exact_dipole_base_com,10,0.0009068549893698,0.0005984169257717,0.0012435266210687,zero,-0.0008895327897719,-0.0012933944342567,-0.0005320112654387,0.0017963877791418,0.4951786023599543,10.0,0.0,0.001953125,-1.3910051583894905,
W4_quantum,clearance_A=15.0,energy_mae,kcal/mol,exact_dipole_base_com,10,0.0009068549893698,0.0005984169257717,0.0012435266210687,mace_polar_l,0.000430647885855,0.0001916954841003,0.00075391715199,0.0004762071035148,-0.9043289834959568,2.0,0.0,0.109375,0.8846698214617816,
W4_quantum,clearance_A=15.0,energy_mae,kcal/mol,exact_dipole_nuclear_center,10,0.0009061246224679,0.0005962532912018,0.0012433346960787,,,,,,,,,,,
W4_quantum,clearance_A=15.0,energy_mae,kcal/mol,exact_dipole_nuclear_center,10,0.0009061246224679,0.0005962532912018,0.0012433346960787,zero,-0.0008902631566738,-0.0012907292371217,-0.0005343604521642,0.0017963877791418,0.4955851776608941,10.0,0.0,0.001953125,-1.4027946695699471,
W4_quantum,clearance_A=15.0,energy_mae,kcal/mol,exact_dipole_nuclear_center,10,0.0009061246224679,0.0005962532912018,0.0012433346960787,mace_polar_l,0.0004299175189531,0.0001889808937702,0.0007537633811995,0.0004762071035148,-0.902795266555326,2.0,0.0,0.109375,0.8804104789729467,
W4_quantum,clearance_A=15.0,energy_mae,kcal/mol,exact_dipole_nuclear_center,10,0.0009061246224679,0.0005962532912018,0.0012433346960787,exact_dipole_base_com,-7.303669019093361e-07,-5.802365606656615e-06,4.926000216196296e-06,0.0009068549893698,0.000805384444559,6.0,0.0,0.75390625,-0.0811876964028941,
W4_quantum,clearance_A=15.0,energy_mae,kcal/mol,exact_dipole_solute_com,10,0.0008916923765493,0.0005302471259137,0.001255074372894,,,,,,,,,,,
W4_quantum,clearance_A=15.0,energy_mae,kcal/mol,exact_dipole_solute_com,10,0.0008916923765493,0.0005302471259137,0.001255074372894,zero,-0.0009046954025925,-0.0012657758255432,-0.0005604162337893,0.0017963877791418,0.503619214680198,10.0,0.0,0.001953125,-1.51967002956651,
W4_quantum,clearance_A=15.0,energy_mae,kcal/mol,exact_dipole_solute_com,10,0.0008916923765493,0.0005302471259137,0.001255074372894,mace_polar_l,0.0004154852730345,0.0001199814034018,0.0007591547401883,0.0004762071035148,-0.8724886083552934,2.0,0.0,0.109375,0.7670330366285233,
W4_quantum,clearance_A=15.0,energy_mae,kcal/mol,exact_dipole_solute_com,10,0.0008916923765493,0.0005302471259137,0.001255074372894,exact_dipole_base_com,-1.5162612820559934e-05,-0.000107017960446,7.93998983850881e-05,0.0009068549893698,0.0167199971310686,6.0,0.0,0.75390625,-0.0985506803663464,
W4_quantum,clearance_A=15.0,energy_mae,kcal/mol,glider,10,0.0004308689256354,0.0002928570021626,0.0005792581137425,,,,,,,,,,,
W4_quantum,clearance_A=15.0,energy_mae,kcal/mol,glider,10,0.0004308689256354,0.0002928570021626,0.0005792581137425,zero,-0.0013655188535064,-0.001853975547705,-0.0009087858329005,0.0017963877791418,0.7601470402780994,10.0,0.0,0.001953125,-1.7012168672377352,
W4_quantum,clearance_A=15.0,energy_mae,kcal/mol,glider,10,0.0004308689256354,0.0002928570021626,0.0005792581137425,mace_polar_l,-4.533817787937247e-05,-0.0001669978220527,5.723748077907898e-05,0.0004762071035148,0.0952068491728481,4.0,0.0,0.75390625,-0.2359418601632194,
W4_quantum,clearance_A=15.0,energy_mae,kcal/mol,glider,10,0.0004308689256354,0.0002928570021626,0.0005792581137425,exact_dipole_base_com,-0.0004759860637344,-0.0008368561834989,-0.0001889220191489,0.0009068549893698,0.524875607802735,8.0,0.0,0.109375,-0.8623183348864953,
W4_quantum,clearance_A=15.0,energy_mae,kcal/mol,mace_polar_l,10,0.0004762071035148,0.0003449538783868,0.0006200885968171,,,,,,,,,,,
W4_quantum,clearance_A=15.0,energy_mae,kcal/mol,mace_polar_l,10,0.0004762071035148,0.0003449538783868,0.0006200885968171,zero,-0.001320180675627,-0.0018175958000096,-0.0008634174769211,0.0017963877791418,0.7349085152748674,10.0,0.0,0.001953125,-1.6256249933562126,
W4_quantum,clearance_A=15.0,energy_mae,kcal/mol,mace_polar_l,10,0.0004762071035148,0.0003449538783868,0.0006200885968171,exact_dipole_base_com,-0.000430647885855,-0.00075391715199,-0.0001916954841003,0.0009068549893698,0.4748806489495289,8.0,0.0,0.109375,-0.8846698214617816,
W4_quantum,clearance_A=15.0,energy_mae,kcal/mol,zero,10,0.0017963877791418,0.0012956699820908,0.002310216059601,,,,,,,,,,,
W4_quantum,clearance_A=15.0,energy_mae,kcal/mol,zero,10,0.0017963877791418,0.0012956699820908,0.002310216059601,mace_polar_l,0.001320180675627,0.0008634174769211,0.0018175958000096,0.0004762071035148,-2.7722826179681994,0.0,0.0,0.001953125,1.6256249933562126,
W4_quantum,clearance_A=15.0,energy_mae,kcal/mol,zero,10,0.0017963877791418,0.0012956699820908,0.002310216059601,exact_dipole_base_com,0.0008895327897719,0.0005320112654387,0.0012933944342567,0.0009068549893698,-0.9808986003264328,0.0,0.0,0.001953125,1.3910051583894905,
W4_quantum,clearance_A=15.0,energy_rmse,kcal/mol,exact_dipole_base_com,10,0.0010369758826572,0.000682248186594,0.0014121190238359,,,,,,,,,,,
W4_quantum,clearance_A=15.0,energy_rmse,kcal/mol,exact_dipole_base_com,10,0.0010369758826572,0.000682248186594,0.0014121190238359,zero,-0.0010242066365246,-0.0015550376014594,-0.0005775401759839,0.0020611825191819,0.4969024465291949,10.0,0.0,0.001953125,-1.2430478950538209,
W4_quantum,clearance_A=15.0,energy_rmse,kcal/mol,exact_dipole_base_com,10,0.0010369758826572,0.000682248186594,0.0014121190238359,mace_polar_l,0.0005114395789538,0.0002417669895033,0.0008593706616488,0.0005255363037034,-0.973176496751488,2.0,0.0,0.109375,0.960388252943832,
W4_quantum,clearance_A=15.0,energy_rmse,kcal/mol,exact_dipole_nuclear_center,10,0.0010369935987423,0.000679895232989,0.0014124172548925,,,,,,,,,,,
W4_quantum,clearance_A=15.0,energy_rmse,kcal/mol,exact_dipole_nuclear_center,10,0.0010369935987423,0.000679895232989,0.0014124172548925,zero,-0.0010241889204395,-0.0015496586719698,-0.0005795240913845,0.0020611825191819,0.4968938514217851,10.0,0.0,0.001953125,-1.2535363496268666,
W4_quantum,clearance_A=15.0,energy_rmse,kcal/mol,exact_dipole_nuclear_center,10,0.0010369935987423,0.000679895232989,0.0014124172548925,mace_polar_l,0.0005114572950389,0.0002396651085479,0.0008605821836063,0.0005255363037034,-0.9732102072392674,2.0,0.0,0.109375,0.9575003990923228,
W4_quantum,clearance_A=15.0,energy_rmse,kcal/mol,exact_dipole_nuclear_center,10,0.0010369935987423,0.000679895232989,0.0014124172548925,exact_dipole_base_com,1.771608514393138e-08,-6.231253521104447e-06,7.36897366287619e-06,0.0010369758826572,-1.7084375287579334e-05,5.0,0.0,1.0,0.0015402748793464,
W4_quantum,clearance_A=15.0,energy_rmse,kcal/mol,exact_dipole_solute_com,10,0.0010131711274232,0.0006029487121041,0.001419248817337,,,,,,,,,,,
W4_quantum,clearance_A=15.0,energy_rmse,kcal/mol,exact_dipole_solute_com,10,0.0010131711274232,0.0006029487121041,0.001419248817337,zero,-0.0010480113917586,-0.0015339947370821,-0.0006088530716844,0.0020611825191819,0.5084515233394533,10.0,0.0,0.001953125,-1.3423736295983295,
W4_quantum,clearance_A=15.0,energy_rmse,kcal/mol,exact_dipole_solute_com,10,0.0010131711274232,0.0006029487121041,0.001419248817337,mace_polar_l,0.0004876348237198,0.0001561532911737,0.0008559262293164,0.0005255363037034,-0.9278803772137052,2.0,0.0,0.109375,0.8211190384271063,
W4_quantum,clearance_A=15.0,energy_rmse,kcal/mol,exact_dipole_solute_com,10,0.0010131711274232,0.0006029487121041,0.001419248817337,exact_dipole_base_com,-2.380475523399385e-05,-0.0001253878842905,7.342397065128827e-05,0.0010369758826572,0.0229559391227066,6.0,0.0,0.75390625,-0.1431031846679549,
W4_quantum,clearance_A=15.0,energy_rmse,kcal/mol,glider,10,0.0004855392241833,0.0003314930313149,0.0006482933527077,,,,,,,,,,,
W4_quantum,clearance_A=15.0,energy_rmse,kcal/mol,glider,10,0.0004855392241833,0.0003314930313149,0.0006482933527077,zero,-0.0015756432949985,-0.0021626933990942,-0.0010230373063711,0.0020611825191819,0.7644365699471971,10.0,0.0,0.001953125,-1.6237496842807937,
W4_quantum,clearance_A=15.0,energy_rmse,kcal/mol,glider,10,0.0004855392241833,0.0003314930313149,0.0006482933527077,mace_polar_l,-3.999707952003645e-05,-0.0001817414064335,7.479051762347194e-05,0.0005255363037034,0.0761071675509015,4.0,0.0,0.75390625,-0.1812834237134429,
W4_quantum,clearance_A=15.0,energy_rmse,kcal/mol,glider,10,0.0004855392241833,0.0003314930313149,0.0006482933527077,exact_dipole_base_com,-0.0005514366584738,-0.0009412623995554,-0.0002225986587502,0.0010369758826572,0.5317738509605519,8.0,0.0,0.109375,-0.9026523696775456,
W4_quantum,clearance_A=15.0,energy_rmse,kcal/mol,mace_polar_l,10,0.0005255363037034,0.0003746084906107,0.0006888698432122,,,,,,,,,,,
W4_quantum,clearance_A=15.0,energy_rmse,kcal/mol,mace_polar_l,10,0.0005255363037034,0.0003746084906107,0.0006888698432122,zero,-0.0015356462154785,-0.0021388270487527,-0.00097738120287,0.0020611825191819,0.7450316510970647,10.0,0.0,0.001953125,-1.546099548452001,
W4_quantum,clearance_A=15.0,energy_rmse,kcal/mol,mace_polar_l,10,0.0005255363037034,0.0003746084906107,0.0006888698432122,exact_dipole_base_com,-0.0005114395789538,-0.0008593706616488,-0.0002417669895033,0.0010369758826572,0.4932029640296567,8.0,0.0,0.109375,-0.960388252943832,
W4_quantum,clearance_A=15.0,energy_rmse,kcal/mol,zero,10,0.0020611825191819,0.001444065762976,0.0027082315383916,,,,,,,,,,,
W4_quantum,clearance_A=15.0,energy_rmse,kcal/mol,zero,10,0.0020611825191819,0.001444065762976,0.0027082315383916,mace_polar_l,0.0015356462154785,0.00097738120287,0.0021388270487527,0.0005255363037034,-2.922055440617427,0.0,0.0,0.001953125,1.546099548452001,
W4_quantum,clearance_A=15.0,energy_rmse,kcal/mol,zero,10,0.0020611825191819,0.001444065762976,0.0027082315383916,exact_dipole_base_com,0.0010242066365246,0.0005775401759839,0.0015550376014594,0.0010369758826572,-0.987686072216271,0.0,0.0,0.001953125,1.2430478950538209,
W4_quantum,clearance_A=15.0,energy_nrmse,1,exact_dipole_base_com,10,0.5946407720499753,0.4198842936822735,0.7760901229241962,,,,,,,,,,,
W4_quantum,clearance_A=15.0,energy_nrmse,1,exact_dipole_base_com,10,0.5946407720499753,0.4198842936822735,0.7760901229241962,zero,-0.4053592279500247,-0.5801157063177266,-0.2239098770758037,1.0,0.4053592279500246,9.0,0.0,0.021484375,-1.334514485857779,
W4_quantum,clearance_A=15.0,energy_nrmse,1,exact_dipole_base_com,10,0.5946407720499753,0.4198842936822735,0.7760901229241962,mace_polar_l,0.2753342912371495,0.1470069849859001,0.4050284354206165,0.3193064808128258,-0.8622884525746521,2.0,0.0,0.109375,1.2652457164423987,
W4_quantum,clearance_A=15.0,energy_nrmse,1,exact_dipole_nuclear_center,10,0.5935323521751312,0.418374598968092,0.774819527841096,,,,,,,,,,,
W4_quantum,clearance_A=15.0,energy_nrmse,1,exact_dipole_nuclear_center,10,0.5935323521751312,0.418374598968092,0.774819527841096,zero,-0.4064676478248688,-0.5816254010319081,-0.2251804721589041,1.0,0.4064676478248687,9.0,0.0,0.021484375,-1.3368471229113832,
W4_quantum,clearance_A=15.0,energy_nrmse,1,exact_dipole_nuclear_center,10,0.5935323521751312,0.418374598968092,0.774819527841096,mace_polar_l,0.2742258713623053,0.1444824487344871,0.4045258591065567,0.3193064808128258,-0.858817117223041,2.0,0.0,0.109375,1.2515543992019809,
W4_quantum,clearance_A=15.0,energy_nrmse,1,exact_dipole_nuclear_center,10,0.5935323521751312,0.418374598968092,0.774819527841096,exact_dipole_base_com,-0.0011084198748441,-0.004041691109617,0.0016771181428148,0.5946407720499753,0.0018640159352392,5.0,0.0,1.0,-0.2291712627036631,
W4_quantum,clearance_A=15.0,energy_nrmse,1,exact_dipole_solute_com,10,0.5610059990680043,0.3502808403526944,0.7672682415253115,,,,,,,,,,,
W4_quantum,clearance_A=15.0,energy_nrmse,1,exact_dipole_solute_com,10,0.5610059990680043,0.3502808403526944,0.7672682415253115,zero,-0.4389940009319956,-0.6497191596473056,-0.2327317584746885,1.0,0.4389940009319957,9.0,0.0,0.021484375,-1.2322530842004624,
W4_quantum,clearance_A=15.0,energy_nrmse,1,exact_dipole_solute_com,10,0.5610059990680043,0.3502808403526944,0.7672682415253115,mace_polar_l,0.2416995182551785,0.0664080274406165,0.396805497998268,0.3193064808128258,-0.7569514957538872,2.0,0.0,0.109375,0.8633101920020824,
W4_quantum,clearance_A=15.0,energy_nrmse,1,exact_dipole_solute_com,10,0.5610059990680043,0.3502808403526944,0.7672682415253115,exact_dipole_base_com,-0.0336347729819709,-0.0941705263872007,0.0154797709410573,0.5946407720499753,0.0565631799279722,6.0,0.0,0.75390625,-0.3549847598086481,
W4_quantum,clearance_A=15.0,energy_nrmse,1,glider,10,0.2989103183846534,0.2006707184949932,0.4061921000148857,,,,,,,,,,,
W4_quantum,clearance_A=15.0,energy_nrmse,1,glider,10,0.2989103183846534,0.2006707184949932,0.4061921000148857,zero,-0.7010896816153467,-0.7993292815050067,-0.5938078999851143,1.0,0.7010896816153467,10.0,0.0,0.001953125,-4.01601849416058,
W4_quantum,clearance_A=15.0,energy_nrmse,1,glider,10,0.2989103183846534,0.2006707184949932,0.4061921000148857,mace_polar_l,-0.0203961624281724,-0.1139364222093382,0.0565176800451203,0.3193064808128258,0.0638764436482844,5.0,0.0,1.0,-0.140022551933538,
W4_quantum,clearance_A=15.0,energy_nrmse,1,glider,10,0.2989103183846534,0.2006707184949932,0.4061921000148857,exact_dipole_base_com,-0.2957304536653219,-0.450108665601364,-0.1353131757032123,0.5946407720499753,0.4973262305001648,8.0,0.0,0.109375,-1.102383992872109,
W4_quantum,clearance_A=15.0,energy_nrmse,1,mace_polar_l,10,0.3193064808128258,0.2238908710073858,0.4297131217588324,,,,,,,,,,,
W4_quantum,clearance_A=15.0,energy_nrmse,1,mace_polar_l,10,0.3193064808128258,0.2238908710073858,0.4297131217588324,zero,-0.6806935191871741,-0.7761091289926142,-0.5702868782411676,1.0,0.6806935191871741,10.0,0.0,0.001953125,-3.879249460561725,
W4_quantum,clearance_A=15.0,energy_nrmse,1,mace_polar_l,10,0.3193064808128258,0.2238908710073858,0.4297131217588324,exact_dipole_base_com,-0.2753342912371495,-0.4050284354206165,-0.1470069849859004,0.5946407720499753,0.4630262574965337,8.0,0.0,0.109375,-1.2652457164423987,
W4_quantum,clearance_A=15.0,energy_nrmse,1,zero,10,1.0,1.0,1.0,,,,,,,,,,,
W4_quantum,clearance_A=15.0,energy_nrmse,1,zero,10,1.0,1.0,1.0,mace_polar_l,0.6806935191871741,0.5702868782411676,0.7761091289926142,0.3193064808128258,-2.13178735819706,0.0,0.0,0.001953125,3.879249460561725,
W4_quantum,clearance_A=15.0,energy_nrmse,1,zero,10,1.0,1.0,1.0,exact_dipole_base_com,0.4053592279500247,0.2239098770758036,0.5801157063177265,0.5946407720499753,-0.6816875784561189,1.0,0.0,0.021484375,1.334514485857779,
W4_quantum,clearance_A=15.0,centered_orientation_rmse,kcal/mol,exact_dipole_base_com,10,0.0009564567906156,0.0006205999085661,0.0013151263861431,,,,,,,,,,,
W4_quantum,clearance_A=15.0,centered_orientation_rmse,kcal/mol,exact_dipole_base_com,10,0.0009564567906156,0.0006205999085661,0.0013151263861431,zero,-0.0008182239388247,-0.0012034840156771,-0.0004755057750659,0.0017746807294403,0.46105416329321,10.0,0.0,0.001953125,-1.339550181399178,
W4_quantum,clearance_A=15.0,centered_orientation_rmse,kcal/mol,exact_dipole_base_com,10,0.0009564567906156,0.0006205999085661,0.0013151263861431,mace_polar_l,0.0004828298443985,0.0002300672133333,0.0008088100770461,0.000473626946217,-1.019430689607149,2.0,0.0,0.109375,0.9664013419580688,
W4_quantum,clearance_A=15.0,centered_orientation_rmse,kcal/mol,exact_dipole_nuclear_center,10,0.000956085065692,0.0006189326951025,0.0013160060783303,,,,,,,,,,,
W4_quantum,clearance_A=15.0,centered_orientation_rmse,kcal/mol,exact_dipole_nuclear_center,10,0.000956085065692,0.0006189326951025,0.0013160060783303,zero,-0.0008185956637483,-0.0012002097908921,-0.000477350356054,0.0017746807294403,0.4612636234611244,10.0,0.0,0.001953125,-1.3511234729251982,
W4_quantum,clearance_A=15.0,centered_orientation_rmse,kcal/mol,exact_dipole_nuclear_center,10,0.000956085065692,0.0006189326951025,0.0013160060783303,mace_polar_l,0.000482458119475,0.0002282225337996,0.0008096891760972,0.000473626946217,-1.0186458421094464,2.0,0.0,0.109375,0.9619013278995112,
W4_quantum,clearance_A=15.0,centered_orientation_rmse,kcal/mol,exact_dipole_nuclear_center,10,0.000956085065692,0.0006189326951025,0.0013160060783303,exact_dipole_base_com,-3.717249235829869e-07,-5.846643759176368e-06,5.4694961025418185e-06,0.0009564567906156,0.0003886479004907,5.0,0.0,1.0,-0.0390644971074982,
W4_quantum,clearance_A=15.0,centered_orientation_rmse,kcal/mol,exact_dipole_solute_com,10,0.0009355617830865,0.0005531875062005,0.0013154238336366,,,,,,,,,,,
W4_quantum,clearance_A=15.0,centered_orientation_rmse,kcal/mol,exact_dipole_solute_com,10,0.0009355617830865,0.0005531875062005,0.0013154238336366,zero,-0.0008391189463538,-0.0011923610281437,-0.0005019097577053,0.0017746807294403,0.4728281163104979,10.0,0.0,0.001953125,-1.4443103818716094,
W4_quantum,clearance_A=15.0,centered_orientation_rmse,kcal/mol,exact_dipole_solute_com,10,0.0009355617830865,0.0005531875062005,0.0013154238336366,mace_polar_l,0.0004619348368694,0.0001561331142867,0.0008045730451002,0.000473626946217,-0.9753136736814104,2.0,0.0,0.109375,0.8372897819548667,
W4_quantum,clearance_A=15.0,centered_orientation_rmse,kcal/mol,exact_dipole_solute_com,10,0.0009355617830865,0.0005531875062005,0.0013154238336366,exact_dipole_base_com,-2.089500752911743e-05,-0.0001077774990937,5.834221619865636e-05,0.0009564567906156,0.0218462639756756,5.0,0.0,1.0,-0.1506542878356326,
W4_quantum,clearance_A=15.0,centered_orientation_rmse,kcal/mol,glider,10,0.0004243105955544,0.0002922436866499,0.000570077204041,,,,,,,,,,,
W4_quantum,clearance_A=15.0,centered_orientation_rmse,kcal/mol,glider,10,0.0004243105955544,0.0002922436866499,0.000570077204041,zero,-0.0013503701338859,-0.0018531713799806,-0.0008868960612783,0.0017746807294403,0.7609087716367849,10.0,0.0,0.001953125,-1.6433060597122389,
W4_quantum,clearance_A=15.0,centered_orientation_rmse,kcal/mol,glider,10,0.0004243105955544,0.0002922436866499,0.000570077204041,mace_polar_l,-4.931635066264154e-05,-0.0001867383137819,6.320753040967909e-05,0.000473626946217,0.1041248836379318,4.0,0.0,0.75390625,-0.2294484665392855,
W4_quantum,clearance_A=15.0,centered_orientation_rmse,kcal/mol,glider,10,0.0004243105955544,0.0002922436866499,0.000570077204041,exact_dipole_base_com,-0.0005321461950612,-0.0009090518790867,-0.0002204537136805,0.0009564567906156,0.5563724365621344,8.0,0.0,0.109375,-0.9060142330247004,
W4_quantum,clearance_A=15.0,centered_orientation_rmse,kcal/mol,mace_polar_l,10,0.000473626946217,0.0003384182058483,0.0006286567382303,,,,,,,,,,,
W4_quantum,clearance_A=15.0,centered_orientation_rmse,kcal/mol,mace_polar_l,10,0.000473626946217,0.0003384182058483,0.0006286567382303,zero,-0.0013010537832233,-0.0018037046700503,-0.0008358816961059,0.0017746807294403,0.7331199137061575,10.0,0.0,0.001953125,-1.5754405625533623,
W4_quantum,clearance_A=15.0,centered_orientation_rmse,kcal/mol,mace_polar_l,10,0.000473626946217,0.0003384182058483,0.0006286567382303,exact_dipole_base_com,-0.0004828298443985,-0.0008088100770461,-0.0002300672133333,0.0009564567906156,0.5048109325333986,8.0,0.0,0.109375,-0.9664013419580688,
W4_quantum,clearance_A=15.0,centered_orientation_rmse,kcal/mol,zero,10,0.0017746807294403,0.0012682956301597,0.002295189456461,,,,,,,,,,,
W4_quantum,clearance_A=15.0,centered_orientation_rmse,kcal/mol,zero,10,0.0017746807294403,0.0012682956301597,0.002295189456461,mace_polar_l,0.0013010537832233,0.0008358816961059,0.0018037046700503,0.000473626946217,-2.747001186514049,0.0,0.0,0.001953125,1.5754405625533623,
W4_quantum,clearance_A=15.0,centered_orientation_rmse,kcal/mol,zero,10,0.0017746807294403,0.0012682956301597,0.002295189456461,exact_dipole_base_com,0.0008182239388247,0.0004755057750659,0.0012034840156771,0.0009564567906156,-0.8554740233461411,0.0,0.0,0.001953125,1.339550181399178,
W4_quantum,clearance_A=15.0,centered_orientation_nrmse,1,exact_dipole_base_com,10,0.6346752534243109,0.452644433655297,0.8234953195674692,,,,,,,,,,,
W4_quantum,clearance_A=15.0,centered_orientation_nrmse,1,exact_dipole_base_com,10,0.6346752534243109,0.452644433655297,0.8234953195674692,zero,-0.3653247465756891,-0.547355566344703,-0.1765046804325308,1.0,0.3653247465756891,8.0,0.0,0.109375,-1.1567351067582856,
W4_quantum,clearance_A=15.0,centered_orientation_nrmse,1,exact_dipole_base_com,10,0.6346752534243109,0.452644433655297,0.8234953195674692,mace_polar_l,0.3014396584057032,0.1661082849122255,0.4302168913048916,0.3332355950186077,-0.9045842128265766,2.0,0.0,0.109375,1.3527964270837782,
W4_quantum,clearance_A=15.0,centered_orientation_nrmse,1,exact_dipole_nuclear_center,10,0.6332889828991204,0.4512680900898289,0.8220082854522693,,,,,,,,,,,
W4_quantum,clearance_A=15.0,centered_orientation_nrmse,1,exact_dipole_nuclear_center,10,0.6332889828991204,0.4512680900898289,0.8220082854522693,zero,-0.3667110171008795,-0.5487319099101712,-0.1779917145477305,1.0,0.3667110171008796,8.0,0.0,0.109375,-1.1604042385877904,
W4_quantum,clearance_A=15.0,centered_orientation_nrmse,1,exact_dipole_nuclear_center,10,0.6332889828991204,0.4512680900898289,0.8220082854522693,mace_polar_l,0.3000533878805127,0.1640169621355611,0.4299324966358531,0.3332355950186077,-0.9004241814676426,2.0,0.0,0.109375,1.3359047731957794,
W4_quantum,clearance_A=15.0,centered_orientation_nrmse,1,exact_dipole_nuclear_center,10,0.6332889828991204,0.4512680900898289,0.8220082854522693,exact_dipole_base_com,-0.0013862705251903,-0.0047331178955683,0.0016460759863322,0.6346752534243109,0.0021842202255578,4.0,0.0,0.75390625,-0.2551654646687208,
W4_quantum,clearance_A=15.0,centered_orientation_nrmse,1,exact_dipole_solute_com,10,0.5999053803394754,0.3796091029240014,0.8155270571401008,,,,,,,,,,,
W4_quantum,clearance_A=15.0,centered_orientation_nrmse,1,exact_dipole_solute_com,10,0.5999053803394754,0.3796091029240014,0.8155270571401008,zero,-0.4000946196605245,-0.6203908970759987,-0.1844729428598991,1.0,0.4000946196605246,8.0,0.0,0.109375,-1.0714003326786627,
W4_quantum,clearance_A=15.0,centered_orientation_nrmse,1,exact_dipole_solute_com,10,0.5999053803394754,0.3796091029240014,0.8155270571401008,mace_polar_l,0.2666697853208677,0.0797891287216641,0.4258812098530469,0.3332355950186077,-0.8002439994622332,2.0,0.0,0.109375,0.9044534373283468,
W4_quantum,clearance_A=15.0,centered_orientation_nrmse,1,exact_dipole_solute_com,10,0.5999053803394754,0.3796091029240014,0.8155270571401008,exact_dipole_base_com,-0.0347698730848354,-0.1016260817512787,0.0181252044244681,0.6346752534243109,0.0547837226947781,6.0,0.0,0.75390625,-0.3361034650552287,
W4_quantum,clearance_A=15.0,centered_orientation_nrmse,1,glider,10,0.3095246789900114,0.2053507442390099,0.4233741680961492,,,,,,,,,,,
W4_quantum,clearance_A=15.0,centered_orientation_nrmse,1,glider,10,0.3095246789900114,0.2053507442390099,0.4233741680961492,zero,-0.6904753210099885,-0.7946492557609901,-0.5766258319038507,1.0,0.6904753210099885,10.0,0.0,0.001953125,-3.7344938619841854,
W4_quantum,clearance_A=15.0,centered_orientation_nrmse,1,glider,10,0.3095246789900114,0.2053507442390099,0.4233741680961492,mace_polar_l,-0.0237109160285962,-0.1218061201792364,0.0572998168581863,0.3332355950186077,0.0711536113879799,4.0,0.0,0.75390625,-0.1545588485417997,
W4_quantum,clearance_A=15.0,centered_orientation_nrmse,1,glider,10,0.3095246789900114,0.2053507442390099,0.4233741680961492,exact_dipole_base_com,-0.3251505744342994,-0.484416482462173,-0.1548412205622515,0.6346752534243109,0.5123101502382363,8.0,0.0,0.109375,-1.150464756826867,
W4_quantum,clearance_A=15.0,centered_orientation_nrmse,1,mace_polar_l,10,0.3332355950186077,0.232431497041429,0.4496404937705193,,,,,,,,,,,
W4_quantum,clearance_A=15.0,centered_orientation_nrmse,1,mace_polar_l,10,0.3332355950186077,0.232431497041429,0.4496404937705193,zero,-0.6667644049813923,-0.767568502958571,-0.5503595062294807,1.0,0.6667644049813923,10.0,0.0,0.001953125,-3.600774210608052,
W4_quantum,clearance_A=15.0,centered_orientation_nrmse,1,mace_polar_l,10,0.3332355950186077,0.232431497041429,0.4496404937705193,exact_dipole_base_com,-0.3014396584057032,-0.4302168913048916,-0.1661082849122255,0.6346752534243109,0.4749510190909811,8.0,0.0,0.109375,-1.3527964270837782,
W4_quantum,clearance_A=15.0,centered_orientation_nrmse,1,zero,10,1.0,1.0,1.0,,,,,,,,,,,
W4_quantum,clearance_A=15.0,centered_orientation_nrmse,1,zero,10,1.0,1.0,1.0,mace_polar_l,0.6667644049813923,0.5503595062294807,0.767568502958571,0.3332355950186077,-2.0008799028331907,0.0,0.0,0.001953125,3.600774210608052,
W4_quantum,clearance_A=15.0,centered_orientation_nrmse,1,zero,10,1.0,1.0,1.0,exact_dipole_base_com,0.3653247465756891,0.1765046804325307,0.5473555663447023,0.6346752534243109,-0.5756089348129223,2.0,0.0,0.109375,1.1567351067582856,
W4_quantum,clearance_A=15.0,torque_vrmse,kcal/mol,exact_dipole_base_com,10,0.0015428296881992,0.0009240135981061,0.0021850278846271,,,,,,,,,,,
W4_quantum,clearance_A=15.0,torque_vrmse,kcal/mol,exact_dipole_base_com,10,0.0015428296881992,0.0009240135981061,0.0021850278846271,zero,-0.0017795251001218,-0.0033389889795035,-0.0007656280361979,0.003322354788321,0.535621633901755,10.0,0.0,0.001953125,-0.765242951779312,
W4_quantum,clearance_A=15.0,torque_vrmse,kcal/mol,exact_dipole_base_com,10,0.0015428296881992,0.0009240135981061,0.0021850278846271,mace_polar_l,0.0008043960850102,0.0003578588546101,0.0013658829908153,0.0007384336031889,-1.0893275733070489,2.0,0.0,0.109375,0.9316360141787848,
W4_quantum,clearance_A=15.0,torque_vrmse,kcal/mol,exact_dipole_nuclear_center,10,0.0015453984231065,0.0009204584767952,0.0021953526393285,,,,,,,,,,,
W4_quantum,clearance_A=15.0,torque_vrmse,kcal/mol,exact_dipole_nuclear_center,10,0.0015453984231065,0.0009204584767952,0.0021953526393285,zero,-0.0017769563652144,-0.0033189679952264,-0.0007720089300249,0.003322354788321,0.5348484669551049,10.0,0.0,0.001953125,-0.7726766022759393,
W4_quantum,clearance_A=15.0,torque_vrmse,kcal/mol,exact_dipole_nuclear_center,10,0.0015453984231065,0.0009204584767952,0.0021953526393285,mace_polar_l,0.0008069648199176,0.000355746852907,0.0013697625072302,0.0007384336031889,-1.0928062000871428,2.0,0.0,0.109375,0.9292083171320086,
W4_quantum,clearance_A=15.0,torque_vrmse,kcal/mol,exact_dipole_nuclear_center,10,0.0015453984231065,0.0009204584767952,0.0021953526393285,exact_dipole_base_com,2.568734907374201e-06,-1.0946985710141194e-05,2.16436886863966e-05,0.0015428296881992,-0.0016649504005672,6.0,0.0,0.75390625,0.0911400564813842,
W4_quantum,clearance_A=15.0,torque_vrmse,kcal/mol,exact_dipole_solute_com,10,0.0015823953528206,0.000864551874809,0.0023234902354399,,,,,,,,,,,
W4_quantum,clearance_A=15.0,torque_vrmse,kcal/mol,exact_dipole_solute_com,10,0.0015823953528206,0.000864551874809,0.0023234902354399,zero,-0.0017399594355004,-0.0031179836646626,-0.0008229212723457,0.003322354788321,0.5237127117238798,10.0,0.0,0.001953125,-0.8448772629823559,
W4_quantum,clearance_A=15.0,torque_vrmse,kcal/mol,exact_dipole_solute_com,10,0.0015823953528206,0.000864551874809,0.0023234902354399,mace_polar_l,0.0008439617496316,0.0003071362393136,0.0014464234162617,0.0007384336031889,-1.1429081043805795,2.0,0.0,0.109375,0.867648169017893,
W4_quantum,clearance_A=15.0,torque_vrmse,kcal/mol,exact_dipole_solute_com,10,0.0015823953528206,0.000864551874809,0.0023234902354399,exact_dipole_base_com,3.956566462140597e-05,-0.000114130464812,0.000243621531914,0.0015428296881992,-0.0256448685969916,5.0,0.0,1.0,0.1304252052111257,
W4_quantum,clearance_A=15.0,torque_vrmse,kcal/mol,glider,10,0.0007190268869603,0.0004269977886908,0.0010710819898578,,,,,,,,,,,
W4_quantum,clearance_A=15.0,torque_vrmse,kcal/mol,glider,10,0.0007190268869603,0.0004269977886908,0.0010710819898578,zero,-0.0026033279013606,-0.0042876553665254,-0.0013215946398406,0.003322354788321,0.7835791380595627,10.0,0.0,0.001953125,-1.0167760937721542,
W4_quantum,clearance_A=15.0,torque_vrmse,kcal/mol,glider,10,0.0007190268869603,0.0004269977886908,0.0010710819898578,mace_polar_l,-1.940671622859819e-05,-0.0001963313365719,0.0001234641745088,0.0007384336031889,0.0262809224076326,4.0,0.0,0.75390625,-0.071383968447781,
W4_quantum,clearance_A=15.0,torque_vrmse,kcal/mol,glider,10,0.0007190268869603,0.0004269977886908,0.0010710819898578,exact_dipole_base_com,-0.0008238028012388,-0.0014351180935303,-0.0003110517525526,0.0015428296881992,0.5339557616371586,8.0,0.0,0.109375,-0.8549027427267202,
W4_quantum,clearance_A=15.0,torque_vrmse,kcal/mol,mace_polar_l,10,0.0007384336031889,0.0004800351649563,0.0010226491950343,,,,,,,,,,,
W4_quantum,clearance_A=15.0,torque_vrmse,kcal/mol,mace_polar_l,10,0.0007384336031889,0.0004800351649563,0.0010226491950343,zero,-0.002583921185132,-0.0043442775639807,-0.0012822496841588,0.003322354788321,0.777737884651944,10.0,0.0,0.001953125,-0.9753051276488716,
W4_quantum,clearance_A=15.0,torque_vrmse,kcal/mol,mace_polar_l,10,0.0007384336031889,0.0004800351649563,0.0010226491950343,exact_dipole_base_com,-0.0008043960850102,-0.0013658829908153,-0.0003578588546101,0.0015428296881992,0.5213771106188148,8.0,0.0,0.109375,-0.9316360141787848,
W4_quantum,clearance_A=15.0,torque_vrmse,kcal/mol,zero,10,0.003322354788321,0.0018954445965426,0.0052546976038934,,,,,,,,,,,
W4_quantum,clearance_A=15.0,torque_vrmse,kcal/mol,zero,10,0.003322354788321,0.0018954445965426,0.0052546976038934,mace_polar_l,0.002583921185132,0.0012822496841588,0.0043442775639807,0.0007384336031889,-3.499192309197766,0.0,0.0,0.001953125,0.9753051276488716,
W4_quantum,clearance_A=15.0,torque_vrmse,kcal/mol,zero,10,0.003322354788321,0.0018954445965426,0.0052546976038934,exact_dipole_base_com,0.0017795251001218,0.0007656280361979,0.0033389889795035,0.0015428296881992,-1.1534164229098425,0.0,0.0,0.001953125,0.765242951779312,
mechanism_quantum,near-minus-far,energy_nrmse,1,glider,10,-0.1479320007846958,-0.3062554928578215,0.0258291659109159,mace_polar_l,-0.1250699469137758,-0.2963492653018801,0.0918104962696851,-0.0228620538709201,-5.4706347741075545,8.0,0.0,0.109375,-0.3791510384404434,Negative contrast means stronger normalized near-field advantage
mechanism_quantum,near-minus-far,centered_orientation_nrmse,1,glider,10,0.1516888888686051,0.0122612521915099,0.2932043238947346,mace_polar_l,0.1760072937383286,0.0489039080179905,0.3314376761563654,-0.0243184048697235,7.237616722035004,1.0,0.0,0.021484375,0.731906160512995,Negative contrast means stronger normalized near-field advantage
mechanism_quantum,near-minus-far,energy_nrmse,1,glider,10,-4.467035557558247,-8.665433715621514,-1.7747566719193386,exact_dipole_base_com,-4.04632458499302,-8.234789353983102,-1.361606144329126,-0.4207109725652264,-9.617825178937268,10.0,0.0,0.001953125,-0.6489113287751404,Negative contrast means stronger normalized near-field advantage
mechanism_quantum,near-minus-far,centered_orientation_nrmse,1,glider,10,-2.9200091539415696,-4.219961109311361,-1.7205327233820136,exact_dipole_base_com,-2.474200776030216,-3.772833348065501,-1.2934474793015474,-0.445808377911354,-5.5499198727983385,9.0,0.0,0.021484375,-1.156741219552635,Negative contrast means stronger normalized near-field advantage
anisotropy,clearance_A=0.8,Spearman_QM_modulation_vs_normalized_gain,1,glider,10,-0.0218765192027224,-0.2234534510770538,0.1615044059001041,mace_polar_l,,,,,,,,,,"Exploratory; molecule-blocked, fixed-distance angular correlation"
anisotropy,clearance_A=0.8,Spearman_QM_modulation_vs_normalized_gain,1,glider,10,0.0827071324397527,-0.1197362022009782,0.2265496955708636,exact_dipole,,,,,,,,,,"Exploratory; molecule-blocked, fixed-distance angular correlation"
anisotropy,clearance_A=1.2,Spearman_QM_modulation_vs_normalized_gain,1,glider,10,0.044725328147788,-0.0901290070159312,0.1942521569390221,mace_polar_l,,,,,,,,,,"Exploratory; molecule-blocked, fixed-distance angular correlation"
anisotropy,clearance_A=1.2,Spearman_QM_modulation_vs_normalized_gain,1,glider,10,0.1610320161122299,-0.123114983977761,0.3736691652218794,exact_dipole,,,,,,,,,,"Exploratory; molecule-blocked, fixed-distance angular correlation"
anisotropy,clearance_A=1.8,Spearman_QM_modulation_vs_normalized_gain,1,glider,10,-0.0041113966247656,-0.1340603595593036,0.2081990654448317,mace_polar_l,,,,,,,,,,"Exploratory; molecule-blocked, fixed-distance angular correlation"
anisotropy,clearance_A=1.8,Spearman_QM_modulation_vs_normalized_gain,1,glider,10,0.1160844503090492,-0.1232565000387912,0.3289819963466537,exact_dipole,,,,,,,,,,"Exploratory; molecule-blocked, fixed-distance angular correlation"
anisotropy,clearance_A=2.5,Spearman_QM_modulation_vs_normalized_gain,1,glider,10,-0.0328842280713938,-0.2067873839950666,0.2115033855671768,mace_polar_l,,,,,,,,,,"Exploratory; molecule-blocked, fixed-distance angular correlation"
anisotropy,clearance_A=2.5,Spearman_QM_modulation_vs_normalized_gain,1,glider,10,0.1773317591499409,0.0117775565067324,0.3649925668577179,exact_dipole,,,,,,,,,,"Exploratory; molecule-blocked, fixed-distance angular correlation"
anisotropy,clearance_A=3.5,Spearman_QM_modulation_vs_normalized_gain,1,glider,10,-0.0330370164594763,-0.2276273830475267,0.2005309018435356,mace_polar_l,,,,,,,,,,"Exploratory; molecule-blocked, fixed-distance angular correlation"
anisotropy,clearance_A=3.5,Spearman_QM_modulation_vs_normalized_gain,1,glider,10,0.170095145496215,-0.020639087003216,0.3484656928482385,exact_dipole,,,,,,,,,,"Exploratory; molecule-blocked, fixed-distance angular correlation"
anisotropy,clearance_A=5.0,Spearman_QM_modulation_vs_normalized_gain,1,glider,10,-0.0044933675949718,-0.2040040347572946,0.1705215624107241,mace_polar_l,,,,,,,,,,"Exploratory; molecule-blocked, fixed-distance angular correlation"
anisotropy,clearance_A=5.0,Spearman_QM_modulation_vs_normalized_gain,1,glider,10,0.1305785123966942,-0.0403618347727417,0.3182028327918439,exact_dipole,,,,,,,,,,"Exploratory; molecule-blocked, fixed-distance angular correlation"
anisotropy,clearance_A=7.5,Spearman_QM_modulation_vs_normalized_gain,1,glider,10,0.0408500590318772,-0.2001464651209008,0.2505027438177268,mace_polar_l,,,,,,,,,,"Exploratory; molecule-blocked, fixed-distance angular correlation"
anisotropy,clearance_A=7.5,Spearman_QM_modulation_vs_normalized_gain,1,glider,10,0.1567678310993818,-0.0165054461841977,0.3396696934744496,exact_dipole,,,,,,,,,,"Exploratory; molecule-blocked, fixed-distance angular correlation"
anisotropy,clearance_A=10.0,Spearman_QM_modulation_vs_normalized_gain,1,glider,10,0.0802833530106257,-0.1607645882971332,0.299460338528216,mace_polar_l,,,,,,,,,,"Exploratory; molecule-blocked, fixed-distance angular correlation"
anisotropy,clearance_A=10.0,Spearman_QM_modulation_vs_normalized_gain,1,glider,10,0.1472949510382665,-0.0312088747321637,0.3205831357002093,exact_dipole,,,,,,,,,,"Exploratory; molecule-blocked, fixed-distance angular correlation"
anisotropy,clearance_A=15.0,Spearman_QM_modulation_vs_normalized_gain,1,glider,10,0.0656990068754774,-0.1875671006668122,0.2962213431158085,mace_polar_l,,,,,,,,,,"Exploratory; molecule-blocked, fixed-distance angular correlation"
anisotropy,clearance_A=15.0,Spearman_QM_modulation_vs_normalized_gain,1,glider,10,0.1356274741301479,-0.0591976008797903,0.295287888871338,exact_dipole,,,,,,,,,,"Exploratory; molecule-blocked, fixed-distance angular correlation"
W4_discrete_orientation,all,preferred_orientation_accuracy,fraction,exact_dipole,10,0.337037037037037,0.2203703703703703,0.4657407407407407,,,,,,,,,,,
W4_discrete_orientation,all,preferred_orientation_accuracy,fraction,exact_dipole,10,0.337037037037037,0.2203703703703703,0.4657407407407407,zero,0.2532762813318369,0.1365457351290684,0.3820007599139544,0.0837607557052001,-3.023806067644072,0.0,0.0,0.001953125,1.2070273143405152,
W4_discrete_orientation,all,preferred_orientation_accuracy,fraction,exact_dipole,10,0.337037037037037,0.2203703703703703,0.4657407407407407,mace_polar_l,-0.3444444444444444,-0.4666666666666666,-0.2074074074074074,0.6814814814814815,0.5054347826086957,9.0,0.0,0.021484375,-1.5518571131557009,
W4_discrete_orientation,all,preferred_orientation_accuracy,fraction,exact_dipole_quadrupole,10,0.6074074074074074,0.5277777777777778,0.6898148148148148,,,,,,,,,,,
W4_discrete_orientation,all,preferred_orientation_accuracy,fraction,exact_dipole_quadrupole,10,0.6074074074074074,0.5277777777777778,0.6898148148148148,zero,0.5236466517022073,0.4439637111859333,0.6061472713243549,0.0837607557052001,-6.251694451578327,0.0,0.0,0.001953125,3.792910681509685,
W4_discrete_orientation,all,preferred_orientation_accuracy,fraction,exact_dipole_quadrupole,10,0.6074074074074074,0.5277777777777778,0.6898148148148148,mace_polar_l,-0.074074074074074,-0.1824074074074074,0.0351851851851851,0.6814814814814815,0.108695652173913,6.0,0.0,0.75390625,-0.4006683379765068,
W4_discrete_orientation,all,preferred_orientation_accuracy,fraction,exact_dipole_quadrupole,10,0.6074074074074074,0.5277777777777778,0.6898148148148148,exact_dipole,0.2703703703703704,0.1935185185185185,0.3407407407407407,0.337037037037037,-0.8021978021978022,0.0,0.0,0.001953125,2.1660354254759384,
W4_discrete_orientation,all,preferred_orientation_accuracy,fraction,exact_dipole_quadrupole_octupole,10,0.5925925925925927,0.4953703703703703,0.701851851851852,,,,,,,,,,,
W4_discrete_orientation,all,preferred_orientation_accuracy,fraction,exact_dipole_quadrupole_octupole,10,0.5925925925925927,0.4953703703703703,0.701851851851852,zero,0.5088318368873924,0.4115173377291433,0.6181157641227085,0.0837607557052001,-6.074823855198369,0.0,0.0,0.001953125,2.8847795447469067,
W4_discrete_orientation,all,preferred_orientation_accuracy,fraction,exact_dipole_quadrupole_octupole,10,0.5925925925925927,0.4953703703703703,0.701851851851852,mace_polar_l,-0.0888888888888888,-0.1981481481481481,0.0351851851851851,0.6814814814814815,0.1304347826086955,7.0,0.0,0.34375,-0.44206317119643,
W4_discrete_orientation,all,preferred_orientation_accuracy,fraction,exact_dipole_quadrupole_octupole,10,0.5925925925925927,0.4953703703703703,0.701851851851852,exact_dipole,0.2555555555555555,0.2231481481481481,0.2842592592592592,0.337037037037037,-0.7582417582417584,0.0,0.0,0.001953125,4.927175034881814,
W4_discrete_orientation,all,preferred_orientation_accuracy,fraction,glider,10,0.7074074074074074,0.6453703703703704,0.7703703703703704,,,,,,,,,,,
W4_discrete_orientation,all,preferred_orientation_accuracy,fraction,glider,10,0.7074074074074074,0.6453703703703704,0.7703703703703704,zero,0.6236466517022073,0.5615170220725776,0.6867223625140291,0.0837607557052001,-7.445570977143053,0.0,0.0,0.001953125,5.823102915483533,
W4_discrete_orientation,all,preferred_orientation_accuracy,fraction,glider,10,0.7074074074074074,0.6453703703703704,0.7703703703703704,mace_polar_l,0.0259259259259259,-0.0388888888888888,0.0944444444444444,0.6814814814814815,-0.0380434782608696,6.0,0.0,0.75390625,0.2293336384183461,
W4_discrete_orientation,all,preferred_orientation_accuracy,fraction,glider,10,0.7074074074074074,0.6453703703703704,0.7703703703703704,exact_dipole,0.3703703703703703,0.2194444444444444,0.5083333333333333,0.337037037037037,-1.098901098901099,2.0,0.0,0.109375,1.506843424186531,
W4_discrete_orientation,all,preferred_orientation_accuracy,fraction,mace_polar_l,10,0.6814814814814815,0.6212962962962962,0.7481481481481482,,,,,,,,,,,
W4_discrete_orientation,all,preferred_orientation_accuracy,fraction,mace_polar_l,10,0.6814814814814815,0.6212962962962962,0.7481481481481482,zero,0.5977207257762814,0.5374461513280958,0.6644824401421625,0.0837607557052001,-7.136047433478124,0.0,0.0,0.001953125,5.56738627586411,
W4_discrete_orientation,all,preferred_orientation_accuracy,fraction,mace_polar_l,10,0.6814814814814815,0.6212962962962962,0.7481481481481482,exact_dipole,0.3444444444444444,0.2074074074074074,0.4666666666666666,0.337037037037037,-1.021978021978022,1.0,0.0,0.021484375,1.5518571131557009,
W4_discrete_orientation,all,preferred_orientation_accuracy,fraction,zero,10,0.0837607557052001,0.0836415076692854,0.083891694725028,,,,,,,,,,,
W4_discrete_orientation,all,preferred_orientation_accuracy,fraction,zero,10,0.0837607557052001,0.0836415076692854,0.083891694725028,mace_polar_l,-0.5977207257762814,-0.6644824401421625,-0.5374461513280958,0.6814814814814815,0.8770901954325868,10.0,0.0,0.001953125,-5.56738627586411,
W4_discrete_orientation,all,preferred_orientation_accuracy,fraction,zero,10,0.0837607557052001,0.0836415076692854,0.083891694725028,exact_dipole,-0.2532762813318369,-0.3820007599139544,-0.1365457351290684,0.337037037037037,0.7514790764790766,10.0,0.0,0.001953125,-1.2070273143405152,
W4_discrete_orientation,region=far,preferred_orientation_accuracy,fraction,exact_dipole,10,0.5055555555555555,0.3388888888888889,0.6777777777777778,,,,,,,,,,,
W4_discrete_orientation,region=far,preferred_orientation_accuracy,fraction,exact_dipole,10,0.5055555555555555,0.3388888888888889,0.6777777777777778,zero,0.4222222222222222,0.2555555555555556,0.5944444444444444,0.0833333333333332,-5.06666666666667,0.0,0.0,0.001953125,1.4705087577622835,
W4_discrete_orientation,region=far,preferred_orientation_accuracy,fraction,exact_dipole,10,0.5055555555555555,0.3388888888888889,0.6777777777777778,mace_polar_l,-0.2638888888888888,-0.4138888888888888,-0.1111111111111111,0.7694444444444445,0.3429602888086643,8.0,1.0,0.0390625,-1.0417150957346073,
W4_discrete_orientation,region=far,preferred_orientation_accuracy,fraction,exact_dipole_quadrupole,10,0.8333333333333334,0.7611111111111111,0.902777777777778,,,,,,,,,,,
W4_discrete_orientation,region=far,preferred_orientation_accuracy,fraction,exact_dipole_quadrupole,10,0.8333333333333334,0.7611111111111111,0.902777777777778,zero,0.7500000000000001,0.6777777777777778,0.8194444444444446,0.0833333333333332,-9.000000000000005,0.0,0.0,0.001953125,6.249285673464723,
W4_discrete_orientation,region=far,preferred_orientation_accuracy,fraction,exact_dipole_quadrupole,10,0.8333333333333334,0.7611111111111111,0.902777777777778,mace_polar_l,0.0638888888888888,-0.0361111111111111,0.1694444444444444,0.7694444444444445,-0.0830324909747293,4.0,0.0,0.75390625,0.3656479171635359,
W4_discrete_orientation,region=far,preferred_orientation_accuracy,fraction,exact_dipole_quadrupole,10,0.8333333333333334,0.7611111111111111,0.902777777777778,exact_dipole,0.3277777777777778,0.2055555555555555,0.45,0.5055555555555555,-0.6483516483516485,0.0,0.0,0.001953125,1.571239741809357,
W4_discrete_orientation,region=far,preferred_orientation_accuracy,fraction,exact_dipole_quadrupole_octupole,10,0.8833333333333334,0.8277777777777778,0.9361111111111112,,,,,,,,,,,
W4_discrete_orientation,region=far,preferred_orientation_accuracy,fraction,exact_dipole_quadrupole_octupole,10,0.8833333333333334,0.8277777777777778,0.9361111111111112,zero,0.8,0.7444444444444447,0.8527777777777779,0.0833333333333332,-9.600000000000009,0.0,0.0,0.001953125,8.836591857075645,
W4_discrete_orientation,region=far,preferred_orientation_accuracy,fraction,exact_dipole_quadrupole_octupole,10,0.8833333333333334,0.8277777777777778,0.9361111111111112,mace_polar_l,0.1138888888888888,0.0222222222222222,0.2166666666666666,0.7694444444444445,-0.1480144404332131,2.0,0.0,0.109375,0.7044114379578722,
W4_discrete_orientation,region=far,preferred_orientation_accuracy,fraction,exact_dipole_quadrupole_octupole,10,0.8833333333333334,0.8277777777777778,0.9361111111111112,exact_dipole,0.3777777777777777,0.2527777777777778,0.5000000000000001,0.5055555555555555,-0.7472527472527475,0.0,0.0,0.001953125,1.7850836777586383,
W4_discrete_orientation,region=far,preferred_orientation_accuracy,fraction,glider,10,0.8277777777777777,0.75,0.8999999999999998,,,,,,,,,,,
W4_discrete_orientation,region=far,preferred_orientation_accuracy,fraction,glider,10,0.8277777777777777,0.75,0.8999999999999998,zero,0.7444444444444445,0.6666666666666667,0.8166666666666667,0.0833333333333332,-8.933333333333339,0.0,0.0,0.001953125,5.838978582429975,
W4_discrete_orientation,region=far,preferred_orientation_accuracy,fraction,glider,10,0.8277777777777777,0.75,0.8999999999999998,mace_polar_l,0.0583333333333333,-0.0277777777777777,0.1527777777777777,0.7694444444444445,-0.075812274368231,4.0,0.0,0.75390625,0.3827683737026568,
W4_discrete_orientation,region=far,preferred_orientation_accuracy,fraction,glider,10,0.8277777777777777,0.75,0.8999999999999998,exact_dipole,0.3222222222222222,0.1527777777777777,0.4916666666666666,0.5055555555555555,-0.6373626373626373,1.0,0.0,0.021484375,1.1252770466061102,
W4_discrete_orientation,region=far,preferred_orientation_accuracy,fraction,mace_polar_l,10,0.7694444444444445,0.675,0.8555555555555554,,,,,,,,,,,
W4_discrete_orientation,region=far,preferred_orientation_accuracy,fraction,mace_polar_l,10,0.7694444444444445,0.675,0.8555555555555554,zero,0.6861111111111111,0.5916666666666667,0.7722222222222221,0.0833333333333332,-8.23333333333334,0.0,0.0,0.001953125,4.525533676162878,
W4_discrete_orientation,region=far,preferred_orientation_accuracy,fraction,mace_polar_l,10,0.7694444444444445,0.675,0.8555555555555554,exact_dipole,0.2638888888888888,0.1111111111111111,0.4138888888888888,0.5055555555555555,-0.5219780219780221,1.0,1.0,0.0390625,1.0417150957346073,
W4_discrete_orientation,region=far,preferred_orientation_accuracy,fraction,zero,10,0.0833333333333332,0.0833333333333332,0.0833333333333332,,,,,,,,,,,
W4_discrete_orientation,region=far,preferred_orientation_accuracy,fraction,zero,10,0.0833333333333332,0.0833333333333332,0.0833333333333332,mace_polar_l,-0.6861111111111111,-0.7722222222222221,-0.5916666666666667,0.7694444444444445,0.8916967509025271,10.0,0.0,0.001953125,-4.525533676162878,
W4_discrete_orientation,region=far,preferred_orientation_accuracy,fraction,zero,10,0.0833333333333332,0.0833333333333332,0.0833333333333332,exact_dipole,-0.4222222222222222,-0.5944444444444444,-0.2555555555555556,0.5055555555555555,0.8351648351648353,10.0,0.0,0.001953125,-1.4705087577622835,
W4_discrete_orientation,region=intermediate,preferred_orientation_accuracy,fraction,exact_dipole,10,0.325,0.1791666666666667,0.4791666666666666,,,,,,,,,,,
W4_discrete_orientation,region=intermediate,preferred_orientation_accuracy,fraction,exact_dipole,10,0.325,0.1791666666666667,0.4791666666666666,zero,0.2416666666666667,0.0958333333333334,0.3958333333333333,0.0833333333333332,-2.900000000000002,1.0,1.0,0.0390625,0.961340638991104,
W4_discrete_orientation,region=intermediate,preferred_orientation_accuracy,fraction,exact_dipole,10,0.325,0.1791666666666667,0.4791666666666666,mace_polar_l,-0.4333333333333333,-0.5833333333333333,-0.2666666666666666,0.7583333333333334,0.5714285714285714,9.0,1.0,0.00390625,-1.5872160087351357,
W4_discrete_orientation,region=intermediate,preferred_orientation_accuracy,fraction,exact_dipole_quadrupole,10,0.6416666666666667,0.5291666666666667,0.7541666666666667,,,,,,,,,,,
W4_discrete_orientation,region=intermediate,preferred_orientation_accuracy,fraction,exact_dipole_quadrupole,10,0.6416666666666667,0.5291666666666667,0.7541666666666667,zero,0.5583333333333333,0.4458333333333333,0.6708333333333334,0.0833333333333332,-6.700000000000005,0.0,0.0,0.001953125,2.928772269461971,
W4_discrete_orientation,region=intermediate,preferred_orientation_accuracy,fraction,exact_dipole_quadrupole,10,0.6416666666666667,0.5291666666666667,0.7541666666666667,mace_polar_l,-0.1166666666666666,-0.25,0.0166666666666666,0.7583333333333334,0.1538461538461538,6.0,0.0,0.75390625,-0.513495014625111,
W4_discrete_orientation,region=intermediate,preferred_orientation_accuracy,fraction,exact_dipole_quadrupole,10,0.6416666666666667,0.5291666666666667,0.7541666666666667,exact_dipole,0.3166666666666667,0.2125,0.4208333333333334,0.325,-0.9743589743589745,0.0,0.0,0.001953125,1.7891297386368823,
W4_discrete_orientation,region=intermediate,preferred_orientation_accuracy,fraction,exact_dipole_quadrupole_octupole,10,0.6125,0.4666666666666667,0.7583333333333334,,,,,,,,,,,
W4_discrete_orientation,region=intermediate,preferred_orientation_accuracy,fraction,exact_dipole_quadrupole_octupole,10,0.6125,0.4666666666666667,0.7583333333333334,zero,0.5291666666666667,0.3833333333333334,0.675,0.0833333333333332,-6.350000000000005,0.0,0.0,0.001953125,2.12952203674139,
W4_discrete_orientation,region=intermediate,preferred_orientation_accuracy,fraction,exact_dipole_quadrupole_octupole,10,0.6125,0.4666666666666667,0.7583333333333334,mace_polar_l,-0.1458333333333333,-0.2958333333333333,0.0166666666666666,0.7583333333333334,0.1923076923076923,7.0,0.0,0.34375,-0.5484692825383487,
W4_discrete_orientation,region=intermediate,preferred_orientation_accuracy,fraction,exact_dipole_quadrupole_octupole,10,0.6125,0.4666666666666667,0.7583333333333334,exact_dipole,0.2875,0.25,0.3291666666666667,0.325,-0.8846153846153846,0.0,0.0,0.001953125,4.148304923090847,
W4_discrete_orientation,region=intermediate,preferred_orientation_accuracy,fraction,glider,10,0.7583333333333333,0.6708333333333333,0.8333333333333334,,,,,,,,,,,
W4_discrete_orientation,region=intermediate,preferred_orientation_accuracy,fraction,glider,10,0.7583333333333333,0.6708333333333333,0.8333333333333334,zero,0.675,0.5875000000000001,0.7500000000000001,0.0833333333333332,-8.100000000000005,0.0,0.0,0.001953125,4.869749257541428,
W4_discrete_orientation,region=intermediate,preferred_orientation_accuracy,fraction,glider,10,0.7583333333333333,0.6708333333333333,0.8333333333333334,mace_polar_l,-5.551115123125783e-18,-0.0833333333333333,0.0791666666666666,0.7583333333333334,1.1102230246251563e-16,4.0,0.0,0.75390625,-3.9968028886505634e-17,
W4_discrete_orientation,region=intermediate,preferred_orientation_accuracy,fraction,glider,10,0.7583333333333333,0.6708333333333333,0.8333333333333334,exact_dipole,0.4333333333333333,0.2458333333333333,0.6083333333333334,0.325,-1.333333333333333,1.0,0.0,0.021484375,1.3919696899840863,
W4_discrete_orientation,region=intermediate,preferred_orientation_accuracy,fraction,mace_polar_l,10,0.7583333333333334,0.7041666666666668,0.8166666666666668,,,,,,,,,,,
W4_discrete_orientation,region=intermediate,preferred_orientation_accuracy,fraction,mace_polar_l,10,0.7583333333333334,0.7041666666666668,0.8166666666666668,zero,0.675,0.6208333333333333,0.7333333333333335,0.0833333333333332,-8.100000000000007,0.0,0.0,0.001953125,7.044218083177246,
W4_discrete_orientation,region=intermediate,preferred_orientation_accuracy,fraction,mace_polar_l,10,0.7583333333333334,0.7041666666666668,0.8166666666666668,exact_dipole,0.4333333333333333,0.2666666666666666,0.5833333333333333,0.325,-1.3333333333333337,0.0,1.0,0.00390625,1.5872160087351357,
W4_discrete_orientation,region=intermediate,preferred_orientation_accuracy,fraction,zero,10,0.0833333333333332,0.0833333333333332,0.0833333333333332,,,,,,,,,,,
W4_discrete_orientation,region=intermediate,preferred_orientation_accuracy,fraction,zero,10,0.0833333333333332,0.0833333333333332,0.0833333333333332,mace_polar_l,-0.675,-0.7333333333333335,-0.6208333333333333,0.7583333333333334,0.8901098901098902,10.0,0.0,0.001953125,-7.044218083177246,
W4_discrete_orientation,region=intermediate,preferred_orientation_accuracy,fraction,zero,10,0.0833333333333332,0.0833333333333332,0.0833333333333332,exact_dipole,-0.2416666666666667,-0.3958333333333333,-0.0958333333333334,0.325,0.7435897435897437,8.0,1.0,0.0390625,-0.961340638991104,
W4_discrete_orientation,region=near,preferred_orientation_accuracy,fraction,exact_dipole,10,0.2166666666666667,0.125,0.3208333333333333,,,,,,,,,,,
W4_discrete_orientation,region=near,preferred_orientation_accuracy,fraction,exact_dipole,10,0.2166666666666667,0.125,0.3208333333333333,zero,0.132371632996633,0.0407646517255892,0.2364734848484848,0.0842950336700336,-1.570337269391119,2.0,0.0,0.109375,0.8059568124118743,
W4_discrete_orientation,region=near,preferred_orientation_accuracy,fraction,exact_dipole,10,0.2166666666666667,0.125,0.3208333333333333,mace_polar_l,-0.3604166666666666,-0.46875,-0.23125,0.5770833333333334,0.6245487364620939,9.0,0.0,0.021484375,-1.7554432644774431,
W4_discrete_orientation,region=near,preferred_orientation_accuracy,fraction,exact_dipole_quadrupole,10,0.4208333333333334,0.34375,0.5041666666666667,,,,,,,,,,,
W4_discrete_orientation,region=near,preferred_orientation_accuracy,fraction,exact_dipole_quadrupole,10,0.4208333333333334,0.34375,0.5041666666666667,zero,0.3365382996632996,0.2595506891835016,0.4198095538720539,0.0842950336700336,-3.99238585016352,0.0,0.0,0.001953125,2.4742116234312244,
W4_discrete_orientation,region=near,preferred_orientation_accuracy,fraction,exact_dipole_quadrupole,10,0.4208333333333334,0.34375,0.5041666666666667,mace_polar_l,-0.15625,-0.2958333333333333,-0.00625,0.5770833333333334,0.2707581227436823,8.0,0.0,0.109375,-0.630249628288994,
W4_discrete_orientation,region=near,preferred_orientation_accuracy,fraction,exact_dipole_quadrupole,10,0.4208333333333334,0.34375,0.5041666666666667,exact_dipole,0.2041666666666667,0.1375,0.2749999999999999,0.2166666666666667,-0.9423076923076924,0.0,1.0,0.00390625,1.7645647510949882,
W4_discrete_orientation,region=near,preferred_orientation_accuracy,fraction,exact_dipole_quadrupole_octupole,10,0.3645833333333333,0.24375,0.50625,,,,,,,,,,,
W4_discrete_orientation,region=near,preferred_orientation_accuracy,fraction,exact_dipole_quadrupole_octupole,10,0.3645833333333333,0.24375,0.50625,zero,0.2802882996632997,0.1595790719696969,0.4220170454545454,0.0842950336700336,-3.3250867513792866,0.0,0.0,0.001953125,1.251251449011325,
W4_discrete_orientation,region=near,preferred_orientation_accuracy,fraction,exact_dipole_quadrupole_octupole,10,0.3645833333333333,0.24375,0.50625,mace_polar_l,-0.2125,-0.3708333333333333,-0.03125,0.5770833333333334,0.368231046931408,7.0,0.0,0.34375,-0.7205287479668708,
W4_discrete_orientation,region=near,preferred_orientation_accuracy,fraction,exact_dipole_quadrupole_octupole,10,0.3645833333333333,0.24375,0.50625,exact_dipole,0.1479166666666666,0.0854166666666666,0.2166666666666666,0.2166666666666667,-0.6826923076923073,0.0,0.0,0.001953125,1.3136640357926206,
W4_discrete_orientation,region=near,preferred_orientation_accuracy,fraction,glider,10,0.5916666666666668,0.5145833333333334,0.66875,,,,,,,,,,,
W4_discrete_orientation,region=near,preferred_orientation_accuracy,fraction,glider,10,0.5916666666666668,0.5145833333333334,0.66875,zero,0.507371632996633,0.4303198390151515,0.5845180976430977,0.0842950336700336,-6.018997927952672,0.0,0.0,0.001953125,3.88792531887348,
W4_discrete_orientation,region=near,preferred_orientation_accuracy,fraction,glider,10,0.5916666666666668,0.5145833333333334,0.66875,mace_polar_l,0.0145833333333333,-0.0958333333333333,0.1291666666666666,0.5770833333333334,-0.0252707581227438,5.0,1.0,1.0,0.0757722898999199,
W4_discrete_orientation,region=near,preferred_orientation_accuracy,fraction,glider,10,0.5916666666666668,0.5145833333333334,0.66875,exact_dipole,0.375,0.2187499999999999,0.50625,0.2166666666666667,-1.7307692307692308,1.0,0.0,0.021484375,1.5372205442358442,
W4_discrete_orientation,region=near,preferred_orientation_accuracy,fraction,mace_polar_l,10,0.5770833333333334,0.4770833333333333,0.675,,,,,,,,,,,
W4_discrete_orientation,region=near,preferred_orientation_accuracy,fraction,mace_polar_l,10,0.5770833333333334,0.4770833333333333,0.675,zero,0.4927882996632997,0.3926104797979798,0.5909259522306398,0.0842950336700336,-5.8459944578975,0.0,0.0,0.001953125,2.9210106544433723,
W4_discrete_orientation,region=near,preferred_orientation_accuracy,fraction,mace_polar_l,10,0.5770833333333334,0.4770833333333333,0.675,exact_dipole,0.3604166666666666,0.23125,0.46875,0.2166666666666667,-1.6634615384615383,1.0,0.0,0.021484375,1.7554432644774431,
W4_discrete_orientation,region=near,preferred_orientation_accuracy,fraction,zero,10,0.0842950336700336,0.0840267255892255,0.0845896464646464,,,,,,,,,,,
W4_discrete_orientation,region=near,preferred_orientation_accuracy,fraction,zero,10,0.0842950336700336,0.0840267255892255,0.0845896464646464,mace_polar_l,-0.4927882996632997,-0.5909259522306398,-0.3926104797979798,0.5770833333333334,0.8539291835320717,10.0,0.0,0.001953125,-2.9210106544433723,
W4_discrete_orientation,region=near,preferred_orientation_accuracy,fraction,zero,10,0.0842950336700336,0.0840267255892255,0.0845896464646464,exact_dipole,-0.132371632996633,-0.2364734848484849,-0.0407646517255892,0.2166666666666667,0.6109459984459986,8.0,0.0,0.109375,-0.8059568124118743,
W4_discrete_orientation,clearance_A=0.8,preferred_orientation_accuracy,fraction,exact_dipole,10,0.2,0.125,0.275,,,,,,,,,,,
W4_discrete_orientation,clearance_A=0.8,preferred_orientation_accuracy,fraction,exact_dipole,10,0.2,0.125,0.275,zero,0.1128198653198653,0.0385430345117845,0.1884848484848485,0.0871801346801346,-1.2941006082842526,4.0,0.0,0.75390625,0.8953360647478877,
W4_discrete_orientation,clearance_A=0.8,preferred_orientation_accuracy,fraction,exact_dipole,10,0.2,0.125,0.275,mace_polar_l,-0.3166666666666667,-0.4333333333333333,-0.1916666666666666,0.5166666666666667,0.6129032258064516,8.0,2.0,0.0078125,-1.5571213394182364,
W4_discrete_orientation,clearance_A=0.8,preferred_orientation_accuracy,fraction,exact_dipole_quadrupole,10,0.3416666666666667,0.2833333333333333,0.4,,,,,,,,,,,
W4_discrete_orientation,clearance_A=0.8,preferred_orientation_accuracy,fraction,exact_dipole_quadrupole,10,0.3416666666666667,0.2833333333333333,0.4,zero,0.254486531986532,0.196157196969697,0.3127272727272727,0.0871801346801346,-2.919088539152265,0.0,0.0,0.001953125,2.557890971054241,
W4_discrete_orientation,clearance_A=0.8,preferred_orientation_accuracy,fraction,exact_dipole_quadrupole,10,0.3416666666666667,0.2833333333333333,0.4,mace_polar_l,-0.175,-0.325,5.551115123125783e-18,0.5166666666666667,0.3387096774193548,7.0,1.0,0.1796875,-0.6271839938492797,
W4_discrete_orientation,clearance_A=0.8,preferred_orientation_accuracy,fraction,exact_dipole_quadrupole,10,0.3416666666666667,0.2833333333333333,0.4,exact_dipole,0.1416666666666666,0.0583333333333333,0.2333333333333333,0.2,-0.7083333333333333,1.0,1.0,0.0390625,0.9620929143282948,
W4_discrete_orientation,clearance_A=0.8,preferred_orientation_accuracy,fraction,exact_dipole_quadrupole_octupole,10,0.2583333333333333,0.1583333333333333,0.3666666666666667,,,,,,,,,,,
W4_discrete_orientation,clearance_A=0.8,preferred_orientation_accuracy,fraction,exact_dipole_quadrupole_octupole,10,0.2583333333333333,0.1583333333333333,0.3666666666666667,zero,0.1711531986531987,0.0713001893939394,0.2803787878787879,0.0871801346801346,-1.9632132857004927,3.0,0.0,0.34375,0.9421591257795336,
W4_discrete_orientation,clearance_A=0.8,preferred_orientation_accuracy,fraction,exact_dipole_quadrupole_octupole,10,0.2583333333333333,0.1583333333333333,0.3666666666666667,mace_polar_l,-0.2583333333333333,-0.4416666666666666,-0.0583333333333333,0.5166666666666667,0.5,8.0,0.0,0.109375,-0.7948427632315116,
W4_discrete_orientation,clearance_A=0.8,preferred_orientation_accuracy,fraction,exact_dipole_quadrupole_octupole,10,0.2583333333333333,0.1583333333333333,0.3666666666666667,exact_dipole,0.0583333333333333,-0.0333333333333333,0.15,0.2,-0.2916666666666667,4.0,1.0,1.0,0.3596185662566394,
W4_discrete_orientation,clearance_A=0.8,preferred_orientation_accuracy,fraction,glider,10,0.5416666666666667,0.4416666666666667,0.6416666666666667,,,,,,,,,,,
W4_discrete_orientation,clearance_A=0.8,preferred_orientation_accuracy,fraction,glider,10,0.5416666666666667,0.4416666666666667,0.6416666666666667,zero,0.454486531986532,0.3547935606060606,0.5548992003367003,0.0871801346801346,-5.213189147436519,0.0,0.0,0.001953125,2.700168984852175,
W4_discrete_orientation,clearance_A=0.8,preferred_orientation_accuracy,fraction,glider,10,0.5416666666666667,0.4416666666666667,0.6416666666666667,mace_polar_l,0.0249999999999999,-0.1166666666666667,0.1916666666666666,0.5166666666666667,-0.0483870967741935,5.0,1.0,1.0,0.0948156690572773,
W4_discrete_orientation,clearance_A=0.8,preferred_orientation_accuracy,fraction,glider,10,0.5416666666666667,0.4416666666666667,0.6416666666666667,exact_dipole,0.3416666666666667,0.2,0.4833333333333333,0.2,-1.7083333333333337,1.0,0.0,0.021484375,1.4405931562989285,
W4_discrete_orientation,clearance_A=0.8,preferred_orientation_accuracy,fraction,mace_polar_l,10,0.5166666666666667,0.3833333333333333,0.6416666666666666,,,,,,,,,,,
W4_discrete_orientation,clearance_A=0.8,preferred_orientation_accuracy,fraction,mace_polar_l,10,0.5166666666666667,0.3833333333333333,0.6416666666666666,zero,0.4294865319865319,0.2953780513468014,0.5550084175084176,0.0871801346801346,-4.926426571400986,1.0,0.0,0.021484375,1.95776293376404,
W4_discrete_orientation,clearance_A=0.8,preferred_orientation_accuracy,fraction,mace_polar_l,10,0.5166666666666667,0.3833333333333333,0.6416666666666666,exact_dipole,0.3166666666666667,0.1916666666666666,0.4333333333333333,0.2,-1.5833333333333337,0.0,2.0,0.0078125,1.5571213394182364,
W4_discrete_orientation,clearance_A=0.8,preferred_orientation_accuracy,fraction,zero,10,0.0871801346801346,0.0861069023569023,0.0883585858585858,,,,,,,,,,,
W4_discrete_orientation,clearance_A=0.8,preferred_orientation_accuracy,fraction,zero,10,0.0871801346801346,0.0861069023569023,0.0883585858585858,mace_polar_l,-0.4294865319865319,-0.5550084175084176,-0.2953780513468015,0.5166666666666667,0.8312642554578039,9.0,0.0,0.021484375,-1.95776293376404,
W4_discrete_orientation,clearance_A=0.8,preferred_orientation_accuracy,fraction,zero,10,0.0871801346801346,0.0861069023569023,0.0883585858585858,exact_dipole,-0.1128198653198653,-0.1884848484848485,-0.0385430345117846,0.2,0.5640993265993267,6.0,0.0,0.75390625,-0.8953360647478877,
W4_discrete_orientation,clearance_A=1.2,preferred_orientation_accuracy,fraction,exact_dipole,10,0.1916666666666666,0.1,0.2999999999999999,,,,,,,,,,,
W4_discrete_orientation,clearance_A=1.2,preferred_orientation_accuracy,fraction,exact_dipole,10,0.1916666666666666,0.1,0.2999999999999999,zero,0.1083333333333333,0.0166666666666666,0.2166666666666666,0.0833333333333332,-1.3000000000000012,1.0,4.0,0.21875,0.6490990986661409,
W4_discrete_orientation,clearance_A=1.2,preferred_orientation_accuracy,fraction,exact_dipole,10,0.1916666666666666,0.1,0.2999999999999999,mace_polar_l,-0.3666666666666666,-0.4583333333333333,-0.25,0.5583333333333333,0.6567164179104478,9.0,0.0,0.021484375,-1.980990743119292,
W4_discrete_orientation,clearance_A=1.2,preferred_orientation_accuracy,fraction,exact_dipole_quadrupole,10,0.425,0.35,0.5083333333333333,,,,,,,,,,,
W4_discrete_orientation,clearance_A=1.2,preferred_orientation_accuracy,fraction,exact_dipole_quadrupole,10,0.425,0.35,0.5083333333333333,zero,0.3416666666666667,0.2666666666666667,0.425,0.0833333333333332,-4.100000000000002,0.0,0.0,0.001953125,2.570321034100723,
W4_discrete_orientation,clearance_A=1.2,preferred_orientation_accuracy,fraction,exact_dipole_quadrupole,10,0.425,0.35,0.5083333333333333,mace_polar_l,-0.1333333333333333,-0.2666666666666667,0.0166666666666666,0.5583333333333333,0.2388059701492537,8.0,0.0,0.109375,-0.5491545143475308,
W4_discrete_orientation,clearance_A=1.2,preferred_orientation_accuracy,fraction,exact_dipole_quadrupole,10,0.425,0.35,0.5083333333333333,exact_dipole,0.2333333333333333,0.1583333333333333,0.3083333333333333,0.1916666666666666,-1.2173913043478262,0.0,1.0,0.00390625,1.807392228230128,
W4_discrete_orientation,clearance_A=1.2,preferred_orientation_accuracy,fraction,exact_dipole_quadrupole_octupole,10,0.3416666666666666,0.225,0.475,,,,,,,,,,,
W4_discrete_orientation,clearance_A=1.2,preferred_orientation_accuracy,fraction,exact_dipole_quadrupole_octupole,10,0.3416666666666666,0.225,0.475,zero,0.2583333333333334,0.1416666666666666,0.3916666666666667,0.0833333333333332,-3.1000000000000014,0.0,0.0,0.001953125,1.2117842434326251,
W4_discrete_orientation,clearance_A=1.2,preferred_orientation_accuracy,fraction,exact_dipole_quadrupole_octupole,10,0.3416666666666666,0.225,0.475,mace_polar_l,-0.2166666666666667,-0.3666666666666667,-0.05,0.5583333333333333,0.3880597014925374,7.0,1.0,0.1796875,-0.7944308226335427,
W4_discrete_orientation,clearance_A=1.2,preferred_orientation_accuracy,fraction,exact_dipole_quadrupole_octupole,10,0.3416666666666666,0.225,0.475,exact_dipole,0.1499999999999999,0.0833333333333333,0.2166666666666666,0.1916666666666666,-0.7826086956521738,0.0,2.0,0.0078125,1.3671981455629496,
W4_discrete_orientation,clearance_A=1.2,preferred_orientation_accuracy,fraction,glider,10,0.5416666666666667,0.425,0.6583333333333334,,,,,,,,,,,
W4_discrete_orientation,clearance_A=1.2,preferred_orientation_accuracy,fraction,glider,10,0.5416666666666667,0.425,0.6583333333333334,zero,0.4583333333333333,0.3416666666666667,0.5750000000000001,0.0833333333333332,-5.500000000000004,0.0,0.0,0.001953125,2.321871897609963,
W4_discrete_orientation,clearance_A=1.2,preferred_orientation_accuracy,fraction,glider,10,0.5416666666666667,0.425,0.6583333333333334,mace_polar_l,-0.0166666666666666,-0.15,0.125,0.5583333333333333,0.0298507462686565,5.0,1.0,1.0,-0.0709079188870598,
W4_discrete_orientation,clearance_A=1.2,preferred_orientation_accuracy,fraction,glider,10,0.5416666666666667,0.425,0.6583333333333334,exact_dipole,0.35,0.175,0.5083333333333333,0.1916666666666666,-1.82608695652174,1.0,1.0,0.0390625,1.2500393694587584,
W4_discrete_orientation,clearance_A=1.2,preferred_orientation_accuracy,fraction,mace_polar_l,10,0.5583333333333333,0.4583333333333333,0.6583333333333333,,,,,,,,,,,
W4_discrete_orientation,clearance_A=1.2,preferred_orientation_accuracy,fraction,mace_polar_l,10,0.5583333333333333,0.4583333333333333,0.6583333333333333,zero,0.475,0.375,0.575,0.0833333333333332,-5.700000000000004,0.0,0.0,0.001953125,2.8460498941515406,
W4_discrete_orientation,clearance_A=1.2,preferred_orientation_accuracy,fraction,mace_polar_l,10,0.5583333333333333,0.4583333333333333,0.6583333333333333,exact_dipole,0.3666666666666666,0.25,0.4583333333333333,0.1916666666666666,-1.91304347826087,1.0,0.0,0.021484375,1.980990743119292,
W4_discrete_orientation,clearance_A=1.2,preferred_orientation_accuracy,fraction,zero,10,0.0833333333333332,0.0833333333333332,0.0833333333333332,,,,,,,,,,,
W4_discrete_orientation,clearance_A=1.2,preferred_orientation_accuracy,fraction,zero,10,0.0833333333333332,0.0833333333333332,0.0833333333333332,mace_polar_l,-0.475,-0.575,-0.375,0.5583333333333333,0.8507462686567165,10.0,0.0,0.001953125,-2.8460498941515406,
W4_discrete_orientation,clearance_A=1.2,preferred_orientation_accuracy,fraction,zero,10,0.0833333333333332,0.0833333333333332,0.0833333333333332,exact_dipole,-0.1083333333333333,-0.2166666666666666,-0.0166666666666666,0.1916666666666666,0.5652173913043481,5.0,4.0,0.21875,-0.6490990986661409,
W4_discrete_orientation,clearance_A=1.8,preferred_orientation_accuracy,fraction,exact_dipole,10,0.2083333333333333,0.1166666666666666,0.3083333333333333,,,,,,,,,,,
W4_discrete_orientation,clearance_A=1.8,preferred_orientation_accuracy,fraction,exact_dipole,10,0.2083333333333333,0.1166666666666666,0.3083333333333333,zero,0.125,0.0333333333333333,0.225,0.0833333333333332,-1.500000000000001,1.0,3.0,0.125,0.7893522173763265,
W4_discrete_orientation,clearance_A=1.8,preferred_orientation_accuracy,fraction,exact_dipole,10,0.2083333333333333,0.1166666666666666,0.3083333333333333,mace_polar_l,-0.3583333333333333,-0.4833333333333333,-0.2083333333333333,0.5666666666666667,0.6323529411764706,9.0,0.0,0.021484375,-1.5192249283110333,
W4_discrete_orientation,clearance_A=1.8,preferred_orientation_accuracy,fraction,exact_dipole_quadrupole,10,0.425,0.3333333333333333,0.525,,,,,,,,,,,
W4_discrete_orientation,clearance_A=1.8,preferred_orientation_accuracy,fraction,exact_dipole_quadrupole,10,0.425,0.3333333333333333,0.525,zero,0.3416666666666667,0.25,0.4416666666666666,0.0833333333333332,-4.100000000000002,0.0,0.0,0.001953125,2.0820559598765125,
W4_discrete_orientation,clearance_A=1.8,preferred_orientation_accuracy,fraction,exact_dipole_quadrupole,10,0.425,0.3333333333333333,0.525,mace_polar_l,-0.1416666666666667,-0.3,0.0333333333333332,0.5666666666666667,0.25,7.0,0.0,0.34375,-0.4998558870124268,
W4_discrete_orientation,clearance_A=1.8,preferred_orientation_accuracy,fraction,exact_dipole_quadrupole,10,0.425,0.3333333333333333,0.525,exact_dipole,0.2166666666666667,0.1416666666666666,0.2916666666666666,0.2083333333333333,-1.04,0.0,1.0,0.00390625,1.726949026803186,
W4_discrete_orientation,clearance_A=1.8,preferred_orientation_accuracy,fraction,exact_dipole_quadrupole_octupole,10,0.4,0.2581250000000001,0.5666666666666667,,,,,,,,,,,
W4_discrete_orientation,clearance_A=1.8,preferred_orientation_accuracy,fraction,exact_dipole_quadrupole_octupole,10,0.4,0.2581250000000001,0.5666666666666667,zero,0.3166666666666667,0.1747916666666668,0.4833333333333334,0.0833333333333332,-3.8000000000000034,0.0,1.0,0.00390625,1.191124381656433,
W4_discrete_orientation,clearance_A=1.8,preferred_orientation_accuracy,fraction,exact_dipole_quadrupole_octupole,10,0.4,0.2581250000000001,0.5666666666666667,mace_polar_l,-0.1666666666666666,-0.3583333333333333,0.0499999999999999,0.5666666666666667,0.2941176470588235,7.0,0.0,0.34375,-0.477334370505438,
W4_discrete_orientation,clearance_A=1.8,preferred_orientation_accuracy,fraction,exact_dipole_quadrupole_octupole,10,0.4,0.2581250000000001,0.5666666666666667,exact_dipole,0.1916666666666666,0.0916666666666666,0.2916666666666666,0.2083333333333333,-0.9200000000000004,1.0,2.0,0.0703125,1.089624612199643,
W4_discrete_orientation,clearance_A=1.8,preferred_orientation_accuracy,fraction,glider,10,0.6333333333333333,0.5583333333333333,0.7083333333333333,,,,,,,,,,,
W4_discrete_orientation,clearance_A=1.8,preferred_orientation_accuracy,fraction,glider,10,0.6333333333333333,0.5583333333333333,0.7083333333333333,zero,0.55,0.475,0.6250000000000001,0.0833333333333332,-6.600000000000004,0.0,0.0,0.001953125,4.383793683423471,
W4_discrete_orientation,clearance_A=1.8,preferred_orientation_accuracy,fraction,glider,10,0.6333333333333333,0.5583333333333333,0.7083333333333333,mace_polar_l,0.0666666666666666,-0.0333333333333333,0.1666666666666666,0.5666666666666667,-0.1176470588235294,3.0,2.0,0.7265625,0.3813850356982369,
W4_discrete_orientation,clearance_A=1.8,preferred_orientation_accuracy,fraction,glider,10,0.6333333333333333,0.5583333333333333,0.7083333333333333,exact_dipole,0.425,0.2666666666666667,0.55,0.2083333333333333,-2.04,1.0,0.0,0.021484375,1.76787079737414,
W4_discrete_orientation,clearance_A=1.8,preferred_orientation_accuracy,fraction,mace_polar_l,10,0.5666666666666667,0.4666666666666667,0.6666666666666666,,,,,,,,,,,
W4_discrete_orientation,clearance_A=1.8,preferred_orientation_accuracy,fraction,mace_polar_l,10,0.5666666666666667,0.4666666666666667,0.6666666666666666,zero,0.4833333333333334,0.3833333333333334,0.5833333333333334,0.0833333333333332,-5.800000000000003,0.0,0.0,0.001953125,2.837627117782473,
W4_discrete_orientation,clearance_A=1.8,preferred_orientation_accuracy,fraction,mace_polar_l,10,0.5666666666666667,0.4666666666666667,0.6666666666666666,exact_dipole,0.3583333333333333,0.2083333333333333,0.4833333333333333,0.2083333333333333,-1.7200000000000002,1.0,0.0,0.021484375,1.5192249283110333,
W4_discrete_orientation,clearance_A=1.8,preferred_orientation_accuracy,fraction,zero,10,0.0833333333333332,0.0833333333333332,0.0833333333333332,,,,,,,,,,,
W4_discrete_orientation,clearance_A=1.8,preferred_orientation_accuracy,fraction,zero,10,0.0833333333333332,0.0833333333333332,0.0833333333333332,mace_polar_l,-0.4833333333333334,-0.5833333333333334,-0.3833333333333334,0.5666666666666667,0.8529411764705883,10.0,0.0,0.001953125,-2.837627117782473,
W4_discrete_orientation,clearance_A=1.8,preferred_orientation_accuracy,fraction,zero,10,0.0833333333333332,0.0833333333333332,0.0833333333333332,exact_dipole,-0.125,-0.225,-0.0333333333333333,0.2083333333333333,0.6000000000000002,6.0,3.0,0.125,-0.7893522173763265,
W4_discrete_orientation,clearance_A=2.5,preferred_orientation_accuracy,fraction,exact_dipole,10,0.2666666666666667,0.1416666666666666,0.4166666666666666,,,,,,,,,,,
W4_discrete_orientation,clearance_A=2.5,preferred_orientation_accuracy,fraction,exact_dipole,10,0.2666666666666667,0.1416666666666666,0.4166666666666666,zero,0.1833333333333333,0.0583333333333333,0.3333333333333333,0.0833333333333332,-2.2000000000000024,1.0,3.0,0.125,0.791114447450884,
W4_discrete_orientation,clearance_A=2.5,preferred_orientation_accuracy,fraction,exact_dipole,10,0.2666666666666667,0.1416666666666666,0.4166666666666666,mace_polar_l,-0.3999999999999999,-0.5499999999999999,-0.2333333333333333,0.6666666666666666,0.5999999999999999,8.0,1.0,0.0390625,-1.5045781663028623,
W4_discrete_orientation,clearance_A=2.5,preferred_orientation_accuracy,fraction,exact_dipole_quadrupole,10,0.4916666666666667,0.375,0.6166666666666667,,,,,,,,,,,
W4_discrete_orientation,clearance_A=2.5,preferred_orientation_accuracy,fraction,exact_dipole_quadrupole,10,0.4916666666666667,0.375,0.6166666666666667,zero,0.4083333333333334,0.2916666666666667,0.5333333333333334,0.0833333333333332,-4.900000000000004,0.0,0.0,0.001953125,1.983952008938344,
W4_discrete_orientation,clearance_A=2.5,preferred_orientation_accuracy,fraction,exact_dipole_quadrupole,10,0.4916666666666667,0.375,0.6166666666666667,mace_polar_l,-0.175,-0.35,-2.220446049250313e-17,0.6666666666666666,0.2624999999999999,7.0,0.0,0.34375,-0.5826842696382257,
W4_discrete_orientation,clearance_A=2.5,preferred_orientation_accuracy,fraction,exact_dipole_quadrupole,10,0.4916666666666667,0.375,0.6166666666666667,exact_dipole,0.225,0.125,0.3166666666666666,0.2666666666666667,-0.8437499999999998,1.0,0.0,0.021484375,1.429659131976871,
W4_discrete_orientation,clearance_A=2.5,preferred_orientation_accuracy,fraction,exact_dipole_quadrupole_octupole,10,0.4583333333333333,0.3083333333333333,0.625,,,,,,,,,,,
W4_discrete_orientation,clearance_A=2.5,preferred_orientation_accuracy,fraction,exact_dipole_quadrupole_octupole,10,0.4583333333333333,0.3083333333333333,0.625,zero,0.3750000000000001,0.225,0.5416666666666667,0.0833333333333332,-4.500000000000004,0.0,0.0,0.001953125,1.3887301496588276,
W4_discrete_orientation,clearance_A=2.5,preferred_orientation_accuracy,fraction,exact_dipole_quadrupole_octupole,10,0.4583333333333333,0.3083333333333333,0.625,mace_polar_l,-0.2083333333333333,-0.3833333333333333,-0.0166666666666666,0.6666666666666666,0.3124999999999999,7.0,0.0,0.34375,-0.6565321642986128,
W4_discrete_orientation,clearance_A=2.5,preferred_orientation_accuracy,fraction,exact_dipole_quadrupole_octupole,10,0.4583333333333333,0.3083333333333333,0.625,exact_dipole,0.1916666666666666,0.1333333333333333,0.25,0.2666666666666667,-0.7187499999999998,0.0,0.0,0.001953125,1.9836105322874376,
W4_discrete_orientation,clearance_A=2.5,preferred_orientation_accuracy,fraction,glider,10,0.6500000000000001,0.5916666666666666,0.7083333333333333,,,,,,,,,,,
W4_discrete_orientation,clearance_A=2.5,preferred_orientation_accuracy,fraction,glider,10,0.6500000000000001,0.5916666666666666,0.7083333333333333,zero,0.5666666666666668,0.5083333333333333,0.6250000000000001,0.0833333333333332,-6.800000000000006,0.0,0.0,0.001953125,5.531726674375732,
W4_discrete_orientation,clearance_A=2.5,preferred_orientation_accuracy,fraction,glider,10,0.6500000000000001,0.5916666666666666,0.7083333333333333,mace_polar_l,-0.0166666666666666,-0.1166666666666667,0.0916666666666666,0.6666666666666666,0.0249999999999998,5.0,1.0,1.0,-0.0930260509419063,
W4_discrete_orientation,clearance_A=2.5,preferred_orientation_accuracy,fraction,glider,10,0.6500000000000001,0.5916666666666666,0.7083333333333333,exact_dipole,0.3833333333333333,0.1916666666666666,0.5416666666666666,0.2666666666666667,-1.4375,1.0,1.0,0.0390625,1.2790943961361114,
W4_discrete_orientation,clearance_A=2.5,preferred_orientation_accuracy,fraction,mace_polar_l,10,0.6666666666666666,0.5666666666666667,0.7666666666666667,,,,,,,,,,,
W4_discrete_orientation,clearance_A=2.5,preferred_orientation_accuracy,fraction,mace_polar_l,10,0.6666666666666666,0.5666666666666667,0.7666666666666667,zero,0.5833333333333334,0.4833333333333334,0.6833333333333335,0.0833333333333332,-7.000000000000004,0.0,0.0,0.001953125,3.4066498437460133,
W4_discrete_orientation,clearance_A=2.5,preferred_orientation_accuracy,fraction,mace_polar_l,10,0.6666666666666666,0.5666666666666667,0.7666666666666667,exact_dipole,0.3999999999999999,0.2333333333333333,0.5499999999999999,0.2666666666666667,-1.4999999999999996,1.0,1.0,0.0390625,1.5045781663028623,
W4_discrete_orientation,clearance_A=2.5,preferred_orientation_accuracy,fraction,zero,10,0.0833333333333332,0.0833333333333332,0.0833333333333332,,,,,,,,,,,
W4_discrete_orientation,clearance_A=2.5,preferred_orientation_accuracy,fraction,zero,10,0.0833333333333332,0.0833333333333332,0.0833333333333332,mace_polar_l,-0.5833333333333334,-0.6833333333333335,-0.4833333333333334,0.6666666666666666,0.8750000000000001,10.0,0.0,0.001953125,-3.4066498437460133,
W4_discrete_orientation,clearance_A=2.5,preferred_orientation_accuracy,fraction,zero,10,0.0833333333333332,0.0833333333333332,0.0833333333333332,exact_dipole,-0.1833333333333333,-0.3333333333333333,-0.0583333333333333,0.2666666666666667,0.6875000000000002,6.0,3.0,0.125,-0.791114447450884,
W4_discrete_orientation,clearance_A=3.5,preferred_orientation_accuracy,fraction,exact_dipole,10,0.2916666666666667,0.15,0.4416666666666666,,,,,,,,,,,
W4_discrete_orientation,clearance_A=3.5,preferred_orientation_accuracy,fraction,exact_dipole,10,0.2916666666666667,0.15,0.4416666666666666,zero,0.2083333333333333,0.0666666666666667,0.3583333333333333,0.0833333333333332,-2.500000000000002,1.0,2.0,0.0703125,0.8574929257125442,
W4_discrete_orientation,clearance_A=3.5,preferred_orientation_accuracy,fraction,exact_dipole,10,0.2916666666666667,0.15,0.4416666666666666,mace_polar_l,-0.4416666666666666,-0.5833333333333334,-0.2833333333333333,0.7333333333333333,0.6022727272727273,9.0,1.0,0.00390625,-1.6939834776943592,
W4_discrete_orientation,clearance_A=3.5,preferred_orientation_accuracy,fraction,exact_dipole_quadrupole,10,0.5916666666666667,0.475,0.7083333333333334,,,,,,,,,,,
W4_discrete_orientation,clearance_A=3.5,preferred_orientation_accuracy,fraction,exact_dipole_quadrupole,10,0.5916666666666667,0.475,0.7083333333333334,zero,0.5083333333333334,0.3916666666666667,0.6250000000000001,0.0833333333333332,-6.100000000000004,0.0,0.0,0.001953125,2.565028521538597,
W4_discrete_orientation,clearance_A=3.5,preferred_orientation_accuracy,fraction,exact_dipole_quadrupole,10,0.5916666666666667,0.475,0.7083333333333334,mace_polar_l,-0.1416666666666666,-0.2916666666666667,0.0166666666666666,0.7333333333333333,0.1931818181818181,6.0,2.0,0.2890625,-0.5372887913245715,
W4_discrete_orientation,clearance_A=3.5,preferred_orientation_accuracy,fraction,exact_dipole_quadrupole,10,0.5916666666666667,0.475,0.7083333333333334,exact_dipole,0.3,0.175,0.4166666666666666,0.2916666666666667,-1.0285714285714285,1.0,0.0,0.021484375,1.4919632027879512,
W4_discrete_orientation,clearance_A=3.5,preferred_orientation_accuracy,fraction,exact_dipole_quadrupole_octupole,10,0.5583333333333333,0.4,0.725,,,,,,,,,,,
W4_discrete_orientation,clearance_A=3.5,preferred_orientation_accuracy,fraction,exact_dipole_quadrupole_octupole,10,0.5583333333333333,0.4,0.725,zero,0.475,0.3166666666666667,0.6416666666666667,0.0833333333333332,-5.700000000000004,0.0,0.0,0.001953125,1.709145640716092,
W4_discrete_orientation,clearance_A=3.5,preferred_orientation_accuracy,fraction,exact_dipole_quadrupole_octupole,10,0.5583333333333333,0.4,0.725,mace_polar_l,-0.175,-0.3333333333333333,0.0083333333333333,0.7333333333333333,0.2386363636363635,7.0,0.0,0.34375,-0.6037075533048724,
W4_discrete_orientation,clearance_A=3.5,preferred_orientation_accuracy,fraction,exact_dipole_quadrupole_octupole,10,0.5583333333333333,0.4,0.725,exact_dipole,0.2666666666666667,0.2166666666666666,0.3083333333333334,0.2916666666666667,-0.914285714285714,0.0,0.0,0.001953125,3.0983866769659336,
W4_discrete_orientation,clearance_A=3.5,preferred_orientation_accuracy,fraction,glider,10,0.7416666666666667,0.6666666666666666,0.8166666666666667,,,,,,,,,,,
W4_discrete_orientation,clearance_A=3.5,preferred_orientation_accuracy,fraction,glider,10,0.7416666666666667,0.6666666666666666,0.8166666666666667,zero,0.6583333333333334,0.5833333333333333,0.7333333333333333,0.0833333333333332,-7.900000000000006,0.0,0.0,0.001953125,5.184121875228714,
W4_discrete_orientation,clearance_A=3.5,preferred_orientation_accuracy,fraction,glider,10,0.7416666666666667,0.6666666666666666,0.8166666666666667,mace_polar_l,0.0083333333333333,-0.0666666666666666,0.075,0.7333333333333333,-0.0113636363636364,3.0,3.0,1.0,0.0690065559342355,
W4_discrete_orientation,clearance_A=3.5,preferred_orientation_accuracy,fraction,glider,10,0.7416666666666667,0.6666666666666666,0.8166666666666667,exact_dipole,0.45,0.2833333333333333,0.6000000000000001,0.2916666666666667,-1.5428571428571427,1.0,0.0,0.021484375,1.6499717085465888,
W4_discrete_orientation,clearance_A=3.5,preferred_orientation_accuracy,fraction,mace_polar_l,10,0.7333333333333333,0.675,0.8083333333333332,,,,,,,,,,,
W4_discrete_orientation,clearance_A=3.5,preferred_orientation_accuracy,fraction,mace_polar_l,10,0.7333333333333333,0.675,0.8083333333333332,zero,0.65,0.5916666666666667,0.725,0.0833333333333332,-7.800000000000004,0.0,0.0,0.001953125,5.924525297439449,
W4_discrete_orientation,clearance_A=3.5,preferred_orientation_accuracy,fraction,mace_polar_l,10,0.7333333333333333,0.675,0.8083333333333332,exact_dipole,0.4416666666666666,0.2833333333333333,0.5833333333333334,0.2916666666666667,-1.5142857142857138,0.0,1.0,0.00390625,1.6939834776943592,
W4_discrete_orientation,clearance_A=3.5,preferred_orientation_accuracy,fraction,zero,10,0.0833333333333332,0.0833333333333332,0.0833333333333332,,,,,,,,,,,
W4_discrete_orientation,clearance_A=3.5,preferred_orientation_accuracy,fraction,zero,10,0.0833333333333332,0.0833333333333332,0.0833333333333332,mace_polar_l,-0.65,-0.725,-0.5916666666666667,0.7333333333333333,0.8863636363636365,10.0,0.0,0.001953125,-5.924525297439449,
W4_discrete_orientation,clearance_A=3.5,preferred_orientation_accuracy,fraction,zero,10,0.0833333333333332,0.0833333333333332,0.0833333333333332,exact_dipole,-0.2083333333333333,-0.3583333333333333,-0.0666666666666667,0.2916666666666667,0.7142857142857144,7.0,2.0,0.0703125,-0.8574929257125442,
W4_discrete_orientation,clearance_A=5.0,preferred_orientation_accuracy,fraction,exact_dipole,10,0.3583333333333333,0.2083333333333333,0.5166666666666667,,,,,,,,,,,
W4_discrete_orientation,clearance_A=5.0,preferred_orientation_accuracy,fraction,exact_dipole,10,0.3583333333333333,0.2083333333333333,0.5166666666666667,zero,0.275,0.125,0.4333333333333334,0.0833333333333332,-3.3000000000000025,0.0,3.0,0.015625,1.0429723596300506,
W4_discrete_orientation,clearance_A=5.0,preferred_orientation_accuracy,fraction,exact_dipole,10,0.3583333333333333,0.2083333333333333,0.5166666666666667,mace_polar_l,-0.4249999999999999,-0.5916666666666666,-0.2416666666666666,0.7833333333333333,0.5425531914893618,9.0,0.0,0.021484375,-1.4150903691214043,
W4_discrete_orientation,clearance_A=5.0,preferred_orientation_accuracy,fraction,exact_dipole_quadrupole,10,0.6916666666666667,0.5666666666666668,0.8083333333333333,,,,,,,,,,,
W4_discrete_orientation,clearance_A=5.0,preferred_orientation_accuracy,fraction,exact_dipole_quadrupole,10,0.6916666666666667,0.5666666666666668,0.8083333333333333,zero,0.6083333333333334,0.4833333333333334,0.7250000000000001,0.0833333333333332,-7.300000000000004,0.0,0.0,0.001953125,2.977456891021731,
W4_discrete_orientation,clearance_A=5.0,preferred_orientation_accuracy,fraction,exact_dipole_quadrupole,10,0.6916666666666667,0.5666666666666668,0.8083333333333333,mace_polar_l,-0.0916666666666666,-0.225,0.0416666666666666,0.7833333333333333,0.1170212765957446,6.0,0.0,0.75390625,-0.4034603686340157,
W4_discrete_orientation,clearance_A=5.0,preferred_orientation_accuracy,fraction,exact_dipole_quadrupole,10,0.6916666666666667,0.5666666666666668,0.8083333333333333,exact_dipole,0.3333333333333333,0.2333333333333333,0.4416666666666667,0.3583333333333333,-0.9302325581395348,0.0,0.0,0.001953125,1.8516401995451024,
W4_discrete_orientation,clearance_A=5.0,preferred_orientation_accuracy,fraction,exact_dipole_quadrupole_octupole,10,0.6666666666666667,0.5249999999999999,0.8,,,,,,,,,,,
W4_discrete_orientation,clearance_A=5.0,preferred_orientation_accuracy,fraction,exact_dipole_quadrupole_octupole,10,0.6666666666666667,0.5249999999999999,0.8,zero,0.5833333333333334,0.4416666666666667,0.7166666666666667,0.0833333333333332,-7.000000000000005,0.0,0.0,0.001953125,2.441200413620205,
W4_discrete_orientation,clearance_A=5.0,preferred_orientation_accuracy,fraction,exact_dipole_quadrupole_octupole,10,0.6666666666666667,0.5249999999999999,0.8,mace_polar_l,-0.1166666666666666,-0.2833333333333333,0.0416666666666666,0.7833333333333333,0.1489361702127658,6.0,1.0,0.5078125,-0.4150489428970998,
W4_discrete_orientation,clearance_A=5.0,preferred_orientation_accuracy,fraction,exact_dipole_quadrupole_octupole,10,0.6666666666666667,0.5249999999999999,0.8,exact_dipole,0.3083333333333333,0.2416666666666666,0.3833333333333333,0.3583333333333333,-0.86046511627907,0.0,0.0,0.001953125,2.60905774570859,
W4_discrete_orientation,clearance_A=5.0,preferred_orientation_accuracy,fraction,glider,10,0.7750000000000001,0.6666666666666667,0.8666666666666668,,,,,,,,,,,
W4_discrete_orientation,clearance_A=5.0,preferred_orientation_accuracy,fraction,glider,10,0.7750000000000001,0.6666666666666667,0.8666666666666668,zero,0.6916666666666668,0.5833333333333334,0.7833333333333334,0.0833333333333332,-8.300000000000006,0.0,0.0,0.001953125,4.034008967076883,
W4_discrete_orientation,clearance_A=5.0,preferred_orientation_accuracy,fraction,glider,10,0.7750000000000001,0.6666666666666667,0.8666666666666668,mace_polar_l,-0.0083333333333333,-0.1249999999999999,0.1,0.7833333333333333,0.0106382978723402,4.0,0.0,0.75390625,-0.0438061245243425,
W4_discrete_orientation,clearance_A=5.0,preferred_orientation_accuracy,fraction,glider,10,0.7750000000000001,0.6666666666666667,0.8666666666666668,exact_dipole,0.4166666666666666,0.2083333333333333,0.6166666666666667,0.3583333333333333,-1.162790697674419,1.0,0.0,0.021484375,1.1785113019775793,
W4_discrete_orientation,clearance_A=5.0,preferred_orientation_accuracy,fraction,mace_polar_l,10,0.7833333333333333,0.7166666666666667,0.85,,,,,,,,,,,
W4_discrete_orientation,clearance_A=5.0,preferred_orientation_accuracy,fraction,mace_polar_l,10,0.7833333333333333,0.7166666666666667,0.85,zero,0.7,0.6333333333333333,0.7666666666666666,0.0833333333333332,-8.400000000000006,0.0,0.0,0.001953125,6.222696458892413,
W4_discrete_orientation,clearance_A=5.0,preferred_orientation_accuracy,fraction,mace_polar_l,10,0.7833333333333333,0.7166666666666667,0.85,exact_dipole,0.4249999999999999,0.2416666666666666,0.5916666666666666,0.3583333333333333,-1.1860465116279069,1.0,0.0,0.021484375,1.4150903691214043,
W4_discrete_orientation,clearance_A=5.0,preferred_orientation_accuracy,fraction,zero,10,0.0833333333333332,0.0833333333333332,0.0833333333333332,,,,,,,,,,,
W4_discrete_orientation,clearance_A=5.0,preferred_orientation_accuracy,fraction,zero,10,0.0833333333333332,0.0833333333333332,0.0833333333333332,mace_polar_l,-0.7,-0.7666666666666666,-0.6333333333333333,0.7833333333333333,0.8936170212765958,10.0,0.0,0.001953125,-6.222696458892413,
W4_discrete_orientation,clearance_A=5.0,preferred_orientation_accuracy,fraction,zero,10,0.0833333333333332,0.0833333333333332,0.0833333333333332,exact_dipole,-0.275,-0.4333333333333334,-0.125,0.3583333333333333,0.7674418604651164,7.0,3.0,0.015625,-1.0429723596300506,
W4_discrete_orientation,clearance_A=7.5,preferred_orientation_accuracy,fraction,exact_dipole,10,0.45,0.275,0.6333333333333333,,,,,,,,,,,
W4_discrete_orientation,clearance_A=7.5,preferred_orientation_accuracy,fraction,exact_dipole,10,0.45,0.275,0.6333333333333333,zero,0.3666666666666667,0.1916666666666667,0.55,0.0833333333333332,-4.400000000000004,0.0,1.0,0.00390625,1.1931175180026088,
W4_discrete_orientation,clearance_A=7.5,preferred_orientation_accuracy,fraction,exact_dipole,10,0.45,0.275,0.6333333333333333,mace_polar_l,-0.2999999999999999,-0.4333333333333334,-0.1499999999999999,0.7500000000000001,0.4,8.0,1.0,0.0390625,-1.2197356689220888,
W4_discrete_orientation,clearance_A=7.5,preferred_orientation_accuracy,fraction,exact_dipole_quadrupole,10,0.8,0.7083333333333334,0.8833333333333334,,,,,,,,,,,
W4_discrete_orientation,clearance_A=7.5,preferred_orientation_accuracy,fraction,exact_dipole_quadrupole,10,0.8,0.7083333333333334,0.8833333333333334,zero,0.7166666666666668,0.6250000000000002,0.8000000000000002,0.0833333333333332,-8.600000000000007,0.0,0.0,0.001953125,4.841283731513172,
W4_discrete_orientation,clearance_A=7.5,preferred_orientation_accuracy,fraction,exact_dipole_quadrupole,10,0.8,0.7083333333333334,0.8833333333333334,mace_polar_l,0.05,-0.0499999999999999,0.15,0.7500000000000001,-0.0666666666666666,3.0,0.0,0.34375,0.2904737509655564,
W4_discrete_orientation,clearance_A=7.5,preferred_orientation_accuracy,fraction,exact_dipole_quadrupole,10,0.8,0.7083333333333334,0.8833333333333334,exact_dipole,0.35,0.2166666666666667,0.4833333333333333,0.45,-0.7777777777777777,0.0,0.0,0.001953125,1.5556741147231032,
W4_discrete_orientation,clearance_A=7.5,preferred_orientation_accuracy,fraction,exact_dipole_quadrupole_octupole,10,0.8166666666666667,0.7333333333333334,0.9,,,,,,,,,,,
W4_discrete_orientation,clearance_A=7.5,preferred_orientation_accuracy,fraction,exact_dipole_quadrupole_octupole,10,0.8166666666666667,0.7333333333333334,0.9,zero,0.7333333333333334,0.6500000000000001,0.8166666666666668,0.0833333333333332,-8.800000000000006,0.0,0.0,0.001953125,5.2177581392778265,
W4_discrete_orientation,clearance_A=7.5,preferred_orientation_accuracy,fraction,exact_dipole_quadrupole_octupole,10,0.8166666666666667,0.7333333333333334,0.9,mace_polar_l,0.0666666666666666,-0.0249999999999999,0.1583333333333333,0.7500000000000001,-0.0888888888888888,3.0,1.0,0.5078125,0.4269408401788921,
W4_discrete_orientation,clearance_A=7.5,preferred_orientation_accuracy,fraction,exact_dipole_quadrupole_octupole,10,0.8166666666666667,0.7333333333333334,0.9,exact_dipole,0.3666666666666666,0.2499999999999999,0.4833333333333333,0.45,-0.8148148148148144,0.0,0.0,0.001953125,1.8235105811852736,
W4_discrete_orientation,clearance_A=7.5,preferred_orientation_accuracy,fraction,glider,10,0.8,0.7166666666666666,0.8833333333333334,,,,,,,,,,,
W4_discrete_orientation,clearance_A=7.5,preferred_orientation_accuracy,fraction,glider,10,0.8,0.7166666666666666,0.8833333333333334,zero,0.7166666666666666,0.6333333333333333,0.8,0.0833333333333332,-8.600000000000007,0.0,0.0,0.001953125,4.84128373151317,
W4_discrete_orientation,clearance_A=7.5,preferred_orientation_accuracy,fraction,glider,10,0.8,0.7166666666666666,0.8833333333333334,mace_polar_l,0.0499999999999999,-0.05,0.1416666666666667,0.7500000000000001,-0.0666666666666666,4.0,0.0,0.75390625,0.306897452761713,
W4_discrete_orientation,clearance_A=7.5,preferred_orientation_accuracy,fraction,glider,10,0.8,0.7166666666666666,0.8833333333333334,exact_dipole,0.35,0.1749999999999999,0.525,0.45,-0.7777777777777777,1.0,0.0,0.021484375,1.171902897591811,
W4_discrete_orientation,clearance_A=7.5,preferred_orientation_accuracy,fraction,mace_polar_l,10,0.7500000000000001,0.6666666666666667,0.8333333333333333,,,,,,,,,,,
W4_discrete_orientation,clearance_A=7.5,preferred_orientation_accuracy,fraction,mace_polar_l,10,0.7500000000000001,0.6666666666666667,0.8333333333333333,zero,0.6666666666666667,0.5833333333333334,0.7500000000000001,0.0833333333333332,-8.000000000000007,0.0,0.0,0.001953125,4.706787243316416,
W4_discrete_orientation,clearance_A=7.5,preferred_orientation_accuracy,fraction,mace_polar_l,10,0.7500000000000001,0.6666666666666667,0.8333333333333333,exact_dipole,0.2999999999999999,0.1499999999999999,0.4333333333333334,0.45,-0.6666666666666667,1.0,1.0,0.0390625,1.2197356689220888,
W4_discrete_orientation,clearance_A=7.5,preferred_orientation_accuracy,fraction,zero,10,0.0833333333333332,0.0833333333333332,0.0833333333333332,,,,,,,,,,,
W4_discrete_orientation,clearance_A=7.5,preferred_orientation_accuracy,fraction,zero,10,0.0833333333333332,0.0833333333333332,0.0833333333333332,mace_polar_l,-0.6666666666666667,-0.7500000000000001,-0.5833333333333334,0.7500000000000001,0.888888888888889,10.0,0.0,0.001953125,-4.706787243316416,
W4_discrete_orientation,clearance_A=7.5,preferred_orientation_accuracy,fraction,zero,10,0.0833333333333332,0.0833333333333332,0.0833333333333332,exact_dipole,-0.3666666666666667,-0.55,-0.1916666666666667,0.45,0.8148148148148149,9.0,1.0,0.00390625,-1.1931175180026088,
W4_discrete_orientation,clearance_A=10.0,preferred_orientation_accuracy,fraction,exact_dipole,10,0.5083333333333333,0.3333333333333333,0.6916666666666667,,,,,,,,,,,
W4_discrete_orientation,clearance_A=10.0,preferred_orientation_accuracy,fraction,exact_dipole,10,0.5083333333333333,0.3333333333333333,0.6916666666666667,zero,0.4250000000000001,0.2500000000000001,0.6083333333333334,0.0833333333333332,-5.100000000000003,0.0,0.0,0.001953125,1.4150903691214052,
W4_discrete_orientation,clearance_A=10.0,preferred_orientation_accuracy,fraction,exact_dipole,10,0.5083333333333333,0.3333333333333333,0.6916666666666667,mace_polar_l,-0.2583333333333333,-0.425,-0.0916666666666666,0.7666666666666667,0.3369565217391305,8.0,0.0,0.109375,-0.9258430385394126,
W4_discrete_orientation,clearance_A=10.0,preferred_orientation_accuracy,fraction,exact_dipole_quadrupole,10,0.8166666666666668,0.7416666666666667,0.8916666666666668,,,,,,,,,,,
W4_discrete_orientation,clearance_A=10.0,preferred_orientation_accuracy,fraction,exact_dipole_quadrupole,10,0.8166666666666668,0.7416666666666667,0.8916666666666668,zero,0.7333333333333335,0.6583333333333334,0.8083333333333333,0.0833333333333332,-8.800000000000006,0.0,0.0,0.001953125,5.96315215917466,
W4_discrete_orientation,clearance_A=10.0,preferred_orientation_accuracy,fraction,exact_dipole_quadrupole,10,0.8166666666666668,0.7416666666666667,0.8916666666666668,mace_polar_l,0.05,-0.0666666666666666,0.1666666666666667,0.7666666666666667,-0.0652173913043479,4.0,0.0,0.75390625,0.2535462764185551,
W4_discrete_orientation,clearance_A=10.0,preferred_orientation_accuracy,fraction,exact_dipole_quadrupole,10,0.8166666666666668,0.7416666666666667,0.8916666666666668,exact_dipole,0.3083333333333333,0.1833333333333333,0.4333333333333333,0.5083333333333333,-0.6065573770491806,0.0,1.0,0.00390625,1.4562465604252703,
W4_discrete_orientation,clearance_A=10.0,preferred_orientation_accuracy,fraction,exact_dipole_quadrupole_octupole,10,0.8916666666666668,0.825,0.95,,,,,,,,,,,
W4_discrete_orientation,clearance_A=10.0,preferred_orientation_accuracy,fraction,exact_dipole_quadrupole_octupole,10,0.8916666666666668,0.825,0.95,zero,0.8083333333333336,0.7416666666666667,0.8666666666666668,0.0833333333333332,-9.700000000000008,0.0,0.0,0.001953125,7.749673980788526,
W4_discrete_orientation,clearance_A=10.0,preferred_orientation_accuracy,fraction,exact_dipole_quadrupole_octupole,10,0.8916666666666668,0.825,0.95,mace_polar_l,0.125,0.0083333333333333,0.2583333333333334,0.7666666666666667,-0.1630434782608696,2.0,1.0,0.1796875,0.5883484054145521,
W4_discrete_orientation,clearance_A=10.0,preferred_orientation_accuracy,fraction,exact_dipole_quadrupole_octupole,10,0.8916666666666668,0.825,0.95,exact_dipole,0.3833333333333333,0.2333333333333333,0.5250000000000001,0.5083333333333333,-0.7540983606557381,0.0,1.0,0.00390625,1.5390440917718733,
W4_discrete_orientation,clearance_A=10.0,preferred_orientation_accuracy,fraction,glider,10,0.8333333333333333,0.7499999999999999,0.9166666666666666,,,,,,,,,,,
W4_discrete_orientation,clearance_A=10.0,preferred_orientation_accuracy,fraction,glider,10,0.8333333333333333,0.7499999999999999,0.9166666666666666,zero,0.75,0.6666666666666667,0.8333333333333334,0.0833333333333332,-9.000000000000005,0.0,0.0,0.001953125,5.2951356487309695,
W4_discrete_orientation,clearance_A=10.0,preferred_orientation_accuracy,fraction,glider,10,0.8333333333333333,0.7499999999999999,0.9166666666666666,mace_polar_l,0.0666666666666666,-0.0333333333333333,0.1583333333333333,0.7666666666666667,-0.0869565217391301,3.0,0.0,0.34375,0.4140393356054126,
W4_discrete_orientation,clearance_A=10.0,preferred_orientation_accuracy,fraction,glider,10,0.8333333333333333,0.7499999999999999,0.9166666666666666,exact_dipole,0.3249999999999999,0.125,0.5166666666666666,0.5083333333333333,-0.639344262295082,1.0,0.0,0.021484375,0.9856673370672524,
W4_discrete_orientation,clearance_A=10.0,preferred_orientation_accuracy,fraction,mace_polar_l,10,0.7666666666666667,0.6583333333333334,0.8583333333333334,,,,,,,,,,,
W4_discrete_orientation,clearance_A=10.0,preferred_orientation_accuracy,fraction,mace_polar_l,10,0.7666666666666667,0.6583333333333334,0.8583333333333334,zero,0.6833333333333333,0.575,0.7750000000000001,0.0833333333333332,-8.200000000000006,0.0,0.0,0.001953125,4.011817649278669,
W4_discrete_orientation,clearance_A=10.0,preferred_orientation_accuracy,fraction,mace_polar_l,10,0.7666666666666667,0.6583333333333334,0.8583333333333334,exact_dipole,0.2583333333333333,0.0916666666666666,0.425,0.5083333333333333,-0.5081967213114755,2.0,0.0,0.109375,0.9258430385394126,
W4_discrete_orientation,clearance_A=10.0,preferred_orientation_accuracy,fraction,zero,10,0.0833333333333332,0.0833333333333332,0.0833333333333332,,,,,,,,,,,
W4_discrete_orientation,clearance_A=10.0,preferred_orientation_accuracy,fraction,zero,10,0.0833333333333332,0.0833333333333332,0.0833333333333332,mace_polar_l,-0.6833333333333333,-0.7750000000000001,-0.575,0.7666666666666667,0.891304347826087,10.0,0.0,0.001953125,-4.011817649278669,
W4_discrete_orientation,clearance_A=10.0,preferred_orientation_accuracy,fraction,zero,10,0.0833333333333332,0.0833333333333332,0.0833333333333332,exact_dipole,-0.4250000000000001,-0.6083333333333334,-0.2500000000000001,0.5083333333333333,0.8360655737704918,10.0,0.0,0.001953125,-1.4150903691214052,
W4_discrete_orientation,clearance_A=15.0,preferred_orientation_accuracy,fraction,exact_dipole,10,0.5583333333333333,0.4,0.7166666666666666,,,,,,,,,,,
W4_discrete_orientation,clearance_A=15.0,preferred_orientation_accuracy,fraction,exact_dipole,10,0.5583333333333333,0.4,0.7166666666666666,zero,0.4750000000000001,0.3166666666666667,0.6333333333333333,0.0833333333333332,-5.700000000000004,0.0,0.0,0.001953125,1.781830117260129,
W4_discrete_orientation,clearance_A=15.0,preferred_orientation_accuracy,fraction,exact_dipole,10,0.5583333333333333,0.4,0.7166666666666666,mace_polar_l,-0.2333333333333333,-0.3916666666666666,-0.0833333333333333,0.7916666666666666,0.2947368421052631,8.0,1.0,0.0390625,-0.9079091724509454,
W4_discrete_orientation,clearance_A=15.0,preferred_orientation_accuracy,fraction,exact_dipole_quadrupole,10,0.8833333333333332,0.8166666666666667,0.95,,,,,,,,,,,
W4_discrete_orientation,clearance_A=15.0,preferred_orientation_accuracy,fraction,exact_dipole_quadrupole,10,0.8833333333333332,0.8166666666666667,0.95,zero,0.8,0.7333333333333334,0.8666666666666668,0.0833333333333332,-9.600000000000003,0.0,0.0,0.001953125,6.71403461933026,
W4_discrete_orientation,clearance_A=15.0,preferred_orientation_accuracy,fraction,exact_dipole_quadrupole,10,0.8833333333333332,0.8166666666666667,0.95,mace_polar_l,0.0916666666666666,-0.025,0.225,0.7916666666666666,-0.1157894736842104,3.0,2.0,0.7265625,0.4374796003278183,
W4_discrete_orientation,clearance_A=15.0,preferred_orientation_accuracy,fraction,exact_dipole_quadrupole,10,0.8833333333333332,0.8166666666666667,0.95,exact_dipole,0.325,0.2,0.4583333333333333,0.5583333333333333,-0.5820895522388057,0.0,0.0,0.001953125,1.4752327293425165,
W4_discrete_orientation,clearance_A=15.0,preferred_orientation_accuracy,fraction,exact_dipole_quadrupole_octupole,10,0.9416666666666668,0.9,0.9833333333333332,,,,,,,,,,,
W4_discrete_orientation,clearance_A=15.0,preferred_orientation_accuracy,fraction,exact_dipole_quadrupole_octupole,10,0.9416666666666668,0.9,0.9833333333333332,zero,0.8583333333333334,0.8166666666666668,0.9,0.0833333333333332,-10.300000000000006,0.0,0.0,0.001953125,12.511044301264254,
W4_discrete_orientation,clearance_A=15.0,preferred_orientation_accuracy,fraction,exact_dipole_quadrupole_octupole,10,0.9416666666666668,0.9,0.9833333333333332,mace_polar_l,0.15,0.0583333333333333,0.25,0.7916666666666666,-0.1894736842105264,1.0,2.0,0.0703125,0.9050420562578878,
W4_discrete_orientation,clearance_A=15.0,preferred_orientation_accuracy,fraction,exact_dipole_quadrupole_octupole,10,0.9416666666666668,0.9,0.9833333333333332,exact_dipole,0.3833333333333333,0.2583333333333333,0.5083333333333334,0.5583333333333333,-0.6865671641791045,0.0,0.0,0.001953125,1.775663293659677,
W4_discrete_orientation,clearance_A=15.0,preferred_orientation_accuracy,fraction,glider,10,0.85,0.7583333333333333,0.925,,,,,,,,,,,
W4_discrete_orientation,clearance_A=15.0,preferred_orientation_accuracy,fraction,glider,10,0.85,0.7583333333333333,0.925,zero,0.7666666666666668,0.675,0.8416666666666668,0.0833333333333332,-9.200000000000005,0.0,0.0,0.001953125,5.25357021462548,
W4_discrete_orientation,clearance_A=15.0,preferred_orientation_accuracy,fraction,glider,10,0.85,0.7583333333333333,0.925,mace_polar_l,0.0583333333333333,-0.0416666666666666,0.1833333333333333,0.7916666666666666,-0.0736842105263158,3.0,3.0,1.0,0.302793645382448,
W4_discrete_orientation,clearance_A=15.0,preferred_orientation_accuracy,fraction,glider,10,0.85,0.7583333333333333,0.925,exact_dipole,0.2916666666666666,0.1416666666666666,0.45,0.5583333333333333,-0.5223880597014925,1.0,0.0,0.021484375,1.091738014311076,
W4_discrete_orientation,clearance_A=15.0,preferred_orientation_accuracy,fraction,mace_polar_l,10,0.7916666666666666,0.6833333333333332,0.8916666666666666,,,,,,,,,,,
W4_discrete_orientation,clearance_A=15.0,preferred_orientation_accuracy,fraction,mace_polar_l,10,0.7916666666666666,0.6833333333333332,0.8916666666666666,zero,0.7083333333333334,0.6,0.8083333333333333,0.0833333333333332,-8.500000000000005,0.0,0.0,0.001953125,4.006938426723769,
W4_discrete_orientation,clearance_A=15.0,preferred_orientation_accuracy,fraction,mace_polar_l,10,0.7916666666666666,0.6833333333333332,0.8916666666666666,exact_dipole,0.2333333333333333,0.0833333333333333,0.3916666666666666,0.5583333333333333,-0.4179104477611939,1.0,1.0,0.0390625,0.9079091724509454,
W4_discrete_orientation,clearance_A=15.0,preferred_orientation_accuracy,fraction,zero,10,0.0833333333333332,0.0833333333333332,0.0833333333333332,,,,,,,,,,,
W4_discrete_orientation,clearance_A=15.0,preferred_orientation_accuracy,fraction,zero,10,0.0833333333333332,0.0833333333333332,0.0833333333333332,mace_polar_l,-0.7083333333333334,-0.8083333333333333,-0.6,0.7916666666666666,0.8947368421052632,10.0,0.0,0.001953125,-4.006938426723769,
W4_discrete_orientation,clearance_A=15.0,preferred_orientation_accuracy,fraction,zero,10,0.0833333333333332,0.0833333333333332,0.0833333333333332,exact_dipole,-0.4750000000000001,-0.6333333333333333,-0.3166666666666667,0.5583333333333333,0.8507462686567165,10.0,0.0,0.001953125,-1.781830117260129,
