config_id,molecule_id,method,dipole_mse_D2,esp_nrmse,esp_rmse_mEh_per_e,response_rms_mEh_per_e,regime,n_waters
nextgen_prospective__nextgen_prospective_001__cluster_3water__compressed,nextgen_prospective_001,aimnet2,0.06807070271096523,0.9700597201105723,3.459196320469485,3.565962227640158,compressed,3
nextgen_prospective__nextgen_prospective_001__cluster_3water__cooperative,nextgen_prospective_001,aimnet2,0.24733834992361295,0.7100635088324201,2.286341536420803,3.219911329030704,cooperative,3
nextgen_prospective__nextgen_prospective_001__cluster_3water__equilibrium,nextgen_prospective_001,aimnet2,0.03731989555638521,0.5806602383032596,2.2614620567293926,3.894639080742955,equilibrium,3
nextgen_prospective__nextgen_prospective_001__cluster_3water__orientation,nextgen_prospective_001,aimnet2,0.1615086738461788,1.248000556226377,2.7369672681705213,2.1930817694876557,orientation,3
nextgen_prospective__nextgen_prospective_002__cluster_3water__compressed,nextgen_prospective_002,aimnet2,0.08849928314120549,0.5378505879315552,1.7274077313982237,3.2116869817720586,compressed,3
nextgen_prospective__nextgen_prospective_002__cluster_3water__cooperative,nextgen_prospective_002,aimnet2,0.11358340529407351,0.6539163577260506,1.8421024294827355,2.817030661059651,cooperative,3
nextgen_prospective__nextgen_prospective_002__cluster_3water__equilibrium,nextgen_prospective_002,aimnet2,0.04313266477730109,0.6740357493818618,2.636407115925136,3.9113757962287714,equilibrium,3
nextgen_prospective__nextgen_prospective_002__cluster_3water__orientation,nextgen_prospective_002,aimnet2,0.1381450870442558,1.175505194263932,3.1637322023598142,2.6913808784493316,orientation,3
nextgen_prospective__nextgen_prospective_003__cluster_3water__compressed,nextgen_prospective_003,aimnet2,0.019183126372691497,1.1849934731490377,2.4196539062560234,2.041913277231782,compressed,3
nextgen_prospective__nextgen_prospective_003__cluster_3water__cooperative,nextgen_prospective_003,aimnet2,0.13313290855603507,0.5951128139625215,1.7643515910387904,2.964734668189995,cooperative,3
nextgen_prospective__nextgen_prospective_003__cluster_3water__equilibrium,nextgen_prospective_003,aimnet2,0.15974462899575245,0.6870802863502536,2.269030117676015,3.302423548969835,equilibrium,3
nextgen_prospective__nextgen_prospective_003__cluster_3water__orientation,nextgen_prospective_003,aimnet2,0.09839386646940877,0.6580082587560586,2.2953653843004047,3.4883534572038832,orientation,3
nextgen_prospective__nextgen_prospective_004__cluster_3water__compressed,nextgen_prospective_004,aimnet2,0.1527724885876198,0.9517433902273176,5.004023494579616,5.257744415103779,compressed,3
nextgen_prospective__nextgen_prospective_004__cluster_3water__cooperative,nextgen_prospective_004,aimnet2,0.26829466361105064,1.0694541366267283,7.945340729024381,7.429342182064553,cooperative,3
nextgen_prospective__nextgen_prospective_004__cluster_3water__equilibrium,nextgen_prospective_004,aimnet2,0.08699207985678675,0.6340938678894862,4.274739632053124,6.741493410559447,equilibrium,3
nextgen_prospective__nextgen_prospective_004__cluster_3water__orientation,nextgen_prospective_004,aimnet2,0.030523584005078725,0.7727822965229605,12.072066494153239,15.621561917851933,orientation,3
nextgen_prospective__nextgen_prospective_005__cluster_3water__compressed,nextgen_prospective_005,aimnet2,0.6454075411200145,1.1738560330029064,3.6708171315150557,3.127144239421366,compressed,3
nextgen_prospective__nextgen_prospective_005__cluster_3water__cooperative,nextgen_prospective_005,aimnet2,0.6273892975463473,1.6663816646823861,3.633643229186495,2.1805588156654796,cooperative,3
nextgen_prospective__nextgen_prospective_005__cluster_3water__equilibrium,nextgen_prospective_005,aimnet2,0.010207298712995501,0.8906815383238897,1.9084523363610937,2.142687654616121,equilibrium,3
nextgen_prospective__nextgen_prospective_005__cluster_3water__orientation,nextgen_prospective_005,aimnet2,0.04031218320916447,1.1193281323947428,1.9720968588686867,1.7618576731824749,orientation,3
nextgen_prospective__nextgen_prospective_006__cluster_3water__compressed,nextgen_prospective_006,aimnet2,0.07588418710958893,0.8203339191164637,1.8395724871408747,2.242467907607888,compressed,3
nextgen_prospective__nextgen_prospective_006__cluster_3water__cooperative,nextgen_prospective_006,aimnet2,0.10063557952762174,0.6482490940711778,2.125798690187139,3.279292959495793,cooperative,3
nextgen_prospective__nextgen_prospective_006__cluster_3water__equilibrium,nextgen_prospective_006,aimnet2,0.01063231609574399,0.8322739080047782,2.182455742407833,2.6222806235027414,equilibrium,3
nextgen_prospective__nextgen_prospective_006__cluster_3water__orientation,nextgen_prospective_006,aimnet2,0.02782803005792342,1.1603931001528152,2.142609546490294,1.8464514708059951,orientation,3
nextgen_prospective__nextgen_prospective_007__cluster_3water__compressed,nextgen_prospective_007,aimnet2,0.016503238427484263,1.3464771291188722,2.6657283125575537,1.9797798677070677,compressed,3
nextgen_prospective__nextgen_prospective_007__cluster_3water__cooperative,nextgen_prospective_007,aimnet2,0.025567368922784817,0.7215427338944979,1.6033573151833054,2.222123846399573,cooperative,3
nextgen_prospective__nextgen_prospective_007__cluster_3water__equilibrium,nextgen_prospective_007,aimnet2,0.012707287670075224,0.8008920566374593,2.1123026354363588,2.6374373649113827,equilibrium,3
nextgen_prospective__nextgen_prospective_007__cluster_3water__orientation,nextgen_prospective_007,aimnet2,0.009006988997370334,1.0643785696815584,2.198692472926968,2.0657053190997394,orientation,3
nextgen_prospective__nextgen_prospective_008__cluster_3water__compressed,nextgen_prospective_008,aimnet2,0.03296322580627844,0.4633830366875363,2.7458276600367495,5.925611087676237,compressed,3
nextgen_prospective__nextgen_prospective_008__cluster_3water__cooperative,nextgen_prospective_008,aimnet2,0.17267121249365733,1.0796305842738612,2.136884483313891,1.9792737575613597,cooperative,3
nextgen_prospective__nextgen_prospective_008__cluster_3water__equilibrium,nextgen_prospective_008,aimnet2,0.027981694035273137,0.9697034172902503,2.932047061586175,3.0236534277454843,equilibrium,3
nextgen_prospective__nextgen_prospective_008__cluster_3water__orientation,nextgen_prospective_008,aimnet2,0.07443777732129492,1.005716156972881,3.22199187170837,3.2036791388599024,orientation,3
nextgen_prospective__nextgen_prospective_009__cluster_3water__compressed,nextgen_prospective_009,aimnet2,0.007448684518742982,0.4452082017035727,1.226166194471806,2.7541410732774607,compressed,3
nextgen_prospective__nextgen_prospective_009__cluster_3water__cooperative,nextgen_prospective_009,aimnet2,0.0065866279650458005,0.5480869776614841,1.22417221836253,2.2335364061844536,cooperative,3
nextgen_prospective__nextgen_prospective_009__cluster_3water__equilibrium,nextgen_prospective_009,aimnet2,0.019214647724746958,0.6011464403624838,2.234269792706419,3.7166813985610263,equilibrium,3
nextgen_prospective__nextgen_prospective_009__cluster_3water__orientation,nextgen_prospective_009,aimnet2,0.0092775942172868,0.7756205604149482,2.972021827429653,3.8317986643361484,orientation,3
nextgen_prospective__nextgen_prospective_010__cluster_3water__compressed,nextgen_prospective_010,aimnet2,0.08117288497396012,0.428147033656044,1.7350776492363638,4.052527549753515,compressed,3
nextgen_prospective__nextgen_prospective_010__cluster_3water__cooperative,nextgen_prospective_010,aimnet2,0.007112203485151566,0.578722045024364,1.8104975294554664,3.1284405787224596,cooperative,3
nextgen_prospective__nextgen_prospective_010__cluster_3water__equilibrium,nextgen_prospective_010,aimnet2,0.03821845958741318,0.6345512165498511,1.8852721809548967,2.971032332433937,equilibrium,3
nextgen_prospective__nextgen_prospective_010__cluster_3water__orientation,nextgen_prospective_010,aimnet2,0.022625498738944472,0.4205974649526501,1.6353711579753836,3.8882097355472407,orientation,3
nextgen_prospective__nextgen_prospective_011__cluster_3water__compressed,nextgen_prospective_011,aimnet2,0.015759438486346148,0.9804413457378578,2.0482689242688625,2.089129485586292,compressed,3
nextgen_prospective__nextgen_prospective_011__cluster_3water__cooperative,nextgen_prospective_011,aimnet2,0.03551403852926644,0.7783109517446195,1.7294549417091885,2.222061680916267,cooperative,3
nextgen_prospective__nextgen_prospective_011__cluster_3water__equilibrium,nextgen_prospective_011,aimnet2,0.09597995838837244,0.9611189583455798,3.5786365256413837,3.723406446795579,equilibrium,3
nextgen_prospective__nextgen_prospective_011__cluster_3water__orientation,nextgen_prospective_011,aimnet2,0.0935154674707052,0.6880768798300069,3.32532195199906,4.8327767571853295,orientation,3
nextgen_prospective__nextgen_prospective_012__cluster_3water__compressed,nextgen_prospective_012,aimnet2,0.12580825190550507,0.8364538205203652,1.933895116827857,2.31201659838766,compressed,3
nextgen_prospective__nextgen_prospective_012__cluster_3water__cooperative,nextgen_prospective_012,aimnet2,0.24389365066552857,1.095646844306267,2.138082385575142,1.9514338919388903,cooperative,3
nextgen_prospective__nextgen_prospective_012__cluster_3water__equilibrium,nextgen_prospective_012,aimnet2,0.03357242845704572,1.6078697476324257,2.8434400477450086,1.7684517367976782,equilibrium,3
nextgen_prospective__nextgen_prospective_012__cluster_3water__orientation,nextgen_prospective_012,aimnet2,0.022947564795347736,1.070437549794629,2.4423793837891896,2.2816645251820407,orientation,3
nextgen_prospective__nextgen_prospective_013__cluster_3water__compressed,nextgen_prospective_013,aimnet2,0.059022574580326496,0.6072690822446524,1.557306478624335,2.564442228588443,compressed,3
nextgen_prospective__nextgen_prospective_013__cluster_3water__cooperative,nextgen_prospective_013,aimnet2,0.12176832103835843,0.8197565339928141,1.4936386790068146,1.8220515690575851,cooperative,3
nextgen_prospective__nextgen_prospective_013__cluster_3water__equilibrium,nextgen_prospective_013,aimnet2,0.01001873034675511,0.6247956361198216,1.2285851446201412,1.9663792024061555,equilibrium,3
nextgen_prospective__nextgen_prospective_013__cluster_3water__orientation,nextgen_prospective_013,aimnet2,0.0023135847976402933,0.660185670426102,1.0185005940500267,1.542748713998379,orientation,3
nextgen_prospective__nextgen_prospective_014__cluster_3water__compressed,nextgen_prospective_014,aimnet2,0.5583585789400022,1.4821224490980582,2.773502023203125,1.8713042400045505,compressed,3
nextgen_prospective__nextgen_prospective_014__cluster_3water__cooperative,nextgen_prospective_014,aimnet2,0.47609970587098166,1.3058247704217678,2.389877973520873,1.8301674372044323,cooperative,3
nextgen_prospective__nextgen_prospective_014__cluster_3water__equilibrium,nextgen_prospective_014,aimnet2,0.06048431024816578,1.0031354596481585,2.251203293435897,2.244166798993914,equilibrium,3
nextgen_prospective__nextgen_prospective_014__cluster_3water__orientation,nextgen_prospective_014,aimnet2,0.016912074996480637,0.9234035002785451,1.960999905757623,2.1236652288691635,orientation,3
nextgen_prospective__nextgen_prospective_015__cluster_3water__compressed,nextgen_prospective_015,aimnet2,0.033608813853403426,0.6645734219735026,2.035971844910172,3.06357699178549,compressed,3
nextgen_prospective__nextgen_prospective_015__cluster_3water__cooperative,nextgen_prospective_015,aimnet2,0.3871722062003711,0.9805326655413885,2.44019646818013,2.4886437279810636,cooperative,3
nextgen_prospective__nextgen_prospective_015__cluster_3water__equilibrium,nextgen_prospective_015,aimnet2,0.0287834292714881,0.6248236115852307,2.7406503726885196,4.386278498239298,equilibrium,3
nextgen_prospective__nextgen_prospective_015__cluster_3water__orientation,nextgen_prospective_015,aimnet2,0.024481221529588,0.7301024518972217,2.5203068429451845,3.451990657470048,orientation,3
nextgen_prospective__nextgen_prospective_016__cluster_3water__compressed,nextgen_prospective_016,aimnet2,0.11948113971210712,0.8101786465240273,1.5710975998846688,1.9391989737390287,compressed,3
nextgen_prospective__nextgen_prospective_016__cluster_3water__cooperative,nextgen_prospective_016,aimnet2,0.02751096759987534,0.9208201431800898,2.5443977775536197,2.7631864880436248,cooperative,3
nextgen_prospective__nextgen_prospective_016__cluster_3water__equilibrium,nextgen_prospective_016,aimnet2,0.04392475023380845,0.8955608555455101,2.4711955044117166,2.759383116300282,equilibrium,3
nextgen_prospective__nextgen_prospective_016__cluster_3water__orientation,nextgen_prospective_016,aimnet2,0.010539773871075136,0.6779622947452372,2.1938387922789477,3.2359303891720734,orientation,3
nextgen_prospective__nextgen_prospective_017__cluster_3water__compressed,nextgen_prospective_017,aimnet2,0.022375077644841146,0.656707565295626,1.796265976899075,2.735260063724804,compressed,3
nextgen_prospective__nextgen_prospective_017__cluster_3water__cooperative,nextgen_prospective_017,aimnet2,0.02475897924009257,0.5863348510860263,1.564571674064752,2.6683927642486323,cooperative,3
nextgen_prospective__nextgen_prospective_017__cluster_3water__equilibrium,nextgen_prospective_017,aimnet2,0.024645367460227094,0.8667882155193923,2.780707711515997,3.208058971879026,equilibrium,3
nextgen_prospective__nextgen_prospective_017__cluster_3water__orientation,nextgen_prospective_017,aimnet2,0.005690655326342911,1.0411154595878642,2.8988093251234397,2.7843303049893824,orientation,3
nextgen_prospective__nextgen_prospective_018__cluster_3water__compressed,nextgen_prospective_018,aimnet2,0.18524585955573883,0.6069257313752419,3.1599202090754233,5.2064363821176505,compressed,3
nextgen_prospective__nextgen_prospective_018__cluster_3water__cooperative,nextgen_prospective_018,aimnet2,0.08889533086482565,0.7801671470739189,2.05263771329912,2.631023007053946,cooperative,3
nextgen_prospective__nextgen_prospective_018__cluster_3water__equilibrium,nextgen_prospective_018,aimnet2,0.025920229874694004,0.5189975971880738,2.2722432985732786,4.378138378451616,equilibrium,3
nextgen_prospective__nextgen_prospective_018__cluster_3water__orientation,nextgen_prospective_018,aimnet2,0.023440901460480505,0.5591421773209754,2.369869295231848,4.2384019509789645,orientation,3
nextgen_prospective__nextgen_prospective_019__cluster_3water__compressed,nextgen_prospective_019,aimnet2,0.09215729058357341,0.8691823746093944,4.572281360619159,5.260439574230801,compressed,3
nextgen_prospective__nextgen_prospective_019__cluster_3water__cooperative,nextgen_prospective_019,aimnet2,0.0037638415177007477,1.1404845134825383,2.734656261304284,2.3978021875578532,cooperative,3
nextgen_prospective__nextgen_prospective_019__cluster_3water__equilibrium,nextgen_prospective_019,aimnet2,0.012181902277537933,0.5138409416713804,2.43541718396833,4.739632416301047,equilibrium,3
nextgen_prospective__nextgen_prospective_019__cluster_3water__orientation,nextgen_prospective_019,aimnet2,0.010050538121882282,0.4307754654233201,2.113508968643184,4.906289095564561,orientation,3
nextgen_prospective__nextgen_prospective_020__cluster_3water__compressed,nextgen_prospective_020,aimnet2,0.013648521036373882,0.6159176938333621,1.3208752874586653,2.144564607712067,compressed,3
nextgen_prospective__nextgen_prospective_020__cluster_3water__cooperative,nextgen_prospective_020,aimnet2,0.04157936381198234,0.8259970179733875,2.1680364167160993,2.624750900475951,cooperative,3
nextgen_prospective__nextgen_prospective_020__cluster_3water__equilibrium,nextgen_prospective_020,aimnet2,0.009483661963071406,0.659443217203494,1.2129788889794038,1.8393985370314259,equilibrium,3
nextgen_prospective__nextgen_prospective_020__cluster_3water__orientation,nextgen_prospective_020,aimnet2,0.03430339969913062,0.8335950619506998,1.8135299114302066,2.175552608464782,orientation,3
nextgen_prospective__nextgen_prospective_021__cluster_3water__compressed,nextgen_prospective_021,aimnet2,0.00558625167062258,0.6907232503997686,2.3428981820147796,3.3919492078177256,compressed,3
nextgen_prospective__nextgen_prospective_021__cluster_3water__cooperative,nextgen_prospective_021,aimnet2,0.017165020556005568,1.0740176347698283,2.4373579802749634,2.2693835756219327,cooperative,3
nextgen_prospective__nextgen_prospective_021__cluster_3water__equilibrium,nextgen_prospective_021,aimnet2,0.02481350720175686,0.4047272078927132,1.8559784986232857,4.585751741986361,equilibrium,3
nextgen_prospective__nextgen_prospective_021__cluster_3water__orientation,nextgen_prospective_021,aimnet2,0.04718733727873228,0.9145487415792362,2.229053890147909,2.437326507386359,orientation,3
nextgen_prospective__nextgen_prospective_022__cluster_3water__compressed,nextgen_prospective_022,aimnet2,0.48318997820965204,2.0820204162668823,6.98814563864169,3.356425126306696,compressed,3
nextgen_prospective__nextgen_prospective_022__cluster_3water__cooperative,nextgen_prospective_022,aimnet2,0.15217821048203875,0.6827668028083119,1.9986771511693786,2.927320342682963,cooperative,3
nextgen_prospective__nextgen_prospective_022__cluster_3water__equilibrium,nextgen_prospective_022,aimnet2,0.08314992511276988,1.6262103673595927,3.491164453199723,2.1468098613023696,equilibrium,3
nextgen_prospective__nextgen_prospective_022__cluster_3water__orientation,nextgen_prospective_022,aimnet2,0.03013818932491542,0.9349548055419832,3.043387526749829,3.255117262043068,orientation,3
nextgen_prospective__nextgen_prospective_023__cluster_3water__compressed,nextgen_prospective_023,aimnet2,0.02232531652203164,0.680708237526994,1.7305197841126472,2.5422342329800616,compressed,3
nextgen_prospective__nextgen_prospective_023__cluster_3water__cooperative,nextgen_prospective_023,aimnet2,0.08268714449782205,0.6851448237317521,1.8287430523118007,2.6691335743460134,cooperative,3
nextgen_prospective__nextgen_prospective_023__cluster_3water__equilibrium,nextgen_prospective_023,aimnet2,0.012532691373603752,0.9560073619555295,1.3726604868866357,1.435826272382291,equilibrium,3
nextgen_prospective__nextgen_prospective_023__cluster_3water__orientation,nextgen_prospective_023,aimnet2,0.01482756099699001,0.6833773771744184,1.276836671449702,1.8684210424539927,orientation,3
nextgen_prospective__nextgen_prospective_024__cluster_3water__compressed,nextgen_prospective_024,aimnet2,0.12769008022209338,0.6316066191309354,2.01348561663601,3.1878792204655535,compressed,3
nextgen_prospective__nextgen_prospective_024__cluster_3water__cooperative,nextgen_prospective_024,aimnet2,0.04683879736657182,0.7046182887037481,2.2673244549142186,3.2178052872929324,cooperative,3
nextgen_prospective__nextgen_prospective_024__cluster_3water__equilibrium,nextgen_prospective_024,aimnet2,0.10570095454455071,0.7787964409888749,5.062162700952706,6.499981811068677,equilibrium,3
nextgen_prospective__nextgen_prospective_024__cluster_3water__orientation,nextgen_prospective_024,aimnet2,0.15996558652937756,0.8444961916396012,5.3803646184819565,6.371093998702236,orientation,3
nextgen_prospective__nextgen_prospective_001__cluster_3water__compressed,nextgen_prospective_001,aimnet2_2025,0.016086717031380867,1.0052153031614095,3.584559801719437,3.565962227640158,compressed,3
nextgen_prospective__nextgen_prospective_001__cluster_3water__cooperative,nextgen_prospective_001,aimnet2_2025,0.06497423290207262,0.6748139504765871,2.172841084127528,3.219911329030704,cooperative,3
nextgen_prospective__nextgen_prospective_001__cluster_3water__equilibrium,nextgen_prospective_001,aimnet2_2025,0.1467560357646894,0.8487464707345334,3.3055611745653706,3.894639080742955,equilibrium,3
nextgen_prospective__nextgen_prospective_001__cluster_3water__orientation,nextgen_prospective_001,aimnet2_2025,0.08861732464654758,1.5066966135047475,3.30430887522605,2.1930817694876557,orientation,3
nextgen_prospective__nextgen_prospective_002__cluster_3water__compressed,nextgen_prospective_002,aimnet2_2025,0.0747314733378251,0.4657921134691128,1.4959784670408434,3.2116869817720586,compressed,3
nextgen_prospective__nextgen_prospective_002__cluster_3water__cooperative,nextgen_prospective_002,aimnet2_2025,0.10480597160788978,0.5326067511774166,1.5003695483541508,2.817030661059651,cooperative,3
nextgen_prospective__nextgen_prospective_002__cluster_3water__equilibrium,nextgen_prospective_002,aimnet2_2025,0.26000629866155167,0.8240490989586488,3.223165700570986,3.9113757962287714,equilibrium,3
nextgen_prospective__nextgen_prospective_002__cluster_3water__orientation,nextgen_prospective_002,aimnet2_2025,0.1541308226672554,0.9411543537335619,2.533004831307847,2.6913808784493316,orientation,3
nextgen_prospective__nextgen_prospective_003__cluster_3water__compressed,nextgen_prospective_003,aimnet2_2025,0.011094441926929169,1.536811431412527,3.138035666402818,2.041913277231782,compressed,3
nextgen_prospective__nextgen_prospective_003__cluster_3water__cooperative,nextgen_prospective_003,aimnet2_2025,0.35253973481277456,0.6666136166197053,1.9763324994799543,2.964734668189995,cooperative,3
nextgen_prospective__nextgen_prospective_003__cluster_3water__equilibrium,nextgen_prospective_003,aimnet2_2025,0.07609376941288944,0.728099908280431,2.4044942831080722,3.302423548969835,equilibrium,3
nextgen_prospective__nextgen_prospective_003__cluster_3water__orientation,nextgen_prospective_003,aimnet2_2025,0.15560778142307555,0.7182313857181836,2.5054449374423617,3.4883534572038832,orientation,3
nextgen_prospective__nextgen_prospective_004__cluster_3water__compressed,nextgen_prospective_004,aimnet2_2025,0.1369369134761839,0.7608849381233733,4.00053853395475,5.257744415103779,compressed,3
nextgen_prospective__nextgen_prospective_004__cluster_3water__cooperative,nextgen_prospective_004,aimnet2_2025,0.37401944900081513,0.9981550645631033,7.41563552540003,7.429342182064553,cooperative,3
nextgen_prospective__nextgen_prospective_004__cluster_3water__equilibrium,nextgen_prospective_004,aimnet2_2025,0.06070705170950643,0.6810552046970296,4.59132917469224,6.741493410559447,equilibrium,3
nextgen_prospective__nextgen_prospective_004__cluster_3water__orientation,nextgen_prospective_004,aimnet2_2025,0.05392565248025105,0.8098166271275125,12.650600582778447,15.621561917851933,orientation,3
nextgen_prospective__nextgen_prospective_005__cluster_3water__compressed,nextgen_prospective_005,aimnet2_2025,0.4143083023001464,1.0224291692666072,3.1972834868884434,3.127144239421366,compressed,3
nextgen_prospective__nextgen_prospective_005__cluster_3water__cooperative,nextgen_prospective_005,aimnet2_2025,0.4854098191851525,1.3289768018793113,2.897912081152848,2.1805588156654796,cooperative,3
nextgen_prospective__nextgen_prospective_005__cluster_3water__equilibrium,nextgen_prospective_005,aimnet2_2025,0.18717961574879804,1.3963217383325566,2.99188135059729,2.142687654616121,equilibrium,3
nextgen_prospective__nextgen_prospective_005__cluster_3water__orientation,nextgen_prospective_005,aimnet2_2025,0.027986471231241473,1.0545893450604955,1.8580363296513147,1.7618576731824749,orientation,3
nextgen_prospective__nextgen_prospective_006__cluster_3water__compressed,nextgen_prospective_006,aimnet2_2025,0.07247881278455177,0.5586416753713785,1.2527360288726201,2.242467907607888,compressed,3
nextgen_prospective__nextgen_prospective_006__cluster_3water__cooperative,nextgen_prospective_006,aimnet2_2025,0.016194191692497698,0.5109446094945147,1.6755370606076891,3.279292959495793,cooperative,3
nextgen_prospective__nextgen_prospective_006__cluster_3water__equilibrium,nextgen_prospective_006,aimnet2_2025,0.06091327646002378,0.8782197737610538,2.302938695910573,2.6222806235027414,equilibrium,3
nextgen_prospective__nextgen_prospective_006__cluster_3water__orientation,nextgen_prospective_006,aimnet2_2025,0.011826291038663303,1.0335846442950714,1.9084638866611259,1.8464514708059951,orientation,3
nextgen_prospective__nextgen_prospective_007__cluster_3water__compressed,nextgen_prospective_007,aimnet2_2025,0.012582813804322933,0.7791592031720505,1.5425637041787066,1.9797798677070677,compressed,3
nextgen_prospective__nextgen_prospective_007__cluster_3water__cooperative,nextgen_prospective_007,aimnet2_2025,0.013370196627922415,1.0201209102067872,2.26683500078134,2.222123846399573,cooperative,3
nextgen_prospective__nextgen_prospective_007__cluster_3water__equilibrium,nextgen_prospective_007,aimnet2_2025,0.038983482005427145,0.9070547067028103,2.3922999754767273,2.6374373649113827,equilibrium,3
nextgen_prospective__nextgen_prospective_007__cluster_3water__orientation,nextgen_prospective_007,aimnet2_2025,0.04028013483379165,1.0452067138831465,2.1590890684271753,2.0657053190997394,orientation,3
nextgen_prospective__nextgen_prospective_008__cluster_3water__compressed,nextgen_prospective_008,aimnet2_2025,0.013682151493259936,0.6083965744500667,3.6051214872655564,5.925611087676237,compressed,3
nextgen_prospective__nextgen_prospective_008__cluster_3water__cooperative,nextgen_prospective_008,aimnet2_2025,0.029183016098555465,0.7537923439159089,1.4919614049634256,1.9792737575613597,cooperative,3
nextgen_prospective__nextgen_prospective_008__cluster_3water__equilibrium,nextgen_prospective_008,aimnet2_2025,0.05423533483962206,1.2031277860276353,3.637841454238295,3.0236534277454843,equilibrium,3
nextgen_prospective__nextgen_prospective_008__cluster_3water__orientation,nextgen_prospective_008,aimnet2_2025,0.10039190823894117,1.2473125491259796,3.995989193273068,3.2036791388599024,orientation,3
nextgen_prospective__nextgen_prospective_009__cluster_3water__compressed,nextgen_prospective_009,aimnet2_2025,0.006318808004093599,0.41756425404552455,1.1500308627992433,2.7541410732774607,compressed,3
nextgen_prospective__nextgen_prospective_009__cluster_3water__cooperative,nextgen_prospective_009,aimnet2_2025,0.02135895565310064,0.6042246638830109,1.3495577842972697,2.2335364061844536,cooperative,3
nextgen_prospective__nextgen_prospective_009__cluster_3water__equilibrium,nextgen_prospective_009,aimnet2_2025,0.14787678354445866,0.8196982376393667,3.04655719226749,3.7166813985610263,equilibrium,3
nextgen_prospective__nextgen_prospective_009__cluster_3water__orientation,nextgen_prospective_009,aimnet2_2025,0.1257392129291374,0.7567029002391195,2.8995331624355476,3.8317986643361484,orientation,3
nextgen_prospective__nextgen_prospective_010__cluster_3water__compressed,nextgen_prospective_010,aimnet2_2025,0.03202853713657745,0.18961579618802216,0.7684232379204073,4.052527549753515,compressed,3
nextgen_prospective__nextgen_prospective_010__cluster_3water__cooperative,nextgen_prospective_010,aimnet2_2025,0.01972679777295325,0.36713448133420495,1.1485584092541499,3.1284405787224596,cooperative,3
nextgen_prospective__nextgen_prospective_010__cluster_3water__equilibrium,nextgen_prospective_010,aimnet2_2025,0.09708264200124118,0.6731643355704435,1.9999930060211963,2.971032332433937,equilibrium,3
nextgen_prospective__nextgen_prospective_010__cluster_3water__orientation,nextgen_prospective_010,aimnet2_2025,0.041251322780207766,0.5317925122900317,2.067720823577227,3.8882097355472407,orientation,3
nextgen_prospective__nextgen_prospective_011__cluster_3water__compressed,nextgen_prospective_011,aimnet2_2025,0.00887810387642918,0.45718338817653587,0.9551152965598443,2.089129485586292,compressed,3
nextgen_prospective__nextgen_prospective_011__cluster_3water__cooperative,nextgen_prospective_011,aimnet2_2025,0.0012531591360399783,0.5795958259928263,1.2878976753576719,2.222061680916267,cooperative,3
nextgen_prospective__nextgen_prospective_011__cluster_3water__equilibrium,nextgen_prospective_011,aimnet2_2025,0.07050380322420614,0.759337453159309,2.8273219683867072,3.723406446795579,equilibrium,3
nextgen_prospective__nextgen_prospective_011__cluster_3water__orientation,nextgen_prospective_011,aimnet2_2025,0.09897790484590392,0.6612455131967363,3.195651946970272,4.8327767571853295,orientation,3
nextgen_prospective__nextgen_prospective_012__cluster_3water__compressed,nextgen_prospective_012,aimnet2_2025,0.000508389727810505,0.3603233320661046,0.8330735245231825,2.31201659838766,compressed,3
nextgen_prospective__nextgen_prospective_012__cluster_3water__cooperative,nextgen_prospective_012,aimnet2_2025,0.021658726202060812,0.7404504277258263,1.4449400599648252,1.9514338919388903,cooperative,3
nextgen_prospective__nextgen_prospective_012__cluster_3water__equilibrium,nextgen_prospective_012,aimnet2_2025,0.024996251803079333,1.0916269260036868,1.9304895332263308,1.7684517367976782,equilibrium,3
nextgen_prospective__nextgen_prospective_012__cluster_3water__orientation,nextgen_prospective_012,aimnet2_2025,0.07766024327458769,0.9422571130104496,2.149914628356388,2.2816645251820407,orientation,3
nextgen_prospective__nextgen_prospective_013__cluster_3water__compressed,nextgen_prospective_013,aimnet2_2025,0.08566897044816713,0.462549067280502,1.1861803609283161,2.564442228588443,compressed,3
nextgen_prospective__nextgen_prospective_013__cluster_3water__cooperative,nextgen_prospective_013,aimnet2_2025,0.21491762647355228,0.8798915553213493,1.6032077889737837,1.8220515690575851,cooperative,3
nextgen_prospective__nextgen_prospective_013__cluster_3water__equilibrium,nextgen_prospective_013,aimnet2_2025,0.021008812097920004,0.7724207123682415,1.518872024308657,1.9663792024061555,equilibrium,3
nextgen_prospective__nextgen_prospective_013__cluster_3water__orientation,nextgen_prospective_013,aimnet2_2025,0.003298298871951443,0.9151964997526872,1.4119182230492762,1.542748713998379,orientation,3
nextgen_prospective__nextgen_prospective_014__cluster_3water__compressed,nextgen_prospective_014,aimnet2_2025,1.0883319790040076,1.987309774738947,3.7188612076714804,1.8713042400045505,compressed,3
nextgen_prospective__nextgen_prospective_014__cluster_3water__cooperative,nextgen_prospective_014,aimnet2_2025,1.1911285662386677,2.090219341676011,3.825451375750321,1.8301674372044323,cooperative,3
nextgen_prospective__nextgen_prospective_014__cluster_3water__equilibrium,nextgen_prospective_014,aimnet2_2025,0.03975045096907522,0.8417393185497879,1.8890034320971962,2.244166798993914,equilibrium,3
nextgen_prospective__nextgen_prospective_014__cluster_3water__orientation,nextgen_prospective_014,aimnet2_2025,0.02146250095651689,0.9721024006114072,2.0644200670786876,2.1236652288691635,orientation,3
nextgen_prospective__nextgen_prospective_015__cluster_3water__compressed,nextgen_prospective_015,aimnet2_2025,0.5949799755775481,0.9712398863419468,2.9754681693015423,3.06357699178549,compressed,3
nextgen_prospective__nextgen_prospective_015__cluster_3water__cooperative,nextgen_prospective_015,aimnet2_2025,0.616273675987652,1.1871923932376778,2.954498903337775,2.4886437279810636,cooperative,3
nextgen_prospective__nextgen_prospective_015__cluster_3water__equilibrium,nextgen_prospective_015,aimnet2_2025,0.5377885366685158,1.161244027954038,5.09353971102359,4.386278498239298,equilibrium,3
nextgen_prospective__nextgen_prospective_015__cluster_3water__orientation,nextgen_prospective_015,aimnet2_2025,0.2655480599754763,1.0813931869530913,3.7329591784138323,3.451990657470048,orientation,3
nextgen_prospective__nextgen_prospective_016__cluster_3water__compressed,nextgen_prospective_016,aimnet2_2025,0.6110271450890126,1.4747124618691416,2.8597608926167957,1.9391989737390287,compressed,3
nextgen_prospective__nextgen_prospective_016__cluster_3water__cooperative,nextgen_prospective_016,aimnet2_2025,0.10703711400188776,0.7261963289871413,2.0066158839241517,2.7631864880436248,cooperative,3
nextgen_prospective__nextgen_prospective_016__cluster_3water__equilibrium,nextgen_prospective_016,aimnet2_2025,0.15560073773990427,0.9790584763681172,2.701597429560861,2.759383116300282,equilibrium,3
nextgen_prospective__nextgen_prospective_016__cluster_3water__orientation,nextgen_prospective_016,aimnet2_2025,0.14599680553974623,1.0021858993152093,3.2430038071938303,3.2359303891720734,orientation,3
nextgen_prospective__nextgen_prospective_017__cluster_3water__compressed,nextgen_prospective_017,aimnet2_2025,0.01961890709116369,0.7043600389558219,1.9266078850395068,2.735260063724804,compressed,3
nextgen_prospective__nextgen_prospective_017__cluster_3water__cooperative,nextgen_prospective_017,aimnet2_2025,0.022289907067226236,0.6926078357413136,1.8481497373540263,2.6683927642486323,cooperative,3
nextgen_prospective__nextgen_prospective_017__cluster_3water__equilibrium,nextgen_prospective_017,aimnet2_2025,0.00767605434349406,0.7361658209624418,2.36166336672925,3.208058971879026,equilibrium,3
nextgen_prospective__nextgen_prospective_017__cluster_3water__orientation,nextgen_prospective_017,aimnet2_2025,0.15150447047240298,1.2126037749688656,3.376289438590338,2.7843303049893824,orientation,3
nextgen_prospective__nextgen_prospective_018__cluster_3water__compressed,nextgen_prospective_018,aimnet2_2025,0.5572564110064326,0.7441438803243033,3.8743377720506555,5.2064363821176505,compressed,3
nextgen_prospective__nextgen_prospective_018__cluster_3water__cooperative,nextgen_prospective_018,aimnet2_2025,0.29275803137667283,0.8306073529398701,2.1853470554129752,2.631023007053946,cooperative,3
nextgen_prospective__nextgen_prospective_018__cluster_3water__equilibrium,nextgen_prospective_018,aimnet2_2025,0.011790433766955053,0.7190384875948143,3.1480499981226626,4.378138378451616,equilibrium,3
nextgen_prospective__nextgen_prospective_018__cluster_3water__orientation,nextgen_prospective_018,aimnet2_2025,0.0444495301382383,0.7449340891935275,3.157330096988585,4.2384019509789645,orientation,3
nextgen_prospective__nextgen_prospective_019__cluster_3water__compressed,nextgen_prospective_019,aimnet2_2025,1.0689461453847022,1.9609129083995342,10.315263864964928,5.260439574230801,compressed,3
nextgen_prospective__nextgen_prospective_019__cluster_3water__cooperative,nextgen_prospective_019,aimnet2_2025,0.07789506884969107,1.8109843585662988,4.342382256603327,2.3978021875578532,cooperative,3
nextgen_prospective__nextgen_prospective_019__cluster_3water__equilibrium,nextgen_prospective_019,aimnet2_2025,0.2296440974023761,0.846148475325756,4.01043274265766,4.739632416301047,equilibrium,3
nextgen_prospective__nextgen_prospective_019__cluster_3water__orientation,nextgen_prospective_019,aimnet2_2025,0.10353554635313948,0.6929372817473952,3.399750629347393,4.906289095564561,orientation,3
nextgen_prospective__nextgen_prospective_020__cluster_3water__compressed,nextgen_prospective_020,aimnet2_2025,0.0009176444482505991,0.48746375883927734,1.0453975247490044,2.144564607712067,compressed,3
nextgen_prospective__nextgen_prospective_020__cluster_3water__cooperative,nextgen_prospective_020,aimnet2_2025,0.023221514805704977,1.2012986390809763,3.153109684668327,2.624750900475951,cooperative,3
nextgen_prospective__nextgen_prospective_020__cluster_3water__equilibrium,nextgen_prospective_020,aimnet2_2025,0.01692115508345046,0.6831066940611491,1.2565054536924516,1.8393985370314259,equilibrium,3
nextgen_prospective__nextgen_prospective_020__cluster_3water__orientation,nextgen_prospective_020,aimnet2_2025,0.0369060139029633,0.6152101278812502,1.338421998466006,2.175552608464782,orientation,3
nextgen_prospective__nextgen_prospective_021__cluster_3water__compressed,nextgen_prospective_021,aimnet2_2025,0.042182893201453235,0.9285531403012656,3.1496050886615388,3.3919492078177256,compressed,3
nextgen_prospective__nextgen_prospective_021__cluster_3water__cooperative,nextgen_prospective_021,aimnet2_2025,0.1390317218680698,1.939841349539103,4.402244097956325,2.2693835756219327,cooperative,3
nextgen_prospective__nextgen_prospective_021__cluster_3water__equilibrium,nextgen_prospective_021,aimnet2_2025,0.2026203220779366,0.6163461990511131,2.826410655965314,4.585751741986361,equilibrium,3
nextgen_prospective__nextgen_prospective_021__cluster_3water__orientation,nextgen_prospective_021,aimnet2_2025,0.1751127891205525,1.123046826651399,2.7372317996335878,2.437326507386359,orientation,3
nextgen_prospective__nextgen_prospective_022__cluster_3water__compressed,nextgen_prospective_022,aimnet2_2025,0.40648704672761476,1.6974146973308488,5.697245339883536,3.356425126306696,compressed,3
nextgen_prospective__nextgen_prospective_022__cluster_3water__cooperative,nextgen_prospective_022,aimnet2_2025,0.057096497198898886,0.7976307167221198,2.334920623009453,2.927320342682963,cooperative,3
nextgen_prospective__nextgen_prospective_022__cluster_3water__equilibrium,nextgen_prospective_022,aimnet2_2025,0.13364883676160613,1.5026846592639782,3.2259782449356997,2.1468098613023696,equilibrium,3
nextgen_prospective__nextgen_prospective_022__cluster_3water__orientation,nextgen_prospective_022,aimnet2_2025,0.20482187287755485,1.2317750212503864,4.009572134625599,3.255117262043068,orientation,3
nextgen_prospective__nextgen_prospective_023__cluster_3water__compressed,nextgen_prospective_023,aimnet2_2025,0.036714941908407475,0.49232797701579,1.2516130370233622,2.5422342329800616,compressed,3
nextgen_prospective__nextgen_prospective_023__cluster_3water__cooperative,nextgen_prospective_023,aimnet2_2025,0.14423159364457686,0.6798467406628067,1.8146017609128042,2.6691335743460134,cooperative,3
nextgen_prospective__nextgen_prospective_023__cluster_3water__equilibrium,nextgen_prospective_023,aimnet2_2025,0.017871861145618968,0.8433399673716211,1.2108896817021977,1.435826272382291,equilibrium,3
nextgen_prospective__nextgen_prospective_023__cluster_3water__orientation,nextgen_prospective_023,aimnet2_2025,0.019438802846706498,0.8650759042621429,1.6163260228433034,1.8684210424539927,orientation,3
nextgen_prospective__nextgen_prospective_024__cluster_3water__compressed,nextgen_prospective_024,aimnet2_2025,0.11976102961762501,0.5709663201045656,1.8201716674470283,3.1878792204655535,compressed,3
nextgen_prospective__nextgen_prospective_024__cluster_3water__cooperative,nextgen_prospective_024,aimnet2_2025,0.004372966062941247,0.7397329597999377,2.38031662922909,3.2178052872929324,cooperative,3
nextgen_prospective__nextgen_prospective_024__cluster_3water__equilibrium,nextgen_prospective_024,aimnet2_2025,0.0710137970420711,0.7610187193208833,4.946607833468519,6.499981811068677,equilibrium,3
nextgen_prospective__nextgen_prospective_024__cluster_3water__orientation,nextgen_prospective_024,aimnet2_2025,0.1207127927615469,0.8595853576914911,5.476499113760573,6.371093998702236,orientation,3
nextgen_prospective__nextgen_prospective_001__cluster_3water__compressed,nextgen_prospective_001,gfn2_xtb,2.7209017057587173,,,,compressed,3
nextgen_prospective__nextgen_prospective_001__cluster_3water__cooperative,nextgen_prospective_001,gfn2_xtb,0.04522194427891827,,,,cooperative,3
nextgen_prospective__nextgen_prospective_001__cluster_3water__equilibrium,nextgen_prospective_001,gfn2_xtb,0.01882889531790168,,,,equilibrium,3
nextgen_prospective__nextgen_prospective_001__cluster_3water__orientation,nextgen_prospective_001,gfn2_xtb,0.011238500505065493,,,,orientation,3
nextgen_prospective__nextgen_prospective_002__cluster_3water__compressed,nextgen_prospective_002,gfn2_xtb,0.018606233426803304,,,,compressed,3
nextgen_prospective__nextgen_prospective_002__cluster_3water__cooperative,nextgen_prospective_002,gfn2_xtb,0.008356878199802272,,,,cooperative,3
nextgen_prospective__nextgen_prospective_002__cluster_3water__equilibrium,nextgen_prospective_002,gfn2_xtb,0.044440190012434065,,,,equilibrium,3
nextgen_prospective__nextgen_prospective_002__cluster_3water__orientation,nextgen_prospective_002,gfn2_xtb,0.11891557380460811,,,,orientation,3
nextgen_prospective__nextgen_prospective_003__cluster_3water__compressed,nextgen_prospective_003,gfn2_xtb,2.1944216362023536,,,,compressed,3
nextgen_prospective__nextgen_prospective_003__cluster_3water__cooperative,nextgen_prospective_003,gfn2_xtb,0.0021625479176649517,,,,cooperative,3
nextgen_prospective__nextgen_prospective_003__cluster_3water__equilibrium,nextgen_prospective_003,gfn2_xtb,0.04229300005373025,,,,equilibrium,3
nextgen_prospective__nextgen_prospective_003__cluster_3water__orientation,nextgen_prospective_003,gfn2_xtb,0.20088391589134036,,,,orientation,3
nextgen_prospective__nextgen_prospective_004__cluster_3water__compressed,nextgen_prospective_004,gfn2_xtb,2.708343158399335,,,,compressed,3
nextgen_prospective__nextgen_prospective_004__cluster_3water__cooperative,nextgen_prospective_004,gfn2_xtb,0.10775747662588159,,,,cooperative,3
nextgen_prospective__nextgen_prospective_004__cluster_3water__equilibrium,nextgen_prospective_004,gfn2_xtb,1.296805609983832,,,,equilibrium,3
nextgen_prospective__nextgen_prospective_004__cluster_3water__orientation,nextgen_prospective_004,gfn2_xtb,0.388131253000308,,,,orientation,3
nextgen_prospective__nextgen_prospective_005__cluster_3water__compressed,nextgen_prospective_005,gfn2_xtb,0.06456816079667503,,,,compressed,3
nextgen_prospective__nextgen_prospective_005__cluster_3water__cooperative,nextgen_prospective_005,gfn2_xtb,0.0447557818353845,,,,cooperative,3
nextgen_prospective__nextgen_prospective_005__cluster_3water__equilibrium,nextgen_prospective_005,gfn2_xtb,0.026666279953294795,,,,equilibrium,3
nextgen_prospective__nextgen_prospective_005__cluster_3water__orientation,nextgen_prospective_005,gfn2_xtb,0.0037729528160517414,,,,orientation,3
nextgen_prospective__nextgen_prospective_006__cluster_3water__compressed,nextgen_prospective_006,gfn2_xtb,0.023034504346247806,,,,compressed,3
nextgen_prospective__nextgen_prospective_006__cluster_3water__cooperative,nextgen_prospective_006,gfn2_xtb,0.0914695120276972,,,,cooperative,3
nextgen_prospective__nextgen_prospective_006__cluster_3water__equilibrium,nextgen_prospective_006,gfn2_xtb,0.01744261825139991,,,,equilibrium,3
nextgen_prospective__nextgen_prospective_006__cluster_3water__orientation,nextgen_prospective_006,gfn2_xtb,0.011536561978652752,,,,orientation,3
nextgen_prospective__nextgen_prospective_007__cluster_3water__compressed,nextgen_prospective_007,gfn2_xtb,0.028382840632672712,,,,compressed,3
nextgen_prospective__nextgen_prospective_007__cluster_3water__cooperative,nextgen_prospective_007,gfn2_xtb,0.011254070436830403,,,,cooperative,3
nextgen_prospective__nextgen_prospective_007__cluster_3water__equilibrium,nextgen_prospective_007,gfn2_xtb,0.01455297111586138,,,,equilibrium,3
nextgen_prospective__nextgen_prospective_007__cluster_3water__orientation,nextgen_prospective_007,gfn2_xtb,0.023828669104016154,,,,orientation,3
nextgen_prospective__nextgen_prospective_008__cluster_3water__compressed,nextgen_prospective_008,gfn2_xtb,0.19137291119345431,,,,compressed,3
nextgen_prospective__nextgen_prospective_008__cluster_3water__cooperative,nextgen_prospective_008,gfn2_xtb,0.013741438650412975,,,,cooperative,3
nextgen_prospective__nextgen_prospective_008__cluster_3water__equilibrium,nextgen_prospective_008,gfn2_xtb,0.019920340209158827,,,,equilibrium,3
nextgen_prospective__nextgen_prospective_008__cluster_3water__orientation,nextgen_prospective_008,gfn2_xtb,0.010907379933411482,,,,orientation,3
nextgen_prospective__nextgen_prospective_009__cluster_3water__compressed,nextgen_prospective_009,gfn2_xtb,0.03390232593211209,,,,compressed,3
nextgen_prospective__nextgen_prospective_009__cluster_3water__cooperative,nextgen_prospective_009,gfn2_xtb,0.03181819003340738,,,,cooperative,3
nextgen_prospective__nextgen_prospective_009__cluster_3water__equilibrium,nextgen_prospective_009,gfn2_xtb,0.06542540831952938,,,,equilibrium,3
nextgen_prospective__nextgen_prospective_009__cluster_3water__orientation,nextgen_prospective_009,gfn2_xtb,0.10043755688735145,,,,orientation,3
nextgen_prospective__nextgen_prospective_010__cluster_3water__compressed,nextgen_prospective_010,gfn2_xtb,0.04691371430913933,,,,compressed,3
nextgen_prospective__nextgen_prospective_010__cluster_3water__cooperative,nextgen_prospective_010,gfn2_xtb,0.021748552470485284,,,,cooperative,3
nextgen_prospective__nextgen_prospective_010__cluster_3water__equilibrium,nextgen_prospective_010,gfn2_xtb,0.006210441048167376,,,,equilibrium,3
nextgen_prospective__nextgen_prospective_010__cluster_3water__orientation,nextgen_prospective_010,gfn2_xtb,0.014234213040915265,,,,orientation,3
nextgen_prospective__nextgen_prospective_011__cluster_3water__compressed,nextgen_prospective_011,gfn2_xtb,0.025687595631082572,,,,compressed,3
nextgen_prospective__nextgen_prospective_011__cluster_3water__cooperative,nextgen_prospective_011,gfn2_xtb,0.024890770214873615,,,,cooperative,3
nextgen_prospective__nextgen_prospective_011__cluster_3water__equilibrium,nextgen_prospective_011,gfn2_xtb,0.14632571675096406,,,,equilibrium,3
nextgen_prospective__nextgen_prospective_011__cluster_3water__orientation,nextgen_prospective_011,gfn2_xtb,0.21480792396138584,,,,orientation,3
nextgen_prospective__nextgen_prospective_012__cluster_3water__compressed,nextgen_prospective_012,gfn2_xtb,0.04133512997609743,,,,compressed,3
nextgen_prospective__nextgen_prospective_012__cluster_3water__cooperative,nextgen_prospective_012,gfn2_xtb,0.021102757121110687,,,,cooperative,3
nextgen_prospective__nextgen_prospective_012__cluster_3water__equilibrium,nextgen_prospective_012,gfn2_xtb,0.04021754948901066,,,,equilibrium,3
nextgen_prospective__nextgen_prospective_012__cluster_3water__orientation,nextgen_prospective_012,gfn2_xtb,0.03932289463700833,,,,orientation,3
nextgen_prospective__nextgen_prospective_013__cluster_3water__compressed,nextgen_prospective_013,gfn2_xtb,0.03682200131826458,,,,compressed,3
nextgen_prospective__nextgen_prospective_013__cluster_3water__cooperative,nextgen_prospective_013,gfn2_xtb,0.017566826524879297,,,,cooperative,3
nextgen_prospective__nextgen_prospective_013__cluster_3water__equilibrium,nextgen_prospective_013,gfn2_xtb,0.016189155413551874,,,,equilibrium,3
nextgen_prospective__nextgen_prospective_013__cluster_3water__orientation,nextgen_prospective_013,gfn2_xtb,0.0022202503180332564,,,,orientation,3
nextgen_prospective__nextgen_prospective_014__cluster_3water__compressed,nextgen_prospective_014,gfn2_xtb,0.01822325255775661,,,,compressed,3
nextgen_prospective__nextgen_prospective_014__cluster_3water__cooperative,nextgen_prospective_014,gfn2_xtb,0.006041402619231941,,,,cooperative,3
nextgen_prospective__nextgen_prospective_014__cluster_3water__equilibrium,nextgen_prospective_014,gfn2_xtb,0.04924419505960801,,,,equilibrium,3
nextgen_prospective__nextgen_prospective_014__cluster_3water__orientation,nextgen_prospective_014,gfn2_xtb,0.03079290006407086,,,,orientation,3
nextgen_prospective__nextgen_prospective_015__cluster_3water__compressed,nextgen_prospective_015,gfn2_xtb,0.023697275698157255,,,,compressed,3
nextgen_prospective__nextgen_prospective_015__cluster_3water__cooperative,nextgen_prospective_015,gfn2_xtb,0.006066705252471503,,,,cooperative,3
nextgen_prospective__nextgen_prospective_015__cluster_3water__equilibrium,nextgen_prospective_015,gfn2_xtb,0.06826202915701136,,,,equilibrium,3
nextgen_prospective__nextgen_prospective_015__cluster_3water__orientation,nextgen_prospective_015,gfn2_xtb,0.001107213395226251,,,,orientation,3
nextgen_prospective__nextgen_prospective_016__cluster_3water__compressed,nextgen_prospective_016,gfn2_xtb,0.02023455546750508,,,,compressed,3
nextgen_prospective__nextgen_prospective_016__cluster_3water__cooperative,nextgen_prospective_016,gfn2_xtb,0.0923280653308794,,,,cooperative,3
nextgen_prospective__nextgen_prospective_016__cluster_3water__equilibrium,nextgen_prospective_016,gfn2_xtb,0.10262656205547104,,,,equilibrium,3
nextgen_prospective__nextgen_prospective_016__cluster_3water__orientation,nextgen_prospective_016,gfn2_xtb,0.0903853676395434,,,,orientation,3
nextgen_prospective__nextgen_prospective_017__cluster_3water__compressed,nextgen_prospective_017,gfn2_xtb,0.007002094971962822,,,,compressed,3
nextgen_prospective__nextgen_prospective_017__cluster_3water__cooperative,nextgen_prospective_017,gfn2_xtb,0.06469948608856967,,,,cooperative,3
nextgen_prospective__nextgen_prospective_017__cluster_3water__equilibrium,nextgen_prospective_017,gfn2_xtb,0.013905605185695766,,,,equilibrium,3
nextgen_prospective__nextgen_prospective_017__cluster_3water__orientation,nextgen_prospective_017,gfn2_xtb,0.04871863687387506,,,,orientation,3
nextgen_prospective__nextgen_prospective_018__cluster_3water__compressed,nextgen_prospective_018,gfn2_xtb,0.20695197516286287,,,,compressed,3
nextgen_prospective__nextgen_prospective_018__cluster_3water__cooperative,nextgen_prospective_018,gfn2_xtb,0.008639830062852776,,,,cooperative,3
nextgen_prospective__nextgen_prospective_018__cluster_3water__equilibrium,nextgen_prospective_018,gfn2_xtb,0.0057848047998133485,,,,equilibrium,3
nextgen_prospective__nextgen_prospective_018__cluster_3water__orientation,nextgen_prospective_018,gfn2_xtb,0.018895213703857633,,,,orientation,3
nextgen_prospective__nextgen_prospective_019__cluster_3water__compressed,nextgen_prospective_019,gfn2_xtb,1.2247940793231307,,,,compressed,3
nextgen_prospective__nextgen_prospective_019__cluster_3water__cooperative,nextgen_prospective_019,gfn2_xtb,0.13361398216971535,,,,cooperative,3
nextgen_prospective__nextgen_prospective_019__cluster_3water__equilibrium,nextgen_prospective_019,gfn2_xtb,0.028431064965792684,,,,equilibrium,3
nextgen_prospective__nextgen_prospective_019__cluster_3water__orientation,nextgen_prospective_019,gfn2_xtb,0.02651345073870803,,,,orientation,3
nextgen_prospective__nextgen_prospective_020__cluster_3water__compressed,nextgen_prospective_020,gfn2_xtb,0.015720622006233614,,,,compressed,3
nextgen_prospective__nextgen_prospective_020__cluster_3water__cooperative,nextgen_prospective_020,gfn2_xtb,0.24128698465671386,,,,cooperative,3
nextgen_prospective__nextgen_prospective_020__cluster_3water__equilibrium,nextgen_prospective_020,gfn2_xtb,0.0027079288828966495,,,,equilibrium,3
nextgen_prospective__nextgen_prospective_020__cluster_3water__orientation,nextgen_prospective_020,gfn2_xtb,0.011999361592853123,,,,orientation,3
nextgen_prospective__nextgen_prospective_021__cluster_3water__compressed,nextgen_prospective_021,gfn2_xtb,0.043903139478515076,,,,compressed,3
nextgen_prospective__nextgen_prospective_021__cluster_3water__cooperative,nextgen_prospective_021,gfn2_xtb,0.0920243377364674,,,,cooperative,3
nextgen_prospective__nextgen_prospective_021__cluster_3water__equilibrium,nextgen_prospective_021,gfn2_xtb,0.08404116776352555,,,,equilibrium,3
nextgen_prospective__nextgen_prospective_021__cluster_3water__orientation,nextgen_prospective_021,gfn2_xtb,0.010142127019866389,,,,orientation,3
nextgen_prospective__nextgen_prospective_022__cluster_3water__compressed,nextgen_prospective_022,gfn2_xtb,0.37358191630862664,,,,compressed,3
nextgen_prospective__nextgen_prospective_022__cluster_3water__cooperative,nextgen_prospective_022,gfn2_xtb,0.003363100226287359,,,,cooperative,3
nextgen_prospective__nextgen_prospective_022__cluster_3water__equilibrium,nextgen_prospective_022,gfn2_xtb,0.0065128928928591375,,,,equilibrium,3
nextgen_prospective__nextgen_prospective_022__cluster_3water__orientation,nextgen_prospective_022,gfn2_xtb,0.024128626414083528,,,,orientation,3
nextgen_prospective__nextgen_prospective_023__cluster_3water__compressed,nextgen_prospective_023,gfn2_xtb,0.02065172802030367,,,,compressed,3
nextgen_prospective__nextgen_prospective_023__cluster_3water__cooperative,nextgen_prospective_023,gfn2_xtb,0.02043702605165582,,,,cooperative,3
nextgen_prospective__nextgen_prospective_023__cluster_3water__equilibrium,nextgen_prospective_023,gfn2_xtb,0.0011317923959572424,,,,equilibrium,3
nextgen_prospective__nextgen_prospective_023__cluster_3water__orientation,nextgen_prospective_023,gfn2_xtb,0.016760083066723743,,,,orientation,3
nextgen_prospective__nextgen_prospective_024__cluster_3water__compressed,nextgen_prospective_024,gfn2_xtb,0.026274736955472167,,,,compressed,3
nextgen_prospective__nextgen_prospective_024__cluster_3water__cooperative,nextgen_prospective_024,gfn2_xtb,0.08409931192854991,,,,cooperative,3
nextgen_prospective__nextgen_prospective_024__cluster_3water__equilibrium,nextgen_prospective_024,gfn2_xtb,0.02787126469466857,,,,equilibrium,3
nextgen_prospective__nextgen_prospective_024__cluster_3water__orientation,nextgen_prospective_024,gfn2_xtb,0.018916003764878443,,,,orientation,3
nextgen_prospective__nextgen_prospective_001__cluster_3water__compressed,nextgen_prospective_001,glider,0.01926724283441643,0.5192918721955259,1.851775201369786,3.565962227640158,compressed,3
nextgen_prospective__nextgen_prospective_001__cluster_3water__cooperative,nextgen_prospective_001,glider,0.0015061252142554245,0.16939640517940144,0.5454414041342303,3.219911329030704,cooperative,3
nextgen_prospective__nextgen_prospective_001__cluster_3water__equilibrium,nextgen_prospective_001,glider,0.0012077829418509932,0.32218211982905226,1.2547830750028368,3.894639080742955,equilibrium,3
nextgen_prospective__nextgen_prospective_001__cluster_3water__orientation,nextgen_prospective_001,glider,0.01926877650137997,0.5739506168430955,1.2587206343847874,2.1930817694876557,orientation,3
nextgen_prospective__nextgen_prospective_002__cluster_3water__compressed,nextgen_prospective_002,glider,0.002143825097191259,0.1973718860744507,0.6338967170731111,3.2116869817720586,compressed,3
nextgen_prospective__nextgen_prospective_002__cluster_3water__cooperative,nextgen_prospective_002,glider,0.0011333117702034545,0.176517582607594,0.49725544242172215,2.817030661059651,cooperative,3
nextgen_prospective__nextgen_prospective_002__cluster_3water__equilibrium,nextgen_prospective_002,glider,0.05488199578101927,0.480478567631384,1.8793322400400638,3.9113757962287714,equilibrium,3
nextgen_prospective__nextgen_prospective_002__cluster_3water__orientation,nextgen_prospective_002,glider,0.09058777345092833,0.6569106839515572,1.7679968536362929,2.6913808784493316,orientation,3
nextgen_prospective__nextgen_prospective_003__cluster_3water__compressed,nextgen_prospective_003,glider,0.0886759345492956,1.216030495733473,2.483028814756924,2.041913277231782,compressed,3
nextgen_prospective__nextgen_prospective_003__cluster_3water__cooperative,nextgen_prospective_003,glider,0.000758036006003225,0.1475487160011115,0.43744279357541505,2.964734668189995,cooperative,3
nextgen_prospective__nextgen_prospective_003__cluster_3water__equilibrium,nextgen_prospective_003,glider,0.014585607413025684,0.3369926558310441,1.1128924824463269,3.302423548969835,equilibrium,3
nextgen_prospective__nextgen_prospective_003__cluster_3water__orientation,nextgen_prospective_003,glider,0.0326196232023238,0.32096285332548474,1.1196318790319777,3.4883534572038832,orientation,3
nextgen_prospective__nextgen_prospective_004__cluster_3water__compressed,nextgen_prospective_004,glider,0.08821588306705203,0.9813183201401219,5.159520917155748,5.257744415103779,compressed,3
nextgen_prospective__nextgen_prospective_004__cluster_3water__cooperative,nextgen_prospective_004,glider,0.0942018741825037,1.0472242626848272,7.780187388845838,7.429342182064553,cooperative,3
nextgen_prospective__nextgen_prospective_004__cluster_3water__equilibrium,nextgen_prospective_004,glider,0.2382125856990127,0.7574157486875146,5.106113278830831,6.741493410559447,equilibrium,3
nextgen_prospective__nextgen_prospective_004__cluster_3water__orientation,nextgen_prospective_004,glider,0.20150987365599304,0.8522868875425558,13.314052385519341,15.621561917851933,orientation,3
nextgen_prospective__nextgen_prospective_005__cluster_3water__compressed,nextgen_prospective_005,glider,0.0013273713711892988,0.23517815576283435,0.7354360150314883,3.127144239421366,compressed,3
nextgen_prospective__nextgen_prospective_005__cluster_3water__cooperative,nextgen_prospective_005,glider,0.00013617889771758322,0.24295163084652877,0.5297703204227036,2.1805588156654796,cooperative,3
nextgen_prospective__nextgen_prospective_005__cluster_3water__equilibrium,nextgen_prospective_005,glider,0.002397391698487055,0.3456769141390512,0.7406776564115418,2.142687654616121,equilibrium,3
nextgen_prospective__nextgen_prospective_005__cluster_3water__orientation,nextgen_prospective_005,glider,0.000959193681723897,0.5276993225739748,0.9297311006101514,1.7618576731824749,orientation,3
nextgen_prospective__nextgen_prospective_006__cluster_3water__compressed,nextgen_prospective_006,glider,0.0037256602953367676,0.28201873863637905,0.6324179707361367,2.242467907607888,compressed,3
nextgen_prospective__nextgen_prospective_006__cluster_3water__cooperative,nextgen_prospective_006,glider,0.0006211361700990349,0.1867680772561228,0.6124672408045697,3.279292959495793,cooperative,3
nextgen_prospective__nextgen_prospective_006__cluster_3water__equilibrium,nextgen_prospective_006,glider,0.002521178323493299,0.3261018302858671,0.8551305108474087,2.6222806235027414,equilibrium,3
nextgen_prospective__nextgen_prospective_006__cluster_3water__orientation,nextgen_prospective_006,glider,0.0031762357402498474,0.48573212493580065,0.8968807965054305,1.8464514708059951,orientation,3
nextgen_prospective__nextgen_prospective_007__cluster_3water__compressed,nextgen_prospective_007,glider,0.0022156672331238897,0.34833708124374385,0.6896307406222054,1.9797798677070677,compressed,3
nextgen_prospective__nextgen_prospective_007__cluster_3water__cooperative,nextgen_prospective_007,glider,0.00509811714987696,0.1783906628798971,0.39640614596044654,2.222123846399573,cooperative,3
nextgen_prospective__nextgen_prospective_007__cluster_3water__equilibrium,nextgen_prospective_007,glider,0.002149242468567345,0.24120066899425557,0.6361516568470721,2.6374373649113827,equilibrium,3
nextgen_prospective__nextgen_prospective_007__cluster_3water__orientation,nextgen_prospective_007,glider,0.003440501445137852,0.35332254947743097,0.7298602698134099,2.0657053190997394,orientation,3
nextgen_prospective__nextgen_prospective_008__cluster_3water__compressed,nextgen_prospective_008,glider,0.00020058183860789224,0.17102844287758656,1.013448037423429,5.925611087676237,compressed,3
nextgen_prospective__nextgen_prospective_008__cluster_3water__cooperative,nextgen_prospective_008,glider,0.00040409393686759816,0.182706474490635,0.3616261302958678,1.9792737575613597,cooperative,3
nextgen_prospective__nextgen_prospective_008__cluster_3water__equilibrium,nextgen_prospective_008,glider,0.0007702369303350608,0.353990580434324,1.0703448319198574,3.0236534277454843,equilibrium,3
nextgen_prospective__nextgen_prospective_008__cluster_3water__orientation,nextgen_prospective_008,glider,0.0014537179390149816,0.33508522190343876,1.0735055351522882,3.2036791388599024,orientation,3
nextgen_prospective__nextgen_prospective_009__cluster_3water__compressed,nextgen_prospective_009,glider,0.0022151090693118187,0.2002120804204959,0.5514123140524179,2.7541410732774607,compressed,3
nextgen_prospective__nextgen_prospective_009__cluster_3water__cooperative,nextgen_prospective_009,glider,2.8859256570087485e-05,0.21482888334208605,0.47982813204450214,2.2335364061844536,cooperative,3
nextgen_prospective__nextgen_prospective_009__cluster_3water__equilibrium,nextgen_prospective_009,glider,0.008187880160116448,0.22763380709692124,0.8460423365207562,3.7166813985610263,equilibrium,3
nextgen_prospective__nextgen_prospective_009__cluster_3water__orientation,nextgen_prospective_009,glider,0.002898632060274705,0.33392583947959886,1.2795365857052543,3.8317986643361484,orientation,3
nextgen_prospective__nextgen_prospective_010__cluster_3water__compressed,nextgen_prospective_010,glider,0.0019382827910090987,0.12953908681316564,0.5249607180802661,4.052527549753515,compressed,3
nextgen_prospective__nextgen_prospective_010__cluster_3water__cooperative,nextgen_prospective_010,glider,0.0008946171076195086,0.1391035624420794,0.4351772293886546,3.1284405787224596,cooperative,3
nextgen_prospective__nextgen_prospective_010__cluster_3water__equilibrium,nextgen_prospective_010,glider,0.0016740342841957022,0.20357204410616558,0.6048191250190854,2.971032332433937,equilibrium,3
nextgen_prospective__nextgen_prospective_010__cluster_3water__orientation,nextgen_prospective_010,glider,0.00543184217366367,0.1529163558848326,0.5945708636758127,3.8882097355472407,orientation,3
nextgen_prospective__nextgen_prospective_011__cluster_3water__compressed,nextgen_prospective_011,glider,0.0012562378512724615,0.26125877333624226,0.5458034067448494,2.089129485586292,compressed,3
nextgen_prospective__nextgen_prospective_011__cluster_3water__cooperative,nextgen_prospective_011,glider,0.000683732966466582,0.24805546406734283,0.5511945414459445,2.222061680916267,cooperative,3
nextgen_prospective__nextgen_prospective_011__cluster_3water__equilibrium,nextgen_prospective_011,glider,0.005990079592694545,0.21502212431736276,0.800614763886949,3.723406446795579,equilibrium,3
nextgen_prospective__nextgen_prospective_011__cluster_3water__orientation,nextgen_prospective_011,glider,0.0019188199107503634,0.17776001570580932,0.8590744722599345,4.8327767571853295,orientation,3
nextgen_prospective__nextgen_prospective_012__cluster_3water__compressed,nextgen_prospective_012,glider,0.00043196310314128663,0.22830349713171788,0.5278414748384813,2.31201659838766,compressed,3
nextgen_prospective__nextgen_prospective_012__cluster_3water__cooperative,nextgen_prospective_012,glider,0.0005511507969096466,0.22561308848440134,0.4402690273334685,1.9514338919388903,cooperative,3
nextgen_prospective__nextgen_prospective_012__cluster_3water__equilibrium,nextgen_prospective_012,glider,0.002587692266323289,0.3717660081155795,0.6574502427343364,1.7684517367976782,equilibrium,3
nextgen_prospective__nextgen_prospective_012__cluster_3water__orientation,nextgen_prospective_012,glider,0.0007203270269903,0.2970066659288562,0.6776695733924647,2.2816645251820407,orientation,3
nextgen_prospective__nextgen_prospective_013__cluster_3water__compressed,nextgen_prospective_013,glider,0.001113737760503182,0.17223263396502658,0.44168063968093024,2.564442228588443,compressed,3
nextgen_prospective__nextgen_prospective_013__cluster_3water__cooperative,nextgen_prospective_013,glider,0.0005579927165123929,0.2232382956544762,0.40675168687097946,1.8220515690575851,cooperative,3
nextgen_prospective__nextgen_prospective_013__cluster_3water__equilibrium,nextgen_prospective_013,glider,0.005121731369400504,0.4833678246418726,0.9504844374880839,1.9663792024061555,equilibrium,3
nextgen_prospective__nextgen_prospective_013__cluster_3water__orientation,nextgen_prospective_013,glider,0.004796699380692249,0.37124728102292764,0.5727412653735164,1.542748713998379,orientation,3
nextgen_prospective__nextgen_prospective_014__cluster_3water__compressed,nextgen_prospective_014,glider,0.002888234857095003,0.2552952698548367,0.4777351209324619,1.8713042400045505,compressed,3
nextgen_prospective__nextgen_prospective_014__cluster_3water__cooperative,nextgen_prospective_014,glider,0.0017275615548660297,0.20982729333396585,0.38401907969656696,1.8301674372044323,cooperative,3
nextgen_prospective__nextgen_prospective_014__cluster_3water__equilibrium,nextgen_prospective_014,glider,0.006142670318950021,0.3717114272267603,0.834182443788938,2.244166798993914,equilibrium,3
nextgen_prospective__nextgen_prospective_014__cluster_3water__orientation,nextgen_prospective_014,glider,0.0003064996337490776,0.32094706716354476,0.681584126842756,2.1236652288691635,orientation,3
nextgen_prospective__nextgen_prospective_015__cluster_3water__compressed,nextgen_prospective_015,glider,0.005280514787011231,0.2581897848116175,0.790984284262918,3.06357699178549,compressed,3
nextgen_prospective__nextgen_prospective_015__cluster_3water__cooperative,nextgen_prospective_015,glider,0.0031445192860886256,0.2666697758899989,0.6636460652107615,2.4886437279810636,cooperative,3
nextgen_prospective__nextgen_prospective_015__cluster_3water__equilibrium,nextgen_prospective_015,glider,0.0035824548679581057,0.23600843564489304,1.0351987266722875,4.386278498239298,equilibrium,3
nextgen_prospective__nextgen_prospective_015__cluster_3water__orientation,nextgen_prospective_015,glider,0.012360768469516968,0.3322899046045022,1.1470616462663552,3.451990657470048,orientation,3
nextgen_prospective__nextgen_prospective_016__cluster_3water__compressed,nextgen_prospective_016,glider,0.002328485037645389,0.27996586069834833,0.542909509748201,1.9391989737390287,compressed,3
nextgen_prospective__nextgen_prospective_016__cluster_3water__cooperative,nextgen_prospective_016,glider,0.00036269616664473715,0.3052038477639193,0.8433351482401852,2.7631864880436248,cooperative,3
nextgen_prospective__nextgen_prospective_016__cluster_3water__equilibrium,nextgen_prospective_016,glider,0.005378703422341359,0.34073917496700834,0.9402299264660505,2.759383116300282,equilibrium,3
nextgen_prospective__nextgen_prospective_016__cluster_3water__orientation,nextgen_prospective_016,glider,0.004198985955538009,0.2817456807175152,0.9117094102517799,3.2359303891720734,orientation,3
nextgen_prospective__nextgen_prospective_017__cluster_3water__compressed,nextgen_prospective_017,glider,0.001265215451024407,0.13050891452789432,0.3569758218682232,2.735260063724804,compressed,3
nextgen_prospective__nextgen_prospective_017__cluster_3water__cooperative,nextgen_prospective_017,glider,0.00014413684603718424,0.30262290233025063,0.8075167628739612,2.6683927642486323,cooperative,3
nextgen_prospective__nextgen_prospective_017__cluster_3water__equilibrium,nextgen_prospective_017,glider,0.001150061238543357,0.3632054700775456,1.1651845669178091,3.208058971879026,equilibrium,3
nextgen_prospective__nextgen_prospective_017__cluster_3water__orientation,nextgen_prospective_017,glider,0.0067180343714064,0.5324514508957394,1.4825207106645735,2.7843303049893824,orientation,3
nextgen_prospective__nextgen_prospective_018__cluster_3water__compressed,nextgen_prospective_018,glider,0.0012191066183762248,0.39052894613249184,2.0332641134142695,5.2064363821176505,compressed,3
nextgen_prospective__nextgen_prospective_018__cluster_3water__cooperative,nextgen_prospective_018,glider,0.004499112400152554,0.32132304186514316,0.8454083158437499,2.631023007053946,cooperative,3
nextgen_prospective__nextgen_prospective_018__cluster_3water__equilibrium,nextgen_prospective_018,glider,0.002967921705793857,0.2939811035019648,1.287089951781509,4.378138378451616,equilibrium,3
nextgen_prospective__nextgen_prospective_018__cluster_3water__orientation,nextgen_prospective_018,glider,0.002961704209178231,0.2896040399688687,1.227458328015443,4.2384019509789645,orientation,3
nextgen_prospective__nextgen_prospective_019__cluster_3water__compressed,nextgen_prospective_019,glider,0.0036568721021067265,0.4492245667709985,2.3631186887588473,5.260439574230801,compressed,3
nextgen_prospective__nextgen_prospective_019__cluster_3water__cooperative,nextgen_prospective_019,glider,0.00823155119402559,0.5232401921523242,1.2546264773610345,2.3978021875578532,cooperative,3
nextgen_prospective__nextgen_prospective_019__cluster_3water__equilibrium,nextgen_prospective_019,glider,0.0016348524259153488,0.22099402969483048,1.0474304669506147,4.739632416301047,equilibrium,3
nextgen_prospective__nextgen_prospective_019__cluster_3water__orientation,nextgen_prospective_019,glider,0.0025670546911540607,0.18554765144278626,0.9103504189813562,4.906289095564561,orientation,3
nextgen_prospective__nextgen_prospective_020__cluster_3water__compressed,nextgen_prospective_020,glider,0.0026061777014393054,0.21923649621285146,0.4701668304968818,2.144564607712067,compressed,3
nextgen_prospective__nextgen_prospective_020__cluster_3water__cooperative,nextgen_prospective_020,glider,0.017100514356431427,0.539863631246207,1.4170075522476984,2.624750900475951,cooperative,3
nextgen_prospective__nextgen_prospective_020__cluster_3water__equilibrium,nextgen_prospective_020,glider,0.000759781022654817,0.3118144598939368,0.5735510613541517,1.8393985370314259,equilibrium,3
nextgen_prospective__nextgen_prospective_020__cluster_3water__orientation,nextgen_prospective_020,glider,0.00113469410838652,0.2696021464436751,0.5865336529432414,2.175552608464782,orientation,3
nextgen_prospective__nextgen_prospective_021__cluster_3water__compressed,nextgen_prospective_021,glider,0.00353970404313478,0.349822023998871,1.186578537180164,3.3919492078177256,compressed,3
nextgen_prospective__nextgen_prospective_021__cluster_3water__cooperative,nextgen_prospective_021,glider,0.002338698045947469,0.4553517541862697,1.033367792080956,2.2693835756219327,cooperative,3
nextgen_prospective__nextgen_prospective_021__cluster_3water__equilibrium,nextgen_prospective_021,glider,0.008048292161941762,0.24087582819084952,1.1045967487285957,4.585751741986361,equilibrium,3
nextgen_prospective__nextgen_prospective_021__cluster_3water__orientation,nextgen_prospective_021,glider,0.00524947276697645,0.4256507595424798,1.037449879122023,2.437326507386359,orientation,3
nextgen_prospective__nextgen_prospective_022__cluster_3water__compressed,nextgen_prospective_022,glider,0.019527284673660873,0.7791758316532753,2.615245339171969,3.356425126306696,compressed,3
nextgen_prospective__nextgen_prospective_022__cluster_3water__cooperative,nextgen_prospective_022,glider,0.0016958917619424097,0.256614748725881,0.7511935741777485,2.927320342682963,cooperative,3
nextgen_prospective__nextgen_prospective_022__cluster_3water__equilibrium,nextgen_prospective_022,glider,0.016923448038197106,0.8394336713005085,1.8021044834571838,2.1468098613023696,equilibrium,3
nextgen_prospective__nextgen_prospective_022__cluster_3water__orientation,nextgen_prospective_022,glider,0.005962380013032817,0.5624037880274912,1.8306902786466972,3.255117262043068,orientation,3
nextgen_prospective__nextgen_prospective_023__cluster_3water__compressed,nextgen_prospective_023,glider,0.0007236271137555861,0.17087954105906492,0.43441581899627685,2.5422342329800616,compressed,3
nextgen_prospective__nextgen_prospective_023__cluster_3water__cooperative,nextgen_prospective_023,glider,0.0023256362213759743,0.23866447600009472,0.637027365895551,2.6691335743460134,cooperative,3
nextgen_prospective__nextgen_prospective_023__cluster_3water__equilibrium,nextgen_prospective_023,glider,0.0007246764054947286,0.35461125374994024,0.5091601546165875,1.435826272382291,equilibrium,3
nextgen_prospective__nextgen_prospective_023__cluster_3water__orientation,nextgen_prospective_023,glider,0.0008381545673242655,0.2777972662119132,0.5190422577265322,1.8684210424539927,orientation,3
nextgen_prospective__nextgen_prospective_024__cluster_3water__compressed,nextgen_prospective_024,glider,0.003391353338050291,0.2046354922938721,0.6523532336533737,3.1878792204655535,compressed,3
nextgen_prospective__nextgen_prospective_024__cluster_3water__cooperative,nextgen_prospective_024,glider,0.0008427775776970995,0.21778009542637033,0.7007739425301338,3.2178052872929324,cooperative,3
nextgen_prospective__nextgen_prospective_024__cluster_3water__equilibrium,nextgen_prospective_024,glider,0.005810899715028028,0.12091699228640368,0.7859582505107554,6.499981811068677,equilibrium,3
nextgen_prospective__nextgen_prospective_024__cluster_3water__orientation,nextgen_prospective_024,glider,0.0032574306838552285,0.12316026717893401,0.7846656391022703,6.371093998702236,orientation,3
nextgen_prospective__nextgen_prospective_001__cluster_3water__compressed,nextgen_prospective_001,later_global_prior,0.021884449459488267,0.5145858369796151,1.8349936575479038,3.565962227640158,compressed,3
nextgen_prospective__nextgen_prospective_001__cluster_3water__cooperative,nextgen_prospective_001,later_global_prior,0.00047178446936041435,0.1518761669546932,0.4890277905871753,3.219911329030704,cooperative,3
nextgen_prospective__nextgen_prospective_001__cluster_3water__equilibrium,nextgen_prospective_001,later_global_prior,0.0015340953857991256,0.27786913630295185,1.0821999975777672,3.894639080742955,equilibrium,3
nextgen_prospective__nextgen_prospective_001__cluster_3water__orientation,nextgen_prospective_001,later_global_prior,0.0006739281246229163,0.5593094270195093,1.2266113078990724,2.1930817694876557,orientation,3
nextgen_prospective__nextgen_prospective_002__cluster_3water__compressed,nextgen_prospective_002,later_global_prior,0.001453154832973793,0.23916034860010613,0.7681081781550283,3.2116869817720586,compressed,3
nextgen_prospective__nextgen_prospective_002__cluster_3water__cooperative,nextgen_prospective_002,later_global_prior,0.0005428374582342587,0.16586546030495872,0.4672480872898412,2.817030661059651,cooperative,3
nextgen_prospective__nextgen_prospective_002__cluster_3water__equilibrium,nextgen_prospective_002,later_global_prior,0.0030322897540783597,0.33237651860533474,1.300049470107688,3.9113757962287714,equilibrium,3
nextgen_prospective__nextgen_prospective_002__cluster_3water__orientation,nextgen_prospective_002,later_global_prior,0.003124025082695386,0.4196345398160937,1.1293963763979193,2.6913808784493316,orientation,3
nextgen_prospective__nextgen_prospective_003__cluster_3water__compressed,nextgen_prospective_003,later_global_prior,0.018285546919183337,0.7672814421993518,1.5667221642004063,2.041913277231782,compressed,3
nextgen_prospective__nextgen_prospective_003__cluster_3water__cooperative,nextgen_prospective_003,later_global_prior,0.0011812519444565196,0.12643611534260019,0.3748495344674756,2.964734668189995,cooperative,3
nextgen_prospective__nextgen_prospective_003__cluster_3water__equilibrium,nextgen_prospective_003,later_global_prior,1.5921591835205297e-05,0.25140426750181044,0.8302433733094906,3.302423548969835,equilibrium,3
nextgen_prospective__nextgen_prospective_003__cluster_3water__orientation,nextgen_prospective_003,later_global_prior,0.0005216366154275109,0.31448956117756016,1.0970507479882743,3.4883534572038832,orientation,3
nextgen_prospective__nextgen_prospective_004__cluster_3water__compressed,nextgen_prospective_004,later_global_prior,0.04623829038178958,0.9350710758813484,4.916364726940242,5.257744415103779,compressed,3
nextgen_prospective__nextgen_prospective_004__cluster_3water__cooperative,nextgen_prospective_004,later_global_prior,0.10439602610743241,1.044274237210219,7.758270640149164,7.429342182064553,cooperative,3
nextgen_prospective__nextgen_prospective_004__cluster_3water__equilibrium,nextgen_prospective_004,later_global_prior,0.06324124192122084,0.6257532245226078,4.218511239755487,6.741493410559447,equilibrium,3
nextgen_prospective__nextgen_prospective_004__cluster_3water__orientation,nextgen_prospective_004,later_global_prior,0.16553607534851586,0.8594012306921308,13.425189537535275,15.621561917851933,orientation,3
nextgen_prospective__nextgen_prospective_005__cluster_3water__compressed,nextgen_prospective_005,later_global_prior,0.00043847910703112867,0.2114593266323193,0.6612638151501784,3.127144239421366,compressed,3
nextgen_prospective__nextgen_prospective_005__cluster_3water__cooperative,nextgen_prospective_005,later_global_prior,0.0012942342684433509,0.2592187413908367,0.5652417117254992,2.1805588156654796,cooperative,3
nextgen_prospective__nextgen_prospective_005__cluster_3water__equilibrium,nextgen_prospective_005,later_global_prior,0.000506874513533497,0.4738076431224667,1.0152217875812701,2.142687654616121,equilibrium,3
nextgen_prospective__nextgen_prospective_005__cluster_3water__orientation,nextgen_prospective_005,later_global_prior,0.0004092859313706914,0.6468912226085772,1.1397302642673144,1.7618576731824749,orientation,3
nextgen_prospective__nextgen_prospective_006__cluster_3water__compressed,nextgen_prospective_006,later_global_prior,9.870010413728198e-05,0.22372714188166717,0.5017009357304753,2.242467907607888,compressed,3
nextgen_prospective__nextgen_prospective_006__cluster_3water__cooperative,nextgen_prospective_006,later_global_prior,0.0005709198242768496,0.24042787679429534,0.7884334436380546,3.279292959495793,cooperative,3
nextgen_prospective__nextgen_prospective_006__cluster_3water__equilibrium,nextgen_prospective_006,later_global_prior,0.0004971302605760167,0.2987914385007961,0.7835149996491486,2.6222806235027414,equilibrium,3
nextgen_prospective__nextgen_prospective_006__cluster_3water__orientation,nextgen_prospective_006,later_global_prior,0.0001002216124613974,0.4059091652527602,0.7494915751945929,1.8464514708059951,orientation,3
nextgen_prospective__nextgen_prospective_007__cluster_3water__compressed,nextgen_prospective_007,later_global_prior,0.002089786440390389,0.3489597040918988,0.690863396802157,1.9797798677070677,compressed,3
nextgen_prospective__nextgen_prospective_007__cluster_3water__cooperative,nextgen_prospective_007,later_global_prior,0.0005907377594184432,0.162564847316201,0.36123922380763596,2.222123846399573,cooperative,3
nextgen_prospective__nextgen_prospective_007__cluster_3water__equilibrium,nextgen_prospective_007,later_global_prior,0.0015171098856994818,0.2302580195131454,0.607291104234464,2.6374373649113827,equilibrium,3
nextgen_prospective__nextgen_prospective_007__cluster_3water__orientation,nextgen_prospective_007,later_global_prior,0.0007948735268662982,0.29514136315233785,0.6096750837501321,2.0657053190997394,orientation,3
nextgen_prospective__nextgen_prospective_008__cluster_3water__compressed,nextgen_prospective_008,later_global_prior,0.00037940552035266767,0.1531676345082745,0.9076118333153728,5.925611087676237,compressed,3
nextgen_prospective__nextgen_prospective_008__cluster_3water__cooperative,nextgen_prospective_008,later_global_prior,0.00023395086730843958,0.20315965865842964,0.40210858097775326,1.9792737575613597,cooperative,3
nextgen_prospective__nextgen_prospective_008__cluster_3water__equilibrium,nextgen_prospective_008,later_global_prior,2.589753114510592e-05,0.2801478737862839,0.8470700788495067,3.0236534277454843,equilibrium,3
nextgen_prospective__nextgen_prospective_008__cluster_3water__orientation,nextgen_prospective_008,later_global_prior,0.0004827688666114965,0.28286221464391725,0.9061997762264297,3.2036791388599024,orientation,3
nextgen_prospective__nextgen_prospective_009__cluster_3water__compressed,nextgen_prospective_009,later_global_prior,0.00018122196615326781,0.16756261219334798,0.4614910725873623,2.7541410732774607,compressed,3
nextgen_prospective__nextgen_prospective_009__cluster_3water__cooperative,nextgen_prospective_009,later_global_prior,0.0003117918012731279,0.1817931866524543,0.4060417007845424,2.2335364061844536,cooperative,3
nextgen_prospective__nextgen_prospective_009__cluster_3water__equilibrium,nextgen_prospective_009,later_global_prior,0.0015894746788103614,0.22972840604101577,0.8538272934537179,3.7166813985610263,equilibrium,3
nextgen_prospective__nextgen_prospective_009__cluster_3water__orientation,nextgen_prospective_009,later_global_prior,0.0011463003777457974,0.3436891081550569,1.316947465575429,3.8317986643361484,orientation,3
nextgen_prospective__nextgen_prospective_010__cluster_3water__compressed,nextgen_prospective_010,later_global_prior,0.00011885700874765992,0.10860393061963464,0.44012042084758873,4.052527549753515,compressed,3
nextgen_prospective__nextgen_prospective_010__cluster_3water__cooperative,nextgen_prospective_010,later_global_prior,0.00021602236512591037,0.1548793478144932,0.48453083650893014,3.1284405787224596,cooperative,3
nextgen_prospective__nextgen_prospective_010__cluster_3water__equilibrium,nextgen_prospective_010,later_global_prior,0.00188892342091221,0.18002503962998642,0.5348602133883905,2.971032332433937,equilibrium,3
nextgen_prospective__nextgen_prospective_010__cluster_3water__orientation,nextgen_prospective_010,later_global_prior,0.0006380318859115554,0.14013706031119222,0.5448822822129484,3.8882097355472407,orientation,3
nextgen_prospective__nextgen_prospective_011__cluster_3water__compressed,nextgen_prospective_011,later_global_prior,3.2907249559585184e-05,0.23463909671376532,0.49019145541606074,2.089129485586292,compressed,3
nextgen_prospective__nextgen_prospective_011__cluster_3water__cooperative,nextgen_prospective_011,later_global_prior,8.664967985295058e-05,0.18650978336128002,0.4144362427230946,2.222061680916267,cooperative,3
nextgen_prospective__nextgen_prospective_011__cluster_3water__equilibrium,nextgen_prospective_011,later_global_prior,0.0038178407395295295,0.25996452791095304,0.9679535991618119,3.723406446795579,equilibrium,3
nextgen_prospective__nextgen_prospective_011__cluster_3water__orientation,nextgen_prospective_011,later_global_prior,0.00016764548182499363,0.1950027709585962,0.9424048590754381,4.8327767571853295,orientation,3
nextgen_prospective__nextgen_prospective_012__cluster_3water__compressed,nextgen_prospective_012,later_global_prior,7.538216194101557e-05,0.21678307001764271,0.5012060561302242,2.31201659838766,compressed,3
nextgen_prospective__nextgen_prospective_012__cluster_3water__cooperative,nextgen_prospective_012,later_global_prior,0.0004362158811586243,0.2505440622351269,0.4889201744696732,1.9514338919388903,cooperative,3
nextgen_prospective__nextgen_prospective_012__cluster_3water__equilibrium,nextgen_prospective_012,later_global_prior,0.001159356180115769,0.331864839487082,0.586886951773013,1.7684517367976782,equilibrium,3
nextgen_prospective__nextgen_prospective_012__cluster_3water__orientation,nextgen_prospective_012,later_global_prior,0.00021886515884056554,0.2538100355793888,0.5791093543166831,2.2816645251820407,orientation,3
nextgen_prospective__nextgen_prospective_013__cluster_3water__compressed,nextgen_prospective_013,later_global_prior,0.00033956174595560945,0.15038701580754457,0.385658813968265,2.564442228588443,compressed,3
nextgen_prospective__nextgen_prospective_013__cluster_3water__cooperative,nextgen_prospective_013,later_global_prior,5.194557274892587e-05,0.18056025544420218,0.328990096741547,1.8220515690575851,cooperative,3
nextgen_prospective__nextgen_prospective_013__cluster_3water__equilibrium,nextgen_prospective_013,later_global_prior,0.0006577449480658052,0.3764563610949533,0.7402559590706179,1.9663792024061555,equilibrium,3
nextgen_prospective__nextgen_prospective_013__cluster_3water__orientation,nextgen_prospective_013,later_global_prior,0.00026892367650996313,0.46995278031289567,0.7250190474676826,1.542748713998379,orientation,3
nextgen_prospective__nextgen_prospective_014__cluster_3water__compressed,nextgen_prospective_014,later_global_prior,0.0009958458450630484,0.24157893792811444,0.4520676908406767,1.8713042400045505,compressed,3
nextgen_prospective__nextgen_prospective_014__cluster_3water__cooperative,nextgen_prospective_014,later_global_prior,0.0013311168076142377,0.23392529832247802,0.4281224637281319,1.8301674372044323,cooperative,3
nextgen_prospective__nextgen_prospective_014__cluster_3water__equilibrium,nextgen_prospective_014,later_global_prior,0.0016123938885861755,0.39905499905732333,0.8955459798569928,2.244166798993914,equilibrium,3
nextgen_prospective__nextgen_prospective_014__cluster_3water__orientation,nextgen_prospective_014,later_global_prior,0.0005635085615554043,0.3419464174528501,0.7261797168809975,2.1236652288691635,orientation,3
nextgen_prospective__nextgen_prospective_015__cluster_3water__compressed,nextgen_prospective_015,later_global_prior,0.0006681240868195442,0.18887054500411277,0.5786194561005857,3.06357699178549,compressed,3
nextgen_prospective__nextgen_prospective_015__cluster_3water__cooperative,nextgen_prospective_015,later_global_prior,0.0028268287104958774,0.2372669719577375,0.5904729616196822,2.4886437279810636,cooperative,3
nextgen_prospective__nextgen_prospective_015__cluster_3water__equilibrium,nextgen_prospective_015,later_global_prior,0.0018960318242159364,0.247328588759561,1.0848520708759322,4.386278498239298,equilibrium,3
nextgen_prospective__nextgen_prospective_015__cluster_3water__orientation,nextgen_prospective_015,later_global_prior,0.009525367152545944,0.33081471129575846,1.1419692927466096,3.451990657470048,orientation,3
nextgen_prospective__nextgen_prospective_016__cluster_3water__compressed,nextgen_prospective_016,later_global_prior,0.002374843576063752,0.2660201021044873,0.5158659089949734,1.9391989737390287,compressed,3
nextgen_prospective__nextgen_prospective_016__cluster_3water__cooperative,nextgen_prospective_016,later_global_prior,0.0021484145278621914,0.29644885776390595,0.8191434781691914,2.7631864880436248,cooperative,3
nextgen_prospective__nextgen_prospective_016__cluster_3water__equilibrium,nextgen_prospective_016,later_global_prior,0.003666855360629478,0.37234851967889204,1.027452218581338,2.759383116300282,equilibrium,3
nextgen_prospective__nextgen_prospective_016__cluster_3water__orientation,nextgen_prospective_016,later_global_prior,0.0023513214238689226,0.28670428078971366,0.9277550949131577,3.2359303891720734,orientation,3
nextgen_prospective__nextgen_prospective_017__cluster_3water__compressed,nextgen_prospective_017,later_global_prior,7.882935226500867e-05,0.11314102314625046,0.30947012218090253,2.735260063724804,compressed,3
nextgen_prospective__nextgen_prospective_017__cluster_3water__cooperative,nextgen_prospective_017,later_global_prior,0.0005243415101987776,0.32834549088175524,0.876154732042541,2.6683927642486323,cooperative,3
nextgen_prospective__nextgen_prospective_017__cluster_3water__equilibrium,nextgen_prospective_017,later_global_prior,0.0031226584635514025,0.4667103666054106,1.4972343788574367,3.208058971879026,equilibrium,3
nextgen_prospective__nextgen_prospective_017__cluster_3water__orientation,nextgen_prospective_017,later_global_prior,0.0006338482198992391,0.5032570493417208,1.4012338536816902,2.7843303049893824,orientation,3
nextgen_prospective__nextgen_prospective_018__cluster_3water__compressed,nextgen_prospective_018,later_global_prior,0.0007259818810626924,0.3277172521272924,1.706239024523158,5.2064363821176505,compressed,3
nextgen_prospective__nextgen_prospective_018__cluster_3water__cooperative,nextgen_prospective_018,later_global_prior,0.000804915159885834,0.2371265121598977,0.623885309075148,2.631023007053946,cooperative,3
nextgen_prospective__nextgen_prospective_018__cluster_3water__equilibrium,nextgen_prospective_018,later_global_prior,0.002744855974271348,0.22127276240059418,0.9687627731720471,4.378138378451616,equilibrium,3
nextgen_prospective__nextgen_prospective_018__cluster_3water__orientation,nextgen_prospective_018,later_global_prior,0.0019144925109128384,0.22953136850624165,0.9728462000877262,4.2384019509789645,orientation,3
nextgen_prospective__nextgen_prospective_019__cluster_3water__compressed,nextgen_prospective_019,later_global_prior,5.359140718784654,4.380287377299778,23.042237066051396,5.260439574230801,compressed,3
nextgen_prospective__nextgen_prospective_019__cluster_3water__cooperative,nextgen_prospective_019,later_global_prior,0.001283446627426487,0.48674955851617846,1.167129156202912,2.3978021875578532,cooperative,3
nextgen_prospective__nextgen_prospective_019__cluster_3water__equilibrium,nextgen_prospective_019,later_global_prior,0.00030102597434768675,0.18360532835569573,0.8702217660802533,4.739632416301047,equilibrium,3
nextgen_prospective__nextgen_prospective_019__cluster_3water__orientation,nextgen_prospective_019,later_global_prior,0.001428067529831707,0.1493314935817646,0.7326634785845808,4.906289095564561,orientation,3
nextgen_prospective__nextgen_prospective_020__cluster_3water__compressed,nextgen_prospective_020,later_global_prior,0.0013791897577098832,0.18959571326714417,0.40660025644664255,2.144564607712067,compressed,3
nextgen_prospective__nextgen_prospective_020__cluster_3water__cooperative,nextgen_prospective_020,later_global_prior,0.0005684454938222949,0.5105017227986266,1.3399398566102194,2.624750900475951,cooperative,3
nextgen_prospective__nextgen_prospective_020__cluster_3water__equilibrium,nextgen_prospective_020,later_global_prior,9.532225342381449e-05,0.24680493211505458,0.45397263106457175,1.8393985370314259,equilibrium,3
nextgen_prospective__nextgen_prospective_020__cluster_3water__orientation,nextgen_prospective_020,later_global_prior,0.0001121085330547977,0.20271211235975645,0.4410108648116741,2.175552608464782,orientation,3
nextgen_prospective__nextgen_prospective_021__cluster_3water__compressed,nextgen_prospective_021,later_global_prior,0.0007349065958215171,0.2114237453762034,0.7171386056426695,3.3919492078177256,compressed,3
nextgen_prospective__nextgen_prospective_021__cluster_3water__cooperative,nextgen_prospective_021,later_global_prior,0.00046117909591890193,0.45897484390086307,1.041589972372259,2.2693835756219327,cooperative,3
nextgen_prospective__nextgen_prospective_021__cluster_3water__equilibrium,nextgen_prospective_021,later_global_prior,0.0010551629028050544,0.21070615283850794,0.9662461074264322,4.585751741986361,equilibrium,3
nextgen_prospective__nextgen_prospective_021__cluster_3water__orientation,nextgen_prospective_021,later_global_prior,0.0013439103314846108,0.2970526921977512,0.72401440078406,2.437326507386359,orientation,3
nextgen_prospective__nextgen_prospective_022__cluster_3water__compressed,nextgen_prospective_022,later_global_prior,0.11364999695333615,1.0533891130646102,3.535621686867983,3.356425126306696,compressed,3
nextgen_prospective__nextgen_prospective_022__cluster_3water__cooperative,nextgen_prospective_022,later_global_prior,0.003713816821422751,0.32480028571388536,0.9507944836794952,2.927320342682963,cooperative,3
nextgen_prospective__nextgen_prospective_022__cluster_3water__equilibrium,nextgen_prospective_022,later_global_prior,0.008301804438720629,1.0021668823194947,2.1514617456341427,2.1468098613023696,equilibrium,3
nextgen_prospective__nextgen_prospective_022__cluster_3water__orientation,nextgen_prospective_022,later_global_prior,0.01130850231001094,0.8095625617368514,2.6352210694134315,3.255117262043068,orientation,3
nextgen_prospective__nextgen_prospective_023__cluster_3water__compressed,nextgen_prospective_023,later_global_prior,0.0006376910787815868,0.11625639668925247,0.2955509914663275,2.5422342329800616,compressed,3
nextgen_prospective__nextgen_prospective_023__cluster_3water__cooperative,nextgen_prospective_023,later_global_prior,0.0006133529302067743,0.12972979709562463,0.34626615702102753,2.6691335743460134,cooperative,3
nextgen_prospective__nextgen_prospective_023__cluster_3water__equilibrium,nextgen_prospective_023,later_global_prior,0.0001417490453441269,0.2767535082714911,0.3973699581501766,1.435826272382291,equilibrium,3
nextgen_prospective__nextgen_prospective_023__cluster_3water__orientation,nextgen_prospective_023,later_global_prior,0.00017070730158626475,0.20643508151632634,0.3857076502058094,1.8684210424539927,orientation,3
nextgen_prospective__nextgen_prospective_024__cluster_3water__compressed,nextgen_prospective_024,later_global_prior,0.00224501458243149,0.18719953901940062,0.5967695205206778,3.1878792204655535,compressed,3
nextgen_prospective__nextgen_prospective_024__cluster_3water__cooperative,nextgen_prospective_024,later_global_prior,0.000938756425248792,0.23716992088360192,0.7631666254061007,3.2178052872929324,cooperative,3
nextgen_prospective__nextgen_prospective_024__cluster_3water__equilibrium,nextgen_prospective_024,later_global_prior,0.003434876165555834,0.14100047834022097,0.9165005445634192,6.499981811068677,equilibrium,3
nextgen_prospective__nextgen_prospective_024__cluster_3water__orientation,nextgen_prospective_024,later_global_prior,0.0012430305489837517,0.1343375932018993,0.8558774338487228,6.371093998702236,orientation,3
nextgen_prospective__nextgen_prospective_001__cluster_3water__compressed,nextgen_prospective_001,mace_mdp,0.037677584527491446,,,,compressed,3
nextgen_prospective__nextgen_prospective_001__cluster_3water__cooperative,nextgen_prospective_001,mace_mdp,0.001812226558663878,,,,cooperative,3
nextgen_prospective__nextgen_prospective_001__cluster_3water__equilibrium,nextgen_prospective_001,mace_mdp,0.001897732003855189,,,,equilibrium,3
nextgen_prospective__nextgen_prospective_001__cluster_3water__orientation,nextgen_prospective_001,mace_mdp,0.0008765536458110162,,,,orientation,3
nextgen_prospective__nextgen_prospective_002__cluster_3water__compressed,nextgen_prospective_002,mace_mdp,0.0007472689584692859,,,,compressed,3
nextgen_prospective__nextgen_prospective_002__cluster_3water__cooperative,nextgen_prospective_002,mace_mdp,0.0009190642062168695,,,,cooperative,3
nextgen_prospective__nextgen_prospective_002__cluster_3water__equilibrium,nextgen_prospective_002,mace_mdp,0.0031643538032914546,,,,equilibrium,3
nextgen_prospective__nextgen_prospective_002__cluster_3water__orientation,nextgen_prospective_002,mace_mdp,0.001954974278685807,,,,orientation,3
nextgen_prospective__nextgen_prospective_003__cluster_3water__compressed,nextgen_prospective_003,mace_mdp,0.1011429081540795,,,,compressed,3
nextgen_prospective__nextgen_prospective_003__cluster_3water__cooperative,nextgen_prospective_003,mace_mdp,0.0010705762829175266,,,,cooperative,3
nextgen_prospective__nextgen_prospective_003__cluster_3water__equilibrium,nextgen_prospective_003,mace_mdp,0.001820178477416221,,,,equilibrium,3
nextgen_prospective__nextgen_prospective_003__cluster_3water__orientation,nextgen_prospective_003,mace_mdp,0.01269484599220303,,,,orientation,3
nextgen_prospective__nextgen_prospective_004__cluster_3water__compressed,nextgen_prospective_004,mace_mdp,0.037348045050417465,,,,compressed,3
nextgen_prospective__nextgen_prospective_004__cluster_3water__cooperative,nextgen_prospective_004,mace_mdp,0.09948941941237836,,,,cooperative,3
nextgen_prospective__nextgen_prospective_004__cluster_3water__equilibrium,nextgen_prospective_004,mace_mdp,0.06765376823664115,,,,equilibrium,3
nextgen_prospective__nextgen_prospective_004__cluster_3water__orientation,nextgen_prospective_004,mace_mdp,0.24485092694883104,,,,orientation,3
nextgen_prospective__nextgen_prospective_005__cluster_3water__compressed,nextgen_prospective_005,mace_mdp,0.0003617660443612603,,,,compressed,3
nextgen_prospective__nextgen_prospective_005__cluster_3water__cooperative,nextgen_prospective_005,mace_mdp,0.002042690117892721,,,,cooperative,3
nextgen_prospective__nextgen_prospective_005__cluster_3water__equilibrium,nextgen_prospective_005,mace_mdp,0.00026885200709146704,,,,equilibrium,3
nextgen_prospective__nextgen_prospective_005__cluster_3water__orientation,nextgen_prospective_005,mace_mdp,0.0006109580054536975,,,,orientation,3
nextgen_prospective__nextgen_prospective_006__cluster_3water__compressed,nextgen_prospective_006,mace_mdp,0.0009169928661467687,,,,compressed,3
nextgen_prospective__nextgen_prospective_006__cluster_3water__cooperative,nextgen_prospective_006,mace_mdp,0.0013208533463110385,,,,cooperative,3
nextgen_prospective__nextgen_prospective_006__cluster_3water__equilibrium,nextgen_prospective_006,mace_mdp,0.0009447690371913259,,,,equilibrium,3
nextgen_prospective__nextgen_prospective_006__cluster_3water__orientation,nextgen_prospective_006,mace_mdp,0.0005735908525820208,,,,orientation,3
nextgen_prospective__nextgen_prospective_007__cluster_3water__compressed,nextgen_prospective_007,mace_mdp,0.0019169601080372114,,,,compressed,3
nextgen_prospective__nextgen_prospective_007__cluster_3water__cooperative,nextgen_prospective_007,mace_mdp,6.175672798089164e-05,,,,cooperative,3
nextgen_prospective__nextgen_prospective_007__cluster_3water__equilibrium,nextgen_prospective_007,mace_mdp,0.0015568812776273035,,,,equilibrium,3
nextgen_prospective__nextgen_prospective_007__cluster_3water__orientation,nextgen_prospective_007,mace_mdp,0.0004386860308675979,,,,orientation,3
nextgen_prospective__nextgen_prospective_008__cluster_3water__compressed,nextgen_prospective_008,mace_mdp,0.0005174591733394816,,,,compressed,3
nextgen_prospective__nextgen_prospective_008__cluster_3water__cooperative,nextgen_prospective_008,mace_mdp,0.00033738468150001027,,,,cooperative,3
nextgen_prospective__nextgen_prospective_008__cluster_3water__equilibrium,nextgen_prospective_008,mace_mdp,0.0002794428197526719,,,,equilibrium,3
nextgen_prospective__nextgen_prospective_008__cluster_3water__orientation,nextgen_prospective_008,mace_mdp,0.0010281528419708189,,,,orientation,3
nextgen_prospective__nextgen_prospective_009__cluster_3water__compressed,nextgen_prospective_009,mace_mdp,2.3490925407628962e-05,,,,compressed,3
nextgen_prospective__nextgen_prospective_009__cluster_3water__cooperative,nextgen_prospective_009,mace_mdp,0.0006416700194089102,,,,cooperative,3
nextgen_prospective__nextgen_prospective_009__cluster_3water__equilibrium,nextgen_prospective_009,mace_mdp,0.0005435059618008963,,,,equilibrium,3
nextgen_prospective__nextgen_prospective_009__cluster_3water__orientation,nextgen_prospective_009,mace_mdp,0.0020278067671361277,,,,orientation,3
nextgen_prospective__nextgen_prospective_010__cluster_3water__compressed,nextgen_prospective_010,mace_mdp,0.0005167423842335932,,,,compressed,3
nextgen_prospective__nextgen_prospective_010__cluster_3water__cooperative,nextgen_prospective_010,mace_mdp,0.0010657741347093097,,,,cooperative,3
nextgen_prospective__nextgen_prospective_010__cluster_3water__equilibrium,nextgen_prospective_010,mace_mdp,0.001401322869382579,,,,equilibrium,3
nextgen_prospective__nextgen_prospective_010__cluster_3water__orientation,nextgen_prospective_010,mace_mdp,0.00043492317599132805,,,,orientation,3
nextgen_prospective__nextgen_prospective_011__cluster_3water__compressed,nextgen_prospective_011,mace_mdp,0.00014843615275205542,,,,compressed,3
nextgen_prospective__nextgen_prospective_011__cluster_3water__cooperative,nextgen_prospective_011,mace_mdp,9.514816969186405e-05,,,,cooperative,3
nextgen_prospective__nextgen_prospective_011__cluster_3water__equilibrium,nextgen_prospective_011,mace_mdp,0.004746889183627311,,,,equilibrium,3
nextgen_prospective__nextgen_prospective_011__cluster_3water__orientation,nextgen_prospective_011,mace_mdp,0.00040347324840014394,,,,orientation,3
nextgen_prospective__nextgen_prospective_012__cluster_3water__compressed,nextgen_prospective_012,mace_mdp,0.00010918161588388324,,,,compressed,3
nextgen_prospective__nextgen_prospective_012__cluster_3water__cooperative,nextgen_prospective_012,mace_mdp,0.0014580588606174112,,,,cooperative,3
nextgen_prospective__nextgen_prospective_012__cluster_3water__equilibrium,nextgen_prospective_012,mace_mdp,0.0007410337604891125,,,,equilibrium,3
nextgen_prospective__nextgen_prospective_012__cluster_3water__orientation,nextgen_prospective_012,mace_mdp,0.0002450218684328499,,,,orientation,3
nextgen_prospective__nextgen_prospective_013__cluster_3water__compressed,nextgen_prospective_013,mace_mdp,0.0004671433998059747,,,,compressed,3
nextgen_prospective__nextgen_prospective_013__cluster_3water__cooperative,nextgen_prospective_013,mace_mdp,0.00011998952522162686,,,,cooperative,3
nextgen_prospective__nextgen_prospective_013__cluster_3water__equilibrium,nextgen_prospective_013,mace_mdp,0.00010897540800481217,,,,equilibrium,3
nextgen_prospective__nextgen_prospective_013__cluster_3water__orientation,nextgen_prospective_013,mace_mdp,0.0005999661505834465,,,,orientation,3
nextgen_prospective__nextgen_prospective_014__cluster_3water__compressed,nextgen_prospective_014,mace_mdp,0.0002827030744275694,,,,compressed,3
nextgen_prospective__nextgen_prospective_014__cluster_3water__cooperative,nextgen_prospective_014,mace_mdp,0.002008546443143453,,,,cooperative,3
nextgen_prospective__nextgen_prospective_014__cluster_3water__equilibrium,nextgen_prospective_014,mace_mdp,0.0028352347652386444,,,,equilibrium,3
nextgen_prospective__nextgen_prospective_014__cluster_3water__orientation,nextgen_prospective_014,mace_mdp,0.0011491929942773714,,,,orientation,3
nextgen_prospective__nextgen_prospective_015__cluster_3water__compressed,nextgen_prospective_015,mace_mdp,0.0008962426363942848,,,,compressed,3
nextgen_prospective__nextgen_prospective_015__cluster_3water__cooperative,nextgen_prospective_015,mace_mdp,0.004097053763799321,,,,cooperative,3
nextgen_prospective__nextgen_prospective_015__cluster_3water__equilibrium,nextgen_prospective_015,mace_mdp,0.008001758833321082,,,,equilibrium,3
nextgen_prospective__nextgen_prospective_015__cluster_3water__orientation,nextgen_prospective_015,mace_mdp,0.009600750738985748,,,,orientation,3
nextgen_prospective__nextgen_prospective_016__cluster_3water__compressed,nextgen_prospective_016,mace_mdp,0.0027720093421799053,,,,compressed,3
nextgen_prospective__nextgen_prospective_016__cluster_3water__cooperative,nextgen_prospective_016,mace_mdp,0.003917663060879589,,,,cooperative,3
nextgen_prospective__nextgen_prospective_016__cluster_3water__equilibrium,nextgen_prospective_016,mace_mdp,0.00292344039712164,,,,equilibrium,3
nextgen_prospective__nextgen_prospective_016__cluster_3water__orientation,nextgen_prospective_016,mace_mdp,0.0005483800461805159,,,,orientation,3
nextgen_prospective__nextgen_prospective_017__cluster_3water__compressed,nextgen_prospective_017,mace_mdp,0.0002200947271008361,,,,compressed,3
nextgen_prospective__nextgen_prospective_017__cluster_3water__cooperative,nextgen_prospective_017,mace_mdp,0.0003368352235242243,,,,cooperative,3
nextgen_prospective__nextgen_prospective_017__cluster_3water__equilibrium,nextgen_prospective_017,mace_mdp,0.005114779649393794,,,,equilibrium,3
nextgen_prospective__nextgen_prospective_017__cluster_3water__orientation,nextgen_prospective_017,mace_mdp,0.00032719688719040537,,,,orientation,3
nextgen_prospective__nextgen_prospective_018__cluster_3water__compressed,nextgen_prospective_018,mace_mdp,0.002196653821696721,,,,compressed,3
nextgen_prospective__nextgen_prospective_018__cluster_3water__cooperative,nextgen_prospective_018,mace_mdp,0.0009080261191128998,,,,cooperative,3
nextgen_prospective__nextgen_prospective_018__cluster_3water__equilibrium,nextgen_prospective_018,mace_mdp,0.003729210482220808,,,,equilibrium,3
nextgen_prospective__nextgen_prospective_018__cluster_3water__orientation,nextgen_prospective_018,mace_mdp,0.002330949554341232,,,,orientation,3
nextgen_prospective__nextgen_prospective_019__cluster_3water__compressed,nextgen_prospective_019,mace_mdp,68.17657439081096,,,,compressed,3
nextgen_prospective__nextgen_prospective_019__cluster_3water__cooperative,nextgen_prospective_019,mace_mdp,0.0030791163380401447,,,,cooperative,3
nextgen_prospective__nextgen_prospective_019__cluster_3water__equilibrium,nextgen_prospective_019,mace_mdp,0.0014582018082013577,,,,equilibrium,3
nextgen_prospective__nextgen_prospective_019__cluster_3water__orientation,nextgen_prospective_019,mace_mdp,0.0037706102135850656,,,,orientation,3
nextgen_prospective__nextgen_prospective_020__cluster_3water__compressed,nextgen_prospective_020,mace_mdp,0.000322412414195298,,,,compressed,3
nextgen_prospective__nextgen_prospective_020__cluster_3water__cooperative,nextgen_prospective_020,mace_mdp,0.00235060987603497,,,,cooperative,3
nextgen_prospective__nextgen_prospective_020__cluster_3water__equilibrium,nextgen_prospective_020,mace_mdp,0.0005669865248185493,,,,equilibrium,3
nextgen_prospective__nextgen_prospective_020__cluster_3water__orientation,nextgen_prospective_020,mace_mdp,6.609558377457455e-05,,,,orientation,3
nextgen_prospective__nextgen_prospective_021__cluster_3water__compressed,nextgen_prospective_021,mace_mdp,0.0005910017926384973,,,,compressed,3
nextgen_prospective__nextgen_prospective_021__cluster_3water__cooperative,nextgen_prospective_021,mace_mdp,0.001952206383896959,,,,cooperative,3
nextgen_prospective__nextgen_prospective_021__cluster_3water__equilibrium,nextgen_prospective_021,mace_mdp,0.0011958821819461356,,,,equilibrium,3
nextgen_prospective__nextgen_prospective_021__cluster_3water__orientation,nextgen_prospective_021,mace_mdp,0.000403630532313116,,,,orientation,3
nextgen_prospective__nextgen_prospective_022__cluster_3water__compressed,nextgen_prospective_022,mace_mdp,0.14835590491642192,,,,compressed,3
nextgen_prospective__nextgen_prospective_022__cluster_3water__cooperative,nextgen_prospective_022,mace_mdp,0.00729243460162692,,,,cooperative,3
nextgen_prospective__nextgen_prospective_022__cluster_3water__equilibrium,nextgen_prospective_022,mace_mdp,0.008992351850740874,,,,equilibrium,3
nextgen_prospective__nextgen_prospective_022__cluster_3water__orientation,nextgen_prospective_022,mace_mdp,0.014483069975966018,,,,orientation,3
nextgen_prospective__nextgen_prospective_023__cluster_3water__compressed,nextgen_prospective_023,mace_mdp,0.0012363457903597451,,,,compressed,3
nextgen_prospective__nextgen_prospective_023__cluster_3water__cooperative,nextgen_prospective_023,mace_mdp,0.002097186501336611,,,,cooperative,3
nextgen_prospective__nextgen_prospective_023__cluster_3water__equilibrium,nextgen_prospective_023,mace_mdp,0.00010106599807075389,,,,equilibrium,3
nextgen_prospective__nextgen_prospective_023__cluster_3water__orientation,nextgen_prospective_023,mace_mdp,0.0003234889936968521,,,,orientation,3
nextgen_prospective__nextgen_prospective_024__cluster_3water__compressed,nextgen_prospective_024,mace_mdp,0.0028187638398098195,,,,compressed,3
nextgen_prospective__nextgen_prospective_024__cluster_3water__cooperative,nextgen_prospective_024,mace_mdp,0.002480017248669346,,,,cooperative,3
nextgen_prospective__nextgen_prospective_024__cluster_3water__equilibrium,nextgen_prospective_024,mace_mdp,0.005765046781349578,,,,equilibrium,3
nextgen_prospective__nextgen_prospective_024__cluster_3water__orientation,nextgen_prospective_024,mace_mdp,0.006969179112798456,,,,orientation,3
nextgen_prospective__nextgen_prospective_001__cluster_3water__compressed,nextgen_prospective_001,mace_polar_l,0.007126587081619906,0.524823790230077,1.871501812127396,3.565962227640158,compressed,3
nextgen_prospective__nextgen_prospective_001__cluster_3water__cooperative,nextgen_prospective_001,mace_polar_l,0.0015454906427781418,0.38506324015617693,1.239869489372145,3.219911329030704,cooperative,3
nextgen_prospective__nextgen_prospective_001__cluster_3water__equilibrium,nextgen_prospective_001,mace_polar_l,0.0005504993808314154,0.4293072535966876,1.671996807504086,3.894639080742955,equilibrium,3
nextgen_prospective__nextgen_prospective_001__cluster_3water__orientation,nextgen_prospective_001,mace_polar_l,0.015953298778913355,0.4666107628403675,1.023315557431938,2.1930817694876557,orientation,3
nextgen_prospective__nextgen_prospective_002__cluster_3water__compressed,nextgen_prospective_002,mace_polar_l,0.008179755963563415,0.6274408114397768,2.015143485933628,3.2116869817720586,compressed,3
nextgen_prospective__nextgen_prospective_002__cluster_3water__cooperative,nextgen_prospective_002,mace_polar_l,0.0009100979579838866,0.4834229311191721,1.3618172192220355,2.817030661059651,cooperative,3
nextgen_prospective__nextgen_prospective_002__cluster_3water__equilibrium,nextgen_prospective_002,mace_polar_l,0.008920301724972626,0.42721930130546854,1.671015234807976,3.9113757962287714,equilibrium,3
nextgen_prospective__nextgen_prospective_002__cluster_3water__orientation,nextgen_prospective_002,mace_polar_l,0.04445392352341614,0.6585431588294988,1.7723904653073341,2.6913808784493316,orientation,3
nextgen_prospective__nextgen_prospective_003__cluster_3water__compressed,nextgen_prospective_003,mace_polar_l,0.05754140179078713,1.4482176803083917,2.9571349097435173,2.041913277231782,compressed,3
nextgen_prospective__nextgen_prospective_003__cluster_3water__cooperative,nextgen_prospective_003,mace_polar_l,0.0019062704499572362,0.4852887756476392,1.4387524572460324,2.964734668189995,cooperative,3
nextgen_prospective__nextgen_prospective_003__cluster_3water__equilibrium,nextgen_prospective_003,mace_polar_l,0.007693815814819289,0.4082833215878976,1.3483244558634973,3.302423548969835,equilibrium,3
nextgen_prospective__nextgen_prospective_003__cluster_3water__orientation,nextgen_prospective_003,mace_polar_l,0.004662413609742536,0.47108399011895263,1.6433074655648485,3.4883534572038832,orientation,3
nextgen_prospective__nextgen_prospective_004__cluster_3water__compressed,nextgen_prospective_004,mace_polar_l,0.08049363677450362,0.8823235587167392,4.639031763157427,5.257744415103779,compressed,3
nextgen_prospective__nextgen_prospective_004__cluster_3water__cooperative,nextgen_prospective_004,mace_polar_l,0.11178786603316292,0.9955374945868573,7.396188702361001,7.429342182064553,cooperative,3
nextgen_prospective__nextgen_prospective_004__cluster_3water__equilibrium,nextgen_prospective_004,mace_polar_l,0.25087868351913045,0.6887614185925033,4.643280564888938,6.741493410559447,equilibrium,3
nextgen_prospective__nextgen_prospective_004__cluster_3water__orientation,nextgen_prospective_004,mace_polar_l,0.2143308134721409,0.8667170842721121,13.53947459721689,15.621561917851933,orientation,3
nextgen_prospective__nextgen_prospective_005__cluster_3water__compressed,nextgen_prospective_005,mace_polar_l,0.005916949614266301,0.40892716381815675,1.278774224676866,3.127144239421366,compressed,3
nextgen_prospective__nextgen_prospective_005__cluster_3water__cooperative,nextgen_prospective_005,mace_polar_l,0.00047742021562505654,0.4652613607233178,1.0145297617137476,2.1805588156654796,cooperative,3
nextgen_prospective__nextgen_prospective_005__cluster_3water__equilibrium,nextgen_prospective_005,mace_polar_l,0.004542598858847796,0.4704653703127639,1.008060340893561,2.142687654616121,equilibrium,3
nextgen_prospective__nextgen_prospective_005__cluster_3water__orientation,nextgen_prospective_005,mace_polar_l,0.005414387674753634,0.8575732520430412,1.5109220144280808,1.7618576731824749,orientation,3
nextgen_prospective__nextgen_prospective_006__cluster_3water__compressed,nextgen_prospective_006,mace_polar_l,0.0012699408679109193,0.49524652303499755,1.1105744342603725,2.242467907607888,compressed,3
nextgen_prospective__nextgen_prospective_006__cluster_3water__cooperative,nextgen_prospective_006,mace_polar_l,0.0002662760849763966,0.4378346765014042,1.4357881720741728,3.279292959495793,cooperative,3
nextgen_prospective__nextgen_prospective_006__cluster_3water__equilibrium,nextgen_prospective_006,mace_polar_l,0.00390753390782084,0.45768717777593443,1.2001842179074873,2.6222806235027414,equilibrium,3
nextgen_prospective__nextgen_prospective_006__cluster_3water__orientation,nextgen_prospective_006,mace_polar_l,0.007634384123515434,0.6675029362262415,1.2325117783622639,1.8464514708059951,orientation,3
nextgen_prospective__nextgen_prospective_007__cluster_3water__compressed,nextgen_prospective_007,mace_polar_l,0.004570505852289746,0.5729013900421068,1.1342186381867576,1.9797798677070677,compressed,3
nextgen_prospective__nextgen_prospective_007__cluster_3water__cooperative,nextgen_prospective_007,mace_polar_l,0.000661305946603419,0.46426836735865795,1.031661810236671,2.222123846399573,cooperative,3
nextgen_prospective__nextgen_prospective_007__cluster_3water__equilibrium,nextgen_prospective_007,mace_polar_l,0.002229674747247837,0.5613502375638669,1.4805260913528238,2.6374373649113827,equilibrium,3
nextgen_prospective__nextgen_prospective_007__cluster_3water__orientation,nextgen_prospective_007,mace_polar_l,0.0030534130045910667,0.737206094076282,1.5228505498061184,2.0657053190997394,orientation,3
nextgen_prospective__nextgen_prospective_008__cluster_3water__compressed,nextgen_prospective_008,mace_polar_l,0.001163480557293856,0.44057659333726806,2.61068554644994,5.925611087676237,compressed,3
nextgen_prospective__nextgen_prospective_008__cluster_3water__cooperative,nextgen_prospective_008,mace_polar_l,0.00017249030723001343,0.5640822632177875,1.116473220692786,1.9792737575613597,cooperative,3
nextgen_prospective__nextgen_prospective_008__cluster_3water__equilibrium,nextgen_prospective_008,mace_polar_l,0.0021863752603773104,0.5627086922319717,1.70143606608938,3.0236534277454843,equilibrium,3
nextgen_prospective__nextgen_prospective_008__cluster_3water__orientation,nextgen_prospective_008,mace_polar_l,0.0045287817626684735,0.5679528820804625,1.8195388001765356,3.2036791388599024,orientation,3
nextgen_prospective__nextgen_prospective_009__cluster_3water__compressed,nextgen_prospective_009,mace_polar_l,0.0030026115488314305,0.6300168065426833,1.7351551637543043,2.7541410732774607,compressed,3
nextgen_prospective__nextgen_prospective_009__cluster_3water__cooperative,nextgen_prospective_009,mace_polar_l,0.001308818855054512,0.546196779740772,1.2199503924917254,2.2335364061844536,cooperative,3
nextgen_prospective__nextgen_prospective_009__cluster_3water__equilibrium,nextgen_prospective_009,mace_polar_l,0.026034086761771377,0.5897881096728078,2.1920544963133954,3.7166813985610263,equilibrium,3
nextgen_prospective__nextgen_prospective_009__cluster_3water__orientation,nextgen_prospective_009,mace_polar_l,0.018247025579589002,0.5321850496934613,2.0392259625950717,3.8317986643361484,orientation,3
nextgen_prospective__nextgen_prospective_010__cluster_3water__compressed,nextgen_prospective_010,mace_polar_l,0.0019362627596772655,0.4444726294511196,1.8012375759620478,4.052527549753515,compressed,3
nextgen_prospective__nextgen_prospective_010__cluster_3water__cooperative,nextgen_prospective_010,mace_polar_l,0.0010254042364532072,0.5123873237565727,1.6029732956630645,3.1284405787224596,cooperative,3
nextgen_prospective__nextgen_prospective_010__cluster_3water__equilibrium,nextgen_prospective_010,mace_polar_l,0.000726004452955312,0.5771034955348502,1.714593144394684,2.971032332433937,equilibrium,3
nextgen_prospective__nextgen_prospective_010__cluster_3water__orientation,nextgen_prospective_010,mace_polar_l,0.010995112840201847,0.4497156939386879,1.7485889394007892,3.8882097355472407,orientation,3
nextgen_prospective__nextgen_prospective_011__cluster_3water__compressed,nextgen_prospective_011,mace_polar_l,0.001129229635609216,0.4802077907056957,1.0032162547715198,2.089129485586292,compressed,3
nextgen_prospective__nextgen_prospective_011__cluster_3water__cooperative,nextgen_prospective_011,mace_polar_l,0.0003673982410829384,0.5544332888613873,1.2319849658032682,2.222061680916267,cooperative,3
nextgen_prospective__nextgen_prospective_011__cluster_3water__equilibrium,nextgen_prospective_011,mace_polar_l,0.011704425142717398,0.46157432598130316,1.7186288210341083,3.723406446795579,equilibrium,3
nextgen_prospective__nextgen_prospective_011__cluster_3water__orientation,nextgen_prospective_011,mace_polar_l,0.0012384960548746532,0.39226240419959796,1.8957166297334542,4.8327767571853295,orientation,3
nextgen_prospective__nextgen_prospective_012__cluster_3water__compressed,nextgen_prospective_012,mace_polar_l,2.732111742147077e-05,0.4100566220002359,0.9480577163433199,2.31201659838766,compressed,3
nextgen_prospective__nextgen_prospective_012__cluster_3water__cooperative,nextgen_prospective_012,mace_polar_l,8.377139289624284e-05,0.4856250599517409,0.9476652007646826,1.9514338919388903,cooperative,3
nextgen_prospective__nextgen_prospective_012__cluster_3water__equilibrium,nextgen_prospective_012,mace_polar_l,0.00048779005346023856,0.6909251460036205,1.2218677744472923,1.7684517367976782,equilibrium,3
nextgen_prospective__nextgen_prospective_012__cluster_3water__orientation,nextgen_prospective_012,mace_polar_l,0.006218424197228907,0.5102885262004371,1.1643072278389635,2.2816645251820407,orientation,3
nextgen_prospective__nextgen_prospective_013__cluster_3water__compressed,nextgen_prospective_013,mace_polar_l,0.0012061823612004462,0.4886645731555483,1.2531520670152345,2.564442228588443,compressed,3
nextgen_prospective__nextgen_prospective_013__cluster_3water__cooperative,nextgen_prospective_013,mace_polar_l,0.0008902878820214469,0.5503154923979034,1.0027032064002974,1.8220515690575851,cooperative,3
nextgen_prospective__nextgen_prospective_013__cluster_3water__equilibrium,nextgen_prospective_013,mace_polar_l,0.009940258639234485,0.7097314823158911,1.3956012261188604,1.9663792024061555,equilibrium,3
nextgen_prospective__nextgen_prospective_013__cluster_3water__orientation,nextgen_prospective_013,mace_polar_l,0.008204885149114978,0.7754020507934946,1.1962505166933697,1.542748713998379,orientation,3
nextgen_prospective__nextgen_prospective_014__cluster_3water__compressed,nextgen_prospective_014,mace_polar_l,0.0009785284523394662,0.6217293089623278,1.1634446919963033,1.8713042400045505,compressed,3
nextgen_prospective__nextgen_prospective_014__cluster_3water__cooperative,nextgen_prospective_014,mace_polar_l,0.0013064210087621625,0.5393352034186193,0.9870737270347857,1.8301674372044323,cooperative,3
nextgen_prospective__nextgen_prospective_014__cluster_3water__equilibrium,nextgen_prospective_014,mace_polar_l,0.016117526001030915,0.69878753150251,1.568195777748847,2.244166798993914,equilibrium,3
nextgen_prospective__nextgen_prospective_014__cluster_3water__orientation,nextgen_prospective_014,mace_polar_l,0.006165653161333245,0.5401251372692754,1.1470449732569443,2.1236652288691635,orientation,3
nextgen_prospective__nextgen_prospective_015__cluster_3water__compressed,nextgen_prospective_015,mace_polar_l,0.004873573264133367,0.5435722308556115,1.6652753798227622,3.06357699178549,compressed,3
nextgen_prospective__nextgen_prospective_015__cluster_3water__cooperative,nextgen_prospective_015,mace_polar_l,0.00256474386446491,0.5296781746518988,1.3181802671959062,2.4886437279810636,cooperative,3
nextgen_prospective__nextgen_prospective_015__cluster_3water__equilibrium,nextgen_prospective_015,mace_polar_l,0.015175071857330878,0.4864265402650822,2.1336022745376617,4.386278498239298,equilibrium,3
nextgen_prospective__nextgen_prospective_015__cluster_3water__orientation,nextgen_prospective_015,mace_polar_l,0.012986309644490287,0.6098991820738356,2.1053662785175047,3.451990657470048,orientation,3
nextgen_prospective__nextgen_prospective_016__cluster_3water__compressed,nextgen_prospective_016,mace_polar_l,0.001293558998150802,0.5045499177741073,0.9784226827476601,1.9391989737390287,compressed,3
nextgen_prospective__nextgen_prospective_016__cluster_3water__cooperative,nextgen_prospective_016,mace_polar_l,0.00117823573385765,0.48728256149233884,1.3464525897749173,2.7631864880436248,cooperative,3
nextgen_prospective__nextgen_prospective_016__cluster_3water__equilibrium,nextgen_prospective_016,mace_polar_l,0.013173404061835101,0.5912797965184524,1.631567487522484,2.759383116300282,equilibrium,3
nextgen_prospective__nextgen_prospective_016__cluster_3water__orientation,nextgen_prospective_016,mace_polar_l,0.005991114985020332,0.4916826849673357,1.5910509421155208,3.2359303891720734,orientation,3
nextgen_prospective__nextgen_prospective_017__cluster_3water__compressed,nextgen_prospective_017,mace_polar_l,0.00037030561430312776,0.6217453645524965,1.7006352654664632,2.735260063724804,compressed,3
nextgen_prospective__nextgen_prospective_017__cluster_3water__cooperative,nextgen_prospective_017,mace_polar_l,0.0026283501214395704,0.6414161258669652,1.7115501491357996,2.6683927642486323,cooperative,3
nextgen_prospective__nextgen_prospective_017__cluster_3water__equilibrium,nextgen_prospective_017,mace_polar_l,0.003613710917961629,0.4940435881357191,1.5849209654181,3.208058971879026,equilibrium,3
nextgen_prospective__nextgen_prospective_017__cluster_3water__orientation,nextgen_prospective_017,mace_polar_l,0.002425842494138789,0.8280429834683244,2.3055451727046776,2.7843303049893824,orientation,3
nextgen_prospective__nextgen_prospective_018__cluster_3water__compressed,nextgen_prospective_018,mace_polar_l,0.002269316903909836,0.4930222477954423,2.5668889681156144,5.2064363821176505,compressed,3
nextgen_prospective__nextgen_prospective_018__cluster_3water__cooperative,nextgen_prospective_018,mace_polar_l,0.00216484566147674,0.49179975949863064,1.2939364821044947,2.631023007053946,cooperative,3
nextgen_prospective__nextgen_prospective_018__cluster_3water__equilibrium,nextgen_prospective_018,mace_polar_l,0.008438542002144243,0.3969442503368719,1.7378768565055647,4.378138378451616,equilibrium,3
nextgen_prospective__nextgen_prospective_018__cluster_3water__orientation,nextgen_prospective_018,mace_polar_l,0.009434052453571833,0.37078230331946216,1.5715244377776825,4.2384019509789645,orientation,3
nextgen_prospective__nextgen_prospective_019__cluster_3water__compressed,nextgen_prospective_019,mace_polar_l,0.010083688932874984,0.46755838754291734,2.459562645094304,5.260439574230801,compressed,3
nextgen_prospective__nextgen_prospective_019__cluster_3water__cooperative,nextgen_prospective_019,mace_polar_l,0.004920825308875832,0.8322193900525952,1.9954974739961748,2.3978021875578532,cooperative,3
nextgen_prospective__nextgen_prospective_019__cluster_3water__equilibrium,nextgen_prospective_019,mace_polar_l,0.0032541441532676057,0.4615841929120722,2.1877394035782136,4.739632416301047,equilibrium,3
nextgen_prospective__nextgen_prospective_019__cluster_3water__orientation,nextgen_prospective_019,mace_polar_l,0.0023075515981589687,0.366643464630444,1.798858832476358,4.906289095564561,orientation,3
nextgen_prospective__nextgen_prospective_020__cluster_3water__compressed,nextgen_prospective_020,mace_polar_l,0.0012123664241885997,0.5443477112859667,1.1673888359129507,2.144564607712067,compressed,3
nextgen_prospective__nextgen_prospective_020__cluster_3water__cooperative,nextgen_prospective_020,mace_polar_l,0.007387092351813389,0.6419380798358332,1.684927553098906,2.624750900475951,cooperative,3
nextgen_prospective__nextgen_prospective_020__cluster_3water__equilibrium,nextgen_prospective_020,mace_polar_l,0.0013477286880546528,0.6054101342836427,1.1135905153053314,1.8393985370314259,equilibrium,3
nextgen_prospective__nextgen_prospective_020__cluster_3water__orientation,nextgen_prospective_020,mace_polar_l,0.004489321069150073,0.5653145873643212,1.2298716251436408,2.175552608464782,orientation,3
nextgen_prospective__nextgen_prospective_021__cluster_3water__compressed,nextgen_prospective_021,mace_polar_l,0.0029742659486208935,0.5706210152160274,1.9355175005261502,3.3919492078177256,compressed,3
nextgen_prospective__nextgen_prospective_021__cluster_3water__cooperative,nextgen_prospective_021,mace_polar_l,0.002814954664047275,0.7015859292266323,1.592167584674371,2.2693835756219327,cooperative,3
nextgen_prospective__nextgen_prospective_021__cluster_3water__equilibrium,nextgen_prospective_021,mace_polar_l,0.003101767155035108,0.3953313558299968,1.8128914536592375,4.585751741986361,equilibrium,3
nextgen_prospective__nextgen_prospective_021__cluster_3water__orientation,nextgen_prospective_021,mace_polar_l,0.010033388243028088,0.6721710917398653,1.6383004193964017,2.437326507386359,orientation,3
nextgen_prospective__nextgen_prospective_022__cluster_3water__compressed,nextgen_prospective_022,mace_polar_l,0.018779171446220832,0.885229624786281,2.9712069551837224,3.356425126306696,compressed,3
nextgen_prospective__nextgen_prospective_022__cluster_3water__cooperative,nextgen_prospective_022,mace_polar_l,0.006822422530890233,0.5573344965822163,1.6314966095240901,2.927320342682963,cooperative,3
nextgen_prospective__nextgen_prospective_022__cluster_3water__equilibrium,nextgen_prospective_022,mace_polar_l,0.009282468496719947,0.9438645904079066,2.0262978104218163,2.1468098613023696,equilibrium,3
nextgen_prospective__nextgen_prospective_022__cluster_3water__orientation,nextgen_prospective_022,mace_polar_l,0.005965815502197768,0.7017881102189263,2.28440259187021,3.255117262043068,orientation,3
nextgen_prospective__nextgen_prospective_023__cluster_3water__compressed,nextgen_prospective_023,mace_polar_l,0.0005130242532365123,0.46697296980974223,1.1871546697266915,2.5422342329800616,compressed,3
nextgen_prospective__nextgen_prospective_023__cluster_3water__cooperative,nextgen_prospective_023,mace_polar_l,0.0014364815901397243,0.39963629944983603,1.0666826643889544,2.6691335743460134,cooperative,3
nextgen_prospective__nextgen_prospective_023__cluster_3water__equilibrium,nextgen_prospective_023,mace_polar_l,0.002367842484360881,0.7598567357631304,1.0910222644553509,1.435826272382291,equilibrium,3
nextgen_prospective__nextgen_prospective_023__cluster_3water__orientation,nextgen_prospective_023,mace_polar_l,0.004980115757756215,0.6461505714045593,1.2072813242059497,1.8684210424539927,orientation,3
nextgen_prospective__nextgen_prospective_024__cluster_3water__compressed,nextgen_prospective_024,mace_polar_l,0.0018624979170966532,0.3955328829472605,1.260911058558406,3.1878792204655535,compressed,3
nextgen_prospective__nextgen_prospective_024__cluster_3water__cooperative,nextgen_prospective_024,mace_polar_l,0.0008381870538794698,0.5422343643296473,1.7448046044918615,3.2178052872929324,cooperative,3
nextgen_prospective__nextgen_prospective_024__cluster_3water__equilibrium,nextgen_prospective_024,mace_polar_l,0.017984326238226437,0.4764824802881673,3.097127455165977,6.499981811068677,equilibrium,3
nextgen_prospective__nextgen_prospective_024__cluster_3water__orientation,nextgen_prospective_024,mace_polar_l,0.015962674342460337,0.46323743433316195,2.951329237854229,6.371093998702236,orientation,3
nextgen_prospective__nextgen_prospective_001__cluster_3water__compressed,nextgen_prospective_001,mace_polar_m,0.034885112757694174,0.4602981758899719,1.6414059086753057,3.565962227640158,compressed,3
nextgen_prospective__nextgen_prospective_001__cluster_3water__cooperative,nextgen_prospective_001,mace_polar_m,0.003569403546410686,0.3963604655343279,1.2762455533538668,3.219911329030704,cooperative,3
nextgen_prospective__nextgen_prospective_001__cluster_3water__equilibrium,nextgen_prospective_001,mace_polar_m,0.00923660140682766,0.5174576512748877,2.0153107912846373,3.894639080742955,equilibrium,3
nextgen_prospective__nextgen_prospective_001__cluster_3water__orientation,nextgen_prospective_001,mace_polar_m,0.02644920539294569,0.5654898105438856,1.2401653943348239,2.1930817694876557,orientation,3
nextgen_prospective__nextgen_prospective_002__cluster_3water__compressed,nextgen_prospective_002,mace_polar_m,0.01110876070540394,0.7049840921710245,2.2641882311820725,3.2116869817720586,compressed,3
nextgen_prospective__nextgen_prospective_002__cluster_3water__cooperative,nextgen_prospective_002,mace_polar_m,0.004302455191280854,0.6443177267309657,1.8150627916653834,2.817030661059651,cooperative,3
nextgen_prospective__nextgen_prospective_002__cluster_3water__equilibrium,nextgen_prospective_002,mace_polar_m,0.09908000747306818,0.5021790975099493,1.9642111673724232,3.9113757962287714,equilibrium,3
nextgen_prospective__nextgen_prospective_002__cluster_3water__orientation,nextgen_prospective_002,mace_polar_m,0.12428525489734236,0.7205372672205513,1.9392402232075283,2.6913808784493316,orientation,3
nextgen_prospective__nextgen_prospective_003__cluster_3water__compressed,nextgen_prospective_003,mace_polar_m,0.16322573936983123,1.617837254520632,3.303483370405892,2.041913277231782,compressed,3
nextgen_prospective__nextgen_prospective_003__cluster_3water__cooperative,nextgen_prospective_003,mace_polar_m,0.007358499050487373,0.6643250221508913,1.9695474241168336,2.964734668189995,cooperative,3
nextgen_prospective__nextgen_prospective_003__cluster_3water__equilibrium,nextgen_prospective_003,mace_polar_m,0.0204502741341148,0.4252839399935007,1.4044676984332112,3.302423548969835,equilibrium,3
nextgen_prospective__nextgen_prospective_003__cluster_3water__orientation,nextgen_prospective_003,mace_polar_m,0.06500819492948064,0.6238267546219123,2.176128216181626,3.4883534572038832,orientation,3
nextgen_prospective__nextgen_prospective_004__cluster_3water__compressed,nextgen_prospective_004,mace_polar_m,0.08557606715913808,0.8476019675509479,4.456474511121971,5.257744415103779,compressed,3
nextgen_prospective__nextgen_prospective_004__cluster_3water__cooperative,nextgen_prospective_004,mace_polar_m,0.13637744502881027,1.001122591227377,7.437682296423319,7.429342182064553,cooperative,3
nextgen_prospective__nextgen_prospective_004__cluster_3water__equilibrium,nextgen_prospective_004,mace_polar_m,0.18765028516003143,0.6855014999446954,4.621303844805782,6.741493410559447,equilibrium,3
nextgen_prospective__nextgen_prospective_004__cluster_3water__orientation,nextgen_prospective_004,mace_polar_m,0.10743595088119806,0.8790486768801092,13.732113334688442,15.621561917851933,orientation,3
nextgen_prospective__nextgen_prospective_005__cluster_3water__compressed,nextgen_prospective_005,mace_polar_m,0.002738613485037088,0.4879221348674597,1.5258028933369516,3.127144239421366,compressed,3
nextgen_prospective__nextgen_prospective_005__cluster_3water__cooperative,nextgen_prospective_005,mace_polar_m,0.002715110132067431,0.4922911929166557,1.0734699005888888,2.1805588156654796,cooperative,3
nextgen_prospective__nextgen_prospective_005__cluster_3water__equilibrium,nextgen_prospective_005,mace_polar_m,0.0007796802305672538,0.5300546033749324,1.1357414549239122,2.142687654616121,equilibrium,3
nextgen_prospective__nextgen_prospective_005__cluster_3water__orientation,nextgen_prospective_005,mace_polar_m,0.004804775051977259,0.9799790874253945,1.7265836747387908,1.7618576731824749,orientation,3
nextgen_prospective__nextgen_prospective_006__cluster_3water__compressed,nextgen_prospective_006,mace_polar_m,0.001714363605884132,0.7205143641451981,1.61573033856611,2.242467907607888,compressed,3
nextgen_prospective__nextgen_prospective_006__cluster_3water__cooperative,nextgen_prospective_006,mace_polar_m,0.0014157625255314399,0.4881978952718027,1.6009439208054868,3.279292959495793,cooperative,3
nextgen_prospective__nextgen_prospective_006__cluster_3water__equilibrium,nextgen_prospective_006,mace_polar_m,0.0016321794200272997,0.5542227146664656,1.4533274857749612,2.6222806235027414,equilibrium,3
nextgen_prospective__nextgen_prospective_006__cluster_3water__orientation,nextgen_prospective_006,mace_polar_m,0.009090547671497329,0.7557464377015201,1.395449121450363,1.8464514708059951,orientation,3
nextgen_prospective__nextgen_prospective_007__cluster_3water__compressed,nextgen_prospective_007,mace_polar_m,0.004809041520350929,0.7630695469321496,1.5107097266766232,1.9797798677070677,compressed,3
nextgen_prospective__nextgen_prospective_007__cluster_3water__cooperative,nextgen_prospective_007,mace_polar_m,0.002839299568002498,0.6621957329060517,1.4714809290745803,2.222123846399573,cooperative,3
nextgen_prospective__nextgen_prospective_007__cluster_3water__equilibrium,nextgen_prospective_007,mace_polar_m,0.002973090000204225,0.6103768001173774,1.6098305793046177,2.6374373649113827,equilibrium,3
nextgen_prospective__nextgen_prospective_007__cluster_3water__orientation,nextgen_prospective_007,mace_polar_m,0.0046927985776455275,0.8115626077037275,1.676449195516045,2.0657053190997394,orientation,3
nextgen_prospective__nextgen_prospective_008__cluster_3water__compressed,nextgen_prospective_008,mace_polar_m,0.0007405634131616556,0.40949719557222386,2.426521122455094,5.925611087676237,compressed,3
nextgen_prospective__nextgen_prospective_008__cluster_3water__cooperative,nextgen_prospective_008,mace_polar_m,0.0008766147914003689,0.7213291959389748,1.4277079480848487,1.9792737575613597,cooperative,3
nextgen_prospective__nextgen_prospective_008__cluster_3water__equilibrium,nextgen_prospective_008,mace_polar_m,0.002467474762341132,0.5305501456700239,1.604199766546034,3.0236534277454843,equilibrium,3
nextgen_prospective__nextgen_prospective_008__cluster_3water__orientation,nextgen_prospective_008,mace_polar_m,0.003111205688123101,0.5768415184733445,1.848015139161323,3.2036791388599024,orientation,3
nextgen_prospective__nextgen_prospective_009__cluster_3water__compressed,nextgen_prospective_009,mace_polar_m,0.006693396091918757,0.7647725372084705,2.106291456440464,2.7541410732774607,compressed,3
nextgen_prospective__nextgen_prospective_009__cluster_3water__cooperative,nextgen_prospective_009,mace_polar_m,0.0037897913027402723,0.7950287534371234,1.7757256647652586,2.2335364061844536,cooperative,3
nextgen_prospective__nextgen_prospective_009__cluster_3water__equilibrium,nextgen_prospective_009,mace_polar_m,0.00923606063570686,0.5271086806551504,1.9590950284110418,3.7166813985610263,equilibrium,3
nextgen_prospective__nextgen_prospective_009__cluster_3water__orientation,nextgen_prospective_009,mace_polar_m,0.006764979852409414,0.6498838417579418,2.490224036821726,3.8317986643361484,orientation,3
nextgen_prospective__nextgen_prospective_010__cluster_3water__compressed,nextgen_prospective_010,mace_polar_m,0.0009897753544288437,0.5633495505862602,2.2829895738920816,4.052527549753515,compressed,3
nextgen_prospective__nextgen_prospective_010__cluster_3water__cooperative,nextgen_prospective_010,mace_polar_m,0.0019880698909535816,0.6766963116117604,2.1170042007180494,3.1284405787224596,cooperative,3
nextgen_prospective__nextgen_prospective_010__cluster_3water__equilibrium,nextgen_prospective_010,mace_polar_m,0.004602406193920089,0.6207268977483927,1.844199682821889,2.971032332433937,equilibrium,3
nextgen_prospective__nextgen_prospective_010__cluster_3water__orientation,nextgen_prospective_010,mace_polar_m,0.014158004987994825,0.49279762601231464,1.91610052711565,3.8882097355472407,orientation,3
nextgen_prospective__nextgen_prospective_011__cluster_3water__compressed,nextgen_prospective_011,mace_polar_m,0.002428111201846151,0.673825945516004,1.4077096509305462,2.089129485586292,compressed,3
nextgen_prospective__nextgen_prospective_011__cluster_3water__cooperative,nextgen_prospective_011,mace_polar_m,0.0031058227588939055,0.6763760578736846,1.502949320090318,2.222061680916267,cooperative,3
nextgen_prospective__nextgen_prospective_011__cluster_3water__equilibrium,nextgen_prospective_011,mace_polar_m,0.0036298657885529234,0.42873112083084636,1.5963402192434677,3.723406446795579,equilibrium,3
nextgen_prospective__nextgen_prospective_011__cluster_3water__orientation,nextgen_prospective_011,mace_polar_m,0.004532257768375929,0.3733606594690311,1.8043687171293201,4.8327767571853295,orientation,3
nextgen_prospective__nextgen_prospective_012__cluster_3water__compressed,nextgen_prospective_012,mace_polar_m,0.0014743008892295058,0.49936293364388484,1.1545353912042173,2.31201659838766,compressed,3
nextgen_prospective__nextgen_prospective_012__cluster_3water__cooperative,nextgen_prospective_012,mace_polar_m,0.0016241311806261198,0.7108869021638352,1.3872487942179539,1.9514338919388903,cooperative,3
nextgen_prospective__nextgen_prospective_012__cluster_3water__equilibrium,nextgen_prospective_012,mace_polar_m,0.003528377369061544,0.833949713814653,1.47479981979745,1.7684517367976782,equilibrium,3
nextgen_prospective__nextgen_prospective_012__cluster_3water__orientation,nextgen_prospective_012,mace_polar_m,0.0016340559447721996,0.5805094152683661,1.3245277393520007,2.2816645251820407,orientation,3
nextgen_prospective__nextgen_prospective_013__cluster_3water__compressed,nextgen_prospective_013,mace_polar_m,0.0037494624559227005,0.6821955178771869,1.74945099419802,2.564442228588443,compressed,3
nextgen_prospective__nextgen_prospective_013__cluster_3water__cooperative,nextgen_prospective_013,mace_polar_m,0.00443961592984956,0.7152643508037811,1.3032485326729844,1.8220515690575851,cooperative,3
nextgen_prospective__nextgen_prospective_013__cluster_3water__equilibrium,nextgen_prospective_013,mace_polar_m,0.010582809409639784,0.7162405521628913,1.4084005256930103,1.9663792024061555,equilibrium,3
nextgen_prospective__nextgen_prospective_013__cluster_3water__orientation,nextgen_prospective_013,mace_polar_m,0.009293791789630317,0.8768085351334355,1.3526952399999101,1.542748713998379,orientation,3
nextgen_prospective__nextgen_prospective_014__cluster_3water__compressed,nextgen_prospective_014,mace_polar_m,0.026810370714161317,0.8007336685408591,1.4984163090549083,1.8713042400045505,compressed,3
nextgen_prospective__nextgen_prospective_014__cluster_3water__cooperative,nextgen_prospective_014,mace_polar_m,0.018769591218308193,0.745766940423572,1.3648783701067992,1.8301674372044323,cooperative,3
nextgen_prospective__nextgen_prospective_014__cluster_3water__equilibrium,nextgen_prospective_014,mace_polar_m,0.004303875953807039,0.6890918731071296,1.5464371030835478,2.244166798993914,equilibrium,3
nextgen_prospective__nextgen_prospective_014__cluster_3water__orientation,nextgen_prospective_014,mace_polar_m,0.0013253017619093753,0.5329818490635077,1.1318750204745642,2.1236652288691635,orientation,3
nextgen_prospective__nextgen_prospective_015__cluster_3water__compressed,nextgen_prospective_015,mace_polar_m,0.017745288439915238,0.7645240451682754,2.3421782744442994,3.06357699178549,compressed,3
nextgen_prospective__nextgen_prospective_015__cluster_3water__cooperative,nextgen_prospective_015,mace_polar_m,0.01768941084349359,0.7036221816348908,1.7510649291940235,2.4886437279810636,cooperative,3
nextgen_prospective__nextgen_prospective_015__cluster_3water__equilibrium,nextgen_prospective_015,mace_polar_m,0.00850645849839944,0.47969507908625786,2.104076211107252,4.386278498239298,equilibrium,3
nextgen_prospective__nextgen_prospective_015__cluster_3water__orientation,nextgen_prospective_015,mace_polar_m,0.02496548673443608,0.6520528546796,2.2508803625306544,3.451990657470048,orientation,3
nextgen_prospective__nextgen_prospective_016__cluster_3water__compressed,nextgen_prospective_016,mace_polar_m,0.014346389439231987,0.680746946047072,1.32010377915046,1.9391989737390287,compressed,3
nextgen_prospective__nextgen_prospective_016__cluster_3water__cooperative,nextgen_prospective_016,mace_polar_m,0.004261080284124292,0.49210665620454325,1.3597824631007236,2.7631864880436248,cooperative,3
nextgen_prospective__nextgen_prospective_016__cluster_3water__equilibrium,nextgen_prospective_016,mace_polar_m,0.003908977686146384,0.6696326722422281,1.847773089908245,2.759383116300282,equilibrium,3
nextgen_prospective__nextgen_prospective_016__cluster_3water__orientation,nextgen_prospective_016,mace_polar_m,0.0065850886259495684,0.4807210019500352,1.5555796989233668,3.2359303891720734,orientation,3
nextgen_prospective__nextgen_prospective_017__cluster_3water__compressed,nextgen_prospective_017,mace_polar_m,0.00024296627749384415,0.8621938747569269,2.3583244728107675,2.735260063724804,compressed,3
nextgen_prospective__nextgen_prospective_017__cluster_3water__cooperative,nextgen_prospective_017,mace_polar_m,0.00037961764223625106,0.6095180161159406,1.626433463882957,2.6683927642486323,cooperative,3
nextgen_prospective__nextgen_prospective_017__cluster_3water__equilibrium,nextgen_prospective_017,mace_polar_m,0.0026681527098473823,0.5708743512761216,1.8313985844269804,3.208058971879026,equilibrium,3
nextgen_prospective__nextgen_prospective_017__cluster_3water__orientation,nextgen_prospective_017,mace_polar_m,0.014820608312197378,0.7814001073301343,2.1756759991612493,2.7843303049893824,orientation,3
nextgen_prospective__nextgen_prospective_018__cluster_3water__compressed,nextgen_prospective_018,mace_polar_m,0.001065260825780721,0.3697166920162165,1.9249064363894155,5.2064363821176505,compressed,3
nextgen_prospective__nextgen_prospective_018__cluster_3water__cooperative,nextgen_prospective_018,mace_polar_m,0.002370929635827424,0.6392388045500793,1.6818520017729193,2.631023007053946,cooperative,3
nextgen_prospective__nextgen_prospective_018__cluster_3water__equilibrium,nextgen_prospective_018,mace_polar_m,0.004134448715878724,0.4540373230360915,1.9878382292337462,4.378138378451616,equilibrium,3
nextgen_prospective__nextgen_prospective_018__cluster_3water__orientation,nextgen_prospective_018,mace_polar_m,0.008828337016883335,0.4637971721437516,1.9657588392726033,4.2384019509789645,orientation,3
nextgen_prospective__nextgen_prospective_019__cluster_3water__compressed,nextgen_prospective_019,mace_polar_m,0.0343735174696401,0.6017161719426252,3.1652915633416505,5.260439574230801,compressed,3
nextgen_prospective__nextgen_prospective_019__cluster_3water__cooperative,nextgen_prospective_019,mace_polar_m,0.02061901897339538,1.12412821217063,2.6954370862382344,2.3978021875578532,cooperative,3
nextgen_prospective__nextgen_prospective_019__cluster_3water__equilibrium,nextgen_prospective_019,mace_polar_m,0.0032089728670998893,0.5150443397885371,2.4411208486941223,4.739632416301047,equilibrium,3
nextgen_prospective__nextgen_prospective_019__cluster_3water__orientation,nextgen_prospective_019,mace_polar_m,0.0017795577765396117,0.39504724544963743,1.9382159925823728,4.906289095564561,orientation,3
nextgen_prospective__nextgen_prospective_020__cluster_3water__compressed,nextgen_prospective_020,mace_polar_m,0.020508856049076967,0.7964173102951007,1.707968376628112,2.144564607712067,compressed,3
nextgen_prospective__nextgen_prospective_020__cluster_3water__cooperative,nextgen_prospective_020,mace_polar_m,0.040887645479676056,0.8948051153961099,2.3486405323864266,2.624750900475951,cooperative,3
nextgen_prospective__nextgen_prospective_020__cluster_3water__equilibrium,nextgen_prospective_020,mace_polar_m,0.004999505135425944,0.7416309081586693,1.3641548074843441,1.8393985370314259,equilibrium,3
nextgen_prospective__nextgen_prospective_020__cluster_3water__orientation,nextgen_prospective_020,mace_polar_m,0.002357477261745364,0.6510578515293447,1.4164106071561424,2.175552608464782,orientation,3
nextgen_prospective__nextgen_prospective_021__cluster_3water__compressed,nextgen_prospective_021,mace_polar_m,0.012309554366504145,0.8378644426306138,2.8419936324395505,3.3919492078177256,compressed,3
nextgen_prospective__nextgen_prospective_021__cluster_3water__cooperative,nextgen_prospective_021,mace_polar_m,0.015146230945775803,0.8767404207467481,1.9896603109265327,2.2693835756219327,cooperative,3
nextgen_prospective__nextgen_prospective_021__cluster_3water__equilibrium,nextgen_prospective_021,mace_polar_m,0.020826838911119513,0.4779027574579829,2.1915434025130307,4.585751741986361,equilibrium,3
nextgen_prospective__nextgen_prospective_021__cluster_3water__orientation,nextgen_prospective_021,mace_polar_m,0.005811665869529178,0.6906393626143892,1.68331362554447,2.437326507386359,orientation,3
nextgen_prospective__nextgen_prospective_022__cluster_3water__compressed,nextgen_prospective_022,mace_polar_m,0.04202724064411601,0.9490635448587156,3.185460728425495,3.356425126306696,compressed,3
nextgen_prospective__nextgen_prospective_022__cluster_3water__cooperative,nextgen_prospective_022,mace_polar_m,0.015379903904914873,0.7662033565742891,2.242922672331884,2.927320342682963,cooperative,3
nextgen_prospective__nextgen_prospective_022__cluster_3water__equilibrium,nextgen_prospective_022,mace_polar_m,0.01012222673958642,1.0865954506393276,2.332713828678801,2.1468098613023696,equilibrium,3
nextgen_prospective__nextgen_prospective_022__cluster_3water__orientation,nextgen_prospective_022,mace_polar_m,0.00416340503116412,0.8621130751304199,2.806279152690062,3.255117262043068,orientation,3
nextgen_prospective__nextgen_prospective_023__cluster_3water__compressed,nextgen_prospective_023,mace_polar_m,0.003341457501268037,0.6877605888581853,1.748448513089804,2.5422342329800616,compressed,3
nextgen_prospective__nextgen_prospective_023__cluster_3water__cooperative,nextgen_prospective_023,mace_polar_m,0.0053427843549627525,0.6002142551505191,1.6020520202233348,2.6691335743460134,cooperative,3
nextgen_prospective__nextgen_prospective_023__cluster_3water__equilibrium,nextgen_prospective_023,mace_polar_m,0.0027140039670698808,0.9320767433905573,1.338300276036689,1.435826272382291,equilibrium,3
nextgen_prospective__nextgen_prospective_023__cluster_3water__orientation,nextgen_prospective_023,mace_polar_m,0.006081410685262118,0.7201031064283853,1.345455796787282,1.8684210424539927,orientation,3
nextgen_prospective__nextgen_prospective_024__cluster_3water__compressed,nextgen_prospective_024,mace_polar_m,0.0017183624024807948,0.4980216432347951,1.5876328478103126,3.1878792204655535,compressed,3
nextgen_prospective__nextgen_prospective_024__cluster_3water__cooperative,nextgen_prospective_024,mace_polar_m,0.001610129600442765,0.5141878576917989,1.654556407142496,3.2178052872929324,cooperative,3
nextgen_prospective__nextgen_prospective_024__cluster_3water__equilibrium,nextgen_prospective_024,mace_polar_m,0.03418221357945211,0.5227664498147547,3.3979724152328514,6.499981811068677,equilibrium,3
nextgen_prospective__nextgen_prospective_024__cluster_3water__orientation,nextgen_prospective_024,mace_polar_m,0.03431035258162748,0.4930089869047817,3.1410065977753234,6.371093998702236,orientation,3
nextgen_prospective__nextgen_prospective_001__cluster_3water__compressed,nextgen_prospective_001,mace_polar_s,0.07747277950562013,0.9682643224238976,3.4527940001352104,3.565962227640158,compressed,3
nextgen_prospective__nextgen_prospective_001__cluster_3water__cooperative,nextgen_prospective_001,mace_polar_s,0.013131723881002255,0.4194371610494209,1.3505504666795065,3.219911329030704,cooperative,3
nextgen_prospective__nextgen_prospective_001__cluster_3water__equilibrium,nextgen_prospective_001,mace_polar_s,0.03377710052712803,0.633308709188408,2.4665088489800486,3.894639080742955,equilibrium,3
nextgen_prospective__nextgen_prospective_001__cluster_3water__orientation,nextgen_prospective_001,mace_polar_s,0.038517745033543514,0.9309410020943546,2.0416297401616985,2.1930817694876557,orientation,3
nextgen_prospective__nextgen_prospective_002__cluster_3water__compressed,nextgen_prospective_002,mace_polar_s,0.022260100071674675,0.6837589929107756,2.1960198562011115,3.2116869817720586,compressed,3
nextgen_prospective__nextgen_prospective_002__cluster_3water__cooperative,nextgen_prospective_002,mace_polar_s,0.0021325789123839128,0.7404521893650174,2.0858765204900007,2.817030661059651,cooperative,3
nextgen_prospective__nextgen_prospective_002__cluster_3water__equilibrium,nextgen_prospective_002,mace_polar_s,0.2175639306778172,0.928095232601605,3.6301292293932286,3.9113757962287714,equilibrium,3
nextgen_prospective__nextgen_prospective_002__cluster_3water__orientation,nextgen_prospective_002,mace_polar_s,0.11445140131875402,0.9448994884316918,2.5430844152216108,2.6913808784493316,orientation,3
nextgen_prospective__nextgen_prospective_003__cluster_3water__compressed,nextgen_prospective_003,mace_polar_s,0.34810980364235505,1.9287636144797613,3.938368033047786,2.041913277231782,compressed,3
nextgen_prospective__nextgen_prospective_003__cluster_3water__cooperative,nextgen_prospective_003,mace_polar_s,0.005341675792638948,0.807448706761519,2.3938711737210525,2.964734668189995,cooperative,3
nextgen_prospective__nextgen_prospective_003__cluster_3water__equilibrium,nextgen_prospective_003,mace_polar_s,0.025913989453101405,0.6474524136886873,2.138162097802881,3.302423548969835,equilibrium,3
nextgen_prospective__nextgen_prospective_003__cluster_3water__orientation,nextgen_prospective_003,mace_polar_s,0.01622859989809737,0.4893608977279678,1.7070637794097525,3.4883534572038832,orientation,3
nextgen_prospective__nextgen_prospective_004__cluster_3water__compressed,nextgen_prospective_004,mace_polar_s,0.10562489953334821,0.7818903450206766,4.110979594756029,5.257744415103779,compressed,3
nextgen_prospective__nextgen_prospective_004__cluster_3water__cooperative,nextgen_prospective_004,mace_polar_s,0.11765426365513076,1.0052835373308233,7.468595388826951,7.429342182064553,cooperative,3
nextgen_prospective__nextgen_prospective_004__cluster_3water__equilibrium,nextgen_prospective_004,mace_polar_s,0.0846567773332396,0.7230836562960004,4.874663704202718,6.741493410559447,equilibrium,3
nextgen_prospective__nextgen_prospective_004__cluster_3water__orientation,nextgen_prospective_004,mace_polar_s,0.2420909523377084,0.8692540445413819,13.579105879146418,15.621561917851933,orientation,3
nextgen_prospective__nextgen_prospective_005__cluster_3water__compressed,nextgen_prospective_005,mace_polar_s,0.06174077116500612,0.49622862439650345,1.5517784842175144,3.127144239421366,compressed,3
nextgen_prospective__nextgen_prospective_005__cluster_3water__cooperative,nextgen_prospective_005,mace_polar_s,0.06702045313137021,0.7715825835869382,1.682481204654445,2.1805588156654796,cooperative,3
nextgen_prospective__nextgen_prospective_005__cluster_3water__equilibrium,nextgen_prospective_005,mace_polar_s,0.025735821696132716,0.5659883086911832,1.2127361616896561,2.142687654616121,equilibrium,3
nextgen_prospective__nextgen_prospective_005__cluster_3water__orientation,nextgen_prospective_005,mace_polar_s,0.0057689548324472975,0.8086776259489086,1.4247748804090719,1.7618576731824749,orientation,3
nextgen_prospective__nextgen_prospective_006__cluster_3water__compressed,nextgen_prospective_006,mace_polar_s,0.002520824135472598,0.6937072900071504,1.5556163351146726,2.242467907607888,compressed,3
nextgen_prospective__nextgen_prospective_006__cluster_3water__cooperative,nextgen_prospective_006,mace_polar_s,0.03694132668858473,0.5037074591085655,1.6518043243002338,3.279292959495793,cooperative,3
nextgen_prospective__nextgen_prospective_006__cluster_3water__equilibrium,nextgen_prospective_006,mace_polar_s,0.028929499689492582,0.6280833101941378,1.6470106942675495,2.6222806235027414,equilibrium,3
nextgen_prospective__nextgen_prospective_006__cluster_3water__orientation,nextgen_prospective_006,mace_polar_s,0.009342568189830668,0.6741549466016284,1.2447943927037142,1.8464514708059951,orientation,3
nextgen_prospective__nextgen_prospective_007__cluster_3water__compressed,nextgen_prospective_007,mace_polar_s,0.010891610278828396,0.5304659924240213,1.0502058923043274,1.9797798677070677,compressed,3
nextgen_prospective__nextgen_prospective_007__cluster_3water__cooperative,nextgen_prospective_007,mace_polar_s,0.0347934970137496,0.7601402179719304,1.6891257049627961,2.222123846399573,cooperative,3
nextgen_prospective__nextgen_prospective_007__cluster_3water__equilibrium,nextgen_prospective_007,mace_polar_s,0.018338710511804676,0.7417001071458886,1.9561875761453427,2.6374373649113827,equilibrium,3
nextgen_prospective__nextgen_prospective_007__cluster_3water__orientation,nextgen_prospective_007,mace_polar_s,0.01882348507402457,0.839947734536901,1.7350845029986524,2.0657053190997394,orientation,3
nextgen_prospective__nextgen_prospective_008__cluster_3water__compressed,nextgen_prospective_008,mace_polar_s,0.007371047073276096,0.3451571303904198,2.045266918831984,5.925611087676237,compressed,3
nextgen_prospective__nextgen_prospective_008__cluster_3water__cooperative,nextgen_prospective_008,mace_polar_s,0.015166082913058312,0.86621326925118,1.7144731922802925,1.9792737575613597,cooperative,3
nextgen_prospective__nextgen_prospective_008__cluster_3water__equilibrium,nextgen_prospective_008,mace_polar_s,0.006954757039726515,0.8270537426340046,2.5007238838450396,3.0236534277454843,equilibrium,3
nextgen_prospective__nextgen_prospective_008__cluster_3water__orientation,nextgen_prospective_008,mace_polar_s,0.027903664920979884,0.96259664418076,3.0838507880984487,3.2036791388599024,orientation,3
nextgen_prospective__nextgen_prospective_009__cluster_3water__compressed,nextgen_prospective_009,mace_polar_s,0.032228799115809934,0.5889179855808824,1.6219632128801316,2.7541410732774607,compressed,3
nextgen_prospective__nextgen_prospective_009__cluster_3water__cooperative,nextgen_prospective_009,mace_polar_s,0.004586611483537707,0.5334181020377188,1.1914087506190583,2.2335364061844536,cooperative,3
nextgen_prospective__nextgen_prospective_009__cluster_3water__equilibrium,nextgen_prospective_009,mace_polar_s,0.016869209068422444,0.7932423586321267,2.9482291188786998,3.7166813985610263,equilibrium,3
nextgen_prospective__nextgen_prospective_009__cluster_3water__orientation,nextgen_prospective_009,mace_polar_s,0.07897431560867878,0.8543297221985702,3.2736194884231535,3.8317986643361484,orientation,3
nextgen_prospective__nextgen_prospective_010__cluster_3water__compressed,nextgen_prospective_010,mace_polar_s,0.0031220606171343517,0.38574226508848863,1.563231156375424,4.052527549753515,compressed,3
nextgen_prospective__nextgen_prospective_010__cluster_3water__cooperative,nextgen_prospective_010,mace_polar_s,0.009315382507799392,0.705441542739782,2.2069319482237084,3.1284405787224596,cooperative,3
nextgen_prospective__nextgen_prospective_010__cluster_3water__equilibrium,nextgen_prospective_010,mace_polar_s,0.007848528034985541,0.6146722985937609,1.826211272973551,2.971032332433937,equilibrium,3
nextgen_prospective__nextgen_prospective_010__cluster_3water__orientation,nextgen_prospective_010,mace_polar_s,0.04793779346848425,0.6415308171702845,2.4944063689750773,3.8882097355472407,orientation,3
nextgen_prospective__nextgen_prospective_011__cluster_3water__compressed,nextgen_prospective_011,mace_polar_s,9.408539179174624e-05,0.45114488402953384,0.9425000794975072,2.089129485586292,compressed,3
nextgen_prospective__nextgen_prospective_011__cluster_3water__cooperative,nextgen_prospective_011,mace_polar_s,0.001610638062408531,0.56766341870213,1.2613831303559295,2.222061680916267,cooperative,3
nextgen_prospective__nextgen_prospective_011__cluster_3water__equilibrium,nextgen_prospective_011,mace_polar_s,0.040602770363387365,0.6375497898704832,2.3738569977569237,3.723406446795579,equilibrium,3
nextgen_prospective__nextgen_prospective_011__cluster_3water__orientation,nextgen_prospective_011,mace_polar_s,0.0006146164483355847,0.41627434174803496,2.011760963412526,4.8327767571853295,orientation,3
nextgen_prospective__nextgen_prospective_012__cluster_3water__compressed,nextgen_prospective_012,mace_polar_s,0.009940284235805863,0.327687705314039,0.7576194137736224,2.31201659838766,compressed,3
nextgen_prospective__nextgen_prospective_012__cluster_3water__cooperative,nextgen_prospective_012,mace_polar_s,0.0005137314680534072,0.697422458851685,1.3609738232025341,1.9514338919388903,cooperative,3
nextgen_prospective__nextgen_prospective_012__cluster_3water__equilibrium,nextgen_prospective_012,mace_polar_s,0.0036167738187468375,0.7806210432301641,1.3804906396811993,1.7684517367976782,equilibrium,3
nextgen_prospective__nextgen_prospective_012__cluster_3water__orientation,nextgen_prospective_012,mace_polar_s,0.011893850639363013,0.5060309740889993,1.1545929222221825,2.2816645251820407,orientation,3
nextgen_prospective__nextgen_prospective_013__cluster_3water__compressed,nextgen_prospective_013,mace_polar_s,0.0011523309992385988,0.5834702584133151,1.4962757698005165,2.564442228588443,compressed,3
nextgen_prospective__nextgen_prospective_013__cluster_3water__cooperative,nextgen_prospective_013,mace_polar_s,0.0070088896458649725,0.5842819212931993,1.0645917914642542,1.8220515690575851,cooperative,3
nextgen_prospective__nextgen_prospective_013__cluster_3water__equilibrium,nextgen_prospective_013,mace_polar_s,0.016193411302239613,0.7861596822192015,1.5458880488860702,1.9663792024061555,equilibrium,3
nextgen_prospective__nextgen_prospective_013__cluster_3water__orientation,nextgen_prospective_013,mace_polar_s,0.008610405549016506,0.8225507311637968,1.2689890827013741,1.542748713998379,orientation,3
nextgen_prospective__nextgen_prospective_014__cluster_3water__compressed,nextgen_prospective_014,mace_polar_s,0.03622736038746096,0.5761504183422737,1.0781527207242922,1.8713042400045505,compressed,3
nextgen_prospective__nextgen_prospective_014__cluster_3water__cooperative,nextgen_prospective_014,mace_polar_s,0.030130485604752042,0.7836150219348439,1.4341466964493883,1.8301674372044323,cooperative,3
nextgen_prospective__nextgen_prospective_014__cluster_3water__equilibrium,nextgen_prospective_014,mace_polar_s,0.022446864521004115,0.6923035739431016,1.5536446954679368,2.244166798993914,equilibrium,3
nextgen_prospective__nextgen_prospective_014__cluster_3water__orientation,nextgen_prospective_014,mace_polar_s,0.00822439846951122,0.7424685450976916,1.576754632753044,2.1236652288691635,orientation,3
nextgen_prospective__nextgen_prospective_015__cluster_3water__compressed,nextgen_prospective_015,mace_polar_s,0.06273732046275181,0.6065705888765063,1.85827569997584,3.06357699178549,compressed,3
nextgen_prospective__nextgen_prospective_015__cluster_3water__cooperative,nextgen_prospective_015,mace_polar_s,0.020946462817123226,0.8598625276638,2.139891486396459,2.4886437279810636,cooperative,3
nextgen_prospective__nextgen_prospective_015__cluster_3water__equilibrium,nextgen_prospective_015,mace_polar_s,0.11220241793779993,0.6010155316972952,2.6362215037917047,4.386278498239298,equilibrium,3
nextgen_prospective__nextgen_prospective_015__cluster_3water__orientation,nextgen_prospective_015,mace_polar_s,0.26456235874122674,0.9372342222982696,3.2353237792348333,3.451990657470048,orientation,3
nextgen_prospective__nextgen_prospective_016__cluster_3water__compressed,nextgen_prospective_016,mace_polar_s,0.005975797098873939,0.5380406883670421,1.0433679507112086,1.9391989737390287,compressed,3
nextgen_prospective__nextgen_prospective_016__cluster_3water__cooperative,nextgen_prospective_016,mace_polar_s,0.023978347416990526,0.5036069241992579,1.3915598482325995,2.7631864880436248,cooperative,3
nextgen_prospective__nextgen_prospective_016__cluster_3water__equilibrium,nextgen_prospective_016,mace_polar_s,0.04126022285923522,0.9393025620210992,2.5918956307386196,2.759383116300282,equilibrium,3
nextgen_prospective__nextgen_prospective_016__cluster_3water__orientation,nextgen_prospective_016,mace_polar_s,0.06172829605060794,0.9097383890346374,2.9438500992736296,3.2359303891720734,orientation,3
nextgen_prospective__nextgen_prospective_017__cluster_3water__compressed,nextgen_prospective_017,mace_polar_s,0.005766796985913675,0.7622308083186036,2.0848994893345525,2.735260063724804,compressed,3
nextgen_prospective__nextgen_prospective_017__cluster_3water__cooperative,nextgen_prospective_017,mace_polar_s,0.0042960046413629055,0.5013503476351772,1.337799639983243,2.6683927642486323,cooperative,3
nextgen_prospective__nextgen_prospective_017__cluster_3water__equilibrium,nextgen_prospective_017,mace_polar_s,0.015183844190256902,0.7437959737128049,2.3861413467168595,3.208058971879026,equilibrium,3
nextgen_prospective__nextgen_prospective_017__cluster_3water__orientation,nextgen_prospective_017,mace_polar_s,0.044137594044365874,0.8419661877353181,2.3443119722878256,2.7843303049893824,orientation,3
nextgen_prospective__nextgen_prospective_018__cluster_3water__compressed,nextgen_prospective_018,mace_polar_s,0.20136589866744137,0.7270112844273046,3.7851380014524016,5.2064363821176505,compressed,3
nextgen_prospective__nextgen_prospective_018__cluster_3water__cooperative,nextgen_prospective_018,mace_polar_s,0.08049111689441009,0.985083036325942,2.5917761324321114,2.631023007053946,cooperative,3
nextgen_prospective__nextgen_prospective_018__cluster_3water__equilibrium,nextgen_prospective_018,mace_polar_s,0.0653366135841923,0.9053389260035531,3.9636990974423236,4.378138378451616,equilibrium,3
nextgen_prospective__nextgen_prospective_018__cluster_3water__orientation,nextgen_prospective_018,mace_polar_s,0.057226909754118954,0.8749046923275957,3.7081977548819323,4.2384019509789645,orientation,3
nextgen_prospective__nextgen_prospective_019__cluster_3water__compressed,nextgen_prospective_019,mace_polar_s,0.99018862784829,1.4156354899314125,7.446864953920811,5.260439574230801,compressed,3
nextgen_prospective__nextgen_prospective_019__cluster_3water__cooperative,nextgen_prospective_019,mace_polar_s,0.06588374885309314,0.9439280908079783,2.2633528410366783,2.3978021875578532,cooperative,3
nextgen_prospective__nextgen_prospective_019__cluster_3water__equilibrium,nextgen_prospective_019,mace_polar_s,0.10458580245401088,0.7258171416347026,3.440106452798805,4.739632416301047,equilibrium,3
nextgen_prospective__nextgen_prospective_019__cluster_3water__orientation,nextgen_prospective_019,mace_polar_s,0.05796660401175777,0.6554877595161148,3.216012446789959,4.906289095564561,orientation,3
nextgen_prospective__nextgen_prospective_020__cluster_3water__compressed,nextgen_prospective_020,mace_polar_s,0.0037826002607938727,0.5613428911476838,1.20383609714609,2.144564607712067,compressed,3
nextgen_prospective__nextgen_prospective_020__cluster_3water__cooperative,nextgen_prospective_020,mace_polar_s,0.12932476391754558,1.0740569842187706,2.819132036490702,2.624750900475951,cooperative,3
nextgen_prospective__nextgen_prospective_020__cluster_3water__equilibrium,nextgen_prospective_020,mace_polar_s,0.004473373831275085,0.661586642965873,1.216921503190959,1.8393985370314259,equilibrium,3
nextgen_prospective__nextgen_prospective_020__cluster_3water__orientation,nextgen_prospective_020,mace_polar_s,0.010051794200534958,0.6550968189366488,1.4251975932346073,2.175552608464782,orientation,3
nextgen_prospective__nextgen_prospective_021__cluster_3water__compressed,nextgen_prospective_021,mace_polar_s,0.08556195733219774,0.7234072904558136,2.4537607857911645,3.3919492078177256,compressed,3
nextgen_prospective__nextgen_prospective_021__cluster_3water__cooperative,nextgen_prospective_021,mace_polar_s,0.08042784844446682,0.8930996545351657,2.0267856873957273,2.2693835756219327,cooperative,3
nextgen_prospective__nextgen_prospective_021__cluster_3water__equilibrium,nextgen_prospective_021,mace_polar_s,0.024593463953261212,0.4930736728636077,2.2611134542619022,4.585751741986361,equilibrium,3
nextgen_prospective__nextgen_prospective_021__cluster_3water__orientation,nextgen_prospective_021,mace_polar_s,0.06802400753348287,0.7384836459049189,1.7999257654353802,2.437326507386359,orientation,3
nextgen_prospective__nextgen_prospective_022__cluster_3water__compressed,nextgen_prospective_022,mace_polar_s,0.39867220201810355,1.2684725012130353,4.257532975100533,3.356425126306696,compressed,3
nextgen_prospective__nextgen_prospective_022__cluster_3water__cooperative,nextgen_prospective_022,mace_polar_s,0.00416056469789913,0.5880946761141066,1.7215415088123724,2.927320342682963,cooperative,3
nextgen_prospective__nextgen_prospective_022__cluster_3water__equilibrium,nextgen_prospective_022,mace_polar_s,0.08623504617550498,0.9445570959901756,2.027784488234838,2.1468098613023696,equilibrium,3
nextgen_prospective__nextgen_prospective_022__cluster_3water__orientation,nextgen_prospective_022,mace_polar_s,0.07298194440180836,0.7890959805860855,2.5685999478145685,3.255117262043068,orientation,3
nextgen_prospective__nextgen_prospective_023__cluster_3water__compressed,nextgen_prospective_023,mace_polar_s,0.010053527662240718,0.6358226190299967,1.6164100282010976,2.5422342329800616,compressed,3
nextgen_prospective__nextgen_prospective_023__cluster_3water__cooperative,nextgen_prospective_023,mace_polar_s,0.006347049537233382,0.608054961787208,1.622979913553919,2.6691335743460134,cooperative,3
nextgen_prospective__nextgen_prospective_023__cluster_3water__equilibrium,nextgen_prospective_023,mace_polar_s,0.018326163406711355,0.9649962984321071,1.3855670380404812,1.435826272382291,equilibrium,3
nextgen_prospective__nextgen_prospective_023__cluster_3water__orientation,nextgen_prospective_023,mace_polar_s,0.02342637883301014,0.7419057467402594,1.3861923087270434,1.8684210424539927,orientation,3
nextgen_prospective__nextgen_prospective_024__cluster_3water__compressed,nextgen_prospective_024,mace_polar_s,0.015230496299806934,0.5554436985429481,1.7706874247235969,3.1878792204655535,compressed,3
nextgen_prospective__nextgen_prospective_024__cluster_3water__cooperative,nextgen_prospective_024,mace_polar_s,0.009270707348919369,0.401945574412597,1.2933825945488493,3.2178052872929324,cooperative,3
nextgen_prospective__nextgen_prospective_024__cluster_3water__equilibrium,nextgen_prospective_024,mace_polar_s,0.029507388333568304,0.80198470192692,5.212885975280314,6.499981811068677,equilibrium,3
nextgen_prospective__nextgen_prospective_024__cluster_3water__orientation,nextgen_prospective_024,mace_polar_s,0.15229529103271267,0.8552137628545384,5.448647272130106,6.371093998702236,orientation,3
