config_id,molecule_id,method,dipole_mse_D2,esp_nrmse,esp_rmse_mEh_per_e,response_rms_mEh_per_e,regime,n_waters
canonical_p3__mobley_1278715__cluster_3water__compressed,mobley_1278715,aimnet2,0.06016902213531311,1.363212678392281,2.628948772160017,1.9284949544780459,compressed,3
canonical_p3__mobley_1278715__cluster_3water__cooperative,mobley_1278715,aimnet2,0.06701659988680689,1.267998342239425,1.8112529122147922,1.4284347635785704,cooperative,3
canonical_p3__mobley_1278715__cluster_3water__equilibrium,mobley_1278715,aimnet2,0.018454021711606036,0.5401793079478214,2.919094194394834,5.403935603317858,equilibrium,3
canonical_p3__mobley_1278715__cluster_3water__orientation,mobley_1278715,aimnet2,0.02537541222625661,1.0860853676031434,3.06797231187092,2.824798495022133,orientation,3
canonical_p3__mobley_1352110__cluster_3water__compressed,mobley_1352110,aimnet2,0.0012333214725825416,0.5449794220029187,1.2372273266132345,2.2702276024774535,compressed,3
canonical_p3__mobley_1352110__cluster_3water__cooperative,mobley_1352110,aimnet2,0.01094414156792553,0.591516786388057,0.9773397635002097,1.652260402393785,cooperative,3
canonical_p3__mobley_1352110__cluster_3water__equilibrium,mobley_1352110,aimnet2,0.02508899978007956,0.8323010002646306,1.4987339047882522,1.8007114064644028,equilibrium,3
canonical_p3__mobley_1352110__cluster_3water__orientation,mobley_1352110,aimnet2,0.037843804179768716,0.9582018680161667,1.678070704733199,1.751270541986552,orientation,3
canonical_p3__mobley_1723043__cluster_3water__compressed,mobley_1723043,aimnet2,1.4939936496054527,1.578363160411381,5.20125686494214,3.2953486215342838,compressed,3
canonical_p3__mobley_1723043__cluster_3water__cooperative,mobley_1723043,aimnet2,0.34006686695773863,1.33862413496102,2.9681904573082276,2.217344196767123,cooperative,3
canonical_p3__mobley_1723043__cluster_3water__equilibrium,mobley_1723043,aimnet2,0.002272510834139756,1.2025101564877692,1.6585661692105869,1.3792533562085187,equilibrium,3
canonical_p3__mobley_1723043__cluster_3water__orientation,mobley_1723043,aimnet2,0.004891047519359141,0.8343661095458442,1.349155438599496,1.6169825489842318,orientation,3
canonical_p3__mobley_172879__cluster_3water__compressed,mobley_172879,aimnet2,0.07548669353387025,0.5180157283483603,1.7136953289263719,3.3081916921525,compressed,3
canonical_p3__mobley_172879__cluster_3water__cooperative,mobley_172879,aimnet2,0.0600041464581977,0.5073220662270909,1.4432166067794845,2.8447739667871303,cooperative,3
canonical_p3__mobley_172879__cluster_3water__equilibrium,mobley_172879,aimnet2,0.01648805473692384,0.38793676611611877,1.1419802792495282,2.943727893292037,equilibrium,3
canonical_p3__mobley_172879__cluster_3water__orientation,mobley_172879,aimnet2,0.21993934703167206,1.447618684058227,3.1009448155173223,2.1421005750106734,orientation,3
canonical_p3__mobley_2261979__cluster_3water__compressed,mobley_2261979,aimnet2,0.04523424996599685,0.6400116492266889,1.9428524474917908,3.0356516945266447,compressed,3
canonical_p3__mobley_2261979__cluster_3water__cooperative,mobley_2261979,aimnet2,0.0040843736907570675,0.6267738739390936,1.8099815980599598,2.8877744802678933,cooperative,3
canonical_p3__mobley_2261979__cluster_3water__equilibrium,mobley_2261979,aimnet2,0.005209150338566708,0.45834165082402917,2.6440287082956004,5.768685223221664,equilibrium,3
canonical_p3__mobley_2261979__cluster_3water__orientation,mobley_2261979,aimnet2,0.025638716113921812,1.5614395467115156,2.9354413758161697,1.8799583896785397,orientation,3
canonical_p3__mobley_2689721__cluster_3water__compressed,mobley_2689721,aimnet2,0.04721567201880636,0.5355720052727204,1.4631992890349346,2.7320309400597846,compressed,3
canonical_p3__mobley_2689721__cluster_3water__cooperative,mobley_2689721,aimnet2,0.20177195036824505,0.9001185113338819,2.070113324270298,2.299823076855297,cooperative,3
canonical_p3__mobley_2689721__cluster_3water__equilibrium,mobley_2689721,aimnet2,0.022181395706114018,0.903345147127498,2.3604309543671533,2.6129890240435447,equilibrium,3
canonical_p3__mobley_2689721__cluster_3water__orientation,mobley_2689721,aimnet2,0.013960718926896973,0.9568386451908345,1.6447756477025919,1.7189686641205357,orientation,3
canonical_p3__mobley_2727678__cluster_3water__compressed,mobley_2727678,aimnet2,0.06984440406294203,0.6860768652329874,2.137647925402526,3.115755731942069,compressed,3
canonical_p3__mobley_2727678__cluster_3water__cooperative,mobley_2727678,aimnet2,0.23974825886135145,0.6722970364302273,2.4055666995999143,3.5781307506173583,cooperative,3
canonical_p3__mobley_2727678__cluster_3water__equilibrium,mobley_2727678,aimnet2,0.3323713443135979,0.8462274867963951,4.8450141901562525,5.725427577988823,equilibrium,3
canonical_p3__mobley_2727678__cluster_3water__orientation,mobley_2727678,aimnet2,0.619520953517513,1.1806823748751836,10.650456476252998,9.020594109723131,orientation,3
canonical_p3__mobley_3047364__cluster_3water__compressed,mobley_3047364,aimnet2,0.027368373113058203,0.6062648392570548,1.1540897966577393,1.9036066780188252,compressed,3
canonical_p3__mobley_3047364__cluster_3water__cooperative,mobley_3047364,aimnet2,0.0004932992910184977,0.590705153976358,0.9256638904468715,1.5670489485587247,cooperative,3
canonical_p3__mobley_3047364__cluster_3water__equilibrium,mobley_3047364,aimnet2,0.06199376292257905,1.1322119306974132,2.078632607731937,1.8359041725090754,equilibrium,3
canonical_p3__mobley_3047364__cluster_3water__orientation,mobley_3047364,aimnet2,0.023764804940718736,0.968448271242006,1.9621237505897111,2.0260491023163745,orientation,3
canonical_p3__mobley_3709920__cluster_3water__compressed,mobley_3709920,aimnet2,0.07885756513085969,0.7833117646383837,1.4209307951862291,1.8140041543257077,compressed,3
canonical_p3__mobley_3709920__cluster_3water__cooperative,mobley_3709920,aimnet2,0.05983719784133429,0.8895629247917826,1.3679613058693234,1.5377903774367825,cooperative,3
canonical_p3__mobley_3709920__cluster_3water__equilibrium,mobley_3709920,aimnet2,0.02601598064859569,0.7643170604843604,1.4806473940346148,1.9372162033074387,equilibrium,3
canonical_p3__mobley_3709920__cluster_3water__orientation,mobley_3709920,aimnet2,0.001275646071963472,0.7284455868123948,0.9370567052372387,1.2863784504999274,orientation,3
canonical_p3__mobley_3777264__cluster_3water__compressed,mobley_3777264,aimnet2,0.12082535049496819,0.4987534444914004,2.290300901786372,4.592050294754128,compressed,3
canonical_p3__mobley_3777264__cluster_3water__cooperative,mobley_3777264,aimnet2,0.010640265496270701,0.579428505690709,1.8758907944018093,3.237484479928459,cooperative,3
canonical_p3__mobley_3777264__cluster_3water__equilibrium,mobley_3777264,aimnet2,0.04033268252520098,0.27204196074592324,1.5939919824650082,5.859360732786865,equilibrium,3
canonical_p3__mobley_3777264__cluster_3water__orientation,mobley_3777264,aimnet2,0.003047023554242731,0.6721721551330274,1.8706224392670365,2.7829513986589163,orientation,3
canonical_p3__mobley_4479135__cluster_3water__compressed,mobley_4479135,aimnet2,0.09550725727943732,0.6950082072251441,2.092202728027886,3.010328088615115,compressed,3
canonical_p3__mobley_4479135__cluster_3water__cooperative,mobley_4479135,aimnet2,0.011256129103214914,0.6063023813256682,1.3740184288037098,2.266226343692475,cooperative,3
canonical_p3__mobley_4479135__cluster_3water__equilibrium,mobley_4479135,aimnet2,0.07146473428674932,0.8283762723852102,1.705816763331323,2.0592293866887665,equilibrium,3
canonical_p3__mobley_4479135__cluster_3water__orientation,mobley_4479135,aimnet2,0.003515982693890965,0.9532736245817202,1.9076460176561536,2.0011526265537825,orientation,3
canonical_p3__mobley_4934872__cluster_3water__compressed,mobley_4934872,aimnet2,5.8191797289538805e-05,0.6804247052505554,1.5738629423448083,2.313059667293031,compressed,3
canonical_p3__mobley_4934872__cluster_3water__cooperative,mobley_4934872,aimnet2,0.01556302341327651,0.5762172327023883,1.0914748967752828,1.894207314238762,cooperative,3
canonical_p3__mobley_4934872__cluster_3water__equilibrium,mobley_4934872,aimnet2,0.006333362126879599,0.5036990112775079,1.3472722180817451,2.674756527047219,equilibrium,3
canonical_p3__mobley_4934872__cluster_3water__orientation,mobley_4934872,aimnet2,0.003713680549926317,0.5791634440037959,1.3981731273757187,2.41412530754713,orientation,3
canonical_p3__mobley_5200358__cluster_3water__compressed,mobley_5200358,aimnet2,0.5343564560374361,0.6058642537584761,2.9969397695734834,4.946553210528566,compressed,3
canonical_p3__mobley_5200358__cluster_3water__cooperative,mobley_5200358,aimnet2,0.18894810578378637,0.7614479490426884,1.4805209119934306,1.9443494645363204,cooperative,3
canonical_p3__mobley_5200358__cluster_3water__equilibrium,mobley_5200358,aimnet2,0.014765147113056673,0.9344162912091118,2.3181917676300205,2.4808982778225506,equilibrium,3
canonical_p3__mobley_5200358__cluster_3water__orientation,mobley_5200358,aimnet2,0.008932666142792462,0.9480742712935729,2.334537844956933,2.46239974614187,orientation,3
canonical_p3__mobley_6239320__cluster_3water__compressed,mobley_6239320,aimnet2,0.02232759171053003,0.7539055505762593,3.3432540597411577,4.43457944723406,compressed,3
canonical_p3__mobley_6239320__cluster_3water__cooperative,mobley_6239320,aimnet2,0.15230493209747106,0.7455694180120005,2.317355592057427,3.108168784922087,cooperative,3
canonical_p3__mobley_6239320__cluster_3water__equilibrium,mobley_6239320,aimnet2,0.05991666910943209,1.0354807184308605,3.336026636677321,3.221717775423811,equilibrium,3
canonical_p3__mobley_6239320__cluster_3water__orientation,mobley_6239320,aimnet2,0.023361874908339145,0.8776351219158239,2.735370312643764,3.1167511923094158,orientation,3
canonical_p3__mobley_7578802__cluster_3water__compressed,mobley_7578802,aimnet2,0.21997146921174415,0.5454658547423719,3.6987698953824655,6.780937547648011,compressed,3
canonical_p3__mobley_7578802__cluster_3water__cooperative,mobley_7578802,aimnet2,0.15250054796190685,1.891197874467138,2.7433870098878184,1.4506081288087278,cooperative,3
canonical_p3__mobley_7578802__cluster_3water__equilibrium,mobley_7578802,aimnet2,0.0227850650728163,0.49669914534478077,3.3649971478316387,6.77471902130181,equilibrium,3
canonical_p3__mobley_7578802__cluster_3water__orientation,mobley_7578802,aimnet2,0.00795272384808626,0.31995246652825166,2.783089558148416,8.698446954784359,orientation,3
canonical_p3__mobley_8337722__cluster_3water__compressed,mobley_8337722,aimnet2,0.07446026632454013,0.6065663045282337,1.279432452784901,2.1093035390088137,compressed,3
canonical_p3__mobley_8337722__cluster_3water__cooperative,mobley_8337722,aimnet2,0.05816233208385516,0.6204169905832672,1.3903316258946132,2.240963169927911,cooperative,3
canonical_p3__mobley_8337722__cluster_3water__equilibrium,mobley_8337722,aimnet2,0.10686516911218806,0.8864476188341683,2.4201281941248793,2.7301423600277315,equilibrium,3
canonical_p3__mobley_8337722__cluster_3water__orientation,mobley_8337722,aimnet2,0.38637659256274076,1.1801303202317055,3.4056275958020237,2.8858063702094925,orientation,3
canonical_p3__mobley_9007496__cluster_3water__compressed,mobley_9007496,aimnet2,0.006964359195381006,0.5842755709235907,2.696901021824791,4.615803151861506,compressed,3
canonical_p3__mobley_9007496__cluster_3water__cooperative,mobley_9007496,aimnet2,0.013385841754793166,0.4965148462919311,1.204090628125631,2.425084843118011,cooperative,3
canonical_p3__mobley_9007496__cluster_3water__equilibrium,mobley_9007496,aimnet2,0.08346824895019721,0.46792957921727407,2.512478954190528,5.369352709852751,equilibrium,3
canonical_p3__mobley_9007496__cluster_3water__orientation,mobley_9007496,aimnet2,0.014743896552265231,0.6325179880194888,2.5222721466538256,3.9876686425178964,orientation,3
canonical_p3__mobley_9460824__cluster_3water__compressed,mobley_9460824,aimnet2,0.08814974818782197,0.6522611182582229,1.2758934493876783,1.9561083953536633,compressed,3
canonical_p3__mobley_9460824__cluster_3water__cooperative,mobley_9460824,aimnet2,0.11401081699052144,0.6599340456533075,1.2628595885185374,1.913614848084339,cooperative,3
canonical_p3__mobley_9460824__cluster_3water__equilibrium,mobley_9460824,aimnet2,0.04527558712330452,0.7691718258251427,1.3461861140816416,1.7501760580446335,equilibrium,3
canonical_p3__mobley_9460824__cluster_3water__orientation,mobley_9460824,aimnet2,0.014527838023306145,0.5488990188766324,1.3252302760454506,2.4143425848303477,orientation,3
canonical_p3__mobley_9534740__cluster_3water__compressed,mobley_9534740,aimnet2,0.04094290810527075,0.49401863546794184,1.4116590972492242,2.857501713294843,compressed,3
canonical_p3__mobley_9534740__cluster_3water__cooperative,mobley_9534740,aimnet2,0.006000588887369297,0.46981609064628493,1.3524776974574166,2.8787385625659,cooperative,3
canonical_p3__mobley_9534740__cluster_3water__equilibrium,mobley_9534740,aimnet2,0.0024050001631556674,0.5459033713204547,2.152187274386599,3.942432649171583,equilibrium,3
canonical_p3__mobley_9534740__cluster_3water__orientation,mobley_9534740,aimnet2,0.022035778590634676,0.5895973700007311,2.485510940779498,4.215607238506536,orientation,3
canonical_p3__mobley_9741965__cluster_3water__compressed,mobley_9741965,aimnet2,0.27730721232078054,0.6784022318096983,2.4966389298976237,3.680174994763236,compressed,3
canonical_p3__mobley_9741965__cluster_3water__cooperative,mobley_9741965,aimnet2,0.3615641038555737,0.8524052991380865,1.9922227592844606,2.337177820573037,cooperative,3
canonical_p3__mobley_9741965__cluster_3water__equilibrium,mobley_9741965,aimnet2,0.008765746714399059,0.45748525232955833,1.5470248413055163,3.3815840694927735,equilibrium,3
canonical_p3__mobley_9741965__cluster_3water__orientation,mobley_9741965,aimnet2,0.004285062102272722,0.6471392526721946,2.076861101871183,3.209295516066011,orientation,3
canonical_p3__mobley_1278715__cluster_3water__compressed,mobley_1278715,aimnet2_2025,0.12216152834916132,3.1652093004107047,6.104090165709029,1.9284949544780459,compressed,3
canonical_p3__mobley_1278715__cluster_3water__cooperative,mobley_1278715,aimnet2_2025,0.3498494022110545,2.1879992996498867,3.1254142623054633,1.4284347635785704,cooperative,3
canonical_p3__mobley_1278715__cluster_3water__equilibrium,mobley_1278715,aimnet2_2025,0.09258586000584196,0.5147201585396463,2.7815145904778067,5.403935603317858,equilibrium,3
canonical_p3__mobley_1278715__cluster_3water__orientation,mobley_1278715,aimnet2_2025,0.083125441741353,1.2845350721726698,3.6285527386765044,2.824798495022133,orientation,3
canonical_p3__mobley_1352110__cluster_3water__compressed,mobley_1352110,aimnet2_2025,0.05649413164712775,0.3805176298023832,0.8638616264066675,2.2702276024774535,compressed,3
canonical_p3__mobley_1352110__cluster_3water__cooperative,mobley_1352110,aimnet2_2025,0.04096224540691566,0.636507874682223,1.0516767571492627,1.652260402393785,cooperative,3
canonical_p3__mobley_1352110__cluster_3water__equilibrium,mobley_1352110,aimnet2_2025,0.17086170010354898,0.894279908398322,1.6103400316247996,1.8007114064644028,equilibrium,3
canonical_p3__mobley_1352110__cluster_3water__orientation,mobley_1352110,aimnet2_2025,0.1242442646046431,0.9553340058297896,1.6730483021677196,1.751270541986552,orientation,3
canonical_p3__mobley_1723043__cluster_3water__compressed,mobley_1723043,aimnet2_2025,1.8831680463617457,1.7799793555859154,5.865652515789529,3.2953486215342838,compressed,3
canonical_p3__mobley_1723043__cluster_3water__cooperative,mobley_1723043,aimnet2_2025,1.7412712987078887,2.3578599534908746,5.22818708466259,2.217344196767123,cooperative,3
canonical_p3__mobley_1723043__cluster_3water__equilibrium,mobley_1723043,aimnet2_2025,0.052309946669591025,1.0346986112177143,1.427111532186326,1.3792533562085187,equilibrium,3
canonical_p3__mobley_1723043__cluster_3water__orientation,mobley_1723043,aimnet2_2025,0.03752181793029658,1.121974218536152,1.8142127317831789,1.6169825489842318,orientation,3
canonical_p3__mobley_172879__cluster_3water__compressed,mobley_172879,aimnet2_2025,0.07916929458357021,0.29536313315445967,0.977117863269716,3.3081916921525,compressed,3
canonical_p3__mobley_172879__cluster_3water__cooperative,mobley_172879,aimnet2_2025,0.0005894947080472483,0.3356872437461883,0.9549543319916824,2.8447739667871303,cooperative,3
canonical_p3__mobley_172879__cluster_3water__equilibrium,mobley_172879,aimnet2_2025,0.05014750828874176,0.5014819020129079,1.4762262629365412,2.943727893292037,equilibrium,3
canonical_p3__mobley_172879__cluster_3water__orientation,mobley_172879,aimnet2_2025,0.7601305540402881,1.5322485655736622,3.282230533374621,2.1421005750106734,orientation,3
canonical_p3__mobley_2261979__cluster_3water__compressed,mobley_2261979,aimnet2_2025,0.34874394897041433,0.642287414644356,1.9497608786382772,3.0356516945266447,compressed,3
canonical_p3__mobley_2261979__cluster_3water__cooperative,mobley_2261979,aimnet2_2025,0.03350997446943798,0.3191473361477338,0.9216255327729046,2.8877744802678933,cooperative,3
canonical_p3__mobley_2261979__cluster_3water__equilibrium,mobley_2261979,aimnet2_2025,0.23368834473491273,0.47067776283515717,2.715191855366202,5.768685223221664,equilibrium,3
canonical_p3__mobley_2261979__cluster_3water__orientation,mobley_2261979,aimnet2_2025,0.08573651648369897,1.244589900652533,2.3397772254409097,1.8799583896785397,orientation,3
canonical_p3__mobley_2689721__cluster_3water__compressed,mobley_2689721,aimnet2_2025,0.02250210814003872,0.35611199690911405,0.9729089936821742,2.7320309400597846,compressed,3
canonical_p3__mobley_2689721__cluster_3water__cooperative,mobley_2689721,aimnet2_2025,0.00023650434665042813,0.645321527267379,1.484125340401023,2.299823076855297,cooperative,3
canonical_p3__mobley_2689721__cluster_3water__equilibrium,mobley_2689721,aimnet2_2025,0.04121458926997169,0.88222819805855,2.305252598228705,2.6129890240435447,equilibrium,3
canonical_p3__mobley_2689721__cluster_3water__orientation,mobley_2689721,aimnet2_2025,0.11835364926650234,1.6277964575985988,2.798131102178404,1.7189686641205357,orientation,3
canonical_p3__mobley_2727678__cluster_3water__compressed,mobley_2727678,aimnet2_2025,0.3069248678129544,0.6084533152496711,1.8957919046083171,3.115755731942069,compressed,3
canonical_p3__mobley_2727678__cluster_3water__cooperative,mobley_2727678,aimnet2_2025,0.5427029713991262,0.7655641974038251,2.7392887963023242,3.5781307506173583,cooperative,3
canonical_p3__mobley_2727678__cluster_3water__equilibrium,mobley_2727678,aimnet2_2025,0.534584731229839,1.081397802270145,6.191464799893992,5.725427577988823,equilibrium,3
canonical_p3__mobley_2727678__cluster_3water__orientation,mobley_2727678,aimnet2_2025,0.41378248556806163,1.1363385795272718,10.25044909713486,9.020594109723131,orientation,3
canonical_p3__mobley_3047364__cluster_3water__compressed,mobley_3047364,aimnet2_2025,0.01770569532997233,0.5962005363499134,1.1349313224341004,1.9036066780188252,compressed,3
canonical_p3__mobley_3047364__cluster_3water__cooperative,mobley_3047364,aimnet2_2025,0.04623352682151748,0.6508096381252969,1.0198505591361307,1.5670489485587247,cooperative,3
canonical_p3__mobley_3047364__cluster_3water__equilibrium,mobley_3047364,aimnet2_2025,0.08878082137673692,1.1650118712933533,2.138850155530073,1.8359041725090754,equilibrium,3
canonical_p3__mobley_3047364__cluster_3water__orientation,mobley_3047364,aimnet2_2025,0.05402971515605914,0.7870112454596162,1.5945234273763473,2.0260491023163745,orientation,3
canonical_p3__mobley_3709920__cluster_3water__compressed,mobley_3709920,aimnet2_2025,0.0048051083085143475,0.4631993970361866,0.8402456305048054,1.8140041543257077,compressed,3
canonical_p3__mobley_3709920__cluster_3water__cooperative,mobley_3709920,aimnet2_2025,0.08043798022867117,0.8128619718035128,1.2500113184237311,1.5377903774367825,cooperative,3
canonical_p3__mobley_3709920__cluster_3water__equilibrium,mobley_3709920,aimnet2_2025,0.048421319669965136,0.6423810920411779,1.2444310602004969,1.9372162033074387,equilibrium,3
canonical_p3__mobley_3709920__cluster_3water__orientation,mobley_3709920,aimnet2_2025,0.009247263016070822,1.0923381198074267,1.4051602179798817,1.2863784504999274,orientation,3
canonical_p3__mobley_3777264__cluster_3water__compressed,mobley_3777264,aimnet2_2025,0.5320679532302904,0.6908067942942546,3.1722195433570857,4.592050294754128,compressed,3
canonical_p3__mobley_3777264__cluster_3water__cooperative,mobley_3777264,aimnet2_2025,0.20965680770410552,0.5882261147009327,1.904372917032887,3.237484479928459,cooperative,3
canonical_p3__mobley_3777264__cluster_3water__equilibrium,mobley_3777264,aimnet2_2025,0.028694634287965145,0.5013911971699336,2.9378318924625053,5.859360732786865,equilibrium,3
canonical_p3__mobley_3777264__cluster_3water__orientation,mobley_3777264,aimnet2_2025,0.1503207889997874,1.2764704993916356,3.5523553616287975,2.7829513986589163,orientation,3
canonical_p3__mobley_4479135__cluster_3water__compressed,mobley_4479135,aimnet2_2025,0.19088256484715416,0.4351929971106348,1.3100737031707406,3.010328088615115,compressed,3
canonical_p3__mobley_4479135__cluster_3water__cooperative,mobley_4479135,aimnet2_2025,0.020663090843767804,0.450661257015126,1.0213004127292438,2.266226343692475,cooperative,3
canonical_p3__mobley_4479135__cluster_3water__equilibrium,mobley_4479135,aimnet2_2025,0.09164986720335422,0.9372761839521438,1.9300666614377608,2.0592293866887665,equilibrium,3
canonical_p3__mobley_4479135__cluster_3water__orientation,mobley_4479135,aimnet2_2025,0.16782966278087477,1.0195439269007516,2.040263007204397,2.0011526265537825,orientation,3
canonical_p3__mobley_4934872__cluster_3water__compressed,mobley_4934872,aimnet2_2025,0.04861722131445967,0.531857899868036,1.2302190569159295,2.313059667293031,compressed,3
canonical_p3__mobley_4934872__cluster_3water__cooperative,mobley_4934872,aimnet2_2025,0.1275579726308557,0.6098717303114226,1.1552234923033464,1.894207314238762,cooperative,3
canonical_p3__mobley_4934872__cluster_3water__equilibrium,mobley_4934872,aimnet2_2025,0.11194586112361997,0.8934521877132648,2.3897670706906724,2.674756527047219,equilibrium,3
canonical_p3__mobley_4934872__cluster_3water__orientation,mobley_4934872,aimnet2_2025,0.05330901936317569,0.9153659614490647,2.2098081332013977,2.41412530754713,orientation,3
canonical_p3__mobley_5200358__cluster_3water__compressed,mobley_5200358,aimnet2_2025,0.7781494421647629,0.7150068386541633,3.5368193732946316,4.946553210528566,compressed,3
canonical_p3__mobley_5200358__cluster_3water__cooperative,mobley_5200358,aimnet2_2025,0.3972279955194511,1.0182402516705458,1.979814888104954,1.9443494645363204,cooperative,3
canonical_p3__mobley_5200358__cluster_3water__equilibrium,mobley_5200358,aimnet2_2025,0.1675348803019391,0.9376126560964682,2.3261216237743554,2.4808982778225506,equilibrium,3
canonical_p3__mobley_5200358__cluster_3water__orientation,mobley_5200358,aimnet2_2025,0.03191872505021276,1.00311893144905,2.470079802150245,2.46239974614187,orientation,3
canonical_p3__mobley_6239320__cluster_3water__compressed,mobley_6239320,aimnet2_2025,0.12910646791895192,0.699857560395267,3.103573953320221,4.43457944723406,compressed,3
canonical_p3__mobley_6239320__cluster_3water__cooperative,mobley_6239320,aimnet2_2025,0.3879653527525944,0.7644811022526331,2.3761362986844645,3.108168784922087,cooperative,3
canonical_p3__mobley_6239320__cluster_3water__equilibrium,mobley_6239320,aimnet2_2025,0.08877965469943787,0.6962935446070949,2.2432612895735295,3.221717775423811,equilibrium,3
canonical_p3__mobley_6239320__cluster_3water__orientation,mobley_6239320,aimnet2_2025,0.02920858666010909,0.8377242024257606,2.610977906736944,3.1167511923094158,orientation,3
canonical_p3__mobley_7578802__cluster_3water__compressed,mobley_7578802,aimnet2_2025,0.013142341927294535,1.013889164402975,6.875119104053601,6.780937547648011,compressed,3
canonical_p3__mobley_7578802__cluster_3water__cooperative,mobley_7578802,aimnet2_2025,0.29593488832929815,2.1140670222932045,3.0666828073849843,1.4506081288087278,cooperative,3
canonical_p3__mobley_7578802__cluster_3water__equilibrium,mobley_7578802,aimnet2_2025,0.15306174977366901,0.5071754103373689,3.435970899549124,6.77471902130181,equilibrium,3
canonical_p3__mobley_7578802__cluster_3water__orientation,mobley_7578802,aimnet2_2025,0.05058120703471091,0.2877049438262076,2.5025861925014805,8.698446954784359,orientation,3
canonical_p3__mobley_8337722__cluster_3water__compressed,mobley_8337722,aimnet2_2025,0.14313055586726497,0.6746288351141311,1.42299698942363,2.1093035390088137,compressed,3
canonical_p3__mobley_8337722__cluster_3water__cooperative,mobley_8337722,aimnet2_2025,0.09126899914525748,0.6342969894309461,1.4214361921109038,2.240963169927911,cooperative,3
canonical_p3__mobley_8337722__cluster_3water__equilibrium,mobley_8337722,aimnet2_2025,0.06236124082728964,1.0377935554752082,2.8333241467666554,2.7301423600277315,equilibrium,3
canonical_p3__mobley_8337722__cluster_3water__orientation,mobley_8337722,aimnet2_2025,0.5737719852520466,1.3910645499172343,4.014342939523755,2.8858063702094925,orientation,3
canonical_p3__mobley_9007496__cluster_3water__compressed,mobley_9007496,aimnet2_2025,0.10567751064862595,0.7459337950094246,3.443083562084517,4.615803151861506,compressed,3
canonical_p3__mobley_9007496__cluster_3water__cooperative,mobley_9007496,aimnet2_2025,0.20123526585841509,0.5946301159734486,1.4420284815087154,2.425084843118011,cooperative,3
canonical_p3__mobley_9007496__cluster_3water__equilibrium,mobley_9007496,aimnet2_2025,0.14481561556727343,0.4952584733110141,2.65921742575003,5.369352709852751,equilibrium,3
canonical_p3__mobley_9007496__cluster_3water__orientation,mobley_9007496,aimnet2_2025,0.13525034513601863,0.728400866360596,2.9046212939690177,3.9876686425178964,orientation,3
canonical_p3__mobley_9460824__cluster_3water__compressed,mobley_9460824,aimnet2_2025,0.6820230098522879,1.1067995823650667,2.1650199550382347,1.9561083953536633,compressed,3
canonical_p3__mobley_9460824__cluster_3water__cooperative,mobley_9460824,aimnet2_2025,0.7944373589275041,1.2906944512005842,2.469892066157506,1.913614848084339,cooperative,3
canonical_p3__mobley_9460824__cluster_3water__equilibrium,mobley_9460824,aimnet2_2025,0.11381942603458357,1.1981161332781638,2.0969141712204555,1.7501760580446335,equilibrium,3
canonical_p3__mobley_9460824__cluster_3water__orientation,mobley_9460824,aimnet2_2025,0.19823570224295484,0.73721897612667,1.7798991684076464,2.4143425848303477,orientation,3
canonical_p3__mobley_9534740__cluster_3water__compressed,mobley_9534740,aimnet2_2025,0.02923154403998179,0.5569573551529932,1.5915065965818422,2.857501713294843,compressed,3
canonical_p3__mobley_9534740__cluster_3water__cooperative,mobley_9534740,aimnet2_2025,0.061899474555540394,0.4944978574152974,1.4235300512476303,2.8787385625659,cooperative,3
canonical_p3__mobley_9534740__cluster_3water__equilibrium,mobley_9534740,aimnet2_2025,0.22273725761047547,1.0001248988891092,3.9429250546298524,3.942432649171583,equilibrium,3
canonical_p3__mobley_9534740__cluster_3water__orientation,mobley_9534740,aimnet2_2025,0.35143474456045554,0.6774685445560769,2.855941300291085,4.215607238506536,orientation,3
canonical_p3__mobley_9741965__cluster_3water__compressed,mobley_9741965,aimnet2_2025,0.7800051676127263,0.9577342592789394,3.5246296726264426,3.680174994763236,compressed,3
canonical_p3__mobley_9741965__cluster_3water__cooperative,mobley_9741965,aimnet2_2025,0.858036085329215,1.2382665317046246,2.8940490738579485,2.337177820573037,cooperative,3
canonical_p3__mobley_9741965__cluster_3water__equilibrium,mobley_9741965,aimnet2_2025,0.018249431406357212,0.8840447499616455,2.989471643189023,3.3815840694927735,equilibrium,3
canonical_p3__mobley_9741965__cluster_3water__orientation,mobley_9741965,aimnet2_2025,0.10874307461460268,0.8803486966055593,2.8252991245907775,3.209295516066011,orientation,3
canonical_p3__mobley_1278715__cluster_3water__compressed,mobley_1278715,gfn2_xtb,0.44488757911717086,,,,compressed,3
canonical_p3__mobley_1278715__cluster_3water__cooperative,mobley_1278715,gfn2_xtb,0.005512479181963437,,,,cooperative,3
canonical_p3__mobley_1278715__cluster_3water__equilibrium,mobley_1278715,gfn2_xtb,0.18641369065003977,,,,equilibrium,3
canonical_p3__mobley_1278715__cluster_3water__orientation,mobley_1278715,gfn2_xtb,0.10691039872531981,,,,orientation,3
canonical_p3__mobley_1352110__cluster_3water__compressed,mobley_1352110,gfn2_xtb,0.04626026753907078,,,,compressed,3
canonical_p3__mobley_1352110__cluster_3water__cooperative,mobley_1352110,gfn2_xtb,0.025149378195433243,,,,cooperative,3
canonical_p3__mobley_1352110__cluster_3water__equilibrium,mobley_1352110,gfn2_xtb,0.020678906561681133,,,,equilibrium,3
canonical_p3__mobley_1352110__cluster_3water__orientation,mobley_1352110,gfn2_xtb,0.01160029286788198,,,,orientation,3
canonical_p3__mobley_1723043__cluster_3water__compressed,mobley_1723043,gfn2_xtb,0.0778061619254977,,,,compressed,3
canonical_p3__mobley_1723043__cluster_3water__cooperative,mobley_1723043,gfn2_xtb,0.03773043656515829,,,,cooperative,3
canonical_p3__mobley_1723043__cluster_3water__equilibrium,mobley_1723043,gfn2_xtb,0.016247731389736737,,,,equilibrium,3
canonical_p3__mobley_1723043__cluster_3water__orientation,mobley_1723043,gfn2_xtb,0.012103337915423083,,,,orientation,3
canonical_p3__mobley_172879__cluster_3water__compressed,mobley_172879,gfn2_xtb,0.024615826184510334,,,,compressed,3
canonical_p3__mobley_172879__cluster_3water__cooperative,mobley_172879,gfn2_xtb,0.014925713023276057,,,,cooperative,3
canonical_p3__mobley_172879__cluster_3water__equilibrium,mobley_172879,gfn2_xtb,0.00775951391604017,,,,equilibrium,3
canonical_p3__mobley_172879__cluster_3water__orientation,mobley_172879,gfn2_xtb,0.006751152534799454,,,,orientation,3
canonical_p3__mobley_2261979__cluster_3water__compressed,mobley_2261979,gfn2_xtb,0.05375184948766706,,,,compressed,3
canonical_p3__mobley_2261979__cluster_3water__cooperative,mobley_2261979,gfn2_xtb,0.018551859692202872,,,,cooperative,3
canonical_p3__mobley_2261979__cluster_3water__equilibrium,mobley_2261979,gfn2_xtb,0.050946241389144865,,,,equilibrium,3
canonical_p3__mobley_2261979__cluster_3water__orientation,mobley_2261979,gfn2_xtb,0.041091397645147666,,,,orientation,3
canonical_p3__mobley_2689721__cluster_3water__compressed,mobley_2689721,gfn2_xtb,0.07936715937487504,,,,compressed,3
canonical_p3__mobley_2689721__cluster_3water__cooperative,mobley_2689721,gfn2_xtb,0.0396186316154299,,,,cooperative,3
canonical_p3__mobley_2689721__cluster_3water__equilibrium,mobley_2689721,gfn2_xtb,0.018426979473565596,,,,equilibrium,3
canonical_p3__mobley_2689721__cluster_3water__orientation,mobley_2689721,gfn2_xtb,0.007402734407872577,,,,orientation,3
canonical_p3__mobley_2727678__cluster_3water__compressed,mobley_2727678,gfn2_xtb,0.036515749676176566,,,,compressed,3
canonical_p3__mobley_2727678__cluster_3water__cooperative,mobley_2727678,gfn2_xtb,0.12796936426367986,,,,cooperative,3
canonical_p3__mobley_2727678__cluster_3water__equilibrium,mobley_2727678,gfn2_xtb,0.4756840473354791,,,,equilibrium,3
canonical_p3__mobley_2727678__cluster_3water__orientation,mobley_2727678,gfn2_xtb,0.4625773876093911,,,,orientation,3
canonical_p3__mobley_3047364__cluster_3water__compressed,mobley_3047364,gfn2_xtb,0.02443980309663948,,,,compressed,3
canonical_p3__mobley_3047364__cluster_3water__cooperative,mobley_3047364,gfn2_xtb,0.025107062098523387,,,,cooperative,3
canonical_p3__mobley_3047364__cluster_3water__equilibrium,mobley_3047364,gfn2_xtb,0.0016487430401078416,,,,equilibrium,3
canonical_p3__mobley_3047364__cluster_3water__orientation,mobley_3047364,gfn2_xtb,0.023768727708351686,,,,orientation,3
canonical_p3__mobley_3709920__cluster_3water__compressed,mobley_3709920,gfn2_xtb,0.04793217268232164,,,,compressed,3
canonical_p3__mobley_3709920__cluster_3water__cooperative,mobley_3709920,gfn2_xtb,0.03897424450384754,,,,cooperative,3
canonical_p3__mobley_3709920__cluster_3water__equilibrium,mobley_3709920,gfn2_xtb,0.036705195457468816,,,,equilibrium,3
canonical_p3__mobley_3709920__cluster_3water__orientation,mobley_3709920,gfn2_xtb,0.004004085587188878,,,,orientation,3
canonical_p3__mobley_3777264__cluster_3water__compressed,mobley_3777264,gfn2_xtb,0.15348384405720653,,,,compressed,3
canonical_p3__mobley_3777264__cluster_3water__cooperative,mobley_3777264,gfn2_xtb,0.035961966127711555,,,,cooperative,3
canonical_p3__mobley_3777264__cluster_3water__equilibrium,mobley_3777264,gfn2_xtb,0.010460545409583357,,,,equilibrium,3
canonical_p3__mobley_3777264__cluster_3water__orientation,mobley_3777264,gfn2_xtb,0.10248224986882158,,,,orientation,3
canonical_p3__mobley_4479135__cluster_3water__compressed,mobley_4479135,gfn2_xtb,0.07942990253543121,,,,compressed,3
canonical_p3__mobley_4479135__cluster_3water__cooperative,mobley_4479135,gfn2_xtb,0.028362654431284745,,,,cooperative,3
canonical_p3__mobley_4479135__cluster_3water__equilibrium,mobley_4479135,gfn2_xtb,0.009071173802906297,,,,equilibrium,3
canonical_p3__mobley_4479135__cluster_3water__orientation,mobley_4479135,gfn2_xtb,0.018609618042153095,,,,orientation,3
canonical_p3__mobley_4934872__cluster_3water__compressed,mobley_4934872,gfn2_xtb,0.04406564508366426,,,,compressed,3
canonical_p3__mobley_4934872__cluster_3water__cooperative,mobley_4934872,gfn2_xtb,0.012598131441255723,,,,cooperative,3
canonical_p3__mobley_4934872__cluster_3water__equilibrium,mobley_4934872,gfn2_xtb,0.016326008691614338,,,,equilibrium,3
canonical_p3__mobley_4934872__cluster_3water__orientation,mobley_4934872,gfn2_xtb,0.01644326768641983,,,,orientation,3
canonical_p3__mobley_5200358__cluster_3water__compressed,mobley_5200358,gfn2_xtb,0.36165907169490213,,,,compressed,3
canonical_p3__mobley_5200358__cluster_3water__cooperative,mobley_5200358,gfn2_xtb,0.03737081749134666,,,,cooperative,3
canonical_p3__mobley_5200358__cluster_3water__equilibrium,mobley_5200358,gfn2_xtb,0.02580674664460526,,,,equilibrium,3
canonical_p3__mobley_5200358__cluster_3water__orientation,mobley_5200358,gfn2_xtb,0.02337307245104613,,,,orientation,3
canonical_p3__mobley_6239320__cluster_3water__compressed,mobley_6239320,gfn2_xtb,0.302322094863954,,,,compressed,3
canonical_p3__mobley_6239320__cluster_3water__cooperative,mobley_6239320,gfn2_xtb,0.012053090874334302,,,,cooperative,3
canonical_p3__mobley_6239320__cluster_3water__equilibrium,mobley_6239320,gfn2_xtb,0.12504088741514366,,,,equilibrium,3
canonical_p3__mobley_6239320__cluster_3water__orientation,mobley_6239320,gfn2_xtb,0.08861630686169399,,,,orientation,3
canonical_p3__mobley_7578802__cluster_3water__compressed,mobley_7578802,gfn2_xtb,8.613438988519254,,,,compressed,3
canonical_p3__mobley_7578802__cluster_3water__cooperative,mobley_7578802,gfn2_xtb,0.5731090562141006,,,,cooperative,3
canonical_p3__mobley_7578802__cluster_3water__equilibrium,mobley_7578802,gfn2_xtb,0.6621786093249367,,,,equilibrium,3
canonical_p3__mobley_7578802__cluster_3water__orientation,mobley_7578802,gfn2_xtb,0.3402488322995086,,,,orientation,3
canonical_p3__mobley_8337722__cluster_3water__compressed,mobley_8337722,gfn2_xtb,0.0742703496005231,,,,compressed,3
canonical_p3__mobley_8337722__cluster_3water__cooperative,mobley_8337722,gfn2_xtb,0.056411084046951,,,,cooperative,3
canonical_p3__mobley_8337722__cluster_3water__equilibrium,mobley_8337722,gfn2_xtb,0.001596084640772874,,,,equilibrium,3
canonical_p3__mobley_8337722__cluster_3water__orientation,mobley_8337722,gfn2_xtb,0.034524579651732626,,,,orientation,3
canonical_p3__mobley_9007496__cluster_3water__compressed,mobley_9007496,gfn2_xtb,0.09127671962796502,,,,compressed,3
canonical_p3__mobley_9007496__cluster_3water__cooperative,mobley_9007496,gfn2_xtb,0.01354957432024676,,,,cooperative,3
canonical_p3__mobley_9007496__cluster_3water__equilibrium,mobley_9007496,gfn2_xtb,0.08917924957409369,,,,equilibrium,3
canonical_p3__mobley_9007496__cluster_3water__orientation,mobley_9007496,gfn2_xtb,0.05874871049584437,,,,orientation,3
canonical_p3__mobley_9460824__cluster_3water__compressed,mobley_9460824,gfn2_xtb,0.023336823164607317,,,,compressed,3
canonical_p3__mobley_9460824__cluster_3water__cooperative,mobley_9460824,gfn2_xtb,0.007592632151925732,,,,cooperative,3
canonical_p3__mobley_9460824__cluster_3water__equilibrium,mobley_9460824,gfn2_xtb,0.005487792179919463,,,,equilibrium,3
canonical_p3__mobley_9460824__cluster_3water__orientation,mobley_9460824,gfn2_xtb,0.039237263991679656,,,,orientation,3
canonical_p3__mobley_9534740__cluster_3water__compressed,mobley_9534740,gfn2_xtb,0.12323876996454104,,,,compressed,3
canonical_p3__mobley_9534740__cluster_3water__cooperative,mobley_9534740,gfn2_xtb,0.030829396966525726,,,,cooperative,3
canonical_p3__mobley_9534740__cluster_3water__equilibrium,mobley_9534740,gfn2_xtb,0.10071879614900432,,,,equilibrium,3
canonical_p3__mobley_9534740__cluster_3water__orientation,mobley_9534740,gfn2_xtb,0.07880198961973191,,,,orientation,3
canonical_p3__mobley_9741965__cluster_3water__compressed,mobley_9741965,gfn2_xtb,0.268129186233345,,,,compressed,3
canonical_p3__mobley_9741965__cluster_3water__cooperative,mobley_9741965,gfn2_xtb,0.07995293380492818,,,,cooperative,3
canonical_p3__mobley_9741965__cluster_3water__equilibrium,mobley_9741965,gfn2_xtb,0.008703756127504283,,,,equilibrium,3
canonical_p3__mobley_9741965__cluster_3water__orientation,mobley_9741965,gfn2_xtb,0.013364975271257566,,,,orientation,3
canonical_p3__mobley_1278715__cluster_3water__compressed,mobley_1278715,glider,0.0159006437682851,1.055444348250671,2.035419100333789,1.9284949544780459,compressed,3
canonical_p3__mobley_1278715__cluster_3water__cooperative,mobley_1278715,glider,0.020771237077976627,0.9252421832200992,1.3216480992409227,1.4284347635785704,cooperative,3
canonical_p3__mobley_1278715__cluster_3water__equilibrium,mobley_1278715,glider,0.006924631216541113,0.2561183669101061,1.3840471616091485,5.403935603317858,equilibrium,3
canonical_p3__mobley_1278715__cluster_3water__orientation,mobley_1278715,glider,0.05792797501889396,0.6369407319080298,1.7992292209120984,2.824798495022133,orientation,3
canonical_p3__mobley_1352110__cluster_3water__compressed,mobley_1352110,glider,0.006859256768918083,0.17751334966366938,0.40299570621469405,2.2702276024774535,compressed,3
canonical_p3__mobley_1352110__cluster_3water__cooperative,mobley_1352110,glider,0.00014856648480607903,0.2149211289551434,0.35510567101035173,1.652260402393785,cooperative,3
canonical_p3__mobley_1352110__cluster_3water__equilibrium,mobley_1352110,glider,0.007148818097162775,0.2975968525647909,0.5358860469413241,1.8007114064644028,equilibrium,3
canonical_p3__mobley_1352110__cluster_3water__orientation,mobley_1352110,glider,0.0038758936216506615,0.297561708395747,0.5211110543366643,1.751270541986552,orientation,3
canonical_p3__mobley_1723043__cluster_3water__compressed,mobley_1723043,glider,0.006688869236544229,0.265719221022918,0.8756374687130366,3.2953486215342838,compressed,3
canonical_p3__mobley_1723043__cluster_3water__cooperative,mobley_1723043,glider,0.0017732361917137888,0.3187700352487555,0.7068228877620794,2.217344196767123,cooperative,3
canonical_p3__mobley_1723043__cluster_3water__equilibrium,mobley_1723043,glider,0.0011025375875173434,0.68809038153867,0.9490509681120107,1.3792533562085187,equilibrium,3
canonical_p3__mobley_1723043__cluster_3water__orientation,mobley_1723043,glider,0.0007762082488987584,0.4983469439724226,0.8058183117430301,1.6169825489842318,orientation,3
canonical_p3__mobley_172879__cluster_3water__compressed,mobley_172879,glider,0.010996623571613151,0.20454854997602115,0.6766858136725137,3.3081916921525,compressed,3
canonical_p3__mobley_172879__cluster_3water__cooperative,mobley_172879,glider,0.006040612331119449,0.21716069186426162,0.6177730828249333,2.8447739667871303,cooperative,3
canonical_p3__mobley_172879__cluster_3water__equilibrium,mobley_172879,glider,0.009262697797330749,0.28773374488077125,0.8470098506469014,2.943727893292037,equilibrium,3
canonical_p3__mobley_172879__cluster_3water__orientation,mobley_172879,glider,0.012944129740078006,0.43256102187052325,0.9265892136760522,2.1421005750106734,orientation,3
canonical_p3__mobley_2261979__cluster_3water__compressed,mobley_2261979,glider,0.009622483600899132,0.18599582160412598,0.5646185310274406,3.0356516945266447,compressed,3
canonical_p3__mobley_2261979__cluster_3water__cooperative,mobley_2261979,glider,0.00021277825337463372,0.10250228832455295,0.2960034923927056,2.8877744802678933,cooperative,3
canonical_p3__mobley_2261979__cluster_3water__equilibrium,mobley_2261979,glider,0.008449251763620423,0.14212359046703268,0.8198662561983788,5.768685223221664,equilibrium,3
canonical_p3__mobley_2261979__cluster_3water__orientation,mobley_2261979,glider,0.007123900954565376,0.3659505463984427,0.687971799909198,1.8799583896785397,orientation,3
canonical_p3__mobley_2689721__cluster_3water__compressed,mobley_2689721,glider,0.0005694616077385194,0.15995859474637247,0.4370118299755742,2.7320309400597846,compressed,3
canonical_p3__mobley_2689721__cluster_3water__cooperative,mobley_2689721,glider,0.00015540780474081366,0.10442101952753327,0.24014987041817865,2.299823076855297,cooperative,3
canonical_p3__mobley_2689721__cluster_3water__equilibrium,mobley_2689721,glider,0.0011088494007239988,0.2160476311707864,0.5645300889198728,2.6129890240435447,equilibrium,3
canonical_p3__mobley_2689721__cluster_3water__orientation,mobley_2689721,glider,0.0009661506059205904,0.23815392663127014,0.4093791371164145,1.7189686641205357,orientation,3
canonical_p3__mobley_2727678__cluster_3water__compressed,mobley_2727678,glider,0.04619251733842248,0.37537535482488477,1.1695779134254223,3.115755731942069,compressed,3
canonical_p3__mobley_2727678__cluster_3water__cooperative,mobley_2727678,glider,0.02681953899677331,0.27967150004375557,1.0007011943778457,3.5781307506173583,cooperative,3
canonical_p3__mobley_2727678__cluster_3water__equilibrium,mobley_2727678,glider,0.678656542958398,0.9834603898887908,5.630731238128923,5.725427577988823,equilibrium,3
canonical_p3__mobley_2727678__cluster_3water__orientation,mobley_2727678,glider,0.27869000349453577,1.0325690199674176,9.314386019400672,9.020594109723131,orientation,3
canonical_p3__mobley_3047364__cluster_3water__compressed,mobley_3047364,glider,0.0032547028845257234,0.23794031468912416,0.4529447720121176,1.9036066780188252,compressed,3
canonical_p3__mobley_3047364__cluster_3water__cooperative,mobley_3047364,glider,2.563090540488947,8.405886346360347,13.172435360768123,1.5670489485587247,cooperative,3
canonical_p3__mobley_3047364__cluster_3water__equilibrium,mobley_3047364,glider,0.005846120933089336,0.27390045340697744,0.5028549852619975,1.8359041725090754,equilibrium,3
canonical_p3__mobley_3047364__cluster_3water__orientation,mobley_3047364,glider,0.0009333295985135681,0.3139010191831134,0.6359788781321419,2.0260491023163745,orientation,3
canonical_p3__mobley_3709920__cluster_3water__compressed,mobley_3709920,glider,0.0003070108504640026,0.1464383464699789,0.26563976884912904,1.8140041543257077,compressed,3
canonical_p3__mobley_3709920__cluster_3water__cooperative,mobley_3709920,glider,0.000263371797214365,0.18827905976920772,0.28953372638593244,1.5377903774367825,cooperative,3
canonical_p3__mobley_3709920__cluster_3water__equilibrium,mobley_3709920,glider,0.006414707936193504,0.2568329652424334,0.49754098181113815,1.9372162033074387,equilibrium,3
canonical_p3__mobley_3709920__cluster_3water__orientation,mobley_3709920,glider,0.0013757896057289452,0.4186057089016757,0.5384853631873613,1.2863784504999274,orientation,3
canonical_p3__mobley_3777264__cluster_3water__compressed,mobley_3777264,glider,0.011940138769684269,0.20949102412528697,0.9619933190828681,4.592050294754128,compressed,3
canonical_p3__mobley_3777264__cluster_3water__cooperative,mobley_3777264,glider,0.003050925517594712,0.19791652092318004,0.6407516648102316,3.237484479928459,cooperative,3
canonical_p3__mobley_3777264__cluster_3water__equilibrium,mobley_3777264,glider,0.011122832205668664,0.19265919090001024,1.1288596979700083,5.859360732786865,equilibrium,3
canonical_p3__mobley_3777264__cluster_3water__orientation,mobley_3777264,glider,0.001756010918050297,0.3173876735639725,0.8832744700619568,2.7829513986589163,orientation,3
canonical_p3__mobley_4479135__cluster_3water__compressed,mobley_4479135,glider,0.006429735165311742,0.23703943753832538,0.713566476931149,3.010328088615115,compressed,3
canonical_p3__mobley_4479135__cluster_3water__cooperative,mobley_4479135,glider,0.0031325568346418846,0.24633622516019563,0.5582536428637964,2.266226343692475,cooperative,3
canonical_p3__mobley_4479135__cluster_3water__equilibrium,mobley_4479135,glider,0.0108919339291101,0.4221310034240506,0.8692645672832214,2.0592293866887665,equilibrium,3
canonical_p3__mobley_4479135__cluster_3water__orientation,mobley_4479135,glider,0.009759274578614717,0.43409646230947624,0.8686932757283133,2.0011526265537825,orientation,3
canonical_p3__mobley_4934872__cluster_3water__compressed,mobley_4934872,glider,0.0015780661617824478,0.17756878329982964,0.41072719082113224,2.313059667293031,compressed,3
canonical_p3__mobley_4934872__cluster_3water__cooperative,mobley_4934872,glider,0.0003485803137845105,0.2395374448253964,0.45373358002232983,1.894207314238762,cooperative,3
canonical_p3__mobley_4934872__cluster_3water__equilibrium,mobley_4934872,glider,0.0045524277283079334,0.22806982782070712,0.6100312605859718,2.674756527047219,equilibrium,3
canonical_p3__mobley_4934872__cluster_3water__orientation,mobley_4934872,glider,0.0037135080889308513,0.27818185108717847,0.6715658468098645,2.41412530754713,orientation,3
canonical_p3__mobley_5200358__cluster_3water__compressed,mobley_5200358,glider,0.004320871412712792,0.27483784408636924,1.3595000200401794,4.946553210528566,compressed,3
canonical_p3__mobley_5200358__cluster_3water__cooperative,mobley_5200358,glider,0.009381186434801842,0.34087823422952374,0.662786412196261,1.9443494645363204,cooperative,3
canonical_p3__mobley_5200358__cluster_3water__equilibrium,mobley_5200358,glider,0.009950226735309145,0.48131804088950597,1.1941010987276994,2.4808982778225506,equilibrium,3
canonical_p3__mobley_5200358__cluster_3water__orientation,mobley_5200358,glider,0.012763068837703928,0.3898730480036897,0.9600232944318428,2.46239974614187,orientation,3
canonical_p3__mobley_6239320__cluster_3water__compressed,mobley_6239320,glider,0.005400076087030609,0.2821922244374656,1.251403838659646,4.43457944723406,compressed,3
canonical_p3__mobley_6239320__cluster_3water__cooperative,mobley_6239320,glider,0.00585315661438524,0.22703155168093309,0.7056523821271018,3.108168784922087,cooperative,3
canonical_p3__mobley_6239320__cluster_3water__equilibrium,mobley_6239320,glider,0.0034820313574155126,0.36172330694757804,1.1653704077780953,3.221717775423811,equilibrium,3
canonical_p3__mobley_6239320__cluster_3water__orientation,mobley_6239320,glider,0.0016600414392777556,0.26159654917291997,0.8153313565387271,3.1167511923094158,orientation,3
canonical_p3__mobley_7578802__cluster_3water__compressed,mobley_7578802,glider,0.017191113019290837,0.4743088430620314,3.216258643100816,6.780937547648011,compressed,3
canonical_p3__mobley_7578802__cluster_3water__cooperative,mobley_7578802,glider,0.012563849857525775,0.843422121824455,1.2234749859356593,1.4506081288087278,cooperative,3
canonical_p3__mobley_7578802__cluster_3water__equilibrium,mobley_7578802,glider,0.006665520989310534,0.1844519314924283,1.2496100087976125,6.77471902130181,equilibrium,3
canonical_p3__mobley_7578802__cluster_3water__orientation,mobley_7578802,glider,0.017080818763346915,0.15132436513033312,1.3162869630526228,8.698446954784359,orientation,3
canonical_p3__mobley_8337722__cluster_3water__compressed,mobley_8337722,glider,0.0011609645374761437,0.16563889388991956,0.34938270507951263,2.1093035390088137,compressed,3
canonical_p3__mobley_8337722__cluster_3water__cooperative,mobley_8337722,glider,0.002100422387037052,0.161942791347514,0.3629078310450992,2.240963169927911,cooperative,3
canonical_p3__mobley_8337722__cluster_3water__equilibrium,mobley_8337722,glider,0.00022820878556393574,0.20512754842235345,0.5600274091565068,2.7301423600277315,equilibrium,3
canonical_p3__mobley_8337722__cluster_3water__orientation,mobley_8337722,glider,0.0011172784799522346,0.1872661280654727,0.5404137852958076,2.8858063702094925,orientation,3
canonical_p3__mobley_9007496__cluster_3water__compressed,mobley_9007496,glider,0.011702149667127118,0.2666057610301751,1.2305997120675178,4.615803151861506,compressed,3
canonical_p3__mobley_9007496__cluster_3water__cooperative,mobley_9007496,glider,0.004866873711931238,0.2224597898288246,0.5394838645171008,2.425084843118011,cooperative,3
canonical_p3__mobley_9007496__cluster_3water__equilibrium,mobley_9007496,glider,0.025910024040977003,0.19383303642858274,1.0407579394067978,5.369352709852751,equilibrium,3
canonical_p3__mobley_9007496__cluster_3water__orientation,mobley_9007496,glider,0.005037356601620024,0.21192966748013237,0.8451052894297686,3.9876686425178964,orientation,3
canonical_p3__mobley_9460824__cluster_3water__compressed,mobley_9460824,glider,0.0077350383968718085,0.3338007195793677,0.652950389944295,1.9561083953536633,compressed,3
canonical_p3__mobley_9460824__cluster_3water__cooperative,mobley_9460824,glider,0.004379584257912226,0.3203708057872735,0.6130663308472707,1.913614848084339,cooperative,3
canonical_p3__mobley_9460824__cluster_3water__equilibrium,mobley_9460824,glider,0.004482167575779862,0.41879136308873993,0.7329586169937897,1.7501760580446335,equilibrium,3
canonical_p3__mobley_9460824__cluster_3water__orientation,mobley_9460824,glider,0.013559575219213449,0.357669824227967,0.863537487942366,2.4143425848303477,orientation,3
canonical_p3__mobley_9534740__cluster_3water__compressed,mobley_9534740,glider,0.0033797160541035923,0.23364431046928288,0.6676390174675682,2.857501713294843,compressed,3
canonical_p3__mobley_9534740__cluster_3water__cooperative,mobley_9534740,glider,0.001285390142366425,0.22744922626347283,0.6547668586704358,2.8787385625659,cooperative,3
canonical_p3__mobley_9534740__cluster_3water__equilibrium,mobley_9534740,glider,0.0036028251343221593,0.23020998448118163,0.9075873589838938,3.942432649171583,equilibrium,3
canonical_p3__mobley_9534740__cluster_3water__orientation,mobley_9534740,glider,0.007339819631144541,0.27813811985978004,1.172521071385487,4.215607238506536,orientation,3
canonical_p3__mobley_9741965__cluster_3water__compressed,mobley_9741965,glider,0.007547428609622257,0.31981886318609093,1.1769893831510563,3.680174994763236,compressed,3
canonical_p3__mobley_9741965__cluster_3water__cooperative,mobley_9741965,glider,0.0020105991913676262,0.3060786753801514,0.7153602914488644,2.337177820573037,cooperative,3
canonical_p3__mobley_9741965__cluster_3water__equilibrium,mobley_9741965,glider,0.012678257531036921,0.36919291517035413,1.2484568805096665,3.3815840694927735,equilibrium,3
canonical_p3__mobley_9741965__cluster_3water__orientation,mobley_9741965,glider,0.0074326779168240415,0.46082337719671557,1.4789183981358152,3.209295516066011,orientation,3
canonical_p3__mobley_1278715__cluster_3water__compressed,mobley_1278715,mace_mdp,0.0024272196638575757,,,,compressed,3
canonical_p3__mobley_1278715__cluster_3water__cooperative,mobley_1278715,mace_mdp,0.06236013681239875,,,,cooperative,3
canonical_p3__mobley_1278715__cluster_3water__equilibrium,mobley_1278715,mace_mdp,0.0007987969164286924,,,,equilibrium,3
canonical_p3__mobley_1278715__cluster_3water__orientation,mobley_1278715,mace_mdp,0.022501126646417496,,,,orientation,3
canonical_p3__mobley_1352110__cluster_3water__compressed,mobley_1352110,mace_mdp,0.0029661117801630422,,,,compressed,3
canonical_p3__mobley_1352110__cluster_3water__cooperative,mobley_1352110,mace_mdp,1.332099052672716,,,,cooperative,3
canonical_p3__mobley_1352110__cluster_3water__equilibrium,mobley_1352110,mace_mdp,0.0006331688508191945,,,,equilibrium,3
canonical_p3__mobley_1352110__cluster_3water__orientation,mobley_1352110,mace_mdp,0.0005880616114498451,,,,orientation,3
canonical_p3__mobley_1723043__cluster_3water__compressed,mobley_1723043,mace_mdp,0.009296635841115262,,,,compressed,3
canonical_p3__mobley_1723043__cluster_3water__cooperative,mobley_1723043,mace_mdp,0.001512986584875981,,,,cooperative,3
canonical_p3__mobley_1723043__cluster_3water__equilibrium,mobley_1723043,mace_mdp,0.00019981440377580542,,,,equilibrium,3
canonical_p3__mobley_1723043__cluster_3water__orientation,mobley_1723043,mace_mdp,7.197064766045127e-05,,,,orientation,3
canonical_p3__mobley_172879__cluster_3water__compressed,mobley_172879,mace_mdp,0.0018949103908789634,,,,compressed,3
canonical_p3__mobley_172879__cluster_3water__cooperative,mobley_172879,mace_mdp,0.005549374407902023,,,,cooperative,3
canonical_p3__mobley_172879__cluster_3water__equilibrium,mobley_172879,mace_mdp,0.0007066610804582074,,,,equilibrium,3
canonical_p3__mobley_172879__cluster_3water__orientation,mobley_172879,mace_mdp,0.0018893513766593964,,,,orientation,3
canonical_p3__mobley_2261979__cluster_3water__compressed,mobley_2261979,mace_mdp,7.84763006227671e-05,,,,compressed,3
canonical_p3__mobley_2261979__cluster_3water__cooperative,mobley_2261979,mace_mdp,0.0006198105539226847,,,,cooperative,3
canonical_p3__mobley_2261979__cluster_3water__equilibrium,mobley_2261979,mace_mdp,0.0012048842964739062,,,,equilibrium,3
canonical_p3__mobley_2261979__cluster_3water__orientation,mobley_2261979,mace_mdp,0.002236302925021423,,,,orientation,3
canonical_p3__mobley_2689721__cluster_3water__compressed,mobley_2689721,mace_mdp,0.00011365724942393623,,,,compressed,3
canonical_p3__mobley_2689721__cluster_3water__cooperative,mobley_2689721,mace_mdp,0.0007342056966285524,,,,cooperative,3
canonical_p3__mobley_2689721__cluster_3water__equilibrium,mobley_2689721,mace_mdp,0.0001799326467788223,,,,equilibrium,3
canonical_p3__mobley_2689721__cluster_3water__orientation,mobley_2689721,mace_mdp,0.0006448928839420448,,,,orientation,3
canonical_p3__mobley_2727678__cluster_3water__compressed,mobley_2727678,mace_mdp,0.01419493110933128,,,,compressed,3
canonical_p3__mobley_2727678__cluster_3water__cooperative,mobley_2727678,mace_mdp,0.01817199906176126,,,,cooperative,3
canonical_p3__mobley_2727678__cluster_3water__equilibrium,mobley_2727678,mace_mdp,0.3404780234006761,,,,equilibrium,3
canonical_p3__mobley_2727678__cluster_3water__orientation,mobley_2727678,mace_mdp,0.43307520158854546,,,,orientation,3
canonical_p3__mobley_3047364__cluster_3water__compressed,mobley_3047364,mace_mdp,0.0021017348688278175,,,,compressed,3
canonical_p3__mobley_3047364__cluster_3water__cooperative,mobley_3047364,mace_mdp,0.012196896425212463,,,,cooperative,3
canonical_p3__mobley_3047364__cluster_3water__equilibrium,mobley_3047364,mace_mdp,0.0016404126113919578,,,,equilibrium,3
canonical_p3__mobley_3047364__cluster_3water__orientation,mobley_3047364,mace_mdp,0.001547209526029229,,,,orientation,3
canonical_p3__mobley_3709920__cluster_3water__compressed,mobley_3709920,mace_mdp,0.0011197205649852691,,,,compressed,3
canonical_p3__mobley_3709920__cluster_3water__cooperative,mobley_3709920,mace_mdp,0.005317070468380835,,,,cooperative,3
canonical_p3__mobley_3709920__cluster_3water__equilibrium,mobley_3709920,mace_mdp,4.4274840655849284e-05,,,,equilibrium,3
canonical_p3__mobley_3709920__cluster_3water__orientation,mobley_3709920,mace_mdp,0.0008143519799990823,,,,orientation,3
canonical_p3__mobley_3777264__cluster_3water__compressed,mobley_3777264,mace_mdp,0.015454049016319402,,,,compressed,3
canonical_p3__mobley_3777264__cluster_3water__cooperative,mobley_3777264,mace_mdp,0.002032554463713004,,,,cooperative,3
canonical_p3__mobley_3777264__cluster_3water__equilibrium,mobley_3777264,mace_mdp,0.0022949714844543822,,,,equilibrium,3
canonical_p3__mobley_3777264__cluster_3water__orientation,mobley_3777264,mace_mdp,0.0015957098279554983,,,,orientation,3
canonical_p3__mobley_4479135__cluster_3water__compressed,mobley_4479135,mace_mdp,0.5030773838416757,,,,compressed,3
canonical_p3__mobley_4479135__cluster_3water__cooperative,mobley_4479135,mace_mdp,0.0015744762963539754,,,,cooperative,3
canonical_p3__mobley_4479135__cluster_3water__equilibrium,mobley_4479135,mace_mdp,0.0001921399749284815,,,,equilibrium,3
canonical_p3__mobley_4479135__cluster_3water__orientation,mobley_4479135,mace_mdp,0.0012089205769378944,,,,orientation,3
canonical_p3__mobley_4934872__cluster_3water__compressed,mobley_4934872,mace_mdp,0.004601513718191724,,,,compressed,3
canonical_p3__mobley_4934872__cluster_3water__cooperative,mobley_4934872,mace_mdp,0.0033734460798360982,,,,cooperative,3
canonical_p3__mobley_4934872__cluster_3water__equilibrium,mobley_4934872,mace_mdp,0.0026997817181546035,,,,equilibrium,3
canonical_p3__mobley_4934872__cluster_3water__orientation,mobley_4934872,mace_mdp,0.0004529801923669584,,,,orientation,3
canonical_p3__mobley_5200358__cluster_3water__compressed,mobley_5200358,mace_mdp,0.010668556477386959,,,,compressed,3
canonical_p3__mobley_5200358__cluster_3water__cooperative,mobley_5200358,mace_mdp,0.01444196059524077,,,,cooperative,3
canonical_p3__mobley_5200358__cluster_3water__equilibrium,mobley_5200358,mace_mdp,0.0007928138238197836,,,,equilibrium,3
canonical_p3__mobley_5200358__cluster_3water__orientation,mobley_5200358,mace_mdp,0.0010915817869308962,,,,orientation,3
canonical_p3__mobley_6239320__cluster_3water__compressed,mobley_6239320,mace_mdp,0.00373096681699793,,,,compressed,3
canonical_p3__mobley_6239320__cluster_3water__cooperative,mobley_6239320,mace_mdp,0.0005511766291017107,,,,cooperative,3
canonical_p3__mobley_6239320__cluster_3water__equilibrium,mobley_6239320,mace_mdp,0.0004350573483940959,,,,equilibrium,3
canonical_p3__mobley_6239320__cluster_3water__orientation,mobley_6239320,mace_mdp,0.002139825712987014,,,,orientation,3
canonical_p3__mobley_7578802__cluster_3water__compressed,mobley_7578802,mace_mdp,1.8076572963869142,,,,compressed,3
canonical_p3__mobley_7578802__cluster_3water__cooperative,mobley_7578802,mace_mdp,0.008807888194474698,,,,cooperative,3
canonical_p3__mobley_7578802__cluster_3water__equilibrium,mobley_7578802,mace_mdp,0.030453498919593803,,,,equilibrium,3
canonical_p3__mobley_7578802__cluster_3water__orientation,mobley_7578802,mace_mdp,0.06909064656637824,,,,orientation,3
canonical_p3__mobley_8337722__cluster_3water__compressed,mobley_8337722,mace_mdp,0.0013200212885017817,,,,compressed,3
canonical_p3__mobley_8337722__cluster_3water__cooperative,mobley_8337722,mace_mdp,0.0013831407208788626,,,,cooperative,3
canonical_p3__mobley_8337722__cluster_3water__equilibrium,mobley_8337722,mace_mdp,0.0005419325505773441,,,,equilibrium,3
canonical_p3__mobley_8337722__cluster_3water__orientation,mobley_8337722,mace_mdp,0.0002898670496821699,,,,orientation,3
canonical_p3__mobley_9007496__cluster_3water__compressed,mobley_9007496,mace_mdp,0.0048550557489069465,,,,compressed,3
canonical_p3__mobley_9007496__cluster_3water__cooperative,mobley_9007496,mace_mdp,0.005019492676653689,,,,cooperative,3
canonical_p3__mobley_9007496__cluster_3water__equilibrium,mobley_9007496,mace_mdp,0.007294817668671699,,,,equilibrium,3
canonical_p3__mobley_9007496__cluster_3water__orientation,mobley_9007496,mace_mdp,0.005528229965008642,,,,orientation,3
canonical_p3__mobley_9460824__cluster_3water__compressed,mobley_9460824,mace_mdp,0.013608995505567512,,,,compressed,3
canonical_p3__mobley_9460824__cluster_3water__cooperative,mobley_9460824,mace_mdp,0.017833023890197572,,,,cooperative,3
canonical_p3__mobley_9460824__cluster_3water__equilibrium,mobley_9460824,mace_mdp,0.001644725886378361,,,,equilibrium,3
canonical_p3__mobley_9460824__cluster_3water__orientation,mobley_9460824,mace_mdp,0.0007926938938007236,,,,orientation,3
canonical_p3__mobley_9534740__cluster_3water__compressed,mobley_9534740,mace_mdp,0.0022002143474207534,,,,compressed,3
canonical_p3__mobley_9534740__cluster_3water__cooperative,mobley_9534740,mace_mdp,0.0019637404702019224,,,,cooperative,3
canonical_p3__mobley_9534740__cluster_3water__equilibrium,mobley_9534740,mace_mdp,0.003815596967169611,,,,equilibrium,3
canonical_p3__mobley_9534740__cluster_3water__orientation,mobley_9534740,mace_mdp,0.0003466745904344309,,,,orientation,3
canonical_p3__mobley_9741965__cluster_3water__compressed,mobley_9741965,mace_mdp,0.005111790892479604,,,,compressed,3
canonical_p3__mobley_9741965__cluster_3water__cooperative,mobley_9741965,mace_mdp,0.0032751449668380977,,,,cooperative,3
canonical_p3__mobley_9741965__cluster_3water__equilibrium,mobley_9741965,mace_mdp,0.0010368473792711286,,,,equilibrium,3
canonical_p3__mobley_9741965__cluster_3water__orientation,mobley_9741965,mace_mdp,0.004608262176936968,,,,orientation,3
canonical_p3__mobley_1278715__cluster_3water__compressed,mobley_1278715,mace_polar_l,0.01299628031709235,1.0459669516423595,2.017141988793073,1.9284949544780459,compressed,3
canonical_p3__mobley_1278715__cluster_3water__cooperative,mobley_1278715,mace_polar_l,0.0033183612929113004,1.193620032741785,1.7050083492721568,1.4284347635785704,cooperative,3
canonical_p3__mobley_1278715__cluster_3water__equilibrium,mobley_1278715,mace_polar_l,0.00249897223575228,0.3660095998389851,1.9778923077260138,5.403935603317858,equilibrium,3
canonical_p3__mobley_1278715__cluster_3water__orientation,mobley_1278715,mace_polar_l,0.05117963339264118,0.7520296125588716,2.1243321177683785,2.824798495022133,orientation,3
canonical_p3__mobley_1352110__cluster_3water__compressed,mobley_1352110,mace_polar_l,0.005520200295046379,0.45763350864574903,1.0389322231461837,2.2702276024774535,compressed,3
canonical_p3__mobley_1352110__cluster_3water__cooperative,mobley_1352110,mace_polar_l,0.003241548251104943,0.5369387748913309,0.8871626762627763,1.652260402393785,cooperative,3
canonical_p3__mobley_1352110__cluster_3water__equilibrium,mobley_1352110,mace_polar_l,0.009010820421946902,0.5789059245787375,1.0424425016587537,1.8007114064644028,equilibrium,3
canonical_p3__mobley_1352110__cluster_3water__orientation,mobley_1352110,mace_polar_l,0.0040794517531897575,0.5068545873395557,0.8876395078785139,1.751270541986552,orientation,3
canonical_p3__mobley_1723043__cluster_3water__compressed,mobley_1723043,mace_polar_l,0.023714944816205095,0.3450479096940384,1.1370531535735355,3.2953486215342838,compressed,3
canonical_p3__mobley_1723043__cluster_3water__cooperative,mobley_1723043,mace_polar_l,0.0035058271129793125,0.43516323294936293,0.9649066692266897,2.217344196767123,cooperative,3
canonical_p3__mobley_1723043__cluster_3water__equilibrium,mobley_1723043,mace_polar_l,0.0026081287475755756,0.6449583277588967,0.8895609381760923,1.3792533562085187,equilibrium,3
canonical_p3__mobley_1723043__cluster_3water__orientation,mobley_1723043,mace_polar_l,0.004319008892744044,0.47861394204389884,0.773910391985535,1.6169825489842318,orientation,3
canonical_p3__mobley_172879__cluster_3water__compressed,mobley_172879,mace_polar_l,0.023572109839225548,0.4977173686767163,1.6465444640963158,3.3081916921525,compressed,3
canonical_p3__mobley_172879__cluster_3water__cooperative,mobley_172879,mace_polar_l,0.012388481947766481,0.496718793408834,1.4130526923033657,2.8447739667871303,cooperative,3
canonical_p3__mobley_172879__cluster_3water__equilibrium,mobley_172879,mace_polar_l,0.012645798111246003,0.3398309523421889,1.0003698534136984,2.943727893292037,equilibrium,3
canonical_p3__mobley_172879__cluster_3water__orientation,mobley_172879,mace_polar_l,0.021946122456139663,0.7889362799238242,1.6899808588716054,2.1421005750106734,orientation,3
canonical_p3__mobley_2261979__cluster_3water__compressed,mobley_2261979,mace_polar_l,0.0030354788478033795,0.4467749299623151,1.356253073212125,3.0356516945266447,compressed,3
canonical_p3__mobley_2261979__cluster_3water__cooperative,mobley_2261979,mace_polar_l,0.0002798604220968008,0.4318027256020933,1.246948891503845,2.8877744802678933,cooperative,3
canonical_p3__mobley_2261979__cluster_3water__equilibrium,mobley_2261979,mace_polar_l,0.007365585347713955,0.2980118253505784,1.719136413245197,5.768685223221664,equilibrium,3
canonical_p3__mobley_2261979__cluster_3water__orientation,mobley_2261979,mace_polar_l,0.008252210706363027,0.8456528726674328,1.5897922127268982,1.8799583896785397,orientation,3
canonical_p3__mobley_2689721__cluster_3water__compressed,mobley_2689721,mace_polar_l,0.0005143742918917855,0.42718276963027835,1.167076543690352,2.7320309400597846,compressed,3
canonical_p3__mobley_2689721__cluster_3water__cooperative,mobley_2689721,mace_polar_l,7.01806821649485e-05,0.4297960722192338,0.9884549252315598,2.299823076855297,cooperative,3
canonical_p3__mobley_2689721__cluster_3water__equilibrium,mobley_2689721,mace_polar_l,0.0011316244527783902,0.5219703129796289,1.3639026986923442,2.6129890240435447,equilibrium,3
canonical_p3__mobley_2689721__cluster_3water__orientation,mobley_2689721,mace_polar_l,0.0014578780729049862,0.8901557710870239,1.5301498766846469,1.7189686641205357,orientation,3
canonical_p3__mobley_2727678__cluster_3water__compressed,mobley_2727678,mace_polar_l,0.056097223946169096,0.6616718977287195,2.0616080080132435,3.115755731942069,compressed,3
canonical_p3__mobley_2727678__cluster_3water__cooperative,mobley_2727678,mace_polar_l,0.021524866960709054,0.4706718198831905,1.6841253121730784,3.5781307506173583,cooperative,3
canonical_p3__mobley_2727678__cluster_3water__equilibrium,mobley_2727678,mace_polar_l,0.5429726946566481,0.9868318862478099,5.65003449636194,5.725427577988823,equilibrium,3
canonical_p3__mobley_2727678__cluster_3water__orientation,mobley_2727678,mace_polar_l,0.3300947809260733,1.0164089030854038,9.168612164242344,9.020594109723131,orientation,3
canonical_p3__mobley_3047364__cluster_3water__compressed,mobley_3047364,mace_polar_l,0.004637325821514055,0.55383510924358,1.0542842124773646,1.9036066780188252,compressed,3
canonical_p3__mobley_3047364__cluster_3water__cooperative,mobley_3047364,mace_polar_l,8.406707622347968,6.953386261816237,10.896296630501816,1.5670489485587247,cooperative,3
canonical_p3__mobley_3047364__cluster_3water__equilibrium,mobley_3047364,mace_polar_l,0.005582353009607564,0.5917098825054158,1.0863226422065477,1.8359041725090754,equilibrium,3
canonical_p3__mobley_3047364__cluster_3water__orientation,mobley_3047364,mace_polar_l,0.0024413573294344982,0.7165726563258613,1.4518113870934712,2.0260491023163745,orientation,3
canonical_p3__mobley_3709920__cluster_3water__compressed,mobley_3709920,mace_polar_l,1.066387647545724e-05,0.47747854493069763,0.8661480641056796,1.8140041543257077,compressed,3
canonical_p3__mobley_3709920__cluster_3water__cooperative,mobley_3709920,mace_polar_l,0.00013126084027365468,0.451076205867739,0.6936606488741022,1.5377903774367825,cooperative,3
canonical_p3__mobley_3709920__cluster_3water__equilibrium,mobley_3709920,mace_polar_l,0.0047254019691623655,0.5141657573002294,0.9960502362278444,1.9372162033074387,equilibrium,3
canonical_p3__mobley_3709920__cluster_3water__orientation,mobley_3709920,mace_polar_l,0.0006659856677890343,0.6636469294374628,0.8537011087687982,1.2863784504999274,orientation,3
canonical_p3__mobley_3777264__cluster_3water__compressed,mobley_3777264,mace_polar_l,0.013051360520526198,0.5516041861011413,2.5329941653733563,4.592050294754128,compressed,3
canonical_p3__mobley_3777264__cluster_3water__cooperative,mobley_3777264,mace_polar_l,0.005714520188056887,0.4904971033989284,1.5879767597038954,3.237484479928459,cooperative,3
canonical_p3__mobley_3777264__cluster_3water__equilibrium,mobley_3777264,mace_polar_l,0.027608537661979595,0.3592579274620439,2.1050217931134916,5.859360732786865,equilibrium,3
canonical_p3__mobley_3777264__cluster_3water__orientation,mobley_3777264,mace_polar_l,0.0065795251019174035,0.5517619947015828,1.5355268148816035,2.7829513986589163,orientation,3
canonical_p3__mobley_4479135__cluster_3water__compressed,mobley_4479135,mace_polar_l,0.0064290596402163365,0.4218345989004815,1.2698605418198103,3.010328088615115,compressed,3
canonical_p3__mobley_4479135__cluster_3water__cooperative,mobley_4479135,mace_polar_l,0.006443370107799031,0.49161294163505115,1.1141061992335042,2.266226343692475,cooperative,3
canonical_p3__mobley_4479135__cluster_3water__equilibrium,mobley_4479135,mace_polar_l,0.015488944532299598,0.4681902098598689,0.9641110387034229,2.0592293866887665,equilibrium,3
canonical_p3__mobley_4479135__cluster_3water__orientation,mobley_4479135,mace_polar_l,0.018600592684261046,0.7009881551826395,1.4027842879268293,2.0011526265537825,orientation,3
canonical_p3__mobley_4934872__cluster_3water__compressed,mobley_4934872,mace_polar_l,0.0006051130550397483,0.5164399618064804,1.1945564462329232,2.313059667293031,compressed,3
canonical_p3__mobley_4934872__cluster_3water__cooperative,mobley_4934872,mace_polar_l,0.0005937786780834324,0.5095208367981177,0.9651380958200491,1.894207314238762,cooperative,3
canonical_p3__mobley_4934872__cluster_3water__equilibrium,mobley_4934872,mace_polar_l,0.004550342526471597,0.4218258741030176,1.1282815100344448,2.674756527047219,equilibrium,3
canonical_p3__mobley_4934872__cluster_3water__orientation,mobley_4934872,mace_polar_l,0.0017056663913637595,0.48297850737996645,1.1659706376673151,2.41412530754713,orientation,3
canonical_p3__mobley_5200358__cluster_3water__compressed,mobley_5200358,mace_polar_l,0.0020356150386761974,0.4872395186377269,2.410156205213841,4.946553210528566,compressed,3
canonical_p3__mobley_5200358__cluster_3water__cooperative,mobley_5200358,mace_polar_l,0.010617393666864731,0.4735164449011168,0.9206814460926285,1.9443494645363204,cooperative,3
canonical_p3__mobley_5200358__cluster_3water__equilibrium,mobley_5200358,mace_polar_l,0.018871832531676534,0.611098136260652,1.5160723138296222,2.4808982778225506,equilibrium,3
canonical_p3__mobley_5200358__cluster_3water__orientation,mobley_5200358,mace_polar_l,0.02009459159120484,0.5730484413904526,1.411074336606845,2.46239974614187,orientation,3
canonical_p3__mobley_6239320__cluster_3water__compressed,mobley_6239320,mace_polar_l,0.0015193120748722077,0.47820346414153686,2.120631253678189,4.43457944723406,compressed,3
canonical_p3__mobley_6239320__cluster_3water__cooperative,mobley_6239320,mace_polar_l,0.0001458762562651693,0.6463161835400311,2.008859786869099,3.108168784922087,cooperative,3
canonical_p3__mobley_6239320__cluster_3water__equilibrium,mobley_6239320,mace_polar_l,0.015266947528810845,0.6434099156535185,2.072885162144875,3.221717775423811,equilibrium,3
canonical_p3__mobley_6239320__cluster_3water__orientation,mobley_6239320,mace_polar_l,0.014875531348904824,0.4901270290267225,1.527604002102109,3.1167511923094158,orientation,3
canonical_p3__mobley_7578802__cluster_3water__compressed,mobley_7578802,mace_polar_l,0.04003794886691827,0.31427271955342,2.1310636842212385,6.780937547648011,compressed,3
canonical_p3__mobley_7578802__cluster_3water__cooperative,mobley_7578802,mace_polar_l,0.004310061077986701,1.2474339364046263,1.8095378083004205,1.4506081288087278,cooperative,3
canonical_p3__mobley_7578802__cluster_3water__equilibrium,mobley_7578802,mace_polar_l,0.008354722127378901,0.33623973833355414,2.2779297510058725,6.77471902130181,equilibrium,3
canonical_p3__mobley_7578802__cluster_3water__orientation,mobley_7578802,mace_polar_l,0.03643296983851342,0.32096968816243776,2.7919378065746425,8.698446954784359,orientation,3
canonical_p3__mobley_8337722__cluster_3water__compressed,mobley_8337722,mace_polar_l,0.0015153937303916676,0.44976116490829465,0.9486828168497925,2.1093035390088137,compressed,3
canonical_p3__mobley_8337722__cluster_3water__cooperative,mobley_8337722,mace_polar_l,0.002562305581225908,0.4341596436091008,0.9729357711970227,2.240963169927911,cooperative,3
canonical_p3__mobley_8337722__cluster_3water__equilibrium,mobley_8337722,mace_polar_l,0.0008407083205741639,0.6211694531352845,1.695881036759901,2.7301423600277315,equilibrium,3
canonical_p3__mobley_8337722__cluster_3water__orientation,mobley_8337722,mace_polar_l,0.0055787515217415,0.48674234504199093,1.4046441599728838,2.8858063702094925,orientation,3
canonical_p3__mobley_9007496__cluster_3water__compressed,mobley_9007496,mace_polar_l,0.006248163769220498,0.44298720734005115,2.044741747874535,4.615803151861506,compressed,3
canonical_p3__mobley_9007496__cluster_3water__cooperative,mobley_9007496,mace_polar_l,0.0009633756952960723,0.448522670437622,1.0877055298730918,2.425084843118011,cooperative,3
canonical_p3__mobley_9007496__cluster_3water__equilibrium,mobley_9007496,mace_polar_l,0.06138120496653008,0.42237711803033906,2.267891723275996,5.369352709852751,equilibrium,3
canonical_p3__mobley_9007496__cluster_3water__orientation,mobley_9007496,mace_polar_l,0.011326483179371129,0.45367232682277875,1.8090949116493256,3.9876686425178964,orientation,3
canonical_p3__mobley_9460824__cluster_3water__compressed,mobley_9460824,mace_polar_l,0.010439104935527363,0.5300292194665017,1.0367946059811732,1.9561083953536633,compressed,3
canonical_p3__mobley_9460824__cluster_3water__cooperative,mobley_9460824,mace_polar_l,0.006895207686871616,0.5274146582939373,1.0092685212086066,1.913614848084339,cooperative,3
canonical_p3__mobley_9460824__cluster_3water__equilibrium,mobley_9460824,mace_polar_l,0.006085636982610688,0.5360705764970691,0.9382178884073546,1.7501760580446335,equilibrium,3
canonical_p3__mobley_9460824__cluster_3water__orientation,mobley_9460824,mace_polar_l,0.014822306678958232,0.5255396802738532,1.2688328301032892,2.4143425848303477,orientation,3
canonical_p3__mobley_9534740__cluster_3water__compressed,mobley_9534740,mace_polar_l,0.0010079833441359967,0.4861381033748502,1.38914046329154,2.857501713294843,compressed,3
canonical_p3__mobley_9534740__cluster_3water__cooperative,mobley_9534740,mace_polar_l,0.0036787771751696867,0.5688324782564098,1.6375199907966556,2.8787385625659,cooperative,3
canonical_p3__mobley_9534740__cluster_3water__equilibrium,mobley_9534740,mace_polar_l,0.009327453918765848,0.4684733506319613,1.8469246327982511,3.942432649171583,equilibrium,3
canonical_p3__mobley_9534740__cluster_3water__orientation,mobley_9534740,mace_polar_l,0.024320752786108096,0.47166229312858005,1.9883429770434333,4.215607238506536,orientation,3
canonical_p3__mobley_9741965__cluster_3water__compressed,mobley_9741965,mace_polar_l,0.010566675964970356,0.5016536705125254,1.8461732942513913,3.680174994763236,compressed,3
canonical_p3__mobley_9741965__cluster_3water__cooperative,mobley_9741965,mace_polar_l,0.004372828315320625,0.5133715252677371,1.1998405425695056,2.337177820573037,cooperative,3
canonical_p3__mobley_9741965__cluster_3water__equilibrium,mobley_9741965,mace_polar_l,0.03485328479517084,0.49392436914110605,1.6702467782218324,3.3815840694927735,equilibrium,3
canonical_p3__mobley_9741965__cluster_3water__orientation,mobley_9741965,mace_polar_l,0.04670912992927836,0.591873757484418,1.899497795971884,3.209295516066011,orientation,3
canonical_p3__mobley_1278715__cluster_3water__compressed,mobley_1278715,mace_polar_m,0.030988595789679843,1.1489544652714108,2.215752889200937,1.9284949544780459,compressed,3
canonical_p3__mobley_1278715__cluster_3water__cooperative,mobley_1278715,mace_polar_m,0.09007919265003266,1.7910064129285868,2.558335822019349,1.4284347635785704,cooperative,3
canonical_p3__mobley_1278715__cluster_3water__equilibrium,mobley_1278715,mace_polar_m,0.00948641760664468,0.37529547121502965,2.0280725586628514,5.403935603317858,equilibrium,3
canonical_p3__mobley_1278715__cluster_3water__orientation,mobley_1278715,mace_polar_m,0.1347456127379069,0.8522134680524703,2.407331321992211,2.824798495022133,orientation,3
canonical_p3__mobley_1352110__cluster_3water__compressed,mobley_1352110,mace_polar_m,0.019078896272013122,0.6545985896328052,1.4860877867272055,2.2702276024774535,compressed,3
canonical_p3__mobley_1352110__cluster_3water__cooperative,mobley_1352110,mace_polar_m,0.0029518083905050473,0.7349776926917202,1.2143745382772773,1.652260402393785,cooperative,3
canonical_p3__mobley_1352110__cluster_3water__equilibrium,mobley_1352110,mace_polar_m,0.018178966149669084,0.6748632812402222,1.2152340083332624,1.8007114064644028,equilibrium,3
canonical_p3__mobley_1352110__cluster_3water__orientation,mobley_1352110,mace_polar_m,0.010116629814916117,0.6034743714394514,1.056846889545762,1.751270541986552,orientation,3
canonical_p3__mobley_1723043__cluster_3water__compressed,mobley_1723043,mace_polar_m,0.0018517497684324808,0.4557259185085195,1.5017757773544949,3.2953486215342838,compressed,3
canonical_p3__mobley_1723043__cluster_3water__cooperative,mobley_1723043,mace_polar_m,0.003294308130285905,0.6117769493843632,1.3565200684333116,2.217344196767123,cooperative,3
canonical_p3__mobley_1723043__cluster_3water__equilibrium,mobley_1723043,mace_polar_m,0.0020434479722670203,0.7029251882002633,0.9695119249887179,1.3792533562085187,equilibrium,3
canonical_p3__mobley_1723043__cluster_3water__orientation,mobley_1723043,mace_polar_m,0.004950562208892219,0.5913830939894741,0.9562561427452815,1.6169825489842318,orientation,3
canonical_p3__mobley_172879__cluster_3water__compressed,mobley_172879,mace_polar_m,0.016377268009366317,0.669135273522231,2.2136277527924353,3.3081916921525,compressed,3
canonical_p3__mobley_172879__cluster_3water__cooperative,mobley_172879,mace_polar_m,0.015262153944110677,0.6740125012476035,1.917413216838261,2.8447739667871303,cooperative,3
canonical_p3__mobley_172879__cluster_3water__equilibrium,mobley_172879,mace_polar_m,0.023722664500004317,0.4132083467035246,1.2163729359322522,2.943727893292037,equilibrium,3
canonical_p3__mobley_172879__cluster_3water__orientation,mobley_172879,mace_polar_m,0.021782330604795477,1.0023339884612676,2.147100213035623,2.1421005750106734,orientation,3
canonical_p3__mobley_2261979__cluster_3water__compressed,mobley_2261979,mace_polar_m,0.0381441309874489,0.7087640632586388,2.151560829650677,3.0356516945266447,compressed,3
canonical_p3__mobley_2261979__cluster_3water__cooperative,mobley_2261979,mace_polar_m,0.010925635135636583,0.6007329244158054,1.734781208584664,2.8877744802678933,cooperative,3
canonical_p3__mobley_2261979__cluster_3water__equilibrium,mobley_2261979,mace_polar_m,0.049042823695789495,0.3808599077821401,2.197060922140397,5.768685223221664,equilibrium,3
canonical_p3__mobley_2261979__cluster_3water__orientation,mobley_2261979,mace_polar_m,0.0035871366583938784,0.8193395656809468,1.5403242904974666,1.8799583896785397,orientation,3
canonical_p3__mobley_2689721__cluster_3water__compressed,mobley_2689721,mace_polar_m,0.0032045242588875943,0.5492410256401187,1.500543475598974,2.7320309400597846,compressed,3
canonical_p3__mobley_2689721__cluster_3water__cooperative,mobley_2689721,mace_polar_m,0.0029128208237006515,0.573610779028394,1.319203306742445,2.299823076855297,cooperative,3
canonical_p3__mobley_2689721__cluster_3water__equilibrium,mobley_2689721,mace_polar_m,0.0019306246257067197,0.5583169079910675,1.4588759525185886,2.6129890240435447,equilibrium,3
canonical_p3__mobley_2689721__cluster_3water__orientation,mobley_2689721,mace_polar_m,0.004905942828126429,0.756606181560457,1.3005823171823183,1.7189686641205357,orientation,3
canonical_p3__mobley_2727678__cluster_3water__compressed,mobley_2727678,mace_polar_m,0.0773214350950159,0.8159127633310115,2.5421848691132913,3.115755731942069,compressed,3
canonical_p3__mobley_2727678__cluster_3water__cooperative,mobley_2727678,mace_polar_m,0.04442731912625436,0.4875043998270845,1.7443544840825507,3.5781307506173583,cooperative,3
canonical_p3__mobley_2727678__cluster_3water__equilibrium,mobley_2727678,mace_polar_m,0.79064126225986,1.1012045649310322,6.304866985063315,5.725427577988823,equilibrium,3
canonical_p3__mobley_2727678__cluster_3water__orientation,mobley_2727678,mace_polar_m,0.25795207830557515,1.0069181142587444,9.082999610455953,9.020594109723131,orientation,3
canonical_p3__mobley_3047364__cluster_3water__compressed,mobley_3047364,mace_polar_m,0.014524636446260397,0.6975868361547123,1.3279309598021345,1.9036066780188252,compressed,3
canonical_p3__mobley_3047364__cluster_3water__cooperative,mobley_3047364,mace_polar_m,5.088729088483961,5.288754877940568,8.287737770661595,1.5670489485587247,cooperative,3
canonical_p3__mobley_3047364__cluster_3water__equilibrium,mobley_3047364,mace_polar_m,0.00705064726904289,0.618618257899246,1.135723840867521,1.8359041725090754,equilibrium,3
canonical_p3__mobley_3047364__cluster_3water__orientation,mobley_3047364,mace_polar_m,0.004797517929560816,0.7607093465110993,1.5412344886224887,2.0260491023163745,orientation,3
canonical_p3__mobley_3709920__cluster_3water__compressed,mobley_3709920,mace_polar_m,0.006367299724283512,0.6836561424498314,1.2401550825342822,1.8140041543257077,compressed,3
canonical_p3__mobley_3709920__cluster_3water__cooperative,mobley_3709920,mace_polar_m,0.004550127685232584,0.6636513166296688,1.0205566086863558,1.5377903774367825,cooperative,3
canonical_p3__mobley_3709920__cluster_3water__equilibrium,mobley_3709920,mace_polar_m,0.009508555730695529,0.6254997653004915,1.2117282805051117,1.9372162033074387,equilibrium,3
canonical_p3__mobley_3709920__cluster_3water__orientation,mobley_3709920,mace_polar_m,0.0021547321158880365,0.6791843903701457,0.8736881636880859,1.2863784504999274,orientation,3
canonical_p3__mobley_3777264__cluster_3water__compressed,mobley_3777264,mace_polar_m,0.01590938959009777,0.5216959969449599,2.395654256543152,4.592050294754128,compressed,3
canonical_p3__mobley_3777264__cluster_3water__cooperative,mobley_3777264,mace_polar_m,0.009914424886428913,0.6084462649829736,1.9698353397528159,3.237484479928459,cooperative,3
canonical_p3__mobley_3777264__cluster_3water__equilibrium,mobley_3777264,mace_polar_m,0.03808672514901062,0.4515234554318672,2.6456388046897223,5.859360732786865,equilibrium,3
canonical_p3__mobley_3777264__cluster_3water__orientation,mobley_3777264,mace_polar_m,0.000452134308930035,0.5254264067332821,1.4622361535107162,2.7829513986589163,orientation,3
canonical_p3__mobley_4479135__cluster_3water__compressed,mobley_4479135,mace_polar_m,0.015740453762932732,0.5513963486333744,1.6598839162508596,3.010328088615115,compressed,3
canonical_p3__mobley_4479135__cluster_3water__cooperative,mobley_4479135,mace_polar_m,0.011187976869060015,0.6453434615748488,1.462494353350615,2.266226343692475,cooperative,3
canonical_p3__mobley_4479135__cluster_3water__equilibrium,mobley_4479135,mace_polar_m,0.004933278648919505,0.5002320790817895,1.03009259740964,2.0592293866887665,equilibrium,3
canonical_p3__mobley_4479135__cluster_3water__orientation,mobley_4479135,mace_polar_m,0.008987101685831974,0.7389770564084244,1.478805877394701,2.0011526265537825,orientation,3
canonical_p3__mobley_4934872__cluster_3water__compressed,mobley_4934872,mace_polar_m,0.009873943500933416,0.6662804475805556,1.5411464304045317,2.313059667293031,compressed,3
canonical_p3__mobley_4934872__cluster_3water__cooperative,mobley_4934872,mace_polar_m,0.004803403866555549,0.6759043091494576,1.2803028861164,1.894207314238762,cooperative,3
canonical_p3__mobley_4934872__cluster_3water__equilibrium,mobley_4934872,mace_polar_m,0.01157497437870456,0.42553179282841574,1.1381939403339099,2.674756527047219,equilibrium,3
canonical_p3__mobley_4934872__cluster_3water__orientation,mobley_4934872,mace_polar_m,0.002654338183062276,0.5047564543084809,1.2185453304938603,2.41412530754713,orientation,3
canonical_p3__mobley_5200358__cluster_3water__compressed,mobley_5200358,mace_polar_m,0.008349068785971787,0.4222122848077608,2.0884955329404304,4.946553210528566,compressed,3
canonical_p3__mobley_5200358__cluster_3water__cooperative,mobley_5200358,mace_polar_m,0.018370736834414664,0.5779367271455564,1.1237109659613362,1.9443494645363204,cooperative,3
canonical_p3__mobley_5200358__cluster_3water__equilibrium,mobley_5200358,mace_polar_m,0.019274286370551008,0.7586860348433859,1.882222877250976,2.4808982778225506,equilibrium,3
canonical_p3__mobley_5200358__cluster_3water__orientation,mobley_5200358,mace_polar_m,0.0223081701747094,0.577827085606411,1.4228412689111232,2.46239974614187,orientation,3
canonical_p3__mobley_6239320__cluster_3water__compressed,mobley_6239320,mace_polar_m,0.03257195393342502,0.5198215804035611,2.3051900966863594,4.43457944723406,compressed,3
canonical_p3__mobley_6239320__cluster_3water__cooperative,mobley_6239320,mace_polar_m,0.05182711566510317,0.8234981476937383,2.5595712371028356,3.108168784922087,cooperative,3
canonical_p3__mobley_6239320__cluster_3water__equilibrium,mobley_6239320,mace_polar_m,0.00797180891367426,0.6904588759868021,2.224463633965825,3.221717775423811,equilibrium,3
canonical_p3__mobley_6239320__cluster_3water__orientation,mobley_6239320,mace_polar_m,0.004483707667062565,0.57215638289005,1.783269088560006,3.1167511923094158,orientation,3
canonical_p3__mobley_7578802__cluster_3water__compressed,mobley_7578802,mace_polar_m,0.001759878734201385,0.533582907776775,3.6181923741267394,6.780937547648011,compressed,3
canonical_p3__mobley_7578802__cluster_3water__cooperative,mobley_7578802,mace_polar_m,0.05341931185646096,1.6717402311967131,2.425039968630534,1.4506081288087278,cooperative,3
canonical_p3__mobley_7578802__cluster_3water__equilibrium,mobley_7578802,mace_polar_m,0.002554673616618299,0.3226715885143581,2.1860093483418925,6.77471902130181,equilibrium,3
canonical_p3__mobley_7578802__cluster_3water__orientation,mobley_7578802,mace_polar_m,0.020773822007288504,0.3157970439509131,2.7469438352847226,8.698446954784359,orientation,3
canonical_p3__mobley_8337722__cluster_3water__compressed,mobley_8337722,mace_polar_m,0.012561175007293061,0.6515935251733291,1.3744085286433314,2.1093035390088137,compressed,3
canonical_p3__mobley_8337722__cluster_3water__cooperative,mobley_8337722,mace_polar_m,0.010258405478559414,0.5528652196819702,1.2389505952413988,2.240963169927911,cooperative,3
canonical_p3__mobley_8337722__cluster_3water__equilibrium,mobley_8337722,mace_polar_m,0.0010024060781193293,0.6099656442139677,1.6652930434301574,2.7301423600277315,equilibrium,3
canonical_p3__mobley_8337722__cluster_3water__orientation,mobley_8337722,mace_polar_m,0.007716181398195143,0.5036743135088213,1.4535065424346494,2.8858063702094925,orientation,3
canonical_p3__mobley_9007496__cluster_3water__compressed,mobley_9007496,mace_polar_m,0.03204369067222381,0.6576018976109608,3.0353609116627807,4.615803151861506,compressed,3
canonical_p3__mobley_9007496__cluster_3water__cooperative,mobley_9007496,mace_polar_m,0.023865454186275937,0.6843868996000992,1.6596962970487286,2.425084843118011,cooperative,3
canonical_p3__mobley_9007496__cluster_3water__equilibrium,mobley_9007496,mace_polar_m,0.023802400599879106,0.3959817385553076,2.1261656209641444,5.369352709852751,equilibrium,3
canonical_p3__mobley_9007496__cluster_3water__orientation,mobley_9007496,mace_polar_m,0.0039421514848167515,0.4731421221601749,1.8867340039925014,3.9876686425178964,orientation,3
canonical_p3__mobley_9460824__cluster_3water__compressed,mobley_9460824,mace_polar_m,0.025669107651139653,0.7583106139041111,1.4833377581436222,1.9561083953536633,compressed,3
canonical_p3__mobley_9460824__cluster_3water__cooperative,mobley_9460824,mace_polar_m,0.019757068628878823,0.7385883590098182,1.4133736504234344,1.913614848084339,cooperative,3
canonical_p3__mobley_9460824__cluster_3water__equilibrium,mobley_9460824,mace_polar_m,0.00965831598392269,0.5853023327314196,1.0243821294642044,1.7501760580446335,equilibrium,3
canonical_p3__mobley_9460824__cluster_3water__orientation,mobley_9460824,mace_polar_m,0.027822180169531596,0.6421687642663519,1.5504153942161343,2.4143425848303477,orientation,3
canonical_p3__mobley_9534740__cluster_3water__compressed,mobley_9534740,mace_polar_m,0.00984472007092445,0.6046161520803393,1.7276916904553044,2.857501713294843,compressed,3
canonical_p3__mobley_9534740__cluster_3water__cooperative,mobley_9534740,mace_polar_m,0.007625926425017607,0.7347200340813714,2.115066894799776,2.8787385625659,cooperative,3
canonical_p3__mobley_9534740__cluster_3water__equilibrium,mobley_9534740,mace_polar_m,0.011215048578624195,0.5096808093534921,2.0093822634514042,3.942432649171583,equilibrium,3
canonical_p3__mobley_9534740__cluster_3water__orientation,mobley_9534740,mace_polar_m,0.020773389273496243,0.4478678078750764,1.8880347727722264,4.215607238506536,orientation,3
canonical_p3__mobley_9741965__cluster_3water__compressed,mobley_9741965,mace_polar_m,0.013659261858773135,0.5685494252716171,2.0923613781716144,3.680174994763236,compressed,3
canonical_p3__mobley_9741965__cluster_3water__cooperative,mobley_9741965,mace_polar_m,0.012969625203760422,0.5825668005361223,1.3615622052152214,2.337177820573037,cooperative,3
canonical_p3__mobley_9741965__cluster_3water__equilibrium,mobley_9741965,mace_polar_m,0.021240862853273774,0.4995591036885218,1.689301106803194,3.3815840694927735,equilibrium,3
canonical_p3__mobley_9741965__cluster_3water__orientation,mobley_9741965,mace_polar_m,0.0063552957926726675,0.5891361797277131,1.890712099952409,3.209295516066011,orientation,3
canonical_p3__mobley_1278715__cluster_3water__compressed,mobley_1278715,mace_polar_s,0.3323234043120071,2.5159063660844576,4.851912732933073,1.9284949544780459,compressed,3
canonical_p3__mobley_1278715__cluster_3water__cooperative,mobley_1278715,mace_polar_s,0.12884226563809775,1.9670229714472631,2.809763993172888,1.4284347635785704,cooperative,3
canonical_p3__mobley_1278715__cluster_3water__equilibrium,mobley_1278715,mace_polar_s,0.03852371620796739,0.5645030385886907,3.05053806841054,5.403935603317858,equilibrium,3
canonical_p3__mobley_1278715__cluster_3water__orientation,mobley_1278715,mace_polar_s,0.03199508670253502,1.0223098659163135,2.887819370686681,2.824798495022133,orientation,3
canonical_p3__mobley_1352110__cluster_3water__compressed,mobley_1352110,mace_polar_s,0.0011472893514030422,0.38869453117623454,0.8824250536083207,2.2702276024774535,compressed,3
canonical_p3__mobley_1352110__cluster_3water__cooperative,mobley_1352110,mace_polar_s,0.005926917754074373,0.6954190934857968,1.1490134312351636,1.652260402393785,cooperative,3
canonical_p3__mobley_1352110__cluster_3water__equilibrium,mobley_1352110,mace_polar_s,0.04225825428697233,0.8181008577073376,1.4731635461119141,1.8007114064644028,equilibrium,3
canonical_p3__mobley_1352110__cluster_3water__orientation,mobley_1352110,mace_polar_s,0.04205180739504289,0.8408225324914184,1.4725077321907516,1.751270541986552,orientation,3
canonical_p3__mobley_1723043__cluster_3water__compressed,mobley_1723043,mace_polar_s,0.1194292634187021,0.5207597866093574,1.7160850449536336,3.2953486215342838,compressed,3
canonical_p3__mobley_1723043__cluster_3water__cooperative,mobley_1723043,mace_polar_s,0.11568499689809549,0.9283050799316656,2.058371881815919,2.217344196767123,cooperative,3
canonical_p3__mobley_1723043__cluster_3water__equilibrium,mobley_1723043,mace_polar_s,0.0006592963863346737,1.6459233400494715,2.2701452908251687,1.3792533562085187,equilibrium,3
canonical_p3__mobley_1723043__cluster_3water__orientation,mobley_1723043,mace_polar_s,0.01106036567176224,1.044396621916099,1.6887711118564146,1.6169825489842318,orientation,3
canonical_p3__mobley_172879__cluster_3water__compressed,mobley_172879,mace_polar_s,0.002275390334999049,0.6089536871929747,2.014535528877431,3.3081916921525,compressed,3
canonical_p3__mobley_172879__cluster_3water__cooperative,mobley_172879,mace_polar_s,0.0053951446087482395,0.7545466400968422,2.1465146384741955,2.8447739667871303,cooperative,3
canonical_p3__mobley_172879__cluster_3water__equilibrium,mobley_172879,mace_polar_s,0.005280529864559891,0.5221523651165204,1.5370744817419095,2.943727893292037,equilibrium,3
canonical_p3__mobley_172879__cluster_3water__orientation,mobley_172879,mace_polar_s,0.007604984901789406,0.7647036093307442,1.6380720412601244,2.1421005750106734,orientation,3
canonical_p3__mobley_2261979__cluster_3water__compressed,mobley_2261979,mace_polar_s,0.018661485531142875,0.5986382308649992,1.8172571599337677,3.0356516945266447,compressed,3
canonical_p3__mobley_2261979__cluster_3water__cooperative,mobley_2261979,mace_polar_s,0.00044404028016925605,0.6465142073372036,1.866987229079002,2.8877744802678933,cooperative,3
canonical_p3__mobley_2261979__cluster_3water__equilibrium,mobley_2261979,mace_polar_s,0.0036776527938550707,0.47429572419538185,2.736062735603117,5.768685223221664,equilibrium,3
canonical_p3__mobley_2261979__cluster_3water__orientation,mobley_2261979,mace_polar_s,0.03494119594263862,0.764014677630103,1.4363158030482568,1.8799583896785397,orientation,3
canonical_p3__mobley_2689721__cluster_3water__compressed,mobley_2689721,mace_polar_s,0.0007263383293795667,0.33448296249300574,0.9138178024537482,2.7320309400597846,compressed,3
canonical_p3__mobley_2689721__cluster_3water__cooperative,mobley_2689721,mace_polar_s,0.003267498530589228,0.5124522340757858,1.1785494737135447,2.299823076855297,cooperative,3
canonical_p3__mobley_2689721__cluster_3water__equilibrium,mobley_2689721,mace_polar_s,0.03951243157039666,0.8548371773114799,2.233680161659262,2.6129890240435447,equilibrium,3
canonical_p3__mobley_2689721__cluster_3water__orientation,mobley_2689721,mace_polar_s,0.03586754854814809,1.0744190946120646,1.8468927557708963,1.7189686641205357,orientation,3
canonical_p3__mobley_2727678__cluster_3water__compressed,mobley_2727678,mace_polar_s,0.02906148513083438,0.6523925721492867,2.0326958961505692,3.115755731942069,compressed,3
canonical_p3__mobley_2727678__cluster_3water__cooperative,mobley_2727678,mace_polar_s,0.05123700841223495,0.46548422087133207,1.6655634046268755,3.5781307506173583,cooperative,3
canonical_p3__mobley_2727678__cluster_3water__equilibrium,mobley_2727678,mace_polar_s,0.710895141273462,1.0815822926945198,6.192521086457582,5.725427577988823,equilibrium,3
canonical_p3__mobley_2727678__cluster_3water__orientation,mobley_2727678,mace_polar_s,0.322519008436339,1.0624703208709878,9.584113518204475,9.020594109723131,orientation,3
canonical_p3__mobley_3047364__cluster_3water__compressed,mobley_3047364,mace_polar_s,0.00657425556091703,0.5585530824824376,1.063265377841568,1.9036066780188252,compressed,3
canonical_p3__mobley_3047364__cluster_3water__cooperative,mobley_3047364,mace_polar_s,0.3916275136302117,1.596370661317595,2.501590966327733,1.5670489485587247,cooperative,3
canonical_p3__mobley_3047364__cluster_3water__equilibrium,mobley_3047364,mace_polar_s,0.1297666407279287,1.0563425473027483,1.9393436901919812,1.8359041725090754,equilibrium,3
canonical_p3__mobley_3047364__cluster_3water__orientation,mobley_3047364,mace_polar_s,0.01653296859711551,0.8110440244510724,1.6432150176781548,2.0260491023163745,orientation,3
canonical_p3__mobley_3709920__cluster_3water__compressed,mobley_3709920,mace_polar_s,0.0028966349140344956,0.4882234543222431,0.8856393743797963,1.8140041543257077,compressed,3
canonical_p3__mobley_3709920__cluster_3water__cooperative,mobley_3709920,mace_polar_s,0.0008415927259637769,0.451424748325631,0.6941966341119766,1.5377903774367825,cooperative,3
canonical_p3__mobley_3709920__cluster_3water__equilibrium,mobley_3709920,mace_polar_s,0.02573175370778875,0.611777452126105,1.1851451930768315,1.9372162033074387,equilibrium,3
canonical_p3__mobley_3709920__cluster_3water__orientation,mobley_3709920,mace_polar_s,0.0021218238950008006,0.8731562539317044,1.1232093889769872,1.2863784504999274,orientation,3
canonical_p3__mobley_3777264__cluster_3water__compressed,mobley_3777264,mace_polar_s,0.2284632626549649,0.559227941621534,2.5680028341579098,4.592050294754128,compressed,3
canonical_p3__mobley_3777264__cluster_3water__cooperative,mobley_3777264,mace_polar_s,0.010735416303742312,0.7215231549883734,2.335920016183875,3.237484479928459,cooperative,3
canonical_p3__mobley_3777264__cluster_3water__equilibrium,mobley_3777264,mace_polar_s,0.02976047282620527,0.5708315628931848,3.344708044651682,5.859360732786865,equilibrium,3
canonical_p3__mobley_3777264__cluster_3water__orientation,mobley_3777264,mace_polar_s,0.055127065947825654,0.8917261018507434,2.4816304023661893,2.7829513986589163,orientation,3
canonical_p3__mobley_4479135__cluster_3water__compressed,mobley_4479135,mace_polar_s,0.01745361370341524,0.41434703425391245,1.247320515648922,3.010328088615115,compressed,3
canonical_p3__mobley_4479135__cluster_3water__cooperative,mobley_4479135,mace_polar_s,0.020503362853740752,0.662726154946301,1.5018874709933285,2.266226343692475,cooperative,3
canonical_p3__mobley_4479135__cluster_3water__equilibrium,mobley_4479135,mace_polar_s,0.07160812311684624,0.7566343648611528,1.5580837191006762,2.0592293866887665,equilibrium,3
canonical_p3__mobley_4479135__cluster_3water__orientation,mobley_4479135,mace_polar_s,0.06288836938060578,0.9046202218081165,1.8102831329049776,2.0011526265537825,orientation,3
canonical_p3__mobley_4934872__cluster_3water__compressed,mobley_4934872,mace_polar_s,0.010054550404251681,0.7095426101009701,1.6412143936503785,2.313059667293031,compressed,3
canonical_p3__mobley_4934872__cluster_3water__cooperative,mobley_4934872,mace_polar_s,0.0010398915204073357,0.8146645026628974,1.5431434595947435,1.894207314238762,cooperative,3
canonical_p3__mobley_4934872__cluster_3water__equilibrium,mobley_4934872,mace_polar_s,0.02158923460154911,0.6564652711482425,1.7558847687835841,2.674756527047219,equilibrium,3
canonical_p3__mobley_4934872__cluster_3water__orientation,mobley_4934872,mace_polar_s,0.07563997409964672,0.7615142966910747,1.8383909357008772,2.41412530754713,orientation,3
canonical_p3__mobley_5200358__cluster_3water__compressed,mobley_5200358,mace_polar_s,0.004125465369789544,0.40722648029047204,2.0143674534930827,4.946553210528566,compressed,3
canonical_p3__mobley_5200358__cluster_3water__cooperative,mobley_5200358,mace_polar_s,0.022823408786299054,0.3600477478152365,0.7000586456720632,1.9443494645363204,cooperative,3
canonical_p3__mobley_5200358__cluster_3water__equilibrium,mobley_5200358,mace_polar_s,0.03295972071235517,0.8316391786456326,2.0632122060717104,2.4808982778225506,equilibrium,3
canonical_p3__mobley_5200358__cluster_3water__orientation,mobley_5200358,mace_polar_s,0.0018241114558742392,0.7873682076821559,1.93881527471672,2.46239974614187,orientation,3
canonical_p3__mobley_6239320__cluster_3water__compressed,mobley_6239320,mace_polar_s,0.07865775455828024,0.621194421659073,2.754736015025774,4.43457944723406,compressed,3
canonical_p3__mobley_6239320__cluster_3water__cooperative,mobley_6239320,mace_polar_s,0.02579116085139822,0.7352434348305993,2.2852606934593656,3.108168784922087,cooperative,3
canonical_p3__mobley_6239320__cluster_3water__equilibrium,mobley_6239320,mace_polar_s,0.030687450744034037,0.9332706990678551,3.006734800469115,3.221717775423811,equilibrium,3
canonical_p3__mobley_6239320__cluster_3water__orientation,mobley_6239320,mace_polar_s,0.03352106603374725,0.7816779619783556,2.436295719998034,3.1167511923094158,orientation,3
canonical_p3__mobley_7578802__cluster_3water__compressed,mobley_7578802,mace_polar_s,0.41333874902565987,1.299801707394148,8.813874202165971,6.780937547648011,compressed,3
canonical_p3__mobley_7578802__cluster_3water__cooperative,mobley_7578802,mace_polar_s,0.195700022986784,2.1269413270952264,3.0853583785835585,1.4506081288087278,cooperative,3
canonical_p3__mobley_7578802__cluster_3water__equilibrium,mobley_7578802,mace_polar_s,0.19673144532861842,0.6871605109806924,4.655319384428369,6.77471902130181,equilibrium,3
canonical_p3__mobley_7578802__cluster_3water__orientation,mobley_7578802,mace_polar_s,0.19245892241737028,0.5922045600927679,5.151259952348349,8.698446954784359,orientation,3
canonical_p3__mobley_8337722__cluster_3water__compressed,mobley_8337722,mace_polar_s,0.001936580734839627,0.44795683716076184,0.9448769419463898,2.1093035390088137,compressed,3
canonical_p3__mobley_8337722__cluster_3water__cooperative,mobley_8337722,mace_polar_s,0.005213664610515845,0.5185092072732134,1.1619600367677885,2.240963169927911,cooperative,3
canonical_p3__mobley_8337722__cluster_3water__equilibrium,mobley_8337722,mace_polar_s,0.024223522186190626,0.8958596263076204,2.4458243144210483,2.7301423600277315,equilibrium,3
canonical_p3__mobley_8337722__cluster_3water__orientation,mobley_8337722,mace_polar_s,0.037291576275956126,0.7735968584626072,2.2324507421254425,2.8858063702094925,orientation,3
canonical_p3__mobley_9007496__cluster_3water__compressed,mobley_9007496,mace_polar_s,0.10121482510908004,0.47426851186245705,2.1891300918833956,4.615803151861506,compressed,3
canonical_p3__mobley_9007496__cluster_3water__cooperative,mobley_9007496,mace_polar_s,0.0034224294468355575,0.8344321179077973,2.02356868174906,2.425084843118011,cooperative,3
canonical_p3__mobley_9007496__cluster_3water__equilibrium,mobley_9007496,mace_polar_s,0.04017187007857386,0.5019414150685826,2.6951004971858183,5.369352709852751,equilibrium,3
canonical_p3__mobley_9007496__cluster_3water__orientation,mobley_9007496,mace_polar_s,0.056943433317156976,0.6922068311710102,2.760291474797317,3.9876686425178964,orientation,3
canonical_p3__mobley_9460824__cluster_3water__compressed,mobley_9460824,mace_polar_s,0.003924655370143723,0.7489733951352567,1.4650731461206121,1.9561083953536633,compressed,3
canonical_p3__mobley_9460824__cluster_3water__cooperative,mobley_9460824,mace_polar_s,0.0017242854096026297,0.9087275764543777,1.7389545831667936,1.913614848084339,cooperative,3
canonical_p3__mobley_9460824__cluster_3water__equilibrium,mobley_9460824,mace_polar_s,0.04868015872979986,0.7214732608674437,1.26270522768959,1.7501760580446335,equilibrium,3
canonical_p3__mobley_9460824__cluster_3water__orientation,mobley_9460824,mace_polar_s,0.019758009690695244,0.6820338961663147,1.6466634798120932,2.4143425848303477,orientation,3
canonical_p3__mobley_9534740__cluster_3water__compressed,mobley_9534740,mace_polar_s,0.00831777168960424,0.5178393153173305,1.4797267307307003,2.857501713294843,compressed,3
canonical_p3__mobley_9534740__cluster_3water__cooperative,mobley_9534740,mace_polar_s,0.004846553222912004,0.744174492585695,2.142283809084351,2.8787385625659,cooperative,3
canonical_p3__mobley_9534740__cluster_3water__equilibrium,mobley_9534740,mace_polar_s,0.1089097210132924,0.867929425006094,3.421753302320744,3.942432649171583,equilibrium,3
canonical_p3__mobley_9534740__cluster_3water__orientation,mobley_9534740,mace_polar_s,0.05028127767933468,0.502430317173343,2.118048881921079,4.215607238506536,orientation,3
canonical_p3__mobley_9741965__cluster_3water__compressed,mobley_9741965,mace_polar_s,0.06199866295326386,0.5928453483934073,2.1817746269191165,3.680174994763236,compressed,3
canonical_p3__mobley_9741965__cluster_3water__cooperative,mobley_9741965,mace_polar_s,0.0016377965409694452,0.4968847362029239,1.161307984834758,2.337177820573037,cooperative,3
canonical_p3__mobley_9741965__cluster_3water__equilibrium,mobley_9741965,mace_polar_s,0.09557436023320283,0.767592489511884,2.595678534395686,3.3815840694927735,equilibrium,3
canonical_p3__mobley_9741965__cluster_3water__orientation,mobley_9741965,mace_polar_s,0.0516194384905285,1.0065056373808272,3.230174028941451,3.209295516066011,orientation,3
canonical_p3__mobley_1278715__cluster_3water__compressed,mobley_1278715,static_thole,36.15957417304649,18.29108189109963,35.27425913893039,1.9284949544780459,compressed,3
canonical_p3__mobley_1278715__cluster_3water__cooperative,mobley_1278715,static_thole,22.068788333328968,18.828792695809387,26.895702042908393,1.4284347635785704,cooperative,3
canonical_p3__mobley_1278715__cluster_3water__equilibrium,mobley_1278715,static_thole,23.23832103006086,4.659552283004876,25.179920477651056,5.403935603317858,equilibrium,3
canonical_p3__mobley_1278715__cluster_3water__orientation,mobley_1278715,static_thole,15.22448751167039,7.834307380028784,22.1303396966461,2.824798495022133,orientation,3
canonical_p3__mobley_1352110__cluster_3water__compressed,mobley_1352110,static_thole,61.54802434969192,22.1631277398748,50.31534435229751,2.2702276024774535,compressed,3
canonical_p3__mobley_1352110__cluster_3water__cooperative,mobley_1352110,static_thole,132.6650664986684,44.45464945402975,73.45065699518985,1.652260402393785,cooperative,3
canonical_p3__mobley_1352110__cluster_3water__equilibrium,mobley_1352110,static_thole,3.107862146260274,11.739868163099302,21.140114511681208,1.8007114064644028,equilibrium,3
canonical_p3__mobley_1352110__cluster_3water__orientation,mobley_1352110,static_thole,39.408915874334355,27.790769830526575,48.669156543329805,1.751270541986552,orientation,3
canonical_p3__mobley_1723043__cluster_3water__compressed,mobley_1723043,static_thole,37.26147616553944,11.518266513672083,37.9567036782938,3.2953486215342838,compressed,3
canonical_p3__mobley_1723043__cluster_3water__cooperative,mobley_1723043,static_thole,11.54218677117023,10.0139020789477,22.20426766174891,2.217344196767123,cooperative,3
canonical_p3__mobley_1723043__cluster_3water__equilibrium,mobley_1723043,static_thole,3.4192745058053604,8.57263717410285,11.823838593939268,1.3792533562085187,equilibrium,3
canonical_p3__mobley_1723043__cluster_3water__orientation,mobley_1723043,static_thole,5.115832293251627,9.175262559709372,14.83623944139845,1.6169825489842318,orientation,3
canonical_p3__mobley_172879__cluster_3water__compressed,mobley_172879,static_thole,31.64720810605844,19.573033207315934,64.75134584666759,3.3081916921525,compressed,3
canonical_p3__mobley_172879__cluster_3water__cooperative,mobley_172879,static_thole,7.538312798998493,17.881743250901625,50.869517680936404,2.8447739667871303,cooperative,3
canonical_p3__mobley_172879__cluster_3water__equilibrium,mobley_172879,static_thole,1.8097946620742444,13.079388509843627,38.50216078363006,2.943727893292037,equilibrium,3
canonical_p3__mobley_172879__cluster_3water__orientation,mobley_172879,static_thole,88.43951246907862,25.704595619098257,55.06182905608721,2.1421005750106734,orientation,3
canonical_p3__mobley_2261979__cluster_3water__compressed,mobley_2261979,static_thole,946.4680252484299,77.37740549336804,234.890852104018,3.0356516945266447,compressed,3
canonical_p3__mobley_2261979__cluster_3water__cooperative,mobley_2261979,static_thole,1312.5694824297657,86.65978695997077,250.25392124845598,2.8877744802678933,cooperative,3
canonical_p3__mobley_2261979__cluster_3water__equilibrium,mobley_2261979,static_thole,156.41866485485954,29.555567175722256,170.49676363052424,5.768685223221664,equilibrium,3
canonical_p3__mobley_2261979__cluster_3water__orientation,mobley_2261979,static_thole,14.790756112044752,26.51322935090911,49.843767955712885,1.8799583896785397,orientation,3
canonical_p3__mobley_2689721__cluster_3water__compressed,mobley_2689721,static_thole,73.85564975549002,21.561241230983335,58.905978149139194,2.7320309400597846,compressed,3
canonical_p3__mobley_2689721__cluster_3water__cooperative,mobley_2689721,static_thole,28.869144291875035,16.009837607744508,36.81979398699663,2.299823076855297,cooperative,3
canonical_p3__mobley_2689721__cluster_3water__equilibrium,mobley_2689721,static_thole,17.935283656716084,11.793888859331826,30.8173021402235,2.6129890240435447,equilibrium,3
canonical_p3__mobley_2689721__cluster_3water__orientation,mobley_2689721,static_thole,12.98342506404324,16.79508579418041,28.870226191412087,1.7189686641205357,orientation,3
canonical_p3__mobley_2727678__cluster_3water__compressed,mobley_2727678,static_thole,1262.5760788297164,70.92259885671773,220.97749391204624,3.115755731942069,compressed,3
canonical_p3__mobley_2727678__cluster_3water__cooperative,mobley_2727678,static_thole,790.0077636111245,44.14484795992883,157.9560379667493,3.5781307506173583,cooperative,3
canonical_p3__mobley_2727678__cluster_3water__equilibrium,mobley_2727678,static_thole,329.1749280814242,22.147715442277846,126.8051407826665,5.725427577988823,equilibrium,3
canonical_p3__mobley_2727678__cluster_3water__orientation,mobley_2727678,static_thole,110.9241151928325,8.231768862941264,74.25544571765025,9.020594109723131,orientation,3
canonical_p3__mobley_3047364__cluster_3water__compressed,mobley_3047364,static_thole,9.056763430987395,14.59750427642459,27.787906623010212,1.9036066780188252,compressed,3
canonical_p3__mobley_3047364__cluster_3water__cooperative,mobley_3047364,static_thole,4.314787075311364,21.22261984519069,33.256884114067596,1.5670489485587247,cooperative,3
canonical_p3__mobley_3047364__cluster_3water__equilibrium,mobley_3047364,static_thole,3.44938982407098,9.363560745634453,17.190600242452483,1.8359041725090754,equilibrium,3
canonical_p3__mobley_3047364__cluster_3water__orientation,mobley_3047364,static_thole,59.64068375464391,20.42479533591619,41.381638255328674,2.0260491023163745,orientation,3
canonical_p3__mobley_3709920__cluster_3water__compressed,mobley_3709920,static_thole,3.3153581554922753,23.592155068400874,42.79626730357548,1.8140041543257077,compressed,3
canonical_p3__mobley_3709920__cluster_3water__cooperative,mobley_3709920,static_thole,5.308709551965553,26.04074572653591,40.04520819954494,1.5377903774367825,cooperative,3
canonical_p3__mobley_3709920__cluster_3water__equilibrium,mobley_3709920,static_thole,32.67654967619659,46.67658685189348,90.422640364575,1.9372162033074387,equilibrium,3
canonical_p3__mobley_3709920__cluster_3water__orientation,mobley_3709920,static_thole,5.257200054930056,10.820847711688883,13.919705312458031,1.2863784504999274,orientation,3
canonical_p3__mobley_3777264__cluster_3water__compressed,mobley_3777264,static_thole,2.6336649276029442,4.59974067029267,21.122240500810005,4.592050294754128,compressed,3
canonical_p3__mobley_3777264__cluster_3water__cooperative,mobley_3777264,static_thole,108.38775667921907,26.946391710223246,87.23852495192065,3.237484479928459,cooperative,3
canonical_p3__mobley_3777264__cluster_3water__equilibrium,mobley_3777264,static_thole,43.684048515998164,11.736557868767639,68.76872631433778,5.859360732786865,equilibrium,3
canonical_p3__mobley_3777264__cluster_3water__orientation,mobley_3777264,static_thole,41.10161234831536,20.955332771384178,58.31767264548662,2.7829513986589163,orientation,3
canonical_p3__mobley_4479135__cluster_3water__compressed,mobley_4479135,static_thole,1222.090253243913,106.52862193942761,320.68610286571936,3.010328088615115,compressed,3
canonical_p3__mobley_4479135__cluster_3water__cooperative,mobley_4479135,static_thole,145.6473676319237,28.544295379763664,64.68783415175982,2.266226343692475,cooperative,3
canonical_p3__mobley_4479135__cluster_3water__equilibrium,mobley_4479135,static_thole,35.17534288823174,23.474783671976446,48.339964383495534,2.0592293866887665,equilibrium,3
canonical_p3__mobley_4479135__cluster_3water__orientation,mobley_4479135,static_thole,292.8404285026745,45.13389294782964,90.31980841914653,2.0011526265537825,orientation,3
canonical_p3__mobley_4934872__cluster_3water__compressed,mobley_4934872,static_thole,9981.806297801277,208.83635117883657,483.05094097641023,2.313059667293031,compressed,3
canonical_p3__mobley_4934872__cluster_3water__cooperative,mobley_4934872,static_thole,193.60899765661733,34.6226148490605,65.58241028516196,1.894207314238762,cooperative,3
canonical_p3__mobley_4934872__cluster_3water__equilibrium,mobley_4934872,static_thole,388.71636031131237,36.68402594713267,98.12083784046263,2.674756527047219,equilibrium,3
canonical_p3__mobley_4934872__cluster_3water__orientation,mobley_4934872,static_thole,61.181809466115595,17.2823839685731,41.72184051327912,2.41412530754713,orientation,3
canonical_p3__mobley_5200358__cluster_3water__compressed,mobley_5200358,static_thole,12.966712366191919,5.039385105565756,24.927586573026133,4.946553210528566,compressed,3
canonical_p3__mobley_5200358__cluster_3water__cooperative,mobley_5200358,static_thole,20.944607437138867,16.43999957255672,31.965104365877995,1.9443494645363204,cooperative,3
canonical_p3__mobley_5200358__cluster_3water__equilibrium,mobley_5200358,static_thole,79.46583680036147,24.101631362309515,59.79369573946765,2.4808982778225506,equilibrium,3
canonical_p3__mobley_5200358__cluster_3water__orientation,mobley_5200358,static_thole,2.3624134373350025,6.208067423682644,15.286743648107759,2.46239974614187,orientation,3
canonical_p3__mobley_6239320__cluster_3water__compressed,mobley_6239320,static_thole,885.9424097152187,44.98247685358292,199.47836734058063,4.43457944723406,compressed,3
canonical_p3__mobley_6239320__cluster_3water__cooperative,mobley_6239320,static_thole,14.48900959791643,12.829349761011114,39.87578445802238,3.108168784922087,cooperative,3
canonical_p3__mobley_6239320__cluster_3water__equilibrium,mobley_6239320,static_thole,74.86970827254834,24.257655668283093,78.1513204566178,3.221717775423811,equilibrium,3
canonical_p3__mobley_6239320__cluster_3water__orientation,mobley_6239320,static_thole,307.5250395975127,37.67130675725885,117.41209025154026,3.1167511923094158,orientation,3
canonical_p3__mobley_7578802__cluster_3water__compressed,mobley_7578802,static_thole,44.194894794617255,6.340755791453906,42.996269026736364,6.780937547648011,compressed,3
canonical_p3__mobley_7578802__cluster_3water__cooperative,mobley_7578802,static_thole,16.805405219919777,17.098227658368753,24.80282802945193,1.4506081288087278,cooperative,3
canonical_p3__mobley_7578802__cluster_3water__equilibrium,mobley_7578802,static_thole,15.234917037795737,3.4827877315572424,23.59490829213743,6.77471902130181,equilibrium,3
canonical_p3__mobley_7578802__cluster_3water__orientation,mobley_7578802,static_thole,37.032581573080925,4.20904006524921,36.612111738132356,8.698446954784359,orientation,3
canonical_p3__mobley_8337722__cluster_3water__compressed,mobley_8337722,static_thole,4.978698239353142,19.098778887629038,40.28512189842274,2.1093035390088137,compressed,3
canonical_p3__mobley_8337722__cluster_3water__cooperative,mobley_8337722,static_thole,5.584074686764201,12.51434221315645,28.044179995557748,2.240963169927911,cooperative,3
canonical_p3__mobley_8337722__cluster_3water__equilibrium,mobley_8337722,static_thole,0.1817456920920095,6.325043279133121,17.26826858537004,2.7301423600277315,equilibrium,3
canonical_p3__mobley_8337722__cluster_3water__orientation,mobley_8337722,static_thole,48.76585259615097,12.784041562438786,36.89226857790875,2.8858063702094925,orientation,3
canonical_p3__mobley_9007496__cluster_3water__compressed,mobley_9007496,static_thole,533.3846831344684,41.29612915179115,190.61480309851743,4.615803151861506,compressed,3
canonical_p3__mobley_9007496__cluster_3water__cooperative,mobley_9007496,static_thole,142.7743771505979,29.484542448087808,71.50251699712736,2.425084843118011,cooperative,3
canonical_p3__mobley_9007496__cluster_3water__equilibrium,mobley_9007496,static_thole,12140.672066730009,145.93810808889484,783.5931761378913,5.369352709852751,equilibrium,3
canonical_p3__mobley_9007496__cluster_3water__orientation,mobley_9007496,static_thole,89.01096973858863,17.784635891561237,70.91923486337706,3.9876686425178964,orientation,3
canonical_p3__mobley_9460824__cluster_3water__compressed,mobley_9460824,static_thole,207.83241578488992,41.414409599857684,81.01107430689696,1.9561083953536633,compressed,3
canonical_p3__mobley_9460824__cluster_3water__cooperative,mobley_9460824,static_thole,31.87276604652554,19.35305764682675,37.034298468799825,1.913614848084339,cooperative,3
canonical_p3__mobley_9460824__cluster_3water__equilibrium,mobley_9460824,static_thole,16.49702636885632,12.47992405517961,21.84206428759065,1.7501760580446335,equilibrium,3
canonical_p3__mobley_9460824__cluster_3water__orientation,mobley_9460824,static_thole,157.17344513499867,31.820189058963212,76.82483750240758,2.4143425848303477,orientation,3
canonical_p3__mobley_9534740__cluster_3water__compressed,mobley_9534740,static_thole,262.18795257292396,33.390797637588406,95.41426145769026,2.857501713294843,compressed,3
canonical_p3__mobley_9534740__cluster_3water__cooperative,mobley_9534740,static_thole,18.536646198257042,9.544533563071171,27.476216829717487,2.8787385625659,cooperative,3
canonical_p3__mobley_9534740__cluster_3water__equilibrium,mobley_9534740,static_thole,76.06180377500377,12.57513034537969,49.57660444121321,3.942432649171583,equilibrium,3
canonical_p3__mobley_9534740__cluster_3water__orientation,mobley_9534740,static_thole,46.77593604198419,8.6547890940938,36.48519155280924,4.215607238506536,orientation,3
canonical_p3__mobley_9741965__cluster_3water__compressed,mobley_9741965,static_thole,1483.6818107824536,73.21022868285425,269.4264529595385,3.680174994763236,compressed,3
canonical_p3__mobley_9741965__cluster_3water__cooperative,mobley_9741965,static_thole,6.388966966142447,9.682000921421913,22.628557812315005,2.337177820573037,cooperative,3
canonical_p3__mobley_9741965__cluster_3water__equilibrium,mobley_9741965,static_thole,27.845840806068868,8.599691943991097,29.080581280345637,3.3815840694927735,equilibrium,3
canonical_p3__mobley_9741965__cluster_3water__orientation,mobley_9741965,static_thole,0.9096727137545154,5.752102653905714,18.460197255131007,3.209295516066011,orientation,3
canonical_p3__mobley_1278715__cluster_3water__compressed,mobley_1278715,zero_response,0.01153151525047779,1.0,1.9284949544780459,1.9284949544780459,compressed,3
canonical_p3__mobley_1278715__cluster_3water__cooperative,mobley_1278715,zero_response,0.042264770493877994,1.0,1.4284347635785704,1.4284347635785704,cooperative,3
canonical_p3__mobley_1278715__cluster_3water__equilibrium,mobley_1278715,zero_response,0.7527737147981647,1.0,5.403935603317858,5.403935603317858,equilibrium,3
canonical_p3__mobley_1278715__cluster_3water__orientation,mobley_1278715,zero_response,0.09684498276041176,1.0,2.824798495022133,2.824798495022133,orientation,3
canonical_p3__mobley_1352110__cluster_3water__compressed,mobley_1352110,zero_response,0.2836944369954797,1.0,2.2702276024774535,2.2702276024774535,compressed,3
canonical_p3__mobley_1352110__cluster_3water__cooperative,mobley_1352110,zero_response,0.11506522951473681,1.0,1.652260402393785,1.652260402393785,cooperative,3
canonical_p3__mobley_1352110__cluster_3water__equilibrium,mobley_1352110,zero_response,0.14782486977376277,1.0,1.8007114064644028,1.8007114064644028,equilibrium,3
canonical_p3__mobley_1352110__cluster_3water__orientation,mobley_1352110,zero_response,0.0790902434722569,1.0,1.751270541986552,1.751270541986552,orientation,3
canonical_p3__mobley_1723043__cluster_3water__compressed,mobley_1723043,zero_response,0.3456715041541356,1.0,3.2953486215342838,3.2953486215342838,compressed,3
canonical_p3__mobley_1723043__cluster_3water__cooperative,mobley_1723043,zero_response,0.10797033283038875,1.0,2.217344196767123,2.217344196767123,cooperative,3
canonical_p3__mobley_1723043__cluster_3water__equilibrium,mobley_1723043,zero_response,0.046100321100947195,1.0,1.3792533562085187,1.3792533562085187,equilibrium,3
canonical_p3__mobley_1723043__cluster_3water__orientation,mobley_1723043,zero_response,0.046778429672978905,1.0,1.6169825489842318,1.6169825489842318,orientation,3
canonical_p3__mobley_172879__cluster_3water__compressed,mobley_172879,zero_response,0.38682406505123623,1.0,3.3081916921525,3.3081916921525,compressed,3
canonical_p3__mobley_172879__cluster_3water__cooperative,mobley_172879,zero_response,0.2835479837135649,1.0,2.8447739667871303,2.8447739667871303,cooperative,3
canonical_p3__mobley_172879__cluster_3water__equilibrium,mobley_172879,zero_response,0.45799172650311215,1.0,2.943727893292037,2.943727893292037,equilibrium,3
canonical_p3__mobley_172879__cluster_3water__orientation,mobley_172879,zero_response,0.18106944472753717,1.0,2.1421005750106734,2.1421005750106734,orientation,3
canonical_p3__mobley_2261979__cluster_3water__compressed,mobley_2261979,zero_response,0.2820190715681458,1.0,3.0356516945266447,3.0356516945266447,compressed,3
canonical_p3__mobley_2261979__cluster_3water__cooperative,mobley_2261979,zero_response,0.20454730815407787,1.0,2.8877744802678933,2.8877744802678933,cooperative,3
canonical_p3__mobley_2261979__cluster_3water__equilibrium,mobley_2261979,zero_response,1.1666683295382987,1.0,5.768685223221664,5.768685223221664,equilibrium,3
canonical_p3__mobley_2261979__cluster_3water__orientation,mobley_2261979,zero_response,0.03814863761827433,1.0,1.8799583896785397,1.8799583896785397,orientation,3
canonical_p3__mobley_2689721__cluster_3water__compressed,mobley_2689721,zero_response,0.19996157116832447,1.0,2.7320309400597846,2.7320309400597846,compressed,3
canonical_p3__mobley_2689721__cluster_3water__cooperative,mobley_2689721,zero_response,0.13406443493196216,1.0,2.299823076855297,2.299823076855297,cooperative,3
canonical_p3__mobley_2689721__cluster_3water__equilibrium,mobley_2689721,zero_response,0.10459116218930488,1.0,2.6129890240435447,2.6129890240435447,equilibrium,3
canonical_p3__mobley_2689721__cluster_3water__orientation,mobley_2689721,zero_response,0.024238873124753837,1.0,1.7189686641205357,1.7189686641205357,orientation,3
canonical_p3__mobley_2727678__cluster_3water__compressed,mobley_2727678,zero_response,0.19297508603887878,1.0,3.115755731942069,3.115755731942069,compressed,3
canonical_p3__mobley_2727678__cluster_3water__cooperative,mobley_2727678,zero_response,0.52745232769417,1.0,3.5781307506173583,3.5781307506173583,cooperative,3
canonical_p3__mobley_2727678__cluster_3water__equilibrium,mobley_2727678,zero_response,0.4756499198879633,1.0,5.725427577988823,5.725427577988823,equilibrium,3
canonical_p3__mobley_2727678__cluster_3water__orientation,mobley_2727678,zero_response,0.09628613950566427,1.0,9.020594109723131,9.020594109723131,orientation,3
canonical_p3__mobley_3047364__cluster_3water__compressed,mobley_3047364,zero_response,0.16382051874958134,1.0,1.9036066780188252,1.9036066780188252,compressed,3
canonical_p3__mobley_3047364__cluster_3water__cooperative,mobley_3047364,zero_response,0.15098781814984202,1.0,1.5670489485587247,1.5670489485587247,cooperative,3
canonical_p3__mobley_3047364__cluster_3water__equilibrium,mobley_3047364,zero_response,0.021171258451572056,1.0,1.8359041725090754,1.8359041725090754,equilibrium,3
canonical_p3__mobley_3047364__cluster_3water__orientation,mobley_3047364,zero_response,0.044479585455236746,1.0,2.0260491023163745,2.0260491023163745,orientation,3
canonical_p3__mobley_3709920__cluster_3water__compressed,mobley_3709920,zero_response,0.13359217740954435,1.0,1.8140041543257077,1.8140041543257077,compressed,3
canonical_p3__mobley_3709920__cluster_3water__cooperative,mobley_3709920,zero_response,0.11184511232726844,1.0,1.5377903774367825,1.5377903774367825,cooperative,3
canonical_p3__mobley_3709920__cluster_3water__equilibrium,mobley_3709920,zero_response,0.16695247614175032,1.0,1.9372162033074387,1.9372162033074387,equilibrium,3
canonical_p3__mobley_3709920__cluster_3water__orientation,mobley_3709920,zero_response,0.04313113982810626,1.0,1.2863784504999274,1.2863784504999274,orientation,3
canonical_p3__mobley_3777264__cluster_3water__compressed,mobley_3777264,zero_response,0.997413994950787,1.0,4.592050294754128,4.592050294754128,compressed,3
canonical_p3__mobley_3777264__cluster_3water__cooperative,mobley_3777264,zero_response,0.19200713792934443,1.0,3.237484479928459,3.237484479928459,cooperative,3
canonical_p3__mobley_3777264__cluster_3water__equilibrium,mobley_3777264,zero_response,0.5873475994949965,1.0,5.859360732786865,5.859360732786865,equilibrium,3
canonical_p3__mobley_3777264__cluster_3water__orientation,mobley_3777264,zero_response,0.037089323418645924,1.0,2.7829513986589163,2.7829513986589163,orientation,3
canonical_p3__mobley_4479135__cluster_3water__compressed,mobley_4479135,zero_response,0.4566822956289396,1.0,3.010328088615115,3.010328088615115,compressed,3
canonical_p3__mobley_4479135__cluster_3water__cooperative,mobley_4479135,zero_response,0.20755076537869913,1.0,2.266226343692475,2.266226343692475,cooperative,3
canonical_p3__mobley_4479135__cluster_3water__equilibrium,mobley_4479135,zero_response,0.06200814161030619,1.0,2.0592293866887665,2.0592293866887665,equilibrium,3
canonical_p3__mobley_4479135__cluster_3water__orientation,mobley_4479135,zero_response,0.132479949507404,1.0,2.0011526265537825,2.0011526265537825,orientation,3
canonical_p3__mobley_4934872__cluster_3water__compressed,mobley_4934872,zero_response,0.12873263730444154,1.0,2.313059667293031,2.313059667293031,compressed,3
canonical_p3__mobley_4934872__cluster_3water__cooperative,mobley_4934872,zero_response,0.11043338580594879,1.0,1.894207314238762,1.894207314238762,cooperative,3
canonical_p3__mobley_4934872__cluster_3water__equilibrium,mobley_4934872,zero_response,0.2302034220008304,1.0,2.674756527047219,2.674756527047219,equilibrium,3
canonical_p3__mobley_4934872__cluster_3water__orientation,mobley_4934872,zero_response,0.08106981652723401,1.0,2.41412530754713,2.41412530754713,orientation,3
canonical_p3__mobley_5200358__cluster_3water__compressed,mobley_5200358,zero_response,1.2465685115100664,1.0,4.946553210528566,4.946553210528566,compressed,3
canonical_p3__mobley_5200358__cluster_3water__cooperative,mobley_5200358,zero_response,0.20755937620247134,1.0,1.9443494645363204,1.9443494645363204,cooperative,3
canonical_p3__mobley_5200358__cluster_3water__equilibrium,mobley_5200358,zero_response,0.18191187223679095,1.0,2.4808982778225506,2.4808982778225506,equilibrium,3
canonical_p3__mobley_5200358__cluster_3water__orientation,mobley_5200358,zero_response,0.07216788535886332,1.0,2.46239974614187,2.46239974614187,orientation,3
canonical_p3__mobley_6239320__cluster_3water__compressed,mobley_6239320,zero_response,0.5536715938946717,1.0,4.43457944723406,4.43457944723406,compressed,3
canonical_p3__mobley_6239320__cluster_3water__cooperative,mobley_6239320,zero_response,0.026633978446996647,1.0,3.108168784922087,3.108168784922087,cooperative,3
canonical_p3__mobley_6239320__cluster_3water__equilibrium,mobley_6239320,zero_response,0.037415435341415434,1.0,3.221717775423811,3.221717775423811,equilibrium,3
canonical_p3__mobley_6239320__cluster_3water__orientation,mobley_6239320,zero_response,0.17596400222721112,1.0,3.1167511923094158,3.1167511923094158,orientation,3
canonical_p3__mobley_7578802__cluster_3water__compressed,mobley_7578802,zero_response,0.7751251362958459,1.0,6.780937547648011,6.780937547648011,compressed,3
canonical_p3__mobley_7578802__cluster_3water__cooperative,mobley_7578802,zero_response,0.04802883741941357,1.0,1.4506081288087278,1.4506081288087278,cooperative,3
canonical_p3__mobley_7578802__cluster_3water__equilibrium,mobley_7578802,zero_response,0.9125159078073866,1.0,6.77471902130181,6.77471902130181,equilibrium,3
canonical_p3__mobley_7578802__cluster_3water__orientation,mobley_7578802,zero_response,1.575916704709492,1.0,8.698446954784359,8.698446954784359,orientation,3
canonical_p3__mobley_8337722__cluster_3water__compressed,mobley_8337722,zero_response,0.1867039883724538,1.0,2.1093035390088137,2.1093035390088137,compressed,3
canonical_p3__mobley_8337722__cluster_3water__cooperative,mobley_8337722,zero_response,0.21694864512284795,1.0,2.240963169927911,2.240963169927911,cooperative,3
canonical_p3__mobley_8337722__cluster_3water__equilibrium,mobley_8337722,zero_response,0.0306630276384052,1.0,2.7301423600277315,2.7301423600277315,equilibrium,3
canonical_p3__mobley_8337722__cluster_3water__orientation,mobley_8337722,zero_response,0.2099159124468717,1.0,2.8858063702094925,2.8858063702094925,orientation,3
canonical_p3__mobley_9007496__cluster_3water__compressed,mobley_9007496,zero_response,0.6940260998360732,1.0,4.615803151861506,4.615803151861506,compressed,3
canonical_p3__mobley_9007496__cluster_3water__cooperative,mobley_9007496,zero_response,0.17868117962639785,1.0,2.425084843118011,2.425084843118011,cooperative,3
canonical_p3__mobley_9007496__cluster_3water__equilibrium,mobley_9007496,zero_response,0.7162293060287191,1.0,5.369352709852751,5.369352709852751,equilibrium,3
canonical_p3__mobley_9007496__cluster_3water__orientation,mobley_9007496,zero_response,0.12448280216555797,1.0,3.9876686425178964,3.9876686425178964,orientation,3
canonical_p3__mobley_9460824__cluster_3water__compressed,mobley_9460824,zero_response,0.14373863399501952,1.0,1.9561083953536633,1.9561083953536633,compressed,3
canonical_p3__mobley_9460824__cluster_3water__cooperative,mobley_9460824,zero_response,0.10026506227423726,1.0,1.913614848084339,1.913614848084339,cooperative,3
canonical_p3__mobley_9460824__cluster_3water__equilibrium,mobley_9460824,zero_response,0.04215188475297915,1.0,1.7501760580446335,1.7501760580446335,equilibrium,3
canonical_p3__mobley_9460824__cluster_3water__orientation,mobley_9460824,zero_response,0.391574519586469,1.0,2.4143425848303477,2.4143425848303477,orientation,3
canonical_p3__mobley_9534740__cluster_3water__compressed,mobley_9534740,zero_response,0.2911203608715815,1.0,2.857501713294843,2.857501713294843,compressed,3
canonical_p3__mobley_9534740__cluster_3water__cooperative,mobley_9534740,zero_response,0.1274488398449606,1.0,2.8787385625659,2.8787385625659,cooperative,3
canonical_p3__mobley_9534740__cluster_3water__equilibrium,mobley_9534740,zero_response,0.2055034719321104,1.0,3.942432649171583,3.942432649171583,equilibrium,3
canonical_p3__mobley_9534740__cluster_3water__orientation,mobley_9534740,zero_response,0.5924461971213025,1.0,4.215607238506536,4.215607238506536,orientation,3
canonical_p3__mobley_9741965__cluster_3water__compressed,mobley_9741965,zero_response,0.536657400476089,1.0,3.680174994763236,3.680174994763236,compressed,3
canonical_p3__mobley_9741965__cluster_3water__cooperative,mobley_9741965,zero_response,0.29797482743794207,1.0,2.337177820573037,2.337177820573037,cooperative,3
canonical_p3__mobley_9741965__cluster_3water__equilibrium,mobley_9741965,zero_response,0.15622222685680187,1.0,3.3815840694927735,3.3815840694927735,equilibrium,3
canonical_p3__mobley_9741965__cluster_3water__orientation,mobley_9741965,zero_response,0.03552924549795921,1.0,3.209295516066011,3.209295516066011,orientation,3
